# Exported from MakeClothes (TM)
# author MRT
# license CC0
# homepage http://www.makehuman.org/
v 0.1340 7.1053 1.4360
v 0.0915 7.1066 1.4479
v 0.0909 7.0499 1.4390
v 0.1330 7.0487 1.4273
v 0.1360 7.2000 1.4452
v 0.0925 7.1994 1.4575
v 0.1814 7.2022 1.4269
v 0.1790 7.1063 1.4186
v 0.1777 7.0497 1.4103
v 0.0510 7.0526 1.4466
v 0.0510 7.1094 1.4554
v 0.0118 7.1114 1.4595
v 0.0122 7.0546 1.4508
v 0.0509 7.2023 1.4649
v 0.0106 7.2040 1.4687
v 0.0933 7.2892 1.4576
v 0.0503 7.2916 1.4649
v 0.0088 7.2931 1.4684
v 0.0490 7.3687 1.4556
v 0.0067 7.3700 1.4587
v 0.0928 7.3668 1.4484
v 0.1847 7.2896 1.4256
v 0.1382 7.2867 1.4450
v 0.1386 7.3646 1.4356
v 0.1862 7.3630 1.4156
v 0.3820 7.1096 1.3174
v 0.3271 7.1153 1.3522
v 0.3268 7.0564 1.3476
v 0.3821 7.0493 1.3138
v 0.2759 7.1132 1.3755
v 0.2750 7.0556 1.3696
v 0.3278 7.2117 1.3327
v 0.2777 7.2096 1.3701
v 0.3795 7.2083 1.2886
v 0.2264 7.1093 1.3966
v 0.2252 7.0524 1.3893
v 0.2288 7.2057 1.4011
v 0.2816 7.2967 1.3624
v 0.2326 7.2932 1.3982
v 0.2348 7.3666 1.3873
v 0.2841 7.3696 1.3506
v 0.3807 7.2948 1.2703
v 0.3310 7.2981 1.3192
v 0.3333 7.3706 1.3067
v 0.3816 7.3675 1.2576
v 0.5560 6.9975 1.0869
v 0.5588 7.0416 1.0783
v 0.5377 7.0495 1.1058
v 0.5357 6.9978 1.1126
v 0.4942 7.0751 1.1674
v 0.4933 7.0175 1.1701
v 0.5332 7.1387 1.1065
v 0.4881 7.1730 1.1642
v 0.5538 7.1240 1.0735
v 0.4393 7.0950 1.2537
v 0.4394 7.0345 1.2516
v 0.4341 7.1950 1.2327
v 0.4810 7.2624 1.1540
v 0.4312 7.2835 1.2147
v 0.4286 7.3577 1.2046
v 0.4732 7.3400 1.1481
v 0.5427 7.2131 1.0719
v 0.5226 7.2295 1.1008
v 0.5105 7.3131 1.0990
v 0.5285 7.3009 1.0710
v 0.1850 7.4408 1.4034
v 0.1369 7.4422 1.4236
v 0.0908 7.4440 1.4364
v 0.1334 7.5243 1.4095
v 0.0878 7.5259 1.4221
v 0.1811 7.5225 1.3896
v 0.0469 7.4455 1.4432
v 0.0044 7.4464 1.4459
v 0.0443 7.5269 1.4288
v 0.0022 7.5276 1.4312
v 0.0844 7.6047 1.4021
v 0.0418 7.6056 1.4086
v 0.0006 7.6061 1.4108
v 0.0401 7.6728 1.3809
v 0.0002 7.6733 1.3827
v 0.0815 7.6719 1.3748
v 0.1755 7.6012 1.3708
v 0.1291 7.6032 1.3899
v 0.1246 7.6703 1.3633
v 0.1691 7.6681 1.3455
v 0.3802 7.4397 1.2478
v 0.3325 7.4424 1.2957
v 0.2834 7.4415 1.3388
v 0.3277 7.5181 1.2860
v 0.2791 7.5178 1.3270
v 0.3743 7.5152 1.2404
v 0.2342 7.4390 1.3750
v 0.2300 7.5204 1.3619
v 0.2709 7.5953 1.3114
v 0.2231 7.5985 1.3445
v 0.2145 7.6652 1.3209
v 0.2598 7.6616 1.2900
v 0.3629 7.5877 1.2301
v 0.3179 7.5913 1.2728
v 0.3041 7.6569 1.2537
v 0.3463 7.6512 1.2137
v 0.5138 7.3896 1.0737
v 0.4979 7.3981 1.0997
v 0.4647 7.4178 1.1456
v 0.4848 7.4826 1.0995
v 0.4550 7.4975 1.1432
v 0.4985 7.4759 1.0742
v 0.4245 7.4317 1.1970
v 0.4173 7.5082 1.1921
v 0.4408 7.5720 1.1374
v 0.4045 7.5808 1.1844
v 0.3855 7.6448 1.1705
v 0.4198 7.6365 1.1257
v 0.4800 7.5530 1.0703
v 0.4682 7.5592 1.0950
v 0.4452 7.6241 1.0848
v 0.4560 7.6178 1.0611
v 0.1189 7.7228 1.3304
v 0.0781 7.7246 1.3410
v 0.1118 7.7616 1.2944
v 0.0738 7.7635 1.3042
v 0.1506 7.7592 1.2794
v 0.1608 7.7204 1.3140
v 0.0387 7.7256 1.3466
v 0.0006 7.7260 1.3483
v 0.0369 7.7646 1.3094
v 0.0011 7.7650 1.3110
v 0.0693 7.7925 1.2667
v 0.0351 7.7935 1.2714
v 0.0017 7.7938 1.2729
v 0.0334 7.8165 1.2338
v 0.0025 7.8168 1.2351
v 0.0648 7.8156 1.2298
v 0.1399 7.7889 1.2444
v 0.1043 7.7909 1.2579
v 0.0968 7.8141 1.2225
v 0.1292 7.8124 1.2110
v 0.2863 7.7089 1.2293
v 0.2454 7.7134 1.2627
v 0.2658 7.7499 1.2019
v 0.2282 7.7534 1.2326
v 0.3017 7.7456 1.1674
v 0.3253 7.7038 1.1918
v 0.2033 7.7173 1.2913
v 0.1896 7.7565 1.2587
v 0.2108 7.7843 1.2024
v 0.1755 7.7867 1.2259
v 0.1618 7.8105 1.1949
v 0.1940 7.8085 1.1743
v 0.2784 7.7778 1.1430
v 0.2451 7.7814 1.1745
v 0.2257 7.8059 1.1495
v 0.2561 7.8025 1.1209
v 0.4175 7.6772 1.0699
v 0.3940 7.6897 1.1088
v 0.3874 7.7190 1.0524
v 0.3657 7.7317 1.0892
v 0.3968 7.7117 1.0319
v 0.4275 7.6704 1.0476
v 0.3617 7.6981 1.1512
v 0.3357 7.7404 1.1293
v 0.3370 7.7635 1.0701
v 0.3096 7.7729 1.1079
v 0.2845 7.7966 1.0885
v 0.3099 7.7857 1.0533
v 0.3661 7.7419 1.0166
v 0.3572 7.7497 1.0355
v 0.3288 7.7697 1.0208
v 0.3372 7.7617 1.0033
v 0.1182 7.8320 1.1788
v 0.0888 7.8336 1.1877
v 0.0598 7.8349 1.1930
v 0.0795 7.8499 1.1526
v 0.0538 7.8510 1.1557
v 0.1059 7.8487 1.1467
v 0.0314 7.8358 1.1958
v 0.0033 7.8361 1.1968
v 0.0287 7.8517 1.1571
v 0.0040 7.8519 1.1575
v 0.0466 7.8627 1.1188
v 0.0252 7.8629 1.1190
v 0.0043 7.8630 1.1189
v 0.0212 7.8696 1.0837
v 0.0043 7.8695 1.0833
v 0.0387 7.8698 1.0841
v 0.0919 7.8615 1.1141
v 0.0688 7.8622 1.1175
v 0.0573 7.8700 1.0839
v 0.0771 7.8701 1.0822
v 0.2068 7.8257 1.1270
v 0.1777 7.8283 1.1485
v 0.1870 7.8426 1.1056
v 0.1602 7.8452 1.1235
v 0.2130 7.8386 1.0831
v 0.2346 7.8221 1.1014
v 0.1479 7.8303 1.1658
v 0.1329 7.8472 1.1372
v 0.1409 7.8591 1.0979
v 0.1161 7.8606 1.1078
v 0.0983 7.8699 1.0783
v 0.1205 7.8692 1.0713
v 0.1906 7.8526 1.0644
v 0.1658 7.8567 1.0836
v 0.1436 7.8675 1.0605
v 0.1671 7.8642 1.0446
v 0.3108 7.7784 0.9920
v 0.3028 7.7866 1.0083
v 0.2849 7.8027 1.0386
v 0.2785 7.8031 0.9969
v 0.2611 7.8184 1.0251
v 0.2863 7.7948 0.9817
v 0.2609 7.8156 1.0716
v 0.2381 7.8316 1.0559
v 0.2374 7.8315 1.0114
v 0.2149 7.8454 1.0399
v 0.1907 7.8574 1.0228
v 0.2130 7.8428 0.9962
v 0.2622 7.8074 0.9706
v 0.2546 7.8161 0.9849
v 0.2300 7.8265 0.9711
v 0.2377 7.8171 0.9577
v 0.0463 7.8742 1.0522
v 0.0312 7.8735 1.0521
v 0.0370 7.8754 1.0219
v 0.0249 7.8746 1.0220
v 0.0505 7.8763 1.0211
v 0.0628 7.8749 1.0514
v 0.0172 7.8730 1.0517
v 0.0039 7.8728 1.0513
v 0.0139 7.8741 1.0219
v 0.0036 7.8739 1.0216
v 0.0115 7.8725 0.9925
v 0.0201 7.8728 0.9923
v 0.0164 7.8673 0.9624
v 0.0095 7.8673 0.9629
v 0.0036 7.8723 0.9924
v 0.0034 7.8672 0.9629
v 0.0405 7.8739 0.9906
v 0.0298 7.8733 0.9917
v 0.0243 7.8672 0.9614
v 0.0327 7.8671 0.9600
v 0.1426 7.8721 1.0228
v 0.1210 7.8745 1.0357
v 0.1003 7.8754 1.0439
v 0.0988 7.8772 1.0092
v 0.0814 7.8775 1.0155
v 0.1178 7.8754 0.9986
v 0.0809 7.8754 1.0488
v 0.0653 7.8770 1.0192
v 0.0520 7.8745 0.9890
v 0.0644 7.8750 0.9862
v 0.0494 7.8675 0.9566
v 0.0411 7.8673 0.9586
v 0.0780 7.8749 0.9814
v 0.0934 7.8734 0.9727
v 0.0586 7.8673 0.9531
v 0.0699 7.8655 0.9462
v 0.2120 7.8240 0.9426
v 0.2043 7.8342 0.9550
v 0.1872 7.8516 0.9786
v 0.1769 7.8378 0.9371
v 0.1599 7.8558 0.9588
v 0.1848 7.8270 0.9261
v 0.1653 7.8660 1.0034
v 0.1387 7.8702 0.9816
v 0.1311 7.8536 0.9376
v 0.1114 7.8680 0.9579
v 0.0845 7.8593 0.9338
v 0.1017 7.8448 0.9165
v 0.1557 7.8248 0.9094
v 0.1477 7.8359 0.9185
v 0.1171 7.8277 0.9009
v 0.1251 7.8171 0.8941
v 0.0180 7.8352 0.9038
v 0.0203 7.8552 0.9312
v 0.0275 7.8541 0.9298
v 0.0257 7.8324 0.9029
v 0.0134 7.8561 0.9325
v 0.0111 7.8370 0.9048
v 0.0032 7.8565 0.9332
v 0.0078 7.8565 0.9331
v 0.0062 7.8378 0.9054
v 0.0027 7.8379 0.9055
v 0.0019 7.8114 0.8873
v 0.0045 7.8112 0.8872
v 0.0088 7.8102 0.8870
v 0.0162 7.8068 0.8866
v 0.0256 7.8006 0.8856
v 0.0306 7.8312 0.8998
v 0.0421 7.8536 0.9255
v 0.0489 7.8512 0.9203
v 0.0328 7.8284 0.8961
v 0.0376 7.8540 0.9278
v 0.0310 7.8315 0.9014
v 0.0334 7.8538 0.9289
v 0.0305 7.8311 0.9021
v 0.0314 7.7983 0.8823
v 0.0322 7.7601 0.8744
v 0.0291 7.7988 0.8804
v 0.0282 7.7605 0.8685
v 0.0196 7.7609 0.8655
v 0.0238 7.7987 0.8786
v 0.0215 7.7967 0.8761
v 0.0143 7.7602 0.8635
v 0.0608 7.7962 0.8727
v 0.0872 7.8144 0.8855
v 0.0948 7.8050 0.8810
v 0.0676 7.7885 0.8708
v 0.0736 7.8299 0.8970
v 0.0498 7.8090 0.8799
v 0.0394 7.8211 0.8891
v 0.0596 7.8438 0.9105
v 0.0244 7.7912 0.8719
v 0.0145 7.7573 0.8615
v 0.0314 7.7825 0.8669
v 0.0189 7.7523 0.8596
v 0.0248 7.7472 0.8594
v 0.0397 7.7734 0.8638
v 0.0453 7.7680 0.8640
v 0.0291 7.7444 0.8612
v 0.0250 7.7295 0.8914
v 0.0190 7.7082 0.8968
v 0.0004 7.6999 0.9108
v 0.0244 7.7254 0.8655
v 0.0152 7.7261 0.8611
v 0.0097 7.6989 0.8631
v 0.0162 7.6998 0.8706
v 0.0097 7.7262 0.8592
v 0.0063 7.6989 0.8604
v 0.0301 7.7257 0.8740
v 0.0214 7.7020 0.8803
v 0.0008 7.6772 0.8719
v 0.0045 7.6828 0.8696
v 0.0034 7.6811 0.8639
v 0.0009 7.6749 0.8656
v 0.0119 7.7227 0.8581
v 0.0159 7.7206 0.8594
v 0.0108 7.6974 0.8620
v 0.0082 7.6976 0.8602
v 0.0189 7.7200 0.8617
v 0.0125 7.6985 0.8644
v 0.0091 7.7251 0.8583
v 0.0063 7.6984 0.8598
v 0.0038 7.6807 0.8629
v 0.0009 7.6744 0.8644
v 0.0049 7.6806 0.8634
v 0.0009 7.6746 0.8648
v 0.0009 7.6759 0.8666
v 0.0062 7.6815 0.8652
v 0.0069 7.6836 0.8674
v 0.0009 7.6783 0.8686
v -0.0911 7.0499 1.4408
v -0.0916 7.1066 1.4499
v -0.1343 7.1053 1.4381
v -0.1333 7.0487 1.4291
v -0.1795 7.1063 1.4208
v -0.1783 7.0497 1.4123
v -0.1362 7.2001 1.4475
v -0.1819 7.2022 1.4293
v -0.0926 7.1994 1.4596
v -0.1383 7.2867 1.4473
v -0.1850 7.2896 1.4281
v -0.1387 7.3646 1.4378
v -0.1863 7.3630 1.4180
v -0.0933 7.2892 1.4597
v -0.0928 7.3668 1.4504
v -0.0509 7.2023 1.4668
v -0.0503 7.2916 1.4668
v -0.0490 7.3687 1.4573
v -0.0511 7.1094 1.4572
v -0.0511 7.0526 1.4483
v -0.3283 7.0566 1.3420
v -0.3287 7.1155 1.3471
v -0.3818 7.1118 1.3125
v -0.3817 7.0516 1.3081
v -0.3293 7.2118 1.3341
v -0.3813 7.2082 1.2966
v -0.2772 7.1133 1.3734
v -0.2788 7.2097 1.3716
v -0.2762 7.0557 1.3671
v -0.3324 7.2982 1.3225
v -0.3824 7.2942 1.2816
v -0.3345 7.3707 1.3098
v -0.3831 7.3673 1.2640
v -0.2826 7.2967 1.3653
v -0.2849 7.3696 1.3535
v -0.2295 7.2058 1.4037
v -0.2332 7.2932 1.4009
v -0.2353 7.3666 1.3900
v -0.2261 7.0525 1.3902
v -0.2273 7.1094 1.3978
v -0.5314 7.0602 1.1398
v -0.5461 6.9974 1.0819
v -0.5497 6.9483 1.0843
v -0.5266 6.9593 1.1218
v -0.5256 7.1414 1.1440
v -0.5468 7.1262 1.1101
v -0.4867 7.0807 1.1981
v -0.4839 7.1735 1.2022
v -0.4893 7.0242 1.1879
v -0.5182 7.2295 1.1372
v -0.5383 7.2131 1.1047
v -0.5079 7.3131 1.1235
v -0.5256 7.3009 1.0965
v -0.4779 7.2616 1.1907
v -0.4719 7.3398 1.1741
v -0.4334 7.1954 1.2562
v -0.4312 7.2824 1.2407
v -0.4295 7.3571 1.2218
v -0.4353 7.0397 1.2546
v -0.4355 7.0993 1.2684
v -0.1369 7.4422 1.4256
v -0.1850 7.4408 1.4056
v -0.1334 7.5244 1.4111
v -0.1811 7.5225 1.3915
v -0.0908 7.4440 1.4381
v -0.0878 7.5259 1.4235
v -0.1291 7.6032 1.3910
v -0.1755 7.6012 1.3723
v -0.1246 7.6703 1.3639
v -0.1691 7.6681 1.3464
v -0.0844 7.6047 1.4029
v -0.0815 7.6720 1.3751
v -0.0418 7.6056 1.4092
v -0.0443 7.5269 1.4298
v -0.0401 7.6729 1.3810
v -0.0469 7.4455 1.4446
v -0.3333 7.4424 1.2986
v -0.3813 7.4397 1.2509
v -0.3280 7.5181 1.2885
v -0.3749 7.5152 1.2429
v -0.2839 7.4415 1.3416
v -0.2792 7.5178 1.3295
v -0.3179 7.5914 1.2748
v -0.3629 7.5877 1.2322
v -0.3041 7.6569 1.2553
v -0.3463 7.6512 1.2154
v -0.2709 7.5953 1.3133
v -0.2598 7.6616 1.2913
v -0.2231 7.5985 1.3462
v -0.2300 7.5204 1.3642
v -0.2145 7.6653 1.3221
v -0.2343 7.4390 1.3776
v -0.4983 7.3981 1.1089
v -0.5140 7.3896 1.0826
v -0.4860 7.4826 1.1021
v -0.4997 7.4759 1.0768
v -0.4658 7.4179 1.1560
v -0.4560 7.4975 1.1459
v -0.4687 7.5592 1.0918
v -0.4806 7.5530 1.0673
v -0.4452 7.6241 1.0753
v -0.4560 7.6178 1.0516
v -0.4412 7.5720 1.1349
v -0.4198 7.6365 1.1197
v -0.4182 7.5082 1.1947
v -0.4047 7.5808 1.1866
v -0.3855 7.6448 1.1711
v -0.4258 7.4317 1.2028
v -0.0781 7.7246 1.3410
v -0.1189 7.7228 1.3306
v -0.1609 7.7204 1.3144
v -0.1118 7.7616 1.2944
v -0.1506 7.7592 1.2795
v -0.0738 7.7635 1.3042
v -0.1043 7.7909 1.2579
v -0.1399 7.7889 1.2444
v -0.0968 7.8141 1.2225
v -0.1293 7.8124 1.2110
v -0.0693 7.7925 1.2667
v -0.0648 7.8156 1.2298
v -0.0351 7.7935 1.2714
v -0.0369 7.7646 1.3094
v -0.0334 7.8165 1.2338
v -0.0387 7.7257 1.3466
v -0.2454 7.7134 1.2636
v -0.2863 7.7089 1.2304
v -0.3253 7.7038 1.1931
v -0.2658 7.7499 1.2026
v -0.3017 7.7456 1.1682
v -0.2283 7.7534 1.2330
v -0.2451 7.7814 1.1747
v -0.2784 7.7778 1.1434
v -0.2257 7.8059 1.1495
v -0.2561 7.8025 1.1210
v -0.2108 7.7843 1.2024
v -0.1940 7.8085 1.1743
v -0.1755 7.7867 1.2259
v -0.1896 7.7565 1.2589
v -0.1618 7.8105 1.1949
v -0.2033 7.7173 1.2919
v -0.3940 7.6897 1.1021
v -0.4175 7.6772 1.0600
v -0.4275 7.6704 1.0377
v -0.3874 7.7190 1.0462
v -0.3968 7.7117 1.0256
v -0.3657 7.7317 1.0858
v -0.3572 7.7502 1.0345
v -0.3661 7.7425 1.0155
v -0.3288 7.7720 1.0212
v -0.3372 7.7640 1.0038
v -0.3370 7.7637 1.0705
v -0.3099 7.7874 1.0536
v -0.3096 7.7729 1.1084
v -0.3357 7.7404 1.1302
v -0.2845 7.7976 1.0887
v -0.3618 7.6981 1.1508
v -0.0888 7.8336 1.1877
v -0.1182 7.8320 1.1788
v -0.0795 7.8499 1.1526
v -0.1059 7.8487 1.1467
v -0.0598 7.8349 1.1930
v -0.0538 7.8510 1.1557
v -0.0688 7.8622 1.1175
v -0.0920 7.8615 1.1141
v -0.0573 7.8700 1.0839
v -0.0771 7.8701 1.0822
v -0.0466 7.8627 1.1188
v -0.0387 7.8698 1.0841
v -0.0287 7.8517 1.1571
v -0.0252 7.8629 1.1190
v -0.0212 7.8696 1.0837
v -0.0314 7.8358 1.1958
v -0.1777 7.8283 1.1485
v -0.2068 7.8257 1.1270
v -0.2346 7.8222 1.1014
v -0.1870 7.8426 1.1056
v -0.2130 7.8389 1.0831
v -0.1602 7.8452 1.1235
v -0.1658 7.8567 1.0836
v -0.1906 7.8530 1.0644
v -0.1436 7.8675 1.0605
v -0.1671 7.8643 1.0446
v -0.1409 7.8591 1.0979
v -0.1205 7.8692 1.0713
v -0.1161 7.8606 1.1078
v -0.1329 7.8472 1.1372
v -0.0983 7.8699 1.0783
v -0.1479 7.8303 1.1658
v -0.3028 7.7904 1.0084
v -0.3108 7.7822 0.9922
v -0.2785 7.8075 0.9969
v -0.2863 7.7992 0.9817
v -0.2849 7.8061 1.0386
v -0.2611 7.8220 1.0251
v -0.2546 7.8205 0.9849
v -0.2623 7.8118 0.9706
v -0.2300 7.8303 0.9711
v -0.2377 7.8210 0.9577
v -0.2374 7.8351 1.0114
v -0.2130 7.8458 0.9962
v -0.2381 7.8334 1.0559
v -0.2149 7.8473 1.0399
v -0.1907 7.8587 1.0228
v -0.2609 7.8170 1.0716
v -0.0312 7.8735 1.0521
v -0.0463 7.8742 1.0522
v -0.0628 7.8749 1.0514
v -0.0370 7.8754 1.0219
v -0.0505 7.8763 1.0211
v -0.0249 7.8746 1.0220
v -0.0298 7.8733 0.9917
v -0.0405 7.8739 0.9906
v -0.0327 7.8671 0.9600
v -0.0243 7.8672 0.9614
v -0.0201 7.8728 0.9923
v -0.0164 7.8673 0.9624
v -0.0115 7.8725 0.9925
v -0.0095 7.8673 0.9629
v -0.0139 7.8741 1.0219
v -0.0172 7.8730 1.0517
v -0.1210 7.8745 1.0357
v -0.1426 7.8721 1.0228
v -0.0988 7.8772 1.0092
v -0.1178 7.8754 0.9986
v -0.1003 7.8754 1.0439
v -0.0814 7.8775 1.0155
v -0.0780 7.8749 0.9814
v -0.0934 7.8734 0.9727
v -0.0699 7.8655 0.9462
v -0.0586 7.8673 0.9531
v -0.0644 7.8750 0.9862
v -0.0494 7.8675 0.9566
v -0.0520 7.8745 0.9890
v -0.0411 7.8673 0.9586
v -0.0653 7.8770 1.0192
v -0.0809 7.8754 1.0488
v -0.2043 7.8367 0.9550
v -0.2120 7.8266 0.9426
v -0.1769 7.8388 0.9371
v -0.1848 7.8280 0.9261
v -0.1872 7.8532 0.9786
v -0.1599 7.8562 0.9588
v -0.1477 7.8359 0.9185
v -0.1557 7.8249 0.9094
v -0.1171 7.8277 0.9009
v -0.1251 7.8171 0.8941
v -0.1311 7.8536 0.9376
v -0.1017 7.8448 0.9165
v -0.1387 7.8702 0.9816
v -0.1114 7.8680 0.9579
v -0.0845 7.8593 0.9338
v -0.1653 7.8667 1.0034
v -0.0275 7.8541 0.9298
v -0.0203 7.8552 0.9312
v -0.0180 7.8352 0.9038
v -0.0257 7.8324 0.9029
v -0.0135 7.8561 0.9325
v -0.0111 7.8370 0.9048
v -0.0256 7.8006 0.8856
v -0.0162 7.8068 0.8866
v -0.0088 7.8102 0.8870
v -0.0045 7.8112 0.8872
v -0.0062 7.8378 0.9054
v -0.0078 7.8565 0.9331
v -0.0489 7.8512 0.9203
v -0.0421 7.8536 0.9255
v -0.0306 7.8312 0.8998
v -0.0328 7.8284 0.8961
v -0.0376 7.8540 0.9278
v -0.0311 7.8315 0.9014
v -0.0215 7.7967 0.8761
v -0.0238 7.7987 0.8786
v -0.0196 7.7609 0.8655
v -0.0143 7.7602 0.8635
v -0.0291 7.7988 0.8804
v -0.0282 7.7605 0.8685
v -0.0322 7.7601 0.8744
v -0.0314 7.7983 0.8823
v -0.0305 7.8311 0.9021
v -0.0334 7.8538 0.9289
v -0.0948 7.8050 0.8810
v -0.0872 7.8144 0.8855
v -0.0608 7.7962 0.8727
v -0.0676 7.7885 0.8708
v -0.0736 7.8299 0.8970
v -0.0498 7.8090 0.8799
v -0.0453 7.7680 0.8640
v -0.0397 7.7734 0.8638
v -0.0248 7.7472 0.8594
v -0.0291 7.7444 0.8612
v -0.0314 7.7825 0.8669
v -0.0189 7.7523 0.8596
v -0.0145 7.7573 0.8615
v -0.0244 7.7912 0.8719
v -0.0394 7.8211 0.8891
v -0.0596 7.8438 0.9105
v -0.0097 7.6989 0.8631
v -0.0152 7.7261 0.8611
v -0.0244 7.7254 0.8655
v -0.0162 7.6998 0.8706
v -0.0097 7.7262 0.8592
v -0.0063 7.6989 0.8604
v -0.0034 7.6811 0.8639
v -0.0045 7.6828 0.8696
v -0.0214 7.7020 0.8803
v -0.0301 7.7257 0.8740
v -0.0108 7.6974 0.8620
v -0.0160 7.7206 0.8594
v -0.0119 7.7227 0.8581
v -0.0082 7.6976 0.8602
v -0.0189 7.7200 0.8617
v -0.0125 7.6985 0.8644
v -0.0069 7.6836 0.8674
v -0.0062 7.6815 0.8652
v -0.0049 7.6806 0.8634
v -0.0038 7.6807 0.8629
v -0.0063 7.6984 0.8598
v -0.0091 7.7251 0.8583
v -0.0031 7.7838 0.8906
v 0.0031 7.7838 0.8906
v 0.0014 7.7841 0.8906
v -0.0064 7.7826 0.8907
v 0.0064 7.7826 0.8907
v 0.0007 7.6858 0.8908
v -0.0066 7.6898 0.8882
v 0.0096 7.7000 0.9058
v -0.0096 7.7000 0.9058
v -0.0093 7.6947 0.8980
v -0.0132 7.7777 0.8906
v 0.0132 7.7777 0.8906
v -0.0190 7.7082 0.8968
v 0.0238 7.7629 0.8885
v -0.0238 7.7629 0.8885
v -0.0250 7.7295 0.8914
v 0.0093 7.6947 0.8980
v 0.0005 7.6960 0.9062
v 0.0066 7.6898 0.8882
v 0.0158 7.7957 1.0615
v -0.0005 7.7955 1.0617
v 0.0320 7.7963 1.0608
v 0.0481 7.7972 1.0594
v 0.0640 7.7981 1.0571
v 0.0798 7.7988 1.0534
v 0.0956 7.7990 1.0479
v 0.1114 7.7985 1.0400
v 0.1273 7.7968 1.0293
v 0.1434 7.7935 1.0159
v 0.1591 7.7883 1.0007
v 0.1722 7.7829 0.9864
v 0.1778 7.7803 0.9778
v 0.0449 7.7973 1.0478
v 0.0299 7.7964 1.0489
v 0.0391 7.7969 1.0276
v 0.0260 7.7960 1.0283
v 0.0523 7.7979 1.0263
v 0.0599 7.7983 1.0459
v 0.0147 7.7958 1.0494
v -0.0004 7.7955 1.0496
v 0.0129 7.7953 1.0286
v -0.0003 7.7951 1.0287
v 0.0106 7.7936 1.0067
v 0.0213 7.7941 1.0065
v 0.0162 7.7904 0.9868
v 0.0081 7.7901 0.9869
v -0.0001 7.7934 1.0068
v 0.0001 7.7899 0.9869
v 0.0432 7.7957 1.0053
v 0.0321 7.7948 1.0061
v 0.0245 7.7908 0.9866
v 0.0331 7.7913 0.9862
v 0.1199 7.7982 1.0216
v 0.1047 7.7995 1.0312
v 0.0897 7.7997 1.0382
v 0.0927 7.7997 1.0152
v 0.0790 7.7995 1.0207
v 0.1065 7.7990 1.0074
v 0.0748 7.7992 1.0429
v 0.0656 7.7989 1.0241
v 0.0545 7.7965 1.0040
v 0.0662 7.7972 1.0016
v 0.0519 7.7924 0.9839
v 0.0422 7.7919 0.9854
v 0.0782 7.7975 0.9976
v 0.0906 7.7972 0.9916
v 0.0620 7.7926 0.9811
v 0.0727 7.7923 0.9767
v 0.1706 7.7812 0.9722
v 0.1639 7.7843 0.9809
v 0.1505 7.7901 0.9949
v 0.1473 7.7861 0.9722
v 0.1347 7.7919 0.9847
v 0.1543 7.7827 0.9643
v 0.1353 7.7953 1.0092
v 0.1207 7.7966 0.9971
v 0.1160 7.7913 0.9734
v 0.1033 7.7954 0.9834
v 0.0839 7.7908 0.9706
v 0.0953 7.7873 0.9628
v 0.1339 7.7825 0.9560
v 0.1274 7.7859 0.9629
v 0.1057 7.7825 0.9542
v 0.1116 7.7795 0.9484
v 0.0104 7.7767 0.9549
v 0.0167 7.7847 0.9697
v 0.0229 7.7848 0.9696
v 0.0146 7.7763 0.9555
v 0.0110 7.7846 0.9698
v 0.0068 7.7768 0.9548
v 0.0003 7.7844 0.9699
v 0.0056 7.7845 0.9699
v 0.0036 7.7769 0.9548
v 0.0005 7.7769 0.9548
v 0.0007 7.7692 0.9381
v 0.0024 7.7692 0.9381
v 0.0043 7.7690 0.9382
v 0.0070 7.7680 0.9389
v 0.0103 7.7657 0.9413
v 0.0312 7.7764 0.9564
v 0.0453 7.7853 0.9672
v 0.0542 7.7849 0.9641
v 0.0382 7.7757 0.9545
v 0.0372 7.7853 0.9689
v 0.0249 7.7765 0.9572
v 0.0297 7.7851 0.9696
v 0.0193 7.7763 0.9568
v 0.0125 7.7650 0.9465
v 0.0095 7.7507 0.9378
v 0.0163 7.7651 0.9489
v 0.0108 7.7508 0.9437
v 0.0141 7.7509 0.9451
v 0.0210 7.7651 0.9491
v 0.0265 7.7645 0.9481
v 0.0183 7.7506 0.9449
v 0.0628 7.7684 0.9420
v 0.0833 7.7764 0.9470
v 0.0888 7.7739 0.9421
v 0.0679 7.7663 0.9378
v 0.0739 7.7804 0.9539
v 0.0547 7.7717 0.9473
v 0.0461 7.7743 0.9515
v 0.0638 7.7834 0.9597
v 0.0328 7.7632 0.9463
v 0.0232 7.7497 0.9438
v 0.0397 7.7610 0.9434
v 0.0286 7.7483 0.9419
v 0.0337 7.7466 0.9386
v 0.0463 7.7585 0.9392
v 0.0505 7.7568 0.9357
v 0.0368 7.7454 0.9355
v 0.0140 7.7315 0.9183
v 0.0110 7.7147 0.9200
v 0.0004 7.7037 0.9247
v 0.0073 7.7350 0.9417
v 0.0094 7.7359 0.9439
v 0.0058 7.7225 0.9434
v 0.0048 7.7201 0.9383
v 0.0124 7.7359 0.9442
v 0.0078 7.7233 0.9449
v 0.0080 7.7334 0.9351
v 0.0060 7.7178 0.9328
v 0.0003 7.7090 0.9403
v 0.0030 7.7125 0.9409
v 0.0039 7.7147 0.9457
v 0.0003 7.7116 0.9462
v 0.0201 7.7348 0.9424
v 0.0238 7.7338 0.9396
v 0.0155 7.7223 0.9417
v 0.0130 7.7230 0.9440
v 0.0260 7.7332 0.9368
v 0.0169 7.7220 0.9389
v 0.0161 7.7355 0.9437
v 0.0103 7.7233 0.9449
v 0.0052 7.7151 0.9465
v 0.0003 7.7122 0.9473
v 0.0066 7.7149 0.9459
v 0.0003 7.7120 0.9467
v 0.0002 7.7115 0.9445
v 0.0078 7.7144 0.9437
v 0.0085 7.7142 0.9409
v 0.0002 7.7114 0.9417
v -0.0481 7.7972 1.0594
v -0.0640 7.7981 1.0571
v -0.0320 7.7963 1.0608
v -0.0158 7.7957 1.0615
v -0.1114 7.7985 1.0400
v -0.1273 7.7968 1.0293
v -0.0956 7.7990 1.0479
v -0.0799 7.7988 1.0534
v -0.1722 7.7829 0.9864
v -0.1778 7.7803 0.9778
v -0.1591 7.7883 1.0007
v -0.1434 7.7935 1.0159
v -0.0299 7.7964 1.0489
v -0.0449 7.7973 1.0478
v -0.0599 7.7983 1.0459
v -0.0391 7.7969 1.0276
v -0.0523 7.7979 1.0263
v -0.0260 7.7960 1.0283
v -0.0321 7.7948 1.0061
v -0.0432 7.7957 1.0053
v -0.0331 7.7913 0.9862
v -0.0245 7.7908 0.9866
v -0.0213 7.7941 1.0065
v -0.0162 7.7904 0.9868
v -0.0106 7.7936 1.0067
v -0.0081 7.7901 0.9869
v -0.0129 7.7953 1.0286
v -0.0147 7.7958 1.0494
v -0.1047 7.7995 1.0312
v -0.1199 7.7982 1.0216
v -0.0927 7.7997 1.0152
v -0.1066 7.7990 1.0074
v -0.0897 7.7997 1.0382
v -0.0790 7.7995 1.0207
v -0.0782 7.7975 0.9976
v -0.0906 7.7972 0.9916
v -0.0727 7.7923 0.9767
v -0.0620 7.7926 0.9811
v -0.0662 7.7972 1.0016
v -0.0519 7.7924 0.9839
v -0.0545 7.7965 1.0040
v -0.0423 7.7919 0.9854
v -0.0656 7.7989 1.0241
v -0.0748 7.7992 1.0429
v -0.1639 7.7843 0.9809
v -0.1706 7.7812 0.9722
v -0.1473 7.7861 0.9722
v -0.1543 7.7827 0.9643
v -0.1505 7.7901 0.9949
v -0.1347 7.7919 0.9847
v -0.1274 7.7859 0.9629
v -0.1339 7.7825 0.9560
v -0.1057 7.7825 0.9542
v -0.1116 7.7795 0.9484
v -0.1160 7.7913 0.9734
v -0.0953 7.7873 0.9628
v -0.1207 7.7966 0.9971
v -0.1033 7.7954 0.9834
v -0.0839 7.7908 0.9706
v -0.1353 7.7953 1.0092
v -0.0229 7.7848 0.9696
v -0.0167 7.7847 0.9697
v -0.0104 7.7767 0.9549
v -0.0146 7.7763 0.9555
v -0.0110 7.7846 0.9698
v -0.0068 7.7768 0.9548
v -0.0103 7.7657 0.9413
v -0.0070 7.7680 0.9389
v -0.0043 7.7690 0.9382
v -0.0024 7.7692 0.9381
v -0.0036 7.7769 0.9548
v -0.0056 7.7845 0.9699
v -0.0542 7.7849 0.9641
v -0.0453 7.7853 0.9672
v -0.0312 7.7764 0.9564
v -0.0382 7.7757 0.9545
v -0.0372 7.7853 0.9689
v -0.0249 7.7765 0.9572
v -0.0265 7.7645 0.9481
v -0.0210 7.7651 0.9491
v -0.0141 7.7509 0.9451
v -0.0183 7.7506 0.9449
v -0.0163 7.7651 0.9489
v -0.0108 7.7508 0.9437
v -0.0095 7.7507 0.9378
v -0.0125 7.7650 0.9465
v -0.0193 7.7763 0.9568
v -0.0297 7.7851 0.9696
v -0.0888 7.7739 0.9421
v -0.0833 7.7764 0.9470
v -0.0628 7.7684 0.9420
v -0.0679 7.7663 0.9378
v -0.0739 7.7804 0.9539
v -0.0547 7.7717 0.9473
v -0.0505 7.7568 0.9357
v -0.0463 7.7585 0.9392
v -0.0337 7.7466 0.9386
v -0.0368 7.7454 0.9355
v -0.0397 7.7610 0.9434
v -0.0286 7.7483 0.9419
v -0.0232 7.7497 0.9438
v -0.0328 7.7632 0.9463
v -0.0461 7.7743 0.9515
v -0.0638 7.7834 0.9597
v -0.0058 7.7225 0.9434
v -0.0094 7.7359 0.9439
v -0.0073 7.7350 0.9417
v -0.0048 7.7201 0.9383
v -0.0124 7.7359 0.9442
v -0.0078 7.7233 0.9449
v -0.0039 7.7147 0.9457
v -0.0030 7.7125 0.9409
v -0.0060 7.7178 0.9328
v -0.0080 7.7334 0.9351
v -0.0155 7.7223 0.9417
v -0.0238 7.7338 0.9396
v -0.0201 7.7348 0.9424
v -0.0130 7.7230 0.9440
v -0.0260 7.7332 0.9368
v -0.0169 7.7220 0.9389
v -0.0085 7.7142 0.9409
v -0.0078 7.7144 0.9437
v -0.0066 7.7149 0.9459
v -0.0052 7.7151 0.9465
v -0.0103 7.7233 0.9449
v -0.0161 7.7355 0.9437
v -0.0021 7.7685 0.9146
v 0.0021 7.7685 0.9146
v 0.0010 7.7686 0.9146
v -0.0041 7.7677 0.9149
v 0.0041 7.7677 0.9149
v 0.0004 7.7012 0.9225
v -0.0033 7.7055 0.9250
v 0.0061 7.7053 0.9222
v -0.0061 7.7053 0.9222
v -0.0046 7.7044 0.9235
v -0.0078 7.7644 0.9163
v 0.0078 7.7644 0.9163
v -0.0110 7.7147 0.9200
v 0.0123 7.7538 0.9209
v -0.0123 7.7538 0.9209
v -0.0140 7.7315 0.9183
v 0.0046 7.7044 0.9235
v 0.0004 7.7017 0.9234
v 0.0033 7.7055 0.9250
v 0.7004 5.6078 0.2520
v 0.7209 5.6338 0.2498
v 0.7527 5.5920 0.3493
v 0.7324 5.5637 0.3496
v 0.7557 5.6818 0.2476
v 0.7865 5.6443 0.3504
v 0.6799 5.6715 0.1549
v 0.7150 5.7161 0.1485
v 0.6594 5.6475 0.1596
v 0.7930 5.7402 0.2464
v 0.8226 5.7074 0.3529
v 0.8261 5.8039 0.2466
v 0.8544 5.7753 0.3565
v 0.7528 5.7709 0.1428
v 0.7863 5.8316 0.1389
v 0.6654 5.7475 0.0554
v 0.7025 5.8000 0.0446
v 0.7353 5.8588 0.0362
v 0.6426 5.8277 -0.0451
v 0.6735 5.8856 -0.0581
v 0.6078 5.7766 -0.0292
v 0.6111 5.6830 0.0739
v 0.6310 5.7054 0.0664
v 0.5753 5.7360 -0.0133
v 0.5567 5.7146 -0.0029
v 0.4971 5.7425 -0.0678
v 0.5139 5.7634 -0.0810
v 0.5430 5.8032 -0.1016
v 0.4475 5.7876 -0.1340
v 0.4723 5.8271 -0.1587
v 0.4332 5.7669 -0.1188
v 0.5743 5.8537 -0.1227
v 0.6019 5.9115 -0.1404
v 0.4990 5.8776 -0.1846
v 0.5226 5.9356 -0.2067
v 0.3971 5.8478 -0.2006
v 0.4188 5.8987 -0.2299
v 0.4381 5.9571 -0.2553
v 0.3357 5.9162 -0.2609
v 0.3507 5.9748 -0.2884
v 0.3189 5.8648 -0.2296
v 0.3654 5.7873 -0.1564
v 0.3770 5.8081 -0.1729
v 0.3034 5.8247 -0.2002
v 0.2945 5.8038 -0.1830
v 0.2217 5.8159 -0.2009
v 0.2278 5.8370 -0.2185
v 0.2390 5.8776 -0.2489
v 0.1515 5.8447 -0.2303
v 0.1584 5.8856 -0.2614
v 0.1480 5.8238 -0.2127
v 0.2512 5.9294 -0.2814
v 0.2622 5.9879 -0.3103
v 0.1664 5.9378 -0.2948
v 0.1736 5.9965 -0.3248
v 0.0779 5.8892 -0.2691
v 0.0817 5.9419 -0.3033
v 0.0854 6.0010 -0.3340
v -0.0027 5.9428 -0.3064
v -0.0026 6.0022 -0.3374
v -0.0029 5.8899 -0.2718
v 0.0734 5.8278 -0.2200
v 0.0749 5.8481 -0.2374
v -0.0030 5.8487 -0.2398
v -0.0030 5.8287 -0.2224
v 0.2508 5.1205 1.5191
v 0.2264 5.1223 1.5550
v 0.2221 5.0894 1.5627
v 0.2439 5.0846 1.5301
v 0.2707 5.1912 1.4893
v 0.2441 5.1885 1.5276
v 0.3029 5.1291 1.4439
v 0.3259 5.2048 1.4135
v 0.2930 5.0905 1.4576
v 0.2988 5.2786 1.4518
v 0.2706 5.2720 1.4907
v 0.3322 5.3747 1.4124
v 0.3030 5.3650 1.4506
v 0.3565 5.2979 1.3772
v 0.3917 5.3992 1.3405
v 0.4000 5.2304 1.3189
v 0.4328 5.3287 1.2858
v 0.4691 5.4344 1.2535
v 0.5185 5.3677 1.1877
v 0.5547 5.4748 1.1618
v 0.4842 5.2665 1.2152
v 0.3619 5.1087 1.3620
v 0.3743 5.1498 1.3480
v 0.4564 5.1827 1.2403
v 0.4420 5.1395 1.2531
v 0.5237 5.1816 1.1362
v 0.5399 5.2255 1.1258
v 0.5693 5.3099 1.1066
v 0.6191 5.2754 1.0086
v 0.6497 5.3577 0.9965
v 0.6017 5.2321 1.0162
v 0.6043 5.4107 1.0868
v 0.6397 5.5162 1.0688
v 0.6847 5.4553 0.9844
v 0.7176 5.5570 0.9734
v 0.7176 5.4082 0.8863
v 0.7522 5.5008 0.8811
v 0.7843 5.5974 0.8775
v 0.8019 5.5465 0.7778
v 0.8330 5.6372 0.7791
v 0.7671 5.4599 0.7771
v 0.6681 5.2883 0.8969
v 0.6864 5.3299 0.8922
v 0.7353 5.3867 0.7782
v 0.7161 5.3474 0.7799
v 0.7463 5.4063 0.6670
v 0.7659 5.4430 0.6670
v 0.7978 5.5108 0.6694
v 0.7783 5.4966 0.5585
v 0.8105 5.5589 0.5622
v 0.7584 5.4628 0.5575
v 0.8320 5.5911 0.6734
v 0.8622 5.6756 0.6785
v 0.8447 5.6331 0.5679
v 0.8744 5.7116 0.5742
v 0.8058 5.6035 0.4554
v 0.8406 5.6719 0.4604
v 0.8710 5.7448 0.4663
v 0.7529 5.5153 0.4514
v 0.7729 5.5463 0.4522
v 0.8127 5.8963 0.1368
v 0.8521 5.8710 0.2478
v 0.8793 5.8459 0.3605
v 0.8709 5.9393 0.2497
v 0.8971 5.9170 0.3644
v 0.8318 5.9630 0.1363
v 0.8835 6.0074 0.2518
v 0.9088 5.9872 0.3678
v 0.8915 6.0770 0.2534
v 0.9161 6.0584 0.3703
v 0.8444 6.0301 0.1368
v 0.8522 6.0991 0.1375
v 0.7917 6.0557 0.0264
v 0.7796 5.9886 0.0276
v 0.7989 6.1244 0.0260
v 0.7261 6.0827 -0.0758
v 0.7325 6.1511 -0.0776
v 0.7149 6.0154 -0.0728
v 0.7611 5.9224 0.0306
v 0.6977 5.9489 -0.0673
v 0.6236 5.9750 -0.1531
v 0.6391 6.0418 -0.1614
v 0.5412 5.9993 -0.2232
v 0.5547 6.0660 -0.2348
v 0.6492 6.1090 -0.1667
v 0.6549 6.1765 -0.1704
v 0.5636 6.1326 -0.2431
v 0.5687 6.1989 -0.2498
v 0.4646 6.0867 -0.2902
v 0.4723 6.1523 -0.3024
v 0.4769 6.2176 -0.3135
v 0.3780 6.1680 -0.3457
v 0.3819 6.2329 -0.3618
v 0.3717 6.1032 -0.3292
v 0.3627 6.0379 -0.3108
v 0.4534 6.0207 -0.2751
v 0.2712 6.0508 -0.3347
v 0.2779 6.1156 -0.3562
v 0.1796 6.0595 -0.3507
v 0.1841 6.1247 -0.3744
v 0.2827 6.1804 -0.3765
v 0.2858 6.2456 -0.3968
v 0.1874 6.1900 -0.3970
v 0.1895 6.2561 -0.4197
v 0.0907 6.1303 -0.3851
v 0.0924 6.1964 -0.4083
v 0.0935 6.2632 -0.4320
v -0.0023 6.1984 -0.4123
v -0.0022 6.2655 -0.4361
v -0.0024 6.1320 -0.3889
v -0.0025 6.0659 -0.3644
v 0.0884 6.0645 -0.3607
v 0.3691 5.4788 1.3740
v 0.3394 5.4666 1.4109
v 0.4078 5.5927 1.3378
v 0.3781 5.5783 1.3733
v 0.4294 5.5076 1.3056
v 0.4676 5.6241 1.2728
v 0.4465 5.7158 1.3047
v 0.4172 5.7000 1.3388
v 0.4821 5.8422 1.2750
v 0.4539 5.8265 1.3079
v 0.5039 5.7471 1.2425
v 0.5357 5.8700 1.2152
v 0.5419 5.6624 1.1949
v 0.5742 5.7824 1.1689
v 0.6007 5.8992 1.1453
v 0.6495 5.8145 1.0949
v 0.6689 5.9240 1.0753
v 0.6226 5.7000 1.1159
v 0.5062 5.5456 1.2231
v 0.5900 5.5857 1.1380
v 0.6712 5.6241 1.0514
v 0.6983 5.7336 1.0351
v 0.7461 5.6603 0.9636
v 0.7688 5.7638 0.9541
v 0.7194 5.8414 1.0198
v 0.7334 5.9438 1.0056
v 0.7837 5.8645 0.9439
v 0.7920 5.9607 0.9342
v 0.8278 5.7923 0.8695
v 0.8388 5.8862 0.8648
v 0.8433 5.9769 0.8593
v 0.8810 5.9079 0.7801
v 0.8838 5.9935 0.7782
v 0.8728 5.8202 0.7810
v 0.8097 5.6952 0.8737
v 0.8570 5.7292 0.7806
v 0.8849 5.7616 0.6830
v 0.8997 5.8468 0.6866
v 0.8968 5.7919 0.5805
v 0.9115 5.8716 0.5855
v 0.9077 5.9290 0.6887
v 0.9108 6.0100 0.6891
v 0.9200 5.9490 0.5893
v 0.9242 6.0259 0.5913
v 0.9105 5.8948 0.4776
v 0.9206 5.9682 0.4818
v 0.9265 6.0418 0.4846
v 0.8944 5.8199 0.4722
v 0.8960 6.1524 0.2542
v 0.9202 6.1347 0.3714
v 0.8982 6.2380 0.2537
v 0.9223 6.2211 0.3711
v 0.8565 6.1737 0.1377
v 0.8582 6.2586 0.1369
v 0.8985 6.3385 0.2514
v 0.9231 6.3222 0.3691
v 0.8965 6.4587 0.2468
v 0.9220 6.4434 0.3650
v 0.8576 6.3582 0.1341
v 0.8543 6.4779 0.1285
v 0.8033 6.2817 0.0240
v 0.8017 6.3804 0.0204
v 0.7970 6.4998 0.0133
v 0.7328 6.4035 -0.0869
v 0.7270 6.5233 -0.0959
v 0.7353 6.3057 -0.0820
v 0.8025 6.1982 0.0255
v 0.7353 6.2236 -0.0793
v 0.6572 6.2476 -0.1739
v 0.6567 6.3285 -0.1782
v 0.5708 6.2688 -0.2562
v 0.5701 6.3492 -0.2633
v 0.6535 6.4263 -0.1852
v 0.6471 6.5472 -0.1974
v 0.5667 6.4477 -0.2738
v 0.5602 6.5703 -0.2907
v 0.4782 6.3677 -0.3365
v 0.4750 6.4674 -0.3524
v 0.4689 6.5915 -0.3747
v 0.3806 6.4847 -0.4181
v 0.3752 6.6097 -0.4454
v 0.3833 6.3840 -0.3963
v 0.4788 6.2869 -0.3245
v 0.3837 6.3025 -0.3784
v 0.2873 6.3159 -0.4181
v 0.2871 6.3981 -0.4416
v 0.1906 6.3271 -0.4444
v 0.1905 6.4097 -0.4720
v 0.2849 6.4993 -0.4682
v 0.2805 6.6244 -0.4984
v 0.1890 6.5108 -0.5019
v 0.1858 6.6352 -0.5330
v 0.0941 6.4176 -0.4882
v 0.0933 6.5183 -0.5200
v 0.0916 6.6420 -0.5511
v -0.0019 6.5206 -0.5256
v -0.0019 6.6441 -0.5567
v -0.0020 6.4200 -0.4934
v 0.0941 6.3348 -0.4583
v -0.0021 6.3372 -0.4629
v 0.5121 5.9631 1.2488
v 0.4855 5.9495 1.2806
v 0.5356 6.0739 1.2259
v 0.5106 6.0641 1.2566
v 0.5613 5.9850 1.1910
v 0.5806 6.0900 1.1699
v 0.5527 6.1786 1.2051
v 0.5292 6.1725 1.2346
v 0.5644 6.2880 1.1852
v 0.5420 6.2846 1.2136
v 0.5944 6.1909 1.1511
v 0.6033 6.2999 1.1333
v 0.6344 6.1068 1.1063
v 0.6439 6.2063 1.0903
v 0.6490 6.3183 1.0752
v 0.6937 6.2231 1.0295
v 0.6952 6.3403 1.0174
v 0.6895 6.1222 1.0428
v 0.6204 6.0070 1.1245
v 0.6818 6.0255 1.0580
v 0.7410 6.0406 0.9927
v 0.7435 6.1363 0.9807
v 0.7949 6.0541 0.9251
v 0.7944 6.1498 0.9168
v 0.7434 6.2400 0.9699
v 0.7417 6.3630 0.9600
v 0.7916 6.2565 0.9083
v 0.7883 6.3838 0.9001
v 0.8405 6.1632 0.8475
v 0.8372 6.2716 0.8413
v 0.8336 6.4012 0.8343
v 0.8770 6.2841 0.7661
v 0.8744 6.4133 0.7603
v 0.8797 6.1757 0.7709
v 0.8431 6.0675 0.8534
v 0.8827 6.0810 0.7751
v 0.9256 6.1068 0.5916
v 0.9108 6.0941 0.6883
v 0.9093 6.1866 0.6855
v 0.9259 6.1968 0.5902
v 0.9078 6.2934 0.6816
v 0.9066 6.4208 0.6768
v 0.9259 6.3012 0.5871
v 0.9255 6.4261 0.5829
v 0.9315 6.3101 0.4825
v 0.9309 6.2077 0.4850
v 0.9310 6.4328 0.4785
v 0.9295 6.1200 0.4857
v 0.8899 6.6029 0.2396
v 0.9171 6.5888 0.3590
v 0.8756 6.7697 0.2312
v 0.9045 6.7565 0.3519
v 0.8461 6.6216 0.1196
v 0.8303 6.7881 0.1098
v 0.8506 6.9503 0.2252
v 0.8807 6.9376 0.3461
v 0.8140 7.1327 0.2249
v 0.8441 7.1201 0.3441
v 0.8046 6.9688 0.1039
v 0.7687 7.1517 0.1059
v 0.7706 6.8111 -0.0091
v 0.7451 6.9925 -0.0146
v 0.7110 7.1760 -0.0097
v 0.6753 7.0198 -0.1292
v 0.6440 7.2036 -0.1212
v 0.6996 6.8371 -0.1239
v 0.7165 6.6687 -0.1097
v 0.7874 6.6440 0.0024
v 0.6364 6.6944 -0.2157
v 0.6202 6.8646 -0.2338
v 0.5499 6.7194 -0.3141
v 0.5352 6.8915 -0.3354
v 0.5982 7.0486 -0.2392
v 0.5704 7.2322 -0.2278
v 0.5160 7.0767 -0.3401
v 0.4924 7.2595 -0.3256
v 0.4466 6.9154 -0.4238
v 0.4306 7.1013 -0.4267
v 0.4113 7.2831 -0.4098
v 0.3434 7.1204 -0.4953
v 0.3282 7.3008 -0.4770
v 0.3563 6.9346 -0.4946
v 0.3669 6.7608 -0.4744
v 0.4594 6.7420 -0.4019
v 0.2738 6.7751 -0.5276
v 0.2653 6.9483 -0.5453
v 0.1809 6.7850 -0.5609
v 0.1749 6.9572 -0.5762
v 0.2555 7.1332 -0.5440
v 0.2443 7.3121 -0.5253
v 0.1682 7.1409 -0.5736
v 0.1609 7.3184 -0.5549
v 0.0859 6.9621 -0.5913
v 0.0825 7.1448 -0.5880
v 0.0789 7.3212 -0.5697
v -0.0017 7.1459 -0.5921
v -0.0017 7.3220 -0.5740
v -0.0017 6.9635 -0.5956
v -0.0018 6.7926 -0.5826
v 0.0890 6.7908 -0.5777
v 0.5708 6.4167 1.1657
v 0.5492 6.4142 1.1931
v 0.5696 6.5754 1.1472
v 0.5487 6.5714 1.1737
v 0.6074 6.4310 1.1160
v 0.6040 6.5931 1.0994
v 0.5654 6.7619 1.1303
v 0.5444 6.7548 1.1556
v 0.5591 6.9625 1.1138
v 0.5386 6.9520 1.1376
v 0.5998 6.7825 1.0845
v 0.5918 6.9844 1.0705
v 0.6440 6.6222 1.0468
v 0.6397 6.8134 1.0343
v 0.6277 7.0139 1.0223
v 0.6816 6.8478 0.9848
v 0.6656 7.0445 0.9739
v 0.6875 6.6562 0.9955
v 0.6498 6.4551 1.0606
v 0.6941 6.4842 1.0062
v 0.7386 6.5129 0.9508
v 0.7320 6.6881 0.9420
v 0.7845 6.5374 0.8922
v 0.7776 6.7137 0.8844
v 0.7231 6.8786 0.9331
v 0.7040 7.0709 0.9233
v 0.7641 6.9021 0.8761
v 0.7420 7.0904 0.8677
v 0.8220 6.7310 0.8201
v 0.8057 6.9171 0.8123
v 0.7791 7.1022 0.8049
v 0.8441 6.9240 0.7399
v 0.8147 7.1076 0.7335
v 0.8621 6.7399 0.7471
v 0.8296 6.5557 0.8272
v 0.8706 6.5666 0.7538
v 0.9224 6.5750 0.5770
v 0.9032 6.5718 0.6707
v 0.8940 6.7433 0.6642
v 0.9127 6.7450 0.5706
v 0.8744 6.9261 0.6576
v 0.8423 7.1091 0.6521
v 0.8576 7.1101 0.5600
v 0.8920 6.9272 0.5644
v 0.9162 6.7486 0.4663
v 0.8939 6.9303 0.4603
v 0.8582 7.1130 0.4570
v 0.9272 6.5798 0.4728
v 0.7662 7.3059 0.2309
v 0.7951 7.2933 0.3463
v 0.7081 7.4613 0.2409
v 0.7345 7.4491 0.3510
v 0.7233 7.3244 0.1163
v 0.6688 7.4780 0.1320
v 0.6394 7.5935 0.2520
v 0.6622 7.5822 0.3560
v 0.5600 7.7006 0.2625
v 0.5787 7.6901 0.3596
v 0.6049 7.6077 0.1495
v 0.5313 7.7127 0.1670
v 0.6190 7.4985 0.0274
v 0.5608 7.6245 0.0514
v 0.4940 7.7262 0.0758
v 0.5093 7.6430 -0.0410
v 0.4497 7.7407 -0.0095
v 0.5613 7.5212 -0.0717
v 0.6689 7.3478 0.0057
v 0.6060 7.3739 -0.1000
v 0.5372 7.4003 -0.2007
v 0.4980 7.5442 -0.1658
v 0.4641 7.4249 -0.2938
v 0.4307 7.5652 -0.2534
v 0.4524 7.6619 -0.1281
v 0.4001 7.7553 -0.0887
v 0.3915 7.6791 -0.2088
v 0.3465 7.7688 -0.1607
v 0.3604 7.5825 -0.3308
v 0.3278 7.6930 -0.2795
v 0.2901 7.7796 -0.2231
v 0.2622 7.7029 -0.3370
v 0.2320 7.7870 -0.2742
v 0.2882 7.5950 -0.3937
v 0.3881 7.4457 -0.3753
v 0.3100 7.4610 -0.4415
v 0.1524 7.4754 -0.5201
v 0.2311 7.4705 -0.4896
v 0.2151 7.6026 -0.4401
v 0.1421 7.6063 -0.4706
v 0.1958 7.7086 -0.3803
v 0.1731 7.7910 -0.3141
v 0.1294 7.7113 -0.4102
v 0.1143 7.7927 -0.3425
v 0.0636 7.7122 -0.4271
v 0.0698 7.6077 -0.4871
v 0.0561 7.7930 -0.3589
v -0.0015 7.7930 -0.3642
v -0.0016 7.7123 -0.4325
v -0.0016 7.6080 -0.4923
v 0.0748 7.4774 -0.5358
v -0.0016 7.4779 -0.5406
v 0.5442 7.1598 1.1035
v 0.5237 7.1467 1.1247
v 0.5294 7.3363 1.1006
v 0.5086 7.3225 1.1195
v 0.5784 7.1811 1.0644
v 0.5632 7.3554 1.0641
v 0.5012 7.4816 1.0967
v 0.4809 7.4688 1.1144
v 0.4551 7.5961 1.0869
v 0.4374 7.5848 1.1042
v 0.5334 7.4980 1.0611
v 0.4832 7.6100 1.0516
v 0.5995 7.3759 1.0200
v 0.5656 7.5146 1.0166
v 0.5105 7.6238 1.0066
v 0.5935 7.5294 0.9672
v 0.5327 7.6359 0.9563
v 0.6329 7.3949 0.9718
v 0.6170 7.2065 1.0194
v 0.6535 7.2312 0.9720
v 0.6873 7.2517 0.9212
v 0.6616 7.4102 0.9197
v 0.7187 7.2665 0.8651
v 0.6852 7.4214 0.8627
v 0.6151 7.5414 0.9138
v 0.5486 7.6457 0.9020
v 0.6311 7.5503 0.8559
v 0.5593 7.6532 0.8436
v 0.7053 7.4285 0.7994
v 0.6434 7.5565 0.7925
v 0.5672 7.6589 0.7803
v 0.6553 7.5607 0.7221
v 0.5748 7.6637 0.7105
v 0.7241 7.4325 0.7283
v 0.7763 7.2799 0.7309
v 0.7481 7.2755 0.8022
v 0.7980 7.2815 0.6500
v 0.7386 7.4348 0.6481
v 0.7474 7.4372 0.5581
v 0.8091 7.2828 0.5588
v 0.6731 7.5682 0.5548
v 0.6662 7.5642 0.6431
v 0.5826 7.6685 0.6330
v 0.5875 7.6743 0.5473
v 0.6729 7.5740 0.4580
v 0.7471 7.4414 0.4585
v 0.5872 7.6814 0.4554
v 0.8090 7.2861 0.4572
v 0.4494 7.7947 0.1837
v 0.4719 7.7841 0.2717
v 0.4862 7.7741 0.3615
v 0.3790 7.8457 0.2800
v 0.3894 7.8362 0.3623
v 0.3625 7.8553 0.1999
v 0.2868 7.8864 0.2879
v 0.2941 7.8778 0.3625
v 0.2005 7.9078 0.2954
v 0.2057 7.9006 0.3631
v 0.2752 7.8947 0.2158
v 0.1924 7.9145 0.2310
v 0.2591 7.9024 0.1484
v 0.3400 7.8645 0.1243
v 0.1810 7.9203 0.1715
v 0.2382 7.9090 0.0876
v 0.1659 7.9248 0.1186
v 0.3119 7.8732 0.0551
v 0.4195 7.8057 0.1000
v 0.3833 7.8169 0.0226
v 0.2962 7.8378 -0.1104
v 0.3418 7.8279 -0.0478
v 0.2788 7.8811 -0.0065
v 0.2415 7.8878 -0.0599
v 0.2128 7.9145 0.0345
v 0.1469 7.9280 0.0731
v 0.1835 7.9186 -0.0109
v 0.1247 7.9297 0.0346
v 0.1515 7.9210 -0.0493
v 0.2013 7.8926 -0.1055
v 0.1002 7.9299 0.0018
v 0.0747 7.9285 -0.0263
v 0.1182 7.9214 -0.0818
v 0.1596 7.8951 -0.1438
v 0.2478 7.8455 -0.1641
v 0.1977 7.8504 -0.2088
v 0.0967 7.8530 -0.2704
v 0.1470 7.8526 -0.2445
v 0.1178 7.8954 -0.1748
v 0.0767 7.8945 -0.1978
v 0.0539 7.9179 -0.1290
v 0.0852 7.9201 -0.1086
v 0.0500 7.9258 -0.0501
v 0.0279 7.9226 -0.0684
v -0.0015 7.8927 -0.2165
v -0.0014 7.9150 -0.1457
v 0.0250 7.9160 -0.1416
v 0.0371 7.8933 -0.2118
v 0.0104 7.9196 -0.0793
v -0.0014 7.9173 -0.0821
v 0.0473 7.8526 -0.2857
v -0.0015 7.8523 -0.2907
v 0.4167 7.6968 1.0350
v 0.3942 7.6846 1.0705
v 0.3797 7.6745 1.0878
v 0.3245 7.7506 1.0490
v 0.3135 7.7410 1.0667
v 0.3427 7.7614 1.0129
v 0.2513 7.7949 1.0271
v 0.2430 7.7856 1.0444
v 0.1772 7.8181 1.0078
v 0.1724 7.8090 1.0246
v 0.2682 7.8050 0.9933
v 0.1898 7.8272 0.9764
v 0.2803 7.8130 0.9501
v 0.3595 7.7713 0.9688
v 0.1983 7.8315 0.9342
v 0.2852 7.8206 0.9007
v 0.2008 7.8394 0.8839
v 0.3718 7.7797 0.9203
v 0.4389 7.7083 0.9902
v 0.4565 7.7183 0.9401
v 0.4758 7.7329 0.8265
v 0.4684 7.7264 0.8853
v 0.3803 7.7867 0.8657
v 0.3850 7.7926 0.8063
v 0.2908 7.8282 0.8460
v 0.2052 7.8512 0.8292
v 0.2942 7.8343 0.7867
v 0.2082 7.8589 0.7700
v 0.2955 7.8403 0.7233
v 0.3874 7.7983 0.7427
v 0.2093 7.8654 0.7069
v 0.2960 7.8467 0.6562
v 0.2093 7.8720 0.6407
v 0.3892 7.8043 0.6746
v 0.4805 7.7385 0.7629
v 0.4846 7.7439 0.6937
v 0.4929 7.7569 0.5369
v 0.4896 7.7499 0.6182
v 0.3918 7.8110 0.6018
v 0.3942 7.8186 0.5248
v 0.2967 7.8536 0.5859
v 0.2093 7.8788 0.5723
v 0.2979 7.8611 0.5128
v 0.2095 7.8859 0.5026
v 0.2975 7.8693 0.4380
v 0.3940 7.8271 0.4445
v 0.2086 7.8932 0.4325
v 0.4926 7.7650 0.4507
v 0.0613 7.9037 0.3080
v 0.1244 7.9122 0.3022
v 0.1186 7.9168 0.2444
v 0.0571 7.9062 0.2551
v 0.1285 7.9068 0.3641
v 0.0645 7.9001 0.3655
v 0.0167 7.8862 0.3670
v 0.0144 7.8884 0.3123
v -0.0064 7.8753 0.3148
v -0.0047 7.8736 0.3684
v 0.0115 7.8894 0.2625
v -0.0086 7.8758 0.2664
v -0.0116 7.8751 0.2232
v 0.0075 7.8894 0.2180
v 0.0023 7.8881 0.1791
v -0.0155 7.8734 0.1852
v 0.0513 7.9076 0.2076
v 0.0436 7.9078 0.1660
v 0.1105 7.9204 0.1918
v 0.0996 7.9226 0.1456
v 0.0339 7.9066 0.1304
v 0.0858 7.9235 0.1061
v 0.0694 7.9230 0.0726
v 0.0222 7.9043 0.0999
v -0.0018 7.8845 0.1454
v 0.0205 7.8707 0.1519
v -0.0098 7.8812 0.1159
v 0.0265 7.8670 0.1224
v 0.0336 7.8624 0.0953
v -0.0190 7.8771 0.0891
v -0.0290 7.8719 0.0639
v 0.0415 7.8568 0.0695
v 0.0092 7.9008 0.0728
v -0.0020 7.8959 0.0481
v 0.0512 7.9212 0.0437
v 0.0324 7.9181 0.0181
v -0.0155 7.8907 0.0259
v 0.0142 7.9141 -0.0040
v -0.0006 7.9094 -0.0209
v -0.0265 7.8845 0.0084
v -0.0391 7.8654 0.0406
v 0.0496 7.8498 0.0454
v -0.0478 7.8577 0.0215
v 0.0566 7.8419 0.0254
v 0.0604 7.8351 0.0121
v -0.0522 7.8503 0.0091
v 0.0514 7.8473 0.0034
v 0.0599 7.8337 0.0064
v -0.0319 7.8779 -0.0023
v 0.0300 7.8731 -0.0066
v -0.0053 7.9041 -0.0301
v -0.0014 7.8968 -0.0284
v 0.1061 7.8135 1.0095
v 0.1073 7.8222 0.9926
v 0.0478 7.8117 0.9824
v 0.0486 7.8040 0.9989
v 0.1128 7.8317 0.9606
v 0.0500 7.8225 0.9502
v 0.0055 7.7884 0.9911
v 0.0026 7.7941 0.9750
v -0.0193 7.7821 0.9695
v -0.0151 7.7788 0.9849
v 0.0031 7.8046 0.9433
v -0.0191 7.7898 0.9389
v 0.0056 7.8163 0.9023
v 0.0088 7.8278 0.8547
v -0.0143 7.8131 0.8514
v -0.0172 7.8013 0.8985
v 0.0539 7.8325 0.9087
v 0.0582 7.8428 0.8608
v 0.1187 7.8368 0.9189
v 0.1233 7.8457 0.8702
v 0.1277 7.8587 0.8162
v 0.0620 7.8534 0.8072
v 0.1309 7.8673 0.7573
v 0.0651 7.8622 0.7489
v 0.0121 7.8386 0.8017
v 0.0111 7.8245 0.7989
v 0.0150 7.8486 0.7440
v -0.0081 7.8350 0.7418
v -0.0055 7.8448 0.6809
v 0.0175 7.8577 0.6826
v 0.0193 7.8659 0.6186
v -0.0036 7.8536 0.6173
v 0.0673 7.8704 0.6868
v 0.0684 7.8780 0.6222
v 0.1325 7.8746 0.6947
v 0.1329 7.8816 0.6293
v 0.1329 7.8883 0.5625
v 0.1324 7.8948 0.4953
v 0.0682 7.8906 0.4908
v 0.0687 7.8847 0.5564
v 0.0200 7.8729 0.5534
v 0.0026 7.8610 0.5525
v 0.0196 7.8785 0.4888
v 0.0026 7.8667 0.4884
v 0.0034 7.8708 0.4266
v 0.0185 7.8829 0.4262
v 0.0667 7.8958 0.4268
v 0.1311 7.9010 0.4288
v -0.7527 5.5920 0.3493
v -0.7209 5.6338 0.2498
v -0.7004 5.6078 0.2520
v -0.7324 5.5637 0.3496
v -0.6799 5.6715 0.1549
v -0.6594 5.6475 0.1596
v -0.7557 5.6818 0.2476
v -0.7150 5.7161 0.1485
v -0.7865 5.6443 0.3504
v -0.6310 5.7054 0.0664
v -0.6111 5.6830 0.0739
v -0.5753 5.7360 -0.0133
v -0.5567 5.7146 -0.0029
v -0.6654 5.7475 0.0554
v -0.6078 5.7766 -0.0292
v -0.7528 5.7709 0.1428
v -0.7025 5.8000 0.0446
v -0.6426 5.8277 -0.0451
v -0.7353 5.8588 0.0362
v -0.6735 5.8856 -0.0581
v -0.7863 5.8316 0.1389
v -0.8226 5.7074 0.3529
v -0.7930 5.7402 0.2464
v -0.8261 5.8039 0.2466
v -0.8544 5.7753 0.3565
v -0.5139 5.7634 -0.0810
v -0.4971 5.7425 -0.0678
v -0.4475 5.7876 -0.1340
v -0.4332 5.7669 -0.1188
v -0.5430 5.8032 -0.1016
v -0.4723 5.8271 -0.1587
v -0.3770 5.8081 -0.1729
v -0.3654 5.7873 -0.1564
v -0.3034 5.8247 -0.2002
v -0.2945 5.8038 -0.1830
v -0.3971 5.8478 -0.2006
v -0.3189 5.8648 -0.2296
v -0.4990 5.8776 -0.1846
v -0.4188 5.8987 -0.2299
v -0.3357 5.9162 -0.2609
v -0.4381 5.9571 -0.2553
v -0.3507 5.9748 -0.2884
v -0.5226 5.9356 -0.2067
v -0.5743 5.8537 -0.1227
v -0.6019 5.9115 -0.1404
v -0.2278 5.8370 -0.2185
v -0.2217 5.8159 -0.2009
v -0.1515 5.8447 -0.2303
v -0.1480 5.8238 -0.2127
v -0.2390 5.8776 -0.2489
v -0.1584 5.8856 -0.2614
v -0.0749 5.8481 -0.2374
v -0.0734 5.8278 -0.2200
v -0.0779 5.8892 -0.2691
v -0.1664 5.9378 -0.2948
v -0.0817 5.9419 -0.3033
v -0.0854 6.0010 -0.3340
v -0.1736 5.9965 -0.3248
v -0.2512 5.9294 -0.2814
v -0.2622 5.9879 -0.3103
v -0.2228 5.0894 1.5627
v -0.2370 5.1218 1.5555
v -0.2514 5.1205 1.5191
v -0.2545 5.0840 1.5306
v -0.3126 5.1283 1.4445
v -0.3027 5.0898 1.4583
v -0.2816 5.1904 1.4898
v -0.3265 5.2048 1.4135
v -0.2550 5.1878 1.5281
v -0.3746 5.1498 1.3477
v -0.3622 5.1087 1.3617
v -0.4568 5.1827 1.2403
v -0.4424 5.1395 1.2531
v -0.4005 5.2304 1.3189
v -0.4846 5.2665 1.2152
v -0.3571 5.2979 1.3772
v -0.4334 5.3287 1.2858
v -0.5189 5.3677 1.1877
v -0.4696 5.4344 1.2535
v -0.5545 5.4748 1.1612
v -0.3923 5.3992 1.3405
v -0.2713 5.2720 1.4907
v -0.2994 5.2786 1.4518
v -0.3328 5.3747 1.4124
v -0.3037 5.3650 1.4506
v -0.5402 5.2255 1.1258
v -0.5239 5.1816 1.1362
v -0.6192 5.2754 1.0086
v -0.6018 5.2321 1.0162
v -0.5696 5.3099 1.1066
v -0.6493 5.3577 0.9958
v -0.6862 5.3299 0.8916
v -0.6679 5.2883 0.8964
v -0.7353 5.3867 0.7779
v -0.7161 5.3474 0.7796
v -0.7174 5.4082 0.8857
v -0.7671 5.4599 0.7766
v -0.6842 5.4553 0.9837
v -0.7518 5.5008 0.8804
v -0.8019 5.5465 0.7773
v -0.7837 5.5974 0.8766
v -0.8328 5.6372 0.7785
v -0.7169 5.5570 0.9726
v -0.6039 5.4107 1.0861
v -0.6391 5.5162 1.0680
v -0.7659 5.4430 0.6668
v -0.7463 5.4063 0.6668
v -0.7783 5.4966 0.5584
v -0.7584 5.4628 0.5575
v -0.7978 5.5108 0.6691
v -0.8105 5.5589 0.5621
v -0.7729 5.5463 0.4522
v -0.7529 5.5153 0.4514
v -0.8058 5.6035 0.4554
v -0.8447 5.6331 0.5677
v -0.8406 5.6719 0.4604
v -0.8710 5.7448 0.4663
v -0.8744 5.7116 0.5740
v -0.8320 5.5911 0.6730
v -0.8622 5.6756 0.6780
v -0.8521 5.8710 0.2478
v -0.8127 5.8963 0.1368
v -0.8709 5.9393 0.2497
v -0.8318 5.9630 0.1363
v -0.8971 5.9170 0.3644
v -0.8793 5.8459 0.3605
v -0.7611 5.9224 0.0306
v -0.6977 5.9489 -0.0673
v -0.7796 5.9886 0.0276
v -0.7149 6.0154 -0.0728
v -0.8444 6.0301 0.1368
v -0.7917 6.0557 0.0264
v -0.7261 6.0827 -0.0758
v -0.7989 6.1244 0.0260
v -0.7325 6.1511 -0.0776
v -0.8522 6.0991 0.1375
v -0.9088 5.9872 0.3678
v -0.8835 6.0074 0.2518
v -0.8915 6.0770 0.2534
v -0.9161 6.0584 0.3703
v -0.6236 5.9750 -0.1531
v -0.5412 5.9993 -0.2232
v -0.6391 6.0418 -0.1614
v -0.5547 6.0660 -0.2348
v -0.4534 6.0207 -0.2751
v -0.3627 6.0379 -0.3108
v -0.4646 6.0867 -0.2902
v -0.3717 6.1032 -0.3292
v -0.5636 6.1326 -0.2431
v -0.4723 6.1523 -0.3024
v -0.3780 6.1680 -0.3457
v -0.4769 6.2176 -0.3135
v -0.3819 6.2329 -0.3618
v -0.5687 6.1989 -0.2498
v -0.6492 6.1090 -0.1667
v -0.6549 6.1765 -0.1704
v -0.2712 6.0508 -0.3347
v -0.1796 6.0595 -0.3507
v -0.2779 6.1156 -0.3562
v -0.1841 6.1247 -0.3744
v -0.0884 6.0645 -0.3607
v -0.0907 6.1303 -0.3851
v -0.1874 6.1900 -0.3970
v -0.0924 6.1964 -0.4083
v -0.0935 6.2632 -0.4320
v -0.1895 6.2561 -0.4197
v -0.2827 6.1804 -0.3765
v -0.2858 6.2456 -0.3968
v -0.3513 5.4648 1.4114
v -0.3697 5.4788 1.3740
v -0.4299 5.5076 1.3054
v -0.4201 5.5897 1.3383
v -0.4680 5.6241 1.2726
v -0.3904 5.5760 1.3737
v -0.5062 5.5456 1.2227
v -0.5897 5.5857 1.1373
v -0.5419 5.6624 1.1944
v -0.6220 5.7000 1.1150
v -0.5145 5.7393 1.2428
v -0.5741 5.7824 1.1684
v -0.6490 5.8145 1.0941
v -0.6071 5.8828 1.1457
v -0.6684 5.9240 1.0746
v -0.5461 5.8570 1.2153
v -0.4299 5.6963 1.3390
v -0.4590 5.7109 1.3050
v -0.4945 5.8332 1.2750
v -0.4667 5.8195 1.3078
v -0.6706 5.6241 1.0506
v -0.7452 5.6603 0.9625
v -0.6975 5.7336 1.0342
v -0.7675 5.7638 0.9528
v -0.8090 5.6952 0.8729
v -0.8566 5.7292 0.7797
v -0.8268 5.7923 0.8684
v -0.8723 5.8202 0.7801
v -0.7827 5.8645 0.9428
v -0.8375 5.8862 0.8633
v -0.8803 5.9079 0.7790
v -0.8420 5.9769 0.8579
v -0.8827 5.9935 0.7767
v -0.7907 5.9607 0.9328
v -0.7184 5.8414 1.0186
v -0.7320 5.9438 1.0041
v -0.8849 5.7616 0.6825
v -0.8968 5.7919 0.5801
v -0.8997 5.8468 0.6858
v -0.9115 5.8716 0.5851
v -0.8944 5.8199 0.4722
v -0.9105 5.8948 0.4775
v -0.9200 5.9490 0.5886
v -0.9206 5.9682 0.4817
v -0.9265 6.0418 0.4843
v -0.9242 6.0259 0.5907
v -0.9076 5.9290 0.6877
v -0.9105 6.0100 0.6881
v -0.9202 6.1347 0.3714
v -0.8960 6.1524 0.2542
v -0.8565 6.1737 0.1377
v -0.8982 6.2380 0.2537
v -0.8582 6.2586 0.1369
v -0.9223 6.2211 0.3711
v -0.8025 6.1982 0.0255
v -0.7353 6.2236 -0.0793
v -0.8033 6.2817 0.0240
v -0.7353 6.3057 -0.0820
v -0.8576 6.3582 0.1341
v -0.8017 6.3804 0.0204
v -0.7328 6.4035 -0.0869
v -0.7970 6.4998 0.0133
v -0.7270 6.5233 -0.0959
v -0.8543 6.4779 0.1285
v -0.9231 6.3222 0.3691
v -0.8985 6.3385 0.2514
v -0.8965 6.4587 0.2468
v -0.9220 6.4434 0.3650
v -0.6572 6.2476 -0.1739
v -0.5708 6.2688 -0.2562
v -0.6567 6.3285 -0.1782
v -0.5701 6.3492 -0.2633
v -0.4788 6.2869 -0.3245
v -0.3837 6.3025 -0.3784
v -0.4782 6.3677 -0.3365
v -0.3833 6.3840 -0.3963
v -0.5667 6.4477 -0.2738
v -0.4750 6.4674 -0.3524
v -0.3806 6.4847 -0.4181
v -0.4689 6.5915 -0.3747
v -0.3752 6.6097 -0.4454
v -0.5602 6.5703 -0.2907
v -0.6535 6.4263 -0.1852
v -0.6471 6.5472 -0.1974
v -0.2873 6.3159 -0.4181
v -0.1906 6.3271 -0.4444
v -0.2871 6.3981 -0.4416
v -0.1905 6.4097 -0.4720
v -0.0941 6.3348 -0.4583
v -0.0941 6.4176 -0.4882
v -0.1890 6.5108 -0.5019
v -0.0933 6.5183 -0.5200
v -0.0916 6.6420 -0.5511
v -0.1858 6.6352 -0.5330
v -0.2849 6.4993 -0.4682
v -0.2805 6.6244 -0.4984
v -0.4982 5.9368 1.2804
v -0.5243 5.9476 1.2486
v -0.5714 5.9653 1.1910
v -0.5477 6.0507 1.2255
v -0.5908 6.0635 1.1698
v -0.5235 6.0434 1.2561
v -0.6268 5.9847 1.1247
v -0.6848 6.0039 1.0583
v -0.6411 6.0796 1.1063
v -0.6929 6.0979 1.0430
v -0.6057 6.1592 1.1506
v -0.6515 6.1765 1.0899
v -0.6976 6.1984 1.0291
v -0.6582 6.2884 1.0747
v -0.6995 6.3178 1.0164
v -0.6164 6.2653 1.1324
v -0.5435 6.1434 1.2338
v -0.5661 6.1478 1.2044
v -0.5800 6.2513 1.1840
v -0.5586 6.2478 1.2122
v -0.7392 6.0406 0.9910
v -0.7931 6.0541 0.9235
v -0.7451 6.1182 0.9807
v -0.7922 6.1498 0.9149
v -0.8416 6.0675 0.8520
v -0.8816 6.0810 0.7737
v -0.8385 6.1632 0.8456
v -0.8784 6.1757 0.7694
v -0.7920 6.2480 0.9078
v -0.8352 6.2716 0.8394
v -0.8752 6.2841 0.7643
v -0.8321 6.4005 0.8335
v -0.8736 6.4133 0.7594
v -0.7876 6.3783 0.8991
v -0.7446 6.2232 0.9695
v -0.7426 6.3492 0.9590
v -0.9103 6.0941 0.6869
v -0.9256 6.1068 0.5908
v -0.9087 6.1866 0.6844
v -0.9259 6.1968 0.5894
v -0.9295 6.1200 0.4853
v -0.9309 6.2077 0.4846
v -0.9259 6.3012 0.5862
v -0.9315 6.3101 0.4821
v -0.9310 6.4328 0.4784
v -0.9255 6.4261 0.5824
v -0.9070 6.2934 0.6802
v -0.9061 6.4208 0.6761
v -0.9171 6.5888 0.3590
v -0.8899 6.6029 0.2396
v -0.8461 6.6216 0.1196
v -0.8756 6.7697 0.2312
v -0.8303 6.7881 0.1098
v -0.9045 6.7565 0.3519
v -0.7874 6.6440 0.0024
v -0.7165 6.6687 -0.1097
v -0.7706 6.8111 -0.0091
v -0.6996 6.8371 -0.1239
v -0.8046 6.9688 0.1039
v -0.7451 6.9925 -0.0146
v -0.6753 7.0198 -0.1292
v -0.7110 7.1760 -0.0097
v -0.6440 7.2036 -0.1212
v -0.7687 7.1517 0.1059
v -0.8807 6.9376 0.3460
v -0.8506 6.9503 0.2252
v -0.8140 7.1327 0.2249
v -0.8441 7.1201 0.3441
v -0.6364 6.6944 -0.2157
v -0.5499 6.7194 -0.3141
v -0.6202 6.8646 -0.2338
v -0.5352 6.8915 -0.3354
v -0.4594 6.7420 -0.4019
v -0.3669 6.7608 -0.4744
v -0.4466 6.9154 -0.4238
v -0.3563 6.9346 -0.4946
v -0.5160 7.0767 -0.3401
v -0.4306 7.1013 -0.4267
v -0.3434 7.1204 -0.4953
v -0.4113 7.2831 -0.4098
v -0.3282 7.3008 -0.4770
v -0.4924 7.2595 -0.3256
v -0.5982 7.0486 -0.2392
v -0.5704 7.2322 -0.2278
v -0.2738 6.7751 -0.5276
v -0.1809 6.7850 -0.5609
v -0.2653 6.9483 -0.5453
v -0.1749 6.9572 -0.5762
v -0.0890 6.7908 -0.5777
v -0.0859 6.9621 -0.5913
v -0.1682 7.1409 -0.5736
v -0.0825 7.1448 -0.5880
v -0.0789 7.3212 -0.5697
v -0.1609 7.3184 -0.5549
v -0.2555 7.1332 -0.5440
v -0.2443 7.3121 -0.5253
v -0.5671 6.3711 1.1905
v -0.5877 6.3759 1.1638
v -0.6213 6.3958 1.1149
v -0.5703 6.5754 1.1472
v -0.6049 6.5931 1.0994
v -0.5494 6.5714 1.1737
v -0.6596 6.4274 1.0601
v -0.7004 6.4653 1.0062
v -0.6452 6.6222 1.0468
v -0.6870 6.6562 0.9941
v -0.6122 6.7532 1.0833
v -0.6497 6.7940 1.0340
v -0.6889 6.8370 0.9842
v -0.6381 7.0005 1.0232
v -0.6689 7.0376 0.9737
v -0.6075 6.9631 1.0713
v -0.5568 6.7113 1.1494
v -0.5778 6.7230 1.1261
v -0.5775 6.9332 1.1121
v -0.5573 6.9185 1.1338
v -0.7415 6.5030 0.9507
v -0.7846 6.5347 0.8920
v -0.7308 6.6881 0.9406
v -0.7763 6.7137 0.8832
v -0.8282 6.5563 0.8272
v -0.8681 6.5677 0.7542
v -0.8209 6.7310 0.8190
v -0.8612 6.7399 0.7461
v -0.7630 6.9017 0.8745
v -0.8027 6.9176 0.8113
v -0.8405 6.9243 0.7395
v -0.7778 7.1023 0.8053
v -0.8151 7.1076 0.7337
v -0.7410 7.0901 0.8676
v -0.7252 6.8745 0.9311
v -0.7041 7.0686 0.9229
v -0.9032 6.5718 0.6706
v -0.9224 6.5750 0.5768
v -0.8935 6.7433 0.6634
v -0.9127 6.7450 0.5700
v -0.9272 6.5798 0.4726
v -0.9162 6.7486 0.4659
v -0.8919 6.9272 0.5639
v -0.8939 6.9303 0.4600
v -0.8582 7.1130 0.4570
v -0.8576 7.1101 0.5600
v -0.8739 6.9261 0.6569
v -0.8424 7.1091 0.6522
v -0.7951 7.2933 0.3463
v -0.7662 7.3059 0.2309
v -0.7233 7.3244 0.1163
v -0.7081 7.4613 0.2409
v -0.6688 7.4780 0.1320
v -0.7345 7.4491 0.3510
v -0.6689 7.3478 0.0057
v -0.6060 7.3739 -0.1000
v -0.6190 7.4985 0.0274
v -0.5613 7.5212 -0.0717
v -0.6049 7.6077 0.1495
v -0.5608 7.6245 0.0514
v -0.5093 7.6430 -0.0410
v -0.4940 7.7262 0.0758
v -0.4497 7.7407 -0.0095
v -0.5313 7.7127 0.1670
v -0.6622 7.5822 0.3560
v -0.6394 7.5935 0.2520
v -0.5600 7.7006 0.2625
v -0.5787 7.6901 0.3596
v -0.5372 7.4003 -0.2007
v -0.4641 7.4249 -0.2938
v -0.4980 7.5442 -0.1658
v -0.4307 7.5652 -0.2534
v -0.3881 7.4457 -0.3753
v -0.3100 7.4610 -0.4415
v -0.3604 7.5825 -0.3308
v -0.2882 7.5950 -0.3937
v -0.3915 7.6791 -0.2088
v -0.3278 7.6930 -0.2795
v -0.2622 7.7029 -0.3370
v -0.2901 7.7796 -0.2231
v -0.2320 7.7870 -0.2742
v -0.3465 7.7688 -0.1607
v -0.4524 7.6619 -0.1281
v -0.4001 7.7553 -0.0887
v -0.2311 7.4705 -0.4896
v -0.1524 7.4754 -0.5201
v -0.2151 7.6026 -0.4401
v -0.1421 7.6063 -0.4706
v -0.0748 7.4774 -0.5358
v -0.0698 7.6077 -0.4871
v -0.1294 7.7113 -0.4102
v -0.0636 7.7122 -0.4271
v -0.0561 7.7930 -0.3589
v -0.1143 7.7927 -0.3425
v -0.1958 7.7086 -0.3803
v -0.1731 7.7910 -0.3141
v -0.5339 7.1264 1.1240
v -0.5546 7.1425 1.1046
v -0.5872 7.1689 1.0673
v -0.5222 7.3286 1.1025
v -0.5557 7.3501 1.0666
v -0.5019 7.3129 1.1205
v -0.6204 7.1992 1.0219
v -0.6523 7.2278 0.9734
v -0.5925 7.3729 1.0223
v -0.6269 7.3935 0.9739
v -0.5224 7.4960 1.0640
v -0.5556 7.5133 1.0192
v -0.5846 7.5287 0.9696
v -0.4991 7.6226 1.0084
v -0.5326 7.6359 0.9580
v -0.4711 7.6087 1.0536
v -0.4697 7.4652 1.1169
v -0.4899 7.4789 1.0995
v -0.4429 7.5946 1.0895
v -0.4255 7.5831 1.1069
v -0.6849 7.2507 0.9223
v -0.7169 7.2664 0.8664
v -0.6566 7.4099 0.9217
v -0.6865 7.4214 0.8645
v -0.7494 7.2755 0.8034
v -0.7771 7.2799 0.7319
v -0.7061 7.4285 0.8009
v -0.7243 7.4325 0.7295
v -0.6312 7.5503 0.8576
v -0.6434 7.5565 0.7939
v -0.6553 7.5607 0.7231
v -0.5672 7.6589 0.7811
v -0.5748 7.6637 0.7110
v -0.5593 7.6532 0.8448
v -0.6157 7.5414 0.9157
v -0.5485 7.6457 0.9035
v -0.7983 7.2815 0.6507
v -0.8091 7.2828 0.5592
v -0.7386 7.4348 0.6490
v -0.7474 7.4372 0.5586
v -0.8090 7.2861 0.4574
v -0.7471 7.4414 0.4586
v -0.6731 7.5682 0.5550
v -0.6729 7.5740 0.4580
v -0.5872 7.6814 0.4554
v -0.5875 7.6743 0.5473
v -0.6662 7.5642 0.6437
v -0.5826 7.6685 0.6331
v -0.4719 7.7841 0.2717
v -0.4494 7.7947 0.1837
v -0.3790 7.8457 0.2800
v -0.3625 7.8553 0.1999
v -0.3894 7.8362 0.3623
v -0.4862 7.7741 0.3615
v -0.4195 7.8057 0.1000
v -0.3833 7.8169 0.0226
v -0.3400 7.8645 0.1243
v -0.3119 7.8732 0.0551
v -0.2752 7.8947 0.2158
v -0.2591 7.9024 0.1484
v -0.2382 7.9090 0.0876
v -0.1810 7.9203 0.1715
v -0.1659 7.9248 0.1186
v -0.1924 7.9145 0.2310
v -0.2941 7.8778 0.3625
v -0.2868 7.8864 0.2879
v -0.2005 7.9078 0.2954
v -0.2057 7.9006 0.3631
v -0.3418 7.8279 -0.0478
v -0.2962 7.8378 -0.1104
v -0.2788 7.8811 -0.0065
v -0.2415 7.8878 -0.0599
v -0.2478 7.8455 -0.1641
v -0.1977 7.8504 -0.2088
v -0.2013 7.8926 -0.1055
v -0.1596 7.8951 -0.1438
v -0.1835 7.9186 -0.0109
v -0.1515 7.9210 -0.0493
v -0.1182 7.9214 -0.0818
v -0.1002 7.9299 0.0018
v -0.0747 7.9285 -0.0263
v -0.1247 7.9297 0.0346
v -0.2128 7.9145 0.0345
v -0.1469 7.9280 0.0731
v -0.1470 7.8526 -0.2445
v -0.0967 7.8530 -0.2704
v -0.1178 7.8954 -0.1748
v -0.0767 7.8945 -0.1978
v -0.0473 7.8526 -0.2857
v -0.0371 7.8933 -0.2118
v -0.0250 7.9160 -0.1416
v -0.0104 7.9196 -0.0793
v -0.0539 7.9179 -0.1290
v -0.0279 7.9226 -0.0684
v -0.0852 7.9201 -0.1086
v -0.0500 7.9258 -0.0501
v -0.3830 7.6829 1.0718
v -0.4057 7.6950 1.0340
v -0.3151 7.7485 1.0497
v -0.3427 7.7614 1.0135
v -0.3044 7.7390 1.0678
v -0.3687 7.6728 1.0897
v -0.4389 7.7083 0.9914
v -0.4565 7.7183 0.9411
v -0.3595 7.7713 0.9692
v -0.3718 7.7797 0.9205
v -0.2682 7.8050 0.9933
v -0.2803 7.8130 0.9501
v -0.2852 7.8206 0.9007
v -0.1983 7.8315 0.9342
v -0.2008 7.8394 0.8839
v -0.1898 7.8272 0.9764
v -0.2359 7.7834 1.0448
v -0.2513 7.7949 1.0271
v -0.1772 7.8181 1.0078
v -0.1724 7.8090 1.0246
v -0.4684 7.7264 0.8861
v -0.4757 7.7329 0.8269
v -0.3803 7.7867 0.8658
v -0.3850 7.7926 0.8063
v -0.4805 7.7385 0.7631
v -0.4846 7.7439 0.6937
v -0.3874 7.7983 0.7427
v -0.3892 7.8043 0.6746
v -0.2942 7.8343 0.7867
v -0.2955 7.8403 0.7233
v -0.2960 7.8467 0.6562
v -0.2093 7.8654 0.7069
v -0.2093 7.8720 0.6407
v -0.2082 7.8589 0.7700
v -0.2908 7.8282 0.8460
v -0.2052 7.8512 0.8292
v -0.4896 7.7499 0.6182
v -0.4929 7.7569 0.5369
v -0.3918 7.8110 0.6018
v -0.3942 7.8186 0.5248
v -0.4926 7.7650 0.4507
v -0.3940 7.8271 0.4445
v -0.2979 7.8611 0.5128
v -0.2975 7.8693 0.4380
v -0.2086 7.8932 0.4325
v -0.2095 7.8859 0.5026
v -0.2967 7.8536 0.5859
v -0.2093 7.8788 0.5723
v -0.1186 7.9168 0.2444
v -0.1244 7.9122 0.3022
v -0.0613 7.9037 0.3080
v -0.0571 7.9062 0.2551
v -0.1285 7.9068 0.3641
v -0.0645 7.9001 0.3655
v -0.0996 7.9226 0.1456
v -0.1105 7.9204 0.1918
v -0.0513 7.9076 0.2076
v -0.0436 7.9078 0.1660
v -0.0023 7.8881 0.1791
v -0.0075 7.8894 0.2180
v -0.0115 7.8894 0.2625
v -0.0144 7.8884 0.3123
v -0.0167 7.8862 0.3670
v -0.0694 7.9230 0.0726
v -0.0858 7.9235 0.1061
v -0.0339 7.9066 0.1304
v -0.0222 7.9043 0.0999
v -0.0324 7.9181 0.0181
v -0.0512 7.9212 0.0437
v -0.0092 7.9008 0.0728
v 0.0020 7.8959 0.0481
v 0.0290 7.8719 0.0639
v 0.0190 7.8771 0.0891
v 0.0098 7.8812 0.1159
v 0.0018 7.8845 0.1454
v -0.0022 7.9094 -0.0209
v -0.0142 7.9141 -0.0040
v 0.0155 7.8907 0.0259
v 0.0265 7.8845 0.0084
v 0.0053 7.9041 -0.0301
v 0.0319 7.8779 -0.0023
v 0.0522 7.8503 0.0091
v 0.0478 7.8577 0.0215
v 0.0391 7.8654 0.0406
v -0.0478 7.8117 0.9824
v -0.1073 7.8222 0.9926
v -0.1061 7.8135 1.0095
v -0.0486 7.8040 0.9989
v -0.1128 7.8317 0.9606
v -0.0500 7.8225 0.9502
v -0.0539 7.8325 0.9087
v -0.1187 7.8368 0.9189
v -0.1233 7.8457 0.8702
v -0.0582 7.8428 0.8608
v -0.0088 7.8278 0.8547
v -0.0056 7.8163 0.9023
v -0.0031 7.8046 0.9433
v -0.0026 7.7941 0.9750
v -0.0054 7.7867 0.9911
v -0.0620 7.8534 0.8072
v -0.1278 7.8587 0.8162
v -0.1309 7.8673 0.7573
v -0.0651 7.8622 0.7489
v -0.0673 7.8704 0.6868
v -0.1325 7.8746 0.6947
v -0.1329 7.8816 0.6293
v -0.0684 7.8780 0.6222
v -0.0193 7.8659 0.6186
v -0.0175 7.8577 0.6826
v -0.0150 7.8486 0.7440
v -0.0121 7.8386 0.8017
v -0.0682 7.8906 0.4908
v -0.1324 7.8948 0.4953
v -0.1329 7.8883 0.5625
v -0.0687 7.8847 0.5564
v -0.1311 7.9010 0.4288
v -0.0667 7.8958 0.4268
v -0.0185 7.8829 0.4262
v -0.0196 7.8785 0.4888
v -0.0200 7.8729 0.5534
v -0.0566 7.8419 0.0254
v -0.0604 7.8351 0.0121
v -0.0599 7.8337 0.0064
v -0.0026 7.8610 0.5525
v -0.0026 7.8667 0.4884
v -0.0034 7.8708 0.4266
v -0.0496 7.8498 0.0454
v 0.0143 7.8131 0.8514
v -0.0112 7.8245 0.7989
v -0.0265 7.8670 0.1224
v -0.0336 7.8624 0.0953
v -0.0415 7.8568 0.0695
v -0.0300 7.8731 -0.0066
v -0.0514 7.8473 0.0034
v -0.0205 7.8707 0.1519
v 0.0155 7.8734 0.1852
v 0.0116 7.8751 0.2232
v 0.0086 7.8758 0.2664
v 0.0064 7.8753 0.3148
v 0.0047 7.8736 0.3684
v 0.0172 7.8013 0.8985
v 0.0036 7.8536 0.6173
v 0.0191 7.7898 0.9389
v 0.0187 7.7805 0.9695
v 0.0055 7.8448 0.6809
v 0.0146 7.7772 0.9849
v 0.0081 7.8350 0.7418
v 0.2068 7.7768 0.2944
v 0.2115 7.7756 0.3627
v 0.1773 7.7788 0.2974
v 0.1809 7.7781 0.3632
v 0.1993 7.7781 0.2294
v 0.1714 7.7795 0.2351
v 0.1885 7.7794 0.1695
v 0.1628 7.7802 0.1780
v 0.1743 7.7804 0.1163
v 0.1512 7.7806 0.1275
v 0.1569 7.7809 0.0705
v 0.1366 7.7804 0.0841
v 0.1368 7.7807 0.0317
v 0.1194 7.7796 0.0472
v 0.1149 7.7796 -0.0014
v 0.1004 7.7781 0.0154
v 0.0804 7.7758 -0.0124
v 0.0919 7.7776 -0.0298
v 0.0452 7.7723 -0.0729
v 0.0686 7.7750 -0.0539
v 0.0600 7.7731 -0.0367
v 0.0395 7.7705 -0.0563
v -0.0014 7.7698 -0.0896
v 0.0219 7.7704 -0.0853
v 0.0190 7.7689 -0.0693
v -0.0014 7.7685 -0.0737
v 0.1772 7.7464 0.9843
v 0.1700 7.7452 0.9981
v 0.1533 7.7482 0.9805
v 0.1484 7.7462 0.9960
v 0.1845 7.7505 0.9551
v 0.1591 7.7528 0.9502
v 0.1917 7.7561 0.9170
v 0.1650 7.7589 0.9118
v 0.1984 7.7614 0.8725
v 0.1706 7.7646 0.8673
v 0.2039 7.7657 0.8221
v 0.1752 7.7692 0.8167
v 0.2078 7.7689 0.7659
v 0.1784 7.7725 0.7605
v 0.2104 7.7710 0.7048
v 0.1804 7.7748 0.6994
v 0.2120 7.7724 0.6399
v 0.1816 7.7762 0.6349
v 0.2131 7.7734 0.5723
v 0.1823 7.7770 0.5679
v 0.2140 7.7740 0.5029
v 0.1828 7.7774 0.4996
v 0.2137 7.7747 0.4326
v 0.1826 7.7777 0.4311
v 0.0804 7.7727 0.3103
v 0.1287 7.7783 0.3035
v 0.1253 7.7779 0.2461
v 0.0788 7.7710 0.2575
v 0.1308 7.7786 0.3650
v 0.0814 7.7743 0.3675
v 0.0381 7.7682 0.3697
v 0.0378 7.7657 0.3153
v -0.0012 7.7627 0.3172
v -0.0012 7.7656 0.3705
v 0.0372 7.7629 0.2658
v -0.0013 7.7560 0.2253
v 0.0360 7.7598 0.2213
v 0.0341 7.7566 0.1817
v 0.0760 7.7691 0.2099
v 0.0716 7.7669 0.1677
v 0.1199 7.7773 0.1939
v 0.1121 7.7765 0.1477
v 0.0655 7.7644 0.1309
v 0.1019 7.7752 0.1079
v 0.0895 7.7734 0.0735
v 0.0578 7.7618 0.0984
v 0.0313 7.7533 0.1467
v 0.0276 7.7500 0.1151
v -0.0013 7.7452 0.1210
v 0.0234 7.7471 0.0857
v 0.0187 7.7447 0.0574
v -0.0013 7.7397 0.0630
v 0.0489 7.7591 0.0688
v 0.0393 7.7567 0.0411
v 0.0756 7.7712 0.0433
v 0.0606 7.7688 0.0158
v 0.0293 7.7546 0.0151
v 0.0453 7.7663 -0.0090
v 0.0297 7.7642 -0.0298
v 0.0191 7.7532 -0.0072
v 0.0138 7.7429 0.0302
v 0.0088 7.7418 0.0064
v -0.0014 7.7369 0.0108
v -0.0014 7.7366 -0.0065
v 0.0037 7.7417 -0.0103
v -0.0014 7.7370 -0.0125
v 0.0089 7.7530 -0.0224
v -0.0014 7.7534 -0.0276
v 0.0142 7.7634 -0.0436
v -0.0014 7.7635 -0.0484
v 0.1107 7.7447 0.9883
v 0.1132 7.7472 0.9718
v 0.0718 7.7401 0.9637
v 0.0705 7.7376 0.9807
v 0.1171 7.7525 0.9410
v 0.0742 7.7459 0.9326
v 0.0334 7.7283 0.9757
v 0.0341 7.7303 0.9586
v -0.0009 7.7256 0.9570
v 0.0353 7.7367 0.9273
v -0.0009 7.7323 0.9256
v 0.0363 7.7452 0.8884
v 0.0372 7.7535 0.8437
v 0.0765 7.7535 0.8938
v 0.0786 7.7608 0.8492
v 0.1210 7.7592 0.9024
v 0.1248 7.7656 0.8578
v 0.1279 7.7708 0.8073
v 0.0804 7.7669 0.7988
v 0.1301 7.7746 0.7512
v 0.0816 7.7714 0.7432
v 0.0380 7.7603 0.7936
v -0.0010 7.7573 0.7921
v 0.0385 7.7657 0.7385
v -0.0010 7.7630 0.7371
v 0.0388 7.7695 0.6792
v 0.0388 7.7718 0.6170
v -0.0011 7.7697 0.6160
v 0.0823 7.7746 0.6833
v 0.0825 7.7765 0.6205
v 0.1314 7.7772 0.6907
v 0.1319 7.7787 0.6269
v 0.1321 7.7794 0.5613
v 0.1321 7.7794 0.4950
v 0.0821 7.7767 0.4916
v 0.0824 7.7771 0.5561
v 0.0387 7.7726 0.5533
v -0.0011 7.7706 0.5525
v 0.0385 7.7720 0.4899
v -0.0011 7.7699 0.4895
v 0.0383 7.7704 0.4282
v 0.0819 7.7757 0.4283
v 0.1318 7.7791 0.4292
v -0.1993 7.7781 0.2294
v -0.1885 7.7794 0.1695
v -0.1743 7.7804 0.1163
v -0.1628 7.7802 0.1780
v -0.1512 7.7806 0.1275
v -0.1714 7.7795 0.2351
v -0.2115 7.7756 0.3627
v -0.2068 7.7768 0.2944
v -0.1773 7.7788 0.2974
v -0.1809 7.7781 0.3632
v -0.1368 7.7807 0.0317
v -0.1149 7.7796 -0.0014
v -0.0919 7.7776 -0.0298
v -0.1004 7.7781 0.0154
v -0.0804 7.7758 -0.0124
v -0.1194 7.7796 0.0472
v -0.1569 7.7809 0.0705
v -0.1366 7.7804 0.0841
v -0.0219 7.7704 -0.0853
v -0.0190 7.7689 -0.0693
v -0.0452 7.7723 -0.0729
v -0.0395 7.7705 -0.0563
v -0.0686 7.7750 -0.0539
v -0.0600 7.7731 -0.0367
v -0.1845 7.7505 0.9551
v -0.1917 7.7561 0.9170
v -0.1984 7.7614 0.8725
v -0.1650 7.7589 0.9118
v -0.1706 7.7646 0.8673
v -0.1591 7.7528 0.9502
v -0.1700 7.7452 0.9982
v -0.1772 7.7464 0.9844
v -0.1533 7.7482 0.9805
v -0.1484 7.7462 0.9960
v -0.2078 7.7689 0.7659
v -0.2104 7.7710 0.7048
v -0.2120 7.7724 0.6399
v -0.1804 7.7748 0.6994
v -0.1816 7.7762 0.6349
v -0.1784 7.7725 0.7605
v -0.2039 7.7657 0.8221
v -0.1752 7.7692 0.8167
v -0.2140 7.7740 0.5029
v -0.2137 7.7747 0.4326
v -0.1826 7.7777 0.4311
v -0.1828 7.7774 0.4996
v -0.2131 7.7734 0.5723
v -0.1823 7.7770 0.5679
v -0.1253 7.7779 0.2461
v -0.1287 7.7783 0.3035
v -0.0804 7.7727 0.3103
v -0.0788 7.7710 0.2575
v -0.1308 7.7786 0.3650
v -0.0814 7.7743 0.3675
v -0.1121 7.7765 0.1477
v -0.1199 7.7773 0.1939
v -0.0760 7.7691 0.2099
v -0.0716 7.7669 0.1677
v -0.0341 7.7566 0.1817
v -0.0360 7.7598 0.2213
v -0.0372 7.7629 0.2658
v -0.0378 7.7657 0.3153
v -0.0381 7.7682 0.3697
v -0.0895 7.7734 0.0735
v -0.1019 7.7752 0.1079
v -0.0655 7.7644 0.1309
v -0.0578 7.7618 0.0984
v -0.0606 7.7688 0.0158
v -0.0756 7.7712 0.0433
v -0.0489 7.7591 0.0688
v -0.0393 7.7567 0.0411
v -0.0187 7.7447 0.0574
v -0.0234 7.7471 0.0857
v -0.0276 7.7500 0.1151
v -0.0313 7.7533 0.1467
v -0.0297 7.7642 -0.0298
v -0.0453 7.7663 -0.0090
v -0.0293 7.7546 0.0151
v -0.0191 7.7532 -0.0072
v -0.0142 7.7634 -0.0436
v -0.0089 7.7530 -0.0224
v -0.0037 7.7417 -0.0103
v -0.0088 7.7418 0.0064
v -0.0138 7.7429 0.0302
v -0.0718 7.7401 0.9637
v -0.1132 7.7472 0.9718
v -0.1107 7.7447 0.9883
v -0.0705 7.7376 0.9807
v -0.1171 7.7525 0.9410
v -0.0742 7.7459 0.9326
v -0.0765 7.7535 0.8938
v -0.1210 7.7592 0.9024
v -0.1248 7.7656 0.8578
v -0.0786 7.7608 0.8492
v -0.0372 7.7535 0.8437
v -0.0363 7.7452 0.8884
v -0.0353 7.7367 0.9273
v -0.0341 7.7303 0.9586
v -0.0334 7.7283 0.9757
v -0.0804 7.7669 0.7988
v -0.1279 7.7708 0.8073
v -0.1301 7.7746 0.7512
v -0.0816 7.7714 0.7432
v -0.0823 7.7746 0.6833
v -0.1314 7.7772 0.6907
v -0.1319 7.7787 0.6269
v -0.0825 7.7765 0.6205
v -0.0388 7.7718 0.6170
v -0.0388 7.7695 0.6792
v -0.0385 7.7657 0.7385
v -0.0380 7.7603 0.7936
v -0.0821 7.7767 0.4916
v -0.1321 7.7794 0.4950
v -0.1321 7.7794 0.5613
v -0.0824 7.7771 0.5561
v -0.1318 7.7791 0.4292
v -0.0819 7.7757 0.4283
v -0.0383 7.7704 0.4282
v -0.0385 7.7720 0.4899
v -0.0387 7.7726 0.5533
v -0.0012 7.7681 0.4283
v -0.0014 7.7380 0.0354
v -0.0010 7.7499 0.8421
v -0.0013 7.7421 0.0916
v -0.0014 7.7421 -0.0160
v -0.0013 7.7487 0.1523
v -0.0013 7.7524 0.1867
v -0.0012 7.7595 0.2687
v -0.0010 7.7413 0.8867
v -0.0010 7.7672 0.6780
v -0.0009 7.7239 0.9741
vt 0.7576 0.0419
vt 0.7322 0.0419
vt 0.7322 0.0070
vt 0.7576 0.0070
vt 0.7576 0.0767
vt 0.7322 0.0767
vt 0.7831 0.0767
vt 0.7831 0.0419
vt 0.7831 0.0070
vt 0.7068 0.0070
vt 0.7068 0.0419
vt 0.6813 0.0419
vt 0.6813 0.0070
vt 0.7068 0.0767
vt 0.6813 0.0767
vt 0.7322 0.1115
vt 0.7068 0.1115
vt 0.6812 0.1115
vt 0.7067 0.1465
vt 0.6812 0.1465
vt 0.7322 0.1465
vt 0.7831 0.1115
vt 0.7576 0.1115
vt 0.7576 0.1465
vt 0.7831 0.1465
vt 0.8819 0.0419
vt 0.8572 0.0419
vt 0.8572 0.0070
vt 0.8819 0.0070
vt 0.8325 0.0419
vt 0.8325 0.0070
vt 0.8572 0.0767
vt 0.8325 0.0767
vt 0.8819 0.0767
vt 0.8078 0.0419
vt 0.8078 0.0070
vt 0.8078 0.0767
vt 0.8325 0.1115
vt 0.8078 0.1115
vt 0.8078 0.1465
vt 0.8325 0.1465
vt 0.8819 0.1115
vt 0.8572 0.1115
vt 0.8572 0.1465
vt 0.8819 0.1465
vt 0.9807 0.0070
vt 0.9807 0.0419
vt 0.9560 0.0419
vt 0.9560 0.0070
vt 0.9313 0.0419
vt 0.9313 0.0070
vt 0.9560 0.0767
vt 0.9313 0.0767
vt 0.9807 0.0767
vt 0.9066 0.0419
vt 0.9066 0.0070
vt 0.9066 0.0767
vt 0.9313 0.1115
vt 0.9066 0.1115
vt 0.9066 0.1465
vt 0.9313 0.1465
vt 0.9807 0.1115
vt 0.9560 0.1115
vt 0.9560 0.1465
vt 0.9807 0.1465
vt 0.7831 0.1813
vt 0.7576 0.1813
vt 0.7322 0.1813
vt 0.7576 0.2161
vt 0.7322 0.2161
vt 0.7831 0.2161
vt 0.7067 0.1813
vt 0.6812 0.1813
vt 0.7067 0.2161
vt 0.6812 0.2161
vt 0.7322 0.2509
vt 0.7067 0.2509
vt 0.6812 0.2509
vt 0.7067 0.2857
vt 0.6812 0.2857
vt 0.7322 0.2857
vt 0.7831 0.2509
vt 0.7576 0.2509
vt 0.7576 0.2857
vt 0.7831 0.2857
vt 0.8819 0.1813
vt 0.8572 0.1813
vt 0.8325 0.1813
vt 0.8572 0.2161
vt 0.8325 0.2161
vt 0.8819 0.2161
vt 0.8078 0.1813
vt 0.8078 0.2161
vt 0.8325 0.2509
vt 0.8078 0.2509
vt 0.8078 0.2857
vt 0.8325 0.2857
vt 0.8819 0.2509
vt 0.8572 0.2509
vt 0.8572 0.2857
vt 0.8819 0.2857
vt 0.9807 0.1813
vt 0.9560 0.1813
vt 0.9313 0.1813
vt 0.9560 0.2161
vt 0.9313 0.2161
vt 0.9807 0.2161
vt 0.9066 0.1813
vt 0.9066 0.2161
vt 0.9313 0.2509
vt 0.9066 0.2509
vt 0.9066 0.2857
vt 0.9313 0.2857
vt 0.9807 0.2509
vt 0.9560 0.2509
vt 0.9560 0.2857
vt 0.9807 0.2857
vt 0.7576 0.3205
vt 0.7322 0.3205
vt 0.7576 0.3554
vt 0.7322 0.3554
vt 0.7831 0.3554
vt 0.7831 0.3205
vt 0.7067 0.3205
vt 0.6812 0.3205
vt 0.7067 0.3554
vt 0.6812 0.3554
vt 0.7322 0.3903
vt 0.7067 0.3903
vt 0.6812 0.3903
vt 0.7067 0.4251
vt 0.6812 0.4251
vt 0.7322 0.4251
vt 0.7831 0.3903
vt 0.7576 0.3903
vt 0.7576 0.4251
vt 0.7831 0.4251
vt 0.8572 0.3205
vt 0.8325 0.3205
vt 0.8572 0.3554
vt 0.8325 0.3554
vt 0.8819 0.3554
vt 0.8819 0.3205
vt 0.8078 0.3205
vt 0.8078 0.3554
vt 0.8325 0.3903
vt 0.8078 0.3903
vt 0.8078 0.4251
vt 0.8325 0.4251
vt 0.8819 0.3903
vt 0.8572 0.3903
vt 0.8572 0.4251
vt 0.8819 0.4251
vt 0.9560 0.3205
vt 0.9313 0.3205
vt 0.9560 0.3554
vt 0.9313 0.3554
vt 0.9807 0.3554
vt 0.9807 0.3205
vt 0.9066 0.3205
vt 0.9066 0.3554
vt 0.9313 0.3903
vt 0.9066 0.3903
vt 0.9066 0.4251
vt 0.9313 0.4251
vt 0.9807 0.3903
vt 0.9560 0.3903
vt 0.9560 0.4251
vt 0.9807 0.4251
vt 0.7831 0.4600
vt 0.7576 0.4600
vt 0.7322 0.4600
vt 0.7576 0.4948
vt 0.7322 0.4948
vt 0.7831 0.4948
vt 0.7068 0.4600
vt 0.6812 0.4600
vt 0.7068 0.4948
vt 0.6813 0.4948
vt 0.7322 0.5296
vt 0.7068 0.5296
vt 0.6813 0.5296
vt 0.7068 0.5644
vt 0.6813 0.5644
vt 0.7322 0.5644
vt 0.7831 0.5296
vt 0.7576 0.5296
vt 0.7576 0.5644
vt 0.7831 0.5644
vt 0.8572 0.4600
vt 0.8325 0.4600
vt 0.8572 0.4948
vt 0.8325 0.4948
vt 0.8819 0.4948
vt 0.8819 0.4600
vt 0.8078 0.4600
vt 0.8078 0.4948
vt 0.8325 0.5296
vt 0.8078 0.5296
vt 0.8078 0.5644
vt 0.8325 0.5644
vt 0.8819 0.5296
vt 0.8572 0.5296
vt 0.8572 0.5644
vt 0.8819 0.5644
vt 0.9807 0.4600
vt 0.9560 0.4600
vt 0.9313 0.4600
vt 0.9560 0.4948
vt 0.9313 0.4948
vt 0.9807 0.4948
vt 0.9066 0.4600
vt 0.9066 0.4948
vt 0.9313 0.5296
vt 0.9066 0.5296
vt 0.9066 0.5644
vt 0.9313 0.5644
vt 0.9807 0.5296
vt 0.9560 0.5296
vt 0.9560 0.5644
vt 0.9807 0.5644
vt 0.7576 0.5994
vt 0.7322 0.5994
vt 0.7576 0.6342
vt 0.7323 0.6342
vt 0.7831 0.6342
vt 0.7831 0.5994
vt 0.7068 0.5994
vt 0.6814 0.5994
vt 0.7069 0.6342
vt 0.6814 0.6342
vt 0.7069 0.6690
vt 0.7323 0.6690
vt 0.7323 0.7038
vt 0.7069 0.7038
vt 0.6814 0.6690
vt 0.6815 0.7038
vt 0.7831 0.6690
vt 0.7577 0.6690
vt 0.7577 0.7038
vt 0.7831 0.7038
vt 0.8819 0.5994
vt 0.8572 0.5994
vt 0.8325 0.5994
vt 0.8572 0.6342
vt 0.8325 0.6342
vt 0.8819 0.6342
vt 0.8078 0.5994
vt 0.8078 0.6342
vt 0.8078 0.6690
vt 0.8325 0.6690
vt 0.8325 0.7038
vt 0.8078 0.7038
vt 0.8572 0.6690
vt 0.8819 0.6690
vt 0.8572 0.7038
vt 0.8819 0.7038
vt 0.9807 0.5994
vt 0.9560 0.5994
vt 0.9313 0.5994
vt 0.9560 0.6342
vt 0.9313 0.6342
vt 0.9807 0.6342
vt 0.9066 0.5994
vt 0.9066 0.6342
vt 0.9313 0.6690
vt 0.9066 0.6690
vt 0.9066 0.7038
vt 0.9313 0.7038
vt 0.9807 0.6690
vt 0.9560 0.6690
vt 0.9560 0.7038
vt 0.9807 0.7038
vt 0.7577 0.7735
vt 0.7577 0.7386
vt 0.7831 0.7386
vt 0.7831 0.7735
vt 0.7323 0.7386
vt 0.7323 0.7735
vt 0.6815 0.7386
vt 0.7070 0.7386
vt 0.7070 0.7735
vt 0.6816 0.7735
vt 0.6816 0.8084
vt 0.7070 0.8084
vt 0.7071 0.8432
vt 0.6818 0.8432
vt 0.7324 0.8084
vt 0.7324 0.8432
vt 0.7577 0.8432
vt 0.7577 0.8084
vt 0.7831 0.8084
vt 0.7831 0.8432
vt 0.8572 0.7735
vt 0.8572 0.7386
vt 0.8819 0.7386
vt 0.8819 0.7735
vt 0.8325 0.7386
vt 0.8325 0.7735
vt 0.8078 0.7386
vt 0.8078 0.7735
vt 0.8078 0.8084
vt 0.8078 0.8432
vt 0.8325 0.8084
vt 0.8325 0.8432
vt 0.8572 0.8432
vt 0.8572 0.8084
vt 0.8819 0.8084
vt 0.8819 0.8432
vt 0.9560 0.7735
vt 0.9560 0.7386
vt 0.9807 0.7386
vt 0.9807 0.7735
vt 0.9313 0.7386
vt 0.9313 0.7735
vt 0.9066 0.7735
vt 0.9066 0.7386
vt 0.9066 0.8084
vt 0.9066 0.8432
vt 0.9313 0.8084
vt 0.9313 0.8432
vt 0.9560 0.8432
vt 0.9560 0.8084
vt 0.9807 0.8084
vt 0.9807 0.8432
vt 0.8325 0.8781
vt 0.8572 0.8781
vt 0.8572 0.9127
vt 0.8325 0.9127
vt 0.8819 0.8781
vt 0.8819 0.9127
vt 0.7831 0.8781
vt 0.8078 0.8781
vt 0.8078 0.9127
vt 0.7831 0.9127
vt 0.7831 0.9475
vt 0.8078 0.9475
vt 0.8078 0.9824
vt 0.7831 0.9824
vt 0.8325 0.9475
vt 0.8078 0.9475
vt 0.8572 0.9824
vt 0.8572 0.9475
vt 0.8819 0.9475
vt 0.8819 0.9824
vt 0.8325 0.9824
vt 0.9313 0.8781
vt 0.9560 0.8781
vt 0.9560 0.9129
vt 0.9313 0.9129
vt 0.9807 0.8781
vt 0.9807 0.9129
vt 0.9066 0.8781
vt 0.9066 0.9129
vt 0.9066 0.9475
vt 0.9066 0.9824
vt 0.9313 0.9477
vt 0.9313 0.9825
vt 0.9560 0.9825
vt 0.9560 0.9477
vt 0.9807 0.9477
vt 0.9807 0.9825
vt 0.7322 0.0070
vt 0.7322 0.0419
vt 0.7576 0.0419
vt 0.7576 0.0070
vt 0.7831 0.0419
vt 0.7831 0.0070
vt 0.7576 0.0767
vt 0.7831 0.0767
vt 0.7322 0.0767
vt 0.7576 0.1115
vt 0.7831 0.1115
vt 0.7576 0.1465
vt 0.7831 0.1465
vt 0.7322 0.1115
vt 0.7322 0.1465
vt 0.7068 0.0767
vt 0.7068 0.1115
vt 0.7067 0.1465
vt 0.8572 0.0070
vt 0.8572 0.0419
vt 0.8819 0.0419
vt 0.8819 0.0070
vt 0.8572 0.0767
vt 0.8819 0.0767
vt 0.8325 0.0419
vt 0.8325 0.0767
vt 0.8325 0.0070
vt 0.8572 0.1115
vt 0.8819 0.1115
vt 0.8572 0.1465
vt 0.8819 0.1465
vt 0.8325 0.1115
vt 0.8325 0.1465
vt 0.8078 0.0767
vt 0.8078 0.1115
vt 0.8078 0.1465
vt 0.8078 0.0070
vt 0.8078 0.0419
vt 0.9560 0.0419
vt 0.9807 0.0419
vt 0.9807 0.0070
vt 0.9560 0.0070
vt 0.9560 0.0767
vt 0.9807 0.0767
vt 0.9313 0.0419
vt 0.9313 0.0767
vt 0.9313 0.0070
vt 0.9560 0.1115
vt 0.9807 0.1115
vt 0.9560 0.1465
vt 0.9807 0.1465
vt 0.9313 0.1115
vt 0.9313 0.1465
vt 0.9066 0.0767
vt 0.9066 0.1115
vt 0.9066 0.1465
vt 0.9066 0.0070
vt 0.9066 0.0419
vt 0.7576 0.1813
vt 0.7831 0.1813
vt 0.7576 0.2161
vt 0.7831 0.2161
vt 0.7322 0.1813
vt 0.7322 0.2161
vt 0.7576 0.2509
vt 0.7831 0.2509
vt 0.7576 0.2857
vt 0.7831 0.2857
vt 0.7322 0.2509
vt 0.7322 0.2857
vt 0.7067 0.2509
vt 0.7067 0.2161
vt 0.7067 0.2857
vt 0.7067 0.1813
vt 0.8572 0.1813
vt 0.8819 0.1813
vt 0.8572 0.2161
vt 0.8819 0.2161
vt 0.8325 0.1813
vt 0.8325 0.2161
vt 0.8572 0.2509
vt 0.8819 0.2509
vt 0.8572 0.2857
vt 0.8819 0.2857
vt 0.8325 0.2509
vt 0.8325 0.2857
vt 0.8078 0.2509
vt 0.8078 0.2161
vt 0.8078 0.2857
vt 0.8078 0.1813
vt 0.9560 0.1813
vt 0.9807 0.1813
vt 0.9560 0.2161
vt 0.9807 0.2161
vt 0.9313 0.1813
vt 0.9313 0.2161
vt 0.9560 0.2509
vt 0.9807 0.2509
vt 0.9560 0.2857
vt 0.9807 0.2857
vt 0.9313 0.2509
vt 0.9313 0.2857
vt 0.9066 0.2161
vt 0.9066 0.2509
vt 0.9066 0.2857
vt 0.9066 0.1813
vt 0.7322 0.3205
vt 0.7576 0.3205
vt 0.7831 0.3205
vt 0.7576 0.3554
vt 0.7831 0.3554
vt 0.7322 0.3554
vt 0.7576 0.3903
vt 0.7831 0.3903
vt 0.7576 0.4251
vt 0.7831 0.4251
vt 0.7322 0.3903
vt 0.7322 0.4251
vt 0.7067 0.3903
vt 0.7067 0.3554
vt 0.7067 0.4251
vt 0.7067 0.3205
vt 0.8325 0.3205
vt 0.8572 0.3205
vt 0.8819 0.3205
vt 0.8572 0.3554
vt 0.8819 0.3554
vt 0.8325 0.3554
vt 0.8572 0.3903
vt 0.8819 0.3903
vt 0.8572 0.4251
vt 0.8819 0.4251
vt 0.8325 0.3903
vt 0.8325 0.4251
vt 0.8078 0.3903
vt 0.8078 0.3554
vt 0.8078 0.4251
vt 0.8078 0.3205
vt 0.9313 0.3205
vt 0.9560 0.3205
vt 0.9807 0.3205
vt 0.9560 0.3554
vt 0.9807 0.3554
vt 0.9313 0.3554
vt 0.9560 0.3903
vt 0.9807 0.3903
vt 0.9560 0.4251
vt 0.9807 0.4251
vt 0.9313 0.3903
vt 0.9313 0.4251
vt 0.9066 0.3903
vt 0.9066 0.3554
vt 0.9066 0.4251
vt 0.9066 0.3205
vt 0.7576 0.4600
vt 0.7831 0.4600
vt 0.7576 0.4948
vt 0.7831 0.4948
vt 0.7322 0.4600
vt 0.7322 0.4948
vt 0.7576 0.5296
vt 0.7831 0.5296
vt 0.7576 0.5644
vt 0.7831 0.5644
vt 0.7322 0.5296
vt 0.7322 0.5644
vt 0.7068 0.4948
vt 0.7068 0.5296
vt 0.7068 0.5644
vt 0.7068 0.4600
vt 0.8325 0.4600
vt 0.8572 0.4600
vt 0.8819 0.4600
vt 0.8572 0.4948
vt 0.8819 0.4948
vt 0.8325 0.4948
vt 0.8572 0.5296
vt 0.8819 0.5296
vt 0.8572 0.5644
vt 0.8819 0.5644
vt 0.8325 0.5296
vt 0.8325 0.5644
vt 0.8078 0.5296
vt 0.8078 0.4948
vt 0.8078 0.5644
vt 0.8078 0.4600
vt 0.9560 0.4600
vt 0.9807 0.4600
vt 0.9560 0.4948
vt 0.9807 0.4948
vt 0.9313 0.4600
vt 0.9313 0.4948
vt 0.9560 0.5296
vt 0.9807 0.5296
vt 0.9560 0.5644
vt 0.9807 0.5644
vt 0.9313 0.5296
vt 0.9313 0.5644
vt 0.9066 0.4948
vt 0.9066 0.5296
vt 0.9066 0.5644
vt 0.9066 0.4600
vt 0.7322 0.5994
vt 0.7576 0.5994
vt 0.7831 0.5994
vt 0.7576 0.6342
vt 0.7831 0.6342
vt 0.7323 0.6342
vt 0.7577 0.6690
vt 0.7831 0.6690
vt 0.7831 0.7038
vt 0.7577 0.7038
vt 0.7323 0.6690
vt 0.7323 0.7038
vt 0.7069 0.6690
vt 0.7069 0.7038
vt 0.7068 0.5994
vt 0.8572 0.5994
vt 0.8819 0.5994
vt 0.8572 0.6342
vt 0.8819 0.6342
vt 0.8325 0.5994
vt 0.8325 0.6342
vt 0.8572 0.6690
vt 0.8819 0.6690
vt 0.8819 0.7038
vt 0.8572 0.7038
vt 0.8325 0.6690
vt 0.8325 0.7038
vt 0.8078 0.6690
vt 0.8078 0.7038
vt 0.8078 0.6342
vt 0.8078 0.5994
vt 0.9560 0.5994
vt 0.9807 0.5994
vt 0.9560 0.6342
vt 0.9807 0.6342
vt 0.9313 0.5994
vt 0.9313 0.6342
vt 0.9560 0.6690
vt 0.9807 0.6690
vt 0.9560 0.7038
vt 0.9807 0.7038
vt 0.9313 0.6690
vt 0.9313 0.7038
vt 0.9066 0.6342
vt 0.9066 0.6690
vt 0.9066 0.7038
vt 0.9066 0.5994
vt 0.7831 0.7386
vt 0.7577 0.7386
vt 0.7577 0.7735
vt 0.7831 0.7735
vt 0.7323 0.7386
vt 0.7323 0.7735
vt 0.7831 0.8084
vt 0.7577 0.8084
vt 0.7577 0.8432
vt 0.7831 0.8432
vt 0.7324 0.8084
vt 0.7324 0.8432
vt 0.8819 0.7386
vt 0.8572 0.7386
vt 0.8572 0.7735
vt 0.8819 0.7735
vt 0.8325 0.7386
vt 0.8325 0.7735
vt 0.8819 0.8084
vt 0.8572 0.8084
vt 0.8572 0.8432
vt 0.8819 0.8432
vt 0.8325 0.8084
vt 0.8325 0.8432
vt 0.8078 0.8432
vt 0.8078 0.8084
vt 0.8078 0.7735
vt 0.8078 0.7386
vt 0.9807 0.7386
vt 0.9560 0.7386
vt 0.9560 0.7735
vt 0.9807 0.7735
vt 0.9313 0.7386
vt 0.9313 0.7735
vt 0.9807 0.8084
vt 0.9560 0.8084
vt 0.9560 0.8432
vt 0.9807 0.8432
vt 0.9313 0.8084
vt 0.9313 0.8432
vt 0.9066 0.8432
vt 0.9066 0.8084
vt 0.9066 0.7735
vt 0.9066 0.7386
vt 0.8572 0.9127
vt 0.8572 0.8781
vt 0.8325 0.8781
vt 0.8325 0.9127
vt 0.8819 0.8781
vt 0.8819 0.9127
vt 0.8078 0.9127
vt 0.7831 0.9127
vt 0.8078 0.8781
vt 0.7831 0.8781
vt 0.9560 0.9129
vt 0.9560 0.8781
vt 0.9313 0.8781
vt 0.9313 0.9129
vt 0.9807 0.8781
vt 0.9807 0.9129
vt 0.9066 0.9129
vt 0.9066 0.8781
vt 0.7576 0.5994
vt 0.7576 0.5644
vt 0.7322 0.5644
vt 0.7322 0.5994
vt 0.7576 0.6342
vt 0.7323 0.6342
vt 0.7831 0.6342
vt 0.7831 0.5994
vt 0.7831 0.5644
vt 0.7068 0.5644
vt 0.7068 0.5994
vt 0.6813 0.5644
vt 0.6814 0.5994
vt 0.7069 0.6342
vt 0.6814 0.6342
vt 0.7069 0.6690
vt 0.7069 0.7038
vt 0.7323 0.7038
vt 0.7323 0.6690
vt 0.6814 0.6690
vt 0.6815 0.7038
vt 0.7577 0.6690
vt 0.7831 0.6690
vt 0.7577 0.7038
vt 0.7831 0.7038
vt 0.8819 0.5994
vt 0.8819 0.5644
vt 0.8572 0.5644
vt 0.8572 0.5994
vt 0.8325 0.5644
vt 0.8325 0.5994
vt 0.8572 0.6342
vt 0.8325 0.6342
vt 0.8819 0.6342
vt 0.8078 0.5644
vt 0.8078 0.5994
vt 0.8078 0.6342
vt 0.8078 0.6690
vt 0.8078 0.7038
vt 0.8325 0.7038
vt 0.8325 0.6690
vt 0.8572 0.6690
vt 0.8819 0.6690
vt 0.8572 0.7038
vt 0.8819 0.7038
vt 0.9807 0.5994
vt 0.9807 0.5644
vt 0.9560 0.5644
vt 0.9560 0.5994
vt 0.9313 0.5644
vt 0.9313 0.5994
vt 0.9560 0.6342
vt 0.9313 0.6342
vt 0.9807 0.6342
vt 0.9066 0.5644
vt 0.9066 0.5994
vt 0.9066 0.6342
vt 0.9313 0.6690
vt 0.9066 0.6690
vt 0.9066 0.7038
vt 0.9313 0.7038
vt 0.9807 0.6690
vt 0.9560 0.6690
vt 0.9560 0.7038
vt 0.9807 0.7038
vt 0.7577 0.7735
vt 0.7831 0.7735
vt 0.7831 0.7386
vt 0.7577 0.7386
vt 0.7323 0.7386
vt 0.7323 0.7735
vt 0.6815 0.7386
vt 0.6816 0.7735
vt 0.7070 0.7735
vt 0.7070 0.7386
vt 0.6816 0.8084
vt 0.6818 0.8432
vt 0.7071 0.8432
vt 0.7070 0.8084
vt 0.7324 0.8432
vt 0.7324 0.8084
vt 0.7577 0.8432
vt 0.7831 0.8432
vt 0.7831 0.8084
vt 0.7577 0.8084
vt 0.8572 0.7735
vt 0.8819 0.7735
vt 0.8819 0.7386
vt 0.8572 0.7386
vt 0.8325 0.7386
vt 0.8325 0.7735
vt 0.8078 0.7386
vt 0.8078 0.7735
vt 0.8078 0.8432
vt 0.8078 0.8084
vt 0.8325 0.8432
vt 0.8325 0.8084
vt 0.8572 0.8432
vt 0.8819 0.8432
vt 0.8819 0.8084
vt 0.8572 0.8084
vt 0.9560 0.7735
vt 0.9807 0.7735
vt 0.9807 0.7386
vt 0.9560 0.7386
vt 0.9313 0.7386
vt 0.9313 0.7735
vt 0.9066 0.7735
vt 0.9066 0.7386
vt 0.9066 0.8432
vt 0.9066 0.8084
vt 0.9313 0.8432
vt 0.9313 0.8084
vt 0.9560 0.8432
vt 0.9807 0.8432
vt 0.9807 0.8084
vt 0.9560 0.8084
vt 0.8325 0.8781
vt 0.8325 0.9127
vt 0.8572 0.9127
vt 0.8572 0.8781
vt 0.8819 0.9127
vt 0.8819 0.8781
vt 0.7831 0.8781
vt 0.7831 0.9127
vt 0.8078 0.9127
vt 0.8078 0.8781
vt 0.7831 0.9475
vt 0.7831 0.9824
vt 0.8078 0.9824
vt 0.8078 0.9475
vt 0.8078 0.9475
vt 0.8325 0.9475
vt 0.8572 0.9824
vt 0.8819 0.9824
vt 0.8819 0.9475
vt 0.8572 0.9475
vt 0.8325 0.9824
vt 0.9313 0.8781
vt 0.9313 0.9129
vt 0.9560 0.9129
vt 0.9560 0.8781
vt 0.9807 0.9129
vt 0.9807 0.8781
vt 0.9066 0.9129
vt 0.9066 0.8781
vt 0.9066 0.9824
vt 0.9066 0.9475
vt 0.9313 0.9825
vt 0.9313 0.9477
vt 0.9560 0.9825
vt 0.9807 0.9825
vt 0.9807 0.9477
vt 0.9560 0.9477
vt 0.7322 0.5644
vt 0.7576 0.5644
vt 0.7576 0.5994
vt 0.7322 0.5994
vt 0.7831 0.5644
vt 0.7831 0.5994
vt 0.7831 0.6342
vt 0.7576 0.6342
vt 0.7323 0.6342
vt 0.7577 0.6690
vt 0.7831 0.6690
vt 0.7831 0.7038
vt 0.7577 0.7038
vt 0.7323 0.7038
vt 0.7323 0.6690
vt 0.7069 0.7038
vt 0.7069 0.6690
vt 0.7068 0.5994
vt 0.7068 0.5644
vt 0.8572 0.5644
vt 0.8819 0.5644
vt 0.8819 0.5994
vt 0.8572 0.5994
vt 0.8819 0.6342
vt 0.8572 0.6342
vt 0.8325 0.5994
vt 0.8325 0.6342
vt 0.8325 0.5644
vt 0.8819 0.6690
vt 0.8572 0.6690
vt 0.8819 0.7038
vt 0.8572 0.7038
vt 0.8325 0.7038
vt 0.8325 0.6690
vt 0.8078 0.7038
vt 0.8078 0.6690
vt 0.8078 0.6342
vt 0.8078 0.5644
vt 0.8078 0.5994
vt 0.9560 0.5644
vt 0.9807 0.5644
vt 0.9807 0.5994
vt 0.9560 0.5994
vt 0.9807 0.6342
vt 0.9560 0.6342
vt 0.9313 0.5994
vt 0.9313 0.6342
vt 0.9313 0.5644
vt 0.9807 0.6690
vt 0.9560 0.6690
vt 0.9807 0.7038
vt 0.9560 0.7038
vt 0.9313 0.7038
vt 0.9313 0.6690
vt 0.9066 0.6342
vt 0.9066 0.6690
vt 0.9066 0.7038
vt 0.9066 0.5644
vt 0.9066 0.5994
vt 0.7831 0.7386
vt 0.7831 0.7735
vt 0.7577 0.7735
vt 0.7577 0.7386
vt 0.7323 0.7735
vt 0.7323 0.7386
vt 0.7831 0.8084
vt 0.7831 0.8432
vt 0.7577 0.8432
vt 0.7577 0.8084
vt 0.7324 0.8432
vt 0.7324 0.8084
vt 0.8819 0.7386
vt 0.8819 0.7735
vt 0.8572 0.7735
vt 0.8572 0.7386
vt 0.8325 0.7735
vt 0.8325 0.7386
vt 0.8819 0.8084
vt 0.8819 0.8432
vt 0.8572 0.8432
vt 0.8572 0.8084
vt 0.8325 0.8432
vt 0.8325 0.8084
vt 0.8078 0.8432
vt 0.8078 0.8084
vt 0.8078 0.7735
vt 0.8078 0.7386
vt 0.9807 0.7386
vt 0.9807 0.7735
vt 0.9560 0.7735
vt 0.9560 0.7386
vt 0.9313 0.7735
vt 0.9313 0.7386
vt 0.9807 0.8084
vt 0.9807 0.8432
vt 0.9560 0.8432
vt 0.9560 0.8084
vt 0.9313 0.8432
vt 0.9313 0.8084
vt 0.9066 0.8432
vt 0.9066 0.8084
vt 0.9066 0.7735
vt 0.9066 0.7386
vt 0.8572 0.9127
vt 0.8325 0.9127
vt 0.8325 0.8781
vt 0.8572 0.8781
vt 0.8819 0.8781
vt 0.8819 0.9127
vt 0.7831 0.9127
vt 0.8078 0.9127
vt 0.7831 0.8781
vt 0.8078 0.8781
vt 0.9560 0.9129
vt 0.9313 0.9129
vt 0.9313 0.8781
vt 0.9560 0.8781
vt 0.9807 0.8781
vt 0.9807 0.9129
vt 0.9066 0.9129
vt 0.9066 0.8781
vt 0.2451 0.0070
vt 0.2451 0.0420
vt 0.2203 0.0420
vt 0.2202 0.0070
vt 0.2452 0.0768
vt 0.2204 0.0768
vt 0.2699 0.0420
vt 0.2700 0.0768
vt 0.2699 0.0070
vt 0.2452 0.1118
vt 0.2205 0.1118
vt 0.2453 0.1468
vt 0.2206 0.1468
vt 0.2700 0.1118
vt 0.2700 0.1468
vt 0.2947 0.0768
vt 0.2947 0.1118
vt 0.2949 0.1468
vt 0.3196 0.1118
vt 0.3196 0.1468
vt 0.3196 0.0768
vt 0.2947 0.0070
vt 0.2947 0.0420
vt 0.3196 0.0420
vt 0.3196 0.0070
vt 0.4572 0.0070
vt 0.4572 0.0420
vt 0.4324 0.0420
vt 0.4324 0.0070
vt 0.4572 0.0768
vt 0.4324 0.0768
vt 0.4819 0.0420
vt 0.4819 0.0768
vt 0.4819 0.0070
vt 0.4572 0.1118
vt 0.4324 0.1118
vt 0.4572 0.1468
vt 0.4324 0.1468
vt 0.4819 0.1118
vt 0.4819 0.1468
vt 0.5067 0.0768
vt 0.5067 0.1118
vt 0.5067 0.1468
vt 0.5316 0.1118
vt 0.5316 0.1468
vt 0.5316 0.0768
vt 0.5067 0.0070
vt 0.5067 0.0420
vt 0.5316 0.0420
vt 0.5316 0.0070
vt 0.5563 0.0070
vt 0.5563 0.0420
vt 0.5563 0.0768
vt 0.5461 0.0420
vt 0.5461 0.0768
vt 0.5213 0.0768
vt 0.5213 0.0420
vt 0.5461 0.0070
vt 0.5213 0.0070
vt 0.5563 0.1118
vt 0.5563 0.1468
vt 0.5461 0.1118
vt 0.5461 0.1468
vt 0.5213 0.1468
vt 0.5213 0.1118
vt 0.5597 0.0768
vt 0.5597 0.1118
vt 0.5349 0.1118
vt 0.5349 0.0768
vt 0.5597 0.1468
vt 0.5349 0.1468
vt 0.5424 0.1118
vt 0.5424 0.1468
vt 0.5177 0.1468
vt 0.5177 0.1118
vt 0.5177 0.0768
vt 0.5424 0.0768
vt 0.5597 0.0070
vt 0.5597 0.0420
vt 0.5349 0.0420
vt 0.5349 0.0070
vt 0.5424 0.0420
vt 0.5177 0.0420
vt 0.5424 0.0070
vt 0.5177 0.0070
vt 0.0609 0.0420
vt 0.0361 0.0420
vt 0.0361 0.0070
vt 0.0609 0.0070
vt 0.0609 0.0768
vt 0.0361 0.0768
vt 0.0857 0.0420
vt 0.0857 0.0768
vt 0.0857 0.0070
vt 0.0609 0.1118
vt 0.0361 0.1118
vt 0.0609 0.1468
vt 0.0361 0.1468
vt 0.0857 0.1118
vt 0.0857 0.1468
vt 0.1104 0.0768
vt 0.1104 0.1118
vt 0.1104 0.1468
vt 0.1352 0.1118
vt 0.1352 0.1468
vt 0.1352 0.0768
vt 0.1104 0.0070
vt 0.1104 0.0420
vt 0.1352 0.0420
vt 0.1352 0.0070
vt 0.1600 0.0070
vt 0.1600 0.0420
vt 0.1600 0.0768
vt 0.1847 0.0420
vt 0.1847 0.0768
vt 0.1847 0.0070
vt 0.1600 0.1118
vt 0.1600 0.1468
vt 0.1847 0.1118
vt 0.1847 0.1468
vt 0.2095 0.0768
vt 0.2095 0.1118
vt 0.2095 0.1468
vt 0.2343 0.1118
vt 0.2343 0.1468
vt 0.2343 0.0768
vt 0.2095 0.0070
vt 0.2095 0.0420
vt 0.2343 0.0420
vt 0.2343 0.0070
vt 0.2590 0.0070
vt 0.2590 0.0420
vt 0.2590 0.0768
vt 0.2837 0.0420
vt 0.2838 0.0768
vt 0.2837 0.0070
vt 0.2590 0.1118
vt 0.2591 0.1468
vt 0.2838 0.1118
vt 0.2839 0.1468
vt 0.3086 0.0768
vt 0.3086 0.1118
vt 0.3087 0.1468
vt 0.3334 0.1118
vt 0.3335 0.1468
vt 0.3333 0.0768
vt 0.3084 0.0070
vt 0.3085 0.0420
vt 0.3332 0.0420
vt 0.3331 0.0070
vt 0.2700 0.1817
vt 0.2453 0.1817
vt 0.2206 0.1817
vt 0.2453 0.2165
vt 0.2206 0.2165
vt 0.2700 0.2165
vt 0.2453 0.2515
vt 0.2206 0.2515
vt 0.2453 0.2865
vt 0.2206 0.2865
vt 0.2702 0.2515
vt 0.2702 0.2865
vt 0.2949 0.2515
vt 0.2949 0.2165
vt 0.2949 0.2865
vt 0.3196 0.2515
vt 0.3196 0.2865
vt 0.3196 0.2165
vt 0.2949 0.1817
vt 0.3196 0.1817
vt 0.4572 0.1817
vt 0.4324 0.1817
vt 0.4572 0.2165
vt 0.4324 0.2165
vt 0.4819 0.1817
vt 0.4819 0.2165
vt 0.4572 0.2515
vt 0.4324 0.2515
vt 0.4572 0.2865
vt 0.4324 0.2865
vt 0.4819 0.2515
vt 0.4819 0.2865
vt 0.5067 0.2165
vt 0.5067 0.2515
vt 0.5067 0.2865
vt 0.5316 0.2515
vt 0.5316 0.2865
vt 0.5316 0.2165
vt 0.5316 0.1817
vt 0.5067 0.1817
vt 0.5563 0.1817
vt 0.5563 0.2165
vt 0.5461 0.1817
vt 0.5461 0.2165
vt 0.5213 0.2165
vt 0.5213 0.1817
vt 0.5563 0.2515
vt 0.5563 0.2865
vt 0.5461 0.2515
vt 0.5461 0.2865
vt 0.5213 0.2865
vt 0.5213 0.2515
vt 0.5597 0.2165
vt 0.5597 0.2515
vt 0.5349 0.2515
vt 0.5349 0.2165
vt 0.5597 0.2865
vt 0.5349 0.2865
vt 0.5424 0.2515
vt 0.5424 0.2865
vt 0.5177 0.2865
vt 0.5177 0.2515
vt 0.5177 0.2165
vt 0.5424 0.2165
vt 0.5424 0.1817
vt 0.5177 0.1817
vt 0.5597 0.1817
vt 0.5349 0.1817
vt 0.0609 0.1817
vt 0.0361 0.1817
vt 0.0609 0.2165
vt 0.0361 0.2165
vt 0.0857 0.1817
vt 0.0857 0.2165
vt 0.0609 0.2515
vt 0.0361 0.2515
vt 0.0609 0.2865
vt 0.0361 0.2865
vt 0.0857 0.2515
vt 0.0857 0.2865
vt 0.1104 0.2165
vt 0.1104 0.2515
vt 0.1104 0.2865
vt 0.1352 0.2515
vt 0.1352 0.2865
vt 0.1352 0.2165
vt 0.1104 0.1817
vt 0.1352 0.1817
vt 0.1600 0.1817
vt 0.1600 0.2165
vt 0.1847 0.1817
vt 0.1847 0.2165
vt 0.1600 0.2515
vt 0.1600 0.2865
vt 0.1847 0.2515
vt 0.1847 0.2865
vt 0.2095 0.2165
vt 0.2095 0.2515
vt 0.2095 0.2865
vt 0.2343 0.2515
vt 0.2343 0.2865
vt 0.2343 0.2165
vt 0.2095 0.1817
vt 0.2343 0.1817
vt 0.2591 0.1817
vt 0.2591 0.2165
vt 0.2839 0.1817
vt 0.2839 0.2165
vt 0.2591 0.2515
vt 0.2591 0.2865
vt 0.2839 0.2515
vt 0.2839 0.2865
vt 0.3087 0.2165
vt 0.3087 0.2515
vt 0.3087 0.2865
vt 0.3335 0.2515
vt 0.3335 0.2865
vt 0.3335 0.2165
vt 0.3087 0.1817
vt 0.3335 0.1817
vt 0.2453 0.3214
vt 0.2206 0.3214
vt 0.2453 0.3562
vt 0.2206 0.3562
vt 0.2700 0.3214
vt 0.2700 0.3562
vt 0.2453 0.3912
vt 0.2206 0.3912
vt 0.2453 0.4262
vt 0.2206 0.4262
vt 0.2700 0.3912
vt 0.2700 0.4262
vt 0.2949 0.3562
vt 0.2949 0.3912
vt 0.2949 0.4262
vt 0.3196 0.3912
vt 0.3196 0.4262
vt 0.3196 0.3562
vt 0.2949 0.3214
vt 0.3196 0.3214
vt 0.4572 0.3214
vt 0.4324 0.3214
vt 0.4572 0.3562
vt 0.4324 0.3562
vt 0.4819 0.3214
vt 0.4819 0.3562
vt 0.4572 0.3912
vt 0.4324 0.3912
vt 0.4572 0.4262
vt 0.4324 0.4262
vt 0.4819 0.3912
vt 0.4819 0.4262
vt 0.5067 0.3562
vt 0.5067 0.3912
vt 0.5067 0.4262
vt 0.5316 0.3912
vt 0.5316 0.4262
vt 0.5316 0.3562
vt 0.5067 0.3214
vt 0.5316 0.3214
vt 0.5563 0.3214
vt 0.5563 0.3562
vt 0.5461 0.3214
vt 0.5461 0.3562
vt 0.5213 0.3562
vt 0.5213 0.3214
vt 0.5563 0.3912
vt 0.5563 0.4262
vt 0.5461 0.3912
vt 0.5461 0.4262
vt 0.5213 0.4262
vt 0.5213 0.3912
vt 0.5597 0.3562
vt 0.5597 0.3912
vt 0.5349 0.3912
vt 0.5349 0.3562
vt 0.5597 0.4262
vt 0.5349 0.4262
vt 0.5424 0.3912
vt 0.5424 0.4262
vt 0.5177 0.4262
vt 0.5177 0.3912
vt 0.5177 0.3562
vt 0.5424 0.3562
vt 0.5597 0.3214
vt 0.5349 0.3214
vt 0.5424 0.3214
vt 0.5177 0.3214
vt 0.0609 0.3214
vt 0.0361 0.3214
vt 0.0609 0.3562
vt 0.0361 0.3562
vt 0.0857 0.3214
vt 0.0857 0.3562
vt 0.0609 0.3912
vt 0.0361 0.3912
vt 0.0609 0.4262
vt 0.0361 0.4262
vt 0.0857 0.3912
vt 0.0857 0.4262
vt 0.1104 0.3562
vt 0.1104 0.3912
vt 0.1104 0.4262
vt 0.1352 0.3912
vt 0.1352 0.4262
vt 0.1352 0.3562
vt 0.1104 0.3214
vt 0.1352 0.3214
vt 0.1600 0.3214
vt 0.1600 0.3562
vt 0.1847 0.3214
vt 0.1847 0.3562
vt 0.1600 0.3912
vt 0.1600 0.4262
vt 0.1847 0.3912
vt 0.1847 0.4262
vt 0.2095 0.3562
vt 0.2095 0.3912
vt 0.2095 0.4262
vt 0.2343 0.3912
vt 0.2343 0.4262
vt 0.2343 0.3562
vt 0.2095 0.3214
vt 0.2343 0.3214
vt 0.2839 0.3214
vt 0.2591 0.3214
vt 0.2591 0.3562
vt 0.2839 0.3562
vt 0.2591 0.3912
vt 0.2591 0.4262
vt 0.2839 0.3912
vt 0.2839 0.4262
vt 0.3087 0.3912
vt 0.3087 0.3562
vt 0.3087 0.4262
vt 0.3335 0.3912
vt 0.3335 0.4262
vt 0.3335 0.3562
vt 0.3087 0.3214
vt 0.3335 0.3214
vt 0.2453 0.4611
vt 0.2206 0.4611
vt 0.2453 0.4960
vt 0.2206 0.4960
vt 0.2700 0.4611
vt 0.2700 0.4960
vt 0.2453 0.5309
vt 0.2206 0.5309
vt 0.2453 0.5659
vt 0.2206 0.5659
vt 0.2700 0.5309
vt 0.2700 0.5659
vt 0.2949 0.4960
vt 0.2949 0.5309
vt 0.2949 0.5659
vt 0.3196 0.5309
vt 0.3196 0.5659
vt 0.3196 0.4960
vt 0.3196 0.4611
vt 0.2949 0.4611
vt 0.4572 0.4611
vt 0.4324 0.4611
vt 0.4572 0.4960
vt 0.4324 0.4960
vt 0.4819 0.4611
vt 0.4819 0.4960
vt 0.4572 0.5309
vt 0.4324 0.5309
vt 0.4572 0.5659
vt 0.4324 0.5659
vt 0.4819 0.5309
vt 0.4819 0.5659
vt 0.5067 0.4960
vt 0.5067 0.5309
vt 0.5067 0.5659
vt 0.5316 0.5309
vt 0.5316 0.5659
vt 0.5316 0.4960
vt 0.5316 0.4611
vt 0.5067 0.4611
vt 0.5563 0.4611
vt 0.5563 0.4960
vt 0.5461 0.4611
vt 0.5461 0.4960
vt 0.5213 0.4960
vt 0.5213 0.4611
vt 0.5563 0.5309
vt 0.5563 0.5659
vt 0.5461 0.5309
vt 0.5461 0.5659
vt 0.5213 0.5659
vt 0.5213 0.5309
vt 0.5597 0.4960
vt 0.5597 0.5309
vt 0.5349 0.5309
vt 0.5349 0.4960
vt 0.5597 0.5659
vt 0.5349 0.5659
vt 0.5424 0.5309
vt 0.5424 0.5659
vt 0.5177 0.5659
vt 0.5177 0.5309
vt 0.5177 0.4960
vt 0.5424 0.4960
vt 0.5424 0.4611
vt 0.5177 0.4611
vt 0.5597 0.4611
vt 0.5349 0.4611
vt 0.0609 0.4611
vt 0.0361 0.4611
vt 0.0609 0.4960
vt 0.0361 0.4960
vt 0.0857 0.4611
vt 0.0857 0.4960
vt 0.0609 0.5309
vt 0.0361 0.5309
vt 0.0609 0.5659
vt 0.0361 0.5659
vt 0.0857 0.5309
vt 0.0857 0.5659
vt 0.1104 0.4960
vt 0.1104 0.5309
vt 0.1104 0.5659
vt 0.1352 0.5309
vt 0.1352 0.5659
vt 0.1352 0.4960
vt 0.1104 0.4611
vt 0.1352 0.4611
vt 0.1600 0.4611
vt 0.1600 0.4960
vt 0.1847 0.4611
vt 0.1847 0.4960
vt 0.1600 0.5309
vt 0.1600 0.5659
vt 0.1847 0.5309
vt 0.1847 0.5659
vt 0.2095 0.4960
vt 0.2095 0.5309
vt 0.2095 0.5659
vt 0.2343 0.5309
vt 0.2343 0.5659
vt 0.2343 0.4960
vt 0.2095 0.4611
vt 0.2343 0.4611
vt 0.2839 0.4611
vt 0.2591 0.4611
vt 0.2591 0.4960
vt 0.2839 0.4960
vt 0.2591 0.5309
vt 0.2591 0.5659
vt 0.2839 0.5659
vt 0.2839 0.5309
vt 0.3087 0.4960
vt 0.3087 0.5309
vt 0.3087 0.5659
vt 0.3335 0.5309
vt 0.3335 0.5659
vt 0.3335 0.4960
vt 0.3087 0.4611
vt 0.3335 0.4611
vt 0.2453 0.6009
vt 0.2206 0.6009
vt 0.2453 0.6357
vt 0.2206 0.6357
vt 0.2700 0.6009
vt 0.2700 0.6357
vt 0.2453 0.6706
vt 0.2206 0.6706
vt 0.2453 0.7056
vt 0.2206 0.7056
vt 0.2700 0.6706
vt 0.2700 0.7056
vt 0.2949 0.6357
vt 0.2949 0.6706
vt 0.2949 0.7056
vt 0.3196 0.6706
vt 0.3196 0.7056
vt 0.3196 0.6357
vt 0.2949 0.6009
vt 0.3196 0.6009
vt 0.4572 0.6009
vt 0.4324 0.6009
vt 0.4572 0.6357
vt 0.4324 0.6357
vt 0.4819 0.6009
vt 0.4819 0.6357
vt 0.4572 0.6706
vt 0.4324 0.6706
vt 0.4572 0.7056
vt 0.4324 0.7056
vt 0.4819 0.6706
vt 0.4819 0.7056
vt 0.5067 0.6357
vt 0.5067 0.6706
vt 0.5067 0.7056
vt 0.5316 0.6706
vt 0.5316 0.7056
vt 0.5316 0.6357
vt 0.5067 0.6009
vt 0.5316 0.6009
vt 0.5461 0.6009
vt 0.5213 0.6009
vt 0.5563 0.6009
vt 0.5563 0.6357
vt 0.5461 0.6357
vt 0.5213 0.6357
vt 0.5563 0.6706
vt 0.5563 0.7056
vt 0.5461 0.6706
vt 0.5461 0.7056
vt 0.5213 0.7056
vt 0.5213 0.6706
vt 0.5597 0.6706
vt 0.5349 0.6706
vt 0.5349 0.6357
vt 0.5597 0.6357
vt 0.5597 0.7056
vt 0.5349 0.7056
vt 0.5424 0.7056
vt 0.5177 0.7056
vt 0.5177 0.6706
vt 0.5424 0.6706
vt 0.5424 0.6357
vt 0.5177 0.6357
vt 0.5597 0.6009
vt 0.5349 0.6009
vt 0.5424 0.6009
vt 0.5177 0.6009
vt 0.0609 0.6009
vt 0.0361 0.6009
vt 0.0609 0.6357
vt 0.0361 0.6357
vt 0.0857 0.6009
vt 0.0857 0.6357
vt 0.0609 0.6706
vt 0.0361 0.6706
vt 0.0609 0.7056
vt 0.0361 0.7056
vt 0.0857 0.6706
vt 0.0857 0.7056
vt 0.1104 0.6357
vt 0.1104 0.6706
vt 0.1104 0.7056
vt 0.1352 0.6706
vt 0.1352 0.7056
vt 0.1352 0.6357
vt 0.1104 0.6009
vt 0.1352 0.6009
vt 0.1600 0.6009
vt 0.1600 0.6357
vt 0.1847 0.6009
vt 0.1847 0.6357
vt 0.1600 0.6706
vt 0.1600 0.7056
vt 0.1847 0.6706
vt 0.1847 0.7056
vt 0.2095 0.6357
vt 0.2095 0.6706
vt 0.2095 0.7056
vt 0.2343 0.6706
vt 0.2343 0.7056
vt 0.2343 0.6357
vt 0.2343 0.6009
vt 0.2095 0.6009
vt 0.2591 0.6009
vt 0.2591 0.6357
vt 0.2839 0.6357
vt 0.2839 0.6009
vt 0.2839 0.6706
vt 0.2591 0.6706
vt 0.2591 0.7056
vt 0.2839 0.7056
vt 0.3087 0.6706
vt 0.3087 0.6357
vt 0.3087 0.7056
vt 0.3335 0.6706
vt 0.3335 0.7056
vt 0.3335 0.6357
vt 0.3335 0.6009
vt 0.3087 0.6009
vt 0.2700 0.7406
vt 0.2453 0.7406
vt 0.2206 0.7406
vt 0.2453 0.7754
vt 0.2206 0.7754
vt 0.2700 0.7754
vt 0.2453 0.8103
vt 0.2206 0.8103
vt 0.2453 0.8453
vt 0.2206 0.8453
vt 0.2700 0.8103
vt 0.2700 0.8453
vt 0.2949 0.8103
vt 0.2949 0.7754
vt 0.2949 0.8453
vt 0.3196 0.8103
vt 0.3196 0.8453
vt 0.3196 0.7754
vt 0.2949 0.7406
vt 0.3196 0.7406
vt 0.4819 0.7406
vt 0.4572 0.7406
vt 0.4324 0.7406
vt 0.4572 0.7754
vt 0.4324 0.7754
vt 0.4819 0.7754
vt 0.4572 0.8103
vt 0.4324 0.8103
vt 0.4572 0.8453
vt 0.4324 0.8453
vt 0.4819 0.8103
vt 0.4819 0.8453
vt 0.5067 0.8103
vt 0.5067 0.7754
vt 0.5067 0.8453
vt 0.5316 0.8453
vt 0.5316 0.8103
vt 0.5316 0.7754
vt 0.5067 0.7406
vt 0.5316 0.7406
vt 0.5461 0.7406
vt 0.5213 0.7406
vt 0.5563 0.7406
vt 0.5563 0.7754
vt 0.5461 0.7754
vt 0.5213 0.7754
vt 0.5461 0.8103
vt 0.5213 0.8103
vt 0.5563 0.8103
vt 0.5563 0.8453
vt 0.5461 0.8453
vt 0.5213 0.8453
vt 0.5424 0.7754
vt 0.5424 0.8103
vt 0.5177 0.8103
vt 0.5177 0.7754
vt 0.5597 0.8103
vt 0.5349 0.8103
vt 0.5349 0.7754
vt 0.5597 0.7754
vt 0.5597 0.8453
vt 0.5349 0.8453
vt 0.5424 0.8453
vt 0.5177 0.8453
vt 0.5597 0.7406
vt 0.5349 0.7406
vt 0.5177 0.7406
vt 0.5424 0.7406
vt 0.0857 0.7406
vt 0.0609 0.7406
vt 0.0361 0.7406
vt 0.0609 0.7754
vt 0.0361 0.7754
vt 0.0857 0.7754
vt 0.0609 0.8103
vt 0.0361 0.8103
vt 0.0609 0.8453
vt 0.0361 0.8453
vt 0.0857 0.8103
vt 0.0857 0.8453
vt 0.1104 0.8103
vt 0.1104 0.7754
vt 0.1104 0.8453
vt 0.1352 0.8103
vt 0.1352 0.8453
vt 0.1352 0.7754
vt 0.1104 0.7406
vt 0.1352 0.7406
vt 0.1847 0.7406
vt 0.1600 0.7406
vt 0.1600 0.7754
vt 0.1847 0.7754
vt 0.1600 0.8103
vt 0.1600 0.8453
vt 0.1847 0.8103
vt 0.1847 0.8453
vt 0.2095 0.8103
vt 0.2095 0.7754
vt 0.2095 0.8453
vt 0.2343 0.8103
vt 0.2343 0.8453
vt 0.2343 0.7754
vt 0.2095 0.7406
vt 0.2343 0.7406
vt 0.2839 0.7406
vt 0.2591 0.7406
vt 0.2591 0.7754
vt 0.2839 0.7754
vt 0.2591 0.8103
vt 0.2591 0.8453
vt 0.2839 0.8103
vt 0.2839 0.8453
vt 0.3087 0.8103
vt 0.3087 0.7754
vt 0.3087 0.8453
vt 0.3335 0.8103
vt 0.3335 0.8453
vt 0.3335 0.7754
vt 0.3087 0.7406
vt 0.3335 0.7406
vt 0.2453 0.9148
vt 0.2453 0.8801
vt 0.2700 0.8801
vt 0.2700 0.9148
vt 0.2206 0.8800
vt 0.2206 0.9148
vt 0.2206 0.9496
vt 0.2453 0.9496
vt 0.2453 0.9844
vt 0.2206 0.9844
vt 0.2700 0.9496
vt 0.2700 0.9844
vt 0.2949 0.9844
vt 0.2949 0.9496
vt 0.3196 0.9498
vt 0.3196 0.9846
vt 0.2949 0.9149
vt 0.3196 0.9149
vt 0.2949 0.8801
vt 0.3196 0.8801
vt 0.4572 0.9149
vt 0.4572 0.8801
vt 0.4819 0.8801
vt 0.4819 0.9149
vt 0.4324 0.8801
vt 0.4324 0.9149
vt 0.4324 0.9498
vt 0.4572 0.9498
vt 0.4572 0.9846
vt 0.4324 0.9846
vt 0.4819 0.9499
vt 0.4819 0.9847
vt 0.5067 0.9849
vt 0.5067 0.9499
vt 0.5316 0.9501
vt 0.5316 0.9849
vt 0.5067 0.9151
vt 0.5316 0.9151
vt 0.5067 0.8801
vt 0.5316 0.8801
vt 0.5213 0.9152
vt 0.5213 0.8803
vt 0.5461 0.8803
vt 0.5461 0.9152
vt 0.5563 0.8803
vt 0.5563 0.9152
vt 0.5563 0.9502
vt 0.5563 0.9852
vt 0.5213 0.9852
vt 0.5213 0.9502
vt 0.5461 0.9503
vt 0.5461 0.9853
vt 0.5177 0.9855
vt 0.5177 0.9505
vt 0.5424 0.9506
vt 0.5424 0.9858
vt 0.5177 0.9154
vt 0.5424 0.9155
vt 0.5349 0.9503
vt 0.5349 0.9152
vt 0.5597 0.9154
vt 0.5597 0.9505
vt 0.5349 0.9853
vt 0.5597 0.9855
vt 0.5177 0.8803
vt 0.5424 0.8804
vt 0.5349 0.8803
vt 0.5597 0.8803
vt 0.0361 0.8801
vt 0.0609 0.8801
vt 0.0609 0.9151
vt 0.0361 0.9151
vt 0.0857 0.8801
vt 0.0857 0.9151
vt 0.0361 0.9499
vt 0.0609 0.9499
vt 0.0609 0.9849
vt 0.0361 0.9849
vt 0.0857 0.9501
vt 0.0857 0.9849
vt 0.1104 0.9501
vt 0.1352 0.9501
vt 0.1352 0.9849
vt 0.1104 0.9849
vt 0.1104 0.9151
vt 0.1352 0.9151
vt 0.1104 0.8801
vt 0.1352 0.8801
vt 0.1600 0.8801
vt 0.1600 0.9151
vt 0.1847 0.8801
vt 0.1847 0.9149
vt 0.1600 0.9499
vt 0.1600 0.9849
vt 0.1847 0.9499
vt 0.1847 0.9847
vt 0.2095 0.9846
vt 0.2095 0.9498
vt 0.2343 0.9498
vt 0.2343 0.9846
vt 0.2095 0.9149
vt 0.2343 0.9149
vt 0.2095 0.8801
vt 0.2343 0.8801
vt 0.2591 0.8801
vt 0.2839 0.8801
vt 0.2839 0.9148
vt 0.2591 0.9149
vt 0.2591 0.9498
vt 0.2591 0.9844
vt 0.2839 0.9496
vt 0.2839 0.9844
vt 0.3087 0.9844
vt 0.3087 0.9496
vt 0.3335 0.9496
vt 0.3335 0.9844
vt 0.3087 0.9148
vt 0.3335 0.9148
vt 0.3087 0.8801
vt 0.3335 0.8800
vt 0.1886 0.0420
vt 0.2134 0.0420
vt 0.2134 0.0070
vt 0.1885 0.0070
vt 0.2382 0.0420
vt 0.2382 0.0070
vt 0.2135 0.0768
vt 0.2383 0.0768
vt 0.1887 0.0768
vt 0.2630 0.0420
vt 0.2630 0.0070
vt 0.2878 0.0420
vt 0.2878 0.0070
vt 0.2630 0.0768
vt 0.2878 0.0768
vt 0.2383 0.1118
vt 0.2630 0.1118
vt 0.2878 0.1118
vt 0.2631 0.1468
vt 0.2878 0.1468
vt 0.2383 0.1468
vt 0.1888 0.1118
vt 0.2135 0.1118
vt 0.2136 0.1468
vt 0.1889 0.1468
vt 0.4324 0.0420
vt 0.4572 0.0420
vt 0.4572 0.0070
vt 0.4324 0.0070
vt 0.4819 0.0420
vt 0.4819 0.0070
vt 0.4572 0.0768
vt 0.4819 0.0768
vt 0.4324 0.0768
vt 0.5067 0.0420
vt 0.5067 0.0070
vt 0.5316 0.0420
vt 0.5316 0.0070
vt 0.5067 0.0768
vt 0.5316 0.0768
vt 0.4819 0.1118
vt 0.5067 0.1118
vt 0.5316 0.1118
vt 0.5067 0.1468
vt 0.5316 0.1468
vt 0.4819 0.1468
vt 0.4324 0.1118
vt 0.4572 0.1118
vt 0.4572 0.1468
vt 0.4324 0.1468
vt 0.5563 0.0420
vt 0.5563 0.0070
vt 0.4905 0.0420
vt 0.5153 0.0420
vt 0.5153 0.0070
vt 0.4905 0.0070
vt 0.4905 0.0768
vt 0.5153 0.0768
vt 0.5563 0.0768
vt 0.5335 0.0420
vt 0.5583 0.0420
vt 0.5583 0.0070
vt 0.5335 0.0070
vt 0.5247 0.0420
vt 0.5494 0.0420
vt 0.5494 0.0070
vt 0.5247 0.0070
vt 0.5247 0.0768
vt 0.5494 0.0768
vt 0.5335 0.0768
vt 0.5583 0.0768
vt 0.5335 0.1118
vt 0.5583 0.1118
vt 0.5247 0.1118
vt 0.5494 0.1118
vt 0.5247 0.1468
vt 0.5494 0.1468
vt 0.5335 0.1468
vt 0.5583 0.1468
vt 0.5563 0.1118
vt 0.4905 0.1118
vt 0.5153 0.1118
vt 0.4905 0.1468
vt 0.5153 0.1468
vt 0.5563 0.1468
vt 0.0361 0.0070
vt 0.0361 0.0420
vt 0.0609 0.0420
vt 0.0609 0.0070
vt 0.0857 0.0420
vt 0.0857 0.0070
vt 0.0609 0.0768
vt 0.0857 0.0768
vt 0.0361 0.0768
vt 0.1104 0.0420
vt 0.1104 0.0070
vt 0.1352 0.0420
vt 0.1352 0.0070
vt 0.1104 0.0768
vt 0.1352 0.0768
vt 0.0857 0.1118
vt 0.1104 0.1118
vt 0.1352 0.1118
vt 0.1104 0.1468
vt 0.1352 0.1468
vt 0.0857 0.1468
vt 0.0361 0.1118
vt 0.0609 0.1118
vt 0.0609 0.1468
vt 0.0361 0.1468
vt 0.1600 0.0420
vt 0.1600 0.0070
vt 0.1847 0.0420
vt 0.1847 0.0070
vt 0.1600 0.0768
vt 0.1847 0.0768
vt 0.2095 0.0420
vt 0.2095 0.0070
vt 0.2343 0.0420
vt 0.2343 0.0070
vt 0.2095 0.0768
vt 0.2343 0.0768
vt 0.1847 0.1118
vt 0.2095 0.1118
vt 0.2343 0.1118
vt 0.2095 0.1468
vt 0.2343 0.1468
vt 0.1847 0.1468
vt 0.1600 0.1118
vt 0.1600 0.1468
vt 0.2590 0.0420
vt 0.2590 0.0070
vt 0.2837 0.0420
vt 0.2837 0.0070
vt 0.2590 0.0768
vt 0.2838 0.0768
vt 0.3085 0.0420
vt 0.3084 0.0070
vt 0.1639 0.0420
vt 0.1638 0.0070
vt 0.1640 0.0768
vt 0.3086 0.0768
vt 0.2838 0.1118
vt 0.3086 0.1118
vt 0.1640 0.1118
vt 0.1641 0.1468
vt 0.2839 0.1468
vt 0.3087 0.1468
vt 0.2590 0.1118
vt 0.2591 0.1468
vt 0.2136 0.1817
vt 0.2383 0.1817
vt 0.2136 0.2165
vt 0.2383 0.2165
vt 0.1889 0.2165
vt 0.1889 0.1817
vt 0.2631 0.1817
vt 0.2878 0.1817
vt 0.2631 0.2165
vt 0.2878 0.2165
vt 0.2384 0.2515
vt 0.2631 0.2515
vt 0.2878 0.2515
vt 0.2631 0.2865
vt 0.2878 0.2865
vt 0.2384 0.2865
vt 0.1889 0.2515
vt 0.2136 0.2515
vt 0.2136 0.2865
vt 0.1889 0.2865
vt 0.4324 0.1817
vt 0.4572 0.1817
vt 0.4819 0.1817
vt 0.4572 0.2165
vt 0.4819 0.2165
vt 0.4324 0.2165
vt 0.5067 0.1817
vt 0.5316 0.1817
vt 0.5067 0.2165
vt 0.5316 0.2165
vt 0.4819 0.2515
vt 0.5067 0.2515
vt 0.5316 0.2515
vt 0.5067 0.2865
vt 0.5316 0.2865
vt 0.4819 0.2865
vt 0.4324 0.2515
vt 0.4572 0.2515
vt 0.4572 0.2865
vt 0.4324 0.2865
vt 0.5563 0.1817
vt 0.4905 0.1817
vt 0.5153 0.1817
vt 0.4905 0.2165
vt 0.5153 0.2165
vt 0.5563 0.2165
vt 0.5247 0.1817
vt 0.5494 0.1817
vt 0.5247 0.2165
vt 0.5494 0.2165
vt 0.5335 0.2165
vt 0.5583 0.2165
vt 0.5583 0.1817
vt 0.5335 0.1817
vt 0.5335 0.2515
vt 0.5583 0.2515
vt 0.5247 0.2515
vt 0.5494 0.2515
vt 0.5247 0.2865
vt 0.5494 0.2865
vt 0.5335 0.2865
vt 0.5583 0.2865
vt 0.5563 0.2515
vt 0.4905 0.2515
vt 0.5153 0.2515
vt 0.4905 0.2865
vt 0.5153 0.2865
vt 0.5563 0.2865
vt 0.0361 0.1817
vt 0.0609 0.1817
vt 0.0857 0.1817
vt 0.0609 0.2165
vt 0.0857 0.2165
vt 0.0361 0.2165
vt 0.1104 0.1817
vt 0.1352 0.1817
vt 0.1104 0.2165
vt 0.1352 0.2165
vt 0.0857 0.2515
vt 0.1104 0.2515
vt 0.1352 0.2515
vt 0.1104 0.2865
vt 0.1352 0.2865
vt 0.0857 0.2865
vt 0.0361 0.2515
vt 0.0609 0.2515
vt 0.0609 0.2865
vt 0.0361 0.2865
vt 0.1600 0.1817
vt 0.1847 0.1817
vt 0.1600 0.2165
vt 0.1847 0.2165
vt 0.2095 0.1817
vt 0.2343 0.1817
vt 0.2095 0.2165
vt 0.2343 0.2165
vt 0.1847 0.2515
vt 0.2095 0.2515
vt 0.2343 0.2515
vt 0.2095 0.2865
vt 0.2343 0.2865
vt 0.1847 0.2865
vt 0.1600 0.2515
vt 0.1600 0.2865
vt 0.2591 0.1817
vt 0.2839 0.1817
vt 0.2591 0.2165
vt 0.2839 0.2165
vt 0.3087 0.1817
vt 0.1641 0.1817
vt 0.1641 0.2165
vt 0.3087 0.2165
vt 0.2839 0.2515
vt 0.3087 0.2515
vt 0.1641 0.2515
vt 0.1641 0.2865
vt 0.2839 0.2865
vt 0.3087 0.2865
vt 0.2591 0.2515
vt 0.2591 0.2865
vt 0.1889 0.3214
vt 0.2136 0.3214
vt 0.2383 0.3214
vt 0.2136 0.3562
vt 0.2383 0.3562
vt 0.1889 0.3562
vt 0.2631 0.3214
vt 0.2878 0.3214
vt 0.2631 0.3562
vt 0.2878 0.3562
vt 0.2383 0.3912
vt 0.2631 0.3912
vt 0.2878 0.3912
vt 0.2631 0.4262
vt 0.2878 0.4262
vt 0.2383 0.4262
vt 0.1889 0.3912
vt 0.2136 0.3912
vt 0.2136 0.4262
vt 0.1889 0.4262
vt 0.4324 0.3214
vt 0.4572 0.3214
vt 0.4819 0.3214
vt 0.4572 0.3562
vt 0.4819 0.3562
vt 0.4324 0.3562
vt 0.5067 0.3214
vt 0.5316 0.3214
vt 0.5067 0.3562
vt 0.5316 0.3562
vt 0.4819 0.3912
vt 0.5067 0.3912
vt 0.5316 0.3912
vt 0.5067 0.4262
vt 0.5316 0.4262
vt 0.4819 0.4262
vt 0.4324 0.3912
vt 0.4572 0.3912
vt 0.4572 0.4262
vt 0.4324 0.4262
vt 0.5563 0.3214
vt 0.4905 0.3214
vt 0.5153 0.3214
vt 0.4905 0.3562
vt 0.5153 0.3562
vt 0.5563 0.3562
vt 0.5335 0.3214
vt 0.5583 0.3214
vt 0.5247 0.3214
vt 0.5494 0.3214
vt 0.5247 0.3562
vt 0.5494 0.3562
vt 0.5335 0.3562
vt 0.5583 0.3562
vt 0.5335 0.3912
vt 0.5583 0.3912
vt 0.5247 0.3912
vt 0.5494 0.3912
vt 0.5247 0.4262
vt 0.5494 0.4262
vt 0.5335 0.4262
vt 0.5583 0.4262
vt 0.5563 0.3912
vt 0.4905 0.3912
vt 0.5153 0.3912
vt 0.4905 0.4262
vt 0.5153 0.4262
vt 0.5563 0.4262
vt 0.0361 0.3214
vt 0.0609 0.3214
vt 0.0857 0.3214
vt 0.0609 0.3562
vt 0.0857 0.3562
vt 0.0361 0.3562
vt 0.1104 0.3214
vt 0.1352 0.3214
vt 0.1104 0.3562
vt 0.1352 0.3562
vt 0.0857 0.3912
vt 0.1104 0.3912
vt 0.1352 0.3912
vt 0.1104 0.4262
vt 0.1352 0.4262
vt 0.0857 0.4262
vt 0.0361 0.3912
vt 0.0609 0.3912
vt 0.0609 0.4262
vt 0.0361 0.4262
vt 0.1600 0.3214
vt 0.1847 0.3214
vt 0.1600 0.3562
vt 0.1847 0.3562
vt 0.2095 0.3214
vt 0.2343 0.3214
vt 0.2095 0.3562
vt 0.2343 0.3562
vt 0.1847 0.3912
vt 0.2095 0.3912
vt 0.2343 0.3912
vt 0.2095 0.4262
vt 0.2343 0.4262
vt 0.1847 0.4262
vt 0.1600 0.3912
vt 0.1600 0.4262
vt 0.2591 0.3214
vt 0.2839 0.3214
vt 0.2591 0.3562
vt 0.2839 0.3562
vt 0.3087 0.3214
vt 0.1641 0.3214
vt 0.1641 0.3562
vt 0.3087 0.3562
vt 0.2839 0.3912
vt 0.3087 0.3912
vt 0.1641 0.3912
vt 0.1641 0.4262
vt 0.2839 0.4262
vt 0.3087 0.4262
vt 0.2591 0.3912
vt 0.2591 0.4262
vt 0.1889 0.4611
vt 0.2136 0.4611
vt 0.2383 0.4611
vt 0.2136 0.4960
vt 0.2383 0.4960
vt 0.1889 0.4960
vt 0.2631 0.4611
vt 0.2878 0.4611
vt 0.2631 0.4960
vt 0.2878 0.4960
vt 0.2383 0.5309
vt 0.2631 0.5309
vt 0.2878 0.5309
vt 0.2631 0.5659
vt 0.2878 0.5659
vt 0.2383 0.5659
vt 0.1889 0.5309
vt 0.2136 0.5309
vt 0.2136 0.5659
vt 0.1889 0.5659
vt 0.4324 0.4611
vt 0.4572 0.4611
vt 0.4819 0.4611
vt 0.4572 0.4960
vt 0.4819 0.4960
vt 0.4324 0.4960
vt 0.5067 0.4611
vt 0.5316 0.4611
vt 0.5067 0.4960
vt 0.5316 0.4960
vt 0.4819 0.5309
vt 0.5067 0.5309
vt 0.5316 0.5309
vt 0.5067 0.5659
vt 0.5316 0.5659
vt 0.4819 0.5659
vt 0.4324 0.5309
vt 0.4572 0.5309
vt 0.4572 0.5659
vt 0.4324 0.5659
vt 0.5563 0.4611
vt 0.4905 0.4611
vt 0.5153 0.4611
vt 0.4905 0.4960
vt 0.5153 0.4960
vt 0.5563 0.4960
vt 0.5247 0.4611
vt 0.5494 0.4611
vt 0.5247 0.4960
vt 0.5494 0.4960
vt 0.5335 0.4960
vt 0.5583 0.4960
vt 0.5583 0.4611
vt 0.5335 0.4611
vt 0.5335 0.5309
vt 0.5583 0.5309
vt 0.5247 0.5309
vt 0.5494 0.5309
vt 0.5247 0.5659
vt 0.5494 0.5659
vt 0.5335 0.5659
vt 0.5583 0.5659
vt 0.5563 0.5309
vt 0.4905 0.5309
vt 0.5153 0.5309
vt 0.4905 0.5659
vt 0.5153 0.5659
vt 0.5563 0.5659
vt 0.0361 0.4611
vt 0.0609 0.4611
vt 0.0857 0.4611
vt 0.0609 0.4960
vt 0.0857 0.4960
vt 0.0361 0.4960
vt 0.1104 0.4611
vt 0.1352 0.4611
vt 0.1104 0.4960
vt 0.1352 0.4960
vt 0.0857 0.5309
vt 0.1104 0.5309
vt 0.1352 0.5309
vt 0.1104 0.5659
vt 0.1352 0.5659
vt 0.0857 0.5659
vt 0.0361 0.5309
vt 0.0609 0.5309
vt 0.0609 0.5659
vt 0.0361 0.5659
vt 0.1600 0.4611
vt 0.1847 0.4611
vt 0.1600 0.4960
vt 0.1847 0.4960
vt 0.2095 0.4611
vt 0.2343 0.4611
vt 0.2095 0.4960
vt 0.2343 0.4960
vt 0.1847 0.5309
vt 0.2095 0.5309
vt 0.2343 0.5309
vt 0.2095 0.5659
vt 0.2343 0.5659
vt 0.1847 0.5659
vt 0.1600 0.5309
vt 0.1600 0.5659
vt 0.2591 0.4611
vt 0.2839 0.4611
vt 0.2591 0.4960
vt 0.2839 0.4960
vt 0.3087 0.4611
vt 0.1641 0.4611
vt 0.1641 0.4960
vt 0.3087 0.4960
vt 0.2839 0.5309
vt 0.3087 0.5309
vt 0.1641 0.5309
vt 0.1641 0.5659
vt 0.2839 0.5659
vt 0.3087 0.5659
vt 0.2591 0.5309
vt 0.2591 0.5659
vt 0.1889 0.6009
vt 0.2136 0.6009
vt 0.2383 0.6009
vt 0.2136 0.6357
vt 0.2383 0.6357
vt 0.1889 0.6357
vt 0.2631 0.6009
vt 0.2878 0.6009
vt 0.2631 0.6357
vt 0.2878 0.6357
vt 0.2383 0.6706
vt 0.2631 0.6706
vt 0.2878 0.6706
vt 0.2631 0.7056
vt 0.2878 0.7056
vt 0.2383 0.7056
vt 0.1889 0.6706
vt 0.2136 0.6706
vt 0.2136 0.7056
vt 0.1889 0.7056
vt 0.4324 0.6009
vt 0.4572 0.6009
vt 0.4819 0.6009
vt 0.4572 0.6357
vt 0.4819 0.6357
vt 0.4324 0.6357
vt 0.5067 0.6009
vt 0.5316 0.6009
vt 0.5067 0.6357
vt 0.5316 0.6357
vt 0.4819 0.6706
vt 0.5067 0.6706
vt 0.5316 0.6706
vt 0.5067 0.7056
vt 0.5316 0.7056
vt 0.4819 0.7056
vt 0.4324 0.6706
vt 0.4572 0.6706
vt 0.4572 0.7056
vt 0.4324 0.7056
vt 0.4905 0.6009
vt 0.5153 0.6009
vt 0.4905 0.6357
vt 0.5153 0.6357
vt 0.5563 0.6357
vt 0.5563 0.6009
vt 0.5335 0.6009
vt 0.5583 0.6009
vt 0.5247 0.6009
vt 0.5494 0.6009
vt 0.5247 0.6357
vt 0.5494 0.6357
vt 0.5335 0.6357
vt 0.5583 0.6357
vt 0.5335 0.6706
vt 0.5583 0.6706
vt 0.5247 0.6706
vt 0.5494 0.6706
vt 0.5247 0.7056
vt 0.5494 0.7056
vt 0.5335 0.7056
vt 0.5583 0.7056
vt 0.5563 0.6706
vt 0.4905 0.6706
vt 0.5153 0.6706
vt 0.4905 0.7056
vt 0.5153 0.7056
vt 0.5563 0.7056
vt 0.0361 0.6009
vt 0.0609 0.6009
vt 0.0857 0.6009
vt 0.0609 0.6357
vt 0.0857 0.6357
vt 0.0361 0.6357
vt 0.1104 0.6009
vt 0.1352 0.6009
vt 0.1104 0.6357
vt 0.1352 0.6357
vt 0.0857 0.6706
vt 0.1104 0.6706
vt 0.1352 0.6706
vt 0.1104 0.7056
vt 0.1352 0.7056
vt 0.0857 0.7056
vt 0.0361 0.6706
vt 0.0609 0.6706
vt 0.0609 0.7056
vt 0.0361 0.7056
vt 0.1600 0.6009
vt 0.1847 0.6009
vt 0.1600 0.6357
vt 0.1847 0.6357
vt 0.2095 0.6009
vt 0.2343 0.6009
vt 0.2095 0.6357
vt 0.2343 0.6357
vt 0.1847 0.6706
vt 0.2095 0.6706
vt 0.2343 0.6706
vt 0.2095 0.7056
vt 0.2343 0.7056
vt 0.1847 0.7056
vt 0.1600 0.6706
vt 0.1600 0.7056
vt 0.2591 0.6009
vt 0.2839 0.6009
vt 0.2591 0.6357
vt 0.2839 0.6357
vt 0.1641 0.6009
vt 0.1641 0.6357
vt 0.3087 0.6357
vt 0.3087 0.6009
vt 0.2839 0.6706
vt 0.3087 0.6706
vt 0.1641 0.6706
vt 0.1641 0.7056
vt 0.2839 0.7056
vt 0.3087 0.7056
vt 0.2591 0.6706
vt 0.2591 0.7056
vt 0.2136 0.7406
vt 0.2383 0.7406
vt 0.2136 0.7754
vt 0.2383 0.7754
vt 0.1889 0.7754
vt 0.1889 0.7406
vt 0.2631 0.7406
vt 0.2878 0.7406
vt 0.2631 0.7754
vt 0.2878 0.7754
vt 0.2383 0.8103
vt 0.2631 0.8103
vt 0.2878 0.8103
vt 0.2631 0.8453
vt 0.2878 0.8453
vt 0.2383 0.8453
vt 0.1889 0.8103
vt 0.2136 0.8103
vt 0.2136 0.8453
vt 0.1889 0.8453
vt 0.4572 0.7406
vt 0.4819 0.7406
vt 0.4572 0.7754
vt 0.4819 0.7754
vt 0.4324 0.7754
vt 0.4324 0.7406
vt 0.5067 0.7406
vt 0.5316 0.7406
vt 0.5067 0.7754
vt 0.5316 0.7754
vt 0.4819 0.8103
vt 0.5067 0.8103
vt 0.5316 0.8103
vt 0.5067 0.8453
vt 0.5316 0.8453
vt 0.4819 0.8453
vt 0.4324 0.8103
vt 0.4572 0.8103
vt 0.4572 0.8453
vt 0.4324 0.8453
vt 0.4905 0.7406
vt 0.5153 0.7406
vt 0.4905 0.7754
vt 0.5153 0.7754
vt 0.5563 0.7754
vt 0.5563 0.7406
vt 0.5335 0.7406
vt 0.5583 0.7406
vt 0.5247 0.7406
vt 0.5494 0.7406
vt 0.5247 0.7754
vt 0.5494 0.7754
vt 0.5335 0.7754
vt 0.5583 0.7754
vt 0.5247 0.8103
vt 0.5494 0.8103
vt 0.5247 0.8453
vt 0.5494 0.8453
vt 0.5335 0.8103
vt 0.5335 0.8453
vt 0.5583 0.8453
vt 0.5583 0.8103
vt 0.4905 0.8103
vt 0.5153 0.8103
vt 0.4905 0.8453
vt 0.5153 0.8453
vt 0.5563 0.8453
vt 0.5563 0.8103
vt 0.0609 0.7406
vt 0.0857 0.7406
vt 0.0609 0.7754
vt 0.0857 0.7754
vt 0.0361 0.7754
vt 0.0361 0.7406
vt 0.1104 0.7406
vt 0.1352 0.7406
vt 0.1104 0.7754
vt 0.1352 0.7754
vt 0.0857 0.8103
vt 0.1104 0.8103
vt 0.1352 0.8103
vt 0.1104 0.8453
vt 0.1352 0.8453
vt 0.0857 0.8453
vt 0.0361 0.8103
vt 0.0609 0.8103
vt 0.0609 0.8453
vt 0.0361 0.8453
vt 0.1600 0.7406
vt 0.1847 0.7406
vt 0.1600 0.7754
vt 0.1847 0.7754
vt 0.2095 0.7406
vt 0.2343 0.7406
vt 0.2095 0.7754
vt 0.2343 0.7754
vt 0.1847 0.8103
vt 0.2095 0.8103
vt 0.2343 0.8103
vt 0.2095 0.8453
vt 0.2343 0.8453
vt 0.1847 0.8453
vt 0.1600 0.8103
vt 0.1600 0.8453
vt 0.2591 0.7406
vt 0.2839 0.7406
vt 0.2591 0.7754
vt 0.2839 0.7754
vt 0.3087 0.7406
vt 0.1641 0.7406
vt 0.1641 0.7754
vt 0.3087 0.7754
vt 0.2839 0.8103
vt 0.3087 0.8103
vt 0.1641 0.8103
vt 0.1641 0.8453
vt 0.2839 0.8453
vt 0.3087 0.8453
vt 0.2591 0.8103
vt 0.2591 0.8453
vt 0.2383 0.8801
vt 0.2136 0.8801
vt 0.2136 0.9148
vt 0.2383 0.9148
vt 0.1889 0.8800
vt 0.1889 0.9148
vt 0.2878 0.8801
vt 0.2631 0.8801
vt 0.2631 0.9149
vt 0.2878 0.9149
vt 0.2878 0.9498
vt 0.2631 0.9498
vt 0.2631 0.9844
vt 0.2878 0.9846
vt 0.2383 0.9496
vt 0.2383 0.9844
vt 0.2136 0.9844
vt 0.2136 0.9496
vt 0.1889 0.9496
vt 0.1889 0.9844
vt 0.4819 0.8801
vt 0.4572 0.8801
vt 0.4572 0.9149
vt 0.4819 0.9149
vt 0.4324 0.8801
vt 0.4324 0.9149
vt 0.5316 0.8801
vt 0.5067 0.8801
vt 0.5067 0.9151
vt 0.5316 0.9151
vt 0.5316 0.9501
vt 0.5067 0.9499
vt 0.5067 0.9849
vt 0.5316 0.9849
vt 0.4819 0.9499
vt 0.4819 0.9847
vt 0.4572 0.9846
vt 0.4572 0.9498
vt 0.4324 0.9498
vt 0.4324 0.9846
vt 0.5153 0.8803
vt 0.4905 0.8803
vt 0.4905 0.9152
vt 0.5153 0.9152
vt 0.5563 0.8803
vt 0.5563 0.9152
vt 0.5494 0.9155
vt 0.5494 0.8804
vt 0.5247 0.8803
vt 0.5247 0.9154
vt 0.5583 0.8803
vt 0.5335 0.8803
vt 0.5335 0.9152
vt 0.5583 0.9154
vt 0.5494 0.9506
vt 0.5247 0.9505
vt 0.5247 0.9855
vt 0.5494 0.9858
vt 0.5583 0.9505
vt 0.5335 0.9503
vt 0.5335 0.9853
vt 0.5583 0.9855
vt 0.5563 0.9852
vt 0.5563 0.9502
vt 0.4905 0.9502
vt 0.5153 0.9503
vt 0.4905 0.9852
vt 0.5153 0.9853
vt 0.0609 0.9151
vt 0.0609 0.8801
vt 0.0361 0.8801
vt 0.0361 0.9151
vt 0.0857 0.8801
vt 0.0857 0.9151
vt 0.1104 0.9151
vt 0.1104 0.8801
vt 0.1352 0.8801
vt 0.1352 0.9151
vt 0.1352 0.9849
vt 0.1352 0.9501
vt 0.1104 0.9501
vt 0.1104 0.9849
vt 0.0857 0.9501
vt 0.0857 0.9849
vt 0.0609 0.9849
vt 0.0609 0.9499
vt 0.0361 0.9499
vt 0.0361 0.9849
vt 0.1600 0.9151
vt 0.1600 0.8801
vt 0.1847 0.8801
vt 0.1847 0.9149
vt 0.2095 0.9149
vt 0.2095 0.8801
vt 0.2343 0.8801
vt 0.2343 0.9149
vt 0.2343 0.9498
vt 0.2095 0.9498
vt 0.2095 0.9846
vt 0.2343 0.9846
vt 0.1847 0.9499
vt 0.1847 0.9847
vt 0.1600 0.9849
vt 0.1600 0.9499
vt 0.2839 0.9148
vt 0.2839 0.8801
vt 0.2591 0.8801
vt 0.2591 0.9149
vt 0.1641 0.8801
vt 0.1641 0.9148
vt 0.3087 0.8801
vt 0.3087 0.9148
vt 0.1641 0.9496
vt 0.1641 0.9844
vt 0.3087 0.9844
vt 0.3087 0.9496
vt 0.2839 0.9496
vt 0.2839 0.9844
vt 0.2591 0.9844
vt 0.2591 0.9496
vt 0.3582 0.8103
vt 0.3335 0.8103
vt 0.3335 0.8453
vt 0.3582 0.8453
vt 0.3829 0.8103
vt 0.3829 0.8453
vt 0.4077 0.8103
vt 0.4077 0.8453
vt 0.4324 0.8103
vt 0.4324 0.8453
vt 0.4572 0.8103
vt 0.4572 0.8453
vt 0.4819 0.8103
vt 0.4819 0.8453
vt 0.5067 0.8103
vt 0.5067 0.8453
vt 0.5316 0.8453
vt 0.5316 0.8103
vt 0.5563 0.8453
vt 0.5563 0.8103
vt 0.5811 0.8453
vt 0.5811 0.8103
vt 0.6059 0.8453
vt 0.6059 0.8103
vt 0.6306 0.8453
vt 0.6306 0.8103
vt 0.0609 0.8103
vt 0.0361 0.8103
vt 0.0361 0.8453
vt 0.0609 0.8453
vt 0.0857 0.8103
vt 0.0857 0.8453
vt 0.1104 0.8103
vt 0.1104 0.8453
vt 0.1352 0.8103
vt 0.1352 0.8453
vt 0.1600 0.8103
vt 0.1600 0.8453
vt 0.1847 0.8103
vt 0.1847 0.8453
vt 0.2095 0.8103
vt 0.2095 0.8453
vt 0.2343 0.8103
vt 0.2343 0.8453
vt 0.2591 0.8103
vt 0.2591 0.8453
vt 0.2839 0.8103
vt 0.2839 0.8453
vt 0.3087 0.8103
vt 0.3087 0.8453
vt 0.3582 0.9148
vt 0.3829 0.9148
vt 0.3829 0.8801
vt 0.3582 0.8801
vt 0.3335 0.8800
vt 0.3335 0.9148
vt 0.3335 0.9496
vt 0.3335 0.9844
vt 0.3582 0.9844
vt 0.3582 0.9496
vt 0.3829 0.9844
vt 0.3829 0.9496
vt 0.4077 0.9844
vt 0.4324 0.9846
vt 0.4324 0.9498
vt 0.4077 0.9496
vt 0.4324 0.9149
vt 0.4077 0.9149
vt 0.4324 0.8801
vt 0.4077 0.8801
vt 0.4572 0.9149
vt 0.4819 0.9149
vt 0.4819 0.8801
vt 0.4572 0.8801
vt 0.4572 0.9846
vt 0.4572 0.9498
vt 0.4819 0.9847
vt 0.4819 0.9499
vt 0.5067 0.9849
vt 0.5316 0.9849
vt 0.5316 0.9501
vt 0.5067 0.9499
vt 0.5316 0.9151
vt 0.5067 0.9151
vt 0.5316 0.8801
vt 0.5067 0.8801
vt 0.5563 0.9152
vt 0.5811 0.9152
vt 0.5811 0.8803
vt 0.5563 0.8803
vt 0.5563 0.9852
vt 0.5563 0.9502
vt 0.5811 0.9853
vt 0.5811 0.9503
vt 0.6059 0.9855
vt 0.6306 0.9858
vt 0.6306 0.9506
vt 0.6059 0.9505
vt 0.6306 0.9155
vt 0.6059 0.9154
vt 0.6059 0.8803
vt 0.6306 0.8804
vt 0.0361 0.8801
vt 0.0361 0.9151
vt 0.0609 0.9151
vt 0.0609 0.8801
vt 0.0857 0.9151
vt 0.0857 0.8801
vt 0.0361 0.9499
vt 0.0361 0.9849
vt 0.0609 0.9849
vt 0.0609 0.9499
vt 0.0857 0.9849
vt 0.0857 0.9501
vt 0.1104 0.9501
vt 0.1104 0.9849
vt 0.1352 0.9849
vt 0.1352 0.9501
vt 0.1104 0.9151
vt 0.1352 0.9151
vt 0.1104 0.8801
vt 0.1352 0.8801
vt 0.1600 0.9151
vt 0.1600 0.8801
vt 0.1847 0.9149
vt 0.1847 0.8801
vt 0.1600 0.9849
vt 0.1600 0.9499
vt 0.1847 0.9847
vt 0.1847 0.9499
vt 0.2095 0.9846
vt 0.2343 0.9846
vt 0.2343 0.9498
vt 0.2095 0.9498
vt 0.2095 0.9149
vt 0.2343 0.9149
vt 0.2095 0.8801
vt 0.2343 0.8801
vt 0.2591 0.8801
vt 0.2591 0.9149
vt 0.2839 0.9148
vt 0.2839 0.8801
vt 0.2591 0.9844
vt 0.2591 0.9498
vt 0.2839 0.9844
vt 0.2839 0.9496
vt 0.3087 0.9844
vt 0.3087 0.9496
vt 0.3087 0.9148
vt 0.3087 0.8801
vt 0.4077 0.8453
vt 0.4077 0.8103
vt 0.4324 0.8103
vt 0.4324 0.8453
vt 0.3829 0.8453
vt 0.3829 0.8103
vt 0.3582 0.8453
vt 0.3582 0.8103
vt 0.3335 0.8453
vt 0.3335 0.8103
vt 0.5067 0.8103
vt 0.5316 0.8103
vt 0.5316 0.8453
vt 0.5067 0.8453
vt 0.4819 0.8453
vt 0.4819 0.8103
vt 0.4572 0.8453
vt 0.4572 0.8103
vt 0.5811 0.8103
vt 0.5811 0.8453
vt 0.5563 0.8103
vt 0.5563 0.8453
vt 0.1104 0.8453
vt 0.1104 0.8103
vt 0.1352 0.8103
vt 0.1352 0.8453
vt 0.0857 0.8453
vt 0.0857 0.8103
vt 0.0609 0.8453
vt 0.0609 0.8103
vt 0.0361 0.8453
vt 0.0361 0.8103
vt 0.2095 0.8453
vt 0.2095 0.8103
vt 0.2343 0.8103
vt 0.2343 0.8453
vt 0.1847 0.8453
vt 0.1847 0.8103
vt 0.1600 0.8453
vt 0.1600 0.8103
vt 0.3087 0.8453
vt 0.3087 0.8103
vt 0.2839 0.8453
vt 0.2839 0.8103
vt 0.2591 0.8453
vt 0.2591 0.8103
vt 0.3829 0.8801
vt 0.3829 0.9148
vt 0.3582 0.9148
vt 0.3582 0.8801
vt 0.3335 0.9148
vt 0.3335 0.8800
vt 0.4324 0.8801
vt 0.4324 0.9149
vt 0.4077 0.9149
vt 0.4077 0.8801
vt 0.4077 0.9498
vt 0.4819 0.8801
vt 0.4819 0.9149
vt 0.4572 0.9149
vt 0.4572 0.8801
vt 0.5316 0.8801
vt 0.5316 0.9151
vt 0.5067 0.9151
vt 0.5067 0.8801
vt 0.5811 0.8803
vt 0.5811 0.9152
vt 0.5563 0.9152
vt 0.5563 0.8803
vt 0.0609 0.9151
vt 0.0361 0.9151
vt 0.0361 0.8801
vt 0.0609 0.8801
vt 0.0857 0.8801
vt 0.0857 0.9151
vt 0.1104 0.9151
vt 0.1104 0.8801
vt 0.1352 0.8801
vt 0.1352 0.9151
vt 0.1600 0.9151
vt 0.1600 0.8801
vt 0.1847 0.8801
vt 0.1847 0.9149
vt 0.2095 0.9149
vt 0.2095 0.8801
vt 0.2343 0.8801
vt 0.2343 0.9149
vt 0.2839 0.9148
vt 0.2591 0.9149
vt 0.2591 0.8801
vt 0.2839 0.8801
vt 0.3087 0.9148
vt 0.3087 0.8801
vt 0.2591 0.9496
f 1/1 2/2 3/3 4/4
f 5/5 6/6 2/2 1/1
f 7/7 5/5 1/1 8/8
f 8/8 1/1 4/4 9/9
f 10/10 11/11 12/12 13/13
f 14/14 15/15 12/12 11/11
f 6/6 14/14 11/11 2/2
f 2/2 11/11 10/10 3/3
f 16/16 17/17 14/14 6/6
f 17/17 18/18 15/15 14/14
f 19/19 20/20 18/18 17/17
f 21/21 19/19 17/17 16/16
f 22/22 23/23 5/5 7/7
f 23/23 16/16 6/6 5/5
f 24/24 21/21 16/16 23/23
f 25/25 24/24 23/23 22/22
f 26/26 27/27 28/28 29/29
f 27/27 30/30 31/31 28/28
f 32/32 33/33 30/30 27/27
f 34/34 32/32 27/27 26/26
f 30/30 35/35 36/36 31/31
f 35/35 8/8 9/9 36/36
f 37/37 7/7 8/8 35/35
f 33/33 37/37 35/35 30/30
f 38/38 39/39 37/37 33/33
f 39/39 22/22 7/7 37/37
f 40/40 25/25 22/22 39/39
f 41/41 40/40 39/39 38/38
f 42/42 43/43 32/32 34/34
f 43/43 38/38 33/33 32/32
f 44/44 41/41 38/38 43/43
f 45/45 44/44 43/43 42/42
f 46/46 47/47 48/48 49/49
f 49/49 48/48 50/50 51/51
f 52/52 53/53 50/50 48/48
f 54/54 52/52 48/48 47/47
f 50/50 55/55 56/56 51/51
f 55/55 26/26 29/29 56/56
f 57/57 34/34 26/26 55/55
f 53/53 57/57 55/55 50/50
f 58/58 59/59 57/57 53/53
f 59/59 42/42 34/34 57/57
f 60/60 45/45 42/42 59/59
f 61/61 60/60 59/59 58/58
f 62/62 63/63 52/52 54/54
f 63/63 58/58 53/53 52/52
f 64/64 61/61 58/58 63/63
f 65/65 64/64 63/63 62/62
f 66/66 67/67 24/24 25/25
f 67/67 68/68 21/21 24/24
f 69/69 70/70 68/68 67/67
f 71/71 69/69 67/67 66/66
f 21/21 68/68 72/72 19/19
f 72/72 73/73 20/20 19/19
f 74/74 75/75 73/73 72/72
f 70/70 74/74 72/72 68/68
f 70/70 76/76 77/77 74/74
f 77/77 78/78 75/75 74/74
f 79/79 80/80 78/78 77/77
f 81/81 79/79 77/77 76/76
f 71/71 82/82 83/83 69/69
f 83/83 76/76 70/70 69/69
f 84/84 81/81 76/76 83/83
f 85/85 84/84 83/83 82/82
f 86/86 87/87 44/44 45/45
f 87/87 88/88 41/41 44/44
f 89/89 90/90 88/88 87/87
f 91/91 89/89 87/87 86/86
f 88/88 92/92 40/40 41/41
f 92/92 66/66 25/25 40/40
f 93/93 71/71 66/66 92/92
f 90/90 93/93 92/92 88/88
f 90/90 94/94 95/95 93/93
f 95/95 82/82 71/71 93/93
f 96/96 85/85 82/82 95/95
f 97/97 96/96 95/95 94/94
f 98/98 99/99 89/89 91/91
f 99/99 94/94 90/90 89/89
f 100/100 97/97 94/94 99/99
f 101/101 100/100 99/99 98/98
f 102/102 103/103 64/64 65/65
f 103/103 104/104 61/61 64/64
f 105/105 106/106 104/104 103/103
f 107/107 105/105 103/103 102/102
f 104/104 108/108 60/60 61/61
f 108/108 86/86 45/45 60/60
f 109/109 91/91 86/86 108/108
f 106/106 109/109 108/108 104/104
f 110/110 111/111 109/109 106/106
f 111/111 98/98 91/91 109/109
f 112/112 101/101 98/98 111/111
f 113/113 112/112 111/111 110/110
f 114/114 115/115 105/105 107/107
f 115/115 110/110 106/106 105/105
f 116/116 113/113 110/110 115/115
f 117/117 116/116 115/115 114/114
f 118/118 119/119 81/81 84/84
f 120/120 121/121 119/119 118/118
f 122/122 120/120 118/118 123/123
f 85/85 123/123 118/118 84/84
f 81/81 119/119 124/124 79/79
f 124/124 125/125 80/80 79/79
f 126/126 127/127 125/125 124/124
f 121/121 126/126 124/124 119/119
f 121/121 128/128 129/129 126/126
f 129/129 130/130 127/127 126/126
f 131/131 132/132 130/130 129/129
f 133/133 131/131 129/129 128/128
f 122/122 134/134 135/135 120/120
f 135/135 128/128 121/121 120/120
f 136/136 133/133 128/128 135/135
f 137/137 136/136 135/135 134/134
f 138/138 139/139 97/97 100/100
f 140/140 141/141 139/139 138/138
f 142/142 140/140 138/138 143/143
f 101/101 143/143 138/138 100/100
f 97/97 139/139 144/144 96/96
f 144/144 123/123 85/85 96/96
f 145/145 122/122 123/123 144/144
f 141/141 145/145 144/144 139/139
f 141/141 146/146 147/147 145/145
f 147/147 134/134 122/122 145/145
f 148/148 137/137 134/134 147/147
f 149/149 148/148 147/147 146/146
f 142/142 150/150 151/151 140/140
f 151/151 146/146 141/141 140/140
f 152/152 149/149 146/146 151/151
f 153/153 152/152 151/151 150/150
f 154/154 155/155 113/113 116/116
f 156/156 157/157 155/155 154/154
f 158/158 156/156 154/154 159/159
f 117/117 159/159 154/154 116/116
f 113/113 155/155 160/160 112/112
f 160/160 143/143 101/101 112/112
f 161/161 142/142 143/143 160/160
f 157/157 161/161 160/160 155/155
f 157/157 162/162 163/163 161/161
f 163/163 150/150 142/142 161/161
f 164/164 153/153 150/150 163/163
f 165/165 164/164 163/163 162/162
f 166/166 167/167 156/156 158/158
f 167/167 162/162 157/157 156/156
f 168/168 165/165 162/162 167/167
f 169/169 168/168 167/167 166/166
f 170/170 171/171 136/136 137/137
f 171/171 172/172 133/133 136/136
f 173/173 174/174 172/172 171/171
f 175/175 173/173 171/171 170/170
f 172/172 176/176 131/131 133/133
f 176/176 177/177 132/132 131/131
f 178/178 179/179 177/177 176/176
f 174/174 178/178 176/176 172/172
f 180/180 181/181 178/178 174/174
f 181/181 182/182 179/179 178/178
f 183/183 184/184 182/182 181/181
f 185/185 183/183 181/181 180/180
f 186/186 187/187 173/173 175/175
f 187/187 180/180 174/174 173/173
f 188/188 185/185 180/180 187/187
f 189/189 188/188 187/187 186/186
f 190/190 191/191 149/149 152/152
f 192/192 193/193 191/191 190/190
f 194/194 192/192 190/190 195/195
f 153/153 195/195 190/190 152/152
f 196/196 170/170 137/137 148/148
f 197/197 175/175 170/170 196/196
f 193/193 197/197 196/196 191/191
f 149/149 191/191 196/196 148/148
f 193/193 198/198 199/199 197/197
f 199/199 186/186 175/175 197/197
f 200/200 189/189 186/186 199/199
f 201/201 200/200 199/199 198/198
f 202/202 203/203 192/192 194/194
f 203/203 198/198 193/193 192/192
f 204/204 201/201 198/198 203/203
f 205/205 204/204 203/203 202/202
f 206/206 207/207 168/168 169/169
f 207/207 208/208 165/165 168/168
f 209/209 210/210 208/208 207/207
f 211/211 209/209 207/207 206/206
f 208/208 212/212 164/164 165/165
f 212/212 195/195 153/153 164/164
f 213/213 194/194 195/195 212/212
f 210/210 213/213 212/212 208/208
f 214/214 215/215 213/213 210/210
f 215/215 202/202 194/194 213/213
f 216/216 205/205 202/202 215/215
f 217/217 216/216 215/215 214/214
f 218/218 219/219 209/209 211/211
f 219/219 214/214 210/210 209/209
f 220/220 217/217 214/214 219/219
f 221/221 220/220 219/219 218/218
f 222/222 223/223 185/185 188/188
f 224/224 225/225 223/223 222/222
f 226/226 224/224 222/222 227/227
f 189/189 227/227 222/222 188/188
f 185/185 223/223 228/228 183/183
f 228/228 229/229 184/184 183/183
f 230/230 231/231 229/229 228/228
f 225/225 230/230 228/228 223/223
f 232/232 233/233 234/234 235/235
f 225/225 233/233 232/232 230/230
f 232/232 236/236 231/231 230/230
f 237/237 236/236 232/232 235/235
f 226/226 238/238 239/239 224/224
f 239/239 233/233 225/225 224/224
f 234/234 233/233 239/239 240/240
f 239/239 238/238 241/241 240/240
f 242/242 243/243 204/204 205/205
f 243/243 244/244 201/201 204/204
f 245/245 246/246 244/244 243/243
f 247/247 245/245 243/243 242/242
f 244/244 248/248 200/200 201/201
f 248/248 227/227 189/189 200/200
f 249/249 226/226 227/227 248/248
f 246/246 249/249 248/248 244/244
f 250/250 251/251 252/252 253/253
f 250/250 249/249 246/246 251/251
f 250/250 238/238 226/226 249/249
f 241/241 238/238 250/250 253/253
f 254/254 245/245 247/247 255/255
f 254/254 251/251 246/246 245/245
f 252/252 251/251 254/254 256/256
f 254/254 255/255 257/257 256/256
f 258/258 259/259 220/220 221/221
f 259/259 260/260 217/217 220/220
f 261/261 262/262 260/260 259/259
f 263/263 261/261 259/259 258/258
f 260/260 264/264 216/216 217/217
f 264/264 242/242 205/205 216/216
f 265/265 247/247 242/242 264/264
f 262/262 265/265 264/264 260/260
f 266/266 267/267 265/265 262/262
f 267/267 255/255 247/247 265/265
f 257/257 255/255 267/267 268/268
f 269/269 268/268 267/267 266/266
f 270/270 271/271 261/261 263/263
f 271/271 266/266 262/262 261/261
f 269/269 266/266 271/271 272/272
f 273/273 272/272 271/271 270/270
f 274/274 275/275 276/276 277/277
f 275/275 240/240 241/241 276/276
f 278/278 234/234 240/240 275/275
f 279/279 278/278 275/275 274/274
f 280/280 281/281 282/282 283/283
f 281/281 278/278 279/279 282/282
f 281/281 235/235 234/234 278/278
f 237/237 235/235 281/281 280/280
f 284/284 285/285 671/286 672/287
f 671/286 285/285 286/288 674/289
f 282/282 279/279 286/288 285/285
f 283/283 282/282 285/285 284/284
f 681/290 287/291 288/292 683/293
f 287/291 274/274 277/277 288/292
f 286/288 279/279 274/274 287/291
f 286/288 287/291 681/290 674/289
f 289/294 290/295 291/296 292/297
f 290/295 256/256 257/257 291/296
f 293/298 252/252 256/256 290/295
f 294/299 293/298 290/295 289/294
f 295/300 293/298 294/299 296/301
f 295/300 253/253 252/252 293/298
f 276/276 241/241 253/253 295/300
f 277/277 276/276 295/300 296/301
f 288/292 297/302 298/303 683/293
f 297/302 299/304 300/305 298/303
f 296/301 294/299 299/304 297/302
f 277/277 296/301 297/302 288/292
f 301/306 302/307 303/308 304/309
f 302/307 289/294 292/297 303/308
f 299/304 294/299 289/294 302/307
f 299/304 302/307 301/306 300/305
f 305/310 306/311 307/312 308/313
f 306/311 272/272 273/273 307/312
f 309/314 269/269 272/272 306/311
f 310/315 309/314 306/311 305/310
f 311/316 312/317 309/314 310/315
f 312/317 268/268 269/269 309/314
f 291/296 257/257 268/268 312/317
f 292/297 291/296 312/317 311/316
f 303/308 313/318 314/319 304/309
f 314/319 313/318 315/320 316/321
f 313/318 311/316 310/315 315/320
f 303/308 292/297 311/316 313/318
f 317/322 318/323 319/324 320/325
f 318/323 305/310 308/313 319/324
f 315/320 310/315 305/310 318/323
f 315/320 318/323 317/322 316/321
f 324/326 325/327 326/328 327/329
f 325/327 328/330 329/331 326/328
f 325/327 301/306 304/309 328/330
f 300/305 301/306 325/327 324/326
f 321/332 330/333 331/334 322/335
f 331/334 330/333 324/326 327/329
f 298/303 300/305 324/326 330/333
f 683/293 298/303 330/333 321/332
f 677/336 686/337 687/338 323/339
f 331/334 327/329 688/340 686/341
f 322/335 331/334 686/341 677/336
f 332/342 333/343 334/344 335/345
f 326/328 329/331 334/344 333/343
f 327/329 326/328 333/343 688/340
f 688/340 333/343 332/342 675/346
f 336/347 337/348 338/349 339/350
f 337/348 340/351 341/352 338/349
f 337/348 317/322 320/325 340/351
f 336/347 316/321 317/322 337/348
f 328/330 342/353 343/354 329/331
f 342/353 336/347 339/350 343/354
f 342/353 314/319 316/321 336/347
f 328/330 304/309 314/319 342/353
f 334/344 344/355 345/356 335/345
f 345/356 344/355 346/357 347/358
f 343/354 339/350 346/357 344/355
f 329/331 343/354 344/355 334/344
f 348/359 349/360 350/361 351/362
f 338/349 341/352 350/361 349/360
f 339/350 338/349 349/360 346/357
f 346/357 349/360 348/359 347/358
f 352/363 353/364 354/365 355/366
f 355/366 354/365 356/367 357/368
f 354/365 358/369 359/370 356/367
f 353/364 360/371 358/369 354/365
f 358/369 361/372 362/373 359/370
f 361/372 363/374 364/375 362/373
f 365/376 366/377 363/374 361/372
f 360/371 365/376 361/372 358/369
f 367/378 368/379 365/376 360/371
f 368/379 369/380 366/377 365/376
f 18/18 20/20 369/19 368/17
f 15/15 18/18 368/17 367/14
f 12/12 370/11 371/10 13/13
f 371/10 370/11 353/364 352/363
f 370/11 367/378 360/371 353/364
f 12/12 15/15 367/14 370/11
f 372/381 373/382 374/383 375/384
f 373/382 376/385 377/386 374/383
f 378/387 379/388 376/385 373/382
f 380/389 378/387 373/382 372/381
f 376/385 381/390 382/391 377/386
f 381/390 383/392 384/393 382/391
f 385/394 386/395 383/392 381/390
f 379/388 385/394 381/390 376/385
f 387/396 388/397 385/394 379/388
f 388/397 389/398 386/395 385/394
f 362/373 364/375 389/398 388/397
f 359/370 362/373 388/397 387/396
f 390/399 391/400 378/387 380/389
f 391/400 387/396 379/388 378/387
f 356/367 359/370 387/396 391/400
f 357/368 356/367 391/400 390/399
f 392/401 393/402 394/403 395/404
f 392/401 396/405 397/406 393/402
f 398/407 399/408 396/405 392/401
f 398/407 392/401 395/404 400/409
f 396/405 401/410 402/411 397/406
f 401/410 403/412 404/413 402/411
f 405/414 406/415 403/412 401/410
f 399/408 405/414 401/410 396/405
f 407/416 408/417 405/414 399/408
f 408/417 409/418 406/415 405/414
f 382/391 384/393 409/418 408/417
f 377/386 382/391 408/417 407/416
f 410/419 411/420 398/407 400/409
f 411/420 407/416 399/408 398/407
f 374/383 377/386 407/416 411/420
f 375/384 374/383 411/420 410/419
f 363/374 412/421 413/422 364/375
f 412/421 414/423 415/424 413/422
f 416/425 417/426 414/423 412/421
f 366/377 416/425 412/421 363/374
f 418/427 419/428 415/424 414/423
f 418/427 420/429 421/430 419/428
f 422/431 423/432 420/429 418/427
f 417/426 422/431 418/427 414/423
f 424/433 422/431 417/426 425/434
f 424/433 426/435 423/432 422/431
f 78/78 80/80 426/79 424/77
f 75/75 78/78 424/77 425/74
f 427/436 416/425 366/377 369/380
f 427/436 425/434 417/426 416/425
f 73/73 75/75 425/74 427/72
f 20/20 73/73 427/72 369/19
f 383/392 428/437 429/438 384/393
f 428/437 430/439 431/440 429/438
f 432/441 433/442 430/439 428/437
f 386/395 432/441 428/437 383/392
f 430/439 434/443 435/444 431/440
f 434/443 436/445 437/446 435/444
f 438/447 439/448 436/445 434/443
f 433/442 438/447 434/443 430/439
f 440/449 438/447 433/442 441/450
f 440/449 442/451 439/448 438/447
f 419/428 421/430 442/451 440/449
f 415/424 419/428 440/449 441/450
f 389/398 443/452 432/441 386/395
f 443/452 441/450 433/442 432/441
f 413/422 415/424 441/450 443/452
f 364/375 413/422 443/452 389/398
f 403/412 444/453 445/454 404/413
f 444/453 446/455 447/456 445/454
f 448/457 449/458 446/455 444/453
f 406/415 448/457 444/453 403/412
f 446/455 450/459 451/460 447/456
f 450/459 452/461 453/462 451/460
f 454/463 455/464 452/461 450/459
f 449/458 454/463 450/459 446/455
f 456/465 457/466 454/463 449/458
f 457/466 458/467 455/464 454/463
f 435/444 437/446 458/467 457/466
f 431/440 435/444 457/466 456/465
f 409/418 459/468 448/457 406/415
f 459/468 456/465 449/458 448/457
f 429/438 431/440 456/465 459/468
f 384/393 429/438 459/468 409/418
f 423/432 460/469 461/470 420/429
f 461/470 462/471 421/430 420/429
f 461/470 463/472 464/473 462/471
f 460/469 465/474 463/472 461/470
f 466/475 467/476 464/473 463/472
f 466/475 468/477 469/478 467/476
f 470/479 471/480 468/477 466/475
f 465/474 470/479 466/475 463/472
f 472/481 470/479 465/474 473/482
f 472/481 474/483 471/480 470/479
f 130/130 132/132 474/131 472/129
f 127/127 130/130 472/129 473/126
f 475/484 460/469 423/432 426/435
f 475/484 473/482 465/474 460/469
f 125/125 127/127 473/126 475/124
f 80/80 125/125 475/124 426/79
f 439/448 476/485 477/486 436/445
f 477/486 478/487 437/446 436/445
f 477/486 479/488 480/489 478/487
f 476/485 481/490 479/488 477/486
f 482/491 483/492 480/489 479/488
f 482/491 484/493 485/494 483/492
f 486/495 487/496 484/493 482/491
f 481/490 486/495 482/491 479/488
f 488/497 486/495 481/490 489/498
f 488/497 490/499 487/496 486/495
f 467/476 469/478 490/499 488/497
f 464/473 467/476 488/497 489/498
f 491/500 476/485 439/448 442/451
f 491/500 489/498 481/490 476/485
f 462/471 464/473 489/498 491/500
f 421/430 462/471 491/500 442/451
f 455/464 492/501 493/502 452/461
f 493/502 494/503 453/462 452/461
f 493/502 495/504 496/505 494/503
f 492/501 497/506 495/504 493/502
f 495/504 498/507 499/508 496/505
f 498/507 500/509 501/510 499/508
f 502/511 503/512 500/509 498/507
f 497/506 502/511 498/507 495/504
f 504/513 502/511 497/506 505/514
f 504/513 506/515 503/512 502/511
f 483/492 485/494 506/515 504/513
f 480/489 483/492 504/513 505/514
f 507/516 492/501 455/464 458/467
f 507/516 505/514 497/506 492/501
f 478/487 480/489 505/514 507/516
f 437/446 478/487 507/516 458/467
f 468/477 508/517 509/518 469/478
f 508/517 510/519 511/520 509/518
f 512/521 513/522 510/519 508/517
f 471/480 512/521 508/517 468/477
f 510/519 514/523 515/524 511/520
f 514/523 516/525 517/526 515/524
f 518/527 519/528 516/525 514/523
f 513/522 518/527 514/523 510/519
f 520/529 521/530 518/527 513/522
f 521/530 522/531 519/528 518/527
f 182/182 184/184 522/183 521/181
f 179/179 182/182 521/181 520/178
f 474/483 523/532 512/521 471/480
f 523/532 520/529 513/522 512/521
f 177/177 179/179 520/178 523/176
f 132/132 177/177 523/176 474/131
f 487/496 524/533 525/534 484/493
f 525/534 526/535 485/494 484/493
f 525/534 527/536 528/537 526/535
f 524/533 529/538 527/536 525/534
f 527/536 530/539 531/540 528/537
f 530/539 532/541 533/542 531/540
f 534/543 535/544 532/541 530/539
f 529/538 534/543 530/539 527/536
f 536/545 534/543 529/538 537/546
f 536/545 538/547 535/544 534/543
f 515/524 517/526 538/547 536/545
f 511/520 515/524 536/545 537/546
f 469/478 509/518 539/548 490/499
f 539/548 524/533 487/496 490/499
f 539/548 537/546 529/538 524/533
f 509/518 511/520 537/546 539/548
f 500/509 540/549 541/550 501/510
f 540/549 542/551 543/552 541/550
f 544/553 545/554 542/551 540/549
f 503/512 544/553 540/549 500/509
f 542/551 546/555 547/556 543/552
f 546/555 548/557 549/558 547/556
f 550/559 551/560 548/557 546/555
f 545/554 550/559 546/555 542/551
f 552/561 553/562 550/559 545/554
f 553/562 554/563 551/560 550/559
f 531/540 533/542 554/563 553/562
f 528/537 531/540 553/562 552/561
f 506/515 555/564 544/553 503/512
f 555/564 552/561 545/554 544/553
f 526/535 528/537 552/561 555/564
f 485/494 526/535 555/564 506/515
f 519/528 556/565 557/566 516/525
f 557/566 558/567 517/526 516/525
f 557/566 559/568 560/569 558/567
f 556/565 561/570 559/568 557/566
f 562/571 563/572 560/569 559/568
f 564/573 563/572 562/571 565/574
f 562/571 566/575 567/576 565/574
f 561/570 566/575 562/571 559/568
f 567/576 566/575 568/577 569/578
f 568/577 236/236 237/237 569/578
f 231/231 236/236 568/232 570/230
f 568/577 566/575 561/570 570/230
f 571/579 556/565 519/528 522/531
f 571/579 570/230 561/570 556/565
f 229/229 231/231 570/230 571/228
f 184/184 229/229 571/228 522/183
f 532/541 572/580 573/581 533/542
f 572/580 574/582 575/583 573/581
f 576/584 577/585 574/582 572/580
f 535/544 576/584 572/580 532/541
f 575/583 574/582 578/586 579/587
f 580/588 579/587 578/586 581/589
f 578/586 582/590 583/591 581/589
f 577/585 582/590 578/586 574/582
f 583/591 582/590 584/592 585/593
f 584/592 563/572 564/573 585/593
f 560/569 563/572 584/592 586/594
f 577/585 586/594 584/592 582/590
f 538/547 587/595 576/584 535/544
f 587/595 586/594 577/585 576/584
f 558/567 560/569 586/594 587/595
f 517/526 558/567 587/595 538/547
f 548/557 588/596 589/597 549/558
f 588/596 590/598 591/599 589/597
f 592/600 593/601 590/598 588/596
f 551/560 592/600 588/596 548/557
f 590/598 594/602 595/603 591/599
f 594/602 596/604 597/605 595/603
f 594/602 598/606 599/607 596/604
f 593/601 598/606 594/602 590/598
f 600/608 601/609 598/606 593/601
f 601/609 602/610 599/607 598/606
f 601/609 579/587 580/588 602/610
f 575/583 579/587 601/609 600/608
f 554/563 603/611 592/600 551/560
f 603/611 600/608 593/601 592/600
f 573/581 575/583 600/608 603/611
f 533/542 573/581 603/611 554/563
f 604/612 605/613 606/614 607/615
f 605/613 608/616 609/617 606/614
f 565/574 567/576 608/616 605/613
f 564/573 565/574 605/613 604/612
f 610/618 611/619 680/620 684/621
f 680/620 611/619 612/622 673/623
f 606/614 609/617 612/622 611/619
f 607/615 606/614 611/619 610/618
f 670/286 613/285 284/284 672/287
f 613/285 614/282 283/283 284/284
f 612/622 609/617 614/282 613/285
f 612/622 613/285 670/286 673/623
f 614/282 615/281 280/280 283/283
f 615/281 569/578 237/237 280/280
f 567/576 569/578 615/281 608/616
f 609/617 608/616 615/281 614/282
f 616/624 617/625 618/626 619/627
f 617/625 620/628 621/629 618/626
f 581/589 583/591 620/628 617/625
f 580/588 581/589 617/625 616/624
f 622/630 623/631 624/632 625/633
f 624/632 623/631 626/634 627/635
f 618/626 621/629 626/634 623/631
f 619/627 618/626 623/631 622/630
f 628/636 629/637 610/618 684/621
f 629/637 630/638 607/615 610/618
f 626/634 621/629 630/638 629/637
f 627/635 626/634 629/637 628/636
f 621/629 620/628 631/639 630/638
f 631/639 604/612 607/615 630/638
f 585/593 564/573 604/612 631/639
f 583/591 585/593 631/639 620/628
f 632/640 633/641 634/642 635/643
f 633/641 636/644 637/645 634/642
f 596/604 599/607 636/644 633/641
f 597/605 596/604 633/641 632/640
f 638/646 639/647 640/648 641/649
f 640/648 639/647 642/650 643/651
f 634/642 637/645 642/650 639/647
f 635/643 634/642 639/647 638/646
f 644/652 645/653 622/630 625/633
f 646/654 619/627 622/630 645/653
f 637/645 646/654 645/653 642/650
f 642/650 645/653 644/652 643/651
f 636/644 647/655 646/654 637/645
f 647/655 616/624 619/627 646/654
f 602/610 580/588 616/624 647/655
f 599/607 602/610 647/655 636/644
f 648/656 649/657 650/658 651/659
f 649/657 624/632 627/635 650/658
f 625/633 624/632 649/657 652/660
f 653/661 652/660 649/657 648/656
f 654/344 655/343 332/342 335/345
f 332/342 655/343 676/340 675/346
f 655/343 648/656 651/659 676/340
f 654/344 653/661 648/656 655/343
f 687/338 679/337 678/336 323/339
f 679/337 656/662 682/663 678/336
f 676/340 651/659 656/662 679/337
f 656/662 657/664 685/665 682/663
f 657/664 628/636 684/621 685/665
f 650/658 627/635 628/636 657/664
f 650/658 657/664 656/662 651/659
f 658/666 659/667 660/668 661/669
f 640/648 643/651 660/668 659/667
f 641/649 640/648 659/667 662/670
f 663/671 662/670 659/667 658/666
f 664/361 665/360 348/359 351/362
f 348/359 665/360 666/357 347/358
f 665/360 658/666 661/669 666/357
f 664/361 663/671 658/666 665/360
f 345/356 667/355 654/344 335/345
f 667/355 668/672 653/661 654/344
f 666/357 661/669 668/672 667/355
f 666/357 667/355 345/356 347/358
f 668/672 669/673 652/660 653/661
f 644/652 625/633 652/660 669/673
f 643/651 644/652 669/673 660/668
f 661/669 660/668 669/673 668/672
f 702/674 692/675 691/676 703/677
f 704/678 702/674 703/677 705/679
f 706/680 707/681 702/674 704/678
f 693/682 692/675 702/674 707/681
f 691/676 689/683 708/684 703/677
f 708/684 689/683 690/685 709/686
f 710/687 708/684 709/686 711/688
f 705/679 703/677 708/684 710/687
f 712/689 715/690 714/691 713/692
f 705/679 710/687 712/689 713/692
f 712/689 710/687 711/688 716/693
f 717/694 715/690 712/689 716/693
f 706/680 704/678 719/695 718/696
f 719/695 704/678 705/679 713/692
f 714/691 720/697 719/695 713/692
f 719/695 720/697 721/698 718/696
f 722/699 697/700 696/701 723/702
f 723/702 696/701 695/703 724/704
f 725/705 723/702 724/704 726/706
f 727/707 722/699 723/702 725/705
f 724/704 695/703 694/708 728/709
f 728/709 694/708 693/682 707/681
f 729/710 728/709 707/681 706/680
f 726/706 724/704 728/709 729/710
f 730/711 733/712 732/713 731/714
f 730/711 731/714 726/706 729/710
f 730/711 729/710 706/680 718/696
f 721/698 733/712 730/711 718/696
f 734/715 735/716 727/707 725/705
f 734/715 725/705 726/706 731/714
f 732/713 736/717 734/715 731/714
f 734/715 736/717 737/718 735/716
f 738/719 701/720 700/721 739/722
f 739/722 700/721 699/723 740/724
f 741/725 739/722 740/724 742/726
f 743/727 738/719 739/722 741/725
f 740/724 699/723 698/728 744/729
f 744/729 698/728 697/700 722/699
f 745/730 744/729 722/699 727/707
f 742/726 740/724 744/729 745/730
f 746/731 742/726 745/730 747/732
f 747/732 745/730 727/707 735/716
f 737/718 748/733 747/732 735/716
f 749/734 746/731 747/732 748/733
f 750/735 743/727 741/725 751/736
f 751/736 741/725 742/726 746/731
f 749/734 752/737 751/736 746/731
f 753/738 750/735 751/736 752/737
f 754/739 757/740 756/741 755/742
f 755/742 756/741 721/698 720/697
f 758/743 755/742 720/697 714/691
f 759/744 754/739 755/742 758/743
f 760/745 763/746 762/747 761/748
f 761/748 762/747 759/744 758/743
f 761/748 758/743 714/691 715/690
f 717/694 760/745 761/748 715/690
f 764/749 960/750 959/751 765/752
f 959/751 962/753 766/754 765/752
f 762/747 765/752 766/754 759/744
f 763/746 764/749 765/752 762/747
f 969/755 971/756 768/757 767/758
f 767/758 768/757 757/740 754/739
f 766/754 767/758 754/739 759/744
f 766/754 962/753 969/755 767/758
f 769/759 772/760 771/761 770/762
f 770/762 771/761 737/718 736/717
f 773/763 770/762 736/717 732/713
f 774/764 769/759 770/762 773/763
f 775/765 776/766 774/764 773/763
f 775/765 773/763 732/713 733/712
f 756/741 775/765 733/712 721/698
f 757/740 776/766 775/765 756/741
f 768/757 971/756 778/767 777/768
f 777/768 778/767 780/769 779/770
f 776/766 777/768 779/770 774/764
f 757/740 768/757 777/768 776/766
f 781/771 784/772 783/773 782/774
f 782/774 783/773 772/760 769/759
f 779/770 782/774 769/759 774/764
f 779/770 780/769 781/771 782/774
f 785/775 788/776 787/777 786/778
f 786/778 787/777 753/738 752/737
f 789/779 786/778 752/737 749/734
f 790/780 785/775 786/778 789/779
f 791/781 790/780 789/779 792/782
f 792/782 789/779 749/734 748/733
f 771/761 792/782 748/733 737/718
f 772/760 791/781 792/782 771/761
f 783/773 784/772 794/783 793/784
f 794/783 796/785 795/786 793/784
f 793/784 795/786 790/780 791/781
f 783/773 793/784 791/781 772/760
f 797/787 800/788 799/789 798/790
f 798/790 799/789 788/776 785/775
f 795/786 798/790 785/775 790/780
f 795/786 796/785 797/787 798/790
f 804/791 807/792 806/793 805/794
f 805/794 806/793 809/795 808/796
f 805/794 808/796 784/772 781/771
f 780/769 804/791 805/794 781/771
f 801/797 802/798 811/799 810/800
f 811/799 807/792 804/791 810/800
f 778/767 810/800 804/791 780/769
f 971/756 801/797 810/800 778/767
f 965/801 803/802 975/803 974/804
f 811/799 974/805 976/806 807/792
f 802/798 965/801 974/804 811/799
f 812/807 815/808 814/809 813/810
f 806/793 813/810 814/809 809/795
f 807/792 976/806 813/810 806/793
f 976/806 963/811 812/807 813/810
f 816/812 819/813 818/814 817/815
f 817/815 818/814 821/816 820/817
f 817/815 820/817 800/788 797/787
f 816/812 817/815 797/787 796/785
f 808/796 809/795 823/818 822/819
f 822/819 823/818 819/813 816/812
f 822/819 816/812 796/785 794/783
f 808/796 822/819 794/783 784/772
f 814/809 815/808 825/820 824/821
f 825/820 827/822 826/823 824/821
f 823/818 824/821 826/823 819/813
f 809/795 814/809 824/821 823/818
f 828/824 831/825 830/826 829/827
f 818/814 829/827 830/826 821/816
f 819/813 826/823 829/827 818/814
f 826/823 827/822 828/824 829/827
f 834/828 832/829 845/830 844/831
f 845/830 832/829 833/832 846/833
f 845/830 846/833 848/834 847/835
f 844/831 845/830 847/835 849/836
f 850/837 847/835 848/834 851/838
f 852/839 853/840 850/837 851/838
f 850/837 853/840 855/841 854/842
f 849/836 847/835 850/837 854/842
f 855/841 857/843 856/844 854/842
f 856/844 857/843 717/694 716/693
f 711/688 858/687 856/689 716/693
f 856/844 858/687 849/836 854/842
f 859/845 835/846 834/828 844/831
f 859/845 844/831 849/836 858/687
f 709/686 859/684 858/687 711/688
f 690/685 835/683 859/684 709/686
f 836/847 837/848 861/849 860/850
f 860/850 861/849 863/851 862/852
f 864/853 860/850 862/852 865/854
f 838/855 836/847 860/850 864/853
f 863/851 867/856 866/857 862/852
f 868/858 869/859 866/857 867/856
f 866/857 869/859 871/860 870/861
f 865/854 862/852 866/857 870/861
f 871/860 873/862 872/863 870/861
f 872/863 873/862 852/839 851/838
f 848/834 874/864 872/863 851/838
f 865/854 870/861 872/863 874/864
f 839/865 838/855 864/853 875/866
f 875/866 864/853 865/854 874/864
f 846/833 875/866 874/864 848/834
f 833/832 839/865 875/866 846/833
f 840/867 841/868 877/869 876/870
f 876/870 877/869 879/871 878/872
f 880/873 876/870 878/872 881/874
f 842/875 840/867 876/870 880/873
f 878/872 879/871 883/876 882/877
f 882/877 883/876 885/878 884/879
f 882/877 884/879 887/880 886/881
f 881/874 878/872 882/877 886/881
f 888/882 881/874 886/881 889/883
f 889/883 886/881 887/880 890/884
f 889/883 890/884 868/858 867/856
f 863/851 888/882 889/883 867/856
f 843/885 842/875 880/873 891/886
f 891/886 880/873 881/874 888/882
f 861/849 891/886 888/882 863/851
f 837/848 843/885 891/886 861/849
f 892/887 895/888 894/889 893/890
f 893/890 894/889 897/891 896/892
f 853/840 893/890 896/892 855/841
f 852/839 892/887 893/890 853/840
f 898/893 972/894 968/895 899/896
f 968/895 961/897 900/898 899/896
f 894/889 899/896 900/898 897/891
f 895/888 898/893 899/896 894/889
f 958/751 960/750 764/749 901/752
f 901/752 764/749 763/746 902/747
f 900/898 901/752 902/747 897/891
f 900/898 961/897 958/751 901/752
f 902/747 763/746 760/745 903/748
f 903/748 760/745 717/694 857/690
f 855/841 896/892 903/748 857/843
f 897/891 902/747 903/748 896/892
f 904/899 907/900 906/901 905/902
f 905/902 906/901 909/903 908/904
f 869/859 905/902 908/904 871/860
f 868/858 904/899 905/902 869/859
f 910/905 913/906 912/907 911/908
f 912/907 915/909 914/910 911/908
f 906/901 911/908 914/910 909/903
f 907/900 910/905 911/908 906/901
f 916/911 972/894 898/893 917/912
f 917/912 898/893 895/888 918/913
f 914/910 917/912 918/913 909/903
f 915/909 916/911 917/912 914/910
f 909/903 918/913 919/914 908/904
f 919/914 918/913 895/888 892/887
f 873/862 919/914 892/887 852/839
f 871/860 908/904 919/914 873/862
f 920/915 923/916 922/917 921/918
f 921/918 922/917 925/919 924/920
f 884/879 921/918 924/920 887/880
f 885/878 920/915 921/918 884/879
f 926/921 929/922 928/923 927/924
f 928/923 931/925 930/926 927/924
f 922/917 927/924 930/926 925/919
f 923/916 926/921 927/924 922/917
f 932/927 913/906 910/905 933/928
f 934/929 933/928 910/905 907/900
f 925/919 930/926 933/928 934/929
f 930/926 931/925 932/927 933/928
f 924/920 925/919 934/929 935/930
f 935/930 934/929 907/900 904/899
f 890/884 935/930 904/899 868/858
f 887/880 924/920 935/930 890/884
f 936/931 939/932 938/933 937/934
f 937/934 938/933 915/909 912/907
f 913/906 940/935 937/934 912/907
f 941/936 936/931 937/934 940/935
f 942/809 815/808 812/807 943/810
f 812/807 963/811 964/806 943/810
f 943/810 964/806 939/932 936/931
f 942/809 943/810 936/931 941/936
f 975/803 803/802 966/801 967/804
f 967/804 966/801 970/937 944/938
f 964/806 967/804 944/938 939/932
f 944/938 970/937 973/939 945/940
f 945/940 973/939 972/894 916/911
f 938/933 945/940 916/911 915/909
f 938/933 939/932 944/938 945/940
f 946/941 949/942 948/943 947/944
f 928/923 947/944 948/943 931/925
f 929/922 950/945 947/944 928/923
f 951/946 946/941 947/944 950/945
f 952/826 831/825 828/824 953/827
f 828/824 827/822 954/823 953/827
f 953/827 954/823 949/942 946/941
f 952/826 953/827 946/941 951/946
f 825/820 815/808 942/809 955/821
f 955/821 942/809 941/936 956/947
f 954/823 955/821 956/947 949/942
f 954/823 827/822 825/820 955/821
f 956/947 941/936 940/935 957/948
f 932/927 957/948 940/935 913/906
f 931/925 948/943 957/948 932/927
f 949/942 956/947 957/948 948/943
f 670/286 672/287 960/287 958/286
f 675/346 676/340 964/340 963/346
f 676/340 679/337 967/337 964/340
f 673/623 670/286 958/286 961/623
f 680/620 673/623 961/623 968/620
f 687/338 686/337 974/337 975/338
f 679/337 687/338 975/338 967/337
f 684/621 680/620 968/620 972/621
f 672/287 671/286 959/286 960/287
f 671/286 674/289 962/289 959/286
f 674/289 681/290 969/290 962/289
f 688/340 675/346 963/346 976/340
f 323/339 678/336 966/336 803/339
f 677/336 323/339 803/339 965/336
f 678/336 682/663 970/663 966/336
f 322/335 677/336 965/336 802/335
f 681/290 683/293 971/293 969/290
f 682/663 685/665 973/665 970/663
f 321/332 322/335 802/335 801/332
f 685/665 684/621 972/621 973/665
f 683/293 321/332 801/332 971/293
f 686/337 688/340 976/340 974/337
f 977/949 978/950 979/951 980/952
f 978/950 981/953 982/954 979/951
f 983/955 984/956 981/953 978/950
f 985/957 983/955 978/950 977/949
f 981/953 986/958 987/959 982/954
f 986/958 988/960 989/961 987/959
f 990/962 991/963 988/960 986/958
f 984/956 990/962 986/958 981/953
f 992/964 993/965 990/962 984/956
f 993/965 994/966 991/963 990/962
f 995/967 996/968 994/966 993/965
f 997/969 995/967 993/965 992/964
f 998/970 999/971 983/955 985/957
f 999/971 992/964 984/956 983/955
f 1000/972 997/969 992/964 999/971
f 1001/973 1000/972 999/971 998/970
f 1002/974 1003/975 1000/976 1001/977
f 1003/975 1004/978 997/979 1000/976
f 1005/980 1006/981 1004/978 1003/975
f 1007/982 1005/980 1003/975 1002/974
f 1004/978 1008/983 995/984 997/979
f 1008/983 1009/985 996/986 995/984
f 1010/987 1011/988 1009/985 1008/983
f 1006/981 1010/987 1008/983 1004/978
f 1012/989 1013/990 1010/987 1006/981
f 1013/990 1014/991 1011/988 1010/987
f 1015/992 1016/993 1014/991 1013/990
f 1017/994 1015/992 1013/990 1012/989
f 1018/995 1019/996 1005/980 1007/982
f 1019/996 1012/989 1006/981 1005/980
f 1020/997 1017/994 1012/989 1019/996
f 1021/998 1020/997 1019/996 1018/995
f 1022/999 1023/1000 1020/997 1021/998
f 1023/1000 1024/1001 1017/994 1020/997
f 1025/1002 1026/1003 1024/1004 1023/1005
f 1027/1006 1025/1002 1023/1005 1022/1007
f 1024/1001 1028/1008 1015/992 1017/994
f 1028/1008 1029/1009 1016/993 1015/992
f 1030/1010 1031/1011 1029/1012 1028/1013
f 1026/1003 1030/1010 1028/1013 1024/1004
f 1032/1014 1033/1015 1030/1016 1026/1017
f 1033/1015 1034/1018 1031/1019 1030/1016
f 1035/1020 1036/1021 1034/1022 1033/1023
f 1035/1020 1033/1023 1032/1024 1037/1025
f 1038/1026 1039/1027 1025/1028 1027/1029
f 1039/1027 1032/1014 1026/1017 1025/1028
f 1040/1030 1037/1025 1032/1024 1039/1031
f 1041/1032 1040/1030 1039/1031 1038/1033
f 1042/1034 1043/1035 1044/1036 1045/1037
f 1042/1034 1046/1038 1047/1039 1043/1035
f 1048/1040 1049/1041 1046/1038 1042/1034
f 1048/1040 1042/1034 1045/1037 1050/1042
f 1046/1038 1051/1043 1052/1044 1047/1039
f 1051/1043 1053/1045 1054/1046 1052/1044
f 1055/1047 1056/1048 1053/1045 1051/1043
f 1049/1041 1055/1047 1051/1043 1046/1038
f 1057/1049 1058/1050 1055/1047 1049/1041
f 1058/1050 1059/1051 1056/1048 1055/1047
f 1060/1052 1061/1053 1059/1051 1058/1050
f 1062/1054 1060/1052 1058/1050 1057/1049
f 1063/1055 1064/1056 1048/1040 1050/1042
f 1064/1056 1057/1049 1049/1041 1048/1040
f 1065/1057 1062/1054 1057/1049 1064/1056
f 1066/1058 1065/1057 1064/1056 1063/1055
f 1067/1059 1068/1060 1065/1057 1066/1058
f 1068/1060 1069/1061 1062/1054 1065/1057
f 1070/1062 1071/1063 1069/1061 1068/1060
f 1072/1064 1070/1062 1068/1060 1067/1059
f 1069/1061 1073/1065 1060/1052 1062/1054
f 1073/1065 1074/1066 1061/1053 1060/1052
f 1075/1067 1076/1068 1074/1066 1073/1065
f 1071/1063 1075/1067 1073/1065 1069/1061
f 1077/1069 1078/1070 1075/1067 1071/1063
f 1078/1070 1079/1071 1076/1068 1075/1067
f 1080/1072 1081/1073 1079/1071 1078/1070
f 1082/1074 1080/1072 1078/1070 1077/1069
f 1083/1075 1084/1076 1070/1062 1072/1064
f 1084/1076 1077/1069 1071/1063 1070/1062
f 1085/1077 1082/1074 1077/1069 1084/1076
f 1086/1078 1085/1077 1084/1076 1083/1075
f 1087/1079 1088/1080 1085/1077 1086/1078
f 1088/1080 1089/1081 1082/1074 1085/1077
f 1090/1082 1091/1083 1089/1081 1088/1080
f 1092/1084 1090/1082 1088/1080 1087/1079
f 1089/1081 1093/1085 1080/1072 1082/1074
f 1093/1085 1094/1086 1081/1073 1080/1072
f 1095/1087 1096/1088 1094/1086 1093/1085
f 1091/1083 1095/1087 1093/1085 1089/1081
f 1097/1089 1098/1090 1095/1087 1091/1083
f 1098/1090 1099/1091 1096/1088 1095/1087
f 987/1092 989/1093 1099/1091 1098/1090
f 982/1094 987/1092 1098/1090 1097/1089
f 1100/1095 1101/1096 1090/1082 1092/1084
f 1101/1096 1097/1089 1091/1083 1090/1082
f 979/1097 982/1094 1097/1089 1101/1096
f 980/1098 979/1097 1101/1096 1100/1095
f 991/963 1102/1099 1103/1100 988/960
f 988/960 1103/1100 1104/1101 989/961
f 1103/1100 1105/1102 1106/1103 1104/1101
f 1102/1099 1107/1104 1105/1102 1103/1100
f 1105/1102 1108/1105 1109/1106 1106/1103
f 1108/1105 1110/1107 1111/1108 1109/1106
f 1112/1109 1113/1110 1110/1107 1108/1105
f 1107/1104 1112/1109 1108/1105 1105/1102
f 1114/1111 1112/1109 1107/1104 1115/1112
f 1114/1111 1116/1113 1113/1110 1112/1109
f 1117/1114 1118/1115 1116/1113 1114/1111
f 1119/1116 1117/1114 1114/1111 1115/1112
f 994/966 1120/1117 1102/1099 991/963
f 1120/1117 1115/1112 1107/1104 1102/1099
f 1121/1118 1119/1116 1115/1112 1120/1117
f 996/968 1121/1118 1120/1117 994/966
f 1009/985 1122/1119 1121/1120 996/986
f 1122/1119 1123/1121 1119/1122 1121/1120
f 1124/1123 1125/1124 1123/1121 1122/1119
f 1011/988 1124/1123 1122/1119 1009/985
f 1126/1125 1117/1126 1119/1122 1123/1121
f 1126/1125 1127/1127 1118/1128 1117/1126
f 1128/1129 1129/1130 1127/1127 1126/1125
f 1125/1124 1128/1129 1126/1125 1123/1121
f 1130/1131 1131/1132 1128/1129 1125/1124
f 1131/1132 1132/1133 1129/1130 1128/1129
f 1133/1134 1134/1135 1132/1133 1131/1132
f 1133/1134 1131/1132 1130/1131 1135/1136
f 1016/993 1136/1137 1137/1138 1014/991
f 1014/991 1137/1138 1124/1123 1011/988
f 1137/1138 1130/1131 1125/1124 1124/1123
f 1136/1137 1135/1136 1130/1131 1137/1138
f 1029/1009 1138/1139 1136/1137 1016/993
f 1138/1139 1139/1140 1135/1136 1136/1137
f 1140/1141 1141/1142 1139/1143 1138/1144
f 1140/1141 1138/1144 1029/1012 1031/1011
f 1139/1140 1142/1145 1133/1134 1135/1136
f 1142/1145 1143/1146 1134/1135 1133/1134
f 1144/1147 1145/1148 1143/1149 1142/1150
f 1144/1147 1142/1150 1139/1143 1141/1142
f 1146/1151 1147/1152 1144/1153 1141/1154
f 1147/1152 1148/1155 1145/1156 1144/1153
f 1149/1157 1150/1158 1148/1159 1147/1160
f 1149/1157 1147/1160 1146/1161 1151/1162
f 1152/1163 1153/1164 1034/1022 1036/1021
f 1034/1018 1153/1165 1140/1166 1031/1019
f 1153/1165 1146/1151 1141/1154 1140/1166
f 1152/1163 1151/1162 1146/1161 1153/1164
f 1053/1045 1154/1167 1155/1168 1054/1046
f 1154/1167 1156/1169 1157/1170 1155/1168
f 1158/1171 1159/1172 1156/1169 1154/1167
f 1056/1048 1158/1171 1154/1167 1053/1045
f 1156/1169 1160/1173 1161/1174 1157/1170
f 1160/1173 1162/1175 1163/1176 1161/1174
f 1164/1177 1165/1178 1162/1175 1160/1173
f 1159/1172 1164/1177 1160/1173 1156/1169
f 1166/1179 1167/1180 1164/1177 1159/1172
f 1167/1180 1168/1181 1165/1178 1164/1177
f 1169/1182 1170/1183 1168/1181 1167/1180
f 1171/1184 1169/1182 1167/1180 1166/1179
f 1059/1051 1172/1185 1158/1171 1056/1048
f 1172/1185 1166/1179 1159/1172 1158/1171
f 1173/1186 1171/1184 1166/1179 1172/1185
f 1061/1053 1173/1186 1172/1185 1059/1051
f 1074/1066 1174/1187 1173/1186 1061/1053
f 1174/1187 1175/1188 1171/1184 1173/1186
f 1176/1189 1177/1190 1175/1188 1174/1187
f 1076/1068 1176/1189 1174/1187 1074/1066
f 1175/1188 1178/1191 1169/1182 1171/1184
f 1178/1191 1179/1192 1170/1183 1169/1182
f 1180/1193 1181/1194 1179/1192 1178/1191
f 1177/1190 1180/1193 1178/1191 1175/1188
f 1182/1195 1183/1196 1180/1193 1177/1190
f 1183/1196 1184/1197 1181/1194 1180/1193
f 1185/1198 1186/1199 1184/1197 1183/1196
f 1187/1200 1185/1198 1183/1196 1182/1195
f 1079/1071 1188/1201 1176/1189 1076/1068
f 1188/1201 1182/1195 1177/1190 1176/1189
f 1189/1202 1187/1200 1182/1195 1188/1201
f 1081/1073 1189/1202 1188/1201 1079/1071
f 1094/1086 1190/1203 1189/1202 1081/1073
f 1190/1203 1191/1204 1187/1200 1189/1202
f 1192/1205 1193/1206 1191/1204 1190/1203
f 1096/1088 1192/1205 1190/1203 1094/1086
f 1191/1204 1194/1207 1185/1198 1187/1200
f 1194/1207 1195/1208 1186/1199 1185/1198
f 1196/1209 1197/1210 1195/1208 1194/1207
f 1193/1206 1196/1209 1194/1207 1191/1204
f 1198/1211 1199/1212 1196/1209 1193/1206
f 1199/1212 1200/1213 1197/1210 1196/1209
f 1109/1214 1111/1215 1200/1213 1199/1212
f 1106/1216 1109/1214 1199/1212 1198/1211
f 1099/1091 1201/1217 1192/1205 1096/1088
f 1201/1217 1198/1211 1193/1206 1192/1205
f 1104/1218 1106/1216 1198/1211 1201/1217
f 989/1093 1104/1218 1201/1217 1099/1091
f 1110/1107 1202/1219 1203/1220 1111/1108
f 1202/1219 1204/1221 1205/1222 1203/1220
f 1206/1223 1207/1224 1204/1221 1202/1219
f 1113/1110 1206/1223 1202/1219 1110/1107
f 1208/1225 1209/1226 1205/1222 1204/1221
f 1208/1225 1210/1227 1211/1228 1209/1226
f 1212/1229 1213/1230 1210/1227 1208/1225
f 1207/1224 1212/1229 1208/1225 1204/1221
f 1214/1231 1215/1232 1212/1229 1207/1224
f 1215/1232 1216/1233 1213/1230 1212/1229
f 1217/1234 1218/1235 1216/1233 1215/1232
f 1217/1234 1215/1232 1214/1231 1219/1236
f 1116/1113 1220/1237 1206/1223 1113/1110
f 1220/1237 1214/1231 1207/1224 1206/1223
f 1221/1238 1219/1236 1214/1231 1220/1237
f 1118/1115 1221/1238 1220/1237 1116/1113
f 1127/1127 1222/1239 1221/1240 1118/1128
f 1222/1239 1223/1241 1219/1242 1221/1240
f 1224/1243 1225/1244 1223/1241 1222/1239
f 1129/1130 1224/1243 1222/1239 1127/1127
f 1223/1241 1226/1245 1217/1246 1219/1242
f 1226/1245 1227/1247 1218/1248 1217/1246
f 1228/1249 1229/1250 1227/1247 1226/1245
f 1228/1249 1226/1245 1223/1241 1225/1244
f 1230/1251 1231/1252 1228/1249 1225/1244
f 1231/1252 1232/1253 1229/1250 1228/1249
f 1233/1254 1234/1255 1232/1253 1231/1252
f 1233/1254 1231/1252 1230/1251 1235/1256
f 1132/1133 1236/1257 1224/1243 1129/1130
f 1236/1257 1230/1251 1225/1244 1224/1243
f 1237/1258 1235/1256 1230/1251 1236/1257
f 1134/1135 1237/1258 1236/1257 1132/1133
f 1143/1146 1238/1259 1237/1258 1134/1135
f 1238/1259 1239/1260 1235/1256 1237/1258
f 1240/1261 1241/1262 1239/1263 1238/1264
f 1145/1148 1240/1261 1238/1264 1143/1149
f 1239/1260 1242/1265 1233/1254 1235/1256
f 1242/1265 1243/1266 1234/1255 1233/1254
f 1244/1267 1245/1268 1243/1269 1242/1270
f 1244/1267 1242/1270 1239/1263 1241/1262
f 1246/1271 1247/1272 1244/1273 1241/1274
f 1247/1272 1248/1275 1245/1276 1244/1273
f 1249/1277 1250/1278 1248/1279 1247/1280
f 1249/1277 1247/1280 1246/1281 1251/1282
f 1148/1155 1252/1283 1240/1284 1145/1156
f 1252/1283 1246/1271 1241/1274 1240/1284
f 1253/1285 1251/1282 1246/1281 1252/1286
f 1150/1158 1253/1285 1252/1286 1148/1159
f 1162/1175 1254/1287 1255/1288 1163/1176
f 1254/1287 1256/1289 1257/1290 1255/1288
f 1258/1291 1259/1292 1256/1289 1254/1287
f 1165/1178 1258/1291 1254/1287 1162/1175
f 1256/1289 1260/1293 1261/1294 1257/1290
f 1260/1293 1262/1295 1263/1296 1261/1294
f 1264/1297 1265/1298 1262/1295 1260/1293
f 1259/1292 1264/1297 1260/1293 1256/1289
f 1266/1299 1267/1300 1264/1297 1259/1292
f 1267/1300 1268/1301 1265/1298 1264/1297
f 1269/1302 1270/1303 1268/1301 1267/1300
f 1271/1304 1269/1302 1267/1300 1266/1299
f 1168/1181 1272/1305 1258/1291 1165/1178
f 1272/1305 1266/1299 1259/1292 1258/1291
f 1273/1306 1271/1304 1266/1299 1272/1305
f 1170/1183 1273/1306 1272/1305 1168/1181
f 1179/1192 1274/1307 1273/1306 1170/1183
f 1274/1307 1275/1308 1271/1304 1273/1306
f 1276/1309 1277/1310 1275/1308 1274/1307
f 1181/1194 1276/1309 1274/1307 1179/1192
f 1275/1308 1278/1311 1269/1302 1271/1304
f 1278/1311 1279/1312 1270/1303 1269/1302
f 1280/1313 1281/1314 1279/1312 1278/1311
f 1277/1310 1280/1313 1278/1311 1275/1308
f 1282/1315 1283/1316 1280/1313 1277/1310
f 1283/1316 1284/1317 1281/1314 1280/1313
f 1285/1318 1286/1319 1284/1317 1283/1316
f 1287/1320 1285/1318 1283/1316 1282/1315
f 1184/1197 1288/1321 1276/1309 1181/1194
f 1288/1321 1282/1315 1277/1310 1276/1309
f 1289/1322 1287/1320 1282/1315 1288/1321
f 1186/1199 1289/1322 1288/1321 1184/1197
f 1197/1210 1290/1323 1291/1324 1195/1208
f 1195/1208 1291/1324 1289/1322 1186/1199
f 1291/1324 1292/1325 1287/1320 1289/1322
f 1290/1323 1293/1326 1292/1325 1291/1324
f 1292/1325 1294/1327 1285/1318 1287/1320
f 1294/1327 1295/1328 1286/1319 1285/1318
f 1296/1329 1297/1330 1295/1328 1294/1327
f 1293/1326 1296/1329 1294/1327 1292/1325
f 1298/1331 1296/1329 1293/1326 1299/1332
f 1298/1331 1300/1333 1297/1330 1296/1329
f 1209/1334 1211/1335 1300/1333 1298/1331
f 1205/1336 1209/1334 1298/1331 1299/1332
f 1200/1213 1301/1337 1290/1323 1197/1210
f 1301/1337 1299/1332 1293/1326 1290/1323
f 1203/1338 1205/1336 1299/1332 1301/1337
f 1111/1215 1203/1338 1301/1337 1200/1213
f 1210/1227 1302/1339 1303/1340 1211/1228
f 1302/1339 1304/1341 1305/1342 1303/1340
f 1306/1343 1307/1344 1304/1341 1302/1339
f 1213/1230 1306/1343 1302/1339 1210/1227
f 1304/1341 1308/1345 1309/1346 1305/1342
f 1308/1345 1310/1347 1311/1348 1309/1346
f 1312/1349 1313/1350 1310/1347 1308/1345
f 1307/1344 1312/1349 1308/1345 1304/1341
f 1314/1351 1315/1352 1312/1349 1307/1344
f 1315/1352 1316/1353 1313/1350 1312/1349
f 1317/1354 1318/1355 1316/1353 1315/1352
f 1319/1356 1317/1354 1315/1352 1314/1351
f 1218/1235 1320/1357 1321/1358 1216/1233
f 1216/1233 1321/1358 1306/1343 1213/1230
f 1321/1358 1314/1351 1307/1344 1306/1343
f 1320/1357 1319/1356 1314/1351 1321/1358
f 1227/1247 1322/1359 1320/1360 1218/1248
f 1322/1359 1323/1361 1319/1362 1320/1360
f 1324/1363 1325/1364 1323/1361 1322/1359
f 1229/1250 1324/1363 1322/1359 1227/1247
f 1323/1361 1326/1365 1317/1366 1319/1362
f 1326/1365 1327/1367 1318/1368 1317/1366
f 1328/1369 1329/1370 1327/1367 1326/1365
f 1325/1364 1328/1369 1326/1365 1323/1361
f 1330/1371 1331/1372 1328/1369 1325/1364
f 1331/1372 1332/1373 1329/1370 1328/1369
f 1333/1374 1334/1375 1332/1373 1331/1372
f 1335/1376 1333/1374 1331/1372 1330/1371
f 1336/1377 1337/1378 1232/1253 1234/1255
f 1232/1253 1337/1378 1324/1363 1229/1250
f 1337/1378 1330/1371 1325/1364 1324/1363
f 1336/1377 1335/1376 1330/1371 1337/1378
f 1243/1266 1338/1379 1336/1377 1234/1255
f 1338/1379 1339/1380 1335/1376 1336/1377
f 1340/1381 1341/1382 1339/1383 1338/1384
f 1340/1381 1338/1384 1243/1269 1245/1268
f 1339/1380 1342/1385 1333/1374 1335/1376
f 1342/1385 1343/1386 1334/1375 1333/1374
f 1344/1387 1345/1388 1343/1389 1342/1390
f 1341/1382 1344/1387 1342/1390 1339/1383
f 1346/1391 1347/1392 1344/1393 1341/1394
f 1347/1392 1348/1395 1345/1396 1344/1393
f 1349/1397 1350/1398 1348/1399 1347/1400
f 1349/1397 1347/1400 1346/1401 1351/1402
f 1352/1403 1353/1404 1248/1279 1250/1278
f 1248/1275 1353/1405 1340/1406 1245/1276
f 1353/1405 1346/1391 1341/1394 1340/1406
f 1352/1403 1351/1402 1346/1401 1353/1404
f 1262/1295 1354/1407 1355/1408 1263/1296
f 1354/1407 1356/1409 1357/1410 1355/1408
f 1358/1411 1359/1412 1356/1409 1354/1407
f 1265/1298 1358/1411 1354/1407 1262/1295
f 1356/1409 1360/1413 1361/1414 1357/1410
f 1360/1413 1362/1415 1363/1416 1361/1414
f 1364/1417 1365/1418 1362/1415 1360/1413
f 1359/1412 1364/1417 1360/1413 1356/1409
f 1366/1419 1367/1420 1364/1417 1359/1412
f 1367/1420 1368/1421 1365/1418 1364/1417
f 1369/1422 1370/1423 1368/1421 1367/1420
f 1371/1424 1369/1422 1367/1420 1366/1419
f 1268/1301 1372/1425 1358/1411 1265/1298
f 1372/1425 1366/1419 1359/1412 1358/1411
f 1373/1426 1371/1424 1366/1419 1372/1425
f 1270/1303 1373/1426 1372/1425 1268/1301
f 1279/1312 1374/1427 1373/1426 1270/1303
f 1374/1427 1375/1428 1371/1424 1373/1426
f 1376/1429 1377/1430 1375/1428 1374/1427
f 1281/1314 1376/1429 1374/1427 1279/1312
f 1375/1428 1378/1431 1369/1422 1371/1424
f 1378/1431 1379/1432 1370/1423 1369/1422
f 1380/1433 1381/1434 1379/1432 1378/1431
f 1377/1430 1380/1433 1378/1431 1375/1428
f 1382/1435 1383/1436 1380/1433 1377/1430
f 1383/1436 1384/1437 1381/1434 1380/1433
f 1385/1438 1386/1439 1384/1437 1383/1436
f 1387/1440 1385/1438 1383/1436 1382/1435
f 1284/1317 1388/1441 1376/1429 1281/1314
f 1388/1441 1382/1435 1377/1430 1376/1429
f 1389/1442 1387/1440 1382/1435 1388/1441
f 1286/1319 1389/1442 1388/1441 1284/1317
f 1297/1330 1390/1443 1391/1444 1295/1328
f 1295/1328 1391/1444 1389/1442 1286/1319
f 1391/1444 1392/1445 1387/1440 1389/1442
f 1390/1443 1393/1446 1392/1445 1391/1444
f 1392/1445 1394/1447 1385/1438 1387/1440
f 1394/1447 1395/1448 1386/1439 1385/1438
f 1396/1449 1395/1448 1394/1447 1397/1450
f 1397/1450 1394/1447 1392/1445 1393/1446
f 1398/1451 1399/1452 1397/1450 1393/1446
f 1400/1453 1396/1449 1397/1450 1399/1452
f 1309/1454 1311/1455 1400/1453 1399/1452
f 1309/1454 1399/1452 1398/1451 1305/1456
f 1401/1457 1390/1443 1297/1330 1300/1333
f 1401/1457 1398/1451 1393/1446 1390/1443
f 1303/1458 1305/1456 1398/1451 1401/1457
f 1211/1335 1303/1458 1401/1457 1300/1333
f 1310/1347 1402/1459 1403/1460 1311/1348
f 1402/1459 1404/1461 1405/1462 1403/1460
f 1406/1463 1407/1464 1404/1461 1402/1459
f 1313/1350 1406/1463 1402/1459 1310/1347
f 1404/1461 1408/1465 1409/1466 1405/1462
f 1408/1465 1410/1467 1411/1468 1409/1466
f 1412/1469 1413/1470 1410/1467 1408/1465
f 1407/1464 1412/1469 1408/1465 1404/1461
f 1414/1471 1415/1472 1412/1469 1407/1464
f 1415/1472 1416/1473 1413/1470 1412/1469
f 1417/1474 1418/1475 1416/1473 1415/1472
f 1419/1476 1417/1474 1415/1472 1414/1471
f 1316/1353 1420/1477 1406/1463 1313/1350
f 1420/1477 1414/1471 1407/1464 1406/1463
f 1421/1478 1419/1476 1414/1471 1420/1477
f 1318/1355 1421/1478 1420/1477 1316/1353
f 1327/1367 1422/1479 1421/1480 1318/1368
f 1422/1479 1423/1481 1419/1482 1421/1480
f 1424/1483 1425/1484 1423/1481 1422/1479
f 1329/1370 1424/1483 1422/1479 1327/1367
f 1423/1481 1426/1485 1417/1486 1419/1482
f 1426/1485 1427/1487 1418/1488 1417/1486
f 1428/1489 1429/1490 1427/1487 1426/1485
f 1425/1484 1428/1489 1426/1485 1423/1481
f 1430/1491 1431/1492 1428/1489 1425/1484
f 1431/1492 1432/1493 1429/1490 1428/1489
f 1433/1494 1434/1495 1432/1493 1431/1492
f 1435/1496 1433/1494 1431/1492 1430/1491
f 1332/1373 1436/1497 1424/1483 1329/1370
f 1436/1497 1430/1491 1425/1484 1424/1483
f 1437/1498 1435/1496 1430/1491 1436/1497
f 1334/1375 1437/1498 1436/1497 1332/1373
f 1345/1388 1438/1499 1439/1500 1343/1389
f 1343/1386 1439/1501 1437/1498 1334/1375
f 1439/1501 1440/1502 1435/1496 1437/1498
f 1438/1499 1441/1503 1440/1504 1439/1500
f 1442/1505 1433/1494 1435/1496 1440/1502
f 1442/1505 1443/1506 1434/1495 1433/1494
f 1444/1507 1445/1508 1443/1509 1442/1510
f 1441/1503 1444/1507 1442/1510 1440/1504
f 1446/1511 1444/1512 1441/1513 1447/1514
f 1446/1511 1448/1515 1445/1516 1444/1512
f 1449/1517 1448/1518 1446/1519 1450/1520
f 1451/1521 1450/1520 1446/1519 1447/1522
f 1452/1523 1438/1524 1345/1396 1348/1395
f 1452/1523 1447/1514 1441/1513 1438/1524
f 1453/1525 1451/1521 1447/1522 1452/1526
f 1350/1398 1453/1525 1452/1526 1348/1399
f 1362/1415 1454/1527 1455/1528 1363/1416
f 1454/1527 1456/1529 1457/1530 1455/1528
f 1458/1531 1459/1532 1456/1529 1454/1527
f 1365/1418 1458/1531 1454/1527 1362/1415
f 1456/1529 1460/1533 1461/1534 1457/1530
f 1460/1533 1462/1535 1463/1536 1461/1534
f 1464/1537 1465/1538 1462/1535 1460/1533
f 1459/1532 1464/1537 1460/1533 1456/1529
f 1466/1539 1467/1540 1464/1537 1459/1532
f 1467/1540 1468/1541 1465/1538 1464/1537
f 1469/1542 1470/1543 1468/1541 1467/1540
f 1471/1544 1469/1542 1467/1540 1466/1539
f 1368/1421 1472/1545 1458/1531 1365/1418
f 1472/1545 1466/1539 1459/1532 1458/1531
f 1473/1546 1471/1544 1466/1539 1472/1545
f 1370/1423 1473/1546 1472/1545 1368/1421
f 1379/1432 1474/1547 1473/1546 1370/1423
f 1474/1547 1475/1548 1471/1544 1473/1546
f 1476/1549 1477/1550 1475/1548 1474/1547
f 1381/1434 1476/1549 1474/1547 1379/1432
f 1475/1548 1478/1551 1469/1542 1471/1544
f 1478/1551 1479/1552 1470/1543 1469/1542
f 1480/1553 1481/1554 1479/1552 1478/1551
f 1477/1550 1480/1553 1478/1551 1475/1548
f 1482/1555 1483/1556 1480/1553 1477/1550
f 1483/1556 1484/1557 1481/1554 1480/1553
f 1485/1558 1486/1559 1484/1557 1483/1556
f 1487/1560 1485/1558 1483/1556 1482/1555
f 1488/1561 1489/1562 1384/1437 1386/1439
f 1384/1437 1489/1562 1476/1549 1381/1434
f 1489/1562 1482/1555 1477/1550 1476/1549
f 1488/1561 1487/1560 1482/1555 1489/1562
f 1395/1448 1490/1563 1488/1561 1386/1439
f 1490/1563 1491/1564 1487/1560 1488/1561
f 1492/1565 1491/1564 1490/1563 1493/1566
f 1493/1566 1490/1563 1395/1448 1396/1449
f 1492/1565 1494/1567 1495/1568 1491/1564
f 1495/1568 1485/1558 1487/1560 1491/1564
f 1495/1568 1496/1569 1486/1559 1485/1558
f 1494/1567 1497/1570 1496/1569 1495/1568
f 1498/1571 1494/1567 1492/1565 1499/1572
f 1498/1571 1500/1573 1497/1570 1494/1567
f 1409/1574 1411/1575 1500/1573 1498/1571
f 1405/1576 1409/1574 1498/1571 1499/1572
f 1403/1577 1501/1578 1400/1453 1311/1455
f 1400/1453 1501/1578 1493/1566 1396/1449
f 1501/1578 1499/1572 1492/1565 1493/1566
f 1403/1577 1405/1576 1499/1572 1501/1578
f 1413/1470 1502/1579 1503/1580 1410/1467
f 1503/1580 1504/1581 1411/1468 1410/1467
f 1503/1580 1505/1582 1506/1583 1504/1581
f 1502/1579 1507/1584 1505/1582 1503/1580
f 1508/1585 1509/1586 1506/1583 1505/1582
f 1508/1585 1510/1587 1511/1588 1509/1586
f 1512/1589 1513/1590 1510/1587 1508/1585
f 1507/1584 1512/1589 1508/1585 1505/1582
f 1514/1591 1512/1589 1507/1584 1515/1592
f 1514/1591 1516/1593 1513/1590 1512/1589
f 1517/1594 1518/1595 1516/1593 1514/1591
f 1519/1596 1517/1594 1514/1591 1515/1592
f 1520/1597 1502/1579 1413/1470 1416/1473
f 1520/1597 1515/1592 1507/1584 1502/1579
f 1521/1598 1519/1596 1515/1592 1520/1597
f 1418/1475 1521/1598 1520/1597 1416/1473
f 1429/1490 1522/1599 1523/1600 1427/1487
f 1427/1487 1523/1600 1521/1601 1418/1488
f 1523/1600 1524/1602 1519/1603 1521/1601
f 1522/1599 1525/1604 1524/1602 1523/1600
f 1526/1605 1517/1606 1519/1603 1524/1602
f 1526/1605 1527/1607 1518/1608 1517/1606
f 1528/1609 1529/1610 1527/1607 1526/1605
f 1525/1604 1528/1609 1526/1605 1524/1602
f 1530/1611 1528/1609 1525/1604 1531/1612
f 1530/1611 1532/1613 1529/1610 1528/1609
f 1533/1614 1532/1613 1530/1611 1534/1615
f 1535/1616 1534/1615 1530/1611 1531/1612
f 1432/1493 1536/1617 1522/1599 1429/1490
f 1536/1617 1531/1612 1525/1604 1522/1599
f 1537/1618 1535/1616 1531/1612 1536/1617
f 1434/1495 1537/1618 1536/1617 1432/1493
f 1445/1508 1538/1619 1539/1620 1443/1509
f 1539/1621 1537/1618 1434/1495 1443/1506
f 1539/1621 1540/1622 1535/1616 1537/1618
f 1541/1623 1540/1624 1539/1620 1538/1619
f 1541/1623 1542/1625 1543/1626 1540/1624
f 1543/1627 1534/1615 1535/1616 1540/1622
f 1544/1628 1533/1614 1534/1615 1543/1627
f 1545/1629 1544/1630 1543/1626 1542/1625
f 1546/1631 1547/1632 1548/1633 1549/1634
f 1548/1635 1542/1636 1541/1637 1549/1638
f 1550/1639 1545/1640 1542/1636 1548/1635
f 1551/1641 1550/1642 1548/1633 1547/1632
f 1552/1643 1538/1644 1445/1516 1448/1515
f 1549/1638 1541/1637 1538/1644 1552/1643
f 1546/1631 1549/1634 1552/1645 1553/1646
f 1449/1517 1553/1646 1552/1645 1448/1518
f 1465/1538 1554/1647 1555/1648 1462/1535
f 1462/1535 1555/1648 1556/1649 1463/1536
f 1555/1648 1557/1650 1558/1651 1556/1649
f 1554/1647 1559/1652 1557/1650 1555/1648
f 1560/1653 1561/1654 1558/1651 1557/1650
f 1560/1653 1562/1655 1563/1656 1561/1654
f 1564/1657 1565/1658 1562/1655 1560/1653
f 1559/1652 1564/1657 1560/1653 1557/1650
f 1566/1659 1564/1657 1559/1652 1567/1660
f 1566/1659 1568/1661 1565/1658 1564/1657
f 1569/1662 1570/1663 1568/1661 1566/1659
f 1571/1664 1569/1662 1566/1659 1567/1660
f 1572/1665 1554/1647 1465/1538 1468/1541
f 1572/1665 1567/1660 1559/1652 1554/1647
f 1573/1666 1571/1664 1567/1660 1572/1665
f 1470/1543 1573/1666 1572/1665 1468/1541
f 1481/1554 1574/1667 1575/1668 1479/1552
f 1575/1668 1573/1666 1470/1543 1479/1552
f 1575/1668 1576/1669 1571/1664 1573/1666
f 1574/1667 1577/1670 1576/1669 1575/1668
f 1578/1671 1569/1662 1571/1664 1576/1669
f 1578/1671 1579/1672 1570/1663 1569/1662
f 1580/1673 1581/1674 1579/1672 1578/1671
f 1577/1670 1580/1673 1578/1671 1576/1669
f 1582/1675 1580/1673 1577/1670 1583/1676
f 1582/1675 1584/1677 1581/1674 1580/1673
f 1585/1678 1586/1679 1584/1677 1582/1675
f 1587/1680 1585/1678 1582/1675 1583/1676
f 1588/1681 1574/1667 1481/1554 1484/1557
f 1588/1681 1583/1676 1577/1670 1574/1667
f 1589/1682 1587/1680 1583/1676 1588/1681
f 1486/1559 1589/1682 1588/1681 1484/1557
f 1497/1570 1590/1683 1591/1684 1496/1569
f 1591/1684 1589/1682 1486/1559 1496/1569
f 1591/1684 1592/1685 1587/1680 1589/1682
f 1590/1683 1593/1686 1592/1685 1591/1684
f 1594/1687 1585/1678 1587/1680 1592/1685
f 1594/1687 1595/1688 1586/1679 1585/1678
f 1596/1689 1597/1690 1595/1688 1594/1687
f 1593/1686 1596/1689 1594/1687 1592/1685
f 1598/1691 1596/1689 1593/1686 1599/1692
f 1598/1691 1600/1693 1597/1690 1596/1689
f 1509/1694 1511/1695 1600/1693 1598/1691
f 1506/1696 1509/1694 1598/1691 1599/1692
f 1601/1697 1590/1683 1497/1570 1500/1573
f 1601/1697 1599/1692 1593/1686 1590/1683
f 1504/1698 1506/1696 1599/1692 1601/1697
f 1411/1575 1504/1698 1601/1697 1500/1573
f 1602/1699 1603/1700 1604/1701 1605/1702
f 1603/1700 1510/1587 1513/1590 1604/1701
f 1606/1703 1511/1588 1510/1587 1603/1700
f 1607/1704 1606/1703 1603/1700 1602/1699
f 1608/1705 1609/1706 1610/1707 1611/1708
f 1610/1707 1609/1706 1612/1709 1613/1710
f 1609/1706 1602/1699 1605/1702 1612/1709
f 1608/1705 1607/1704 1602/1699 1609/1706
f 1614/1711 1615/1712 1616/1713 1617/1714
f 1615/1712 1618/1715 1619/1716 1616/1713
f 1612/1709 1605/1702 1618/1715 1615/1712
f 1612/1709 1615/1712 1614/1711 1613/1710
f 1618/1715 1620/1717 1621/1718 1619/1716
f 1620/1717 1516/1593 1518/1595 1621/1718
f 1604/1701 1513/1590 1516/1593 1620/1717
f 1605/1702 1604/1701 1620/1717 1618/1715
f 1622/1719 1623/1720 1624/1721 1625/1722
f 1623/1720 1527/1607 1529/1610 1624/1721
f 1621/1723 1518/1608 1527/1607 1623/1720
f 1619/1724 1621/1723 1623/1720 1622/1719
f 1616/1725 1626/1726 2388/1727 1617/1728
f 2388/1727 1626/1726 1628/1729 2383/1730
f 1626/1726 1622/1719 1625/1722 1628/1729
f 1616/1725 1619/1724 1622/1719 1626/1726
f 2384/1731 1631/1732 1632/1733 2385/1734
f 1631/1732 1634/1735 1635/1736 1632/1733
f 1628/1729 1625/1722 1634/1735 1631/1732
f 1628/1729 1631/1732 2384/1731 2383/1730
f 1634/1735 1636/1737 1637/1738 1635/1736
f 1636/1737 1532/1613 1533/1614 1637/1738
f 1624/1721 1529/1610 1532/1613 1636/1737
f 1625/1722 1624/1721 1636/1737 1634/1735
f 1638/1739 1639/1740 1640/1741 1641/1742
f 1639/1740 1544/1630 1545/1629 1640/1741
f 1637/1738 1533/1614 1544/1628 1639/1743
f 1635/1736 1637/1738 1639/1743 1638/1744
f 1632/1733 1642/1745 2380/1746 2385/1734
f 2380/1747 1642/1748 1644/1749 2374/1750
f 1642/1748 1638/1739 1641/1742 1644/1749
f 1632/1733 1635/1736 1638/1744 1642/1745
f 2375/1751 1647/1752 2387/1753 2376/1754
f 1647/1752 1650/1755 2386/1756 2387/1753
f 1644/1757 1641/1758 1650/1759 1647/1760
f 2374/1761 1644/1757 1647/1760 2375/1762
f 1652/1763 1653/1764 2386/1756 1650/1755
f 1652/1763 1550/1642 1551/1641 1653/1764
f 1640/1765 1545/1640 1550/1639 1652/1766
f 1641/1758 1640/1765 1652/1766 1650/1759
f 1654/1767 1655/1768 1656/1769 1657/1770
f 1655/1768 1658/1771 1659/1772 1656/1769
f 1562/1655 1565/1658 1658/1771 1655/1768
f 1563/1656 1562/1655 1655/1768 1654/1767
f 1660/1773 1661/1774 1662/1775 1663/1776
f 1661/1774 1664/1777 1665/1778 1662/1775
f 1656/1769 1659/1772 1664/1777 1661/1774
f 1657/1770 1656/1769 1661/1774 1660/1773
f 1666/1779 1667/1780 1668/1781 1669/1782
f 1670/1783 1671/1784 1667/1780 1666/1779
f 1659/1772 1670/1783 1666/1779 1664/1777
f 1664/1777 1666/1779 1669/1782 1665/1778
f 1658/1771 1672/1785 1670/1783 1659/1772
f 1672/1785 1673/1786 1671/1784 1670/1783
f 1570/1663 1673/1786 1672/1785 1568/1661
f 1565/1658 1568/1661 1672/1785 1658/1771
f 1673/1786 1674/1787 1675/1788 1671/1784
f 1674/1787 1676/1789 1677/1790 1675/1788
f 1581/1674 1676/1789 1674/1787 1579/1672
f 1570/1663 1579/1672 1674/1787 1673/1786
f 1667/1780 1678/1791 2382/1792 1668/1781
f 1678/1791 1680/1793 1681/1794 2382/1792
f 1675/1788 1677/1790 1680/1793 1678/1791
f 1671/1784 1675/1788 1678/1791 1667/1780
f 1682/1795 1683/1796 1684/1797 1685/1798
f 1686/1799 1687/1800 1684/1797 1683/1796
f 1677/1790 1686/1799 1683/1796 1680/1793
f 1680/1793 1683/1796 1682/1795 1681/1794
f 1676/1789 1688/1801 1686/1799 1677/1790
f 1688/1801 1689/1802 1687/1800 1686/1799
f 1586/1679 1689/1802 1688/1801 1584/1677
f 1688/1801 1676/1789 1581/1674 1584/1677
f 1690/1803 1691/1804 1692/1805 1693/1806
f 1597/1690 1691/1804 1690/1803 1595/1688
f 1690/1803 1689/1802 1586/1679 1595/1688
f 1687/1800 1689/1802 1690/1803 1693/1806
f 1684/1797 1694/1807 2377/1808 1685/1798
f 2377/1808 1694/1807 1696/1809 2378/1810
f 1694/1807 1693/1806 1692/1805 1696/1809
f 1687/1800 1693/1806 1694/1807 1684/1797
f 2379/1811 1699/1812 1608/1813 1611/1814
f 1699/1812 1700/1815 1607/1816 1608/1813
f 1696/1809 1692/1805 1700/1815 1699/1812
f 1696/1809 1699/1812 2379/1811 2378/1810
f 1700/1815 1701/1817 1606/1818 1607/1816
f 1511/1695 1606/1818 1701/1817 1600/1693
f 1701/1817 1691/1804 1597/1690 1600/1693
f 1692/1805 1691/1804 1701/1817 1700/1815
f 1702/1819 1703/1820 1704/1821 1705/1822
f 1703/1820 1706/1823 1707/1824 1704/1821
f 1708/1825 1709/1826 1706/1823 1703/1820
f 1710/1827 1708/1825 1703/1820 1702/1819
f 1706/1823 1711/1828 1712/1829 1707/1824
f 1711/1828 1713/1830 1714/1831 1712/1829
f 1715/1832 1716/1833 1713/1830 1711/1828
f 1709/1826 1715/1832 1711/1828 1706/1823
f 1717/1834 1718/1835 1715/1832 1709/1826
f 1718/1835 1719/1836 1716/1833 1715/1832
f 1720/1837 1721/1838 1719/1836 1718/1835
f 1722/1839 1720/1837 1718/1835 1717/1834
f 1723/1840 1724/1841 1708/1825 1710/1827
f 1724/1841 1717/1834 1709/1826 1708/1825
f 1725/1842 1722/1839 1717/1834 1724/1841
f 1726/1843 1725/1842 1724/1841 1723/1840
f 1713/1844 1727/1845 1728/1846 1714/1847
f 1727/1845 1729/1848 1730/1849 1728/1846
f 1731/1850 1732/1851 1729/1848 1727/1845
f 1716/1852 1731/1850 1727/1845 1713/1844
f 1729/1848 1733/1853 1734/1854 1730/1849
f 1733/1853 1735/1855 1736/1856 1734/1854
f 1737/1857 1738/1858 1735/1855 1733/1853
f 1732/1851 1737/1857 1733/1853 1729/1848
f 1739/1859 1740/1860 1737/1857 1732/1851
f 1740/1860 1741/1861 1738/1858 1737/1857
f 1742/1862 1743/1863 1741/1861 1740/1860
f 1744/1864 1742/1862 1740/1860 1739/1859
f 1719/1865 1745/1866 1731/1850 1716/1852
f 1745/1866 1739/1859 1732/1851 1731/1850
f 1746/1867 1744/1864 1739/1859 1745/1866
f 1721/1868 1746/1867 1745/1866 1719/1865
f 1735/1855 1747/1869 1748/1870 1736/1856
f 1747/1871 1749/1872 1750/1873 1748/1874
f 1751/1875 1752/1876 1749/1872 1747/1871
f 1738/1858 1751/1877 1747/1869 1735/1855
f 1749/1878 1753/1879 1754/1880 1750/1881
f 1753/1882 1040/1883 1041/1884 1754/1885
f 1755/1886 1037/1887 1040/1883 1753/1882
f 1752/1888 1755/1889 1753/1879 1749/1878
f 1756/1890 1757/1891 1755/1889 1752/1888
f 1755/1886 1757/1892 1035/1893 1037/1887
f 1758/1894 1036/1895 1035/1893 1757/1892
f 1759/1896 1758/1897 1757/1891 1756/1890
f 1741/1861 1760/1898 1751/1877 1738/1858
f 1760/1899 1756/1900 1752/1876 1751/1875
f 1761/1901 1759/1902 1756/1900 1760/1899
f 1743/1863 1761/1903 1760/1898 1741/1861
f 1762/1904 1763/1905 1764/1906 1765/1907
f 1765/1907 1764/1906 1766/1908 1767/1909
f 1768/1910 1769/1911 1766/1908 1764/1906
f 1770/1912 1768/1910 1764/1906 1763/1905
f 1766/1908 1771/1913 1772/1914 1767/1909
f 1771/1913 1773/1915 1774/1916 1772/1914
f 1775/1917 1776/1918 1773/1915 1771/1913
f 1769/1911 1775/1917 1771/1913 1766/1908
f 1777/1919 1778/1920 1775/1917 1769/1911
f 1778/1920 1779/1921 1776/1918 1775/1917
f 1780/1922 1781/1923 1779/1921 1778/1920
f 1782/1924 1780/1922 1778/1920 1777/1919
f 1783/1925 1784/1926 1768/1910 1770/1912
f 1784/1926 1777/1919 1769/1911 1768/1910
f 1785/1927 1782/1924 1777/1919 1784/1926
f 1786/1928 1785/1927 1784/1926 1783/1925
f 1773/1915 1787/1929 1788/1930 1774/1916
f 1787/1929 1789/1931 1790/1932 1788/1930
f 1791/1933 1792/1934 1789/1931 1787/1929
f 1776/1918 1791/1933 1787/1929 1773/1915
f 1789/1931 1793/1935 1794/1936 1790/1932
f 1793/1935 1795/1937 1796/1938 1794/1936
f 1797/1939 1798/1940 1795/1937 1793/1935
f 1792/1934 1797/1939 1793/1935 1789/1931
f 1799/1941 1800/1942 1797/1939 1792/1934
f 1800/1942 1801/1943 1798/1940 1797/1939
f 1802/1944 1803/1945 1801/1943 1800/1942
f 1804/1946 1802/1944 1800/1942 1799/1941
f 1779/1921 1805/1947 1791/1933 1776/1918
f 1805/1947 1799/1941 1792/1934 1791/1933
f 1806/1948 1804/1946 1799/1941 1805/1947
f 1781/1923 1806/1948 1805/1947 1779/1921
f 1795/1937 1807/1949 1808/1950 1796/1938
f 1807/1949 1809/1951 1810/1952 1808/1950
f 1811/1953 1812/1954 1809/1951 1807/1949
f 1798/1940 1811/1953 1807/1949 1795/1937
f 1809/1951 1813/1955 1814/1956 1810/1952
f 1813/1957 1702/1819 1705/1822 1814/1958
f 1815/1959 1710/1827 1702/1819 1813/1957
f 1812/1954 1815/1960 1813/1955 1809/1951
f 1816/1961 1817/1962 1815/1960 1812/1954
f 1817/1963 1723/1840 1710/1827 1815/1959
f 1818/1964 1726/1843 1723/1840 1817/1963
f 1819/1965 1818/1966 1817/1962 1816/1961
f 1801/1943 1820/1967 1811/1953 1798/1940
f 1820/1967 1816/1961 1812/1954 1811/1953
f 1821/1968 1819/1965 1816/1961 1820/1967
f 1803/1945 1821/1968 1820/1967 1801/1943
f 1822/1969 1823/1970 1722/1839 1725/1842
f 1824/1971 1825/1972 1823/1970 1822/1969
f 1826/1973 1824/1971 1822/1969 1827/1974
f 1827/1974 1822/1969 1725/1842 1726/1843
f 1823/1970 1828/1975 1720/1837 1722/1839
f 1828/1975 1829/1976 1721/1838 1720/1837
f 1830/1977 1831/1978 1829/1976 1828/1975
f 1825/1972 1830/1977 1828/1975 1823/1970
f 1825/1972 1832/1979 1833/1980 1830/1977
f 1833/1980 1834/1981 1831/1978 1830/1977
f 1835/1982 1836/1983 1834/1981 1833/1980
f 1837/1984 1835/1982 1833/1980 1832/1979
f 1838/1985 1839/1986 1824/1971 1826/1973
f 1839/1986 1832/1979 1825/1972 1824/1971
f 1840/1987 1837/1984 1832/1979 1839/1986
f 1841/1988 1840/1987 1839/1986 1838/1985
f 1829/1989 1842/1990 1746/1867 1721/1868
f 1842/1990 1843/1991 1744/1864 1746/1867
f 1844/1992 1845/1993 1843/1991 1842/1990
f 1831/1994 1844/1992 1842/1990 1829/1989
f 1846/1995 1847/1996 1743/1863 1742/1862
f 1848/1997 1849/1998 1847/1996 1846/1995
f 1845/1993 1848/1997 1846/1995 1843/1991
f 1843/1991 1846/1995 1742/1862 1744/1864
f 1850/1999 1851/2000 1848/1997 1845/1993
f 1848/1997 1851/2000 1852/2001 1849/1998
f 1853/2002 1854/2003 1852/2001 1851/2000
f 1855/2004 1853/2002 1851/2000 1850/1999
f 1831/1994 1834/2005 1856/2006 1844/1992
f 1856/2006 1850/1999 1845/1993 1844/1992
f 1857/2007 1855/2004 1850/1999 1856/2006
f 1836/2008 1857/2007 1856/2006 1834/2005
f 1847/1996 1858/2009 1761/1903 1743/1863
f 1761/1901 1858/2010 1859/2011 1759/1902
f 1860/2012 1861/2013 1859/2011 1858/2010
f 1849/1998 1860/2014 1858/2009 1847/1996
f 1758/1894 1862/2015 1152/2016 1036/1895
f 1863/2017 1151/2018 1152/2016 1862/2015
f 1861/2019 1863/2020 1862/2021 1859/2022
f 1859/2022 1862/2021 1758/1897 1759/1896
f 1864/2023 1865/2024 1863/2020 1861/2019
f 1863/2017 1865/2025 1149/2026 1151/2018
f 1866/2027 1150/2028 1149/2026 1865/2025
f 1867/2029 1866/2030 1865/2024 1864/2023
f 1852/2001 1868/2031 1860/2014 1849/1998
f 1860/2012 1868/2032 1864/2033 1861/2013
f 1869/2034 1867/2035 1864/2033 1868/2032
f 1854/2003 1869/2036 1868/2031 1852/2001
f 1870/2037 1871/2038 1785/1927 1786/1928
f 1871/2038 1872/2039 1782/1924 1785/1927
f 1873/2040 1874/2041 1872/2039 1871/2038
f 1875/2042 1873/2040 1871/2038 1870/2037
f 1872/2039 1876/2043 1780/1922 1782/1924
f 1876/2043 1877/2044 1781/1923 1780/1922
f 1878/2045 1879/2046 1877/2044 1876/2043
f 1874/2041 1878/2045 1876/2043 1872/2039
f 1880/2047 1881/2048 1878/2045 1874/2041
f 1881/2048 1882/2049 1879/2046 1878/2045
f 1883/2050 1884/2051 1882/2049 1881/2048
f 1885/2052 1883/2050 1881/2048 1880/2047
f 1886/2053 1887/2054 1873/2040 1875/2042
f 1887/2054 1880/2047 1874/2041 1873/2040
f 1888/2055 1885/2052 1880/2047 1887/2054
f 1889/2056 1888/2055 1887/2054 1886/2053
f 1877/2044 1890/2057 1806/1948 1781/1923
f 1890/2057 1891/2058 1804/1946 1806/1948
f 1892/2059 1893/2060 1891/2058 1890/2057
f 1879/2046 1892/2059 1890/2057 1877/2044
f 1891/2058 1894/2061 1802/1944 1804/1946
f 1894/2061 1895/2062 1803/1945 1802/1944
f 1896/2063 1897/2064 1895/2062 1894/2061
f 1893/2060 1896/2063 1894/2061 1891/2058
f 1898/2065 1899/2066 1896/2063 1893/2060
f 1899/2066 1900/2067 1897/2064 1896/2063
f 1901/2068 1902/2069 1900/2067 1899/2066
f 1903/2070 1901/2068 1899/2066 1898/2065
f 1882/2049 1904/2071 1892/2059 1879/2046
f 1904/2071 1898/2065 1893/2060 1892/2059
f 1905/2072 1903/2070 1898/2065 1904/2071
f 1884/2051 1905/2072 1904/2071 1882/2049
f 1895/2062 1906/2073 1821/1968 1803/1945
f 1906/2073 1907/2074 1819/1965 1821/1968
f 1908/2075 1909/2076 1907/2074 1906/2073
f 1897/2064 1908/2075 1906/2073 1895/2062
f 1907/2074 1910/2077 1818/1966 1819/1965
f 1910/2078 1827/1974 1726/1843 1818/1964
f 1911/2079 1826/1973 1827/1974 1910/2078
f 1909/2076 1911/2080 1910/2077 1907/2074
f 1912/2081 1913/2082 1911/2080 1909/2076
f 1913/2083 1838/1985 1826/1973 1911/2079
f 1914/2084 1841/1988 1838/1985 1913/2083
f 1915/2085 1914/2086 1913/2082 1912/2081
f 1900/2067 1916/2087 1908/2075 1897/2064
f 1916/2087 1912/2081 1909/2076 1908/2075
f 1917/2088 1915/2085 1912/2081 1916/2087
f 1902/2069 1917/2088 1916/2087 1900/2067
f 1918/2089 1919/2090 1840/1987 1841/1988
f 1919/2090 1920/2091 1837/1984 1840/1987
f 1921/2092 1922/2093 1920/2091 1919/2090
f 1923/2094 1921/2092 1919/2090 1918/2089
f 1920/2091 1924/2095 1835/1982 1837/1984
f 1924/2095 1925/2096 1836/1983 1835/1982
f 1926/2097 1927/2098 1925/2096 1924/2095
f 1922/2093 1926/2097 1924/2095 1920/2091
f 1928/2099 1929/2100 1926/2097 1922/2093
f 1926/2097 1929/2100 1930/2101 1927/2098
f 1931/2102 1932/2103 1930/2101 1929/2100
f 1933/2104 1931/2102 1929/2100 1928/2099
f 1923/2094 1934/2105 1935/2106 1921/2092
f 1935/2106 1928/2099 1922/2093 1921/2092
f 1936/2107 1933/2104 1928/2099 1935/2106
f 1937/2108 1936/2107 1935/2106 1934/2105
f 1925/2109 1938/2110 1857/2007 1836/2008
f 1938/2110 1939/2111 1855/2004 1857/2007
f 1940/2112 1941/2113 1939/2111 1938/2110
f 1927/2114 1940/2112 1938/2110 1925/2109
f 1939/2111 1942/2115 1853/2002 1855/2004
f 1942/2115 1943/2116 1854/2003 1853/2002
f 1944/2117 1945/2118 1943/2116 1942/2115
f 1941/2113 1944/2117 1942/2115 1939/2111
f 1946/2119 1947/2120 1944/2117 1941/2113
f 1944/2117 1947/2120 1948/2121 1945/2118
f 1949/2122 1950/2123 1948/2121 1947/2120
f 1951/2124 1949/2122 1947/2120 1946/2119
f 1930/2125 1952/2126 1940/2112 1927/2114
f 1940/2112 1952/2126 1946/2119 1941/2113
f 1953/2127 1951/2124 1946/2119 1952/2126
f 1932/2128 1953/2127 1952/2126 1930/2125
f 1943/2116 1954/2129 1869/2036 1854/2003
f 1954/2130 1955/2131 1867/2035 1869/2034
f 1956/2132 1957/2133 1955/2131 1954/2130
f 1945/2118 1956/2134 1954/2129 1943/2116
f 1955/2135 1958/2136 1866/2030 1867/2029
f 1958/2137 1253/2138 1150/2028 1866/2027
f 1959/2139 1251/2140 1253/2138 1958/2137
f 1957/2141 1959/2142 1958/2136 1955/2135
f 1960/2143 1961/2144 1959/2142 1957/2141
f 1959/2139 1961/2145 1249/2146 1251/2140
f 1962/2147 1250/2148 1249/2146 1961/2145
f 1963/2149 1962/2150 1961/2144 1960/2143
f 1948/2121 1964/2151 1956/2134 1945/2118
f 1956/2132 1964/2152 1960/2153 1957/2133
f 1965/2154 1963/2155 1960/2153 1964/2152
f 1950/2123 1965/2156 1964/2151 1948/2121
f 1966/2157 1967/2158 1888/2055 1889/2056
f 1967/2158 1968/2159 1885/2052 1888/2055
f 1969/2160 1970/2161 1968/2159 1967/2158
f 1971/2162 1969/2160 1967/2158 1966/2157
f 1968/2159 1972/2163 1883/2050 1885/2052
f 1972/2163 1973/2164 1884/2051 1883/2050
f 1974/2165 1975/2166 1973/2164 1972/2163
f 1970/2161 1974/2165 1972/2163 1968/2159
f 1976/2167 1977/2168 1974/2165 1970/2161
f 1977/2168 1978/2169 1975/2166 1974/2165
f 1979/2170 1980/2171 1978/2169 1977/2168
f 1981/2172 1979/2170 1977/2168 1976/2167
f 1982/2173 1983/2174 1969/2160 1971/2162
f 1983/2174 1976/2167 1970/2161 1969/2160
f 1984/2175 1981/2172 1976/2167 1983/2174
f 1985/2176 1984/2175 1983/2174 1982/2173
f 1973/2164 1986/2177 1905/2072 1884/2051
f 1986/2177 1987/2178 1903/2070 1905/2072
f 1988/2179 1989/2180 1987/2178 1986/2177
f 1975/2166 1988/2179 1986/2177 1973/2164
f 1987/2178 1990/2181 1901/2068 1903/2070
f 1990/2181 1991/2182 1902/2069 1901/2068
f 1992/2183 1993/2184 1991/2182 1990/2181
f 1989/2180 1992/2183 1990/2181 1987/2178
f 1994/2185 1995/2186 1992/2183 1989/2180
f 1995/2186 1996/2187 1993/2184 1992/2183
f 1997/2188 1998/2189 1996/2187 1995/2186
f 1999/2190 1997/2188 1995/2186 1994/2185
f 1978/2169 2000/2191 1988/2179 1975/2166
f 2000/2191 1994/2185 1989/2180 1988/2179
f 2001/2192 1999/2190 1994/2185 2000/2191
f 1980/2171 2001/2192 2000/2191 1978/2169
f 2002/2193 2003/2194 1915/2085 1917/2088
f 2004/2195 2005/2196 2003/2194 2002/2193
f 1993/2184 2004/2195 2002/2193 1991/2182
f 1991/2182 2002/2193 1917/2088 1902/2069
f 2003/2194 2006/2197 1914/2086 1915/2085
f 2006/2198 1918/2089 1841/1988 1914/2084
f 2007/2199 1923/2094 1918/2089 2006/2198
f 2005/2196 2007/2200 2006/2197 2003/2194
f 2005/2196 2008/2201 2009/2202 2007/2200
f 2009/2203 1934/2105 1923/2094 2007/2199
f 2010/2204 1937/2108 1934/2105 2009/2203
f 2011/2205 2010/2206 2009/2202 2008/2201
f 1996/2187 2012/2207 2004/2195 1993/2184
f 2012/2207 2008/2201 2005/2196 2004/2195
f 2013/2208 2011/2205 2008/2201 2012/2207
f 1998/2189 2013/2208 2012/2207 1996/2187
f 2014/2209 2015/2210 1936/2107 1937/2108
f 2015/2210 2016/2211 1933/2104 1936/2107
f 2017/2212 2018/2213 2016/2211 2015/2210
f 2019/2214 2017/2212 2015/2210 2014/2209
f 2020/2215 2021/2216 1932/2103 1931/2102
f 2022/2217 2023/2218 2021/2216 2020/2215
f 2018/2213 2022/2217 2020/2215 2016/2211
f 2016/2211 2020/2215 1931/2102 1933/2104
f 2024/2219 2025/2220 2022/2217 2018/2213
f 2025/2220 2026/2221 2023/2218 2022/2217
f 2027/2222 2028/2223 2026/2221 2025/2220
f 2029/2224 2027/2222 2025/2220 2024/2219
f 2030/2225 2031/2226 2017/2212 2019/2214
f 2031/2226 2024/2219 2018/2213 2017/2212
f 2032/2227 2029/2224 2024/2219 2031/2226
f 2033/2228 2032/2227 2031/2226 2030/2225
f 2021/2229 2034/2230 1953/2127 1932/2128
f 2034/2230 2035/2231 1951/2124 1953/2127
f 2036/2232 2037/2233 2035/2231 2034/2230
f 2023/2234 2036/2232 2034/2230 2021/2229
f 1949/2122 2038/2235 2039/2236 1950/2123
f 2040/2237 2041/2238 2039/2236 2038/2235
f 2037/2233 2040/2237 2038/2235 2035/2231
f 2035/2231 2038/2235 1949/2122 1951/2124
f 2042/2239 2043/2240 2040/2237 2037/2233
f 2043/2240 2044/2241 2041/2238 2040/2237
f 2045/2242 2046/2243 2044/2241 2043/2240
f 2047/2244 2045/2242 2043/2240 2042/2239
f 2026/2245 2048/2246 2036/2232 2023/2234
f 2048/2246 2042/2239 2037/2233 2036/2232
f 2049/2247 2047/2244 2042/2239 2048/2246
f 2028/2248 2049/2247 2048/2246 2026/2245
f 2039/2236 2050/2249 1965/2156 1950/2123
f 1965/2154 2050/2250 2051/2251 1963/2155
f 2052/2252 2053/2253 2051/2251 2050/2250
f 2041/2238 2052/2254 2050/2249 2039/2236
f 1962/2147 2054/2255 1352/2256 1250/2148
f 2055/2257 1351/2258 1352/2256 2054/2255
f 2053/2259 2055/2260 2054/2261 2051/2262
f 2051/2262 2054/2261 1962/2150 1963/2149
f 2056/2263 2057/2264 2055/2260 2053/2259
f 2055/2257 2057/2265 1349/2266 1351/2258
f 2058/2267 1350/2268 1349/2266 2057/2265
f 2059/2269 2058/2270 2057/2264 2056/2263
f 2044/2241 2060/2271 2052/2254 2041/2238
f 2060/2272 2056/2273 2053/2253 2052/2252
f 2061/2274 2059/2275 2056/2273 2060/2272
f 2046/2243 2061/2276 2060/2271 2044/2241
f 2062/2277 2063/2278 1984/2175 1985/2176
f 2063/2278 2064/2279 1981/2172 1984/2175
f 2065/2280 2066/2281 2064/2279 2063/2278
f 2067/2282 2065/2280 2063/2278 2062/2277
f 2064/2279 2068/2283 1979/2170 1981/2172
f 2068/2283 2069/2284 1980/2171 1979/2170
f 2070/2285 2071/2286 2069/2284 2068/2283
f 2066/2281 2070/2285 2068/2283 2064/2279
f 2072/2287 2073/2288 2070/2285 2066/2281
f 2073/2288 2074/2289 2071/2286 2070/2285
f 2075/2290 2076/2291 2074/2289 2073/2288
f 2077/2292 2075/2290 2073/2288 2072/2287
f 2078/2293 2079/2294 2065/2280 2067/2282
f 2079/2294 2072/2287 2066/2281 2065/2280
f 2080/2295 2077/2292 2072/2287 2079/2294
f 2081/2296 2080/2295 2079/2294 2078/2293
f 2069/2284 2082/2297 2001/2192 1980/2171
f 2082/2297 2083/2298 1999/2190 2001/2192
f 2084/2299 2085/2300 2083/2298 2082/2297
f 2071/2286 2084/2299 2082/2297 2069/2284
f 2083/2298 2086/2301 1997/2188 1999/2190
f 2086/2301 2087/2302 1998/2189 1997/2188
f 2088/2303 2089/2304 2087/2302 2086/2301
f 2085/2300 2088/2303 2086/2301 2083/2298
f 2090/2305 2091/2306 2088/2303 2085/2300
f 2091/2306 2092/2307 2089/2304 2088/2303
f 2093/2308 2094/2309 2092/2307 2091/2306
f 2095/2310 2093/2308 2091/2306 2090/2305
f 2074/2289 2096/2311 2084/2299 2071/2286
f 2096/2311 2090/2305 2085/2300 2084/2299
f 2097/2312 2095/2310 2090/2305 2096/2311
f 2076/2291 2097/2312 2096/2311 2074/2289
f 2098/2313 2099/2314 2011/2205 2013/2208
f 2100/2315 2101/2316 2099/2314 2098/2313
f 2089/2304 2100/2315 2098/2313 2087/2302
f 2087/2302 2098/2313 2013/2208 1998/2189
f 2011/2205 2099/2314 2102/2317 2010/2206
f 2102/2318 2014/2209 1937/2108 2010/2204
f 2103/2319 2019/2214 2014/2209 2102/2318
f 2101/2316 2103/2320 2102/2317 2099/2314
f 2104/2321 2105/2322 2103/2320 2101/2316
f 2103/2319 2105/2323 2030/2225 2019/2214
f 2106/2324 2033/2228 2030/2225 2105/2323
f 2104/2321 2107/2325 2106/2326 2105/2322
f 2092/2307 2108/2327 2100/2315 2089/2304
f 2100/2315 2108/2327 2104/2321 2101/2316
f 2108/2327 2109/2328 2107/2325 2104/2321
f 2094/2309 2109/2328 2108/2327 2092/2307
f 2110/2329 2111/2330 2032/2227 2033/2228
f 2111/2330 2112/2331 2029/2224 2032/2227
f 2113/2332 2114/2333 2112/2331 2111/2330
f 2115/2334 2113/2332 2111/2330 2110/2329
f 2112/2331 2116/2335 2027/2222 2029/2224
f 2116/2335 2117/2336 2028/2223 2027/2222
f 2118/2337 2119/2338 2117/2336 2116/2335
f 2114/2333 2118/2337 2116/2335 2112/2331
f 2120/2339 2121/2340 2118/2337 2114/2333
f 2121/2340 2122/2341 2119/2338 2118/2337
f 2123/2342 2124/2343 2122/2341 2121/2340
f 2125/2344 2123/2342 2121/2340 2120/2339
f 2126/2345 2127/2346 2113/2332 2115/2334
f 2127/2346 2120/2339 2114/2333 2113/2332
f 2128/2347 2125/2344 2120/2339 2127/2346
f 2129/2348 2128/2347 2127/2346 2126/2345
f 2117/2349 2130/2350 2049/2247 2028/2248
f 2130/2350 2131/2351 2047/2244 2049/2247
f 2132/2352 2133/2353 2131/2351 2130/2350
f 2119/2354 2132/2352 2130/2350 2117/2349
f 2131/2351 2134/2355 2045/2242 2047/2244
f 2134/2355 2135/2356 2046/2243 2045/2242
f 2136/2357 2137/2358 2135/2356 2134/2355
f 2133/2353 2136/2357 2134/2355 2131/2351
f 2138/2359 2139/2360 2136/2357 2133/2353
f 2139/2360 2140/2361 2137/2358 2136/2357
f 2141/2362 2142/2363 2140/2361 2139/2360
f 2143/2364 2141/2362 2139/2360 2138/2359
f 2122/2365 2144/2366 2132/2352 2119/2354
f 2144/2366 2138/2359 2133/2353 2132/2352
f 2145/2367 2143/2364 2138/2359 2144/2366
f 2124/2368 2145/2367 2144/2366 2122/2365
f 2146/2369 2147/2370 2059/2275 2061/2274
f 2148/2371 2149/2372 2147/2370 2146/2369
f 2137/2358 2148/2373 2146/2374 2135/2356
f 2135/2356 2146/2374 2061/2276 2046/2243
f 2059/2269 2147/2375 2150/2376 2058/2270
f 2150/2377 1453/2378 1350/2268 2058/2267
f 2151/2379 1451/2380 1453/2378 2150/2377
f 2149/2381 2151/2382 2150/2376 2147/2375
f 2149/2381 2152/2383 2153/2384 2151/2382
f 2153/2385 1450/2386 1451/2380 2151/2379
f 2153/2385 2154/2387 1449/2388 1450/2386
f 2155/2389 2154/2390 2153/2384 2152/2383
f 2137/2358 2140/2361 2156/2391 2148/2373
f 2156/2392 2152/2393 2149/2372 2148/2371
f 2157/2394 2155/2395 2152/2393 2156/2392
f 2142/2363 2157/2396 2156/2391 2140/2361
f 2158/2397 2159/2398 2080/2295 2081/2296
f 2159/2398 2160/2399 2077/2292 2080/2295
f 2161/2400 2162/2401 2160/2399 2159/2398
f 2163/2402 2161/2400 2159/2398 2158/2397
f 2160/2399 2164/2403 2075/2290 2077/2292
f 2164/2403 2165/2404 2076/2291 2075/2290
f 2166/2405 2167/2406 2165/2404 2164/2403
f 2162/2401 2166/2405 2164/2403 2160/2399
f 2168/2407 2169/2408 2166/2405 2162/2401
f 2169/2408 2170/2409 2167/2406 2166/2405
f 2171/2410 2172/2411 2170/2409 2169/2408
f 2173/2412 2171/2410 2169/2408 2168/2407
f 2174/2413 2175/2414 2161/2400 2163/2402
f 2175/2414 2168/2407 2162/2401 2161/2400
f 2176/2415 2173/2412 2168/2407 2175/2414
f 2177/2416 2176/2415 2175/2414 2174/2413
f 2165/2404 2178/2417 2097/2312 2076/2291
f 2178/2417 2179/2418 2095/2310 2097/2312
f 2180/2419 2181/2420 2179/2418 2178/2417
f 2167/2406 2180/2419 2178/2417 2165/2404
f 2093/2308 2182/2421 2183/2422 2094/2309
f 2184/2423 2185/2424 2183/2422 2182/2421
f 2181/2420 2184/2423 2182/2421 2179/2418
f 2179/2418 2182/2421 2093/2308 2095/2310
f 2186/2425 2187/2426 2184/2423 2181/2420
f 2187/2426 2188/2427 2185/2424 2184/2423
f 2189/2428 2190/2429 2188/2427 2187/2426
f 2191/2430 2189/2428 2187/2426 2186/2425
f 2170/2409 2192/2431 2180/2419 2167/2406
f 2192/2431 2186/2425 2181/2420 2180/2419
f 2193/2432 2191/2430 2186/2425 2192/2431
f 2172/2411 2193/2432 2192/2431 2170/2409
f 2183/2422 2194/2433 2109/2328 2094/2309
f 2109/2328 2194/2433 2195/2434 2107/2325
f 2194/2433 2196/2435 2197/2436 2195/2434
f 2185/2424 2196/2435 2194/2433 2183/2422
f 2106/2324 2198/2437 2110/2329 2033/2228
f 2199/2438 2115/2334 2110/2329 2198/2437
f 2197/2436 2199/2439 2198/2440 2195/2434
f 2195/2434 2198/2440 2106/2326 2107/2325
f 2197/2436 2200/2441 2201/2442 2199/2439
f 2201/2443 2126/2345 2115/2334 2199/2438
f 2202/2444 2129/2348 2126/2345 2201/2443
f 2203/2445 2202/2446 2201/2442 2200/2441
f 2204/2447 2200/2441 2197/2436 2196/2435
f 2205/2448 2203/2445 2200/2441 2204/2447
f 2190/2429 2205/2448 2204/2447 2188/2427
f 2185/2424 2188/2427 2204/2447 2196/2435
f 2206/2449 2207/2450 2125/2344 2128/2347
f 2208/2451 2209/2452 2207/2450 2206/2449
f 2210/2453 2208/2451 2206/2449 2211/2454
f 2129/2348 2211/2454 2206/2449 2128/2347
f 2125/2344 2207/2450 2212/2455 2123/2342
f 2212/2455 2213/2456 2124/2343 2123/2342
f 2214/2457 2215/2458 2213/2456 2212/2455
f 2209/2452 2214/2457 2212/2455 2207/2450
f 2209/2452 2216/2459 2217/2460 2214/2457
f 2217/2460 2218/2461 2215/2458 2214/2457
f 2219/2462 2220/2463 2218/2461 2217/2460
f 2221/2464 2219/2462 2217/2460 2216/2459
f 2210/2453 2222/2465 2223/2466 2208/2451
f 2223/2466 2216/2459 2209/2452 2208/2451
f 2224/2467 2221/2464 2216/2459 2223/2466
f 2225/2468 2224/2467 2223/2466 2222/2465
f 2226/2469 2227/2470 2143/2364 2145/2367
f 2228/2471 2229/2472 2227/2470 2226/2469
f 2215/2473 2228/2471 2226/2469 2213/2474
f 2213/2474 2226/2469 2145/2367 2124/2368
f 2227/2470 2230/2475 2141/2362 2143/2364
f 2230/2475 2231/2476 2142/2363 2141/2362
f 2232/2477 2233/2478 2231/2476 2230/2475
f 2229/2472 2232/2477 2230/2475 2227/2470
f 2229/2472 2234/2479 2235/2480 2232/2477
f 2235/2480 2236/2481 2233/2478 2232/2477
f 2235/2480 2237/2482 2238/2483 2236/2481
f 2239/2484 2237/2482 2235/2480 2234/2479
f 2215/2473 2218/2485 2240/2486 2228/2471
f 2240/2486 2234/2479 2229/2472 2228/2471
f 2241/2487 2239/2484 2234/2479 2240/2486
f 2220/2488 2241/2487 2240/2486 2218/2485
f 2242/2489 2243/2490 2155/2395 2157/2394
f 2242/2489 2244/2491 2245/2492 2243/2490
f 2233/2478 2244/2493 2242/2494 2231/2476
f 2142/2363 2231/2476 2242/2494 2157/2396
f 2155/2389 2243/2495 2246/2496 2154/2390
f 2246/2497 1553/2498 1449/2388 2154/2387
f 2246/2497 2247/2499 1546/2500 1553/2498
f 2243/2495 2245/2501 2247/2502 2246/2496
f 2248/2503 1547/2504 1546/2500 2247/2499
f 2248/2503 2249/2505 1551/2506 1547/2504
f 2250/2507 2251/2508 2249/2509 2248/2510
f 2245/2501 2250/2507 2248/2510 2247/2502
f 2252/2511 2250/2512 2245/2492 2244/2491
f 2252/2511 2253/2513 2251/2514 2250/2512
f 2236/2481 2238/2483 2253/2515 2252/2516
f 2233/2478 2236/2481 2252/2516 2244/2493
f 2254/2517 2255/2518 2173/2412 2176/2415
f 2256/2519 2257/2520 2255/2518 2254/2517
f 2258/2521 2256/2519 2254/2517 2259/2522
f 2259/2522 2254/2517 2176/2415 2177/2416
f 2173/2412 2255/2518 2260/2523 2171/2410
f 2260/2523 2261/2524 2172/2411 2171/2410
f 2262/2525 2263/2526 2261/2524 2260/2523
f 2257/2520 2262/2525 2260/2523 2255/2518
f 2257/2520 2264/2527 2265/2528 2262/2525
f 2265/2528 2266/2529 2263/2526 2262/2525
f 2267/2530 2268/2531 2266/2529 2265/2528
f 2269/2532 2267/2530 2265/2528 2264/2527
f 2258/2521 2270/2533 2271/2534 2256/2519
f 2271/2534 2264/2527 2257/2520 2256/2519
f 2272/2535 2269/2532 2264/2527 2271/2534
f 2273/2536 2272/2535 2271/2534 2270/2533
f 2274/2537 2275/2538 2191/2430 2193/2432
f 2276/2539 2277/2540 2275/2538 2274/2537
f 2263/2526 2276/2539 2274/2537 2261/2524
f 2172/2411 2261/2524 2274/2537 2193/2432
f 2191/2430 2275/2538 2278/2541 2189/2428
f 2278/2541 2279/2542 2190/2429 2189/2428
f 2280/2543 2281/2544 2279/2542 2278/2541
f 2277/2540 2280/2543 2278/2541 2275/2538
f 2277/2540 2282/2545 2283/2546 2280/2543
f 2283/2546 2284/2547 2281/2544 2280/2543
f 2285/2548 2286/2549 2284/2547 2283/2546
f 2287/2550 2285/2548 2283/2546 2282/2545
f 2263/2526 2266/2529 2288/2551 2276/2539
f 2288/2551 2282/2545 2277/2540 2276/2539
f 2289/2552 2287/2550 2282/2545 2288/2551
f 2268/2531 2289/2552 2288/2551 2266/2529
f 2290/2553 2291/2554 2203/2445 2205/2448
f 2292/2555 2293/2556 2291/2554 2290/2553
f 2281/2544 2292/2555 2290/2553 2279/2542
f 2190/2429 2279/2542 2290/2553 2205/2448
f 2203/2445 2291/2554 2294/2557 2202/2446
f 2294/2558 2211/2454 2129/2348 2202/2444
f 2295/2559 2210/2453 2211/2454 2294/2558
f 2293/2556 2295/2560 2294/2557 2291/2554
f 2293/2556 2296/2561 2297/2562 2295/2560
f 2297/2563 2222/2465 2210/2453 2295/2559
f 2298/2564 2225/2468 2222/2465 2297/2563
f 2299/2565 2298/2566 2297/2562 2296/2561
f 2281/2544 2284/2547 2300/2567 2292/2555
f 2300/2567 2296/2561 2293/2556 2292/2555
f 2301/2568 2299/2565 2296/2561 2300/2567
f 2286/2549 2301/2568 2300/2567 2284/2547
f 2302/2569 2303/2570 2304/2571 2305/2572
f 2303/2570 2306/2573 2307/2574 2304/2571
f 2224/2467 2225/2468 2306/2573 2303/2570
f 2221/2464 2224/2467 2303/2570 2302/2569
f 2308/2575 2309/2576 2310/2577 2311/2578
f 2309/2576 2302/2569 2305/2572 2310/2577
f 2219/2462 2221/2464 2302/2569 2309/2576
f 2220/2463 2219/2462 2309/2576 2308/2575
f 2312/2579 2313/2580 2390/2581 2389/2582
f 2390/2581 2313/2580 2314/2583 2391/2584
f 2310/2577 2305/2572 2314/2583 2313/2580
f 2311/2578 2310/2577 2313/2580 2312/2579
f 2392/2585 2315/2586 2316/2587 2393/2588
f 2304/2571 2307/2574 2316/2587 2315/2586
f 2305/2572 2304/2571 2315/2586 2314/2583
f 2314/2583 2315/2586 2392/2585 2391/2584
f 2317/2589 2318/2590 2319/2591 2320/2592
f 2318/2590 2308/2593 2311/2594 2319/2591
f 2241/2487 2220/2488 2308/2593 2318/2590
f 2239/2484 2241/2487 2318/2590 2317/2589
f 2321/2595 2322/2596 2323/2597 2324/2598
f 2322/2596 2317/2589 2320/2592 2323/2597
f 2237/2482 2239/2484 2317/2589 2322/2596
f 2238/2483 2237/2482 2322/2596 2321/2595
f 2325/2599 2326/2600 1630/2601 1633/2602
f 1630/2601 2326/2600 2327/2603 1629/2604
f 2323/2597 2320/2592 2327/2603 2326/2600
f 2324/2598 2323/2597 2326/2600 2325/2599
f 1627/2605 2328/2606 2312/2607 2389/2608
f 2319/2591 2311/2594 2312/2607 2328/2606
f 2320/2592 2319/2591 2328/2606 2327/2603
f 2327/2603 2328/2606 1627/2605 1629/2604
f 2329/2609 2330/2610 2331/2611 2332/2612
f 2330/2613 2321/2595 2324/2598 2331/2614
f 2253/2515 2238/2483 2321/2595 2330/2613
f 2251/2514 2253/2513 2330/2610 2329/2609
f 1651/2615 1653/2616 2333/2617 2334/2618
f 2333/2619 2329/2620 2332/2621 2334/2622
f 2249/2509 2251/2508 2329/2620 2333/2619
f 1551/2506 2249/2505 2333/2617 1653/2616
f 1648/2623 2335/2624 1646/2625 1649/2626
f 2335/2627 2336/2628 1645/2629 1646/2630
f 2334/2622 2332/2621 2336/2628 2335/2627
f 1651/2615 2334/2618 2335/2624 1648/2623
f 1643/2631 2337/2632 2325/2599 1633/2602
f 2331/2614 2324/2598 2325/2599 2337/2632
f 2332/2612 2331/2611 2337/2633 2336/2634
f 2336/2634 2337/2633 1643/2635 1645/2636
f 2338/2637 2339/2638 2340/2639 2341/2640
f 2339/2638 2272/2535 2273/2536 2340/2639
f 2342/2641 2269/2532 2272/2535 2339/2638
f 2343/2642 2342/2641 2339/2638 2338/2637
f 2344/2643 2345/2644 2342/2641 2343/2642
f 2345/2644 2267/2530 2269/2532 2342/2641
f 2345/2644 2346/2645 2268/2531 2267/2530
f 2347/2646 2346/2645 2345/2644 2344/2643
f 2381/2647 2348/2648 2349/2649 2394/2650
f 2394/2650 2349/2649 2350/2651 2396/2652
f 2349/2649 2344/2643 2343/2642 2350/2651
f 2348/2648 2347/2646 2344/2643 2349/2649
f 2397/2653 2351/2654 2352/2655 2399/2656
f 2351/2654 2338/2637 2341/2640 2352/2655
f 2350/2651 2343/2642 2338/2637 2351/2654
f 2396/2652 2350/2651 2351/2654 2397/2653
f 2353/2657 2354/2658 2346/2645 2347/2646
f 2354/2658 2289/2552 2268/2531 2346/2645
f 2354/2658 2355/2659 2287/2550 2289/2552
f 2356/2660 2355/2659 2354/2658 2353/2657
f 2357/2661 2358/2662 2355/2659 2356/2660
f 2287/2550 2355/2659 2358/2662 2285/2548
f 2358/2662 2359/2663 2286/2549 2285/2548
f 2360/2664 2359/2663 2358/2662 2357/2661
f 2361/2665 2362/2666 2398/2667 2395/2668
f 2398/2667 2362/2666 2363/2669 2400/2670
f 2362/2666 2357/2661 2356/2660 2363/2669
f 2361/2665 2360/2664 2357/2661 2362/2666
f 1679/2671 2364/2672 2348/2648 2381/2647
f 2364/2672 2353/2657 2347/2646 2348/2648
f 2363/2669 2356/2660 2353/2657 2364/2672
f 2400/2670 2363/2669 2364/2672 1679/2671
f 2365/2673 2366/2674 2367/2675 2368/2676
f 2367/2675 2359/2663 2360/2664 2368/2676
f 2286/2549 2359/2663 2367/2675 2301/2568
f 2367/2675 2366/2674 2299/2565 2301/2568
f 2306/2573 2369/2677 2370/2678 2307/2574
f 2369/2679 2366/2674 2365/2673 2370/2680
f 2299/2565 2366/2674 2369/2679 2298/2566
f 2369/2677 2306/2573 2225/2468 2298/2564
f 2316/2587 2371/2681 1698/2682 2393/2588
f 1698/2683 2371/2684 2372/2685 1697/2686
f 2370/2680 2365/2673 2372/2685 2371/2684
f 2307/2574 2370/2678 2371/2681 2316/2587
f 1695/2687 2373/2688 2361/2665 2395/2668
f 2373/2688 2368/2676 2360/2664 2361/2665
f 2365/2673 2368/2676 2373/2688 2372/2685
f 2372/2685 2373/2688 1695/2687 1697/2686
f 2401/2689 2402/2690 2404/2691 2403/2692
f 2405/2693 2401/2689 2403/2692 2406/2694
f 2407/2695 2405/2693 2406/2694 2408/2696
f 2409/2697 2407/2695 2408/2696 2410/2698
f 2411/2699 2409/2697 2410/2698 2412/2700
f 2413/2701 2411/2699 2412/2700 2414/2702
f 2415/2703 2413/2701 2414/2702 2416/2704
f 2417/2705 2418/2706 2415/2703 2416/2704
f 2421/2707 2420/2708 2418/2706 2417/2705
f 2422/2709 2419/2710 2420/2708 2421/2707
f 2425/2711 2424/2712 2419/2710 2422/2709
f 2426/2713 2423/2714 2424/2712 2425/2711
f 2427/2715 2428/2716 2430/2717 2429/2718
f 2431/2719 2427/2715 2429/2718 2432/2720
f 2433/2721 2431/2719 2432/2720 2434/2722
f 2435/2723 2433/2721 2434/2722 2436/2724
f 2437/2725 2435/2723 2436/2724 2438/2726
f 2439/2727 2437/2725 2438/2726 2440/2728
f 2441/2729 2439/2727 2440/2728 2442/2730
f 2443/2731 2441/2729 2442/2730 2444/2732
f 2445/2733 2443/2731 2444/2732 2446/2734
f 2447/2735 2445/2733 2446/2734 2448/2736
f 2449/2737 2447/2735 2448/2736 2450/2738
f 2402/2690 2449/2737 2450/2738 2404/2691
f 2451/2739 2454/2740 2453/2741 2452/2742
f 2452/2742 2453/2741 2406/2694 2403/2692
f 2455/2743 2452/2742 2403/2692 2404/2691
f 2456/2744 2451/2739 2452/2742 2455/2743
f 2457/2745 2460/2746 2459/2747 2458/2748
f 2459/2747 2667/2749 2461/2750 2458/2748
f 2458/2748 2461/2750 2454/2740 2451/2739
f 2457/2745 2458/2748 2451/2739 2456/2744
f 2462/2751 2666/2752 2464/2753 2463/2754
f 2463/2754 2464/2753 2466/2755 2465/2756
f 2461/2750 2463/2754 2465/2756 2454/2740
f 2461/2750 2667/2749 2462/2751 2463/2754
f 2465/2756 2466/2755 2468/2757 2467/2758
f 2467/2758 2468/2757 2410/2698 2408/2696
f 2453/2741 2467/2758 2408/2696 2406/2694
f 2454/2740 2465/2756 2467/2758 2453/2741
f 2469/2759 2472/2760 2471/2761 2470/2762
f 2470/2762 2471/2761 2414/2702 2412/2700
f 2468/2757 2470/2762 2412/2700 2410/2698
f 2466/2755 2469/2759 2470/2762 2468/2757
f 2464/2753 2666/2752 2665/2763 2473/2764
f 2665/2763 2475/2765 2474/2766 2473/2764
f 2473/2764 2474/2766 2472/2760 2469/2759
f 2464/2753 2473/2764 2469/2759 2466/2755
f 2663/2767 2478/2768 2477/2769 2476/2770
f 2476/2770 2477/2769 2480/2771 2479/2772
f 2474/2766 2476/2770 2479/2772 2472/2760
f 2474/2766 2475/2765 2663/2767 2476/2770
f 2479/2772 2480/2771 2482/2773 2481/2774
f 2481/2774 2482/2773 2417/2705 2416/2704
f 2471/2761 2481/2774 2416/2704 2414/2702
f 2472/2760 2479/2772 2481/2774 2471/2761
f 2483/2775 2486/2776 2485/2777 2484/2778
f 2484/2778 2485/2777 2422/2709 2421/2707
f 2482/2773 2484/2778 2421/2707 2417/2705
f 2480/2771 2483/2775 2484/2778 2482/2773
f 2477/2769 2478/2768 2661/2779 2487/2780
f 2661/2779 2489/2781 2488/2782 2487/2780
f 2487/2780 2488/2782 2486/2776 2483/2775
f 2477/2769 2487/2780 2483/2775 2480/2771
f 2490/2783 2492/2784 2664/2785 2491/2786
f 2491/2786 2664/2785 2494/2787 2493/2788
f 2488/2782 2491/2786 2493/2788 2486/2776
f 2489/2781 2490/2783 2491/2786 2488/2782
f 2495/2789 2493/2788 2494/2787 2496/2790
f 2495/2789 2496/2790 2426/2713 2425/2711
f 2485/2777 2495/2789 2425/2711 2422/2709
f 2486/2776 2493/2788 2495/2789 2485/2777
f 2497/2791 2500/2792 2499/2793 2498/2794
f 2498/2794 2499/2793 2502/2795 2501/2796
f 2429/2718 2498/2794 2501/2796 2432/2720
f 2430/2717 2497/2791 2498/2794 2429/2718
f 2503/2797 2670/2798 2505/2799 2504/2800
f 2504/2800 2505/2799 2507/2801 2506/2802
f 2499/2793 2504/2800 2506/2802 2502/2795
f 2500/2792 2503/2797 2504/2800 2499/2793
f 2508/2803 2668/2804 2662/2805 2509/2806
f 2510/2807 2508/2803 2509/2806 2511/2808
f 2502/2795 2506/2802 2508/2803 2510/2807
f 2506/2802 2507/2801 2668/2804 2508/2803
f 2501/2796 2502/2795 2510/2807 2512/2809
f 2512/2809 2510/2807 2511/2808 2513/2810
f 2436/2724 2434/2722 2512/2809 2513/2810
f 2432/2720 2501/2796 2512/2809 2434/2722
f 2513/2810 2511/2808 2515/2811 2514/2812
f 2514/2812 2515/2811 2517/2813 2516/2814
f 2440/2728 2438/2726 2514/2812 2516/2814
f 2436/2724 2513/2810 2514/2812 2438/2726
f 2509/2806 2662/2805 2519/2815 2518/2816
f 2518/2816 2519/2815 2521/2817 2520/2818
f 2515/2811 2518/2816 2520/2818 2517/2813
f 2511/2808 2509/2806 2518/2816 2515/2811
f 2669/2819 2524/2820 2523/2821 2522/2822
f 2525/2823 2522/2822 2523/2821 2526/2824
f 2517/2813 2520/2818 2522/2822 2525/2823
f 2520/2818 2521/2817 2669/2819 2522/2822
f 2516/2814 2517/2813 2525/2823 2527/2825
f 2527/2825 2525/2823 2526/2824 2528/2826
f 2444/2732 2442/2730 2527/2825 2528/2826
f 2527/2825 2442/2730 2440/2728 2516/2814
f 2529/2827 2532/2828 2531/2829 2530/2830
f 2448/2736 2446/2734 2529/2827 2530/2830
f 2529/2827 2446/2734 2444/2732 2528/2826
f 2526/2824 2532/2828 2529/2827 2528/2826
f 2523/2821 2524/2820 2534/2831 2533/2832
f 2534/2831 2536/2833 2535/2834 2533/2832
f 2533/2832 2535/2834 2531/2829 2532/2828
f 2526/2824 2523/2821 2533/2832 2532/2828
f 2660/2835 2460/2746 2457/2745 2537/2836
f 2537/2836 2457/2745 2456/2744 2538/2837
f 2535/2834 2537/2836 2538/2837 2531/2829
f 2535/2834 2536/2833 2660/2835 2537/2836
f 2538/2837 2456/2744 2455/2743 2539/2838
f 2404/2691 2450/2738 2539/2838 2455/2743
f 2539/2838 2450/2738 2448/2736 2530/2830
f 2531/2829 2538/2837 2539/2838 2530/2830
f 2543/2839 2541/2840 2542/2841 2544/2842
f 2545/2843 2540/2844 2541/2840 2543/2839
f 2548/2845 2547/2846 2540/2844 2545/2843
f 2549/2847 2546/2848 2547/2846 2548/2845
f 2551/2849 2552/2850 2554/2851 2553/2852
f 2555/2853 2550/2854 2551/2849 2553/2852
f 2557/2855 2556/2856 2550/2854 2555/2853
f 2544/2842 2542/2841 2556/2856 2557/2855
f 2558/2712 2423/2714 2426/2713 2559/2711
f 2560/2857 2558/2712 2559/2711 2561/2858
f 2562/2859 2560/2857 2561/2858 2563/2860
f 2552/2850 2562/2859 2563/2860 2554/2851
f 2567/2861 2565/2862 2566/2863 2568/2864
f 2569/2865 2564/2866 2565/2862 2567/2861
f 2572/2867 2571/2868 2564/2866 2569/2865
f 2573/2869 2570/2870 2571/2868 2572/2867
f 2577/2871 2575/2872 2576/2873 2578/2874
f 2579/2875 2574/2876 2575/2872 2577/2871
f 2581/2877 2580/2878 2574/2876 2579/2875
f 2568/2864 2566/2863 2580/2878 2581/2877
f 2584/2879 2583/2880 2546/2848 2549/2847
f 2585/2881 2582/2882 2583/2880 2584/2879
f 2587/2883 2586/2884 2582/2882 2585/2881
f 2578/2874 2576/2873 2586/2884 2587/2883
f 2588/2885 2591/2886 2590/2887 2589/2888
f 2589/2888 2590/2887 2593/2889 2592/2890
f 2548/2845 2589/2888 2592/2890 2549/2847
f 2545/2843 2588/2885 2589/2888 2548/2845
f 2594/2891 2597/2892 2596/2893 2595/2894
f 2595/2894 2596/2893 2591/2886 2588/2885
f 2543/2839 2595/2894 2588/2885 2545/2843
f 2544/2842 2594/2891 2595/2894 2543/2839
f 2598/2753 2666/2752 2462/2751 2599/2895
f 2462/2751 2667/2749 2600/2750 2599/2895
f 2596/2893 2599/2895 2600/2750 2591/2886
f 2597/2892 2598/2753 2599/2895 2596/2893
f 2459/2747 2460/2746 2602/2745 2601/2748
f 2590/2887 2601/2748 2602/2745 2593/2889
f 2591/2886 2600/2750 2601/2748 2590/2887
f 2600/2750 2667/2749 2459/2747 2601/2748
f 2603/2896 2606/2897 2605/2898 2604/2899
f 2604/2899 2605/2898 2597/2892 2594/2891
f 2557/2855 2604/2899 2594/2891 2544/2842
f 2555/2853 2603/2896 2604/2899 2557/2855
f 2607/2900 2610/2901 2609/2902 2608/2903
f 2608/2903 2609/2902 2606/2897 2603/2896
f 2553/2852 2608/2903 2603/2896 2555/2853
f 2554/2851 2607/2900 2608/2903 2553/2852
f 2611/2769 2478/2768 2663/2767 2612/2770
f 2663/2767 2475/2765 2613/2766 2612/2770
f 2609/2902 2612/2770 2613/2766 2606/2897
f 2610/2901 2611/2769 2612/2770 2609/2902
f 2665/2763 2666/2752 2598/2753 2614/2764
f 2605/2898 2614/2764 2598/2753 2597/2892
f 2606/2897 2613/2766 2614/2764 2605/2898
f 2613/2766 2475/2765 2665/2763 2614/2764
f 2615/2904 2618/2905 2617/2906 2616/2907
f 2616/2907 2617/2906 2610/2901 2607/2900
f 2563/2860 2616/2907 2607/2900 2554/2851
f 2561/2858 2615/2904 2616/2907 2563/2860
f 2494/2787 2620/2788 2619/2789 2496/2790
f 2619/2789 2620/2788 2618/2905 2615/2904
f 2559/2711 2619/2789 2615/2904 2561/2858
f 2426/2713 2496/2790 2619/2789 2559/2711
f 2664/2785 2492/2784 2490/2783 2621/2786
f 2621/2786 2490/2783 2489/2781 2622/2782
f 2620/2788 2621/2786 2622/2782 2618/2905
f 2494/2787 2664/2785 2621/2786 2620/2788
f 2661/2779 2478/2768 2611/2769 2623/2780
f 2617/2906 2623/2780 2611/2769 2610/2901
f 2618/2905 2622/2782 2623/2780 2617/2906
f 2622/2782 2489/2781 2661/2779 2623/2780
f 2624/2908 2627/2909 2626/2910 2625/2911
f 2625/2911 2626/2910 2573/2869 2572/2867
f 2628/2912 2625/2911 2572/2867 2569/2865
f 2629/2913 2624/2908 2625/2911 2628/2912
f 2630/2914 2629/2913 2628/2912 2631/2915
f 2631/2915 2628/2912 2569/2865 2567/2861
f 2631/2915 2567/2861 2568/2864 2632/2916
f 2633/2917 2630/2914 2631/2915 2632/2916
f 2662/2805 2668/2804 2635/2803 2634/2806
f 2668/2804 2507/2801 2636/2802 2635/2803
f 2635/2803 2636/2802 2629/2913 2630/2914
f 2634/2806 2635/2803 2630/2914 2633/2917
f 2505/2799 2670/2798 2638/2797 2637/2800
f 2637/2800 2638/2797 2627/2909 2624/2908
f 2636/2802 2637/2800 2624/2908 2629/2913
f 2507/2801 2505/2799 2637/2800 2636/2802
f 2639/2918 2633/2917 2632/2916 2640/2919
f 2640/2919 2632/2916 2568/2864 2581/2877
f 2640/2919 2581/2877 2579/2875 2641/2920
f 2642/2921 2639/2918 2640/2919 2641/2920
f 2643/2922 2642/2921 2641/2920 2644/2923
f 2579/2875 2577/2871 2644/2923 2641/2920
f 2644/2923 2577/2871 2578/2874 2645/2924
f 2646/2925 2643/2922 2644/2923 2645/2924
f 2647/2821 2524/2820 2669/2819 2648/2822
f 2669/2819 2521/2817 2649/2818 2648/2822
f 2648/2822 2649/2818 2642/2921 2643/2922
f 2647/2821 2648/2822 2643/2922 2646/2925
f 2519/2815 2662/2805 2634/2806 2650/2816
f 2650/2816 2634/2806 2633/2917 2639/2918
f 2649/2818 2650/2816 2639/2918 2642/2921
f 2521/2817 2519/2815 2650/2816 2649/2818
f 2651/2926 2654/2927 2653/2928 2652/2929
f 2653/2928 2654/2927 2646/2925 2645/2924
f 2578/2874 2587/2883 2653/2928 2645/2924
f 2653/2928 2587/2883 2585/2881 2652/2929
f 2592/2890 2593/2889 2656/2930 2655/2931
f 2655/2931 2656/2930 2651/2926 2652/2929
f 2585/2881 2584/2879 2655/2931 2652/2929
f 2655/2931 2584/2879 2549/2847 2592/2890
f 2602/2745 2460/2746 2660/2835 2657/2836
f 2660/2835 2536/2833 2658/2834 2657/2836
f 2656/2930 2657/2836 2658/2834 2651/2926
f 2593/2889 2602/2745 2657/2836 2656/2930
f 2534/2831 2524/2820 2647/2821 2659/2932
f 2659/2932 2647/2821 2646/2925 2654/2927
f 2651/2926 2658/2834 2659/2932 2654/2927
f 2658/2834 2536/2833 2534/2831 2659/2932