# Exported from MakeClothes (TM)
# author MRT
# license CC0
# homepage http://www.makehuman.org/
v 0.6973 5.5628 0.1369
v 0.7250 5.6135 0.1286
v 0.7562 5.6130 0.2074
v 0.7285 5.5610 0.2137
v 0.7592 5.6801 0.1190
v 0.7906 5.6810 0.2003
v 0.6892 5.6120 0.0496
v 0.7233 5.6775 0.0370
v 0.6614 5.5624 0.0604
v 0.7937 5.7544 0.1110
v 0.8254 5.7565 0.1948
v 0.8251 5.8361 0.1065
v 0.8577 5.8389 0.1926
v 0.7572 5.7509 0.0261
v 0.7876 5.8320 0.0189
v 0.6814 5.6736 -0.0443
v 0.7146 5.7464 -0.0587
v 0.7439 5.8273 -0.0689
v 0.6641 5.7415 -0.1410
v 0.6920 5.8224 -0.1543
v 0.6323 5.6691 -0.1231
v 0.6203 5.5602 -0.0147
v 0.6478 5.6091 -0.0284
v 0.5998 5.6052 -0.1036
v 0.5732 5.5570 -0.0870
v 0.5197 5.5534 -0.1547
v 0.5447 5.6011 -0.1742
v 0.5750 5.6647 -0.1972
v 0.4821 5.5975 -0.2382
v 0.5095 5.6609 -0.2645
v 0.4595 5.5500 -0.2160
v 0.6048 5.7369 -0.2185
v 0.6305 5.8178 -0.2350
v 0.5363 5.7330 -0.2890
v 0.5593 5.8141 -0.3083
v 0.4362 5.6580 -0.3230
v 0.4594 5.7301 -0.3503
v 0.4793 5.8112 -0.3723
v 0.3755 5.7280 -0.4012
v 0.3919 5.8090 -0.4255
v 0.3564 5.6560 -0.3714
v 0.3929 5.5473 -0.2694
v 0.4125 5.5947 -0.2939
v 0.3369 5.5928 -0.3399
v 0.3207 5.5454 -0.3133
v 0.2442 5.5443 -0.3473
v 0.2566 5.5915 -0.3755
v 0.2716 5.6546 -0.4091
v 0.1732 5.5907 -0.4008
v 0.1834 5.6536 -0.4360
v 0.1648 5.5436 -0.3713
v 0.2863 5.7264 -0.4410
v 0.2989 5.8073 -0.4674
v 0.1933 5.7253 -0.4696
v 0.2019 5.8060 -0.4976
v 0.0930 5.6533 -0.4524
v 0.0981 5.7247 -0.4871
v 0.1025 5.8052 -0.5162
v 0.0017 5.7254 -0.4939
v 0.0018 5.8056 -0.5233
v 0.0016 5.6542 -0.4589
v 0.0836 5.5433 -0.3858
v 0.0878 5.5905 -0.4161
v 0.0015 5.5912 -0.4221
v 0.0015 5.5434 -0.3911
v 0.6087 5.3832 0.8285
v 0.5654 5.3729 0.8510
v 0.5664 5.3239 0.8574
v 0.6048 5.3265 0.8380
v 0.6116 5.4586 0.8158
v 0.5686 5.4459 0.8387
v 0.6595 5.3993 0.7997
v 0.6626 5.4769 0.7876
v 0.6552 5.3404 0.8090
v 0.6125 5.5423 0.8035
v 0.5694 5.5276 0.8265
v 0.6116 5.6319 0.7943
v 0.5683 5.6157 0.8172
v 0.6641 5.5624 0.7760
v 0.6643 5.6532 0.7677
v 0.7123 5.4996 0.7572
v 0.7155 5.5859 0.7474
v 0.7177 5.6773 0.7409
v 0.7651 5.6138 0.7158
v 0.7706 5.7051 0.7122
v 0.7584 5.5278 0.7226
v 0.7023 5.3606 0.7759
v 0.7077 5.4207 0.7678
v 0.7507 5.4489 0.7306
v 0.7429 5.3884 0.7369
v 0.7741 5.4222 0.6905
v 0.7856 5.4822 0.6864
v 0.7984 5.5602 0.6815
v 0.8106 5.5168 0.6342
v 0.8296 5.5932 0.6318
v 0.7943 5.4577 0.6367
v 0.8104 5.6451 0.6781
v 0.8207 5.7355 0.6779
v 0.8480 5.6768 0.6313
v 0.8640 5.7659 0.6339
v 0.8497 5.6231 0.5731
v 0.8745 5.7053 0.5740
v 0.8964 5.7932 0.5783
v 0.8877 5.7279 0.5074
v 0.9146 5.8147 0.5118
v 0.8577 5.6471 0.5064
v 0.8036 5.4900 0.5759
v 0.8245 5.5481 0.5742
v 0.8275 5.5733 0.5076
v 0.8029 5.5163 0.5094
v 0.7937 5.5356 0.4387
v 0.8205 5.5915 0.4362
v 0.8537 5.6640 0.4340
v 0.8050 5.6033 0.3616
v 0.8395 5.6743 0.3581
v 0.7773 5.5486 0.3652
v 0.8871 5.7436 0.4339
v 0.9177 5.8293 0.4374
v 0.8744 5.7525 0.3565
v 0.9069 5.8371 0.3583
v 0.8177 5.6794 0.2801
v 0.8528 5.7563 0.2766
v 0.8857 5.8397 0.2765
v 0.7553 5.5566 0.2900
v 0.7831 5.6100 0.2852
v 0.8121 5.9203 0.0164
v 0.8511 5.9243 0.1063
v 0.8851 5.9275 0.1944
v 0.8706 6.0186 0.1099
v 0.9062 6.0219 0.1997
v 0.8298 6.0147 0.0182
v 0.8837 6.1182 0.1155
v 0.9207 6.1215 0.2070
v 0.8911 6.2229 0.1215
v 0.9291 6.2261 0.2144
v 0.8410 6.1146 0.0225
v 0.8469 6.2196 0.0271
v 0.7921 6.1109 -0.0710
v 0.7828 6.0105 -0.0739
v 0.7965 6.2164 -0.0675
v 0.7354 6.1073 -0.1625
v 0.7385 6.2135 -0.1601
v 0.7275 6.0064 -0.1639
v 0.7669 5.9157 -0.0738
v 0.7133 5.9111 -0.1618
v 0.6500 5.9068 -0.2450
v 0.6626 6.0026 -0.2491
v 0.5766 5.9033 -0.3208
v 0.5877 5.9994 -0.3269
v 0.6693 6.1041 -0.2493
v 0.6716 6.2108 -0.2481
v 0.5934 6.1013 -0.3287
v 0.5953 6.2085 -0.3288
v 0.5037 5.9967 -0.3951
v 0.5085 6.0989 -0.3985
v 0.5101 6.2065 -0.4001
v 0.4160 6.0968 -0.4573
v 0.4174 6.2045 -0.4603
v 0.4119 5.9945 -0.4522
v 0.4041 5.8982 -0.4424
v 0.4942 5.9005 -0.3870
v 0.3083 5.8964 -0.4860
v 0.3143 5.9926 -0.4976
v 0.2084 5.8949 -0.5178
v 0.2125 5.9909 -0.5307
v 0.3174 6.0948 -0.5042
v 0.3186 6.2025 -0.5085
v 0.2146 6.0929 -0.5385
v 0.2154 6.2004 -0.5439
v 0.1079 5.9897 -0.5513
v 0.1089 6.0915 -0.5600
v 0.1092 6.1988 -0.5660
v 0.0016 6.0914 -0.5681
v 0.0015 6.1984 -0.5744
v 0.0018 5.9898 -0.5591
v 0.0019 5.8942 -0.5449
v 0.1058 5.8939 -0.5374
v 0.6112 5.7254 0.7908
v 0.5674 5.7081 0.8135
v 0.6125 5.8217 0.7943
v 0.5685 5.8036 0.8167
v 0.6648 5.7477 0.7649
v 0.6663 5.8449 0.7688
v 0.6151 5.9203 0.8046
v 0.5716 5.9014 0.8271
v 0.6184 6.0209 0.8210
v 0.5760 6.0013 0.8437
v 0.6683 5.9443 0.7791
v 0.6706 6.0458 0.7950
v 0.7216 5.8701 0.7442
v 0.7233 5.9702 0.7546
v 0.7247 6.0725 0.7699
v 0.7797 5.9984 0.7299
v 0.7805 6.1015 0.7446
v 0.7780 5.8980 0.7191
v 0.7196 5.7724 0.7396
v 0.7749 5.8000 0.7131
v 0.8284 5.8299 0.6816
v 0.8335 5.9276 0.6895
v 0.8761 5.8595 0.6403
v 0.8841 5.9568 0.6501
v 0.8359 6.0282 0.7010
v 0.8365 6.1318 0.7153
v 0.8882 6.0574 0.6626
v 0.8892 6.1614 0.6766
v 0.9251 5.9826 0.5975
v 0.9317 6.0832 0.6107
v 0.9340 6.1875 0.6245
v 0.9617 6.1032 0.5449
v 0.9657 6.2078 0.5583
v 0.9521 6.0028 0.5317
v 0.9134 5.8859 0.5863
v 0.9364 5.9066 0.5202
v 0.9431 5.9203 0.4448
v 0.9623 6.0160 0.4555
v 0.9345 5.9272 0.3640
v 0.9558 6.0224 0.3731
v 0.9747 6.1162 0.4680
v 0.9807 6.2210 0.4804
v 0.9702 6.1224 0.3840
v 0.9778 6.2272 0.3950
v 0.9356 6.0237 0.2875
v 0.9507 6.1235 0.2965
v 0.9593 6.2282 0.3057
v 0.9138 5.9290 0.2803
v 0.8939 6.3327 0.1259
v 0.9322 6.3358 0.2204
v 0.8931 6.4474 0.1282
v 0.9309 6.4503 0.2242
v 0.8490 6.3296 0.0303
v 0.8482 6.4447 0.0313
v 0.8893 6.5671 0.1287
v 0.9258 6.5697 0.2264
v 0.8833 6.6910 0.1286
v 0.9181 6.6934 0.2279
v 0.8452 6.5647 0.0305
v 0.8403 6.6890 0.0291
v 0.7965 6.4425 -0.0653
v 0.7938 6.5630 -0.0670
v 0.7897 6.6878 -0.0693
v 0.7348 6.5620 -0.1621
v 0.7313 6.6874 -0.1649
v 0.7374 6.4409 -0.1597
v 0.7976 6.3269 -0.0653
v 0.7388 6.3247 -0.1588
v 0.6714 6.3227 -0.2479
v 0.6700 6.4396 -0.2495
v 0.5950 6.3210 -0.3297
v 0.5938 6.4386 -0.3322
v 0.6677 6.5615 -0.2524
v 0.6646 6.6875 -0.2556
v 0.5920 6.5610 -0.3356
v 0.5896 6.6877 -0.3390
v 0.5092 6.4374 -0.4055
v 0.5081 6.5603 -0.4094
v 0.5064 6.6873 -0.4129
v 0.4166 6.5588 -0.4719
v 0.4159 6.6859 -0.4755
v 0.4171 6.4358 -0.4676
v 0.5100 6.3194 -0.4022
v 0.4175 6.3176 -0.4636
v 0.3189 6.3155 -0.5127
v 0.3190 6.4337 -0.5173
v 0.2157 6.3133 -0.5488
v 0.2162 6.4312 -0.5538
v 0.3191 6.5566 -0.5218
v 0.3193 6.6834 -0.5252
v 0.2170 6.5537 -0.5583
v 0.2181 6.6800 -0.5615
v 0.1104 6.4288 -0.5765
v 0.1119 6.5508 -0.5809
v 0.1139 6.6763 -0.5839
v 0.0051 6.5486 -0.5894
v 0.0081 6.6731 -0.5924
v 0.0029 6.4274 -0.5849
v 0.1096 6.3113 -0.5714
v 0.0018 6.3105 -0.5798
v 0.6229 6.1238 0.8419
v 0.5815 6.1033 0.8651
v 0.6287 6.2292 0.8658
v 0.5885 6.2078 0.8898
v 0.6738 6.1497 0.8150
v 0.6782 6.2563 0.8377
v 0.6358 6.3376 0.8917
v 0.5954 6.3153 0.9165
v 0.6425 6.4490 0.9188
v 0.5993 6.4251 0.9415
v 0.6836 6.3661 0.8621
v 0.6896 6.4790 0.8877
v 0.7294 6.2854 0.8097
v 0.7331 6.3967 0.8321
v 0.7370 6.5113 0.8555
v 0.7838 6.4297 0.8004
v 0.7851 6.5461 0.8209
v 0.7824 6.3168 0.7807
v 0.7266 6.1774 0.7887
v 0.7812 6.2074 0.7619
v 0.8362 6.2388 0.7310
v 0.8355 6.3494 0.7472
v 0.8883 6.2692 0.6909
v 0.8858 6.3811 0.7047
v 0.8343 6.4639 0.7638
v 0.8326 6.5821 0.7808
v 0.8819 6.4971 0.7181
v 0.8768 6.6169 0.7315
v 0.9290 6.4089 0.6494
v 0.9227 6.5261 0.6600
v 0.9144 6.6472 0.6704
v 0.9524 6.5485 0.5890
v 0.9419 6.6705 0.5970
v 0.9604 6.4305 0.5804
v 0.9329 6.2961 0.6376
v 0.9650 6.3169 0.5704
v 0.9794 6.3368 0.4044
v 0.9810 6.3304 0.4913
v 0.9765 6.4444 0.4999
v 0.9758 6.4511 0.4116
v 0.9679 6.5630 0.5069
v 0.9564 6.6856 0.5131
v 0.9678 6.5700 0.4171
v 0.9567 6.6930 0.4218
v 0.9529 6.5714 0.3229
v 0.9595 6.4523 0.3190
v 0.9433 6.6948 0.3260
v 0.9619 6.3378 0.3134
v 0.8748 6.8186 0.1295
v 0.9077 6.8207 0.2302
v 0.8607 6.9521 0.1356
v 0.8918 6.9538 0.2374
v 0.8332 6.8169 0.0289
v 0.8205 6.9505 0.0343
v 0.8401 7.0870 0.1479
v 0.8696 7.0885 0.2504
v 0.8106 7.2217 0.1679
v 0.8382 7.2229 0.2705
v 0.8013 7.0855 0.0464
v 0.7733 7.2201 0.0666
v 0.7718 6.9499 -0.0650
v 0.7537 7.0848 -0.0527
v 0.7270 7.2191 -0.0318
v 0.6979 7.0852 -0.1479
v 0.6726 7.2192 -0.1261
v 0.7150 6.9503 -0.1607
v 0.7258 6.8162 -0.1661
v 0.7835 6.8161 -0.0702
v 0.6599 6.8169 -0.2568
v 0.6501 6.9512 -0.2511
v 0.5857 6.8176 -0.3402
v 0.5771 6.9521 -0.3341
v 0.6342 7.0862 -0.2376
v 0.6106 7.2200 -0.2147
v 0.5628 7.0871 -0.3198
v 0.5410 7.2206 -0.2958
v 0.4963 6.9519 -0.4074
v 0.4838 7.0867 -0.3925
v 0.4643 7.2197 -0.3677
v 0.3980 7.0842 -0.4539
v 0.3810 7.2164 -0.4285
v 0.4084 6.9500 -0.4693
v 0.4141 6.8160 -0.4763
v 0.5035 6.8174 -0.4140
v 0.3186 6.8131 -0.5258
v 0.3147 6.9463 -0.5184
v 0.2187 6.8090 -0.5617
v 0.2166 6.9410 -0.5542
v 0.3064 7.0794 -0.5027
v 0.2922 7.2102 -0.4770
v 0.2107 7.0726 -0.5383
v 0.1994 7.2018 -0.5125
v 0.1155 6.9350 -0.5762
v 0.1121 7.0648 -0.5604
v 0.1039 7.1919 -0.5350
v 0.0119 7.0559 -0.5682
v 0.0070 7.1803 -0.5443
v 0.0127 6.9286 -0.5838
v 0.0112 6.8002 -0.5920
v 0.1158 6.8044 -0.5839
v 0.6508 6.5623 0.9479
v 0.6091 6.5366 0.9717
v 0.6519 6.6772 0.9827
v 0.6046 6.6492 1.0063
v 0.6952 6.5942 0.9149
v 0.6954 6.7119 0.9479
v 0.6390 6.7891 1.0237
v 0.5838 6.7573 1.0449
v 0.6119 6.8968 1.0713
v 0.5542 6.8613 1.0927
v 0.6829 6.8272 0.9873
v 0.6558 6.9383 1.0327
v 0.7375 6.7488 0.9106
v 0.7234 6.8673 0.9469
v 0.6957 6.9822 0.9890
v 0.7632 6.9098 0.9022
v 0.7347 7.0283 0.9407
v 0.7794 6.7882 0.8695
v 0.7401 6.6285 0.8804
v 0.7853 6.6653 0.8428
v 0.8291 6.7033 0.7990
v 0.8195 6.8285 0.8220
v 0.8695 6.7397 0.7461
v 0.8562 6.8668 0.7653
v 0.8010 6.9529 0.8507
v 0.7712 7.0748 0.8854
v 0.8350 6.9937 0.7901
v 0.8034 7.1186 0.8209
v 0.8870 6.9000 0.6977
v 0.8633 7.0290 0.7191
v 0.8299 7.1563 0.7465
v 0.8841 7.0561 0.6379
v 0.8493 7.1856 0.6627
v 0.9097 6.9256 0.6192
v 0.9037 6.7714 0.6818
v 0.9287 6.7956 0.6058
v 0.9427 6.8194 0.4272
v 0.9421 6.8114 0.5201
v 0.9222 6.9424 0.5315
v 0.9234 6.9513 0.4371
v 0.8960 7.0744 0.5482
v 0.8606 7.2056 0.5711
v 0.8629 7.2171 0.4739
v 0.8977 7.0845 0.4523
v 0.9130 6.9543 0.3384
v 0.8889 7.0884 0.3523
v 0.8556 7.2221 0.3731
v 0.9309 6.8216 0.3299
v 0.7674 7.3530 0.1977
v 0.7929 7.3539 0.2999
v 0.7077 7.4767 0.2367
v 0.7306 7.4771 0.3377
v 0.7322 7.3512 0.0973
v 0.6751 7.4748 0.1378
v 0.6299 7.5880 0.2820
v 0.6499 7.5880 0.3808
v 0.5341 7.6825 0.3305
v 0.5511 7.6822 0.4261
v 0.6006 7.5861 0.1854
v 0.5086 7.6806 0.2371
v 0.6335 7.4730 0.0423
v 0.5625 7.5838 0.0923
v 0.4747 7.6778 0.1474
v 0.5162 7.5819 0.0042
v 0.4327 7.6752 0.0627
v 0.5837 7.4719 -0.0485
v 0.6878 7.3499 0.0001
v 0.6354 7.3494 -0.0928
v 0.5754 7.3497 -0.1798
v 0.5265 7.4715 -0.1334
v 0.5083 7.3498 -0.2595
v 0.4625 7.4707 -0.2111
v 0.4625 7.5805 -0.0779
v 0.3832 7.6727 -0.0157
v 0.4022 7.5787 -0.1528
v 0.3273 7.6696 -0.0871
v 0.3921 7.4682 -0.2801
v 0.3360 7.5751 -0.2196
v 0.2661 7.6647 -0.1510
v 0.2650 7.5683 -0.2776
v 0.2009 7.6570 -0.2074
v 0.3161 7.4626 -0.3393
v 0.4344 7.3482 -0.3301
v 0.3544 7.3438 -0.3902
v 0.1801 7.3258 -0.4744
v 0.2692 7.3361 -0.4385
v 0.2354 7.4535 -0.3876
v 0.1511 7.4414 -0.4243
v 0.1898 7.5580 -0.3260
v 0.1325 7.6462 -0.2559
v 0.1114 7.5448 -0.3641
v 0.0611 7.6328 -0.2959
v 0.0301 7.5297 -0.3915
v 0.0640 7.4275 -0.4493
v -0.0129 7.6174 -0.3259
v -0.0879 7.5981 -0.3453
v -0.0526 7.5116 -0.4083
v -0.0245 7.4112 -0.4638
v 0.0884 7.3138 -0.4978
v -0.0046 7.2996 -0.5095
v 0.5698 6.9990 1.1252
v 0.5164 6.9577 1.1505
v 0.5158 7.0995 1.1765
v 0.4656 7.0531 1.2024
v 0.6125 7.0450 1.0829
v 0.5571 7.1489 1.1325
v 0.4550 7.2010 1.2182
v 0.4066 7.1516 1.2384
v 0.3871 7.3012 1.2469
v 0.3411 7.2493 1.2583
v 0.4935 7.2518 1.1746
v 0.4212 7.3517 1.2050
v 0.5958 7.1995 1.0834
v 0.5290 7.3034 1.1243
v 0.4514 7.4018 1.1545
v 0.5626 7.3564 1.0683
v 0.4792 7.4528 1.0982
v 0.6330 7.2520 1.0290
v 0.6523 7.0926 1.0362
v 0.6910 7.1424 0.9845
v 0.7266 7.1923 0.9256
v 0.6668 7.3042 0.9673
v 0.7575 7.2391 0.8577
v 0.6954 7.3530 0.8969
v 0.5924 7.4088 1.0050
v 0.5032 7.5029 1.0347
v 0.6171 7.4575 0.9334
v 0.5227 7.5495 0.9635
v 0.7180 7.3950 0.8175
v 0.6364 7.4998 0.8537
v 0.5379 7.5904 0.8851
v 0.6506 7.5336 0.7670
v 0.5495 7.6240 0.8006
v 0.7345 7.4281 0.7304
v 0.8004 7.3108 0.6943
v 0.7823 7.2794 0.7803
v 0.8112 7.3327 0.6014
v 0.7447 7.4518 0.6371
v 0.7481 7.4667 0.5395
v 0.8141 7.3459 0.5034
v 0.6637 7.5750 0.5788
v 0.6599 7.5585 0.6749
v 0.5576 7.6496 0.7111
v 0.5615 7.6673 0.6179
v 0.6608 7.5843 0.4803
v 0.7438 7.4745 0.4391
v 0.5598 7.6777 0.5224
v 0.8083 7.3522 0.4024
v 0.4012 7.7559 0.2898
v 0.4226 7.7580 0.3790
v 0.4365 7.7574 0.4703
v 0.2997 7.8161 0.4240
v 0.3106 7.8143 0.5103
v 0.2823 7.8138 0.3400
v 0.1709 7.8531 0.4632
v 0.1793 7.8502 0.5440
v 0.0420 7.8703 0.4963
v 0.0481 7.8670 0.5717
v 0.1575 7.8510 0.3847
v 0.0321 7.8685 0.4234
v 0.1378 7.8452 0.3099
v 0.2578 7.8087 0.2596
v 0.0173 7.8630 0.3542
v 0.1114 7.8367 0.2401
v -0.0034 7.8544 0.2900
v 0.2259 7.8019 0.1843
v 0.3719 7.7525 0.2044
v 0.3347 7.7486 0.1240
v 0.2393 7.7403 -0.0171
v 0.2901 7.7448 0.0500
v 0.1867 7.7958 0.1154
v 0.1415 7.7898 0.0534
v 0.0780 7.8280 0.1768
v -0.0305 7.8450 0.2323
v 0.0388 7.8200 0.1203
v -0.0632 7.8361 0.1814
v -0.0034 7.8125 0.0696
v 0.0925 7.7830 -0.0025
v -0.0987 7.8282 0.1364
v -0.1332 7.8207 0.0949
v -0.0459 7.8046 0.0229
v 0.0418 7.7747 -0.0534
v 0.1839 7.7343 -0.0774
v 0.1255 7.7260 -0.1315
v 0.0022 7.7031 -0.2214
v 0.0650 7.7155 -0.1797
v -0.0095 7.7651 -0.1004
v -0.0624 7.7546 -0.1426
v -0.1289 7.7876 -0.0622
v -0.0873 7.7963 -0.0212
v -0.1645 7.8136 0.0550
v -0.1940 7.8064 0.0170
v -0.1770 7.7293 -0.2055
v -0.2236 7.7717 -0.1306
v -0.1736 7.7789 -0.0982
v -0.1182 7.7428 -0.1779
v -0.2252 7.7991 -0.0184
v -0.2589 7.7924 -0.0571
v -0.0633 7.6888 -0.2544
v -0.1297 7.6704 -0.2773
v 0.3368 7.4423 1.2235
v 0.3090 7.3946 1.2639
v 0.2693 7.3417 1.2688
v 0.2178 7.4706 1.2752
v 0.1862 7.4139 1.2723
v 0.2389 7.5154 1.2332
v 0.1144 7.5235 1.2939
v 0.0922 7.4581 1.2757
v 0.0071 7.5563 1.3027
v 0.0009 7.4833 1.2748
v 0.1298 7.5672 1.2423
v 0.0151 7.5998 1.2456
v 0.1423 7.6075 1.1871
v 0.2565 7.5583 1.1829
v 0.0237 7.6370 1.1876
v 0.1529 7.6495 1.1321
v 0.0312 7.6758 1.1331
v 0.2716 7.6028 1.1279
v 0.3606 7.4889 1.1734
v 0.3818 7.5362 1.1175
v 0.4136 7.6264 0.9856
v 0.3995 7.5829 1.0549
v 0.2837 7.6476 1.0668
v 0.2932 7.6888 0.9998
v 0.1607 7.6916 1.0725
v 0.0361 7.7147 1.0747
v 0.1667 7.7303 1.0078
v 0.0395 7.7510 1.0119
v 0.1721 7.7644 0.9385
v 0.3010 7.7249 0.9274
v 0.0433 7.7833 0.9453
v 0.1771 7.7922 0.8651
v 0.0471 7.8100 0.8750
v 0.3077 7.7546 0.8502
v 0.4247 7.6650 0.9099
v 0.4337 7.6974 0.8288
v 0.4441 7.7407 0.6538
v 0.4404 7.7225 0.7431
v 0.3131 7.7765 0.7688
v 0.3163 7.7935 0.6841
v 0.1813 7.8121 0.7878
v 0.0502 7.8293 0.8015
v 0.1836 7.8274 0.7077
v 0.0515 7.8441 0.7256
v 0.1833 7.8408 0.6259
v 0.3159 7.8062 0.5975
v 0.0511 7.8575 0.6485
v 0.4433 7.7519 0.5624
v -0.1867 7.8500 0.5339
v -0.0818 7.8693 0.5220
v -0.0885 7.8683 0.4544
v -0.1911 7.8501 0.4703
v -0.0777 7.8655 0.5925
v -0.1845 7.8456 0.6007
v -0.2764 7.8216 0.5983
v -0.2731 7.8284 0.5340
v -0.3206 7.8047 0.5243
v -0.3249 7.7964 0.5863
v -0.2740 7.8302 0.4731
v -0.3206 7.8074 0.4658
v -0.3237 7.8036 0.4117
v -0.2784 7.8264 0.4165
v -0.2816 7.8183 0.3652
v -0.3245 7.7947 0.3627
v -0.1980 7.8462 0.4108
v -0.2062 7.8390 0.3564
v -0.0988 7.8636 0.3906
v -0.1136 7.8556 0.3318
v -0.2215 7.8303 0.3081
v -0.1344 7.8467 0.2795
v -0.1604 7.8385 0.2340
v -0.2406 7.8217 0.2662
v -0.2893 7.8079 0.3196
v -0.2980 7.7755 0.3380
v -0.3013 7.7973 0.2798
v -0.2983 7.7586 0.2896
v -0.2967 7.7475 0.2467
v -0.3146 7.7875 0.2452
v -0.3277 7.7783 0.2147
v -0.2929 7.7411 0.2101
v -0.2598 7.8133 0.2298
v -0.2790 7.8052 0.1974
v -0.1890 7.8307 0.1945
v -0.2157 7.8234 0.1585
v -0.2958 7.7974 0.1674
v -0.2377 7.8167 0.1240
v -0.2559 7.8102 0.0905
v -0.3089 7.7898 0.1391
v -0.3395 7.7696 0.1873
v -0.2870 7.7364 0.1799
v -0.3489 7.7610 0.1622
v -0.2795 7.7319 0.1548
v -0.2724 7.7284 0.1344
v -0.3560 7.7527 0.1388
v -0.2783 7.7504 0.0974
v -0.2706 7.7276 0.1209
v -0.3197 7.7822 0.1124
v -0.2828 7.7717 0.0560
v -0.2719 7.8024 0.0560
v -0.2825 7.7879 0.0166
v -0.0874 7.4912 1.2592
v -0.0963 7.5662 1.2848
v -0.1753 7.5459 1.2635
v -0.1580 7.4772 1.2508
v -0.0964 7.6110 1.2383
v -0.1805 7.5920 1.2241
v -0.2114 7.4506 1.2476
v -0.2312 7.5111 1.2464
v -0.2630 7.4885 1.2224
v -0.2474 7.4426 1.2376
v -0.2411 7.5591 1.2062
v -0.2750 7.5332 1.1802
v -0.2460 7.5999 1.1607
v -0.2501 7.6383 1.1114
v -0.2907 7.6117 1.0880
v -0.2832 7.5732 1.1358
v -0.1809 7.6295 1.1761
v -0.1806 7.6652 1.1247
v -0.0917 7.6462 1.1850
v -0.0867 7.6818 1.1316
v -0.0841 7.7182 1.0742
v -0.1809 7.6999 1.0686
v -0.0829 7.7522 1.0129
v -0.1824 7.7325 1.0084
v -0.2544 7.6742 1.0569
v -0.2844 7.6361 1.0366
v -0.2610 7.7072 0.9980
v -0.3074 7.6819 0.9779
v -0.3181 7.7112 0.9165
v -0.2696 7.7367 0.9353
v -0.2733 7.7621 0.8697
v -0.3234 7.7360 0.8519
v -0.1833 7.7621 0.9449
v -0.1821 7.7879 0.8784
v -0.0806 7.7829 0.9482
v -0.0776 7.8088 0.8804
v -0.0753 7.8282 0.8099
v -0.0748 7.8435 0.7376
v -0.1826 7.8249 0.7398
v -0.1813 7.8087 0.8098
v -0.2740 7.7826 0.8020
v -0.2863 7.7395 0.8064
v -0.2737 7.7980 0.7334
v -0.2867 7.7576 0.7451
v -0.2895 7.7730 0.6827
v -0.2744 7.8108 0.6651
v -0.1834 7.8370 0.6697
v -0.0755 7.8562 0.6647
v -0.7611 5.6122 0.2241
v -0.7307 5.6140 0.1398
v -0.7023 5.5626 0.1483
v -0.7333 5.5595 0.2308
v -0.6941 5.6130 0.0567
v -0.6656 5.5627 0.0675
v -0.7650 5.6801 0.1302
v -0.7285 5.6781 0.0443
v -0.7950 5.6797 0.2168
v -0.6510 5.6100 -0.0242
v -0.6229 5.5605 -0.0106
v -0.6013 5.6059 -0.1015
v -0.5741 5.5571 -0.0851
v -0.6850 5.6742 -0.0398
v -0.6340 5.6696 -0.1206
v -0.7623 5.7503 0.0334
v -0.7181 5.7459 -0.0539
v -0.6657 5.7410 -0.1381
v -0.7473 5.8254 -0.0643
v -0.6934 5.8206 -0.1514
v -0.7925 5.8299 0.0258
v -0.8285 5.7540 0.2110
v -0.7989 5.7532 0.1221
v -0.8295 5.8334 0.1170
v -0.8590 5.8350 0.2081
v -0.5447 5.6018 -0.1737
v -0.5192 5.5533 -0.1543
v -0.4811 5.5982 -0.2391
v -0.4580 5.5499 -0.2169
v -0.5752 5.6652 -0.1963
v -0.5086 5.6616 -0.2649
v -0.4108 5.5956 -0.2958
v -0.3908 5.5473 -0.2711
v -0.3348 5.5937 -0.3426
v -0.3183 5.5455 -0.3157
v -0.4346 5.6589 -0.3247
v -0.3544 5.6570 -0.3741
v -0.5351 5.7329 -0.2889
v -0.4576 5.7302 -0.3516
v -0.3733 5.7284 -0.4037
v -0.4772 5.8104 -0.3734
v -0.3894 5.8086 -0.4279
v -0.5579 5.8129 -0.3081
v -0.6047 5.7365 -0.2171
v -0.6302 5.8163 -0.2335
v -0.2542 5.5925 -0.3786
v -0.2416 5.5444 -0.3499
v -0.1705 5.5918 -0.4036
v -0.1620 5.5437 -0.3736
v -0.2692 5.6557 -0.4123
v -0.1806 5.6549 -0.4390
v -0.0849 5.5915 -0.4180
v -0.0806 5.5435 -0.3872
v -0.0899 5.6545 -0.4544
v -0.1904 5.7261 -0.4725
v -0.0948 5.7257 -0.4890
v -0.0990 5.8058 -0.5181
v -0.1987 5.8063 -0.5005
v -0.2837 5.7270 -0.4441
v -0.2960 5.8073 -0.4704
v -0.5864 5.3265 0.9908
v -0.5844 5.3755 0.9862
v -0.6363 5.3889 0.9661
v -0.6323 5.3319 0.9730
v -0.6961 5.4085 0.9367
v -0.6915 5.3495 0.9432
v -0.6405 5.4629 0.9570
v -0.7006 5.4845 0.9280
v -0.5886 5.4475 0.9772
v -0.7502 5.4327 0.8987
v -0.7443 5.3725 0.9044
v -0.7936 5.4620 0.8486
v -0.7857 5.4013 0.8533
v -0.7557 5.5100 0.8908
v -0.8013 5.5396 0.8422
v -0.7040 5.5672 0.9196
v -0.7600 5.5935 0.8836
v -0.8078 5.6232 0.8366
v -0.7628 5.6821 0.8785
v -0.8126 5.7119 0.8334
v -0.7062 5.6551 0.9134
v -0.5922 5.5269 0.9685
v -0.6438 5.5440 0.9482
v -0.6462 5.6309 0.9415
v -0.5951 5.6125 0.9619
v -0.8226 5.4942 0.7863
v -0.8120 5.4337 0.7902
v -0.8369 5.5250 0.7150
v -0.8226 5.4651 0.7183
v -0.8340 5.5712 0.7816
v -0.8530 5.6011 0.7115
v -0.8389 5.5513 0.6382
v -0.8210 5.4923 0.6412
v -0.8328 5.5720 0.5583
v -0.8115 5.5140 0.5614
v -0.8602 5.6264 0.6353
v -0.8585 5.6458 0.5553
v -0.8683 5.6834 0.7094
v -0.8807 5.7076 0.6340
v -0.8837 5.7260 0.5540
v -0.8982 5.7944 0.6355
v -0.9058 5.8118 0.5557
v -0.8809 5.7709 0.7100
v -0.8443 5.6543 0.7780
v -0.8524 5.7425 0.7768
v -0.8213 5.5876 0.4764
v -0.7974 5.5308 0.4799
v -0.8057 5.5992 0.3930
v -0.7799 5.5438 0.3972
v -0.8505 5.6601 0.4728
v -0.8372 5.6700 0.3887
v -0.7859 5.6073 0.3088
v -0.7588 5.5533 0.3140
v -0.8189 5.6764 0.3032
v -0.8684 5.7473 0.3859
v -0.8516 5.7521 0.2991
v -0.8813 5.8342 0.2980
v -0.8967 5.8306 0.3862
v -0.8792 5.7388 0.4711
v -0.9050 5.8235 0.4723
v -0.8543 5.9198 0.1158
v -0.8166 5.9163 0.0224
v -0.8725 6.0115 0.1179
v -0.8338 6.0083 0.0228
v -0.9026 6.0136 0.2126
v -0.8840 5.9218 0.2088
v -0.7702 5.9120 -0.0700
v -0.7146 5.9076 -0.1594
v -0.7860 6.0044 -0.0712
v -0.7289 6.0007 -0.1624
v -0.8446 6.1047 0.0258
v -0.7954 6.1015 -0.0695
v -0.7369 6.0985 -0.1619
v -0.7998 6.2025 -0.0668
v -0.7401 6.2004 -0.1601
v -0.8503 6.2049 0.0295
v -0.9150 6.1095 0.2183
v -0.8845 6.1076 0.1222
v -0.8912 6.2074 0.1272
v -0.9221 6.2090 0.2248
v -0.6495 5.9038 -0.2438
v -0.5750 5.9008 -0.3207
v -0.6621 5.9975 -0.2484
v -0.5860 5.9952 -0.3272
v -0.4919 5.8987 -0.3883
v -0.4014 5.8970 -0.4448
v -0.5013 5.9934 -0.3965
v -0.4093 5.9921 -0.4549
v -0.5918 6.0946 -0.3294
v -0.5063 6.0935 -0.4003
v -0.4135 6.0927 -0.4602
v -0.5080 6.1983 -0.4021
v -0.4151 6.1981 -0.4634
v -0.5937 6.1985 -0.3298
v -0.6689 6.0962 -0.2492
v -0.6712 6.1991 -0.2485
v -0.3053 5.8957 -0.4892
v -0.2050 5.8948 -0.5209
v -0.3114 5.9910 -0.5010
v -0.2092 5.9902 -0.5340
v -0.1022 5.8943 -0.5394
v -0.1043 5.9898 -0.5534
v -0.2117 6.0914 -0.5420
v -0.1057 6.0912 -0.5621
v -0.1063 6.1979 -0.5683
v -0.2128 6.1977 -0.5475
v -0.3148 6.0919 -0.5078
v -0.3162 6.1979 -0.5123
v -0.5979 5.7021 0.9591
v -0.6481 5.7215 0.9386
v -0.7075 5.7466 0.9110
v -0.6502 5.8147 0.9404
v -0.7086 5.8406 0.9131
v -0.6010 5.7945 0.9610
v -0.7643 5.7741 0.8771
v -0.8153 5.8040 0.8337
v -0.7649 5.8686 0.8800
v -0.8164 5.8985 0.8378
v -0.7092 5.9364 0.9198
v -0.7645 5.9649 0.8871
v -0.8157 5.9951 0.8457
v -0.7628 6.0628 0.8980
v -0.8132 6.0933 0.8568
v -0.7086 6.0339 0.9306
v -0.6039 5.8890 0.9673
v -0.6520 5.9099 0.9469
v -0.6529 6.0066 0.9578
v -0.6058 5.9850 0.9780
v -0.8578 5.8344 0.7790
v -0.8899 5.8623 0.7139
v -0.8603 5.9288 0.7847
v -0.8949 5.9564 0.7210
v -0.9114 5.8852 0.6405
v -0.9229 5.9019 0.5610
v -0.9195 5.9791 0.6485
v -0.9344 5.9955 0.5692
v -0.8962 6.0528 0.7308
v -0.9230 6.0754 0.6588
v -0.9405 6.0918 0.5796
v -0.9225 6.1739 0.6706
v -0.9418 6.1905 0.5910
v -0.8943 6.1512 0.7425
v -0.8602 6.0253 0.7935
v -0.8576 6.1236 0.8049
v -0.9255 5.9129 0.4771
v -0.9197 5.9191 0.3900
v -0.9400 6.0060 0.4849
v -0.9364 6.0117 0.3968
v -0.9058 5.9218 0.3004
v -0.9239 6.0139 0.3058
v -0.9471 6.1079 0.4055
v -0.9359 6.1099 0.3131
v -0.9426 6.2092 0.3211
v -0.9524 6.2070 0.4150
v -0.9485 6.1022 0.4947
v -0.9519 6.2012 0.5054
v -0.9247 6.3117 0.2309
v -0.8937 6.3105 0.1317
v -0.8519 6.3086 0.0327
v -0.8922 6.4165 0.1349
v -0.8501 6.4152 0.0345
v -0.9232 6.4172 0.2359
v -0.8004 6.3069 -0.0646
v -0.7398 6.3059 -0.1589
v -0.7980 6.4144 -0.0641
v -0.7368 6.4146 -0.1593
v -0.8451 6.5243 0.0345
v -0.7927 6.5244 -0.0653
v -0.7313 6.5258 -0.1615
v -0.7848 6.6363 -0.0678
v -0.7236 6.6390 -0.1650
v -0.8370 6.6352 0.0333
v -0.9179 6.5251 0.2396
v -0.8873 6.5249 0.1366
v -0.8790 6.6352 0.1371
v -0.9091 6.6348 0.2420
v -0.6704 6.3058 -0.2482
v -0.5928 6.3063 -0.3306
v -0.6672 6.4158 -0.2495
v -0.5896 6.4178 -0.3328
v -0.5072 6.3072 -0.4040
v -0.4145 6.3080 -0.4665
v -0.5043 6.4200 -0.4071
v -0.4121 6.4219 -0.4704
v -0.5844 6.5321 -0.3365
v -0.4995 6.5359 -0.4114
v -0.4077 6.5393 -0.4750
v -0.4928 6.6543 -0.4160
v -0.4015 6.6593 -0.4794
v -0.5772 6.6487 -0.3410
v -0.6618 6.5285 -0.2525
v -0.6542 6.6433 -0.2566
v -0.3158 6.3085 -0.5164
v -0.2125 6.3090 -0.5523
v -0.3137 6.4235 -0.5209
v -0.2107 6.4247 -0.5572
v -0.1061 6.3096 -0.5736
v -0.1046 6.4259 -0.5786
v -0.2073 6.5442 -0.5618
v -0.1018 6.5463 -0.5831
v -0.0978 6.6699 -0.5863
v -0.2025 6.6668 -0.5654
v -0.3098 6.5420 -0.5255
v -0.3043 6.6634 -0.5297
v -0.6066 6.0825 0.9942
v -0.6522 6.1048 0.9731
v -0.7064 6.1328 0.9454
v -0.6488 6.2042 0.9928
v -0.7016 6.2328 0.9640
v -0.6051 6.1813 1.0156
v -0.7593 6.1623 0.9123
v -0.8087 6.1931 0.8707
v -0.7533 6.2630 0.9300
v -0.8018 6.2942 0.8873
v -0.6936 6.3337 0.9860
v -0.7445 6.3646 0.9507
v -0.7921 6.3964 0.9065
v -0.7333 6.4668 0.9739
v -0.7801 6.4994 0.9281
v -0.6831 6.4351 1.0104
v -0.5988 6.2789 1.0384
v -0.6418 6.3042 1.0159
v -0.6314 6.4033 1.0404
v -0.5885 6.3719 1.0597
v -0.8526 6.2236 0.8185
v -0.8894 6.2514 0.7556
v -0.8449 6.3250 0.8340
v -0.8815 6.3531 0.7701
v -0.9183 6.2743 0.6833
v -0.9390 6.2913 0.6030
v -0.9108 6.3765 0.6966
v -0.9325 6.3941 0.6151
v -0.8708 6.4562 0.7857
v -0.9002 6.4801 0.7105
v -0.9226 6.4985 0.6271
v -0.8870 6.5849 0.7247
v -0.9098 6.6042 0.6390
v -0.8578 6.5602 0.8025
v -0.8347 6.4277 0.8515
v -0.8221 6.5311 0.8708
v -0.9509 6.3026 0.5163
v -0.9531 6.3089 0.4245
v -0.9458 6.4061 0.5270
v -0.9495 6.4132 0.4334
v -0.9446 6.3115 0.3289
v -0.9423 6.4165 0.3359
v -0.9422 6.5195 0.4415
v -0.9362 6.5237 0.3418
v -0.9264 6.6327 0.3465
v -0.9313 6.6275 0.4486
v -0.9371 6.5115 0.5371
v -0.9251 6.6183 0.5465
v -0.8955 6.7459 0.2448
v -0.8664 6.7468 0.1378
v -0.8253 6.7475 0.0324
v -0.8473 6.8593 0.1430
v -0.8082 6.8604 0.0359
v -0.8744 6.8577 0.2520
v -0.7737 6.7493 -0.0699
v -0.7131 6.7533 -0.1677
v -0.7583 6.8628 -0.0677
v -0.6990 6.8678 -0.1660
v -0.7877 6.9722 0.0459
v -0.7405 6.9753 -0.0590
v -0.6834 6.9812 -0.1580
v -0.7210 7.0850 -0.0408
v -0.6672 7.0919 -0.1408
v -0.7645 7.0811 0.0655
v -0.8483 6.9678 0.2656
v -0.8239 6.9704 0.1548
v -0.7971 7.0783 0.1759
v -0.8186 7.0745 0.2879
v -0.6443 6.7594 -0.2597
v -0.5680 6.7667 -0.3440
v -0.6315 6.8753 -0.2578
v -0.5564 6.8845 -0.3414
v -0.4844 6.7743 -0.4186
v -0.3939 6.7811 -0.4815
v -0.4741 6.8941 -0.4150
v -0.3851 6.9029 -0.4768
v -0.5443 7.0010 -0.3325
v -0.4638 7.0126 -0.4050
v -0.3768 7.0233 -0.4655
v -0.4553 7.1281 -0.3866
v -0.3708 7.1407 -0.4458
v -0.5334 7.1147 -0.3151
v -0.6176 6.9900 -0.2497
v -0.6043 7.1020 -0.2327
v -0.2976 6.7868 -0.5310
v -0.1969 6.7915 -0.5660
v -0.2905 6.9104 -0.5251
v -0.1915 6.9168 -0.5590
v -0.0934 6.7958 -0.5863
v -0.0900 6.9226 -0.5784
v -0.1875 7.0407 -0.5452
v -0.0883 7.0481 -0.5636
v -0.0903 7.1705 -0.5406
v -0.1868 7.1614 -0.5232
v -0.2843 7.0327 -0.5125
v -0.2808 7.1517 -0.4916
v -0.5768 6.4667 1.0817
v -0.6198 6.5026 1.0667
v -0.6709 6.5364 1.0364
v -0.6074 6.6028 1.0966
v -0.6567 6.6368 1.0648
v -0.5626 6.5681 1.1128
v -0.7202 6.5691 0.9991
v -0.7661 6.6025 0.9518
v -0.7049 6.6705 1.0262
v -0.7492 6.7046 0.9770
v -0.6416 6.7361 1.0951
v -0.6873 6.7707 1.0551
v -0.7301 6.8054 1.0040
v -0.6672 6.8687 1.0865
v -0.7088 6.9039 1.0334
v -0.6224 6.8335 1.1279
v -0.5376 6.6677 1.1327
v -0.5948 6.7008 1.1256
v -0.5736 6.7996 1.1562
v -0.5058 6.7722 1.1541
v -0.8070 6.6349 0.8919
v -0.8419 6.6646 0.8206
v -0.7883 6.7377 0.9150
v -0.8213 6.7680 0.8410
v -0.8705 6.6901 0.7399
v -0.8930 6.7106 0.6515
v -0.8484 6.7943 0.7578
v -0.8697 6.8161 0.6671
v -0.7981 6.8697 0.8637
v -0.8231 6.8967 0.7786
v -0.8427 6.9197 0.6864
v -0.7958 6.9963 0.8034
v -0.8135 7.0202 0.7106
v -0.7730 6.9687 0.8894
v -0.7672 6.8390 0.9397
v -0.7443 6.9376 0.9669
v -0.9087 6.7260 0.5564
v -0.9157 6.7367 0.4560
v -0.8848 6.8332 0.5699
v -0.8919 6.8456 0.4674
v -0.9118 6.7430 0.3515
v -0.8890 6.8536 0.3608
v -0.8634 6.9526 0.4840
v -0.8611 6.9623 0.3760
v -0.8297 7.0675 0.3992
v -0.8317 7.0562 0.5076
v -0.8566 6.9384 0.5879
v -0.8258 7.0404 0.6118
v -0.7863 7.1763 0.3215
v -0.7677 7.1813 0.2092
v -0.7394 7.1851 0.0980
v -0.7385 7.2785 0.2536
v -0.7144 7.2831 0.1424
v -0.7546 7.2727 0.3648
v -0.7006 7.1900 -0.0096
v -0.6515 7.1980 -0.1108
v -0.6810 7.2890 0.0342
v -0.6375 7.2980 -0.0682
v -0.6903 7.3745 0.1946
v -0.6622 7.3808 0.0868
v -0.6248 7.3904 -0.0157
v -0.6425 7.4645 0.1445
v -0.6113 7.4737 0.0434
v -0.6658 7.4588 0.2498
v -0.7250 7.3636 0.4130
v -0.7108 7.3697 0.3042
v -0.6831 7.4545 0.3563
v -0.6954 7.4487 0.4615
v -0.5927 7.2095 -0.2035
v -0.5254 7.2237 -0.2860
v -0.5841 7.3108 -0.1619
v -0.5215 7.3263 -0.2450
v -0.4506 7.2388 -0.3570
v -0.3692 7.2530 -0.4153
v -0.4508 7.3428 -0.3160
v -0.3733 7.3585 -0.3739
v -0.5207 7.4202 -0.1936
v -0.4553 7.4378 -0.2651
v -0.3826 7.4546 -0.3231
v -0.4620 7.5213 -0.2056
v -0.3955 7.5388 -0.2643
v -0.5209 7.5034 -0.1338
v -0.5776 7.4038 -0.1100
v -0.5709 7.4870 -0.0502
v -0.2825 7.2656 -0.4600
v -0.1917 7.2769 -0.4906
v -0.2904 7.3725 -0.4179
v -0.2035 7.3852 -0.4476
v -0.0985 7.2878 -0.5070
v -0.1143 7.3976 -0.4629
v -0.2218 7.4837 -0.3959
v -0.1372 7.4971 -0.4096
v -0.1665 7.5833 -0.3491
v -0.2457 7.5695 -0.3369
v -0.3042 7.4698 -0.3670
v -0.3228 7.5549 -0.3084
v -0.4839 6.8683 1.2043
v -0.5470 6.8940 1.1957
v -0.5985 6.9278 1.1628
v -0.5205 6.9823 1.2312
v -0.5720 7.0181 1.1969
v -0.4660 6.9524 1.2458
v -0.6448 6.9635 1.1198
v -0.6860 6.9988 1.0650
v -0.6194 7.0542 1.1534
v -0.6612 7.0898 1.0982
v -0.5391 7.1033 1.2269
v -0.5889 7.1402 1.1844
v -0.6330 7.1761 1.1302
v -0.5537 7.2210 1.2084
v -0.6005 7.2576 1.1565
v -0.5010 7.1832 1.2485
v -0.4256 7.0297 1.2703
v -0.4845 7.0654 1.2593
v -0.4438 7.1442 1.2773
v -0.3827 7.1063 1.2820
v -0.7202 7.0327 0.9975
v -0.7470 7.0638 0.9194
v -0.6952 7.1236 1.0307
v -0.7212 7.1548 0.9528
v -0.7677 7.0918 0.8334
v -0.7833 7.1166 0.7411
v -0.7403 7.1832 0.8675
v -0.7540 7.2087 0.7765
v -0.6946 7.2414 0.9867
v -0.7129 7.2701 0.9026
v -0.7253 7.2963 0.8134
v -0.6825 7.3519 0.9346
v -0.6942 7.3785 0.8477
v -0.6647 7.3231 1.0168
v -0.6684 7.2101 1.0636
v -0.6378 7.2917 1.0919
v -0.7937 7.1380 0.6431
v -0.7984 7.1553 0.5400
v -0.7628 7.2311 0.6804
v -0.7662 7.2496 0.5794
v -0.7962 7.1680 0.4324
v -0.7637 7.2634 0.4739
v -0.7359 7.3391 0.6216
v -0.7333 7.3538 0.5192
v -0.7026 7.4386 0.5639
v -0.7046 7.4231 0.6625
v -0.7331 7.3196 0.7197
v -0.7015 7.4027 0.7570
v -0.6520 7.5325 0.4072
v -0.6380 7.5356 0.3054
v -0.6148 7.6035 0.4554
v -0.6044 7.6055 0.3595
v -0.6220 7.5984 0.5501
v -0.6621 7.5271 0.5076
v -0.6193 7.5399 0.2043
v -0.5945 7.5477 0.1067
v -0.5904 7.6078 0.2642
v -0.5718 7.6135 0.1715
v -0.5626 7.6676 0.4089
v -0.5531 7.6683 0.3200
v -0.5401 7.6714 0.2332
v -0.5061 7.7191 0.3660
v -0.4976 7.7193 0.2854
v -0.5117 7.7189 0.4484
v -0.5732 7.6609 0.5863
v -0.5693 7.6662 0.4982
v -0.5151 7.7171 0.5308
v -0.5165 7.7111 0.6122
v -0.5615 7.5599 0.0153
v -0.5195 7.5755 -0.0672
v -0.5465 7.6237 0.0839
v -0.5134 7.6375 0.0040
v -0.4688 7.5928 -0.1389
v -0.4101 7.6101 -0.1982
v -0.4722 7.6530 -0.0665
v -0.4233 7.6690 -0.1257
v -0.4974 7.6892 0.0750
v -0.4663 7.7018 0.0076
v -0.4282 7.7151 -0.0500
v -0.4460 7.7364 0.0760
v -0.4182 7.7460 0.0220
v -0.4680 7.7279 0.1387
v -0.5220 7.6785 0.1508
v -0.4851 7.7219 0.2089
v -0.3448 7.6264 -0.2432
v -0.2745 7.6415 -0.2720
v -0.3673 7.6847 -0.1714
v -0.3058 7.7000 -0.2010
v -0.2016 7.6557 -0.2834
v -0.2412 7.7148 -0.2127
v -0.2780 7.7581 -0.1377
v -0.3007 7.7807 -0.0636
v -0.3321 7.7434 -0.1253
v -0.3436 7.7682 -0.0504
v -0.3831 7.7290 -0.0954
v -0.3838 7.7566 -0.0212
v -0.4061 7.2190 1.2866
v -0.4636 7.2590 1.2606
v -0.3784 7.2907 1.2895
v -0.4317 7.3326 1.2657
v -0.3168 7.2449 1.2820
v -0.3448 7.1793 1.2867
v -0.5168 7.2976 1.2233
v -0.5643 7.3343 1.1743
v -0.4810 7.3711 1.2301
v -0.5254 7.4069 1.1832
v -0.4032 7.4013 1.2669
v -0.4453 7.4390 1.2304
v -0.4839 7.4729 1.1835
v -0.4068 7.4941 1.2248
v -0.4393 7.5268 1.1756
v -0.3720 7.4563 1.2644
v -0.2955 7.3063 1.2736
v -0.3571 7.3584 1.2900
v -0.3330 7.4133 1.2889
v -0.2759 7.3609 1.2663
v -0.6021 7.3683 1.1124
v -0.6287 7.3992 1.0397
v -0.5609 7.4395 1.1236
v -0.5856 7.4692 1.0536
v -0.6459 7.4277 0.9601
v -0.6569 7.4545 0.8763
v -0.6014 7.4969 0.9773
v -0.6117 7.5235 0.8977
v -0.5362 7.5313 1.0577
v -0.5499 7.5579 0.9854
v -0.5590 7.5842 0.9105
v -0.4937 7.6077 0.9839
v -0.5012 7.6337 0.9139
v -0.4827 7.5820 1.0521
v -0.5148 7.5034 1.1251
v -0.4651 7.5556 1.1169
v -0.6642 7.4792 0.7895
v -0.6681 7.5006 0.6993
v -0.6190 7.5486 0.8157
v -0.6238 7.5707 0.7307
v -0.6676 7.5168 0.6053
v -0.6251 7.5877 0.6421
v -0.5713 7.6321 0.7545
v -0.5740 7.6497 0.6720
v -0.5157 7.6992 0.6915
v -0.5124 7.6817 0.7683
v -0.5660 7.6095 0.8338
v -0.5073 7.6592 0.8422
v -0.4543 7.7573 0.4751
v -0.4555 7.7541 0.5510
v -0.3948 7.7803 0.5616
v -0.3949 7.7852 0.4917
v -0.4554 7.7472 0.6262
v -0.3936 7.7730 0.6313
v -0.4463 7.7555 0.3250
v -0.4514 7.7580 0.3992
v -0.3939 7.7871 0.4221
v -0.3913 7.7821 0.3545
v -0.3364 7.7989 0.3759
v -0.3370 7.8059 0.4367
v -0.3369 7.8026 0.4998
v -0.3359 7.7963 0.5642
v -0.3339 7.7897 0.6292
v -0.4270 7.7526 0.1908
v -0.4383 7.7525 0.2549
v -0.3869 7.7730 0.2906
v -0.3803 7.7667 0.2328
v -0.3932 7.7615 0.0847
v -0.4123 7.7562 0.1339
v -0.3714 7.7651 0.1819
v -0.3591 7.7661 0.1381
v -0.3205 7.7608 0.1821
v -0.3278 7.7640 0.2208
v -0.3324 7.7710 0.2663
v -0.3351 7.7839 0.3184
v -0.3380 7.7755 0.0172
v -0.3682 7.7680 0.0449
v -0.3421 7.7683 0.1025
v -0.3211 7.7711 0.0763
v -0.3059 7.7836 0.0030
v -0.2991 7.7744 0.0606
v -0.2842 7.7559 0.1078
v -0.2971 7.7572 0.1255
v -0.3101 7.7589 0.1503
v -0.2719 7.4802 1.2696
v -0.3039 7.4516 1.2831
v -0.2583 7.4025 1.2577
v -0.2420 7.4289 1.2505
v -0.3363 7.4946 1.2587
v -0.2987 7.5251 1.2485
v -0.3230 7.5587 1.2003
v -0.3652 7.5322 1.2142
v -0.3930 7.5654 1.1610
v -0.3470 7.5918 1.1426
v -0.3032 7.6070 1.1215
v -0.2821 7.5712 1.1828
v -0.2628 7.5345 1.2342
v -0.2449 7.4850 1.2530
v -0.2323 7.4426 1.2440
v -0.3645 7.6209 1.0812
v -0.4142 7.5939 1.1012
v -0.4280 7.6197 1.0386
v -0.3748 7.6469 1.0206
v -0.3803 7.6724 0.9600
v -0.4363 7.6450 0.9743
v -0.4418 7.6710 0.9085
v -0.3837 7.6986 0.8977
v -0.3284 7.7171 0.8831
v -0.3277 7.6907 0.9425
v -0.3248 7.6647 0.9999
v -0.3177 7.6378 1.0588
v -0.3889 7.7442 0.7675
v -0.4507 7.7180 0.7715
v -0.4464 7.6963 0.8410
v -0.3860 7.7234 0.8335
v -0.4538 7.7349 0.6998
v -0.3919 7.7605 0.6999
v -0.3319 7.7778 0.6938
v -0.3287 7.7613 0.7581
v -0.3273 7.7413 0.8215
v -0.3683 7.7332 0.1698
v -0.3728 7.7255 0.1485
v -0.3730 7.7191 0.1313
v -0.3243 7.7557 0.7851
v -0.3231 7.7707 0.7177
v -0.3232 7.7841 0.6511
v -0.3620 7.7416 0.1931
v -0.2731 7.6034 1.0989
v -0.2982 7.6483 1.0352
v -0.3359 7.7714 0.2812
v -0.3449 7.7605 0.2480
v -0.3541 7.7507 0.2189
v -0.3223 7.7699 0.0861
v -0.3562 7.7415 0.1197
v -0.3281 7.7831 0.3193
v -0.2968 7.7927 0.3897
v -0.2959 7.8004 0.4427
v -0.2951 7.7972 0.4989
v -0.2937 7.7907 0.5588
v -0.2914 7.7845 0.6206
v -0.2558 7.5637 1.1604
v -0.2888 7.7168 0.8659
v -0.2413 7.5173 1.2122
v -0.2297 7.4646 1.2356
v -0.2898 7.6907 0.9232
v -0.2263 7.4476 1.2365
v -0.2890 7.6641 0.9790
v 0.5979 6.4522 0.9328
v 0.6062 6.5382 0.9550
v 0.6007 6.6525 0.9940
v 0.5788 6.7596 1.0371
v 0.5486 6.8611 1.0865
v 0.5107 6.9579 1.1441
v 0.4587 7.0530 1.1993
v 0.3974 7.1489 1.2389
v 0.3304 7.2427 1.2603
v 0.2585 7.3309 1.2710
v 0.1764 7.4015 1.2739
v 0.0859 7.4466 1.2719
v -0.0009 7.4719 1.2667
v -0.3087 7.7686 0.5211
v -0.3108 7.7609 0.5810
v -0.3110 7.7709 0.4646
v -0.3142 7.7671 0.4123
v -0.3135 7.7587 0.3646
v -0.2942 7.7462 0.3509
v -0.2967 7.7295 0.3029
v -0.2972 7.7175 0.2581
v -0.2958 7.7104 0.2194
v -0.2931 7.7056 0.1873
v -0.2891 7.7017 0.1601
v -0.2852 7.6993 0.1371
v -0.2891 7.7198 0.0913
v -0.2850 7.7028 0.1174
v -0.2860 7.7389 0.0595
v -0.2833 7.7514 0.0415
v -0.0816 7.4788 1.2543
v -0.1430 7.4649 1.2513
v -0.1940 7.4404 1.2515
v -0.2456 7.4739 1.2028
v -0.2325 7.4383 1.2364
v -0.2556 7.5127 1.1570
v -0.2748 7.5863 1.0664
v -0.2654 7.5501 1.1131
v -0.2773 7.6108 1.0192
v -0.2931 7.6519 0.9597
v -0.3016 7.6795 0.9004
v -0.3056 7.7029 0.8379
v -0.2764 7.7121 0.7935
v -0.2770 7.7286 0.7344
v -0.2794 7.7427 0.6735
v -0.5746 6.4986 1.0786
v -0.5605 6.5784 1.1036
v -0.5288 6.6773 1.1274
v -0.4972 6.7730 1.1496
v -0.4809 6.8638 1.1943
v -0.4650 6.9525 1.2331
v -0.4236 7.0337 1.2586
v -0.3801 7.1092 1.2725
v -0.3076 7.2445 1.2773
v -0.3411 7.1805 1.2787
v -0.2805 7.3018 1.2720
v -0.2601 7.3506 1.2656
v -0.2470 7.3863 1.2576
v -0.2372 7.4070 1.2531
v -0.2314 7.4191 1.2501
v -0.3449 7.7057 0.1729
v -0.3480 7.6994 0.1526
v -0.3467 7.6981 0.1348
v -0.3089 7.7217 0.7734
v -0.3091 7.7366 0.7082
v -0.3088 7.7495 0.6437
v -0.3403 7.7126 0.1954
v -0.2699 7.5781 1.0800
v -0.2840 7.6205 1.0153
v -0.3213 7.7379 0.2835
v -0.3273 7.7285 0.2500
v -0.3340 7.7202 0.2208
v -0.3048 7.7406 0.0873
v -0.3300 7.7167 0.1197
v -0.3162 7.7482 0.3216
v -0.2910 7.7617 0.3984
v -0.2884 7.7687 0.4451
v -0.2863 7.7664 0.4958
v -0.2839 7.7605 0.5529
v -0.2813 7.7538 0.6129
v -0.2587 7.5398 1.1391
v -0.2783 7.6909 0.8506
v -0.2503 7.4939 1.1930
v -0.2413 7.4441 1.2311
v -0.2797 7.6656 0.9064
v -0.2324 7.4295 1.2445
v -0.2800 7.6390 0.9617
vt 0.3625 0.0038
vt 0.3625 0.0389
vt 0.3388 0.0389
vt 0.3387 0.0038
vt 0.3626 0.0739
vt 0.3389 0.0739
vt 0.2966 0.0389
vt 0.2967 0.0739
vt 0.2730 0.0739
vt 0.2729 0.0389
vt 0.2966 0.0038
vt 0.2729 0.0038
vt 0.3626 0.1090
vt 0.3390 0.1090
vt 0.3627 0.1441
vt 0.3391 0.1441
vt 0.2967 0.1090
vt 0.2967 0.1441
vt 0.2731 0.1441
vt 0.2730 0.1090
vt 0.4099 0.0739
vt 0.4099 0.1090
vt 0.3863 0.1090
vt 0.3863 0.0739
vt 0.4100 0.1441
vt 0.3863 0.1441
vt 0.3328 0.1090
vt 0.3328 0.1441
vt 0.3092 0.1441
vt 0.3091 0.1090
vt 0.3328 0.0739
vt 0.3091 0.0739
vt 0.4099 0.0038
vt 0.4099 0.0389
vt 0.3862 0.0389
vt 0.3862 0.0038
vt 0.3328 0.0389
vt 0.3091 0.0389
vt 0.3328 0.0038
vt 0.3091 0.0038
vt 0.4573 0.0038
vt 0.4573 0.0389
vt 0.4336 0.0389
vt 0.4336 0.0038
vt 0.4573 0.0739
vt 0.4336 0.0739
vt 0.4809 0.0389
vt 0.4809 0.0739
vt 0.4809 0.0038
vt 0.4573 0.1090
vt 0.4336 0.1090
vt 0.4573 0.1441
vt 0.4336 0.1441
vt 0.4809 0.1090
vt 0.4809 0.1441
vt 0.5046 0.0739
vt 0.5046 0.1090
vt 0.5046 0.1441
vt 0.5283 0.1090
vt 0.5283 0.1441
vt 0.5283 0.0739
vt 0.5046 0.0038
vt 0.5046 0.0389
vt 0.5283 0.0389
vt 0.5283 0.0038
vt 0.5519 0.0038
vt 0.5519 0.0389
vt 0.5519 0.0739
vt 0.5322 0.0389
vt 0.5322 0.0739
vt 0.5085 0.0739
vt 0.5085 0.0389
vt 0.5322 0.0038
vt 0.5085 0.0038
vt 0.5519 0.1090
vt 0.5519 0.1441
vt 0.5322 0.1090
vt 0.5322 0.1441
vt 0.5085 0.1441
vt 0.5085 0.1090
vt 0.5377 0.0739
vt 0.5377 0.1090
vt 0.5140 0.1090
vt 0.5140 0.0739
vt 0.5377 0.1441
vt 0.5140 0.1441
vt 0.5627 0.1090
vt 0.5627 0.1441
vt 0.5391 0.1441
vt 0.5391 0.1090
vt 0.5391 0.0739
vt 0.5627 0.0739
vt 0.5377 0.0038
vt 0.5377 0.0389
vt 0.5140 0.0389
vt 0.5140 0.0038
vt 0.5627 0.0389
vt 0.5391 0.0389
vt 0.5627 0.0038
vt 0.5391 0.0038
vt 0.0786 0.0389
vt 0.0549 0.0389
vt 0.0549 0.0038
vt 0.0786 0.0038
vt 0.0786 0.0739
vt 0.0549 0.0739
vt 0.1023 0.0389
vt 0.1023 0.0739
vt 0.1023 0.0038
vt 0.0786 0.1090
vt 0.0549 0.1090
vt 0.0786 0.1441
vt 0.0549 0.1441
vt 0.1023 0.1090
vt 0.1023 0.1441
vt 0.1259 0.0739
vt 0.1259 0.1090
vt 0.1259 0.1441
vt 0.1496 0.1090
vt 0.1496 0.1441
vt 0.1496 0.0739
vt 0.1259 0.0038
vt 0.1259 0.0389
vt 0.1496 0.0389
vt 0.1496 0.0038
vt 0.1733 0.0038
vt 0.1733 0.0389
vt 0.1733 0.0739
vt 0.1969 0.0389
vt 0.1969 0.0739
vt 0.1969 0.0038
vt 0.1733 0.1090
vt 0.1733 0.1441
vt 0.1969 0.1090
vt 0.1969 0.1441
vt 0.2206 0.0739
vt 0.2206 0.1090
vt 0.2206 0.1441
vt 0.2443 0.1090
vt 0.2443 0.1441
vt 0.2443 0.0739
vt 0.2206 0.0038
vt 0.2206 0.0389
vt 0.2443 0.0389
vt 0.2443 0.0038
vt 0.2679 0.0038
vt 0.2679 0.0389
vt 0.2679 0.0739
vt 0.2915 0.0389
vt 0.2916 0.0739
vt 0.2915 0.0038
vt 0.2679 0.1090
vt 0.2680 0.1441
vt 0.2916 0.1090
vt 0.2917 0.1441
vt 0.3153 0.0739
vt 0.3153 0.1090
vt 0.3154 0.1441
vt 0.3151 0.0038
vt 0.3152 0.0389
vt 0.2967 0.1792
vt 0.2731 0.1792
vt 0.3627 0.1792
vt 0.3391 0.1792
vt 0.3627 0.2142
vt 0.3391 0.2142
vt 0.2967 0.2142
vt 0.2731 0.2142
vt 0.3627 0.2493
vt 0.3391 0.2493
vt 0.3627 0.2844
vt 0.3391 0.2844
vt 0.2968 0.2493
vt 0.2968 0.2844
vt 0.2731 0.2844
vt 0.2731 0.2493
vt 0.4100 0.2493
vt 0.3864 0.2493
vt 0.3863 0.2142
vt 0.4100 0.2142
vt 0.4100 0.2844
vt 0.3864 0.2844
vt 0.3328 0.2493
vt 0.3328 0.2844
vt 0.3092 0.2844
vt 0.3092 0.2493
vt 0.3328 0.2142
vt 0.3092 0.2142
vt 0.4100 0.1792
vt 0.3863 0.1792
vt 0.3328 0.1792
vt 0.3092 0.1792
vt 0.4573 0.1792
vt 0.4336 0.1792
vt 0.4573 0.2142
vt 0.4336 0.2142
vt 0.4809 0.1792
vt 0.4809 0.2142
vt 0.4573 0.2493
vt 0.4336 0.2493
vt 0.4573 0.2844
vt 0.4336 0.2844
vt 0.4809 0.2493
vt 0.4809 0.2844
vt 0.5046 0.2142
vt 0.5046 0.2493
vt 0.5046 0.2844
vt 0.5283 0.2493
vt 0.5283 0.2844
vt 0.5283 0.2142
vt 0.5283 0.1792
vt 0.5046 0.1792
vt 0.5519 0.1792
vt 0.5519 0.2142
vt 0.5322 0.1792
vt 0.5322 0.2142
vt 0.5085 0.2142
vt 0.5085 0.1792
vt 0.5519 0.2493
vt 0.5519 0.2844
vt 0.5322 0.2493
vt 0.5322 0.2844
vt 0.5085 0.2844
vt 0.5085 0.2493
vt 0.5377 0.2142
vt 0.5377 0.2493
vt 0.5140 0.2493
vt 0.5140 0.2142
vt 0.5377 0.2844
vt 0.5140 0.2844
vt 0.5627 0.2493
vt 0.5627 0.2844
vt 0.5391 0.2844
vt 0.5391 0.2493
vt 0.5391 0.2142
vt 0.5627 0.2142
vt 0.5627 0.1792
vt 0.5391 0.1792
vt 0.5377 0.1792
vt 0.5140 0.1792
vt 0.0786 0.1792
vt 0.0549 0.1792
vt 0.0786 0.2142
vt 0.0549 0.2142
vt 0.1023 0.1792
vt 0.1023 0.2142
vt 0.0786 0.2493
vt 0.0549 0.2493
vt 0.0786 0.2844
vt 0.0549 0.2844
vt 0.1023 0.2493
vt 0.1023 0.2844
vt 0.1259 0.2142
vt 0.1259 0.2493
vt 0.1259 0.2844
vt 0.1496 0.2493
vt 0.1496 0.2844
vt 0.1496 0.2142
vt 0.1259 0.1792
vt 0.1496 0.1792
vt 0.1733 0.1792
vt 0.1733 0.2142
vt 0.1969 0.1792
vt 0.1969 0.2142
vt 0.1733 0.2493
vt 0.1733 0.2844
vt 0.1969 0.2493
vt 0.1969 0.2844
vt 0.2206 0.2142
vt 0.2206 0.2493
vt 0.2206 0.2844
vt 0.2443 0.2493
vt 0.2443 0.2844
vt 0.2443 0.2142
vt 0.2206 0.1792
vt 0.2443 0.1792
vt 0.2680 0.1792
vt 0.2680 0.2142
vt 0.2917 0.1792
vt 0.2917 0.2142
vt 0.2680 0.2493
vt 0.2680 0.2844
vt 0.2917 0.2493
vt 0.2917 0.2844
vt 0.3154 0.2142
vt 0.3154 0.2493
vt 0.3154 0.2844
vt 0.3154 0.1792
vt 0.3627 0.3195
vt 0.3391 0.3195
vt 0.3627 0.3545
vt 0.3391 0.3545
vt 0.2967 0.3195
vt 0.2967 0.3545
vt 0.2731 0.3545
vt 0.2731 0.3195
vt 0.3627 0.3896
vt 0.3391 0.3896
vt 0.3627 0.4247
vt 0.3391 0.4247
vt 0.2967 0.3896
vt 0.2967 0.4247
vt 0.2731 0.4247
vt 0.2731 0.3896
vt 0.4100 0.3545
vt 0.4100 0.3896
vt 0.3863 0.3896
vt 0.3863 0.3545
vt 0.4100 0.4247
vt 0.3863 0.4247
vt 0.3328 0.3896
vt 0.3328 0.4247
vt 0.3092 0.4247
vt 0.3092 0.3896
vt 0.3092 0.3545
vt 0.3328 0.3545
vt 0.4100 0.3195
vt 0.3863 0.3195
vt 0.3328 0.3195
vt 0.3092 0.3195
vt 0.4573 0.3195
vt 0.4336 0.3195
vt 0.4573 0.3545
vt 0.4336 0.3545
vt 0.4809 0.3195
vt 0.4809 0.3545
vt 0.4573 0.3896
vt 0.4336 0.3896
vt 0.4573 0.4247
vt 0.4336 0.4247
vt 0.4809 0.3896
vt 0.4809 0.4247
vt 0.5046 0.3545
vt 0.5046 0.3896
vt 0.5046 0.4247
vt 0.5283 0.3896
vt 0.5283 0.4247
vt 0.5283 0.3545
vt 0.5046 0.3195
vt 0.5283 0.3195
vt 0.5519 0.3195
vt 0.5519 0.3545
vt 0.5322 0.3195
vt 0.5322 0.3545
vt 0.5085 0.3545
vt 0.5085 0.3195
vt 0.5519 0.3896
vt 0.5519 0.4247
vt 0.5322 0.3896
vt 0.5322 0.4247
vt 0.5085 0.4247
vt 0.5085 0.3896
vt 0.5377 0.3545
vt 0.5377 0.3896
vt 0.5140 0.3896
vt 0.5140 0.3545
vt 0.5377 0.4247
vt 0.5140 0.4247
vt 0.5627 0.3896
vt 0.5627 0.4247
vt 0.5391 0.4247
vt 0.5391 0.3896
vt 0.5391 0.3545
vt 0.5627 0.3545
vt 0.5377 0.3195
vt 0.5140 0.3195
vt 0.5627 0.3195
vt 0.5391 0.3195
vt 0.0786 0.3195
vt 0.0549 0.3195
vt 0.0786 0.3545
vt 0.0549 0.3545
vt 0.1023 0.3195
vt 0.1023 0.3545
vt 0.0786 0.3896
vt 0.0549 0.3896
vt 0.0786 0.4247
vt 0.0549 0.4247
vt 0.1023 0.3896
vt 0.1023 0.4247
vt 0.1259 0.3545
vt 0.1259 0.3896
vt 0.1259 0.4247
vt 0.1496 0.3896
vt 0.1496 0.4247
vt 0.1496 0.3545
vt 0.1259 0.3195
vt 0.1496 0.3195
vt 0.1733 0.3195
vt 0.1733 0.3545
vt 0.1969 0.3195
vt 0.1969 0.3545
vt 0.1733 0.3896
vt 0.1733 0.4247
vt 0.1969 0.3896
vt 0.1969 0.4247
vt 0.2206 0.3545
vt 0.2206 0.3896
vt 0.2206 0.4247
vt 0.2443 0.3896
vt 0.2443 0.4247
vt 0.2443 0.3545
vt 0.2206 0.3195
vt 0.2443 0.3195
vt 0.2917 0.3195
vt 0.2680 0.3195
vt 0.2680 0.3545
vt 0.2917 0.3545
vt 0.2680 0.3896
vt 0.2680 0.4247
vt 0.2917 0.3896
vt 0.2917 0.4247
vt 0.3154 0.3896
vt 0.3154 0.3545
vt 0.3154 0.4247
vt 0.3154 0.3195
vt 0.3627 0.4598
vt 0.3391 0.4598
vt 0.3627 0.4948
vt 0.3391 0.4948
vt 0.2967 0.4598
vt 0.2967 0.4948
vt 0.2731 0.4948
vt 0.2731 0.4598
vt 0.3627 0.5299
vt 0.3391 0.5299
vt 0.3627 0.5650
vt 0.3391 0.5650
vt 0.2967 0.5299
vt 0.2967 0.5650
vt 0.2731 0.5650
vt 0.2731 0.5299
vt 0.4100 0.4948
vt 0.4100 0.5299
vt 0.3863 0.5299
vt 0.3863 0.4948
vt 0.4100 0.5650
vt 0.3863 0.5650
vt 0.3328 0.5299
vt 0.3328 0.5650
vt 0.3092 0.5650
vt 0.3092 0.5299
vt 0.3328 0.4948
vt 0.3092 0.4948
vt 0.3328 0.4598
vt 0.3092 0.4598
vt 0.4100 0.4598
vt 0.3863 0.4598
vt 0.4573 0.4598
vt 0.4336 0.4598
vt 0.4573 0.4948
vt 0.4336 0.4948
vt 0.4809 0.4598
vt 0.4809 0.4948
vt 0.4573 0.5299
vt 0.4336 0.5299
vt 0.4573 0.5650
vt 0.4336 0.5650
vt 0.4809 0.5299
vt 0.4809 0.5650
vt 0.5046 0.4948
vt 0.5046 0.5299
vt 0.5046 0.5650
vt 0.5283 0.5299
vt 0.5283 0.5650
vt 0.5283 0.4948
vt 0.5283 0.4598
vt 0.5046 0.4598
vt 0.5519 0.4598
vt 0.5519 0.4948
vt 0.5322 0.4598
vt 0.5322 0.4948
vt 0.5085 0.4948
vt 0.5085 0.4598
vt 0.5519 0.5299
vt 0.5519 0.5650
vt 0.5322 0.5299
vt 0.5322 0.5650
vt 0.5085 0.5650
vt 0.5085 0.5299
vt 0.5377 0.4948
vt 0.5377 0.5299
vt 0.5140 0.5299
vt 0.5140 0.4948
vt 0.5377 0.5650
vt 0.5140 0.5650
vt 0.5627 0.5299
vt 0.5627 0.5650
vt 0.5391 0.5650
vt 0.5391 0.5299
vt 0.5391 0.4948
vt 0.5627 0.4948
vt 0.5627 0.4598
vt 0.5391 0.4598
vt 0.5377 0.4598
vt 0.5140 0.4598
vt 0.0786 0.4598
vt 0.0549 0.4598
vt 0.0786 0.4948
vt 0.0549 0.4948
vt 0.1023 0.4598
vt 0.1023 0.4948
vt 0.0786 0.5299
vt 0.0549 0.5299
vt 0.0786 0.5650
vt 0.0549 0.5650
vt 0.1023 0.5299
vt 0.1023 0.5650
vt 0.1259 0.4948
vt 0.1259 0.5299
vt 0.1259 0.5650
vt 0.1496 0.5299
vt 0.1496 0.5650
vt 0.1496 0.4948
vt 0.1259 0.4598
vt 0.1496 0.4598
vt 0.1733 0.4598
vt 0.1733 0.4948
vt 0.1969 0.4598
vt 0.1969 0.4948
vt 0.1733 0.5299
vt 0.1733 0.5650
vt 0.1969 0.5299
vt 0.1969 0.5650
vt 0.2206 0.4948
vt 0.2206 0.5299
vt 0.2206 0.5650
vt 0.2443 0.5299
vt 0.2443 0.5650
vt 0.2443 0.4948
vt 0.2206 0.4598
vt 0.2443 0.4598
vt 0.2917 0.4598
vt 0.2680 0.4598
vt 0.2680 0.4948
vt 0.2917 0.4948
vt 0.2680 0.5299
vt 0.2680 0.5650
vt 0.2917 0.5650
vt 0.2917 0.5299
vt 0.3154 0.4948
vt 0.3154 0.5299
vt 0.3154 0.5650
vt 0.3154 0.4598
vt 0.3627 0.6001
vt 0.3391 0.6001
vt 0.3627 0.6351
vt 0.3391 0.6351
vt 0.2967 0.6001
vt 0.2967 0.6351
vt 0.2731 0.6351
vt 0.2731 0.6001
vt 0.3627 0.6702
vt 0.3391 0.6702
vt 0.3627 0.7053
vt 0.3391 0.7053
vt 0.2967 0.6702
vt 0.2967 0.7053
vt 0.2731 0.7053
vt 0.2731 0.6702
vt 0.4100 0.6351
vt 0.4100 0.6702
vt 0.3863 0.6702
vt 0.3863 0.6351
vt 0.4100 0.7053
vt 0.3863 0.7053
vt 0.3328 0.6702
vt 0.3328 0.7053
vt 0.3092 0.7053
vt 0.3092 0.6702
vt 0.3328 0.6351
vt 0.3092 0.6351
vt 0.4100 0.6001
vt 0.3863 0.6001
vt 0.3328 0.6001
vt 0.3092 0.6001
vt 0.4573 0.6001
vt 0.4336 0.6001
vt 0.4573 0.6351
vt 0.4336 0.6351
vt 0.4809 0.6001
vt 0.4809 0.6351
vt 0.4573 0.6702
vt 0.4336 0.6702
vt 0.4573 0.7053
vt 0.4336 0.7053
vt 0.4809 0.6702
vt 0.4809 0.7053
vt 0.5046 0.6351
vt 0.5046 0.6702
vt 0.5046 0.7053
vt 0.5283 0.6702
vt 0.5283 0.7053
vt 0.5283 0.6351
vt 0.5046 0.6001
vt 0.5283 0.6001
vt 0.5322 0.6001
vt 0.5085 0.6001
vt 0.5519 0.6001
vt 0.5519 0.6351
vt 0.5322 0.6351
vt 0.5085 0.6351
vt 0.5519 0.6702
vt 0.5519 0.7053
vt 0.5322 0.6702
vt 0.5322 0.7053
vt 0.5085 0.7053
vt 0.5085 0.6702
vt 0.5377 0.6702
vt 0.5140 0.6702
vt 0.5140 0.6351
vt 0.5377 0.6351
vt 0.5377 0.7053
vt 0.5140 0.7053
vt 0.5627 0.7053
vt 0.5391 0.7053
vt 0.5391 0.6702
vt 0.5627 0.6702
vt 0.5627 0.6351
vt 0.5391 0.6351
vt 0.5377 0.6001
vt 0.5140 0.6001
vt 0.5627 0.6001
vt 0.5391 0.6001
vt 0.0786 0.6001
vt 0.0549 0.6001
vt 0.0786 0.6351
vt 0.0549 0.6351
vt 0.1023 0.6001
vt 0.1023 0.6351
vt 0.0786 0.6702
vt 0.0549 0.6702
vt 0.0786 0.7053
vt 0.0549 0.7053
vt 0.1023 0.6702
vt 0.1023 0.7053
vt 0.1259 0.6351
vt 0.1259 0.6702
vt 0.1259 0.7053
vt 0.1496 0.6702
vt 0.1496 0.7053
vt 0.1496 0.6351
vt 0.1259 0.6001
vt 0.1496 0.6001
vt 0.1733 0.6001
vt 0.1733 0.6351
vt 0.1969 0.6001
vt 0.1969 0.6351
vt 0.1733 0.6702
vt 0.1733 0.7053
vt 0.1969 0.6702
vt 0.1969 0.7053
vt 0.2206 0.6351
vt 0.2206 0.6702
vt 0.2206 0.7053
vt 0.2443 0.6702
vt 0.2443 0.7053
vt 0.2443 0.6351
vt 0.2443 0.6001
vt 0.2206 0.6001
vt 0.2680 0.6001
vt 0.2680 0.6351
vt 0.2917 0.6351
vt 0.2917 0.6001
vt 0.2917 0.6702
vt 0.2680 0.6702
vt 0.2680 0.7053
vt 0.2917 0.7053
vt 0.3154 0.6702
vt 0.3154 0.6351
vt 0.3154 0.7053
vt 0.3154 0.6001
vt 0.2967 0.7405
vt 0.2731 0.7405
vt 0.3627 0.7405
vt 0.3391 0.7405
vt 0.3627 0.7754
vt 0.3391 0.7754
vt 0.2967 0.7754
vt 0.2731 0.7754
vt 0.3627 0.8105
vt 0.3391 0.8105
vt 0.3627 0.8456
vt 0.3391 0.8456
vt 0.2967 0.8105
vt 0.2967 0.8456
vt 0.2731 0.8456
vt 0.2731 0.8105
vt 0.4100 0.8105
vt 0.3863 0.8105
vt 0.3863 0.7754
vt 0.4100 0.7754
vt 0.4100 0.8456
vt 0.3863 0.8456
vt 0.3328 0.8105
vt 0.3328 0.8456
vt 0.3092 0.8456
vt 0.3092 0.8105
vt 0.3328 0.7754
vt 0.3092 0.7754
vt 0.4100 0.7405
vt 0.3863 0.7405
vt 0.3328 0.7405
vt 0.3092 0.7405
vt 0.4809 0.7405
vt 0.4573 0.7405
vt 0.4336 0.7405
vt 0.4573 0.7754
vt 0.4336 0.7754
vt 0.4809 0.7754
vt 0.4573 0.8105
vt 0.4336 0.8105
vt 0.4573 0.8456
vt 0.4336 0.8456
vt 0.4809 0.8105
vt 0.4809 0.8456
vt 0.5046 0.8105
vt 0.5046 0.7754
vt 0.5046 0.8456
vt 0.5283 0.8456
vt 0.5283 0.8105
vt 0.5283 0.7754
vt 0.5046 0.7405
vt 0.5283 0.7405
vt 0.5322 0.7405
vt 0.5085 0.7405
vt 0.5519 0.7405
vt 0.5519 0.7754
vt 0.5322 0.7754
vt 0.5085 0.7754
vt 0.5322 0.8105
vt 0.5085 0.8105
vt 0.5519 0.8105
vt 0.5519 0.8456
vt 0.5322 0.8456
vt 0.5085 0.8456
vt 0.5627 0.7754
vt 0.5627 0.8105
vt 0.5391 0.8105
vt 0.5391 0.7754
vt 0.5377 0.8105
vt 0.5140 0.8105
vt 0.5140 0.7754
vt 0.5377 0.7754
vt 0.5377 0.8456
vt 0.5140 0.8456
vt 0.5627 0.8456
vt 0.5391 0.8456
vt 0.5377 0.7405
vt 0.5140 0.7405
vt 0.5391 0.7405
vt 0.5627 0.7405
vt 0.1023 0.7405
vt 0.0786 0.7405
vt 0.0549 0.7405
vt 0.0786 0.7754
vt 0.0549 0.7754
vt 0.1023 0.7754
vt 0.0786 0.8105
vt 0.0549 0.8105
vt 0.0786 0.8456
vt 0.0549 0.8456
vt 0.1023 0.8105
vt 0.1023 0.8456
vt 0.1259 0.8105
vt 0.1259 0.7754
vt 0.1259 0.8456
vt 0.1496 0.8105
vt 0.1496 0.8456
vt 0.1496 0.7754
vt 0.1259 0.7405
vt 0.1496 0.7405
vt 0.1969 0.7405
vt 0.1733 0.7405
vt 0.1733 0.7754
vt 0.1969 0.7754
vt 0.1733 0.8105
vt 0.1733 0.8456
vt 0.1969 0.8105
vt 0.1969 0.8456
vt 0.2206 0.8105
vt 0.2206 0.7754
vt 0.2206 0.8456
vt 0.2443 0.8105
vt 0.2443 0.8456
vt 0.2443 0.7754
vt 0.2206 0.7405
vt 0.2443 0.7405
vt 0.2917 0.7405
vt 0.2680 0.7405
vt 0.2680 0.7754
vt 0.2917 0.7754
vt 0.2680 0.8105
vt 0.2680 0.8456
vt 0.2917 0.8105
vt 0.2917 0.8456
vt 0.3154 0.8105
vt 0.3154 0.7754
vt 0.3154 0.8456
vt 0.3154 0.7405
vt 0.2731 0.9154
vt 0.2731 0.8806
vt 0.2967 0.8806
vt 0.2967 0.9154
vt 0.3391 0.8805
vt 0.3627 0.8806
vt 0.3391 0.9154
vt 0.3627 0.9154
vt 0.3391 0.9504
vt 0.3627 0.9504
vt 0.3627 0.9854
vt 0.3391 0.9854
vt 0.2731 0.9854
vt 0.2731 0.9504
vt 0.2967 0.9504
vt 0.2967 0.9854
vt 0.3092 0.9854
vt 0.3092 0.9504
vt 0.3328 0.9505
vt 0.3328 0.9855
vt 0.3092 0.9156
vt 0.3328 0.9156
vt 0.3863 0.9504
vt 0.3863 0.9154
vt 0.4100 0.9156
vt 0.4100 0.9504
vt 0.4100 0.9854
vt 0.3863 0.9854
vt 0.3092 0.8806
vt 0.3328 0.8806
vt 0.3863 0.8806
vt 0.4100 0.8806
vt 0.4573 0.9156
vt 0.4573 0.8806
vt 0.4809 0.8806
vt 0.4809 0.9156
vt 0.4336 0.8806
vt 0.4336 0.9156
vt 0.4336 0.9505
vt 0.4573 0.9505
vt 0.4573 0.9855
vt 0.4336 0.9855
vt 0.4809 0.9507
vt 0.4809 0.9857
vt 0.5046 0.9858
vt 0.5046 0.9507
vt 0.5283 0.9508
vt 0.5283 0.9858
vt 0.5046 0.9157
vt 0.5283 0.9157
vt 0.5046 0.8806
vt 0.5283 0.8806
vt 0.5085 0.9159
vt 0.5085 0.8808
vt 0.5322 0.8808
vt 0.5322 0.9159
vt 0.5519 0.8808
vt 0.5519 0.9159
vt 0.5519 0.9510
vt 0.5519 0.9861
vt 0.5085 0.9861
vt 0.5085 0.9510
vt 0.5322 0.9511
vt 0.5322 0.9862
vt 0.5391 0.9864
vt 0.5391 0.9513
vt 0.5627 0.9514
vt 0.5627 0.9867
vt 0.5391 0.9160
vt 0.5627 0.9162
vt 0.5140 0.9511
vt 0.5140 0.9159
vt 0.5377 0.9160
vt 0.5377 0.9513
vt 0.5140 0.9862
vt 0.5377 0.9864
vt 0.5391 0.8808
vt 0.5627 0.8809
vt 0.5140 0.8808
vt 0.5377 0.8808
vt 0.0549 0.8806
vt 0.0786 0.8806
vt 0.0786 0.9157
vt 0.0549 0.9157
vt 0.1023 0.8806
vt 0.1023 0.9157
vt 0.0549 0.9507
vt 0.0786 0.9507
vt 0.0786 0.9858
vt 0.0549 0.9858
vt 0.1023 0.9508
vt 0.1023 0.9858
vt 0.1259 0.9508
vt 0.1496 0.9508
vt 0.1496 0.9858
vt 0.1259 0.9858
vt 0.1259 0.9157
vt 0.1496 0.9157
vt 0.1259 0.8806
vt 0.1496 0.8806
vt 0.1733 0.8806
vt 0.1733 0.9157
vt 0.1969 0.8806
vt 0.1969 0.9156
vt 0.1733 0.9507
vt 0.1733 0.9858
vt 0.1969 0.9507
vt 0.1969 0.9857
vt 0.2206 0.9855
vt 0.2206 0.9505
vt 0.2443 0.9505
vt 0.2443 0.9855
vt 0.2206 0.9156
vt 0.2443 0.9156
vt 0.2206 0.8806
vt 0.2443 0.8806
vt 0.2680 0.8806
vt 0.2917 0.8806
vt 0.2917 0.9154
vt 0.2680 0.9156
vt 0.2680 0.9505
vt 0.2680 0.9854
vt 0.2917 0.9504
vt 0.2917 0.9854
vt 0.3154 0.9854
vt 0.3154 0.9504
vt 0.3154 0.9154
vt 0.3154 0.8806
vt 0.3388 0.0389
vt 0.3625 0.0389
vt 0.3625 0.0038
vt 0.3387 0.0038
vt 0.3862 0.0389
vt 0.3862 0.0038
vt 0.3626 0.0739
vt 0.3863 0.0739
vt 0.3389 0.0739
vt 0.4099 0.0389
vt 0.4099 0.0038
vt 0.4336 0.0389
vt 0.4336 0.0038
vt 0.4099 0.0739
vt 0.4336 0.0739
vt 0.3863 0.1090
vt 0.4099 0.1090
vt 0.4336 0.1090
vt 0.4100 0.1441
vt 0.4336 0.1441
vt 0.3863 0.1441
vt 0.3390 0.1090
vt 0.3626 0.1090
vt 0.3627 0.1441
vt 0.3391 0.1441
vt 0.4573 0.0389
vt 0.4573 0.0038
vt 0.4809 0.0389
vt 0.4809 0.0038
vt 0.4573 0.0739
vt 0.4809 0.0739
vt 0.5046 0.0389
vt 0.5046 0.0038
vt 0.5283 0.0389
vt 0.5283 0.0038
vt 0.5046 0.0739
vt 0.5283 0.0739
vt 0.4809 0.1090
vt 0.5046 0.1090
vt 0.5283 0.1090
vt 0.5046 0.1441
vt 0.5283 0.1441
vt 0.4809 0.1441
vt 0.4573 0.1090
vt 0.4573 0.1441
vt 0.5519 0.0389
vt 0.5519 0.0038
vt 0.4189 0.0389
vt 0.4426 0.0389
vt 0.4426 0.0038
vt 0.4189 0.0038
vt 0.4189 0.0739
vt 0.4426 0.0739
vt 0.5519 0.0739
vt 0.4930 0.0389
vt 0.5167 0.0389
vt 0.5167 0.0038
vt 0.4930 0.0038
vt 0.5993 0.0389
vt 0.6229 0.0389
vt 0.6229 0.0038
vt 0.5993 0.0038
vt 0.5993 0.0739
vt 0.6229 0.0739
vt 0.4930 0.0739
vt 0.5167 0.0739
vt 0.4930 0.1090
vt 0.5167 0.1090
vt 0.5993 0.1090
vt 0.6229 0.1090
vt 0.5993 0.1441
vt 0.6229 0.1441
vt 0.4930 0.1441
vt 0.5167 0.1441
vt 0.5519 0.1090
vt 0.4189 0.1090
vt 0.4426 0.1090
vt 0.4189 0.1441
vt 0.4426 0.1441
vt 0.5519 0.1441
vt 0.0549 0.0038
vt 0.0549 0.0389
vt 0.0786 0.0389
vt 0.0786 0.0038
vt 0.1023 0.0389
vt 0.1023 0.0038
vt 0.0786 0.0739
vt 0.1023 0.0739
vt 0.0549 0.0739
vt 0.1259 0.0389
vt 0.1259 0.0038
vt 0.1496 0.0389
vt 0.1496 0.0038
vt 0.1259 0.0739
vt 0.1496 0.0739
vt 0.1023 0.1090
vt 0.1259 0.1090
vt 0.1496 0.1090
vt 0.1259 0.1441
vt 0.1496 0.1441
vt 0.1023 0.1441
vt 0.0549 0.1090
vt 0.0786 0.1090
vt 0.0786 0.1441
vt 0.0549 0.1441
vt 0.1733 0.0389
vt 0.1733 0.0038
vt 0.1969 0.0389
vt 0.1969 0.0038
vt 0.1733 0.0739
vt 0.1969 0.0739
vt 0.2206 0.0389
vt 0.2206 0.0038
vt 0.2443 0.0389
vt 0.2443 0.0038
vt 0.2206 0.0739
vt 0.2443 0.0739
vt 0.1969 0.1090
vt 0.2206 0.1090
vt 0.2443 0.1090
vt 0.2206 0.1441
vt 0.2443 0.1441
vt 0.1969 0.1441
vt 0.1733 0.1090
vt 0.1733 0.1441
vt 0.2679 0.0389
vt 0.2679 0.0038
vt 0.2915 0.0389
vt 0.2915 0.0038
vt 0.2679 0.0739
vt 0.2916 0.0739
vt 0.3152 0.0389
vt 0.3151 0.0038
vt 0.3153 0.0739
vt 0.2916 0.1090
vt 0.3153 0.1090
vt 0.3154 0.1441
vt 0.2917 0.1441
vt 0.2679 0.1090
vt 0.2680 0.1441
vt 0.3627 0.1792
vt 0.3863 0.1792
vt 0.3627 0.2142
vt 0.3863 0.2142
vt 0.3391 0.2142
vt 0.3391 0.1792
vt 0.4100 0.1792
vt 0.4336 0.1792
vt 0.4100 0.2142
vt 0.4336 0.2142
vt 0.3864 0.2493
vt 0.4100 0.2493
vt 0.4336 0.2493
vt 0.4100 0.2844
vt 0.4336 0.2844
vt 0.3864 0.2844
vt 0.3391 0.2493
vt 0.3627 0.2493
vt 0.3627 0.2844
vt 0.3391 0.2844
vt 0.4573 0.1792
vt 0.4809 0.1792
vt 0.4573 0.2142
vt 0.4809 0.2142
vt 0.5046 0.1792
vt 0.5283 0.1792
vt 0.5046 0.2142
vt 0.5283 0.2142
vt 0.4809 0.2493
vt 0.5046 0.2493
vt 0.5283 0.2493
vt 0.5046 0.2844
vt 0.5283 0.2844
vt 0.4809 0.2844
vt 0.4573 0.2493
vt 0.4573 0.2844
vt 0.5519 0.1792
vt 0.4189 0.1792
vt 0.4426 0.1792
vt 0.4189 0.2142
vt 0.4426 0.2142
vt 0.5519 0.2142
vt 0.5993 0.1792
vt 0.6229 0.1792
vt 0.5993 0.2142
vt 0.6229 0.2142
vt 0.4930 0.2142
vt 0.5167 0.2142
vt 0.5167 0.1792
vt 0.4930 0.1792
vt 0.4930 0.2493
vt 0.5167 0.2493
vt 0.5993 0.2493
vt 0.6229 0.2493
vt 0.5993 0.2844
vt 0.6229 0.2844
vt 0.4930 0.2844
vt 0.5167 0.2844
vt 0.5519 0.2493
vt 0.4189 0.2493
vt 0.4426 0.2493
vt 0.4189 0.2844
vt 0.4426 0.2844
vt 0.5519 0.2844
vt 0.0549 0.1792
vt 0.0786 0.1792
vt 0.1023 0.1792
vt 0.0786 0.2142
vt 0.1023 0.2142
vt 0.0549 0.2142
vt 0.1259 0.1792
vt 0.1496 0.1792
vt 0.1259 0.2142
vt 0.1496 0.2142
vt 0.1023 0.2493
vt 0.1259 0.2493
vt 0.1496 0.2493
vt 0.1259 0.2844
vt 0.1496 0.2844
vt 0.1023 0.2844
vt 0.0549 0.2493
vt 0.0786 0.2493
vt 0.0786 0.2844
vt 0.0549 0.2844
vt 0.1733 0.1792
vt 0.1969 0.1792
vt 0.1733 0.2142
vt 0.1969 0.2142
vt 0.2206 0.1792
vt 0.2443 0.1792
vt 0.2206 0.2142
vt 0.2443 0.2142
vt 0.1969 0.2493
vt 0.2206 0.2493
vt 0.2443 0.2493
vt 0.2206 0.2844
vt 0.2443 0.2844
vt 0.1969 0.2844
vt 0.1733 0.2493
vt 0.1733 0.2844
vt 0.2680 0.1792
vt 0.2917 0.1792
vt 0.2680 0.2142
vt 0.2917 0.2142
vt 0.3154 0.1792
vt 0.3154 0.2142
vt 0.2917 0.2493
vt 0.3154 0.2493
vt 0.3154 0.2844
vt 0.2917 0.2844
vt 0.2680 0.2493
vt 0.2680 0.2844
vt 0.3391 0.3195
vt 0.3627 0.3195
vt 0.3863 0.3195
vt 0.3627 0.3545
vt 0.3863 0.3545
vt 0.3391 0.3545
vt 0.4100 0.3195
vt 0.4336 0.3195
vt 0.4100 0.3545
vt 0.4336 0.3545
vt 0.3863 0.3896
vt 0.4100 0.3896
vt 0.4336 0.3896
vt 0.4100 0.4247
vt 0.4336 0.4247
vt 0.3863 0.4247
vt 0.3391 0.3896
vt 0.3627 0.3896
vt 0.3627 0.4247
vt 0.3391 0.4247
vt 0.4573 0.3195
vt 0.4809 0.3195
vt 0.4573 0.3545
vt 0.4809 0.3545
vt 0.5046 0.3195
vt 0.5283 0.3195
vt 0.5046 0.3545
vt 0.5283 0.3545
vt 0.4809 0.3896
vt 0.5046 0.3896
vt 0.5283 0.3896
vt 0.5046 0.4247
vt 0.5283 0.4247
vt 0.4809 0.4247
vt 0.4573 0.3896
vt 0.4573 0.4247
vt 0.5519 0.3195
vt 0.4189 0.3195
vt 0.4426 0.3195
vt 0.4189 0.3545
vt 0.4426 0.3545
vt 0.5519 0.3545
vt 0.4930 0.3195
vt 0.5167 0.3195
vt 0.5993 0.3195
vt 0.6229 0.3195
vt 0.5993 0.3545
vt 0.6229 0.3545
vt 0.4930 0.3545
vt 0.5167 0.3545
vt 0.4930 0.3896
vt 0.5167 0.3896
vt 0.5993 0.3896
vt 0.6229 0.3896
vt 0.5993 0.4247
vt 0.6229 0.4247
vt 0.4930 0.4247
vt 0.5167 0.4247
vt 0.5519 0.3896
vt 0.4189 0.3896
vt 0.4426 0.3896
vt 0.4189 0.4247
vt 0.4426 0.4247
vt 0.5519 0.4247
vt 0.0549 0.3195
vt 0.0786 0.3195
vt 0.1023 0.3195
vt 0.0786 0.3545
vt 0.1023 0.3545
vt 0.0549 0.3545
vt 0.1259 0.3195
vt 0.1496 0.3195
vt 0.1259 0.3545
vt 0.1496 0.3545
vt 0.1023 0.3896
vt 0.1259 0.3896
vt 0.1496 0.3896
vt 0.1259 0.4247
vt 0.1496 0.4247
vt 0.1023 0.4247
vt 0.0549 0.3896
vt 0.0786 0.3896
vt 0.0786 0.4247
vt 0.0549 0.4247
vt 0.1733 0.3195
vt 0.1969 0.3195
vt 0.1733 0.3545
vt 0.1969 0.3545
vt 0.2206 0.3195
vt 0.2443 0.3195
vt 0.2206 0.3545
vt 0.2443 0.3545
vt 0.1969 0.3896
vt 0.2206 0.3896
vt 0.2443 0.3896
vt 0.2206 0.4247
vt 0.2443 0.4247
vt 0.1969 0.4247
vt 0.1733 0.3896
vt 0.1733 0.4247
vt 0.2680 0.3195
vt 0.2917 0.3195
vt 0.2680 0.3545
vt 0.2917 0.3545
vt 0.3154 0.3195
vt 0.3154 0.3545
vt 0.2917 0.3896
vt 0.3154 0.3896
vt 0.3154 0.4247
vt 0.2917 0.4247
vt 0.2680 0.3896
vt 0.2680 0.4247
vt 0.3391 0.4598
vt 0.3627 0.4598
vt 0.3863 0.4598
vt 0.3627 0.4948
vt 0.3863 0.4948
vt 0.3391 0.4948
vt 0.4100 0.4598
vt 0.4336 0.4598
vt 0.4100 0.4948
vt 0.4336 0.4948
vt 0.3863 0.5299
vt 0.4100 0.5299
vt 0.4336 0.5299
vt 0.4100 0.5650
vt 0.4336 0.5650
vt 0.3863 0.5650
vt 0.3391 0.5299
vt 0.3627 0.5299
vt 0.3627 0.5650
vt 0.3391 0.5650
vt 0.4573 0.4598
vt 0.4809 0.4598
vt 0.4573 0.4948
vt 0.4809 0.4948
vt 0.5046 0.4598
vt 0.5283 0.4598
vt 0.5046 0.4948
vt 0.5283 0.4948
vt 0.4809 0.5299
vt 0.5046 0.5299
vt 0.5283 0.5299
vt 0.5046 0.5650
vt 0.5283 0.5650
vt 0.4809 0.5650
vt 0.4573 0.5299
vt 0.4573 0.5650
vt 0.5519 0.4598
vt 0.4189 0.4598
vt 0.4426 0.4598
vt 0.4189 0.4948
vt 0.4426 0.4948
vt 0.5519 0.4948
vt 0.5993 0.4598
vt 0.6229 0.4598
vt 0.5993 0.4948
vt 0.6229 0.4948
vt 0.4930 0.4948
vt 0.5167 0.4948
vt 0.5167 0.4598
vt 0.4930 0.4598
vt 0.4930 0.5299
vt 0.5167 0.5299
vt 0.5993 0.5299
vt 0.6229 0.5299
vt 0.5993 0.5650
vt 0.6229 0.5650
vt 0.4930 0.5650
vt 0.5167 0.5650
vt 0.5519 0.5299
vt 0.4189 0.5299
vt 0.4426 0.5299
vt 0.4189 0.5650
vt 0.4426 0.5650
vt 0.5519 0.5650
vt 0.0549 0.4598
vt 0.0786 0.4598
vt 0.1023 0.4598
vt 0.0786 0.4948
vt 0.1023 0.4948
vt 0.0549 0.4948
vt 0.1259 0.4598
vt 0.1496 0.4598
vt 0.1259 0.4948
vt 0.1496 0.4948
vt 0.1023 0.5299
vt 0.1259 0.5299
vt 0.1496 0.5299
vt 0.1259 0.5650
vt 0.1496 0.5650
vt 0.1023 0.5650
vt 0.0549 0.5299
vt 0.0786 0.5299
vt 0.0786 0.5650
vt 0.0549 0.5650
vt 0.1733 0.4598
vt 0.1969 0.4598
vt 0.1733 0.4948
vt 0.1969 0.4948
vt 0.2206 0.4598
vt 0.2443 0.4598
vt 0.2206 0.4948
vt 0.2443 0.4948
vt 0.1969 0.5299
vt 0.2206 0.5299
vt 0.2443 0.5299
vt 0.2206 0.5650
vt 0.2443 0.5650
vt 0.1969 0.5650
vt 0.1733 0.5299
vt 0.1733 0.5650
vt 0.2680 0.4598
vt 0.2917 0.4598
vt 0.2680 0.4948
vt 0.2917 0.4948
vt 0.3154 0.4598
vt 0.3154 0.4948
vt 0.2917 0.5299
vt 0.3154 0.5299
vt 0.3154 0.5650
vt 0.2917 0.5650
vt 0.2680 0.5299
vt 0.2680 0.5650
vt 0.3391 0.6001
vt 0.3627 0.6001
vt 0.3863 0.6001
vt 0.3627 0.6351
vt 0.3863 0.6351
vt 0.3391 0.6351
vt 0.4100 0.6001
vt 0.4336 0.6001
vt 0.4100 0.6351
vt 0.4336 0.6351
vt 0.3863 0.6702
vt 0.4100 0.6702
vt 0.4336 0.6702
vt 0.4100 0.7053
vt 0.4336 0.7053
vt 0.3863 0.7053
vt 0.3391 0.6702
vt 0.3627 0.6702
vt 0.3627 0.7053
vt 0.3391 0.7053
vt 0.4573 0.6001
vt 0.4809 0.6001
vt 0.4573 0.6351
vt 0.4809 0.6351
vt 0.5046 0.6001
vt 0.5283 0.6001
vt 0.5046 0.6351
vt 0.5283 0.6351
vt 0.4809 0.6702
vt 0.5046 0.6702
vt 0.5283 0.6702
vt 0.5046 0.7053
vt 0.5283 0.7053
vt 0.4809 0.7053
vt 0.4573 0.6702
vt 0.4573 0.7053
vt 0.4189 0.6001
vt 0.4426 0.6001
vt 0.4189 0.6351
vt 0.4426 0.6351
vt 0.5519 0.6351
vt 0.5519 0.6001
vt 0.4930 0.6001
vt 0.5167 0.6001
vt 0.5993 0.6001
vt 0.6229 0.6001
vt 0.5993 0.6351
vt 0.6229 0.6351
vt 0.4930 0.6351
vt 0.5167 0.6351
vt 0.4930 0.6702
vt 0.5167 0.6702
vt 0.5993 0.6702
vt 0.6229 0.6702
vt 0.5993 0.7053
vt 0.6229 0.7053
vt 0.4930 0.7053
vt 0.5167 0.7053
vt 0.5519 0.6702
vt 0.4189 0.6702
vt 0.4426 0.6702
vt 0.4189 0.7053
vt 0.4426 0.7053
vt 0.5519 0.7053
vt 0.0549 0.6001
vt 0.0786 0.6001
vt 0.1023 0.6001
vt 0.0786 0.6351
vt 0.1023 0.6351
vt 0.0549 0.6351
vt 0.1259 0.6001
vt 0.1496 0.6001
vt 0.1259 0.6351
vt 0.1496 0.6351
vt 0.1023 0.6702
vt 0.1259 0.6702
vt 0.1496 0.6702
vt 0.1259 0.7053
vt 0.1496 0.7053
vt 0.1023 0.7053
vt 0.0549 0.6702
vt 0.0786 0.6702
vt 0.0786 0.7053
vt 0.0549 0.7053
vt 0.1733 0.6001
vt 0.1969 0.6001
vt 0.1733 0.6351
vt 0.1969 0.6351
vt 0.2206 0.6001
vt 0.2443 0.6001
vt 0.2206 0.6351
vt 0.2443 0.6351
vt 0.1969 0.6702
vt 0.2206 0.6702
vt 0.2443 0.6702
vt 0.2206 0.7053
vt 0.2443 0.7053
vt 0.1969 0.7053
vt 0.1733 0.6702
vt 0.1733 0.7053
vt 0.2680 0.6001
vt 0.2917 0.6001
vt 0.2680 0.6351
vt 0.2917 0.6351
vt 0.3154 0.6001
vt 0.3154 0.6351
vt 0.2917 0.6702
vt 0.3154 0.6702
vt 0.3154 0.7053
vt 0.2917 0.7053
vt 0.2680 0.6702
vt 0.2680 0.7053
vt 0.3627 0.7405
vt 0.3863 0.7405
vt 0.3627 0.7754
vt 0.3863 0.7754
vt 0.3391 0.7754
vt 0.3391 0.7405
vt 0.4100 0.7405
vt 0.4336 0.7405
vt 0.4100 0.7754
vt 0.4336 0.7754
vt 0.3863 0.8105
vt 0.4100 0.8105
vt 0.4336 0.8105
vt 0.4100 0.8456
vt 0.4336 0.8456
vt 0.3863 0.8456
vt 0.3391 0.8105
vt 0.3627 0.8105
vt 0.3627 0.8456
vt 0.3391 0.8456
vt 0.4573 0.7405
vt 0.4809 0.7405
vt 0.4573 0.7754
vt 0.4809 0.7754
vt 0.5046 0.7405
vt 0.5283 0.7405
vt 0.5046 0.7754
vt 0.5283 0.7754
vt 0.4809 0.8105
vt 0.5046 0.8105
vt 0.5283 0.8105
vt 0.5046 0.8456
vt 0.5283 0.8456
vt 0.4809 0.8456
vt 0.4573 0.8105
vt 0.4573 0.8456
vt 0.4189 0.7405
vt 0.4426 0.7405
vt 0.4189 0.7754
vt 0.4426 0.7754
vt 0.5519 0.7754
vt 0.5519 0.7405
vt 0.4930 0.7405
vt 0.5167 0.7405
vt 0.5993 0.7405
vt 0.6229 0.7405
vt 0.5993 0.7754
vt 0.6229 0.7754
vt 0.4930 0.7754
vt 0.5167 0.7754
vt 0.5993 0.8105
vt 0.6229 0.8105
vt 0.5993 0.8456
vt 0.6229 0.8456
vt 0.4930 0.8105
vt 0.4930 0.8456
vt 0.5167 0.8456
vt 0.5167 0.8105
vt 0.4189 0.8105
vt 0.4426 0.8105
vt 0.4189 0.8456
vt 0.4426 0.8456
vt 0.5519 0.8456
vt 0.5519 0.8105
vt 0.0786 0.7405
vt 0.1023 0.7405
vt 0.0786 0.7754
vt 0.1023 0.7754
vt 0.0549 0.7754
vt 0.0549 0.7405
vt 0.1259 0.7405
vt 0.1496 0.7405
vt 0.1259 0.7754
vt 0.1496 0.7754
vt 0.1023 0.8105
vt 0.1259 0.8105
vt 0.1496 0.8105
vt 0.1259 0.8456
vt 0.1496 0.8456
vt 0.1023 0.8456
vt 0.0549 0.8105
vt 0.0786 0.8105
vt 0.0786 0.8456
vt 0.0549 0.8456
vt 0.1733 0.7405
vt 0.1969 0.7405
vt 0.1733 0.7754
vt 0.1969 0.7754
vt 0.2206 0.7405
vt 0.2443 0.7405
vt 0.2206 0.7754
vt 0.2443 0.7754
vt 0.1969 0.8105
vt 0.2206 0.8105
vt 0.2443 0.8105
vt 0.2206 0.8456
vt 0.2443 0.8456
vt 0.1969 0.8456
vt 0.1733 0.8105
vt 0.1733 0.8456
vt 0.2680 0.7405
vt 0.2917 0.7405
vt 0.2680 0.7754
vt 0.2917 0.7754
vt 0.3154 0.7405
vt 0.3154 0.7754
vt 0.2917 0.8105
vt 0.3154 0.8105
vt 0.3154 0.8456
vt 0.2917 0.8456
vt 0.2680 0.8105
vt 0.2680 0.8456
vt 0.3863 0.8806
vt 0.3627 0.8806
vt 0.3627 0.9154
vt 0.3863 0.9154
vt 0.3391 0.8805
vt 0.3391 0.9154
vt 0.4336 0.8806
vt 0.4100 0.8806
vt 0.4100 0.9156
vt 0.4336 0.9156
vt 0.4336 0.9505
vt 0.4100 0.9505
vt 0.4100 0.9854
vt 0.4336 0.9855
vt 0.3863 0.9504
vt 0.3863 0.9854
vt 0.3627 0.9854
vt 0.3627 0.9504
vt 0.3391 0.9504
vt 0.3391 0.9854
vt 0.4809 0.8806
vt 0.4573 0.8806
vt 0.4573 0.9156
vt 0.4809 0.9156
vt 0.5283 0.8806
vt 0.5046 0.8806
vt 0.5046 0.9157
vt 0.5283 0.9157
vt 0.5283 0.9508
vt 0.5046 0.9507
vt 0.5046 0.9858
vt 0.5283 0.9858
vt 0.4809 0.9507
vt 0.4809 0.9857
vt 0.4573 0.9855
vt 0.4573 0.9505
vt 0.4426 0.8808
vt 0.4189 0.8808
vt 0.4189 0.9159
vt 0.4426 0.9159
vt 0.5519 0.8808
vt 0.5519 0.9159
vt 0.6229 0.9162
vt 0.6229 0.8809
vt 0.5993 0.8808
vt 0.5993 0.9160
vt 0.5167 0.8808
vt 0.4930 0.8808
vt 0.4930 0.9159
vt 0.5167 0.9160
vt 0.6229 0.9514
vt 0.5993 0.9513
vt 0.5993 0.9864
vt 0.6229 0.9867
vt 0.5167 0.9513
vt 0.4930 0.9511
vt 0.4930 0.9862
vt 0.5167 0.9864
vt 0.5519 0.9861
vt 0.5519 0.9510
vt 0.4189 0.9510
vt 0.4426 0.9511
vt 0.4189 0.9861
vt 0.4426 0.9862
vt 0.0786 0.9157
vt 0.0786 0.8806
vt 0.0549 0.8806
vt 0.0549 0.9157
vt 0.1023 0.8806
vt 0.1023 0.9157
vt 0.1259 0.9157
vt 0.1259 0.8806
vt 0.1496 0.8806
vt 0.1496 0.9157
vt 0.1496 0.9858
vt 0.1496 0.9508
vt 0.1259 0.9508
vt 0.1259 0.9858
vt 0.1023 0.9508
vt 0.1023 0.9858
vt 0.0786 0.9858
vt 0.0786 0.9507
vt 0.0549 0.9507
vt 0.0549 0.9858
vt 0.1733 0.9157
vt 0.1733 0.8806
vt 0.1969 0.8806
vt 0.1969 0.9156
vt 0.2206 0.9156
vt 0.2206 0.8806
vt 0.2443 0.8806
vt 0.2443 0.9156
vt 0.2443 0.9505
vt 0.2206 0.9505
vt 0.2206 0.9855
vt 0.2443 0.9855
vt 0.1969 0.9507
vt 0.1969 0.9857
vt 0.1733 0.9858
vt 0.1733 0.9507
vt 0.2917 0.9154
vt 0.2917 0.8806
vt 0.2680 0.8806
vt 0.2680 0.9156
vt 0.3154 0.8806
vt 0.3154 0.9154
vt 0.3154 0.9504
vt 0.3154 0.9854
vt 0.2917 0.9504
vt 0.2917 0.9854
vt 0.2680 0.9854
vt 0.2680 0.9504
f 1/1 2/2 3/3 4/4
f 2/2 5/5 6/6 3/3
f 7/7 8/8 5/9 2/10
f 9/11 7/7 2/10 1/12
f 5/5 10/13 11/14 6/6
f 10/13 12/15 13/16 11/14
f 14/17 15/18 12/19 10/20
f 8/8 14/17 10/20 5/9
f 16/21 17/22 14/23 8/24
f 17/22 18/25 15/26 14/23
f 19/27 20/28 18/29 17/30
f 21/31 19/27 17/30 16/32
f 22/33 23/34 7/35 9/36
f 23/34 16/21 8/24 7/35
f 24/37 21/31 16/32 23/38
f 25/39 24/37 23/38 22/40
f 26/41 27/42 24/43 25/44
f 27/42 28/45 21/46 24/43
f 29/47 30/48 28/45 27/42
f 31/49 29/47 27/42 26/41
f 28/45 32/50 19/51 21/46
f 32/50 33/52 20/53 19/51
f 34/54 35/55 33/52 32/50
f 30/48 34/54 32/50 28/45
f 36/56 37/57 34/54 30/48
f 37/57 38/58 35/55 34/54
f 39/59 40/60 38/58 37/57
f 41/61 39/59 37/57 36/56
f 42/62 43/63 29/47 31/49
f 43/63 36/56 30/48 29/47
f 44/64 41/61 36/56 43/63
f 45/65 44/64 43/63 42/62
f 46/66 47/67 44/64 45/65
f 47/67 48/68 41/61 44/64
f 49/69 50/70 48/71 47/72
f 51/73 49/69 47/72 46/74
f 48/68 52/75 39/59 41/61
f 52/75 53/76 40/60 39/59
f 54/77 55/78 53/79 52/80
f 50/70 54/77 52/80 48/71
f 56/81 57/82 54/83 50/84
f 57/82 58/85 55/86 54/83
f 59/87 60/88 58/89 57/90
f 59/87 57/90 56/91 61/92
f 62/93 63/94 49/95 51/96
f 63/94 56/81 50/84 49/95
f 64/97 61/92 56/91 63/98
f 65/99 64/97 63/98 62/100
f 66/101 67/102 68/103 69/104
f 66/101 70/105 71/106 67/102
f 72/107 73/108 70/105 66/101
f 72/107 66/101 69/104 74/109
f 70/105 75/110 76/111 71/106
f 75/110 77/112 78/113 76/111
f 79/114 80/115 77/112 75/110
f 73/108 79/114 75/110 70/105
f 81/116 82/117 79/114 73/108
f 82/117 83/118 80/115 79/114
f 84/119 85/120 83/118 82/117
f 86/121 84/119 82/117 81/116
f 87/122 88/123 72/107 74/109
f 88/123 81/116 73/108 72/107
f 89/124 86/121 81/116 88/123
f 90/125 89/124 88/123 87/122
f 91/126 92/127 89/124 90/125
f 92/127 93/128 86/121 89/124
f 94/129 95/130 93/128 92/127
f 96/131 94/129 92/127 91/126
f 93/128 97/132 84/119 86/121
f 97/132 98/133 85/120 84/119
f 99/134 100/135 98/133 97/132
f 95/130 99/134 97/132 93/128
f 101/136 102/137 99/134 95/130
f 102/137 103/138 100/135 99/134
f 104/139 105/140 103/138 102/137
f 106/141 104/139 102/137 101/136
f 107/142 108/143 94/129 96/131
f 108/143 101/136 95/130 94/129
f 109/144 106/141 101/136 108/143
f 110/145 109/144 108/143 107/142
f 111/146 112/147 109/144 110/145
f 112/147 113/148 106/141 109/144
f 114/149 115/150 113/148 112/147
f 116/151 114/149 112/147 111/146
f 113/148 117/152 104/139 106/141
f 117/152 118/153 105/140 104/139
f 119/154 120/155 118/153 117/152
f 115/150 119/154 117/152 113/148
f 121/156 122/157 119/154 115/150
f 122/157 123/158 120/155 119/154
f 11/14 13/16 123/158 122/157
f 6/6 11/14 122/157 121/156
f 124/159 125/160 114/149 116/151
f 125/160 121/156 115/150 114/149
f 3/3 6/6 121/156 125/160
f 4/4 3/3 125/160 124/159
f 15/18 126/161 127/162 12/19
f 12/15 127/163 128/164 13/16
f 127/163 129/165 130/166 128/164
f 126/161 131/167 129/168 127/162
f 129/165 132/169 133/170 130/166
f 132/169 134/171 135/172 133/170
f 136/173 137/174 134/175 132/176
f 131/167 136/173 132/176 129/168
f 138/177 136/178 131/179 139/180
f 138/177 140/181 137/182 136/178
f 141/183 142/184 140/185 138/186
f 143/187 141/183 138/186 139/188
f 18/25 144/189 126/190 15/26
f 144/189 139/180 131/179 126/190
f 145/191 143/187 139/188 144/192
f 20/28 145/191 144/192 18/29
f 33/52 146/193 145/194 20/53
f 146/193 147/195 143/196 145/194
f 148/197 149/198 147/195 146/193
f 35/55 148/197 146/193 33/52
f 150/199 141/200 143/196 147/195
f 150/199 151/201 142/202 141/200
f 152/203 153/204 151/201 150/199
f 149/198 152/203 150/199 147/195
f 154/205 155/206 152/203 149/198
f 155/206 156/207 153/204 152/203
f 157/208 158/209 156/207 155/206
f 157/208 155/206 154/205 159/210
f 40/60 160/211 161/212 38/58
f 38/58 161/212 148/197 35/55
f 161/212 154/205 149/198 148/197
f 160/211 159/210 154/205 161/212
f 53/76 162/213 160/211 40/60
f 162/213 163/214 159/210 160/211
f 164/215 165/216 163/217 162/218
f 164/215 162/218 53/79 55/78
f 163/214 166/219 157/208 159/210
f 166/219 167/220 158/209 157/208
f 168/221 169/222 167/223 166/224
f 168/221 166/224 163/217 165/216
f 170/225 171/226 168/227 165/228
f 171/226 172/229 169/230 168/227
f 173/231 174/232 172/233 171/234
f 173/231 171/234 170/235 175/236
f 176/237 177/238 58/89 60/88
f 58/85 177/239 164/240 55/86
f 177/239 170/225 165/228 164/240
f 176/237 175/236 170/235 177/238
f 77/112 178/241 179/242 78/113
f 178/241 180/243 181/244 179/242
f 182/245 183/246 180/243 178/241
f 80/115 182/245 178/241 77/112
f 180/243 184/247 185/248 181/244
f 184/247 186/249 187/250 185/248
f 188/251 189/252 186/249 184/247
f 183/246 188/251 184/247 180/243
f 190/253 191/254 188/251 183/246
f 191/254 192/255 189/252 188/251
f 193/256 194/257 192/255 191/254
f 195/258 193/256 191/254 190/253
f 83/118 196/259 182/245 80/115
f 196/259 190/253 183/246 182/245
f 197/260 195/258 190/253 196/259
f 85/120 197/260 196/259 83/118
f 98/133 198/261 197/260 85/120
f 198/261 199/262 195/258 197/260
f 200/263 201/264 199/262 198/261
f 100/135 200/263 198/261 98/133
f 199/262 202/265 193/256 195/258
f 202/265 203/266 194/257 193/256
f 204/267 205/268 203/266 202/265
f 201/264 204/267 202/265 199/262
f 206/269 207/270 204/267 201/264
f 207/270 208/271 205/268 204/267
f 209/272 210/273 208/271 207/270
f 211/274 209/272 207/270 206/269
f 103/138 212/275 200/263 100/135
f 212/275 206/269 201/264 200/263
f 213/276 211/274 206/269 212/275
f 105/140 213/276 212/275 103/138
f 118/153 214/277 213/276 105/140
f 214/277 215/278 211/274 213/276
f 216/279 217/280 215/278 214/277
f 120/155 216/279 214/277 118/153
f 215/278 218/281 209/272 211/274
f 218/281 219/282 210/273 209/272
f 220/283 221/284 219/282 218/281
f 217/280 220/283 218/281 215/278
f 222/285 223/286 220/283 217/280
f 223/286 224/287 221/284 220/283
f 133/170 135/172 224/287 223/286
f 130/166 133/170 223/286 222/285
f 123/158 225/288 216/279 120/155
f 225/288 222/285 217/280 216/279
f 128/164 130/166 222/285 225/288
f 13/16 128/164 225/288 123/158
f 134/171 226/289 227/290 135/172
f 226/289 228/291 229/292 227/290
f 230/293 231/294 228/295 226/296
f 137/174 230/293 226/296 134/175
f 232/297 233/298 229/292 228/291
f 232/297 234/299 235/300 233/298
f 236/301 237/302 234/303 232/304
f 231/294 236/301 232/304 228/295
f 238/305 239/306 236/307 231/308
f 239/306 240/309 237/310 236/307
f 241/311 242/312 240/313 239/314
f 241/311 239/314 238/315 243/316
f 140/181 244/317 230/318 137/182
f 244/317 238/305 231/308 230/318
f 245/319 243/316 238/315 244/320
f 142/184 245/319 244/320 140/185
f 151/201 246/321 245/322 142/202
f 246/321 247/323 243/324 245/322
f 248/325 249/326 247/323 246/321
f 153/204 248/325 246/321 151/201
f 247/323 250/327 241/328 243/324
f 250/327 251/329 242/330 241/328
f 252/331 253/332 251/329 250/327
f 252/331 250/327 247/323 249/326
f 254/333 255/334 252/331 249/326
f 255/334 256/335 253/332 252/331
f 257/336 258/337 256/335 255/334
f 257/336 255/334 254/333 259/338
f 156/207 260/339 248/325 153/204
f 260/339 254/333 249/326 248/325
f 261/340 259/338 254/333 260/339
f 158/209 261/340 260/339 156/207
f 167/220 262/341 261/340 158/209
f 262/341 263/342 259/338 261/340
f 264/343 265/344 263/345 262/346
f 169/222 264/343 262/346 167/223
f 263/342 266/347 257/336 259/338
f 266/347 267/348 258/337 257/336
f 268/349 269/350 267/351 266/352
f 268/349 266/352 263/345 265/344
f 270/353 271/354 268/355 265/356
f 271/354 272/357 269/358 268/355
f 273/359 274/360 272/361 271/362
f 273/359 271/362 270/363 275/364
f 172/229 276/365 264/366 169/230
f 276/365 270/353 265/356 264/366
f 277/367 275/364 270/363 276/368
f 174/232 277/367 276/368 172/233
f 186/249 278/369 279/370 187/250
f 278/369 280/371 281/372 279/370
f 282/373 283/374 280/371 278/369
f 189/252 282/373 278/369 186/249
f 280/371 284/375 285/376 281/372
f 284/375 286/377 287/378 285/376
f 288/379 289/380 286/377 284/375
f 283/374 288/379 284/375 280/371
f 290/381 291/382 288/379 283/374
f 291/382 292/383 289/380 288/379
f 293/384 294/385 292/383 291/382
f 295/386 293/384 291/382 290/381
f 192/255 296/387 282/373 189/252
f 296/387 290/381 283/374 282/373
f 297/388 295/386 290/381 296/387
f 194/257 297/388 296/387 192/255
f 203/266 298/389 297/388 194/257
f 298/389 299/390 295/386 297/388
f 300/391 301/392 299/390 298/389
f 205/268 300/391 298/389 203/266
f 299/390 302/393 293/384 295/386
f 302/393 303/394 294/385 293/384
f 304/395 305/396 303/394 302/393
f 301/392 304/395 302/393 299/390
f 306/397 307/398 304/395 301/392
f 307/398 308/399 305/396 304/395
f 309/400 310/401 308/399 307/398
f 311/402 309/400 307/398 306/397
f 208/271 312/403 300/391 205/268
f 312/403 306/397 301/392 300/391
f 313/404 311/402 306/397 312/403
f 210/273 313/404 312/403 208/271
f 221/284 314/405 315/406 219/282
f 219/282 315/406 313/404 210/273
f 315/406 316/407 311/402 313/404
f 314/405 317/408 316/407 315/406
f 316/407 318/409 309/400 311/402
f 318/409 319/410 310/401 309/400
f 320/411 321/412 319/410 318/409
f 317/408 320/411 318/409 316/407
f 322/413 320/411 317/408 323/414
f 322/413 324/415 321/412 320/411
f 233/298 235/300 324/415 322/413
f 229/292 233/298 322/413 323/414
f 224/287 325/416 314/405 221/284
f 325/416 323/414 317/408 314/405
f 227/290 229/292 323/414 325/416
f 135/172 227/290 325/416 224/287
f 234/299 326/417 327/418 235/300
f 326/417 328/419 329/420 327/418
f 330/421 331/422 328/423 326/424
f 237/302 330/421 326/424 234/303
f 328/419 332/425 333/426 329/420
f 332/425 334/427 335/428 333/426
f 336/429 337/430 334/431 332/432
f 331/422 336/429 332/432 328/423
f 338/433 339/434 336/435 331/436
f 339/434 340/437 337/438 336/435
f 341/439 342/440 340/441 339/442
f 343/443 341/439 339/442 338/444
f 242/312 344/445 345/446 240/313
f 240/309 345/447 330/448 237/310
f 345/447 338/433 331/436 330/448
f 344/445 343/443 338/444 345/446
f 251/329 346/449 344/450 242/330
f 346/449 347/451 343/452 344/450
f 348/453 349/454 347/451 346/449
f 253/332 348/453 346/449 251/329
f 347/451 350/455 341/456 343/452
f 350/455 351/457 342/458 341/456
f 352/459 353/460 351/457 350/455
f 349/454 352/459 350/455 347/451
f 354/461 355/462 352/459 349/454
f 355/462 356/463 353/460 352/459
f 357/464 358/465 356/463 355/462
f 359/466 357/464 355/462 354/461
f 360/467 361/468 256/335 258/337
f 256/335 361/468 348/453 253/332
f 361/468 354/461 349/454 348/453
f 360/467 359/466 354/461 361/468
f 267/348 362/469 360/467 258/337
f 362/469 363/470 359/466 360/467
f 364/471 365/472 363/473 362/474
f 364/471 362/474 267/351 269/350
f 363/470 366/475 357/464 359/466
f 366/475 367/476 358/465 357/464
f 368/477 369/478 367/479 366/480
f 365/472 368/477 366/480 363/473
f 370/481 371/482 368/483 365/484
f 371/482 372/485 369/486 368/483
f 373/487 374/488 372/489 371/490
f 373/487 371/490 370/491 375/492
f 376/493 377/494 272/361 274/360
f 272/357 377/495 364/496 269/358
f 377/495 370/481 365/484 364/496
f 376/493 375/492 370/491 377/494
f 286/377 378/497 379/498 287/378
f 378/497 380/499 381/500 379/498
f 382/501 383/502 380/499 378/497
f 289/380 382/501 378/497 286/377
f 380/499 384/503 385/504 381/500
f 384/503 386/505 387/506 385/504
f 388/507 389/508 386/505 384/503
f 383/502 388/507 384/503 380/499
f 390/509 391/510 388/507 383/502
f 391/510 392/511 389/508 388/507
f 393/512 394/513 392/511 391/510
f 395/514 393/512 391/510 390/509
f 292/383 396/515 382/501 289/380
f 396/515 390/509 383/502 382/501
f 397/516 395/514 390/509 396/515
f 294/385 397/516 396/515 292/383
f 303/394 398/517 397/516 294/385
f 398/517 399/518 395/514 397/516
f 400/519 401/520 399/518 398/517
f 305/396 400/519 398/517 303/394
f 399/518 402/521 393/512 395/514
f 402/521 403/522 394/513 393/512
f 404/523 405/524 403/522 402/521
f 401/520 404/523 402/521 399/518
f 406/525 407/526 404/523 401/520
f 407/526 408/527 405/524 404/523
f 409/528 410/529 408/527 407/526
f 411/530 409/528 407/526 406/525
f 308/399 412/531 400/519 305/396
f 412/531 406/525 401/520 400/519
f 413/532 411/530 406/525 412/531
f 310/401 413/532 412/531 308/399
f 321/412 414/533 415/534 319/410
f 319/410 415/534 413/532 310/401
f 415/534 416/535 411/530 413/532
f 414/533 417/536 416/535 415/534
f 416/535 418/537 409/528 411/530
f 418/537 419/538 410/529 409/528
f 420/539 419/538 418/537 421/540
f 421/540 418/537 416/535 417/536
f 422/541 423/542 421/540 417/536
f 424/543 420/539 421/540 423/542
f 333/426 335/428 424/543 423/542
f 333/426 423/542 422/541 329/420
f 425/544 414/533 321/412 324/415
f 425/544 422/541 417/536 414/533
f 327/418 329/420 422/541 425/544
f 235/300 327/418 425/544 324/415
f 334/427 426/545 427/546 335/428
f 426/545 428/547 429/548 427/546
f 430/549 431/550 428/551 426/552
f 337/430 430/549 426/552 334/431
f 428/547 432/553 433/554 429/548
f 432/553 434/555 435/556 433/554
f 436/557 437/558 434/559 432/560
f 431/550 436/557 432/560 428/551
f 438/561 439/562 436/563 431/564
f 439/562 440/565 437/566 436/563
f 441/567 442/568 440/569 439/570
f 443/571 441/567 439/570 438/572
f 340/437 444/573 430/574 337/438
f 444/573 438/561 431/564 430/574
f 445/575 443/571 438/572 444/576
f 342/440 445/575 444/576 340/441
f 351/457 446/577 445/578 342/458
f 446/577 447/579 443/580 445/578
f 448/581 449/582 447/579 446/577
f 353/460 448/581 446/577 351/457
f 447/579 450/583 441/584 443/580
f 450/583 451/585 442/586 441/584
f 452/587 453/588 451/585 450/583
f 449/582 452/587 450/583 447/579
f 454/589 455/590 452/587 449/582
f 455/590 456/591 453/588 452/587
f 457/592 458/593 456/591 455/590
f 459/594 457/592 455/590 454/589
f 356/463 460/595 448/581 353/460
f 460/595 454/589 449/582 448/581
f 461/596 459/594 454/589 460/595
f 358/465 461/596 460/595 356/463
f 369/478 462/597 463/598 367/479
f 367/476 463/599 461/596 358/465
f 463/599 464/600 459/594 461/596
f 462/597 465/601 464/602 463/598
f 466/603 457/592 459/594 464/600
f 466/603 467/604 458/593 457/592
f 468/605 469/606 467/607 466/608
f 465/601 468/605 466/608 464/602
f 470/609 468/610 465/611 471/612
f 470/609 472/613 469/614 468/610
f 473/615 472/616 470/617 474/618
f 475/619 474/618 470/617 471/620
f 476/621 462/622 369/486 372/485
f 476/621 471/612 465/611 462/622
f 477/623 475/619 471/620 476/624
f 374/488 477/623 476/624 372/489
f 386/505 478/625 479/626 387/506
f 478/625 480/627 481/628 479/626
f 482/629 483/630 480/627 478/625
f 389/508 482/629 478/625 386/505
f 480/627 484/631 485/632 481/628
f 484/631 486/633 487/634 485/632
f 488/635 489/636 486/633 484/631
f 483/630 488/635 484/631 480/627
f 490/637 491/638 488/635 483/630
f 491/638 492/639 489/636 488/635
f 493/640 494/641 492/639 491/638
f 495/642 493/640 491/638 490/637
f 392/511 496/643 482/629 389/508
f 496/643 490/637 483/630 482/629
f 497/644 495/642 490/637 496/643
f 394/513 497/644 496/643 392/511
f 403/522 498/645 497/644 394/513
f 498/645 499/646 495/642 497/644
f 500/647 501/648 499/646 498/645
f 405/524 500/647 498/645 403/522
f 499/646 502/649 493/640 495/642
f 502/649 503/650 494/641 493/640
f 504/651 505/652 503/650 502/649
f 501/648 504/651 502/649 499/646
f 506/653 507/654 504/651 501/648
f 507/654 508/655 505/652 504/651
f 509/656 510/657 508/655 507/654
f 511/658 509/656 507/654 506/653
f 512/659 513/660 408/527 410/529
f 408/527 513/660 500/647 405/524
f 513/660 506/653 501/648 500/647
f 512/659 511/658 506/653 513/660
f 419/538 514/661 512/659 410/529
f 514/661 515/662 511/658 512/659
f 516/663 515/662 514/661 517/664
f 517/664 514/661 419/538 420/539
f 516/663 518/665 519/666 515/662
f 519/666 509/656 511/658 515/662
f 519/666 520/667 510/657 509/656
f 518/665 521/668 520/667 519/666
f 522/669 518/665 516/663 523/670
f 522/669 524/671 521/668 518/665
f 433/554 435/556 524/671 522/669
f 429/548 433/554 522/669 523/670
f 427/546 525/672 424/543 335/428
f 424/543 525/672 517/664 420/539
f 525/672 523/670 516/663 517/664
f 427/546 429/548 523/670 525/672
f 437/558 526/673 527/674 434/559
f 527/675 528/676 435/556 434/555
f 527/675 529/677 530/678 528/676
f 526/673 531/679 529/680 527/674
f 532/681 533/682 530/678 529/677
f 532/681 534/683 535/684 533/682
f 536/685 537/686 534/687 532/688
f 531/679 536/685 532/688 529/680
f 538/689 536/690 531/691 539/692
f 538/689 540/693 537/694 536/690
f 541/695 542/696 540/697 538/698
f 543/699 541/695 538/698 539/700
f 544/701 526/702 437/566 440/565
f 544/701 539/692 531/691 526/702
f 545/703 543/699 539/700 544/704
f 442/568 545/703 544/704 440/569
f 453/588 546/705 547/706 451/585
f 451/585 547/706 545/707 442/586
f 547/706 548/708 543/709 545/707
f 546/705 549/710 548/708 547/706
f 550/711 541/712 543/709 548/708
f 550/711 551/713 542/714 541/712
f 552/715 553/716 551/713 550/711
f 549/710 552/715 550/711 548/708
f 554/717 552/715 549/710 555/718
f 554/717 556/719 553/716 552/715
f 557/720 556/719 554/717 558/721
f 559/722 558/721 554/717 555/718
f 456/591 560/723 546/705 453/588
f 560/723 555/718 549/710 546/705
f 561/724 559/722 555/718 560/723
f 458/593 561/724 560/723 456/591
f 469/606 562/725 563/726 467/607
f 563/727 561/724 458/593 467/604
f 563/727 564/728 559/722 561/724
f 565/729 564/730 563/726 562/725
f 565/729 566/731 567/732 564/730
f 567/733 558/721 559/722 564/728
f 568/734 557/720 558/721 567/733
f 569/735 568/736 567/732 566/731
f 570/737 571/738 572/739 573/740
f 572/741 566/742 565/743 573/744
f 574/745 569/746 566/742 572/741
f 575/747 574/748 572/739 571/738
f 576/749 562/750 469/614 472/613
f 573/744 565/743 562/750 576/749
f 570/737 573/740 576/751 577/752
f 473/615 577/752 576/751 472/616
f 489/636 578/753 579/754 486/633
f 486/633 579/754 580/755 487/634
f 579/754 581/756 582/757 580/755
f 578/753 583/758 581/756 579/754
f 584/759 585/760 582/757 581/756
f 584/759 586/761 587/762 585/760
f 588/763 589/764 586/761 584/759
f 583/758 588/763 584/759 581/756
f 590/765 588/763 583/758 591/766
f 590/765 592/767 589/764 588/763
f 593/768 594/769 592/767 590/765
f 595/770 593/768 590/765 591/766
f 596/771 578/753 489/636 492/639
f 596/771 591/766 583/758 578/753
f 597/772 595/770 591/766 596/771
f 494/641 597/772 596/771 492/639
f 505/652 598/773 599/774 503/650
f 599/774 597/772 494/641 503/650
f 599/774 600/775 595/770 597/772
f 598/773 601/776 600/775 599/774
f 602/777 593/768 595/770 600/775
f 602/777 603/778 594/769 593/768
f 604/779 605/780 603/778 602/777
f 601/776 604/779 602/777 600/775
f 606/781 604/779 601/776 607/782
f 606/781 608/783 605/780 604/779
f 609/784 610/785 608/783 606/781
f 611/786 609/784 606/781 607/782
f 612/787 598/773 505/652 508/655
f 612/787 607/782 601/776 598/773
f 613/788 611/786 607/782 612/787
f 510/657 613/788 612/787 508/655
f 521/668 614/789 615/790 520/667
f 615/790 613/788 510/657 520/667
f 615/790 616/791 611/786 613/788
f 614/789 617/792 616/791 615/790
f 618/793 609/784 611/786 616/791
f 618/793 619/794 610/785 609/784
f 620/795 621/796 619/794 618/793
f 617/792 620/795 618/793 616/791
f 622/797 620/795 617/792 623/798
f 622/797 624/799 621/796 620/795
f 533/682 535/684 624/799 622/797
f 530/678 533/682 622/797 623/798
f 625/800 614/789 521/668 524/671
f 625/800 623/798 617/792 614/789
f 528/676 530/678 623/798 625/800
f 435/556 528/676 625/800 524/671
f 626/801 627/802 628/803 629/804
f 627/802 534/687 537/686 628/803
f 630/805 535/684 534/683 627/806
f 631/807 630/805 627/806 626/808
f 632/809 633/810 634/811 635/812
f 634/813 633/814 636/815 637/816
f 633/814 626/801 629/804 636/815
f 632/809 631/807 626/808 633/810
f 638/817 639/818 640/819 641/820
f 639/818 642/821 643/822 640/819
f 636/823 629/824 642/825 639/826
f 636/823 639/826 638/827 637/828
f 642/821 644/829 645/830 643/822
f 644/829 540/697 542/696 645/830
f 628/831 537/694 540/693 644/832
f 629/824 628/831 644/832 642/825
f 646/833 647/834 648/835 649/836
f 647/834 551/713 553/716 648/835
f 645/837 542/714 551/713 647/834
f 643/838 645/837 647/834 646/833
f 640/839 650/840 1412/841 641/842
f 1412/841 650/840 652/843 1407/844
f 650/840 646/833 649/836 652/843
f 640/839 643/838 646/833 650/840
f 1408/845 655/846 656/847 1409/848
f 655/846 658/849 659/850 656/847
f 652/843 649/836 658/849 655/846
f 652/843 655/846 1408/845 1407/844
f 658/849 660/851 661/852 659/850
f 660/851 556/719 557/720 661/852
f 648/835 553/716 556/719 660/851
f 649/836 648/835 660/851 658/849
f 662/853 663/854 664/855 665/856
f 663/854 568/736 569/735 664/855
f 661/852 557/720 568/734 663/857
f 659/850 661/852 663/857 662/858
f 656/847 666/859 1404/860 1409/848
f 1404/861 666/862 668/863 1398/864
f 666/862 662/853 665/856 668/863
f 656/847 659/850 662/858 666/859
f 1399/865 671/866 1411/867 1400/868
f 671/866 674/869 1410/870 1411/867
f 668/871 665/872 674/873 671/874
f 1398/875 668/871 671/874 1399/876
f 676/877 677/878 1410/870 674/869
f 676/877 574/748 575/747 677/878
f 664/879 569/746 574/745 676/880
f 665/872 664/879 676/880 674/873
f 678/881 679/882 680/883 681/884
f 679/882 682/885 683/886 680/883
f 586/761 589/764 682/885 679/882
f 587/762 586/761 679/882 678/881
f 684/887 685/888 686/889 687/890
f 685/888 688/891 689/892 686/889
f 680/883 683/886 688/891 685/888
f 681/884 680/883 685/888 684/887
f 690/893 691/894 692/895 693/896
f 694/897 695/898 691/894 690/893
f 683/886 694/897 690/893 688/891
f 688/891 690/893 693/896 689/892
f 682/885 696/899 694/897 683/886
f 696/899 697/900 695/898 694/897
f 594/769 697/900 696/899 592/767
f 589/764 592/767 696/899 682/885
f 697/900 698/901 699/902 695/898
f 698/901 700/903 701/904 699/902
f 605/780 700/903 698/901 603/778
f 594/769 603/778 698/901 697/900
f 691/894 702/905 1406/906 692/895
f 702/905 704/907 705/908 1406/906
f 699/902 701/904 704/907 702/905
f 695/898 699/902 702/905 691/894
f 706/909 707/910 708/911 709/912
f 710/913 711/914 708/911 707/910
f 701/904 710/913 707/910 704/907
f 704/907 707/910 706/909 705/908
f 700/903 712/915 710/913 701/904
f 712/915 713/916 711/914 710/913
f 610/785 713/916 712/915 608/783
f 712/915 700/903 605/780 608/783
f 714/917 715/918 716/919 717/920
f 621/796 715/918 714/917 619/794
f 714/917 713/916 610/785 619/794
f 711/914 713/916 714/917 717/920
f 708/911 718/921 1401/922 709/912
f 1401/922 718/921 720/923 1402/924
f 718/921 717/920 716/919 720/923
f 711/914 717/920 718/921 708/911
f 1403/925 723/926 632/809 635/812
f 723/926 724/927 631/807 632/809
f 720/923 716/919 724/927 723/926
f 720/923 723/926 1403/925 1402/924
f 724/927 725/928 630/805 631/807
f 535/684 630/805 725/928 624/799
f 725/928 715/918 621/796 624/799
f 716/919 715/918 725/928 724/927
f 726/929 727/930 728/931 729/932
f 727/930 730/933 731/934 728/931
f 732/935 733/936 730/933 727/930
f 734/937 732/935 727/930 726/929
f 730/933 735/938 736/939 731/934
f 735/938 737/940 738/941 736/939
f 739/942 740/943 737/940 735/938
f 733/936 739/942 735/938 730/933
f 741/944 742/945 739/942 733/936
f 742/945 743/946 740/943 739/942
f 744/947 745/948 743/946 742/945
f 746/949 744/947 742/945 741/944
f 747/950 748/951 732/935 734/937
f 748/951 741/944 733/936 732/935
f 749/952 746/949 741/944 748/951
f 750/953 749/952 748/951 747/950
f 737/940 751/954 752/955 738/941
f 751/954 753/956 754/957 752/955
f 755/958 756/959 753/956 751/954
f 740/943 755/958 751/954 737/940
f 753/956 757/960 758/961 754/957
f 757/960 759/962 760/963 758/961
f 761/964 762/965 759/962 757/960
f 756/959 761/964 757/960 753/956
f 763/966 764/967 761/964 756/959
f 764/967 765/968 762/965 761/964
f 766/969 767/970 765/968 764/967
f 768/971 766/969 764/967 763/966
f 743/946 769/972 755/958 740/943
f 769/972 763/966 756/959 755/958
f 770/973 768/971 763/966 769/972
f 745/948 770/973 769/972 743/946
f 759/962 771/974 772/975 760/963
f 771/976 773/977 774/978 772/979
f 775/980 776/981 773/977 771/976
f 762/965 775/982 771/974 759/962
f 773/983 777/984 778/985 774/986
f 777/987 64/988 65/989 778/990
f 779/991 61/992 64/988 777/987
f 776/993 779/994 777/984 773/983
f 780/995 781/996 779/994 776/993
f 779/991 781/997 59/998 61/992
f 782/999 60/1000 59/998 781/997
f 783/1001 782/1002 781/996 780/995
f 765/968 784/1003 775/982 762/965
f 784/1004 780/1005 776/981 775/980
f 785/1006 783/1007 780/1005 784/1004
f 767/970 785/1008 784/1003 765/968
f 786/1009 787/1010 788/1011 789/1012
f 789/1012 788/1011 790/1013 791/1014
f 792/1015 793/1016 790/1013 788/1011
f 794/1017 792/1015 788/1011 787/1010
f 790/1013 795/1018 796/1019 791/1014
f 795/1018 797/1020 798/1021 796/1019
f 799/1022 800/1023 797/1020 795/1018
f 793/1016 799/1022 795/1018 790/1013
f 801/1024 802/1025 799/1022 793/1016
f 802/1025 803/1026 800/1023 799/1022
f 804/1027 805/1028 803/1026 802/1025
f 806/1029 804/1027 802/1025 801/1024
f 807/1030 808/1031 792/1015 794/1017
f 808/1031 801/1024 793/1016 792/1015
f 809/1032 806/1029 801/1024 808/1031
f 810/1033 809/1032 808/1031 807/1030
f 797/1020 811/1034 812/1035 798/1021
f 811/1034 813/1036 814/1037 812/1035
f 815/1038 816/1039 813/1036 811/1034
f 800/1023 815/1038 811/1034 797/1020
f 813/1036 817/1040 818/1041 814/1037
f 817/1040 819/1042 820/1043 818/1041
f 821/1044 822/1045 819/1042 817/1040
f 816/1039 821/1044 817/1040 813/1036
f 823/1046 824/1047 821/1044 816/1039
f 824/1047 825/1048 822/1045 821/1044
f 826/1049 827/1050 825/1048 824/1047
f 828/1051 826/1049 824/1047 823/1046
f 803/1026 829/1052 815/1038 800/1023
f 829/1052 823/1046 816/1039 815/1038
f 830/1053 828/1051 823/1046 829/1052
f 805/1028 830/1053 829/1052 803/1026
f 819/1042 831/1054 832/1055 820/1043
f 831/1054 833/1056 834/1057 832/1055
f 835/1058 836/1059 833/1056 831/1054
f 822/1045 835/1058 831/1054 819/1042
f 833/1056 837/1060 838/1061 834/1057
f 837/1060 726/929 729/932 838/1061
f 839/1062 734/937 726/929 837/1060
f 836/1059 839/1062 837/1060 833/1056
f 840/1063 841/1064 839/1062 836/1059
f 841/1064 747/950 734/937 839/1062
f 842/1065 750/953 747/950 841/1064
f 843/1066 842/1065 841/1064 840/1063
f 825/1048 844/1067 835/1058 822/1045
f 844/1067 840/1063 836/1059 835/1058
f 845/1068 843/1066 840/1063 844/1067
f 827/1050 845/1068 844/1067 825/1048
f 846/1069 847/1070 746/949 749/952
f 848/1071 849/1072 847/1070 846/1069
f 850/1073 848/1071 846/1069 851/1074
f 851/1074 846/1069 749/952 750/953
f 847/1070 852/1075 744/947 746/949
f 852/1075 853/1076 745/948 744/947
f 854/1077 855/1078 853/1076 852/1075
f 849/1072 854/1077 852/1075 847/1070
f 849/1072 856/1079 857/1080 854/1077
f 857/1080 858/1081 855/1078 854/1077
f 859/1082 860/1083 858/1081 857/1080
f 861/1084 859/1082 857/1080 856/1079
f 862/1085 863/1086 848/1071 850/1073
f 863/1086 856/1079 849/1072 848/1071
f 864/1087 861/1084 856/1079 863/1086
f 865/1088 864/1087 863/1086 862/1085
f 853/1076 866/1089 770/973 745/948
f 866/1089 867/1090 768/971 770/973
f 868/1091 869/1092 867/1090 866/1089
f 855/1078 868/1091 866/1089 853/1076
f 870/1093 871/1094 767/970 766/969
f 872/1095 873/1096 871/1094 870/1093
f 869/1092 872/1095 870/1093 867/1090
f 867/1090 870/1093 766/969 768/971
f 874/1097 875/1098 872/1095 869/1092
f 872/1095 875/1098 876/1099 873/1096
f 877/1100 878/1101 876/1099 875/1098
f 879/1102 877/1100 875/1098 874/1097
f 855/1078 858/1081 880/1103 868/1091
f 880/1103 874/1097 869/1092 868/1091
f 881/1104 879/1102 874/1097 880/1103
f 860/1083 881/1104 880/1103 858/1081
f 871/1094 882/1105 785/1008 767/970
f 785/1006 882/1106 883/1107 783/1007
f 884/1108 885/1109 883/1107 882/1106
f 873/1096 884/1110 882/1105 871/1094
f 782/999 886/1111 176/1112 60/1000
f 887/1113 175/1114 176/1112 886/1111
f 885/1115 887/1116 886/1117 883/1118
f 883/1118 886/1117 782/1002 783/1001
f 888/1119 889/1120 887/1116 885/1115
f 887/1113 889/1121 173/1122 175/1114
f 890/1123 174/1124 173/1122 889/1121
f 891/1125 890/1126 889/1120 888/1119
f 876/1099 892/1127 884/1110 873/1096
f 884/1108 892/1128 888/1129 885/1109
f 893/1130 891/1131 888/1129 892/1128
f 878/1101 893/1132 892/1127 876/1099
f 894/1133 895/1134 809/1032 810/1033
f 895/1134 896/1135 806/1029 809/1032
f 897/1136 898/1137 896/1135 895/1134
f 899/1138 897/1136 895/1134 894/1133
f 896/1135 900/1139 804/1027 806/1029
f 900/1139 901/1140 805/1028 804/1027
f 902/1141 903/1142 901/1140 900/1139
f 898/1137 902/1141 900/1139 896/1135
f 904/1143 905/1144 902/1141 898/1137
f 905/1144 906/1145 903/1142 902/1141
f 907/1146 908/1147 906/1145 905/1144
f 909/1148 907/1146 905/1144 904/1143
f 910/1149 911/1150 897/1136 899/1138
f 911/1150 904/1143 898/1137 897/1136
f 912/1151 909/1148 904/1143 911/1150
f 913/1152 912/1151 911/1150 910/1149
f 901/1140 914/1153 830/1053 805/1028
f 914/1153 915/1154 828/1051 830/1053
f 916/1155 917/1156 915/1154 914/1153
f 903/1142 916/1155 914/1153 901/1140
f 915/1154 918/1157 826/1049 828/1051
f 918/1157 919/1158 827/1050 826/1049
f 920/1159 921/1160 919/1158 918/1157
f 917/1156 920/1159 918/1157 915/1154
f 922/1161 923/1162 920/1159 917/1156
f 923/1162 924/1163 921/1160 920/1159
f 925/1164 926/1165 924/1163 923/1162
f 927/1166 925/1164 923/1162 922/1161
f 906/1145 928/1167 916/1155 903/1142
f 928/1167 922/1161 917/1156 916/1155
f 929/1168 927/1166 922/1161 928/1167
f 908/1147 929/1168 928/1167 906/1145
f 919/1158 930/1169 845/1068 827/1050
f 930/1169 931/1170 843/1066 845/1068
f 932/1171 933/1172 931/1170 930/1169
f 921/1160 932/1171 930/1169 919/1158
f 931/1170 934/1173 842/1065 843/1066
f 934/1173 851/1074 750/953 842/1065
f 935/1174 850/1073 851/1074 934/1173
f 933/1172 935/1174 934/1173 931/1170
f 936/1175 937/1176 935/1174 933/1172
f 937/1176 862/1085 850/1073 935/1174
f 938/1177 865/1088 862/1085 937/1176
f 939/1178 938/1177 937/1176 936/1175
f 924/1163 940/1179 932/1171 921/1160
f 940/1179 936/1175 933/1172 932/1171
f 941/1180 939/1178 936/1175 940/1179
f 926/1165 941/1180 940/1179 924/1163
f 942/1181 943/1182 864/1087 865/1088
f 943/1182 944/1183 861/1084 864/1087
f 945/1184 946/1185 944/1183 943/1182
f 947/1186 945/1184 943/1182 942/1181
f 944/1183 948/1187 859/1082 861/1084
f 948/1187 949/1188 860/1083 859/1082
f 950/1189 951/1190 949/1188 948/1187
f 946/1185 950/1189 948/1187 944/1183
f 952/1191 953/1192 950/1189 946/1185
f 950/1189 953/1192 954/1193 951/1190
f 955/1194 956/1195 954/1193 953/1192
f 957/1196 955/1194 953/1192 952/1191
f 947/1186 958/1197 959/1198 945/1184
f 959/1198 952/1191 946/1185 945/1184
f 960/1199 957/1196 952/1191 959/1198
f 961/1200 960/1199 959/1198 958/1197
f 949/1188 962/1201 881/1104 860/1083
f 962/1201 963/1202 879/1102 881/1104
f 964/1203 965/1204 963/1202 962/1201
f 951/1190 964/1203 962/1201 949/1188
f 963/1202 966/1205 877/1100 879/1102
f 966/1205 967/1206 878/1101 877/1100
f 968/1207 969/1208 967/1206 966/1205
f 965/1204 968/1207 966/1205 963/1202
f 970/1209 971/1210 968/1207 965/1204
f 968/1207 971/1210 972/1211 969/1208
f 973/1212 974/1213 972/1211 971/1210
f 975/1214 973/1212 971/1210 970/1209
f 954/1193 976/1215 964/1203 951/1190
f 964/1203 976/1215 970/1209 965/1204
f 977/1216 975/1214 970/1209 976/1215
f 956/1195 977/1216 976/1215 954/1193
f 967/1206 978/1217 893/1132 878/1101
f 978/1218 979/1219 891/1131 893/1130
f 980/1220 981/1221 979/1219 978/1218
f 969/1208 980/1222 978/1217 967/1206
f 979/1223 982/1224 890/1126 891/1125
f 982/1225 277/1226 174/1124 890/1123
f 983/1227 275/1228 277/1226 982/1225
f 981/1229 983/1230 982/1224 979/1223
f 984/1231 985/1232 983/1230 981/1229
f 983/1227 985/1233 273/1234 275/1228
f 986/1235 274/1236 273/1234 985/1233
f 987/1237 986/1238 985/1232 984/1231
f 972/1211 988/1239 980/1222 969/1208
f 980/1220 988/1240 984/1241 981/1221
f 989/1242 987/1243 984/1241 988/1240
f 974/1213 989/1244 988/1239 972/1211
f 990/1245 991/1246 912/1151 913/1152
f 991/1246 992/1247 909/1148 912/1151
f 993/1248 994/1249 992/1247 991/1246
f 995/1250 993/1248 991/1246 990/1245
f 992/1247 996/1251 907/1146 909/1148
f 996/1251 997/1252 908/1147 907/1146
f 998/1253 999/1254 997/1252 996/1251
f 994/1249 998/1253 996/1251 992/1247
f 1000/1255 1001/1256 998/1253 994/1249
f 1001/1256 1002/1257 999/1254 998/1253
f 1003/1258 1004/1259 1002/1257 1001/1256
f 1005/1260 1003/1258 1001/1256 1000/1255
f 1006/1261 1007/1262 993/1248 995/1250
f 1007/1262 1000/1255 994/1249 993/1248
f 1008/1263 1005/1260 1000/1255 1007/1262
f 1009/1264 1008/1263 1007/1262 1006/1261
f 997/1252 1010/1265 929/1168 908/1147
f 1010/1265 1011/1266 927/1166 929/1168
f 1012/1267 1013/1268 1011/1266 1010/1265
f 999/1254 1012/1267 1010/1265 997/1252
f 1011/1266 1014/1269 925/1164 927/1166
f 1014/1269 1015/1270 926/1165 925/1164
f 1016/1271 1017/1272 1015/1270 1014/1269
f 1013/1268 1016/1271 1014/1269 1011/1266
f 1018/1273 1019/1274 1016/1271 1013/1268
f 1019/1274 1020/1275 1017/1272 1016/1271
f 1021/1276 1022/1277 1020/1275 1019/1274
f 1023/1278 1021/1276 1019/1274 1018/1273
f 1002/1257 1024/1279 1012/1267 999/1254
f 1024/1279 1018/1273 1013/1268 1012/1267
f 1025/1280 1023/1278 1018/1273 1024/1279
f 1004/1259 1025/1280 1024/1279 1002/1257
f 1026/1281 1027/1282 939/1178 941/1180
f 1028/1283 1029/1284 1027/1282 1026/1281
f 1017/1272 1028/1283 1026/1281 1015/1270
f 1015/1270 1026/1281 941/1180 926/1165
f 1027/1282 1030/1285 938/1177 939/1178
f 1030/1285 942/1181 865/1088 938/1177
f 1031/1286 947/1186 942/1181 1030/1285
f 1029/1284 1031/1286 1030/1285 1027/1282
f 1029/1284 1032/1287 1033/1288 1031/1286
f 1033/1288 958/1197 947/1186 1031/1286
f 1034/1289 961/1200 958/1197 1033/1288
f 1035/1290 1034/1289 1033/1288 1032/1287
f 1020/1275 1036/1291 1028/1283 1017/1272
f 1036/1291 1032/1287 1029/1284 1028/1283
f 1037/1292 1035/1290 1032/1287 1036/1291
f 1022/1277 1037/1292 1036/1291 1020/1275
f 1038/1293 1039/1294 960/1199 961/1200
f 1039/1294 1040/1295 957/1196 960/1199
f 1041/1296 1042/1297 1040/1295 1039/1294
f 1043/1298 1041/1296 1039/1294 1038/1293
f 1044/1299 1045/1300 956/1195 955/1194
f 1046/1301 1047/1302 1045/1300 1044/1299
f 1042/1297 1046/1301 1044/1299 1040/1295
f 1040/1295 1044/1299 955/1194 957/1196
f 1048/1303 1049/1304 1046/1301 1042/1297
f 1049/1304 1050/1305 1047/1302 1046/1301
f 1051/1306 1052/1307 1050/1305 1049/1304
f 1053/1308 1051/1306 1049/1304 1048/1303
f 1054/1309 1055/1310 1041/1296 1043/1298
f 1055/1310 1048/1303 1042/1297 1041/1296
f 1056/1311 1053/1308 1048/1303 1055/1310
f 1057/1312 1056/1311 1055/1310 1054/1309
f 1045/1300 1058/1313 977/1216 956/1195
f 1058/1313 1059/1314 975/1214 977/1216
f 1060/1315 1061/1316 1059/1314 1058/1313
f 1047/1302 1060/1315 1058/1313 1045/1300
f 973/1212 1062/1317 1063/1318 974/1213
f 1064/1319 1065/1320 1063/1318 1062/1317
f 1061/1316 1064/1319 1062/1317 1059/1314
f 1059/1314 1062/1317 973/1212 975/1214
f 1066/1321 1067/1322 1064/1319 1061/1316
f 1067/1322 1068/1323 1065/1320 1064/1319
f 1069/1324 1070/1325 1068/1323 1067/1322
f 1071/1326 1069/1324 1067/1322 1066/1321
f 1050/1305 1072/1327 1060/1315 1047/1302
f 1072/1327 1066/1321 1061/1316 1060/1315
f 1073/1328 1071/1326 1066/1321 1072/1327
f 1052/1307 1073/1328 1072/1327 1050/1305
f 1063/1318 1074/1329 989/1244 974/1213
f 989/1242 1074/1330 1075/1331 987/1243
f 1076/1332 1077/1333 1075/1331 1074/1330
f 1065/1320 1076/1334 1074/1329 1063/1318
f 986/1235 1078/1335 376/1336 274/1236
f 1079/1337 375/1338 376/1336 1078/1335
f 1077/1339 1079/1340 1078/1341 1075/1342
f 1075/1342 1078/1341 986/1238 987/1237
f 1080/1343 1081/1344 1079/1340 1077/1339
f 1079/1337 1081/1345 373/1346 375/1338
f 1082/1347 374/1348 373/1346 1081/1345
f 1083/1349 1082/1350 1081/1344 1080/1343
f 1068/1323 1084/1351 1076/1334 1065/1320
f 1084/1352 1080/1353 1077/1333 1076/1332
f 1085/1354 1083/1355 1080/1353 1084/1352
f 1070/1325 1085/1356 1084/1351 1068/1323
f 1086/1357 1087/1358 1008/1263 1009/1264
f 1087/1358 1088/1359 1005/1260 1008/1263
f 1089/1360 1090/1361 1088/1359 1087/1358
f 1091/1362 1089/1360 1087/1358 1086/1357
f 1088/1359 1092/1363 1003/1258 1005/1260
f 1092/1363 1093/1364 1004/1259 1003/1258
f 1094/1365 1095/1366 1093/1364 1092/1363
f 1090/1361 1094/1365 1092/1363 1088/1359
f 1096/1367 1097/1368 1094/1365 1090/1361
f 1097/1368 1098/1369 1095/1366 1094/1365
f 1099/1370 1100/1371 1098/1369 1097/1368
f 1101/1372 1099/1370 1097/1368 1096/1367
f 1102/1373 1103/1374 1089/1360 1091/1362
f 1103/1374 1096/1367 1090/1361 1089/1360
f 1104/1375 1101/1372 1096/1367 1103/1374
f 1105/1376 1104/1375 1103/1374 1102/1373
f 1093/1364 1106/1377 1025/1280 1004/1259
f 1106/1377 1107/1378 1023/1278 1025/1280
f 1108/1379 1109/1380 1107/1378 1106/1377
f 1095/1366 1108/1379 1106/1377 1093/1364
f 1107/1378 1110/1381 1021/1276 1023/1278
f 1110/1381 1111/1382 1022/1277 1021/1276
f 1112/1383 1113/1384 1111/1382 1110/1381
f 1109/1380 1112/1383 1110/1381 1107/1378
f 1114/1385 1115/1386 1112/1383 1109/1380
f 1115/1386 1116/1387 1113/1384 1112/1383
f 1117/1388 1118/1389 1116/1387 1115/1386
f 1119/1390 1117/1388 1115/1386 1114/1385
f 1098/1369 1120/1391 1108/1379 1095/1366
f 1120/1391 1114/1385 1109/1380 1108/1379
f 1121/1392 1119/1390 1114/1385 1120/1391
f 1100/1371 1121/1392 1120/1391 1098/1369
f 1122/1393 1123/1394 1035/1290 1037/1292
f 1124/1395 1125/1396 1123/1394 1122/1393
f 1113/1384 1124/1395 1122/1393 1111/1382
f 1111/1382 1122/1393 1037/1292 1022/1277
f 1035/1290 1123/1394 1126/1397 1034/1289
f 1126/1397 1038/1293 961/1200 1034/1289
f 1127/1398 1043/1298 1038/1293 1126/1397
f 1125/1396 1127/1398 1126/1397 1123/1394
f 1128/1399 1129/1400 1127/1398 1125/1396
f 1127/1398 1129/1400 1054/1309 1043/1298
f 1130/1401 1057/1312 1054/1309 1129/1400
f 1128/1399 1131/1402 1130/1401 1129/1400
f 1116/1387 1132/1403 1124/1395 1113/1384
f 1124/1395 1132/1403 1128/1399 1125/1396
f 1132/1403 1133/1404 1131/1402 1128/1399
f 1118/1389 1133/1404 1132/1403 1116/1387
f 1134/1405 1135/1406 1056/1311 1057/1312
f 1135/1406 1136/1407 1053/1308 1056/1311
f 1137/1408 1138/1409 1136/1407 1135/1406
f 1139/1410 1137/1408 1135/1406 1134/1405
f 1136/1407 1140/1411 1051/1306 1053/1308
f 1140/1411 1141/1412 1052/1307 1051/1306
f 1142/1413 1143/1414 1141/1412 1140/1411
f 1138/1409 1142/1413 1140/1411 1136/1407
f 1144/1415 1145/1416 1142/1413 1138/1409
f 1145/1416 1146/1417 1143/1414 1142/1413
f 1147/1418 1148/1419 1146/1417 1145/1416
f 1149/1420 1147/1418 1145/1416 1144/1415
f 1150/1421 1151/1422 1137/1408 1139/1410
f 1151/1422 1144/1415 1138/1409 1137/1408
f 1152/1423 1149/1420 1144/1415 1151/1422
f 1153/1424 1152/1423 1151/1422 1150/1421
f 1141/1412 1154/1425 1073/1328 1052/1307
f 1154/1425 1155/1426 1071/1326 1073/1328
f 1156/1427 1157/1428 1155/1426 1154/1425
f 1143/1414 1156/1427 1154/1425 1141/1412
f 1155/1426 1158/1429 1069/1324 1071/1326
f 1158/1429 1159/1430 1070/1325 1069/1324
f 1160/1431 1161/1432 1159/1430 1158/1429
f 1157/1428 1160/1431 1158/1429 1155/1426
f 1162/1433 1163/1434 1160/1431 1157/1428
f 1163/1434 1164/1435 1161/1432 1160/1431
f 1165/1436 1166/1437 1164/1435 1163/1434
f 1167/1438 1165/1436 1163/1434 1162/1433
f 1146/1417 1168/1439 1156/1427 1143/1414
f 1168/1439 1162/1433 1157/1428 1156/1427
f 1169/1440 1167/1438 1162/1433 1168/1439
f 1148/1419 1169/1440 1168/1439 1146/1417
f 1170/1441 1171/1442 1083/1355 1085/1354
f 1172/1443 1173/1444 1171/1442 1170/1441
f 1161/1432 1172/1445 1170/1446 1159/1430
f 1159/1430 1170/1446 1085/1356 1070/1325
f 1083/1349 1171/1447 1174/1448 1082/1350
f 1174/1449 477/1450 374/1348 1082/1347
f 1175/1451 475/1452 477/1450 1174/1449
f 1173/1453 1175/1454 1174/1448 1171/1447
f 1173/1453 1176/1455 1177/1456 1175/1454
f 1177/1457 474/1458 475/1452 1175/1451
f 1177/1457 1178/1459 473/1460 474/1458
f 1179/1461 1178/1462 1177/1456 1176/1455
f 1161/1432 1164/1435 1180/1463 1172/1445
f 1180/1464 1176/1465 1173/1444 1172/1443
f 1181/1466 1179/1467 1176/1465 1180/1464
f 1166/1437 1181/1468 1180/1463 1164/1435
f 1182/1469 1183/1470 1104/1375 1105/1376
f 1183/1470 1184/1471 1101/1372 1104/1375
f 1185/1472 1186/1473 1184/1471 1183/1470
f 1187/1474 1185/1472 1183/1470 1182/1469
f 1184/1471 1188/1475 1099/1370 1101/1372
f 1188/1475 1189/1476 1100/1371 1099/1370
f 1190/1477 1191/1478 1189/1476 1188/1475
f 1186/1473 1190/1477 1188/1475 1184/1471
f 1192/1479 1193/1480 1190/1477 1186/1473
f 1193/1480 1194/1481 1191/1478 1190/1477
f 1195/1482 1196/1483 1194/1481 1193/1480
f 1197/1484 1195/1482 1193/1480 1192/1479
f 1198/1485 1199/1486 1185/1472 1187/1474
f 1199/1486 1192/1479 1186/1473 1185/1472
f 1200/1487 1197/1484 1192/1479 1199/1486
f 1201/1488 1200/1487 1199/1486 1198/1485
f 1189/1476 1202/1489 1121/1392 1100/1371
f 1202/1489 1203/1490 1119/1390 1121/1392
f 1204/1491 1205/1492 1203/1490 1202/1489
f 1191/1478 1204/1491 1202/1489 1189/1476
f 1117/1388 1206/1493 1207/1494 1118/1389
f 1208/1495 1209/1496 1207/1494 1206/1493
f 1205/1492 1208/1495 1206/1493 1203/1490
f 1203/1490 1206/1493 1117/1388 1119/1390
f 1210/1497 1211/1498 1208/1495 1205/1492
f 1211/1498 1212/1499 1209/1496 1208/1495
f 1213/1500 1214/1501 1212/1499 1211/1498
f 1215/1502 1213/1500 1211/1498 1210/1497
f 1194/1481 1216/1503 1204/1491 1191/1478
f 1216/1503 1210/1497 1205/1492 1204/1491
f 1217/1504 1215/1502 1210/1497 1216/1503
f 1196/1483 1217/1504 1216/1503 1194/1481
f 1207/1494 1218/1505 1133/1404 1118/1389
f 1133/1404 1218/1505 1219/1506 1131/1402
f 1218/1505 1220/1507 1221/1508 1219/1506
f 1209/1496 1220/1507 1218/1505 1207/1494
f 1130/1401 1222/1509 1134/1405 1057/1312
f 1223/1510 1139/1410 1134/1405 1222/1509
f 1221/1508 1223/1510 1222/1509 1219/1506
f 1219/1506 1222/1509 1130/1401 1131/1402
f 1221/1508 1224/1511 1225/1512 1223/1510
f 1225/1512 1150/1421 1139/1410 1223/1510
f 1226/1513 1153/1424 1150/1421 1225/1512
f 1227/1514 1226/1513 1225/1512 1224/1511
f 1228/1515 1224/1511 1221/1508 1220/1507
f 1229/1516 1227/1514 1224/1511 1228/1515
f 1214/1501 1229/1516 1228/1515 1212/1499
f 1209/1496 1212/1499 1228/1515 1220/1507
f 1230/1517 1231/1518 1149/1420 1152/1423
f 1232/1519 1233/1520 1231/1518 1230/1517
f 1234/1521 1232/1519 1230/1517 1235/1522
f 1153/1424 1235/1522 1230/1517 1152/1423
f 1149/1420 1231/1518 1236/1523 1147/1418
f 1236/1523 1237/1524 1148/1419 1147/1418
f 1238/1525 1239/1526 1237/1524 1236/1523
f 1233/1520 1238/1525 1236/1523 1231/1518
f 1233/1520 1240/1527 1241/1528 1238/1525
f 1241/1528 1242/1529 1239/1526 1238/1525
f 1243/1530 1244/1531 1242/1529 1241/1528
f 1245/1532 1243/1530 1241/1528 1240/1527
f 1234/1521 1246/1533 1247/1534 1232/1519
f 1247/1534 1240/1527 1233/1520 1232/1519
f 1248/1535 1245/1532 1240/1527 1247/1534
f 1249/1536 1248/1535 1247/1534 1246/1533
f 1250/1537 1251/1538 1167/1438 1169/1440
f 1252/1539 1253/1540 1251/1538 1250/1537
f 1239/1526 1252/1539 1250/1537 1237/1524
f 1237/1524 1250/1537 1169/1440 1148/1419
f 1251/1538 1254/1541 1165/1436 1167/1438
f 1254/1541 1255/1542 1166/1437 1165/1436
f 1256/1543 1257/1544 1255/1542 1254/1541
f 1253/1540 1256/1543 1254/1541 1251/1538
f 1253/1540 1258/1545 1259/1546 1256/1543
f 1259/1546 1260/1547 1257/1544 1256/1543
f 1259/1546 1261/1548 1262/1549 1260/1547
f 1263/1550 1261/1548 1259/1546 1258/1545
f 1239/1526 1242/1529 1264/1551 1252/1539
f 1264/1551 1258/1545 1253/1540 1252/1539
f 1265/1552 1263/1550 1258/1545 1264/1551
f 1244/1531 1265/1552 1264/1551 1242/1529
f 1266/1553 1267/1554 1179/1467 1181/1466
f 1266/1553 1268/1555 1269/1556 1267/1554
f 1257/1544 1268/1557 1266/1558 1255/1542
f 1166/1437 1255/1542 1266/1558 1181/1468
f 1179/1461 1267/1559 1270/1560 1178/1462
f 1270/1561 577/1562 473/1460 1178/1459
f 1270/1561 1271/1563 570/1564 577/1562
f 1267/1559 1269/1565 1271/1566 1270/1560
f 1272/1567 571/1568 570/1564 1271/1563
f 1272/1567 1273/1569 575/1570 571/1568
f 1274/1571 1275/1572 1273/1573 1272/1574
f 1269/1565 1274/1571 1272/1574 1271/1566
f 1276/1575 1274/1576 1269/1556 1268/1555
f 1276/1575 1277/1577 1275/1578 1274/1576
f 1260/1547 1262/1549 1277/1579 1276/1580
f 1257/1544 1260/1547 1276/1580 1268/1557
f 1278/1581 1279/1582 1197/1484 1200/1487
f 1280/1583 1281/1584 1279/1582 1278/1581
f 1282/1585 1280/1583 1278/1581 1283/1586
f 1283/1586 1278/1581 1200/1487 1201/1488
f 1197/1484 1279/1582 1284/1587 1195/1482
f 1284/1587 1285/1588 1196/1483 1195/1482
f 1286/1589 1287/1590 1285/1588 1284/1587
f 1281/1584 1286/1589 1284/1587 1279/1582
f 1281/1584 1288/1591 1289/1592 1286/1589
f 1289/1592 1290/1593 1287/1590 1286/1589
f 1291/1594 1292/1595 1290/1593 1289/1592
f 1293/1596 1291/1594 1289/1592 1288/1591
f 1282/1585 1294/1597 1295/1598 1280/1583
f 1295/1598 1288/1591 1281/1584 1280/1583
f 1296/1599 1293/1596 1288/1591 1295/1598
f 1297/1600 1296/1599 1295/1598 1294/1597
f 1298/1601 1299/1602 1215/1502 1217/1504
f 1300/1603 1301/1604 1299/1602 1298/1601
f 1287/1590 1300/1603 1298/1601 1285/1588
f 1196/1483 1285/1588 1298/1601 1217/1504
f 1215/1502 1299/1602 1302/1605 1213/1500
f 1302/1605 1303/1606 1214/1501 1213/1500
f 1304/1607 1305/1608 1303/1606 1302/1605
f 1301/1604 1304/1607 1302/1605 1299/1602
f 1301/1604 1306/1609 1307/1610 1304/1607
f 1307/1610 1308/1611 1305/1608 1304/1607
f 1309/1612 1310/1613 1308/1611 1307/1610
f 1311/1614 1309/1612 1307/1610 1306/1609
f 1287/1590 1290/1593 1312/1615 1300/1603
f 1312/1615 1306/1609 1301/1604 1300/1603
f 1313/1616 1311/1614 1306/1609 1312/1615
f 1292/1595 1313/1616 1312/1615 1290/1593
f 1314/1617 1315/1618 1227/1514 1229/1516
f 1316/1619 1317/1620 1315/1618 1314/1617
f 1305/1608 1316/1619 1314/1617 1303/1606
f 1214/1501 1303/1606 1314/1617 1229/1516
f 1227/1514 1315/1618 1318/1621 1226/1513
f 1318/1621 1235/1522 1153/1424 1226/1513
f 1319/1622 1234/1521 1235/1522 1318/1621
f 1317/1620 1319/1622 1318/1621 1315/1618
f 1317/1620 1320/1623 1321/1624 1319/1622
f 1321/1624 1246/1533 1234/1521 1319/1622
f 1322/1625 1249/1536 1246/1533 1321/1624
f 1323/1626 1322/1625 1321/1624 1320/1623
f 1305/1608 1308/1611 1324/1627 1316/1619
f 1324/1627 1320/1623 1317/1620 1316/1619
f 1325/1628 1323/1626 1320/1623 1324/1627
f 1310/1613 1325/1628 1324/1627 1308/1611
f 1326/1629 1327/1630 1328/1631 1329/1632
f 1327/1630 1330/1633 1331/1634 1328/1631
f 1248/1535 1249/1536 1330/1633 1327/1630
f 1245/1532 1248/1535 1327/1630 1326/1629
f 1332/1635 1333/1636 1334/1637 1335/1638
f 1333/1636 1326/1629 1329/1632 1334/1637
f 1243/1530 1245/1532 1326/1629 1333/1636
f 1244/1531 1243/1530 1333/1636 1332/1635
f 1336/1639 1337/1640 1414/1641 1413/1642
f 1414/1641 1337/1640 1338/1643 1415/1644
f 1334/1637 1329/1632 1338/1643 1337/1640
f 1335/1638 1334/1637 1337/1640 1336/1639
f 1416/1645 1339/1646 1340/1647 1417/1648
f 1328/1631 1331/1634 1340/1647 1339/1646
f 1329/1632 1328/1631 1339/1646 1338/1643
f 1338/1643 1339/1646 1416/1645 1415/1644
f 1341/1649 1342/1650 1343/1651 1344/1652
f 1342/1650 1332/1635 1335/1638 1343/1651
f 1265/1552 1244/1531 1332/1635 1342/1650
f 1263/1550 1265/1552 1342/1650 1341/1649
f 1345/1653 1346/1654 1347/1655 1348/1656
f 1346/1654 1341/1649 1344/1652 1347/1655
f 1261/1548 1263/1550 1341/1649 1346/1654
f 1262/1549 1261/1548 1346/1654 1345/1653
f 1349/1657 1350/1658 654/1659 657/1660
f 654/1659 1350/1658 1351/1661 653/1662
f 1347/1655 1344/1652 1351/1661 1350/1658
f 1348/1656 1347/1655 1350/1658 1349/1657
f 651/1663 1352/1664 1336/1639 1413/1642
f 1343/1651 1335/1638 1336/1639 1352/1664
f 1344/1652 1343/1651 1352/1664 1351/1661
f 1351/1661 1352/1664 651/1663 653/1662
f 1353/1665 1354/1666 1355/1667 1356/1668
f 1354/1669 1345/1653 1348/1656 1355/1670
f 1277/1579 1262/1549 1345/1653 1354/1669
f 1275/1578 1277/1577 1354/1666 1353/1665
f 675/1671 677/1672 1357/1673 1358/1674
f 1357/1675 1353/1676 1356/1677 1358/1678
f 1273/1573 1275/1572 1353/1676 1357/1675
f 575/1570 1273/1569 1357/1673 677/1672
f 672/1679 1359/1680 670/1681 673/1682
f 1359/1683 1360/1684 669/1685 670/1686
f 1358/1678 1356/1677 1360/1684 1359/1683
f 675/1671 1358/1674 1359/1680 672/1679
f 667/1687 1361/1688 1349/1657 657/1660
f 1355/1670 1348/1656 1349/1657 1361/1688
f 1356/1668 1355/1667 1361/1689 1360/1690
f 1360/1690 1361/1689 667/1691 669/1692
f 1362/1693 1363/1694 1364/1695 1365/1696
f 1363/1694 1296/1599 1297/1600 1364/1695
f 1366/1697 1293/1596 1296/1599 1363/1694
f 1367/1698 1366/1697 1363/1694 1362/1693
f 1368/1699 1369/1700 1366/1697 1367/1698
f 1369/1700 1291/1594 1293/1596 1366/1697
f 1369/1700 1370/1701 1292/1595 1291/1594
f 1371/1702 1370/1701 1369/1700 1368/1699
f 1405/1703 1372/1704 1373/1705 1418/1706
f 1418/1706 1373/1705 1374/1707 1420/1708
f 1373/1705 1368/1699 1367/1698 1374/1707
f 1372/1704 1371/1702 1368/1699 1373/1705
f 1421/1709 1375/1710 1376/1711 1423/1712
f 1375/1710 1362/1693 1365/1696 1376/1711
f 1374/1707 1367/1698 1362/1693 1375/1710
f 1420/1708 1374/1707 1375/1710 1421/1709
f 1377/1713 1378/1714 1370/1701 1371/1702
f 1378/1714 1313/1616 1292/1595 1370/1701
f 1378/1714 1379/1715 1311/1614 1313/1616
f 1380/1716 1379/1715 1378/1714 1377/1713
f 1381/1717 1382/1718 1379/1715 1380/1716
f 1311/1614 1379/1715 1382/1718 1309/1612
f 1382/1718 1383/1719 1310/1613 1309/1612
f 1384/1720 1383/1719 1382/1718 1381/1717
f 1385/1721 1386/1722 1422/1723 1419/1724
f 1422/1723 1386/1722 1387/1725 1424/1726
f 1386/1722 1381/1717 1380/1716 1387/1725
f 1385/1721 1384/1720 1381/1717 1386/1722
f 703/1727 1388/1728 1372/1704 1405/1703
f 1388/1728 1377/1713 1371/1702 1372/1704
f 1387/1725 1380/1716 1377/1713 1388/1728
f 1424/1726 1387/1725 1388/1728 703/1727
f 1389/1729 1390/1730 1391/1731 1392/1732
f 1391/1731 1383/1719 1384/1720 1392/1732
f 1310/1613 1383/1719 1391/1731 1325/1628
f 1391/1731 1390/1730 1323/1626 1325/1628
f 1330/1633 1393/1733 1394/1734 1331/1634
f 1393/1733 1390/1730 1389/1729 1394/1734
f 1323/1626 1390/1730 1393/1733 1322/1625
f 1393/1733 1330/1633 1249/1536 1322/1625
f 1340/1647 1395/1735 722/1736 1417/1648
f 722/1736 1395/1735 1396/1737 721/1738
f 1394/1734 1389/1729 1396/1737 1395/1735
f 1331/1634 1394/1734 1395/1735 1340/1647
f 719/1739 1397/1740 1385/1721 1419/1724
f 1397/1740 1392/1732 1384/1720 1385/1721
f 1389/1729 1392/1732 1397/1740 1396/1737
f 1396/1737 1397/1740 719/1739 721/1738
f 485/632 487/634 1433/634 1432/632
f 1091/1362 1086/1357 1469/1357 1470/1362
f 1420/1708 1421/1709 1507/1709 1506/1708
f 1417/1648 722/1736 1468/1736 1503/1648
f 1414/1641 1415/1644 1501/1644 1500/1641
f 1406/906 705/908 1463/908 1492/906
f 1419/1724 1422/1723 1508/1723 1505/1724
f 703/1727 1405/1703 1491/1703 1462/1727
f 1403/925 635/812 1439/812 1489/925
f 1102/1373 1091/1362 1470/1362 1471/1373
f 721/1738 719/1739 1466/1739 1467/1738
f 722/1736 721/1738 1467/1738 1468/1736
f 1418/1706 1420/1708 1506/1708 1504/1706
f 379/498 381/500 1427/500 1426/498
f 1105/1376 1102/1373 1471/1373 1472/1376
f 585/760 587/762 1437/762 1436/760
f 709/912 1401/922 1487/922 1465/912
f 1407/844 1408/845 1494/845 1493/844
f 651/1663 1413/1642 1499/1642 1443/1663
f 481/628 485/632 1432/632 1431/628
f 479/626 481/628 1431/628 1430/626
f 1422/1723 1424/1726 1510/1726 1508/1723
f 1408/845 1409/848 1495/848 1494/845
f 1187/1474 1182/1469 1473/1469 1474/1474
f 1297/1600 1294/1597 1479/1597 1480/1600
f 641/842 1412/841 1498/841 1442/842
f 587/762 678/881 1454/881 1437/762
f 582/757 585/760 1436/760 1435/757
f 580/755 582/757 1435/757 1434/755
f 287/378 379/498 1426/498 1425/378
f 1404/861 1398/864 1484/864 1490/861
f 1421/1709 1423/1712 1509/1712 1507/1709
f 667/1687 657/1660 1446/1660 1447/1687
f 1412/841 1407/844 1493/844 1498/841
f 1411/867 1410/870 1496/870 1497/867
f 706/909 709/912 1465/912 1464/909
f 1182/1469 1105/1376 1472/1376 1473/1469
f 1405/1703 1418/1706 1504/1706 1491/1703
f 705/908 706/909 1464/909 1463/908
f 1398/875 1399/876 1485/876 1484/875
f 1399/865 1400/868 1486/868 1485/865
f 1423/1712 1376/1711 1483/1711 1509/1712
f 670/1686 669/1685 1448/1685 1449/1686
f 1409/848 1404/860 1490/860 1495/848
f 673/1682 670/1681 1449/1681 1451/1682
f 1424/1726 703/1727 1462/1727 1510/1726
f 1294/1597 1282/1585 1477/1585 1479/1597
f 1401/922 1402/924 1488/924 1487/922
f 678/881 681/884 1455/884 1454/881
f 669/1692 667/1691 1447/1691 1448/1692
f 1402/924 1403/925 1489/925 1488/924
f 654/1659 653/1662 1444/1662 1445/1659
f 657/1660 654/1659 1445/1659 1446/1660
f 677/1672 675/1671 1452/1671 1453/1672
f 672/1679 673/1682 1451/1682 1450/1679
f 1283/1586 1201/1488 1476/1488 1478/1586
f 675/1671 672/1679 1450/1679 1452/1671
f 1364/1695 1297/1600 1480/1600 1481/1695
f 387/506 479/626 1430/626 1429/506
f 653/1662 651/1663 1443/1663 1444/1662
f 638/817 641/820 1442/820 1441/817
f 637/828 638/827 1441/827 1440/828
f 635/812 634/811 1438/811 1439/812
f 1376/1711 1365/1696 1482/1696 1483/1711
f 693/896 692/895 1460/895 1461/896
f 692/895 1406/906 1492/906 1460/895
f 1400/868 1411/867 1497/867 1486/868
f 689/892 693/896 1461/896 1459/892
f 487/634 580/755 1434/755 1433/634
f 1198/1485 1187/1474 1474/1474 1475/1485
f 634/813 637/816 1440/816 1438/813
f 681/884 684/887 1456/887 1455/884
f 1282/1585 1283/1586 1478/1586 1477/1585
f 1416/1645 1417/1648 1503/1648 1502/1645
f 1415/1644 1416/1645 1502/1645 1501/1644
f 719/1739 1419/1724 1505/1724 1466/1739
f 684/887 687/890 1458/890 1456/887
f 1410/870 677/878 1453/878 1496/870
f 1201/1488 1198/1485 1475/1485 1476/1488
f 686/889 689/892 1459/892 1457/889
f 687/890 686/889 1457/889 1458/890
f 1365/1696 1364/1695 1481/1695 1482/1696
f 381/500 385/504 1428/504 1427/500
f 385/504 387/506 1429/506 1428/504
f 1413/1642 1414/1641 1500/1641 1499/1642