# https://github.com/mikedh/trimesh
mtllib material.mtl

o tree.023
usemtl Bark_NormalTree
v -0.70786933 -0.24277201 -0.21457375
v -0.69412333 -0.24277201 -0.13786193
v -0.51719840 -0.06185621 0.00979721
v -0.59790097 -0.04855377 -0.23763163
v -0.63337463 -0.24277201 -0.06248039
v -0.51719840 -0.06185621 0.00979721
v -0.54380365 -0.24277201 0.00004195
v -0.44846816 -0.24277201 0.04438403
v -0.48039446 0.12526730 0.02709062
v -0.59790097 -0.04855377 -0.23763163
v -0.51586813 0.14788173 -0.18575138
v -0.67062198 -0.24277201 -0.27753951
v -0.70786933 -0.24277201 -0.21457375
v -0.58991942 -0.24277201 -0.31523026
v -0.29726167 0.15630668 -0.26911450
v -0.29504455 -0.04589311 -0.28507765
v -0.51586813 0.14788173 -0.18575138
v -0.44669448 0.31327763 0.05103534
v -0.45600633 0.33899612 -0.13653167
v -0.48039446 0.12526730 0.02709062
v -0.37131293 0.10886080 0.18007081
v -0.36953925 0.29243684 0.20312869
v -0.37619058 -0.24277201 -0.30857896
v -0.59790097 -0.04855377 -0.23763163
v -0.48394183 -0.24277201 -0.32321184
v -0.34116032 0.26671856 0.38980886
v -0.36953925 0.29243684 0.20312869
v -0.38195503 0.08491594 0.40710229
v -0.21833275 -0.09067876 0.53613773
v -0.19571829 0.07471736 0.49800354
v -0.43605238 -0.08580107 0.44479304
v -0.48305498 -0.24277201 0.48292723
v -0.46443131 -0.24277201 0.56629035
v -0.46443131 -0.24277201 0.38138388
v -0.43605238 -0.08580107 0.44479304
v -0.42008923 -0.24277201 0.28072733
v -0.35756690 -0.06983797 0.15745634
v -0.36909584 -0.24277201 0.19736422
v -0.35756690 -0.06983797 0.15745634
v -0.33406558 -0.24277201 0.13838925
v -0.33273534 -0.24277201 0.10069848
v -0.37264321 -0.24277201 0.07409323
v -0.44846816 -0.24277201 0.04438403
v -0.38195503 0.08491594 0.40710229
v -0.48039446 0.12526730 0.02709062
v -0.51719840 -0.06185621 0.00979721
v -0.37131293 0.10886080 0.18007081
v -0.19571829 0.07471736 0.49800354
v -0.17798145 0.25430273 0.47849303
v -0.31943271 0.50173158 0.40178124
v -0.16822619 0.48931574 0.48824828
v 0.00116056 0.25829361 0.44434963
v 0.00071714 0.49241981 0.47228513
v -0.16822619 0.48931574 0.48824828
v 0.17985916 0.25341591 0.47849303
v 0.16966048 0.49020255 0.48824828
v -0.00016970 0.70005155 0.48913513
v 0.00071714 0.49241981 0.47228513
v -0.15581041 0.70005155 0.48780488
v -0.26932614 0.92619620 0.41419702
v -0.29282746 0.71158058 0.40532860
v -0.14383805 0.91378037 0.49223908
v 0.00160399 1.17273824 0.53259037
v -0.13585647 1.17628550 0.51751406
v 0.00027372 0.91111992 0.50332459
v 0.00116056 1.40243015 0.55077061
v -0.13585647 1.17628550 0.51751406
v 0.00116056 1.40243015 0.55077061
v -0.23606958 1.41617621 0.46164303
v -0.25424983 1.18914474 0.44301936
v -0.00061312 1.64154479 0.56806403
v -0.22054985 1.65351722 0.48248383
v -0.00061312 1.88143550 0.59156532
v -0.20990775 1.89518156 0.50908908
v -0.20990775 1.89518156 0.50908908
v -0.29548799 1.92710786 0.30201153
v -0.30967745 1.68677374 0.26476418
v -0.29548799 1.92710786 0.30201153
v -0.21744591 1.72091719 0.05014850
v -0.20813407 1.95814724 0.09670769
v -0.27154326 2.23439843 0.31708784
v -0.19172750 2.23129447 0.51130617
v 0.00249083 2.22819062 0.58979164
v -0.00061312 1.88143550 0.59156532
v -0.19172750 2.23129447 0.51130617
v -0.25203273 2.48681577 0.30688918
v -0.17798145 2.49878815 0.48647460
v 0.00249083 2.50499601 0.55963902
v 0.00249083 2.22819062 0.58979164
v 0.19670916 2.22730370 0.51086276
v 0.18251968 2.50144865 0.48603119
v 0.25612756 2.49080655 0.30600234
v 0.27652491 2.22907743 0.31664444
v 0.24060781 2.81051295 0.27540628
v 0.17010390 2.82780638 0.44567988
v 0.22154073 3.07833916 0.23815893
v 0.17010390 2.82780638 0.44567988
v 0.15635786 3.10228389 0.39424307
v 0.20868151 3.35281666 0.19869448
v 0.14837628 3.37410086 0.34280625
v 0.19848285 3.70001517 0.15080503
v -0.00194338 3.11292599 0.45853910
v -0.00105654 2.83268402 0.51574038
v -0.17221698 2.82292874 0.44656673
v -0.15980120 3.10405757 0.39424307
v 0.00249083 3.38474296 0.40178124
v -0.14295121 3.37897849 0.34191941
v -0.20325644 3.35991139 0.19736422
v -0.22542748 3.08099969 0.23771551
v -0.17221698 2.82292874 0.44656673
v -0.24272089 2.80341822 0.27673655
v -0.17798145 2.49878815 0.48647460
v 0.18251968 2.50144865 0.48603119
v -0.00105654 2.83268402 0.51574038
v 0.17010390 2.82780638 0.44567988
v -0.17798145 2.49878815 0.48647460
v -0.17753803 2.47561936 0.12774715
v -0.25203273 2.48681577 0.30688918
v -0.17221698 2.78612485 0.10690637
v -0.24272089 2.80341822 0.27673655
v -0.15980120 3.05749837 0.08163138
v -0.20325644 3.35991139 0.19736422
v -0.14295121 3.33907061 0.05325245
v 0.00293425 3.32842851 -0.00660936
v -0.00194338 3.04685627 0.01644852
v -0.17221698 2.78612485 0.10690637
v -0.00194338 3.04685627 0.01644852
v -0.00149996 2.78080380 0.03551561
v -0.19172750 3.69957176 0.15080503
v 0.00337767 3.67429676 -0.04252645
v -0.20325644 3.35991139 0.19736422
v 0.00337767 3.72529017 0.34413653
v -0.18108540 3.99001242 0.10779321
v 0.00337767 3.67429676 -0.04252645
v 0.00337767 3.72529017 0.34413653
v -0.00194338 4.02282553 0.28338786
v -0.00238680 3.96562426 -0.07001854
v -0.00194338 4.02282553 0.28338786
v -0.16778277 4.29242540 0.05192219
v -0.00416049 4.32135865 0.21332737
v 0.00293425 4.68452027 0.14282346
v -0.15093278 4.66367947 -0.01015673
v -0.16778277 4.29242540 0.05192219
v 0.00293425 4.68452027 0.14282346
v -0.13275253 4.97629115 -0.05316855
v 0.00692504 4.99447139 0.08650901
v 0.14793286 4.97673455 -0.05228171
v 0.15724470 4.65481111 -0.00793963
v 0.00293425 4.68452027 0.14282346
v -0.00416049 4.32135865 0.21332737
v 0.15990522 4.28976490 0.05280903
v -0.00194338 4.02282553 0.28338786
v 0.17675521 3.99843738 0.10601953
v 0.00337767 3.72529017 0.34413653
v 0.19848285 3.70001517 0.15080503
v -0.00194338 4.02282553 0.28338786
v 0.00249083 3.38474296 0.40178124
v -0.14295121 3.37897849 0.34191941
v 0.15635786 3.10228389 0.39424307
v 0.19848285 3.70001517 0.15080503
v 0.54390769 -0.24277201 0.00004195
v 0.63347867 -0.24277201 -0.06248039
v 0.51685898 -0.06141280 0.00979721
v 0.63347867 -0.24277201 -0.06248039
v 0.69378390 -0.24277201 -0.13786193
v 0.70797337 -0.24277201 -0.21457375
v 0.59800500 -0.04811036 -0.23763163
v 0.59800500 -0.04811036 -0.23763163
v 0.48094190 0.12216324 0.02664720
v 0.51685898 0.14477788 -0.18619481
v 0.44901560 0.31150400 0.05059192
v 0.45788402 0.33722249 -0.13697509
v 0.45788402 0.33722249 -0.13697509
v 0.42817481 0.55050790 0.08517875
v 0.42640113 0.57622617 -0.08908564
v 0.27164727 0.79716078 -0.15249482
v 0.38693669 0.78075406 -0.04252645
v 0.28494990 0.59174607 -0.19595007
v 0.25745780 1.00423827 -0.10637905
v 0.14970654 0.81001981 -0.24117900
v 0.35501039 0.98694474 0.00225905
v 0.14128155 1.01754092 -0.18796850
v 0.24858939 1.26718681 -0.05405539
v 0.33771699 1.24944987 0.05236561
v 0.35722751 1.22683545 0.18982606
v 0.37274722 0.96433032 0.14725766
v 0.33328278 1.45830120 0.22884710
v 0.23351308 1.49643531 -0.00040147
v 0.23351308 1.49643531 -0.00040147
v 0.30889462 1.69076452 0.26609445
v 0.21710652 1.72357763 0.05103534
v 0.24858939 1.26718681 -0.05405539
v 0.13640392 1.28048946 -0.13121062
v 0.25745780 1.00423827 -0.10637905
v 0.00160399 1.28758420 -0.16978823
v 0.00027372 1.02507906 -0.23275399
v 0.00160399 1.51239841 -0.10371853
v -0.13319595 1.28226309 -0.13121062
v -0.00016970 1.73688028 -0.04296987
v 0.21710652 1.72357763 0.05103534
v 0.29426175 1.92489072 0.30201153
v 0.20690783 1.95637361 0.09670769
v 0.20690783 1.95637361 0.09670769
v 0.27652491 2.22907743 0.31664444
v 0.19537889 2.23218139 0.12331294
v 0.00204741 2.23528535 0.04172351
v -0.00061312 1.97056307 0.00846694
v 0.21710652 1.72357763 0.05103534
v -0.00016970 1.73688028 -0.04296987
v -0.20813407 1.95814724 0.09670769
v -0.19084066 2.23617217 0.12375636
v -0.27154326 2.23439843 0.31708784
v -0.29548799 1.92710786 0.30201153
v -0.17753803 2.47561936 0.12774715
v -0.00149996 2.78080380 0.03551561
v 0.00160399 2.47251540 0.05236561
v 0.19537889 2.23218139 0.12331294
v 0.18118942 2.47872332 0.12686031
v 0.25612756 2.49080655 0.30600234
v 0.18118942 2.47872332 0.12686031
v 0.24060781 2.81051295 0.27540628
v 0.16921706 2.79100244 0.10557611
v -0.00149996 2.78080380 0.03551561
v 0.00160399 2.47251540 0.05236561
v 0.16921706 2.79100244 0.10557611
v 0.15591443 3.05572469 0.08163138
v 0.22154073 3.07833916 0.23815893
v 0.15591443 3.05572469 0.08163138
v 0.20868151 3.35281666 0.19869448
v 0.14837628 3.33419298 0.05413929
v 0.14837628 3.33419298 0.05413929
v 0.19848285 3.70001517 0.15080503
v 0.00293425 3.32842851 -0.00660936
v -0.00194338 3.04685627 0.01644852
v 0.00337767 3.67429676 -0.04252645
v 0.00293425 3.32842851 -0.00660936
v 0.19848285 3.70001517 0.15080503
v 0.17675521 3.99843738 0.10601953
v -0.00238680 3.96562426 -0.07001854
v -0.14295121 3.33907061 0.05325245
v -0.16778277 4.29242540 0.05192219
v -0.18108540 3.99001242 0.10779321
v -0.00371706 4.26094251 -0.10859616
v -0.00371706 4.26094251 -0.10859616
v 0.15990522 4.28976490 0.05280903
v 0.17675521 3.99843738 0.10601953
v 0.15724470 4.65481111 -0.00793963
v 0.00382109 4.63441373 -0.16136323
v -0.15093278 4.66367947 -0.01015673
v -0.16778277 4.29242540 0.05192219
v 0.00382109 4.63441373 -0.16136323
v 0.14793286 4.97673455 -0.05228171
v 0.00825530 4.95855431 -0.19195927
v -0.13275253 4.97629115 -0.05316855
v -0.15093278 4.66367947 -0.01015673
v 0.11689340 5.30586369 -0.10194484
v -0.00992496 5.27571113 -0.22610269
v -0.00992496 5.27571113 -0.22610269
v 0.08718421 5.69607402 -0.17510928
v -0.03120916 5.66547805 -0.29084213
v 0.67072602 -0.24277201 -0.27753951
v 0.70797337 -0.24277201 -0.21457375
v 0.58957999 -0.24277201 -0.31523026
v 0.59800500 -0.04811036 -0.23763163
v 0.48404586 -0.24277201 -0.32321184
v 0.37585118 -0.24277201 -0.30857896
v 0.29514859 -0.04544970 -0.28507765
v 0.28583674 -0.24277201 -0.28596449
v 0.29514859 -0.04544970 -0.28507765
v 0.17719863 -0.03835497 -0.41766049
v 0.29780911 0.15408964 -0.26911450
v 0.51685898 0.14477788 -0.18619481
v 0.17187758 0.16694889 -0.38529075
v 0.29204463 0.35185536 -0.23763163
v 0.16478285 0.36604483 -0.34139211
v 0.29780911 0.15408964 -0.26911450
v 0.45788402 0.33722249 -0.13697509
v 0.42640113 0.57622617 -0.08908564
v 0.16478285 0.36604483 -0.34139211
v 0.15901838 0.60549213 -0.29305922
v 0.27164727 0.79716078 -0.15249482
v 0.14970654 0.81001981 -0.24117900
v 0.00027372 1.02507906 -0.23275399
v 0.00027372 0.81800158 -0.29971055
v 0.14970654 0.81001981 -0.24117900
v 0.00071714 0.61702094 -0.37376181
v 0.00071714 0.61702094 -0.37376181
v 0.16478285 0.36604483 -0.34139211
v 0.00116056 0.38023430 -0.44293546
v -0.16290514 0.36693164 -0.34094867
v 0.00116056 0.38023430 -0.44293546
v -0.15758409 0.60504873 -0.29350266
v -0.15758409 0.60504873 -0.29350266
v 0.00027372 0.81800158 -0.29971055
v -0.14960252 0.80868959 -0.24162240
v -0.27154326 0.79538694 -0.15293824
v -0.28351561 0.59041563 -0.19639348
v -0.25691036 1.00689872 -0.10593563
v -0.14029068 1.01887115 -0.18796850
v 0.00027372 0.81800158 -0.29971055
v 0.00160399 1.28758420 -0.16978823
v 0.00027372 1.02507906 -0.23275399
v -0.24582484 1.27029066 -0.05361197
v -0.25691036 1.00689872 -0.10593563
v -0.23074853 1.49421828 -0.00084489
v -0.21744591 1.72091719 0.05014850
v -0.33450902 1.25344075 0.05325245
v -0.30967745 1.68677374 0.26476418
v -0.33051822 1.45519714 0.22796026
v -0.33051822 1.45519714 0.22796026
v -0.33450902 1.25344075 0.05325245
v -0.35401954 1.23082633 0.19026948
v -0.35446294 0.99049221 0.00270247
v -0.37219978 0.96787779 0.14814451
v -0.38683268 0.77853703 -0.04296987
v -0.39924846 0.75459238 0.11533136
v -0.42496687 0.57400913 -0.08952906
v -0.42674055 0.54829086 0.08473533
v -0.45600633 0.33899612 -0.13653167
v -0.44669448 0.31327763 0.05103534
v -0.36377479 0.52656304 0.23416815
v -0.39924846 0.75459238 0.11533136
v -0.35047217 0.73330818 0.25899971
v -0.31943271 0.50173158 0.40178124
v -0.34116032 0.26671856 0.38980886
v -0.28351561 0.59041563 -0.19639348
v -0.29016694 0.35274218 -0.23763163
v -0.38683268 0.77853703 -0.04296987
v -0.38683268 0.77853703 -0.04296987
v -0.25691036 1.00689872 -0.10593563
v -0.35446294 0.99049221 0.00270247
v -0.24582484 1.27029066 -0.05361197
v -0.29016694 0.35274218 -0.23763163
v -0.29726167 0.15630668 -0.26911450
v -0.17133014 0.16783570 -0.38529075
v -0.17709461 -0.03835497 -0.41766049
v -0.29504455 -0.04589311 -0.28507765
v -0.28573273 -0.24277201 -0.28596449
v -0.22542748 -0.24277201 -0.27443555
v -0.22542748 -0.24277201 -0.27443555
v -0.17709461 -0.03835497 -0.41766049
v -0.19483144 -0.24277201 -0.29128554
v -0.18463276 -0.24277201 -0.34493947
v -0.17709461 -0.03835497 -0.41766049
v -0.17931171 -0.24277201 -0.43273677
v -0.17931171 -0.24277201 -0.43273677
v -0.16334856 -0.24277201 -0.53871436
v -0.16334856 -0.24277201 -0.53871436
v -0.00016970 -0.02593913 -0.64735245
v -0.12743148 -0.24277201 -0.64070118
v -0.07023019 -0.24277201 -0.71386560
v -0.00016970 -0.02593913 -0.64735245
v -0.00016970 -0.24277201 -0.74091426
v 0.07033421 -0.24277201 -0.71386560
v 0.07033421 -0.24277201 -0.71386560
v 0.12753550 -0.24277201 -0.64070118
v 0.16345259 -0.24277201 -0.53871436
v -0.00016970 -0.02593913 -0.64735245
v 0.17719863 -0.03835497 -0.41766049
v 0.17941574 -0.24277201 -0.43273677
v 0.17941574 -0.24277201 -0.43273677
v 0.18429337 -0.24277201 -0.34493947
v 0.22508810 -0.24277201 -0.27443555
v 0.19449205 -0.24277201 -0.29128554
v 0.17719863 -0.03835497 -0.41766049
v 0.29514859 -0.04544970 -0.28507765
v 0.59800500 -0.04811036 -0.23763163
v 0.48404586 -0.24277201 -0.32321184
v 0.00027372 0.18335539 -0.53561040
v -0.00016970 -0.02593913 -0.64735245
v 0.00116056 0.38023430 -0.44293546
v 0.16478285 0.36604483 -0.34139211
v -0.00016970 -0.02593913 -0.64735245
v -0.16290514 0.36693164 -0.34094867
v 0.28583674 -0.24277201 -0.28596449
v 0.22508810 -0.24277201 -0.27443555
v 0.29514859 -0.04544970 -0.28507765
v 0.44857220 -0.24277201 0.04438403
v 0.51685898 -0.06141280 0.00979721
v 0.35767091 -0.06983797 0.15745634
v 0.37230381 -0.24277201 0.07409323
v 0.33239594 -0.24277201 0.10069848
v 0.33416962 -0.24277201 0.13838925
v 0.36919985 -0.24277201 0.19736422
v 0.35767091 -0.06983797 0.15745634
v 0.42019326 -0.24277201 0.28072733
v 0.43615641 -0.08535766 0.44479304
v 0.38250248 0.08225550 0.40665885
v 0.37230381 0.10620014 0.17962739
v 0.46453535 -0.24277201 0.38138388
v 0.43615641 -0.08535766 0.44479304
v 0.48315899 -0.24277201 0.48292723
v 0.46453535 -0.24277201 0.56629035
v 0.43615641 -0.08535766 0.44479304
v 0.21843677 -0.09067876 0.53613773
v 0.40955116 -0.24277201 0.61284952
v 0.32796173 -0.24277201 0.61373639
v 0.23706045 -0.24277201 0.57205481
v 0.21843677 -0.09067876 0.53613773
v 0.15236707 -0.24277201 0.50199434
v -0.00016970 -0.08225359 0.38537465
v 0.08452368 -0.24277201 0.42572596
v 0.38250248 0.08225550 0.40665885
v 0.19670916 0.07338713 0.49800354
v 0.00027372 0.08225550 0.42040491
v -0.00016970 -0.08225359 0.38537465
v 0.17985916 0.25341591 0.47849303
v -0.21833275 -0.09067876 0.53613773
v -0.15226304 -0.24277201 0.50199434
v -0.08486308 -0.24277201 0.42572596
v -0.03608679 -0.24277201 0.36808125
v -0.00016970 -0.24277201 0.34679705
v 0.03619081 -0.24277201 0.36808125
v 0.03619081 -0.24277201 0.36808125
v 0.08452368 -0.24277201 0.42572596
v -0.32830113 -0.24277201 0.61373639
v -0.40944713 -0.24277201 0.61284952
v -0.23695642 -0.24277201 0.57205481
v 0.74522072 3.20116673 -0.33607106
v 0.74522072 3.20205358 -0.33828815
v 0.73502203 3.20826147 -0.34183551
v 0.74522072 3.20693120 -0.35114736
v 0.73324834 3.20870489 -0.34006183
v 0.75187205 3.19229832 -0.34538288
v 0.74522072 3.20027989 -0.33385394
v 0.75187205 3.18919437 -0.34405263
v 0.74477731 3.18653385 -0.35868550
v 0.75187205 3.19229832 -0.34538288
v 0.74655100 3.19052463 -0.35912894
v 0.75142864 3.19540226 -0.34671316
v 0.74788127 3.19540226 -0.35868550
v 0.74522072 3.20693120 -0.35114736
v 0.74788127 3.19540226 -0.35868550
v 0.74522072 3.20693120 -0.35114736
v 0.73812599 3.20161015 -0.36223287
v 0.74522072 3.20693120 -0.35114736
v 0.72792729 3.20737463 -0.35380789
v 0.73147466 3.20826147 -0.33828815
v 0.73147466 3.20826147 -0.35380789
v 0.73502203 3.20826147 -0.34183551
v 0.73324834 3.20870489 -0.34006183
v -0.28573273 -0.24277201 -0.28596449
v -0.37619058 -0.24277201 -0.30857896
v -0.29504455 -0.04589311 -0.28507765
v 0.02909608 4.24808332 -0.04119619
v 0.14748944 4.33865207 -0.10416195
v 0.21577625 4.22059125 -0.02523304
v 0.08807105 4.10042419 0.04660114
v 0.14748944 4.33865207 -0.10416195
v 0.31909331 4.32446261 -0.08376459
v 0.23839072 4.42334536 -0.15382508
v 0.33638671 4.52089799 -0.20880926
v 0.43172218 4.44152571 -0.14761719
v 0.31909331 4.32446261 -0.08376459
v 0.20424731 4.36791782 0.02709062
v 0.28805386 4.45128088 -0.02434620
v 0.43172218 4.44152571 -0.14761719
v 0.37939855 4.54705978 -0.07977380
v 0.31909331 4.32446261 -0.08376459
v 0.57672080 4.60381765 -0.23231058
v 0.37939855 4.54705978 -0.07977380
v 0.49823533 4.68097290 -0.15116456
v 0.46098798 4.65791507 -0.28064344
v 0.72925757 5.09911876 -0.31966447
v 0.61840239 5.11685559 -0.35558157
v 0.61840239 5.11685559 -0.35558157
v 0.77803389 5.53112153 -0.35026052
v 0.68181153 5.53378197 -0.38041314
v 0.68181153 5.53378197 -0.38041314
v 0.77803389 5.80027799 -0.35292105
v 0.69688786 5.80160821 -0.37819602
v 0.69688786 5.80160821 -0.37819602
v 0.77626020 5.98917512 -0.35026052
v 0.70575628 5.99272260 -0.37243156
v 0.77626020 6.08717117 -0.34449604
v 0.71861547 6.09426590 -0.36267631
v 0.77847730 6.16089001 -0.33562762
v 0.77626020 6.08717117 -0.34449604
v 0.73369180 6.17108860 -0.35159077
v 0.78202466 6.21055315 -0.32409868
v 0.74167335 6.16310705 -0.30414476
v 0.75054177 6.21188337 -0.30281448
v 0.74876809 6.22163855 -0.33917499
v 0.76251415 6.22518602 -0.31966447
v 0.74167335 6.16310705 -0.30414476
v 0.73369180 6.17108860 -0.35159077
v 0.73147466 6.08938842 -0.30370132
v 0.71861547 6.09426590 -0.36267631
v 0.74167335 6.16310705 -0.30414476
v 0.73369180 6.17108860 -0.35159077
v 0.78202466 6.21055315 -0.32409868
v 0.74876809 6.22163855 -0.33917499
v 0.75054177 6.21188337 -0.30281448
v 0.76251415 6.22518602 -0.31966447
v 0.60110896 3.78470856 -0.49570255
v 0.58869318 3.78736909 -0.49969333
v 0.58159845 3.77850067 -0.49880651
v 0.59224055 3.77672699 -0.48816441
v 0.60864710 3.77850067 -0.49525915
v 0.59224055 3.77672699 -0.48816441
v 0.59756160 3.77184934 -0.48639073
v 0.58603263 3.76564145 -0.49614596
v 0.59756160 3.77184934 -0.48639073
v 0.58603263 3.76830198 -0.49703283
v 0.61441156 3.76918882 -0.49570255
v 0.60864710 3.77850067 -0.49525915
v 0.60066556 3.76475461 -0.48461705
v 0.59756160 3.77184934 -0.48639073
v 0.58603263 3.76165068 -0.49525915
v 0.58603263 3.76564145 -0.49614596
v 0.60066556 3.76475461 -0.48461705
v 0.58558922 3.75544279 -0.49437228
v 0.60243924 3.75588619 -0.48328677
v 0.61840239 3.75677304 -0.49570255
v 0.61441156 3.76918882 -0.49570255
v 0.60243924 3.75588619 -0.48328677
v 0.61973261 3.74080989 -0.49481569
v 0.61840239 3.75677304 -0.49570255
v 0.60199578 3.74435725 -0.48106968
v 0.60243924 3.75588619 -0.48328677
v 0.58337213 3.74613094 -0.49348546
v 0.58558922 3.75544279 -0.49437228
v 0.58337213 3.74613094 -0.49348546
v 0.59091027 3.75588619 -0.51432620
v 0.58913659 3.74391385 -0.51565648
v 0.60199578 3.74435725 -0.48106968
v 0.57672080 3.72706385 -0.48993810
v 0.59711819 3.72351649 -0.47574863
v 0.61574184 3.71553491 -0.49082491
v 0.61973261 3.74080989 -0.49481569
v 0.59711819 3.72351649 -0.47574863
v 0.61086419 3.69114675 -0.48373018
v 0.59135368 3.70577965 -0.46776703
v 0.59844841 3.65833361 -0.46865390
v 0.61086419 3.69114675 -0.48373018
v 0.57849449 3.67784413 -0.45269075
v 0.53370900 3.65301256 -0.45047360
v 0.56341821 3.64946519 -0.43184996
v 0.55188924 3.68139149 -0.46998412
v 0.59135368 3.70577965 -0.46776703
v 0.56740898 3.70977043 -0.48417359
v 0.59711819 3.72351649 -0.47574863
v 0.58381554 3.62596390 -0.44825651
v 0.56341821 3.64946519 -0.43184996
v 0.59844841 3.65833361 -0.46865390
v 0.75142864 3.19540226 -0.34671316
v 0.74522072 3.20205358 -0.33828815
v 0.74522072 3.20116673 -0.33607106
v 0.75187205 3.19229832 -0.34538288
v -0.23695642 -0.24277201 0.57205481
v -0.15226304 -0.24277201 0.50199434
v -0.21833275 -0.09067876 0.53613773
v -0.46443131 -0.24277201 0.56629035
v -0.43605238 -0.08580107 0.44479304
v -0.40944713 -0.24277201 0.61284952
v 0.56031425 3.65345600 -0.42918940
v 0.55100242 3.67163624 -0.39859338
v 0.55454979 3.66986255 -0.39504601
v 0.56519189 3.65035204 -0.43007627
v 0.53016163 3.63882309 -0.44869992
v 0.52971822 3.64680467 -0.44825651
v 0.56120106 3.65966389 -0.38839471
v 0.56519189 3.65035204 -0.43007627
v 0.57184316 3.63749285 -0.38307366
v 0.57273003 3.63837969 -0.43096309
v 0.56120106 3.65966389 -0.38839471
v 0.58159845 3.60423627 -0.38440391
v 0.53149191 3.62640731 -0.36045919
v 0.53636949 3.59758496 -0.35824210
v 0.57184316 3.63749285 -0.38307366
v 0.52351030 3.65301256 -0.36844076
v 0.56120106 3.65966389 -0.38839471
v 0.58337213 3.56565866 -0.38750787
v 0.58159845 3.60423627 -0.38440391
v 0.53503927 3.57230997 -0.35646841
v 0.57760767 3.52841131 -0.38529075
v 0.52883135 3.54969551 -0.35159077
v 0.47562085 3.56610208 -0.38041314
v 0.48537614 3.58472575 -0.38307366
v 0.48404586 3.59093364 -0.44071837
v 0.47074321 3.56122445 -0.44293546
v 0.49025373 3.60778364 -0.43628414
v 0.49069719 3.59935864 -0.38440391
v 0.53636949 3.59758496 -0.35824210
v 0.53503927 3.57230997 -0.35646841
v 0.49069719 3.59935864 -0.38440391
v 0.53149191 3.62640731 -0.36045919
v 0.49069719 3.59935864 -0.38440391
v 0.49202741 3.61620863 -0.38529075
v 0.52351030 3.65301256 -0.36844076
v 0.49025373 3.63660600 -0.38972496
v 0.49424456 3.62729415 -0.43184996
v 0.49291428 3.61709549 -0.43318023
v 0.49025373 3.60778364 -0.43628414
v 0.49202741 3.61620863 -0.38529075
v 0.51907612 3.67207967 -0.37996970
v 0.52351030 3.65301256 -0.36844076
v 0.48936691 3.65744677 -0.39948025
v 0.56120106 3.65966389 -0.38839471
v 0.51907612 3.67207967 -0.37996970
v 0.55454979 3.66986255 -0.39504601
v 0.55454979 3.66986255 -0.39504601
v 0.55100242 3.67163624 -0.39859338
v 0.51907612 3.68139149 -0.38972496
v 0.51907612 3.67207967 -0.37996970
v 0.48936691 3.65744677 -0.39948025
v 0.49247087 3.67385335 -0.41056576
v 0.52040634 3.68360861 -0.39548942
v 0.49912214 3.68360861 -0.41721708
v 0.53060504 3.68449545 -0.42874600
v 0.50533006 3.67119283 -0.44426574
v 0.53060504 3.68449545 -0.42874600
v 0.49247087 3.67385335 -0.41056576
v 0.50533006 3.67119283 -0.44426574
v 0.49779192 3.65655993 -0.43983150
v 0.49779192 3.65655993 -0.43983150
v 0.49468796 3.64059678 -0.43406705
v 0.49025373 3.63660600 -0.38972496
v 0.49424456 3.62729415 -0.43184996
v 0.51907612 3.68139149 -0.38972496
v 0.54745506 3.67119283 -0.40081047
v 0.54745506 3.67119283 -0.40081047
v 0.53060504 3.68449545 -0.42874600
v 0.55366292 3.65877705 -0.42785918
v 0.55632347 3.65434284 -0.42785918
v 0.55100242 3.67163624 -0.39859338
v 0.55632347 3.65434284 -0.42785918
v 0.55100242 3.67163624 -0.39859338
v 0.56031425 3.65345600 -0.42918940
v 0.55366292 3.65877705 -0.42785918
v 0.53060504 3.68449545 -0.42874600
v 0.53237872 3.65877705 -0.44958679
v 0.53060504 3.68449545 -0.42874600
v 0.52971822 3.64680467 -0.44825651
v 0.55632347 3.65434284 -0.42785918
v 0.53237872 3.65877705 -0.44958679
v 0.49779192 3.65655993 -0.43983150
v 0.49468796 3.64059678 -0.43406705
v 0.50533006 3.67119283 -0.44426574
v 0.52971822 3.64680467 -0.44825651
v 0.53237872 3.65877705 -0.44958679
v 0.50533006 3.67119283 -0.44426574
v 0.53060504 3.68449545 -0.42874600
v 0.49468796 3.64059678 -0.43406705
v 0.53016163 3.63882309 -0.44869992
v 0.49424456 3.62729415 -0.43184996
v 0.54390769 -0.24277201 0.00004195
v 0.51685898 -0.06141280 0.00979721
v 0.48094190 0.12216324 0.02664720
v 0.35767091 -0.06983797 0.15745634
v 0.37230381 0.10620014 0.17962739
v 0.44901560 0.31150400 0.05059192
v 0.37141697 0.29110661 0.20268527
v 0.42817481 0.55050790 0.08517875
v 0.36476565 0.52833688 0.23461157
v 0.39890906 0.75725283 0.11621821
v 0.35013277 0.73552522 0.25944313
v 0.32086700 0.50350521 0.40178124
v 0.34303804 0.26538834 0.38980886
v 0.37230381 0.10620014 0.17962739
v 0.29248806 0.71379761 0.40577201
v 0.35013277 0.73552522 0.25944313
v 0.16966048 0.49020255 0.48824828
v 0.15547101 0.70093837 0.48780488
v 0.26987359 0.92353554 0.41419702
v 0.33372619 0.94348952 0.28383128
v 0.25745780 1.18604068 0.44213252
v 0.32264068 1.20555125 0.32107864
v 0.37274722 0.96433032 0.14725766
v 0.39890906 0.75725283 0.11621821
v 0.35722751 1.22683545 0.18982606
v 0.32264068 1.20555125 0.32107864
v 0.33328278 1.45830120 0.22884710
v 0.23839072 1.41839325 0.46252988
v 0.33328278 1.45830120 0.22884710
v 0.30889462 1.69076452 0.26609445
v 0.21932361 1.65617766 0.48337067
v 0.29426175 1.92489072 0.30201153
v 0.20868151 1.89340782 0.50864564
v 0.27652491 2.22907743 0.31664444
v 0.20868151 1.89340782 0.50864564
v 0.19670916 2.22730370 0.51086276
v -0.00061312 1.64154479 0.56806403
v 0.20868151 1.89340782 0.50864564
v 0.23839072 1.41839325 0.46252988
v 0.13906444 1.17451187 0.51707065
v 0.00160399 1.17273824 0.53259037
v 0.13906444 1.17451187 0.51707065
v 0.14482891 0.91200674 0.49223908
v 0.25745780 1.18604068 0.44213252
v 0.26987359 0.92353554 0.41419702
v 0.00027372 0.91111992 0.50332459
v -0.00016970 0.70005155 0.48913513
v 0.16966048 0.49020255 0.48824828
v -0.14383805 0.91378037 0.49223908
v -0.33317874 0.94659359 0.28471812
v -0.31987612 1.20909872 0.32152205
v -0.23606958 1.41617621 0.46164303
v -0.31987612 1.20909872 0.32152205
v -0.35401954 1.23082633 0.19026948
v -0.33051822 1.45519714 0.22796026
v -0.16822619 0.48931574 0.48824828
v -0.29282746 0.71158058 0.40532860
v -0.29282746 0.71158058 0.40532860
v -0.35047217 0.73330818 0.25899971
v -0.26932614 0.92619620 0.41419702
v -0.37219978 0.96787779 0.14814451
v -0.35401954 1.23082633 0.19026948
v -0.31987612 1.20909872 0.32152205
v 0.11290261 3.07257468 0.09049980
v 0.12975261 3.06503654 0.07098928
v 0.05304080 2.98122999 0.01955246
v 0.02111450 2.97945630 0.05413929
v -0.31411166 4.41447699 1.33795345
v -0.31366823 4.42777965 1.34017059
v -0.32031955 4.42644932 1.35480347
v -0.32164980 4.41314677 1.35436006
v -0.31366823 4.39674016 1.33484949
v -0.32741429 4.41802436 1.32598113
v -0.32874453 4.39940071 1.32154684
v -0.34648137 4.39895731 1.33130212
v -0.32741429 4.41802436 1.32598113
v -0.34293400 4.41846777 1.33529290
v -0.34914189 4.37323882 1.32598113
v -0.32874453 4.39940071 1.32154684
v -0.32918797 4.37456915 1.31533903
v -0.31278138 4.37190859 1.33085872
v -0.32918797 4.37456915 1.31533903
v -0.31100770 4.32623624 1.32154684
v -0.32918797 4.32978360 1.30425352
v -0.32253664 4.36880464 1.35081269
v -0.32209324 4.32180205 1.34371796
v -0.34692480 4.32224546 1.34017059
v -0.34515112 4.36969145 1.34815214
v -0.32253664 4.39407961 1.35302973
v -0.34249059 4.39585335 1.35081269
v -0.34293400 4.41846777 1.33529290
v -0.34648137 4.39895731 1.33130212
v -0.33938663 4.41536381 1.35258632
v -0.33894323 4.43265723 1.33839686
v -0.34293400 4.41846777 1.33529290
v -0.33583927 4.42955328 1.35347314
v -0.33450902 4.44418615 1.34105741
v -0.33894323 4.43265723 1.33839686
v -0.33140506 4.44108219 1.35436006
v -0.32830113 4.45349803 1.34416137
v -0.33450902 4.44418615 1.34105741
v -0.32608401 4.44995066 1.35436006
v -0.31810243 4.43709142 1.35480347
v -0.33583927 4.42955328 1.35347314
v -0.32164980 4.41314677 1.35436006
v -0.31322482 4.43797834 1.34194422
v -0.31588534 4.44507307 1.35391665
v -0.31233798 4.44551648 1.34371796
v -0.33140506 4.44108219 1.35436006
v -0.32608401 4.44995066 1.35436006
v -0.58991942 5.30630710 -0.70233664
v -0.59257992 5.31295842 -0.70189323
v -0.59701415 5.31251502 -0.71076164
v -0.59391019 5.30630710 -0.71430901
v -0.58592864 5.29699533 -0.70278010
v -0.59080623 5.29788214 -0.71652610
v -0.58193782 5.28502290 -0.70411032
v -0.58814573 5.28635312 -0.71918665
v -0.57262599 5.30364665 -0.70233664
v -0.56597467 5.29034400 -0.70411032
v -0.58592864 5.29699533 -0.70278010
v -0.57927732 5.31340183 -0.70144982
v -0.58991942 5.30630710 -0.70233664
v -0.58592864 5.32005316 -0.70189323
v -0.57927732 5.31340183 -0.70144982
v -0.59391019 5.32049656 -0.70721428
v -0.59701415 5.31251502 -0.71076164
v -0.59391019 5.32049656 -0.70721428
v -0.59257992 5.31960975 -0.71652610
v -0.59391019 5.32049656 -0.70721428
v -0.59701415 5.31251502 -0.71076164
v -0.58592864 5.31340183 -0.72096034
v -0.59257992 5.31960975 -0.71652610
v -0.58592864 5.32404404 -0.71120505
v -0.57661677 5.31783612 -0.71297874
v -0.59257992 5.31960975 -0.71652610
v -0.81251665 4.36924804 -0.38174339
v -0.83025348 4.36348364 -0.41411312
v -0.83468772 4.33687834 -0.40923548
v -0.81473379 4.34485988 -0.37287497
v -0.81473379 4.34485988 -0.37287497
v -0.83646140 4.30140467 -0.40258415
v -0.81384692 4.31115995 -0.36223287
v -0.01435916 4.09022550 0.30422865
v 0.03486055 4.20773201 0.26742471
v -0.00549075 4.17004125 0.17208923
v -0.05958809 4.03125054 0.19470369
v 0.06057896 3.95631244 0.19204317
v 0.09871315 4.02637290 0.29269971
v 0.02067108 4.14210572 0.38537465
v 0.03486055 4.20773201 0.26742471
v 0.06456974 4.24630963 0.33482468
v 0.06456974 4.24630963 0.33482468
v 0.17143416 4.19132545 0.31575759
v 0.14216839 4.14875705 0.23948920
v 0.20291706 4.24143199 0.39557334
v 0.09605262 4.29198199 0.40621544
v 0.09605262 4.29198199 0.40621544
v 0.24415518 4.31337699 0.49489961
v 0.13463023 4.35727572 0.49489961
v 0.10580788 4.28400039 0.58269691
v 0.05791843 4.20108074 0.47228513
v 0.18163284 4.56923091 0.74897973
v 0.20069994 4.60736502 0.65453111
v 0.22508810 4.84681232 0.83322972
v 0.23927756 4.86144519 0.74543237
v 0.24459861 5.03748330 0.85407046
v 0.22508810 4.84681232 0.83322972
v 0.25657096 5.04147408 0.77691526
v 0.33372619 5.03748330 0.78844417
v 0.32840514 4.85213331 0.75829156
v 0.23927756 4.86144519 0.74543237
v 0.30135648 4.58519400 0.66606002
v 0.13463023 4.35727572 0.49489961
v 0.24415518 4.31337699 0.49489961
v 0.28228937 4.54705978 0.76050870
v 0.22508810 4.84681232 0.83322972
v 0.31421567 4.83750044 0.84653232
v 0.24459861 5.03748330 0.85407046
v 0.32175384 5.03304901 0.86559942
v 0.25524071 5.18203841 0.85939151
v 0.32175384 5.03304901 0.86559942
v 0.26588281 5.18469897 0.79066132
v 0.32397093 5.17937797 0.87003361
v 0.26189201 5.26152166 0.86072178
v 0.31998016 5.26152166 0.86959020
v 0.32929198 5.26728617 0.81194552
v 0.33461303 5.18248182 0.80130342
v 0.33461303 5.18248182 0.80130342
v 0.32175384 5.03304901 0.86559942
v 0.33372619 5.03748330 0.78844417
v 0.33372619 5.03748330 0.78844417
v 0.31421567 4.83750044 0.84653232
v 0.32840514 4.85213331 0.75829156
v 0.28228937 4.54705978 0.76050870
v 0.30135648 4.58519400 0.66606002
v 0.21488941 4.24054518 0.58225350
v 0.24415518 4.31337699 0.49489961
v 0.16611311 4.14964392 0.46519040
v 0.05791843 4.20108074 0.47228513
v 0.20291706 4.24143199 0.39557334
v 0.13063945 4.08446104 0.37473255
v 0.17143416 4.19132545 0.31575759
v 0.09871315 4.02637290 0.29269971
v 0.14216839 4.14875705 0.23948920
v 0.02067108 4.14210572 0.38537465
v -0.01435916 4.09022550 0.30422865
v 0.13063945 4.08446104 0.37473255
v 0.14216839 4.14875705 0.23948920
v 0.06057896 3.95631244 0.19204317
v 0.10314736 4.10441497 0.13484188
v 0.21488941 4.24054518 0.58225350
v 0.18163284 4.56923091 0.74897973
v 0.28228937 4.54705978 0.76050870
v 0.24415518 4.31337699 0.49489961
v 0.16611311 4.14964392 0.46519040
v 0.20291706 4.24143199 0.39557334
v 0.05791843 4.20108074 0.47228513
v 0.02067108 4.14210572 0.38537465
v 0.06456974 4.24630963 0.33482468
v -0.49502733 4.88805039 -0.67129720
v -0.46886552 4.89381490 -0.69612877
v -0.44137343 4.86499256 -0.67528798
v -0.46620499 4.85035969 -0.65489065
v -0.46886552 4.89381490 -0.69612877
v -0.44447739 4.91775965 -0.68238271
v -0.41122081 4.87563466 -0.66154192
v -0.38860636 4.84769913 -0.65134328
v -0.44137343 4.86499256 -0.67528798
v -0.42274975 4.84947287 -0.66021170
v -0.38860636 4.84769913 -0.65134328
v -0.46620499 4.85035969 -0.65489065
v -0.44713791 4.82419779 -0.64823932
v -0.44713791 4.82419779 -0.64823932
v -0.42408003 4.78916764 -0.64956960
v -0.38860636 4.84769913 -0.65134328
v -0.36244452 4.81355569 -0.64646564
v -0.46620499 4.85035969 -0.65489065
v -0.45068528 4.85080309 -0.62429457
v -0.45068528 4.85080309 -0.62429457
v -0.49502733 4.88805039 -0.67129720
v -0.48748919 4.90844777 -0.64158799
v -0.45644973 4.92707142 -0.64823932
v -0.41654186 4.86720970 -0.62917221
v -0.41122081 4.87563466 -0.66154192
v -0.44447739 4.91775965 -0.68238271
v -0.49591420 5.00289645 -0.67927875
v -0.48748919 4.90844777 -0.64158799
v -0.52695363 4.99048061 -0.67484457
v -0.56287076 5.06275828 -0.72450770
v -0.53670892 4.97673455 -0.70366691
v -0.55222866 5.07073982 -0.69701559
v -0.57484308 5.13281869 -0.73248925
v -0.56420098 5.13680957 -0.70721428
v -0.58060759 5.19534107 -0.73293271
v -0.57085231 5.19578447 -0.70987483
v -0.55400234 5.13503583 -0.75111295
v -0.56198389 5.19755821 -0.74978268
v -0.55400234 5.13503583 -0.75111295
v -0.54025628 5.19977525 -0.73648008
v -0.53050100 5.13991342 -0.73648008
v -0.53981288 5.06497531 -0.74446163
v -0.56287076 5.06275828 -0.72450770
v -0.55400234 5.13503583 -0.75111295
v -0.51498131 5.07473060 -0.72938535
v -0.51187735 4.98028192 -0.72628139
v -0.53670892 4.97673455 -0.70366691
v -0.53981288 5.06497531 -0.74446163
v -0.48660235 4.99624513 -0.71076164
v -0.44447739 4.91775965 -0.68238271
v -0.53670892 4.97673455 -0.70366691
v -0.49502733 4.88805039 -0.67129720
v -0.48748919 4.90844777 -0.64158799
v -0.52695363 4.99048061 -0.67484457
v -0.52251945 5.07827797 -0.70011954
v -0.55222866 5.07073982 -0.69701559
v -0.49591420 5.00289645 -0.67927875
v -0.48660235 4.99624513 -0.71076164
v -0.49591420 5.00289645 -0.67927875
v -0.51498131 5.07473060 -0.72938535
v -0.53670892 5.14080034 -0.70943137
v -0.52251945 5.07827797 -0.70011954
v -0.55222866 5.07073982 -0.69701559
v -0.56420098 5.13680957 -0.70721428
v -0.53050100 5.13991342 -0.73648008
v -0.54602074 5.19888843 -0.71209192
v -0.54025628 5.19977525 -0.73648008
v -0.54025628 5.19977525 -0.73648008
v -0.55222866 5.23535976 -0.71076164
v -0.54779443 5.23890724 -0.73160244
v -0.54602074 5.19888843 -0.71209192
v -0.57085231 5.19578447 -0.70987483
v -0.55222866 5.23535976 -0.71076164
v -0.57351286 5.23225591 -0.70898796
v -0.55932339 5.27127684 -0.70677087
v -0.55222866 5.23535976 -0.71076164
v -0.57794704 5.26728617 -0.70588400
v -0.56597467 5.29034400 -0.70411032
v -0.55932339 5.27127684 -0.70677087
v -0.58193782 5.28502290 -0.70411032
v -0.57351286 5.23225591 -0.70898796
v -0.58548518 5.26905980 -0.72317743
v -0.58193782 5.23402954 -0.72849848
v -0.58814573 5.28635312 -0.71918665
v -0.57173918 5.27438091 -0.73514980
v -0.57617336 5.29256104 -0.72938535
v -0.59080623 5.29788214 -0.71652610
v -0.58814573 5.28635312 -0.71918665
v -0.58060759 5.30497688 -0.72450770
v -0.57661677 5.31783612 -0.71297874
v -0.56952203 5.30808073 -0.71608269
v -0.58592864 5.31340183 -0.72096034
v -0.59391019 5.30630710 -0.71430901
v -0.58060759 5.30497688 -0.72450770
v -0.59080623 5.29788214 -0.71652610
v -0.57617336 5.29256104 -0.72938535
v -0.56242730 5.29477829 -0.72007347
v -0.55533257 5.27571113 -0.72495111
v -0.57617336 5.29256104 -0.72938535
v -0.56952203 5.30808073 -0.71608269
v -0.58060759 5.30497688 -0.72450770
v -0.56641813 5.23802043 -0.74224454
v -0.57173918 5.27438091 -0.73514980
v -0.54779443 5.23890724 -0.73160244
v -0.56198389 5.19755821 -0.74978268
v -0.56641813 5.23802043 -0.74224454
v -0.58193782 5.23402954 -0.72849848
v -0.57351286 5.23225591 -0.70898796
v -0.56641813 5.23802043 -0.74224454
v -0.58548518 5.26905980 -0.72317743
v -0.67239567 3.50668369 1.13442333
v -0.71186016 3.56654550 1.17787854
v -0.68082067 3.58206523 1.18009569
v -0.64357332 3.52929815 1.14107465
v -0.60765625 3.45968108 1.07234436
v -0.64357332 3.52929815 1.14107465
v -0.58504178 3.48894685 1.08742064
v -0.48615894 3.46854950 1.05904171
v -0.51276417 3.47653107 1.02667200
v -0.56065362 3.48185212 1.11846012
v -0.58504178 3.48894685 1.08742064
v -0.62184572 3.52309026 1.17078381
v -0.68082067 3.58206523 1.18009569
v -0.66086675 3.57718760 1.20758770
v -0.62849704 3.49426790 1.19339823
v -0.55932339 3.44549161 1.13486674
v -0.69589701 3.61798233 1.25813775
v -0.67195226 3.55679024 1.23330619
v -0.68392463 3.63128495 1.23153245
v -0.70964302 3.68139149 1.27454426
v -0.69589701 3.61798233 1.25813775
v -0.69811410 3.68981650 1.24882588
v -0.71540753 3.72529017 1.28030877
v -0.70476543 3.72972438 1.25725083
v -0.71895489 3.76963225 1.28651669
v -0.71540753 3.72529017 1.28030877
v -0.70919961 3.77317962 1.26523249
v -0.72471935 3.80067171 1.25148643
v -0.72294567 3.77539671 1.24616532
v -0.71186016 3.79845459 1.26877985
v -0.72604963 3.82018223 1.25636402
v -0.72471935 3.80067171 1.25148643
v -0.71452066 3.81840854 1.27188370
v -0.71673775 3.83392826 1.27410085
v -0.72383248 3.83171117 1.29006405
v -0.72205880 3.81574802 1.28917713
v -0.72737985 3.83570194 1.25991138
v -0.72604963 3.82018223 1.25636402
v -0.71673775 3.83392826 1.27410085
v -0.74511668 3.81973879 1.25813775
v -0.74467327 3.83481510 1.26212853
v -0.75176801 3.83215458 1.27764822
v -0.75309828 3.81707827 1.27587459
v -0.74600355 3.79978487 1.25370346
v -0.72604963 3.82018223 1.25636402
v -0.74644696 3.77450987 1.24838247
v -0.72294567 3.77539671 1.24616532
v -0.74556014 3.73105463 1.23907059
v -0.74644696 3.77450987 1.24838247
v -0.71984171 3.73282831 1.23641004
v -0.74422987 3.68848623 1.22709827
v -0.74556014 3.73105463 1.23907059
v -0.71496407 3.69336387 1.22532453
v -0.71496407 3.69336387 1.22532453
v -0.70476543 3.72972438 1.25725083
v -0.70254828 3.63571916 1.20581407
v -0.66086675 3.57718760 1.20758770
v -0.68082067 3.58206523 1.18009569
v -0.67195226 3.55679024 1.23330619
v -0.62849704 3.49426790 1.19339823
v -0.72294567 3.77539671 1.24616532
v -0.71984171 3.73282831 1.23641004
v -0.70919961 3.77317962 1.26523249
v -0.72072858 3.79579407 1.28829032
v -0.71895489 3.76963225 1.28651669
v -0.71186016 3.79845459 1.26877985
v -0.71186016 3.56654550 1.17787854
v -0.73314436 3.62640731 1.20670088
v -0.68082067 3.58206523 1.18009569
v -0.73314436 3.62640731 1.20670088
v -0.71496407 3.69336387 1.22532453
v -0.74422987 3.68848623 1.22709827
v -0.75575878 3.67961781 1.25281665
v -0.74511668 3.61266127 1.23286267
v -0.75620224 3.72617701 1.26212853
v -0.74556014 3.73105463 1.23907059
v -0.75620224 3.77096250 1.26966667
v -0.75620224 3.72617701 1.26212853
v -0.74644696 3.77450987 1.24838247
v -0.75442856 3.79712434 1.27321403
v -0.75620224 3.77096250 1.26966667
v -0.74600355 3.79978487 1.25370346
v -0.75309828 3.81707827 1.27587459
v -0.75442856 3.79712434 1.27321403
v -0.74245618 3.76874541 1.28873372
v -0.74112591 3.72307305 1.28296932
v -0.71895489 3.76963225 1.28651669
v -0.71540753 3.72529017 1.28030877
v -0.74201278 3.79490723 1.29050746
v -0.74156932 3.81530459 1.29139428
v -0.75176801 3.83215458 1.27764822
v -0.74112591 3.83082433 1.29183768
v -0.75043773 3.84368352 1.27942195
v -0.74422987 3.84590061 1.26523249
v -0.72205880 3.81574802 1.28917713
v -0.72072858 3.79579407 1.28829032
v -0.72383248 3.83171117 1.29006405
v -0.74112591 3.83082433 1.29183768
v -0.75043773 3.84368352 1.27942195
v -0.74112591 3.84235327 1.29183768
v -0.72560617 3.84368352 1.29006405
v -0.72383248 3.83171117 1.29006405
v -0.74112591 3.84235327 1.29183768
v -0.72693644 3.85343880 1.29006405
v -0.72560617 3.84368352 1.29006405
v -0.74068250 3.85255194 1.29139428
v -0.74112591 3.84235327 1.29183768
v -0.74910751 3.85343880 1.28030877
v -0.74068250 3.85255194 1.29139428
v -0.72072858 3.79579407 1.28829032
v -0.74245618 3.76874541 1.28873372
v -0.71895489 3.76963225 1.28651669
v 0.37673802 3.32665483 -0.35912894
v 0.37230381 3.34838245 -0.38706444
v 0.41575903 3.34439166 -0.38839471
v 0.41620249 3.33774035 -0.37154472
v 0.44103406 3.37498770 -0.36932760
v 0.41620249 3.33774035 -0.37154472
v 0.41575903 3.38917717 -0.44736970
v 0.43926037 3.41578242 -0.42652891
v 0.42241035 3.40913110 -0.34937368
v 0.42418404 3.39139427 -0.31789079
v 0.42773140 3.37942191 -0.29749343
v 0.43704323 3.37055349 -0.35070393
v 0.43615641 3.36434560 -0.27487898
v 0.43216564 3.37232717 -0.33873158
v 0.43216564 3.37232717 -0.33873158
v 0.41797617 3.33419298 -0.36045919
v 0.41620249 3.33774035 -0.37154472
v 0.44103406 3.37498770 -0.36932760
v 0.43704323 3.37055349 -0.35070393
v 0.41797617 3.33419298 -0.36045919
v 0.42418404 3.39139427 -0.31789079
v 0.43926037 3.41578242 -0.42652891
v 0.42196695 3.44504819 -0.40391443
v 0.42241035 3.40913110 -0.34937368
v 0.43926037 3.41578242 -0.42652891
v 0.42196695 3.48007844 -0.44559601
v 0.43793010 3.45524687 -0.46954071
v 0.43748669 3.49870211 -0.50590125
v 0.42241035 3.51909947 -0.48106968
v 0.42196695 3.48007844 -0.44559601
v 0.38383276 3.30847458 -0.34094867
v 0.42285376 3.33064562 -0.34715656
v 0.39713538 3.27965222 -0.31833422
v 0.43216564 3.37232717 -0.33873158
v 0.42285376 3.38075217 -0.32631580
v 0.43216564 3.37232717 -0.33873158
v 0.43615641 3.36434560 -0.27487898
v -0.35357610 3.93414137 1.07323117
v -0.35446294 3.97449268 1.12156408
v -0.31810243 3.98956896 1.10959176
v -0.32120639 3.92970719 1.05327730
v -0.32741429 3.88447824 1.02090759
v -0.29149718 3.91064008 1.07677854
v -0.29814851 3.86541113 1.04662598
v -0.32741429 3.88447824 1.02090759
v -0.29814851 3.86541113 1.04662598
v -0.31145114 3.80067171 1.01602990
v -0.34027348 3.82239932 0.98720756
v -0.35756690 3.87871378 1.00849176
v -0.35446294 3.90842299 1.04219179
v -0.29814851 3.86541113 1.04662598
v -0.31278138 3.84678748 1.05726808
v -0.30746033 3.87871378 1.08476019
v -0.29149718 3.91064008 1.07677854
v -0.30613009 3.90398875 1.11136539
v -0.30746033 3.87871378 1.08476019
v -0.33583927 3.90753612 1.07722205
v 0.27253411 5.33379922 0.81637970
v 0.27076043 5.37370717 0.82968235
v 0.30933806 5.38080191 0.83943758
v 0.32086700 5.33734669 0.82524812
v 0.27076043 5.37370717 0.82968235
v 0.29470515 5.40962425 0.85362705
v 0.26676966 5.39942545 0.84165467
v 0.29470515 5.40962425 0.85362705
v 0.27297755 5.40785040 0.86515602
v -0.72871012 3.74125332 -0.32409868
v -0.74201278 3.78825593 -0.27709607
v -0.75620224 3.82683353 -0.30237107
v -0.74822064 3.79180329 -0.35026052
v -0.74201278 3.78825593 -0.27709607
v -0.76374038 3.85565589 -0.26468029
v -0.75221142 3.82239932 -0.23851847
v -0.75221142 3.82239932 -0.23851847
v -0.77659957 3.89911111 -0.20792242
v -0.76728775 3.87028877 -0.17954349
v -0.72871012 3.86674140 -0.16579746
v -0.71186016 3.81619143 -0.22698953
v -0.69988778 3.77983092 -0.26734081
v -0.69988778 3.77983092 -0.26734081
v -0.72871012 3.74125332 -0.32409868
v -0.68303777 3.72706385 -0.31656054
v -0.65864966 3.77140594 -0.33474078
v -0.69988778 3.77983092 -0.26734081
v -0.67239567 3.81308749 -0.28330396
v -0.80276142 4.00996634 -0.12012510
v -0.74689037 3.92394268 -0.22211189
v -0.77393908 4.02814658 -0.13697509
v -0.77659957 3.89911111 -0.20792242
v -0.73536145 3.88536510 -0.27532239
v -0.76374038 3.85565589 -0.26468029
v -0.72871012 3.86230722 -0.30813553
v -0.69501014 3.87915719 -0.26601056
v -0.68702859 3.85343880 -0.30414476
v -0.72294567 3.84102299 -0.34183551
v -0.67816018 3.82639012 -0.34937368
v -0.72871012 3.86230722 -0.30813553
v -0.76374038 3.85565589 -0.26468029
v -0.75620224 3.82683353 -0.30237107
v -0.70831279 3.92039531 -0.20792242
v -0.69501014 3.87915719 -0.26601056
v -0.74689037 3.92394268 -0.22211189
v -0.73890882 4.02681631 -0.12189878
v -0.76241011 4.12968994 -0.07223565
v -0.79433641 4.12924653 -0.08731196
v -0.79433641 4.12924653 -0.08731196
v -0.78147722 4.23744122 -0.04296987
v -0.81118643 4.23611094 -0.05715934
v -0.79300613 4.31071655 -0.03321461
v -0.81916797 4.30894281 -0.04607382
v -0.80276142 4.38920202 -0.02833698
v -0.82626271 4.38742828 -0.04030935
v -0.84311273 4.30539544 -0.03011067
v -0.83779168 4.22857280 -0.03986593
v -0.84843378 4.38565465 -0.02523304
v -0.82626271 4.38742828 -0.04030935
v -0.84976400 4.43265723 -0.02523304
v -0.82936667 4.43354405 -0.03853566
v -0.84710350 4.38565465 0.00137221
v -0.84843378 4.43354405 -0.00084489
v -0.84843378 4.43354405 -0.00084489
v -0.85020746 4.47611245 -0.02567646
v -0.84887718 4.47699937 -0.00350542
v -0.84887718 4.50360457 -0.02523304
v -0.84754691 4.50449138 -0.00616594
v -0.83069694 4.50537831 0.00225905
v -0.84754691 4.50449138 -0.00616594
v -0.82936667 4.47832959 0.00624984
v -0.81074296 4.47877300 -0.00616594
v -0.83069694 4.50537831 0.00225905
v -0.81473379 4.50582171 -0.00838305
v -0.83202716 4.53198350 -0.00040147
v -0.81783770 4.53242691 -0.01015673
v -0.82138506 4.54705978 -0.02611988
v -0.82049825 4.54705978 -0.01104357
v -0.81916797 4.53242691 -0.02700672
v -0.82360221 4.55947562 -0.02478962
v -0.82049825 4.54705978 -0.01104357
v -0.82271534 4.55903221 -0.01148699
v -0.82626271 4.57011772 -0.02257251
v -0.82271534 4.55903221 -0.01148699
v -0.82581930 4.56923091 -0.01148699
v -0.82049825 4.54705978 -0.01104357
v -0.83380085 4.55814529 -0.00394884
v -0.83291403 4.54617297 -0.00217516
v -0.81783770 4.53242691 -0.01015673
v -0.83291403 4.54617297 -0.00217516
v -0.84754691 4.50449138 -0.00616594
v -0.83069694 4.50537831 0.00225905
v -0.84754691 4.53109669 -0.00793963
v 0.55277611 3.49604159 -0.68593008
v 0.56519189 3.49604159 -0.67573139
v 0.56652211 3.48717317 -0.67484457
v 0.55144583 3.48628633 -0.68637349
v 0.56297474 3.50003237 -0.66021170
v 0.56386161 3.49205080 -0.65622087
v 0.56297474 3.50003237 -0.66021170
v 0.54656819 3.49648501 -0.65001300
v 0.54834187 3.50402316 -0.65489065
v 0.56341821 3.50801395 -0.66287219
v 0.55055896 3.51244816 -0.65888142
v 0.54834187 3.50402316 -0.65489065
v 0.53947345 3.51289158 -0.66774984
v 0.53592609 3.50402316 -0.66508929
v 0.56519189 3.49604159 -0.67573139
v 0.56341821 3.50801395 -0.66287219
v 0.56519189 3.50357974 -0.67661825
v 0.55410633 3.50402316 -0.68593008
v 0.56519189 3.49604159 -0.67573139
v 0.55277611 3.49604159 -0.68593008
v 0.56519189 3.50357974 -0.67661825
v 0.56341821 3.51200474 -0.66508929
v 0.56474843 3.50757053 -0.67706166
v 0.55543660 3.50845737 -0.68548667
v 0.56519189 3.50357974 -0.67661825
v 0.55410633 3.50402316 -0.68593008
v 0.54124714 3.50890079 -0.68149590
v 0.55543660 3.50845737 -0.68548667
v 0.54435110 3.51377842 -0.68238271
v 0.54302082 3.51821263 -0.67041034
v 0.53947345 3.51289158 -0.66774984
v 0.53814318 3.50003237 -0.68060903
v 0.55410633 3.50402316 -0.68593008
v 0.53947345 3.51289158 -0.66774984
v 0.53592609 3.50402316 -0.66508929
v 0.53592609 3.50402316 -0.66508929
v 0.53415240 3.49072054 -0.68016562
v 0.53149191 3.49604159 -0.66198538
v 0.53814318 3.50003237 -0.68060903
v 0.55144583 3.48628633 -0.68637349
v 0.53016163 3.47653107 -0.67750507
v 0.53149191 3.49604159 -0.66198538
v 0.52750108 3.48362580 -0.65755114
v 0.52395371 3.45613371 -0.67041034
v 0.52173662 3.46544555 -0.64956960
v 0.54922874 3.47121002 -0.68459980
v 0.54479450 3.44815214 -0.67750507
v 0.52173662 3.46544555 -0.64956960
v 0.51597216 3.43529293 -0.66198538
v 0.51464189 3.45081266 -0.64025772
v 0.52395371 3.45613371 -0.67041034
v 0.53858664 3.42287715 -0.66863665
v 0.51464189 3.45081266 -0.64025772
v 0.50399979 3.40824426 -0.64247486
v 0.50399979 3.42864162 -0.62163407
v 0.56031425 3.42642452 -0.65311696
v 0.53858664 3.42287715 -0.66863665
v 0.56341821 3.44992582 -0.66375906
v 0.56031425 3.42642452 -0.65311696
v 0.56120106 3.45968108 -0.64247486
v 0.55942738 3.44194425 -0.63138930
v 0.55233264 3.39715874 -0.63183276
v 0.52794454 3.39228111 -0.64735245
v 0.48626295 3.37942191 -0.60434065
v 0.50399979 3.40824426 -0.64247486
v 0.51109452 3.35991139 -0.60700120
v 0.53858664 3.36656270 -0.59192486
v 0.55233264 3.39715874 -0.63183276
v 0.55233264 3.41799952 -0.61143538
v 0.53858664 3.36656270 -0.59192486
v 0.54080373 3.39316795 -0.57463144
v 0.51597216 3.41267847 -0.57197094
v 0.54080373 3.39316795 -0.57463144
v 0.52838795 3.43396267 -0.60611433
v 0.50399979 3.42864162 -0.62163407
v 0.48848004 3.40558374 -0.58660381
v 0.51464189 3.45081266 -0.64025772
v 0.50399979 3.42864162 -0.62163407
v 0.53636949 3.45391661 -0.62518144
v 0.56120106 3.45968108 -0.64247486
v 0.52838795 3.43396267 -0.60611433
v 0.55233264 3.41799952 -0.61143538
v 0.54036032 3.46721923 -0.63538013
v 0.56341821 3.47874817 -0.65134328
v 0.56120106 3.45968108 -0.64247486
v 0.54435110 3.48451265 -0.64469195
v 0.53149191 3.49604159 -0.66198538
v 0.52750108 3.48362580 -0.65755114
v 0.54656819 3.49648501 -0.65001300
v 0.53592609 3.50402316 -0.66508929
v 0.53149191 3.49604159 -0.66198538
v 0.54834187 3.50402316 -0.65489065
v 0.54435110 3.48451265 -0.64469195
v 0.56341821 3.47874817 -0.65134328
v 0.56607870 3.47209686 -0.67129720
v 0.56341821 3.47874817 -0.65134328
v 0.56652211 3.48717317 -0.67484457
v 0.56341821 3.44992582 -0.66375906
v 0.56120106 3.45968108 -0.64247486
v 0.54922874 3.47121002 -0.68459980
v 0.54479450 3.44815214 -0.67750507
v 0.56607870 3.47209686 -0.67129720
v 0.56607870 3.47209686 -0.67129720
v 0.56652211 3.48717317 -0.67484457
v -1.11193663 4.49739665 -0.60877488
v -1.10971948 4.50537831 -0.61099197
v -1.09952079 4.50582171 -0.60877488
v -1.09863398 4.49828357 -0.60700120
v -1.09464320 4.49163225 -0.59103805
v -1.09774716 4.48808488 -0.60522751
v -1.09641683 4.50271775 -0.59502882
v -1.09242606 4.47167827 -0.58616040
v -1.10750234 4.49384928 -0.58349985
v -1.10750234 4.47300849 -0.57773540
v -1.08932210 4.44995066 -0.58216963
v -1.10705893 4.44995066 -0.57152753
v -1.09242606 4.47167827 -0.58616040
v -1.09774716 4.48808488 -0.60522751
v -1.09641683 4.46857431 -0.60256696
v -1.08932210 4.44995066 -0.58216963
v -1.09375628 4.44773352 -0.60212355
v -1.11326685 4.46813090 -0.60434065
v -1.11282344 4.48719796 -0.60655774
v -1.11282344 4.48719796 -0.60655774
v -1.09863398 4.49828357 -0.60700120
v -1.11193663 4.49739665 -0.60877488
v -1.11725762 4.50183094 -0.59768932
v -1.11903136 4.49074532 -0.59325514
v -1.12036158 4.47079145 -0.58882090
v -1.12036158 4.47079145 -0.58882090
v -1.11459707 4.44684670 -0.60389724
v -1.12257873 4.44817692 -0.58483013
v -1.10705893 4.44995066 -0.57152753
v -1.10750234 4.47300849 -0.57773540
v -1.12257873 4.44817692 -0.58483013
v -1.10528530 4.41447699 -0.56620648
v -1.12257873 4.41225985 -0.58128276
v -1.10129453 4.37412574 -0.56044197
v -1.12080499 4.37013486 -0.57684858
v -1.08577473 4.30495204 -0.54802619
v -1.10129453 4.37412574 -0.56044197
v -1.10661552 4.29685964 -0.56576302
v -1.10750234 4.47300849 -0.57773540
v -1.11903136 4.49074532 -0.59325514
v -1.10750234 4.49384928 -0.58349985
v -1.11725762 4.50183094 -0.59768932
v -1.10794575 4.50537831 -0.58926436
v -1.11504048 4.51069930 -0.60345383
v -1.11725762 4.50183094 -0.59768932
v -1.10794575 4.51424667 -0.59680250
v -1.10794575 4.51424667 -0.59680250
v -1.10572871 4.51335985 -0.60655774
v 0.92314331 5.04945563 -0.29217238
v 1.08410514 5.15587662 -0.28596449
v 1.10272879 5.13636605 -0.26201976
v 0.92935123 5.02063328 -0.26645397
v 0.82370619 5.04546485 -0.30325791
v 0.81794174 5.01353855 -0.27709607
v 0.92314331 5.03526616 -0.23053690
v 0.92935123 5.02063328 -0.26645397
v 1.09297350 5.14700815 -0.22920662
v 1.20515901 5.29743874 -0.26778425
v 1.19451691 5.30453347 -0.23718820
v 1.08410514 5.15587662 -0.28596449
v 1.18254448 5.30808073 -0.28862501
v 1.06814194 5.17272664 -0.23275399
v 0.91338803 5.07251345 -0.23408426
v 0.81262069 5.02861483 -0.24073556
v 0.81483778 5.06940960 -0.24383952
v 0.91338803 5.08182533 -0.27221846
v 1.06282094 5.17849105 -0.26778425
v 1.16569457 5.31916634 -0.23984872
v 1.06282094 5.17849105 -0.26778425
v 1.15815632 5.32138338 -0.27177502
v 1.19983791 5.42913460 -0.24871714
v 1.15815632 5.32138338 -0.27177502
v 1.19229977 5.42913460 -0.27620923
v 1.21580111 5.42337031 -0.29172897
v 1.18254448 5.30808073 -0.28862501
v 1.23885894 5.53998989 -0.29527634
v 1.21757474 5.54353736 -0.28108687
v 1.24639708 5.60650293 -0.29571975
v 1.22688662 5.60872019 -0.28286056
v 1.23309454 5.60872019 -0.26068951
v 1.22466948 5.54353736 -0.25625531
v 1.19229977 5.42913460 -0.27620923
v 1.19451691 5.30453347 -0.23718820
v 1.22777344 5.42337031 -0.24694345
v 1.16569457 5.31916634 -0.23984872
v 1.09297350 5.14700815 -0.22920662
v 1.23752872 5.41982283 -0.27354870
v 1.19451691 5.30453347 -0.23718820
v 1.20515901 5.29743874 -0.26778425
v 1.24994445 5.54043330 -0.25536846
v 1.22466948 5.54353736 -0.25625531
v 1.25615237 5.60650293 -0.25935924
v 1.23974576 5.66547805 -0.26335004
v 1.26058655 5.66370442 -0.26246320
v 1.24418005 5.70050831 -0.26556713
v 1.26147347 5.69917809 -0.26512372
v 1.24772741 5.73332132 -0.26689741
v 1.23974576 5.70095172 -0.28241712
v 1.24373664 5.73376473 -0.28197371
v 1.24418005 5.70050831 -0.26556713
v 1.23398135 5.66547805 -0.28330396
v 1.23974576 5.70095172 -0.28241712
v 1.25393522 5.69962150 -0.29217238
v 1.25127478 5.66414783 -0.29483290
v 1.22688662 5.60872019 -0.28286056
v 1.24639708 5.60650293 -0.29571975
v 1.23974576 5.66547805 -0.26335004
v 1.23309454 5.60872019 -0.26068951
v 1.26147347 5.69917809 -0.26512372
v 1.24772741 5.73332132 -0.26689741
v 1.26324710 5.73199110 -0.26645397
v 1.24994445 5.75150167 -0.26822765
v 1.24373664 5.73376473 -0.28197371
v 1.24639708 5.75194507 -0.28108687
v 1.25748259 5.75105826 -0.28818161
v 1.25659578 5.73287791 -0.29039870
v 1.24639708 5.75194507 -0.28108687
v 1.24994445 5.75150167 -0.26822765
v 1.24772741 5.73332132 -0.26689741
v 1.26324710 5.75061485 -0.26778425
v 1.26812469 5.75061485 -0.28020003
v 1.26856821 5.73199110 -0.28064344
v 1.26324710 5.73199110 -0.26645397
v 1.26768128 5.69873447 -0.28153028
v 1.26058655 5.66370442 -0.26246320
v 1.26768128 5.66281739 -0.28197371
v 1.25127478 5.66414783 -0.29483290
v 1.25393522 5.69962150 -0.29217238
v 1.25748259 5.75105826 -0.28818161
v 1.26679447 5.76613454 -0.27931319
v 1.25836951 5.76657795 -0.28596449
v 1.26280370 5.76613454 -0.26955793
v 1.25792611 5.77101224 -0.27709607
v 1.25216160 5.76657795 -0.27000134
v 1.25792611 5.77101224 -0.27709607
v 1.26324710 5.75061485 -0.26778425
v 1.24639708 5.75194507 -0.28108687
v 1.24950104 5.76657795 -0.28020003
v 1.24950104 5.76657795 -0.28020003
v 1.25792611 5.77101224 -0.27709607
v 1.25836951 5.76657795 -0.28596449
v 1.25792611 5.77101224 -0.27709607
v 1.25836951 5.76657795 -0.28596449
v 1.25748259 5.75105826 -0.28818161
v 1.24950104 5.76657795 -0.28020003
v 1.26679447 5.76613454 -0.27931319
v 1.26324710 5.75061485 -0.26778425
v 1.26812469 5.75061485 -0.28020003
v 1.25836951 5.76657795 -0.28596449
v 1.25792611 5.77101224 -0.27709607
v 1.25659578 5.73287791 -0.29039870
v 1.26856821 5.73199110 -0.28064344
v 1.25393522 5.69962150 -0.29217238
v 1.26856821 5.73199110 -0.28064344
v 1.26768128 5.69873447 -0.28153028
v 0.52971822 3.12800230 -0.21058295
v 0.55100242 3.17323122 -0.20570533
v 0.53104844 3.18476016 -0.20304481
v 0.50887743 3.13332335 -0.20526190
v 0.50887743 3.13332335 -0.20526190
v 0.50311297 3.20205358 -0.20127112
v 0.48315899 3.13154966 -0.19550664
v 0.54745506 3.21313910 -0.24206584
v 0.52351030 3.23486672 -0.24383952
v 0.53104844 3.18476016 -0.20304481
v 0.56297474 3.20116673 -0.24295268
v 0.56075765 3.11647335 -0.21767768
v 0.52971822 3.12800230 -0.21058295
v 0.57893789 3.15859832 -0.21013954
v 0.51818925 3.11514308 -0.25448162
v 0.54612478 3.10494441 -0.26024608
v 0.60776029 3.10671810 -0.23275399
v 0.59401423 3.09563256 -0.27221846
v 0.55011555 3.13509703 -0.29527634
v 0.51818925 3.11514308 -0.25448162
v 0.52927476 3.14573913 -0.29305922
v 0.49867874 3.12002072 -0.25049082
v 0.51375507 3.15505095 -0.29305922
v 0.47340376 3.12002072 -0.24339609
v 0.49069719 3.17057070 -0.29438950
v 0.49867874 3.12002072 -0.25049082
v 0.49867874 3.12002072 -0.25049082
v 0.52971822 3.12800230 -0.21058295
v 0.50887743 3.13332335 -0.20526190
v 0.57893789 3.15859832 -0.21013954
v 0.56075765 3.11647335 -0.21767768
v 0.61751552 3.14795622 -0.22388557
v 0.65387606 3.10716150 -0.25137766
v 0.65653655 3.14618254 -0.24073556
v 0.59401423 3.09563256 -0.27221846
v 0.65387606 3.10716150 -0.25137766
v 0.64057340 3.09696284 -0.28818161
v 0.68713258 3.11736020 -0.27000134
v 0.65653655 3.14618254 -0.24073556
v 0.68269840 3.15106018 -0.25714215
v 0.71506810 3.13066282 -0.28862501
v 0.70797337 3.16037200 -0.27443555
v 0.69999182 3.18875095 -0.30104080
v 0.68624576 3.18165622 -0.28995529
v 0.72304971 3.17101412 -0.28951185
v 0.73147466 3.14440885 -0.30370132
v 0.70797337 3.16037200 -0.27443555
v 0.71506810 3.13066282 -0.28862501
v 0.70797337 3.16037200 -0.27443555
v 0.68624576 3.18165622 -0.28995529
v 0.66407469 3.17544833 -0.27665266
v 0.65653655 3.14618254 -0.24073556
v 0.64589445 3.17500490 -0.26689741
v 0.66407469 3.17544833 -0.27665266
v 0.63259186 3.16524965 -0.30370132
v 0.64988523 3.16657991 -0.30902237
v 0.60022209 3.16746675 -0.29438950
v 0.62948790 3.12622861 -0.31434342
v 0.59046686 3.12578518 -0.30325791
v 0.64589445 3.17500490 -0.26689741
v 0.63259186 3.16524965 -0.30370132
v 0.61396815 3.17810885 -0.25448162
v 0.61751552 3.14795622 -0.22388557
v 0.65653655 3.14618254 -0.24073556
v 0.61396815 3.17810885 -0.25448162
v 0.58292872 3.18875095 -0.24516977
v 0.55100242 3.17323122 -0.20570533
v 0.55144583 3.18786411 -0.28640792
v 0.56829579 3.17677859 -0.28773817
v 0.58292872 3.18875095 -0.24516977
v 0.55144583 3.18786411 -0.28640792
v 0.53769977 3.19850621 -0.28685133
v 0.54745506 3.21313910 -0.24206584
v 0.51375507 3.22067725 -0.29039870
v 0.52351030 3.23486672 -0.24383952
v 0.51375507 3.15505095 -0.29305922
v 0.49069719 3.17057070 -0.29438950
v 0.64855501 3.77051910 1.09141152
v 0.65564974 3.78914277 1.10427066
v 0.67205630 3.77672699 1.11712990
v 0.66540497 3.75499935 1.10427066
v 0.67649048 3.79845459 1.12732859
v 0.66097079 3.80820985 1.11491276
v 0.64057340 3.81042697 1.12289430
v 0.66097079 3.80820985 1.11491276
v 0.63347867 3.79269014 1.11313913
v 0.64855501 3.77051910 1.09141152
v 0.62461025 3.77495330 1.10161011
v 0.63392208 3.74258357 1.06657995
v 0.61751552 3.76386777 1.12422464
v 0.62771421 3.78382172 1.13486674
v 0.59889187 3.73282831 1.10072329
v 0.63436554 3.74790462 1.13708377
v 0.60776029 3.74746121 1.07722205
v 0.62194976 3.72174280 1.04086146
v 0.59179714 3.72750726 1.05283389
v 0.57849449 3.70622306 1.07323117
v 0.59179714 3.72750726 1.05283389
v 0.61618524 3.71331779 1.11269572
v 0.59445764 3.67961781 1.08209964
v 0.55055896 3.67873097 1.02268122
v 0.56519189 3.64680467 1.02711541
v 0.57849449 3.70622306 1.07323117
v 0.59179714 3.72750726 1.05283389
v 0.56829579 3.70444938 1.00627472
v 0.59179714 3.72750726 1.05283389
v 0.60110896 3.69868492 0.99430229
v 0.65121550 3.72262965 1.07855228
v 0.63791291 3.69513755 1.04972994
v 0.63392208 3.74258357 1.06657995
v 0.63392208 3.74258357 1.06657995
v 0.66540497 3.75499935 1.10427066
v 0.60110896 3.69868492 0.99430229
v 0.63791291 3.69513755 1.04972994
v 0.61574184 3.66675862 0.99873647
v 0.58204185 3.68848623 0.94142440
v 0.60110896 3.69868492 0.99430229
v 0.59490104 3.65301256 0.93876385
v 0.56829579 3.70444938 1.00627472
v 0.54656819 3.69513755 0.95339672
v 0.52351030 3.66587178 0.96270860
v 0.55055896 3.67873097 1.02268122
v 0.54656819 3.69513755 0.95339672
v 0.56474843 3.69203359 0.88289285
v 0.52661426 3.69957176 0.89486517
v 0.49867874 3.66941915 0.89442177
v 0.52351030 3.66587178 0.96270860
v 0.53636949 3.63039811 0.95960464
v 0.50932084 3.63217180 0.88156257
v 0.54745506 3.62463363 0.86959020
v 0.57184316 3.62374679 0.94763227
v 0.53681296 3.63970994 0.82125734
v 0.57539053 3.65478624 0.87003361
v 0.56785239 3.67074939 0.82968235
v 0.53016163 3.64857835 0.78888763
v 0.56430502 3.68360861 0.80085996
v 0.56430502 3.68360861 0.80085996
v 0.52084981 3.65434284 0.74809292
v 0.56208793 3.70444938 0.76139552
v 0.59490104 3.65301256 0.93876385
v 0.57539053 3.65478624 0.87003361
v 0.57184316 3.62374679 0.94763227
v 0.49867874 3.66941915 0.89442177
v 0.48848004 3.68848623 0.84653232
v 0.49690505 3.64813495 0.83056917
v 0.53016163 3.64857835 0.78888763
v 0.48892351 3.65655993 0.79686918
v 0.52084981 3.65434284 0.74809292
v 0.47695113 3.66055073 0.75563106
v 0.47650772 3.72529017 0.76982053
v 0.47695113 3.66055073 0.75563106
v 0.48271559 3.70311913 0.81371920
v 0.49690505 3.64813495 0.83056917
v 0.48892351 3.65655993 0.79686918
v 0.49867874 3.66941915 0.89442177
v 0.52661426 3.69957176 0.89486517
v 0.51863266 3.71686516 0.85584414
v 0.48271559 3.70311913 0.81371920
v 0.48848004 3.68848623 0.84653232
v 0.51464189 3.73194147 0.82790867
v 0.55410633 3.74790462 0.78179290
v 0.51153793 3.75765988 0.78844417
v 0.55543660 3.72218621 0.82037047
v 0.56430502 3.68360861 0.80085996
v 0.56208793 3.70444938 0.76139552
v 0.55854056 3.70799674 0.84697572
v 0.51464189 3.73194147 0.82790867
v 0.52661426 3.69957176 0.89486517
v 0.55854056 3.70799674 0.84697572
v 0.55854056 3.70799674 0.84697572
v 0.57539053 3.65478624 0.87003361
v 0.56785239 3.67074939 0.82968235
v 0.47650772 3.72529017 0.76982053
v 0.51153793 3.75765988 0.78844417
v 0.48271559 3.70311913 0.81371920
v 0.04284212 2.81805115 0.06345113
v 0.07787237 2.84243925 0.02354325
v 0.17054732 2.78878535 0.08872611
v 0.14039471 2.75286827 0.12730373
v 0.19936969 2.85751559 0.20091158
v 0.14039471 2.75286827 0.12730373
v 0.22996571 2.87879979 0.16011687
v 0.08097631 2.98655104 -0.01060015
v 0.05304080 2.98122999 0.01955246
v 0.10891183 2.85928927 -0.01148699
v 0.13285655 2.87126165 -0.03853566
v 0.22242757 2.82691957 0.02576036
v 0.19981310 2.81139982 0.05325245
v 0.25701440 2.89387607 0.12508662
v 0.22996571 2.87879979 0.16011687
v 0.17054732 2.78878535 0.08872611
v 0.07787237 2.84243925 0.02354325
v 0.19981310 2.81139982 0.05325245
v 0.17054732 2.78878535 0.08872611
v 0.04284212 2.81805115 0.06345113
v 0.02111450 2.97945630 0.05413929
v 0.22242757 2.82691957 0.02576036
v 0.25701440 2.89387607 0.12508662
v 0.27785516 2.90451817 0.09848137
v 0.22996571 2.87879979 0.16011687
v 0.23085255 3.01980761 0.12375636
v 0.20868151 3.01581681 0.15257871
v 0.27785516 2.90451817 0.09848137
v 0.24770255 3.02379839 0.10202874
v 0.23085255 3.01980761 0.12375636
v 0.27785516 2.90451817 0.09848137
v 0.27430780 3.03133656 0.06877218
v 0.30933806 2.92048132 0.05857350
v 0.30933806 2.92048132 0.05857350
v 0.30446041 3.04242206 0.03152483
v 0.34569856 2.93688790 0.01467484
v 0.29825252 2.86904450 -0.06425407
v 0.25790124 2.84864717 -0.01636462
v 0.30933806 2.92048132 0.05857350
v 0.27785516 2.90451817 0.09848137
v 0.22242757 2.82691957 0.02576036
v 0.13285655 2.87126165 -0.03853566
v 0.16921706 2.88855502 -0.07977380
v 0.29825252 2.86904450 -0.06425407
v 0.20956836 2.90629185 -0.12633299
v 0.41221169 2.96925764 -0.18176061
v 0.44236428 3.02202470 -0.09307643
v 0.13374339 2.99941026 -0.06913170
v 0.10181709 2.99098525 -0.03365803
v 0.10891183 2.85928927 -0.01148699
v 0.08097631 2.98655104 -0.01060015
v 0.16833022 3.01182604 -0.10948300
v 0.13374339 2.99941026 -0.06913170
v 0.20956836 2.90629185 -0.12633299
v 0.26943018 3.08587730 -0.20260137
v 0.32574461 3.00118394 -0.23630135
v 0.33594331 3.17101412 -0.26113292
v 0.26943018 3.08587730 -0.20260137
v 0.40201300 3.11026546 -0.30591844
v 0.37319066 3.25304697 -0.30237107
v 0.33594331 3.17101412 -0.26113292
v 0.44059059 3.21136541 -0.35159077
v 0.45655374 3.29472853 -0.38706444
v 0.53903005 3.29871932 -0.36001578
v 0.52705767 3.20560094 -0.31744738
v 0.40201300 3.11026546 -0.30591844
v 0.48981032 3.09031151 -0.26157636
v 0.51109452 3.13066282 -0.17244876
v 0.44236428 3.02202470 -0.09307643
v 0.41221169 2.96925764 -0.18176061
v 0.20956836 2.90629185 -0.12633299
v 0.29825252 2.86904450 -0.06425407
v 0.32574461 3.00118394 -0.23630135
v 0.48981032 3.09031151 -0.26157636
v 0.40201300 3.11026546 -0.30591844
v 0.45655374 3.29472853 -0.38706444
v 0.54257741 3.36833639 -0.39415920
v 0.46586562 3.36345876 -0.41854730
v 0.42507091 3.46056792 -0.40967889
v 0.40733405 3.39715874 -0.37464865
v 0.47872481 3.42553767 -0.44781311
v 0.40733405 3.39715874 -0.37464865
v 0.45655374 3.29472853 -0.38706444
v 0.39314458 3.32842851 -0.33784474
v 0.44857220 3.51643895 -0.43406705
v 0.49823533 3.48495607 -0.46954071
v 0.42507091 3.46056792 -0.40967889
v 0.46586562 3.36345876 -0.41854730
v 0.54834187 3.42332057 -0.42120786
v 0.54257741 3.36833639 -0.39415920
v 0.55809716 3.33641009 -0.28419080
v 0.53903005 3.29871932 -0.36001578
v 0.56075765 3.40602716 -0.32542896
v 0.55809716 3.33641009 -0.28419080
v 0.50222610 3.43972714 -0.28153028
v 0.49468796 3.37011007 -0.23541451
v 0.54656819 3.24196145 -0.23364083
v 0.49468796 3.37011007 -0.23541451
v 0.47961163 3.28364301 -0.18397770
v 0.53903005 3.29871932 -0.36001578
v 0.54656819 3.24196145 -0.23364083
v 0.44502483 3.19141148 -0.12766325
v 0.38604985 3.10671810 -0.05937644
v 0.34569856 2.93688790 0.01467484
v 0.30446041 3.04242206 0.03152483
v 0.38604985 3.10671810 -0.05937644
v 0.21577625 3.07966941 -0.03055409
v 0.29958280 3.13864440 -0.11436063
v 0.21577625 3.07966941 -0.03055409
v 0.26943018 3.08587730 -0.20260137
v 0.16833022 3.01182604 -0.10948300
v 0.18739731 3.07035759 0.00314589
v 0.13374339 2.99941026 -0.06913170
v 0.27430780 3.03133656 0.06877218
v 0.21577625 3.07966941 -0.03055409
v 0.29958280 3.13864440 -0.11436063
v 0.33594331 3.17101412 -0.26113292
v 0.35767091 3.21136541 -0.17200535
v 0.38604985 3.10671810 -0.05937644
v 0.35767091 3.21136541 -0.17200535
v 0.47961163 3.28364301 -0.18397770
v 0.51109452 3.13066282 -0.17244876
v 0.54656819 3.24196145 -0.23364083
v 0.39270117 3.28940748 -0.21856452
v 0.37319066 3.25304697 -0.30237107
v 0.39270117 3.28940748 -0.21856452
v 0.39314458 3.32842851 -0.33784474
v 0.41221169 3.36611928 -0.26201976
v 0.40733405 3.39715874 -0.37464865
v 0.42551431 3.43529293 -0.30591844
v 0.49468796 3.37011007 -0.23541451
v 0.56075765 3.40602716 -0.32542896
v 0.51065111 3.49027712 -0.31744738
v 0.56386161 3.45569029 -0.35602498
v 0.42551431 3.43529293 -0.30591844
v 0.50222610 3.43972714 -0.28153028
v 0.44103406 3.49293764 -0.34449604
v 0.44857220 3.51643895 -0.43406705
v 0.42507091 3.46056792 -0.40967889
v 0.45965770 3.53639288 -0.36932760
v 0.52040634 3.52486394 -0.34006183
v 0.51065111 3.49027712 -0.31744738
v 0.57006948 3.49338106 -0.37509209
v 0.57760767 3.52841131 -0.38529075
v 0.58204185 3.57230997 -0.44470915
v 0.57273003 3.52353368 -0.44781311
v 0.51907612 3.53994025 -0.47663545
v 0.53237872 3.58472575 -0.47131440
v 0.48404586 3.59093364 -0.44071837
v 0.47074321 3.56122445 -0.44293546
v 0.49823533 3.48495607 -0.46954071
v 0.44857220 3.51643895 -0.43406705
v 0.51907612 3.53994025 -0.47663545
v 0.55898397 3.47342712 -0.43983150
v 0.47872481 3.42553767 -0.44781311
v 0.56386161 3.45569029 -0.35602498
v 0.57273003 3.52353368 -0.44781311
v 0.57760767 3.52841131 -0.38529075
v 0.56075765 3.40602716 -0.32542896
v 0.54257741 3.36833639 -0.39415920
v 0.49025373 3.60778364 -0.43628414
v 0.53237872 3.58472575 -0.47131440
v 0.53548268 3.61399153 -0.46200257
v 0.57273003 3.63837969 -0.43096309
v 0.58115504 3.61221784 -0.43628414
v 0.53370900 3.62818099 -0.45579465
v 0.49291428 3.61709549 -0.43318023
v 0.49025373 3.60778364 -0.43628414
v 0.53370900 3.62818099 -0.45579465
v 0.53193531 3.63394548 -0.45180388
v 0.57273003 3.63837969 -0.43096309
v 0.53370900 3.62818099 -0.45579465
v 0.49424456 3.62729415 -0.43184996
v 0.53016163 3.63882309 -0.44869992
v 0.56519189 3.65035204 -0.43007627
v 0.57184316 3.63749285 -0.38307366
v 0.58115504 3.61221784 -0.43628414
v 0.58115504 3.61221784 -0.43628414
v 0.58337213 3.56565866 -0.38750787
v 0.58204185 3.57230997 -0.44470915
v 0.53548268 3.61399153 -0.46200257
v 0.37629459 6.36087277 -0.44027496
v 0.37718143 6.37639246 -0.44559601
v 0.38383276 6.37461883 -0.45313416
v 0.38338932 6.35909914 -0.45180388
v 0.39181433 6.37683586 -0.44692624
v 0.38427616 6.38038334 -0.44736970
v 0.38383276 6.37461883 -0.45313416
v 0.38427616 6.38038334 -0.44736970
v 0.38516300 6.37860949 -0.43894469
v 0.37629459 6.36087277 -0.44027496
v 0.38782353 6.36308980 -0.43318023
v 0.37585118 6.34047538 -0.43628414
v 0.38959721 6.34224901 -0.42830259
v 0.38959721 6.34224901 -0.42830259
v 0.37585118 6.31298326 -0.43229336
v 0.39225774 6.31475689 -0.42298154
v 0.38427616 6.33914516 -0.45003020
v 0.38516300 6.31209645 -0.44869992
v 0.40156959 6.31387008 -0.43938810
v 0.39802222 6.34091879 -0.44160519
v 0.40556036 6.27396234 -0.43717101
v 0.39225774 6.31475689 -0.42298154
v 0.39491826 6.27440575 -0.41854730
v 0.40156959 6.31387008 -0.43938810
v 0.38959721 6.34224901 -0.42830259
v 0.39225774 6.31475689 -0.42298154
v 0.39225774 6.31475689 -0.42298154
v 0.37629459 6.27263190 -0.42918940
v 0.39491826 6.27440575 -0.41854730
v 0.37629459 6.27263190 -0.42918940
v 0.38693669 6.27263190 -0.44781311
v 0.37762486 6.21587403 -0.42652891
v 0.39491826 6.27440575 -0.41854730
v 0.39890906 6.21764788 -0.41455653
v 0.38161564 6.13738856 -0.42386835
v 0.40556036 6.14049263 -0.41056576
v 0.38959721 6.21631744 -0.44736970
v 0.39491826 6.13827538 -0.44781311
v 0.39491826 6.03085671 -0.41943417
v 0.40999457 6.03263056 -0.44603942
v 0.43083536 5.89295293 -0.40746180
v 0.39491826 6.03085671 -0.41943417
v 0.44724192 5.89516996 -0.43761441
v 0.55721029 5.75371870 -0.39681970
v 0.53149191 5.73066087 -0.41233944
v 0.47473404 5.90802921 -0.42165126
v 0.40999457 6.03263056 -0.44603942
v 0.43615641 6.03883826 -0.43140655
v 0.40556036 6.14049263 -0.41056576
v 0.42108008 6.03706463 -0.40435784
v 0.41886299 6.14093604 -0.43451045
v 0.39491826 6.13827538 -0.44781311
v 0.41088141 6.21809129 -0.43584073
v 0.38693669 6.27263190 -0.44781311
v 0.41088141 6.21809129 -0.43584073
v 0.40556036 6.27396234 -0.43717101
v 0.41088141 6.21809129 -0.43584073
v 0.39491826 6.27440575 -0.41854730
v 0.39890906 6.21764788 -0.41455653
v 0.39491826 6.13827538 -0.44781311
v 0.43615641 6.03883826 -0.43140655
v 0.40999457 6.03263056 -0.44603942
v 0.47473404 5.90802921 -0.42165126
v 0.42108008 6.03706463 -0.40435784
v 0.45877089 5.90536876 -0.39149865
v 0.55721029 5.75371870 -0.39681970
v 0.54036032 5.74928463 -0.36311971
v 0.61795893 5.69119633 -0.37952630
v 0.55721029 5.75371870 -0.39681970
v 0.60554314 5.68410159 -0.34360920
v -0.58371150 3.32443772 -0.13608825
v -0.61297730 3.24949960 -0.20171453
v -0.43693922 3.07789573 -0.03321461
v -0.42629712 3.17589175 0.01777878
v -0.37308662 3.04862995 0.01999589
v -0.36909584 3.15283386 0.06522481
v -0.37441689 3.05483785 -0.12234220
v -0.30790377 3.02335498 -0.06735802
v -0.18285908 3.07966941 -0.06336723
v -0.25114589 2.99364577 -0.01902515
v -0.23873011 3.10272730 -0.10903958
v -0.18285908 3.07966941 -0.06336723
v -0.23651300 3.20648778 -0.06558433
v -0.18951039 3.19052463 -0.02833698
v -0.25912746 3.21757330 0.05635639
v -0.30258272 3.23131935 0.02132615
v -0.36909584 3.15283386 0.06522481
v -0.31898928 3.13465360 0.10823663
v -0.29061034 3.22777198 -0.10903958
v -0.30125244 3.12977598 -0.16003297
v -0.44137343 3.35946797 -0.23940531
v -0.35313269 3.25082987 -0.01991199
v -0.49813129 3.37942191 -0.15471192
v -0.35313269 3.25082987 -0.01991199
v -0.58371150 3.32443772 -0.13608825
v -0.42629712 3.17589175 0.01777878
v -0.30258272 3.23131935 0.02132615
v -0.29061034 3.22777198 -0.10903958
v -0.23651300 3.20648778 -0.06558433
v -0.47063920 3.28452985 -0.30458816
v -0.53227468 3.51111790 -0.32365527
v -0.57085231 3.46189818 -0.39681970
v -0.55621943 3.22998909 -0.28596449
v -0.30125244 3.12977598 -0.16003297
v -0.37441689 3.05483785 -0.12234220
v -0.53227468 3.51111790 -0.32365527
v -0.49813129 3.37942191 -0.15471192
v -0.58282468 3.52575078 -0.24295268
v -0.57085231 3.46189818 -0.39681970
v -0.59391019 3.67784413 -0.37908286
v -0.63559178 3.65079547 -0.45269075
v -0.63027073 3.82993749 -0.40214075
v -0.67150885 3.81796511 -0.47220126
v -0.72250226 3.63039811 -0.45003020
v -0.66042334 3.42686794 -0.38883812
v -0.55621943 3.22998909 -0.28596449
v -0.75309828 3.80554933 -0.47042758
v -0.67150885 3.81796511 -0.47220126
v -0.72250226 3.63039811 -0.45003020
v -0.76728775 3.63749285 -0.37287497
v -0.75309828 3.80554933 -0.47042758
v -0.79300613 3.80510592 -0.39859338
v -0.75176801 3.81707827 -0.32853289
v -0.72560617 3.66454150 -0.29926711
v -0.76684434 3.94478347 -0.33784474
v -0.75176801 3.81707827 -0.32853289
v -0.80586538 3.94079269 -0.40258415
v -0.79300613 3.80510592 -0.39859338
v -0.76994825 3.94655715 -0.46909731
v -0.75309828 3.80554933 -0.47042758
v -0.77881666 4.05031765 -0.33917499
v -0.76684434 3.94478347 -0.33784474
v -0.81473379 4.04810051 -0.39859338
v -0.78990223 4.13678467 -0.34006183
v -0.82315875 4.13323731 -0.39415920
v -0.80098773 4.20817547 -0.34405263
v -0.78990223 4.13678467 -0.34006183
v -0.83025348 4.20152414 -0.39327233
v -0.80896928 4.26582015 -0.35203421
v -0.83025348 4.20152414 -0.39327233
v -0.83513112 4.25695173 -0.39681970
v -0.81384692 4.31115995 -0.36223287
v -0.83513112 4.25695173 -0.39681970
v -0.83646140 4.30140467 -0.40258415
v -0.83646140 4.30140467 -0.40258415
v -0.81251665 4.29785730 -0.44293546
v -0.80941274 4.25695173 -0.44249206
v -0.76595747 4.30362181 -0.44337887
v -0.75753247 4.26626356 -0.44337887
v -0.80941274 4.25695173 -0.44249206
v -0.83513112 4.25695173 -0.39681970
v -0.80276142 4.20595832 -0.44426574
v -0.82315875 4.13323731 -0.39415920
v -0.79344959 4.14077550 -0.45003020
v -0.74600355 4.21704389 -0.44559601
v -0.75753247 4.26626356 -0.44337887
v -0.73181408 4.27513197 -0.39859338
v -0.71629434 4.22369516 -0.39593288
v -0.73048381 4.15230442 -0.45136047
v -0.69767069 4.15629519 -0.39681970
v -0.74600355 4.21704389 -0.44559601
v -0.73048381 4.15230442 -0.45136047
v -0.79344959 4.14077550 -0.45003020
v -0.71363384 4.06716762 -0.46111570
v -0.78236403 4.05652552 -0.45934202
v -0.82315875 4.13323731 -0.39415920
v -0.80586538 3.94079269 -0.40258415
v -0.76994825 3.94655715 -0.46909731
v -0.69456673 3.95675584 -0.47087099
v -0.76994825 3.94655715 -0.46909731
v -0.67727331 4.06894130 -0.40169734
v -0.65554570 3.96074662 -0.40568811
v -0.63027073 3.82993749 -0.40214075
v -0.63869568 3.68493886 -0.30237107
v -0.67062198 3.82949405 -0.33030657
v -0.59391019 3.67784413 -0.37908286
v -0.58282468 3.52575078 -0.24295268
v -0.53227468 3.51111790 -0.32365527
v -0.72560617 3.66454150 -0.29926711
v -0.75176801 3.81707827 -0.32853289
v -0.67062198 3.82949405 -0.33030657
v -0.76684434 3.94478347 -0.33784474
v -0.69146277 3.95498216 -0.33961842
v -0.63027073 3.82993749 -0.40214075
v -0.67727331 4.06894130 -0.40169734
v -0.70964302 4.06051629 -0.34050526
v -0.77881666 4.05031765 -0.33917499
v -0.70964302 4.06051629 -0.34050526
v -0.67195226 3.49072054 -0.23541451
v -0.49813129 3.37942191 -0.15471192
v -0.58371150 3.32443772 -0.13608825
v -0.69767069 4.15629519 -0.39681970
v -0.72737985 4.14831364 -0.34139211
v -0.73048381 4.15230442 -0.45136047
v -0.67727331 4.06894130 -0.40169734
v -0.71629434 4.22369516 -0.39593288
v -0.72737985 4.14831364 -0.34139211
v -0.74422987 4.21926098 -0.34538288
v -0.73181408 4.27513197 -0.39859338
v -0.75753247 4.27468857 -0.35292105
v -0.80098773 4.20817547 -0.34405263
v -0.78990223 4.13678467 -0.34006183
v -0.70964302 4.06051629 -0.34050526
v -0.78990223 4.13678467 -0.34006183
v -0.77881666 4.05031765 -0.33917499
v -0.74422987 4.21926098 -0.34538288
v -0.80896928 4.26582015 -0.35203421
v -0.75753247 4.27468857 -0.35292105
v -0.74289959 4.31293358 -0.40302761
v -0.75753247 4.27468857 -0.35292105
v -0.76684434 4.31692436 -0.36267631
v -0.76595747 4.30362181 -0.44337887
v -0.81296011 4.33067042 -0.44470915
v -0.81251665 4.29785730 -0.44293546
v -0.77039171 4.33288756 -0.44426574
v -0.81074296 4.35727572 -0.44559601
v -0.77305221 4.35594539 -0.44470915
v -0.77438248 4.37501255 -0.44382233
v -0.75841933 4.37767311 -0.41455653
v -0.75487197 4.36170990 -0.41189603
v -0.77039171 4.33288756 -0.44426574
v -0.77305221 4.35594539 -0.44470915
v -0.75043773 4.34086911 -0.40790520
v -0.77216539 4.34707703 -0.37243156
v -0.77482589 4.36791782 -0.38041314
v -0.75487197 4.36170990 -0.41189603
v -0.77615617 4.38299410 -0.38662103
v -0.76152329 4.39230598 -0.41633021
v -0.77704298 4.39540994 -0.39149865
v -0.77482589 4.36791782 -0.38041314
v -0.80941274 4.38565465 -0.38795128
v -0.81251665 4.36924804 -0.38174339
v -0.77482589 4.36791782 -0.38041314
v -0.81473379 4.34485988 -0.37287497
v -0.76684434 4.31692436 -0.36267631
v -0.77216539 4.34707703 -0.37243156
v -0.74289959 4.31293358 -0.40302761
v -0.81384692 4.31115995 -0.36223287
v -0.75753247 4.27468857 -0.35292105
v -0.80896928 4.26582015 -0.35203421
v -0.76684434 4.31692436 -0.36267631
v -0.57661677 5.31783612 -0.71297874
v -0.58592864 5.32404404 -0.71120505
v -0.58592864 5.32005316 -0.70189323
v -0.57927732 5.31340183 -0.70144982
v -0.58592864 5.32005316 -0.70189323
v -0.59391019 5.32049656 -0.70721428
v -0.56952203 5.30808073 -0.71608269
v -0.57661677 5.31783612 -0.71297874
v -0.56242730 5.29477829 -0.72007347
v -0.56597467 5.29034400 -0.70411032
v -0.55533257 5.27571113 -0.72495111
v -0.56242730 5.29477829 -0.72007347
v -0.55932339 5.27127684 -0.70677087
v -0.54779443 5.23890724 -0.73160244
v -0.55222866 5.23535976 -0.71076164
v -0.55533257 5.27571113 -0.72495111
v 0.72659707 3.18919437 -0.36178946
v 0.74211676 3.18076938 -0.35735526
v 0.73989967 3.17411806 -0.35558157
v 0.72127602 3.18387332 -0.36001578
v 0.72127602 3.18387332 -0.36001578
v 0.73635230 3.16702333 -0.35159077
v 0.71595497 3.17722201 -0.35646841
v 0.73280494 3.15904175 -0.34671316
v 0.71063392 3.17057070 -0.35292105
v 0.73280494 3.15904175 -0.34671316
v 0.72526680 3.14795622 -0.33828815
v 0.70220891 3.16125885 -0.34582631
v 0.74655100 3.16746675 -0.32720264
v 0.73989967 3.15682464 -0.31656054
v 0.71639838 3.13554044 -0.32986316
v 0.73147466 3.14440885 -0.30370132
v 0.70043523 3.12135097 -0.31744738
v 0.71639838 3.13554044 -0.32986316
v 0.71506810 3.13066282 -0.28862501
v 0.67294311 3.10804835 -0.30237107
v 0.70043523 3.12135097 -0.31744738
v 0.68713258 3.11736020 -0.27000134
v 0.72526680 3.14795622 -0.33828815
v 0.69334050 3.15283386 -0.34139211
v 0.70043523 3.12135097 -0.31744738
v 0.67870762 3.14219176 -0.33296710
v 0.67294311 3.10804835 -0.30237107
v 0.65431946 3.13243650 -0.32188159
v 0.64057340 3.09696284 -0.28818161
v 0.62948790 3.12622861 -0.31434342
v 0.68713258 3.11736020 -0.27000134
v 0.67294311 3.10804835 -0.30237107
v -0.40102214 4.86188860 -1.10729069
v -0.40412608 4.87563466 -1.10729069
v -0.40856028 4.87519125 -1.09576178
v -0.40589976 4.86144519 -1.09398815
v -0.40989056 4.86100179 -1.11837620
v -0.39747478 4.84548199 -1.10729069
v -0.40589976 4.86144519 -1.09398815
v -0.40323923 4.84459517 -1.09221441
v -0.40767344 4.84415177 -1.11970653
v -0.40767344 4.84415177 -1.11970653
v -0.39304057 4.81355569 -1.10773410
v -0.40412608 4.81266887 -1.12148016
v -0.40323923 4.84459517 -1.09221441
v -0.39924846 4.81311228 -1.09088419
v -0.38727608 4.78074257 -1.10862102
v -0.39481425 4.78029917 -1.08866705
v -0.41299449 4.72753207 -1.08290253
v -0.38993661 4.72886240 -1.08644990
v -0.41565502 4.77852554 -1.08556309
v -0.42851424 4.81089524 -1.10196970
v -0.42895764 4.77763861 -1.10196970
v -0.41698529 4.81133865 -1.08822364
v -0.42895764 4.84237814 -1.10196970
v -0.42851424 4.81089524 -1.10196970
v -0.41920238 4.84326495 -1.08955386
v -0.42895764 4.85922805 -1.10241310
v -0.42008923 4.86011497 -1.09177100
v -0.39924846 4.81311228 -1.09088419
v -0.41565502 4.77852554 -1.08556309
v -0.39481425 4.78029917 -1.08866705
v -0.41299449 4.72753207 -1.08290253
v -0.42895764 4.77763861 -1.10196970
v -0.42762739 4.72620185 -1.10108288
v -0.38993661 4.72886240 -1.08644990
v -0.41033397 4.67166102 -1.07713813
v -0.38505899 4.67299135 -1.08112890
v -0.37574714 4.67077421 -1.10463025
v -0.38151163 4.72886240 -1.10817762
v -0.39614450 4.72708867 -1.12635786
v -0.39171029 4.66722684 -1.12458412
v -0.36687873 4.57366509 -1.08201572
v -0.37752083 4.57987301 -1.05674075
v -0.35623663 4.48143355 -1.04521183
v -0.37752083 4.57987301 -1.05674075
v -0.38417215 4.56657035 -1.10285651
v -0.36909584 4.49828357 -1.02126708
v -0.34116032 4.37545596 -0.94411183
v -0.37530374 4.46458353 -1.06472229
v -0.40678660 4.46502694 -1.06028811
v -0.41210765 4.56612695 -1.09886574
v -0.39171029 4.66722684 -1.12458412
v -0.36687873 4.57366509 -1.08201572
v -0.35623663 4.40161775 -0.92681840
v -0.36022743 4.34973758 -0.95697107
v -0.39481425 4.35018099 -0.95253689
v -0.40678660 4.46502694 -1.06028811
v -0.32431033 4.32091524 -0.81629583
v -0.34204716 4.35372835 -0.81363528
v -0.34116032 4.37545596 -0.94411183
v -0.34116032 4.37545596 -0.94411183
v -0.34337744 4.28843463 -0.81496555
v -0.31499850 4.33643493 -0.72761166
v -0.34204716 4.35372835 -0.81363528
v -0.33450902 4.36836123 -0.73692349
v -0.30923402 4.35018099 -0.66730643
v -0.33317874 4.30229148 -0.71829979
v -0.32652744 4.31204677 -0.65356037
v -0.32963138 4.38210729 -0.68459980
v -0.36909584 4.38166388 -0.68371299
v -0.37264321 4.36836123 -0.73514980
v -0.33450902 4.36836123 -0.73692349
v -0.37929451 4.35417176 -0.80964450
v -0.39038004 4.40206116 -0.92282763
v -0.40989056 4.37634278 -0.93568687
v -0.39880503 4.32224546 -0.80831423
v -0.37929451 4.35417176 -0.80964450
v -0.39880503 4.32224546 -0.80831423
v -0.39126689 4.33732174 -0.72495111
v -0.36909584 4.38166388 -0.68371299
v -0.39126689 4.33732174 -0.72495111
v -0.38771952 4.35062439 -0.66819324
v -0.32963138 4.38210729 -0.68459980
v -0.36599188 4.40693885 -0.61719984
v -0.32564060 4.40693885 -0.61675643
v -0.30302613 4.37279541 -0.58970777
v -0.30923402 4.35018099 -0.66730643
v -0.32652744 4.31204677 -0.65356037
v -0.31765903 4.32135865 -0.57241435
v -0.36599188 4.40693885 -0.61719984
v -0.38505899 4.37412574 -0.59502882
v -0.36909584 4.38166388 -0.68371299
v -0.43560897 3.51599552 0.97390491
v -0.41166424 3.50491000 1.00982209
v -0.37175637 3.53107183 0.98809437
v -0.39525766 3.54348762 0.95029282
v -0.38638924 3.51422184 0.90639414
v -0.43560897 3.51599552 0.97390491
v -0.43294844 3.48850343 0.93610335
v -0.46664843 3.49825869 0.99430229
v -0.47019579 3.46943634 0.96137832
v -0.51276417 3.47653107 1.02667200
v -0.44979844 3.42775478 0.96226514
v -0.41033397 3.44150082 0.93299939
v -0.51054708 3.40469690 1.00716154
v -0.52517995 3.44460477 1.00051021
v -0.60632598 3.42287715 1.08830756
v -0.60765625 3.45968108 1.07234436
v -0.58504178 3.48894685 1.08742064
v -0.60765625 3.45968108 1.07234436
v -0.67904699 3.47786133 1.15703775
v -0.67239567 3.50668369 1.13442333
v -0.60632598 3.42287715 1.08830756
v -0.58193782 3.41578242 1.11979045
v -0.48394183 3.39671532 1.03997465
v -0.55932339 3.44549161 1.13486674
v -0.58193782 3.41578242 1.11979045
v -0.47152604 3.42864162 1.06569303
v -0.48394183 3.39671532 1.03997465
v -0.42496687 3.41888636 0.99696284
v -0.42053266 3.45081266 1.03110629
v -0.48394183 3.39671532 1.03997465
v -0.51054708 3.40469690 1.00716154
v -0.44979844 3.42775478 0.96226514
v -0.38550240 3.43218899 0.96935987
v -0.41033397 3.44150082 0.93299939
v -0.42053266 3.45081266 1.03110629
v -0.38594584 3.46677581 1.00893516
v -0.62849704 3.49426790 1.19339823
v -0.55932339 3.44549161 1.13486674
v -0.65731938 3.47165344 1.18630350
v -0.72250226 3.54614814 1.20359692
v -0.67239567 3.50668369 1.13442333
v -0.74511668 3.61266127 1.23286267
v -0.70254828 3.54127051 1.23153245
v -0.67195226 3.55679024 1.23330619
v -0.62849704 3.49426790 1.19339823
v -0.72649303 3.60867048 1.25858116
v -0.69589701 3.61798233 1.25813775
v -0.67195226 3.55679024 1.23330619
v -0.75575878 3.67961781 1.25281665
v -0.73890882 3.67607044 1.27631799
v -0.74112591 3.72307305 1.28296932
v -0.70964302 3.68139149 1.27454426
v -0.69589701 3.61798233 1.25813775
v -0.71540753 3.72529017 1.28030877
v -0.73890882 3.67607044 1.27631799
v -0.74112591 3.72307305 1.28296932
v -0.38151163 4.06716762 1.04751279
v -0.32963138 4.06849789 1.05593785
v -0.32475376 4.02371240 1.04174839
v -0.38284188 4.02592949 1.03332332
v -0.41964582 4.01706108 1.07810887
v -0.41476818 4.05696893 1.08742064
v -0.41476818 4.05696893 1.08742064
v -0.38328531 4.10352815 1.05992863
v -0.41255109 4.09332946 1.09495889
v -0.39614450 4.08800841 1.13885751
v -0.39570109 4.04810051 1.13575355
v -0.39836162 4.00553211 1.13131937
v -0.34382084 4.04898738 1.14417850
v -0.35002873 4.09332946 1.14772587
v -0.31056429 4.05918607 1.10427066
v -0.34027348 4.00287161 1.14018773
v -0.30346956 4.01174003 1.09495889
v -0.34382084 4.04898738 1.14417850
v -0.39570109 4.04810051 1.13575355
v -0.39836162 4.00553211 1.13131937
v -0.34027348 3.93547164 1.12998904
v -0.30346956 4.01174003 1.09495889
v -0.30080904 3.94434006 1.08165624
v -0.42585371 3.95276507 1.06391940
v -0.40279583 3.93990583 1.12112068
v -0.40279583 3.93990583 1.12112068
v -0.34027348 3.85875985 1.11979045
v -0.40900372 3.86230722 1.10959176
v -0.43427869 3.87694009 1.04662598
v -0.42585371 3.95276507 1.06391940
v -0.43915634 3.76918882 1.01913386
v -0.39082345 3.88758219 0.99341548
v -0.39171029 3.78692565 0.96226514
v -0.31632875 3.78736909 0.97434842
v -0.32209324 3.88403483 1.00361417
v -0.43427869 3.87694009 1.04662598
v -0.38638924 3.96119003 1.01514308
v -0.42585371 3.95276507 1.06391940
v -0.32386692 3.95719925 1.02401155
v -0.32475376 4.02371240 1.04174839
v -0.42585371 3.95276507 1.06391940
v -0.38638924 3.96119003 1.01514308
v -0.41964582 4.01706108 1.07810887
v -0.38638924 3.96119003 1.01514308
v -0.32209324 3.88403483 1.00361417
v -0.39082345 3.88758219 0.99341548
v -0.30346956 4.01174003 1.09495889
v -0.30080904 3.94434006 1.08165624
v -0.29681823 3.86940195 1.06657995
v -0.32386692 3.95719925 1.02401155
v -0.31632875 3.78736909 0.97434842
v -0.29681823 3.86940195 1.06657995
v -0.28883666 3.77007566 1.04352202
v -0.29947876 3.67518360 0.93078230
v -0.39171029 3.78692565 0.96226514
v -0.38106819 3.66808887 0.91526256
v -0.26888274 3.65079547 1.00450098
v -0.26444851 3.55235603 0.85983497
v -0.29947876 3.67518360 0.93078230
v -0.22853143 3.51466526 0.93432967
v -0.20547354 3.42997188 0.74410209
v -0.22853143 3.51466526 0.93432967
v -0.16024462 3.37587454 0.81238893
v -0.29770508 3.40868768 0.71794030
v -0.13763016 3.34439166 0.60132061
v -0.23562616 3.31911668 0.56939431
v -0.24715510 3.20294042 0.52239167
v -0.27464719 3.22245093 0.58979164
v -0.21256828 3.30448379 0.51219301
v -0.11545911 3.33153246 0.54766670
v -0.21256828 3.30448379 0.51219301
v -0.13763016 3.34439166 0.60132061
v -0.07865519 3.27344433 0.65408770
v -0.16024462 3.37587454 0.81238893
v -0.20547354 3.42997188 0.74410209
v -0.05338020 3.25748118 0.59422588
v -0.09594860 3.32399430 0.49933382
v -0.02987889 3.24595224 0.54057197
v -0.08264597 3.32000352 0.46740752
v -0.01435916 3.23930093 0.50598512
v -0.21256828 3.30448379 0.51219301
v -0.19261434 3.29472853 0.46031278
v -0.08264597 3.32000352 0.46740752
v -0.17931171 3.28940748 0.42661280
v -0.20724723 3.17589175 0.42350884
v -0.17931171 3.28940748 0.42661280
v -0.22321038 3.18653385 0.46252988
v -0.16201830 3.10450098 0.51441013
v -0.14649857 3.08853783 0.47893646
v -0.19261434 3.29472853 0.46031278
v -0.24715510 3.20294042 0.52239167
v -0.18640645 3.12755886 0.57205481
v -0.24715510 3.20294042 0.52239167
v -0.16201830 3.10450098 0.51441013
v -0.04672889 3.12135097 0.51352328
v -0.06357888 3.13509703 0.54988379
v -0.02987889 3.24595224 0.54057197
v -0.01435916 3.23930093 0.50598512
v -0.05338020 3.25748118 0.59422588
v -0.08885386 3.15505095 0.60664166
v -0.18640645 3.12755886 0.57205481
v -0.16201830 3.10450098 0.51441013
v -0.08885386 3.15505095 0.60664166
v -0.08885386 3.15505095 0.60664166
v -0.21567222 3.15150359 0.64255873
v -0.11767622 3.17677859 0.67448503
v -0.07865519 3.27344433 0.65408770
v -0.05338020 3.25748118 0.59422588
v -0.02544469 3.10272730 0.46829436
v -0.14649857 3.08853783 0.47893646
v -0.12698806 3.06592338 0.43503778
v -0.01435916 3.23930093 0.50598512
v -0.02544469 3.10272730 0.46829436
v 0.00648161 3.23176277 0.45986935
v -0.00416049 3.07523520 0.42483912
v -0.12698806 3.06592338 0.43503778
v -0.11058149 3.03177996 0.39867728
v -0.16334856 3.14618254 0.31575759
v -0.11058149 3.03177996 0.39867728
v -0.18684987 3.16214569 0.37251546
v -0.14649857 3.08853783 0.47893646
v -0.20724723 3.17589175 0.42350884
v -0.16246172 3.28364301 0.38182728
v -0.16334856 3.14618254 0.31575759
v -0.16246172 3.28364301 0.38182728
v -0.14250779 3.28364301 0.33039047
v -0.04495520 3.32089036 0.37517599
v -0.14250779 3.28364301 0.33039047
v -0.06535256 3.31734299 0.42483912
v -0.16246172 3.28364301 0.38182728
v -0.08264597 3.32000352 0.46740752
v -0.04495520 3.32089036 0.37517599
v 0.00648161 3.23176277 0.45986935
v 0.03086976 3.22688514 0.40665885
v -0.06535256 3.31734299 0.42483912
v -0.01435916 3.23930093 0.50598512
v 0.00648161 3.23176277 0.45986935
v -0.82404562 3.73504543 -0.83181552
v -0.81384692 3.73016779 -0.86030536
v -0.80675219 3.66808887 -0.84611589
v -0.81872457 3.67695729 -0.81673924
v -0.79123245 3.59004680 -0.80698395
v -0.77482589 3.67074939 -0.85276722
v -0.75664565 3.59403759 -0.81452215
v -0.73580486 3.61266127 -0.79235108
v -0.75664565 3.59403759 -0.81452215
v -0.75442856 3.68316518 -0.83004183
v -0.71407725 3.55545998 -0.74623531
v -0.73358777 3.52442052 -0.76086819
v -0.74955092 3.62729415 -0.76308533
v -0.73270090 3.58029154 -0.72184715
v -0.76595747 3.69203359 -0.80033268
v -0.75442856 3.68316518 -0.83004183
v -0.75442856 3.68316518 -0.83004183
v -0.77482589 3.74480069 -0.81585237
v -0.76462720 3.73992304 -0.84434215
v -0.76595747 3.69203359 -0.80033268
v -0.78413771 3.62330338 -0.75554714
v -0.79788377 3.68892966 -0.79368135
v -0.81872457 3.67695729 -0.81673924
v -0.80497851 3.60467969 -0.77771820
v -0.74955092 3.62729415 -0.76308533
v -0.77039171 3.57452707 -0.71253533
v -0.73270090 3.58029154 -0.72184715
v -0.74245618 3.52619420 -0.62695512
v -0.70210487 3.53328894 -0.63848404
v -0.71629434 3.51377842 -0.54048805
v -0.75886274 3.48761659 -0.63138930
v -0.72871012 3.47165344 -0.52984595
v -0.70343515 3.53062841 -0.49126832
v -0.71407725 3.48983370 -0.47264467
v -0.71629434 3.51377842 -0.54048805
v -0.67416935 3.52176000 -0.55423410
v -0.74245618 3.52619420 -0.62695512
v -0.77039171 3.57452707 -0.71253533
v -0.78990223 3.54348762 -0.72761166
v -0.75886274 3.48761659 -0.63138930
v -0.67904699 3.50180606 -0.65444719
v -0.73270090 3.58029154 -0.72184715
v -0.71407725 3.55545998 -0.74623531
v -0.69545355 3.46322845 -0.65888142
v -0.69944438 3.43795346 -0.53339331
v -0.73580486 3.45613371 -0.64735245
v -0.65731938 3.44549161 -0.54758278
v -0.64446019 3.48761659 -0.55778147
v -0.62761017 3.50801395 -0.49570255
v -0.63736546 3.46322845 -0.47840913
v -0.66840489 3.46455871 -0.42253813
v -0.62361940 3.47342712 -0.43318023
v -0.68082067 3.45480345 -0.46643675
v -0.65731938 3.44549161 -0.54758278
v -0.69944438 3.43795346 -0.53339331
v -0.72871012 3.47165344 -0.52984595
v -0.69944438 3.43795346 -0.53339331
v -0.71407725 3.48983370 -0.47264467
v -0.75886274 3.48761659 -0.63138930
v -0.69944438 3.43795346 -0.53339331
v -0.73580486 3.45613371 -0.64735245
v -0.78990223 3.54348762 -0.72761166
v -0.77127852 3.51821263 -0.75155636
v -0.77127852 3.51821263 -0.75155636
v -0.69545355 3.46322845 -0.65888142
v -0.75664565 3.59403759 -0.81452215
v -0.80497851 3.60467969 -0.77771820
v -0.78990223 3.54348762 -0.72761166
v -0.81872457 3.67695729 -0.81673924
v -0.80675219 3.66808887 -0.84611589
v -0.78413771 3.73238490 -0.86651317
v -0.81384692 3.73016779 -0.86030536
v -0.78990223 3.77584015 -0.86873031
v -0.81606401 3.77362303 -0.86340932
v -0.79433641 3.81796511 -0.87006053
v -0.81872457 3.81574802 -0.86473954
v -0.82670611 3.81619143 -0.84112740
v -0.82493243 3.77495330 -0.83758003
v -0.82493243 3.77495330 -0.83758003
v -0.82404562 3.73504543 -0.83181552
v -0.81606401 3.77362303 -0.86340932
v -0.81872457 3.81574802 -0.86473954
v -0.79744037 3.84279668 -0.86873031
v -0.81961138 3.84057959 -0.86385272
v -0.80010086 3.86496772 -0.86695668
v -0.82049825 3.86319404 -0.86252239
v -0.82670611 3.84057959 -0.84201421
v -0.82670611 3.81619143 -0.84112740
v -0.82670611 3.86275063 -0.84290108
v -0.82049825 3.86319404 -0.86252239
v -0.82537589 3.87738350 -0.84389875
v -0.82670611 3.86275063 -0.84290108
v -0.82005484 3.87738350 -0.86074876
v -0.80276142 3.87915719 -0.86473954
v -0.80010086 3.86496772 -0.86695668
v -0.78635486 3.86674140 -0.85143689
v -0.80010086 3.86496772 -0.86695668
v -0.79078904 3.88093087 -0.85143689
v -0.79433641 3.89512034 -0.85143689
v -0.79921405 3.89512034 -0.83580635
v -0.79611009 3.88093087 -0.83403266
v -0.81384692 3.87871378 -0.83048530
v -0.81473379 3.89334665 -0.83270239
v -0.80143114 3.90398875 -0.83802344
v -0.79921405 3.89512034 -0.83580635
v -0.81517720 3.90221507 -0.83447607
v -0.80409169 3.91152689 -0.84024053
v -0.80143114 3.90398875 -0.83802344
v -0.81562061 3.91019667 -0.83758003
v -0.80409169 3.91152689 -0.84024053
v -0.81296011 3.91551772 -0.84966326
v -0.81473379 3.89334665 -0.83270239
v -0.82493243 3.90044139 -0.84522897
v -0.82537589 3.89157297 -0.84478556
v -0.81517720 3.90221507 -0.83447607
v -0.82360221 3.90797953 -0.84611589
v -0.81562061 3.91019667 -0.83758003
v -0.82360221 3.90797953 -0.84611589
v -0.81296011 3.91551772 -0.84966326
v -0.79433641 3.89512034 -0.85143689
v -0.80143114 3.90398875 -0.83802344
v -0.79699696 3.90354534 -0.85143689
v -0.79699696 3.90354534 -0.85143689
v -0.80409169 3.91152689 -0.84024053
v -0.80054433 3.91108349 -0.85188029
v -0.81296011 3.91551772 -0.84966326
v -0.80675219 3.90177166 -0.86207899
v -0.79433641 3.89512034 -0.85143689
v -0.80497851 3.89334665 -0.86340932
v -0.80497851 3.89334665 -0.86340932
v -0.79078904 3.88093087 -0.85143689
v -0.80276142 3.87915719 -0.86473954
v -0.82005484 3.87738350 -0.86074876
v -0.82049825 3.89157297 -0.85986195
v -0.82049825 3.89157297 -0.85986195
v -0.82049825 3.89999798 -0.85897503
v -0.80852587 3.90886639 -0.86074876
v -0.79699696 3.90354534 -0.85143689
v -0.80054433 3.91108349 -0.85188029
v -0.82005484 3.90753612 -0.85764481
v -0.81296011 3.91551772 -0.84966326
v -0.80852587 3.90886639 -0.86074876
v -0.81296011 3.91551772 -0.84966326
v -1.23875491 4.80380051 0.34236284
v -1.28886145 4.89558864 0.34058916
v -1.30925883 4.88716357 0.31664444
v -1.25782207 4.78872412 0.31620100
v -1.14918392 4.71023865 0.35167467
v -1.16115625 4.68673741 0.32329573
v -0.99443001 4.63219658 0.30910627
v -1.00374189 4.61490316 0.34679705
v -1.14829711 4.70048347 0.28959575
v -0.99443001 4.63219658 0.30910627
v -1.12789972 4.73285318 0.29669048
v -0.99043924 4.67343476 0.31487075
v -0.90519164 4.63574395 0.32861678
v -0.99043924 4.67343476 0.31487075
v -0.91317319 4.67964268 0.33216415
v -1.00374189 4.61490316 0.34679705
v -0.99443001 4.63219658 0.30910627
v -0.91450347 4.61712030 0.36630757
v -0.84488641 4.63884791 0.34280625
v -0.85464164 4.61845052 0.38049704
v -0.76817456 4.64283868 0.36098652
v -0.86040610 4.68673741 0.34502337
v -0.79300613 4.70181369 0.36409045
v -0.87769952 4.69427555 0.38493124
v -0.92647584 4.68762423 0.37207203
v -0.84488641 4.63884791 0.34280625
v -0.90519164 4.63574395 0.32861678
v -0.86040610 4.68673741 0.34502337
v -0.85464164 4.61845052 0.38049704
v -0.76817456 4.64283868 0.36098652
v -0.77926013 4.61756371 0.39867728
v -0.81429033 4.70979524 0.40444176
v -0.79300613 4.70181369 0.36409045
v -0.87769952 4.69427555 0.38493124
v -0.92647584 4.68762423 0.37207203
v -0.92736266 4.65037682 0.39379966
v -0.87415216 4.65614133 0.40843253
v -0.81429033 4.70979524 0.40444176
v -0.80497851 4.66855717 0.43016017
v -0.92647584 4.68762423 0.37207203
v -1.00507211 4.64549923 0.37517599
v -0.99709057 4.68185972 0.35566547
v -1.14918392 4.71023865 0.35167467
v -0.99043924 4.67343476 0.31487075
v -0.91317319 4.67964268 0.33216415
v -1.12834313 4.73906099 0.33482468
v -1.12789972 4.73285318 0.29669048
v -1.21569708 4.82020701 0.29225628
v -1.12789972 4.73285318 0.29669048
v -1.21259312 4.82331097 0.32772994
v -1.26181284 4.90800437 0.32684310
v -1.28886145 4.89558864 0.34058916
v -1.23875491 4.80380051 0.34236284
v -1.12834313 4.73906099 0.33482468
v -1.23875491 4.80380051 0.34236284
v -1.14918392 4.71023865 0.35167467
v -1.26580362 4.90711755 0.29447339
v -1.26181284 4.90800437 0.32684310
v -1.21569708 4.82020701 0.29225628
v -1.24318920 4.79892281 0.28516154
v -1.29506936 4.89425831 0.28826549
v -1.29506936 4.89425831 0.28826549
v -1.29684310 4.99535831 0.29935101
v -1.32522204 4.98782017 0.29402996
v -1.33852458 4.98294247 0.32019180
v -1.30925883 4.88716357 0.31664444
v -1.30925883 4.88716357 0.31664444
v -1.24318920 4.79892281 0.28516154
v -1.25782207 4.78872412 0.31620100
v -1.28886145 4.89558864 0.34058916
v -1.33852458 4.98294247 0.32019180
v -1.31857071 4.98737665 0.34191941
v -1.14829711 4.70048347 0.28959575
v -1.12789972 4.73285318 0.29669048
v -1.25782207 4.78872412 0.31620100
v -1.16115625 4.68673741 0.32329573
v -1.33630754 5.04989903 0.29979444
v -1.31103257 5.05388981 0.30422865
v -1.29684310 4.99535831 0.29935101
v -1.34783646 5.04679507 0.32285233
v -1.33852458 4.98294247 0.32019180
v -1.33630754 5.04989903 0.29979444
v -1.35581801 5.10798712 0.32418258
v -1.33009962 5.04945563 0.34103257
v -1.33985491 5.11020427 0.34058916
v -1.35803515 5.14213057 0.32418258
v -1.34384568 5.14390430 0.33881548
v -1.34517591 5.11020427 0.30378522
v -1.32256148 5.11286482 0.30777602
v -1.31103257 5.05388981 0.30422865
v -1.34517591 5.11020427 0.30378522
v -1.35803515 5.14213057 0.32418258
v -1.35581801 5.10798712 0.32418258
v -1.34872327 5.14301738 0.30600234
v -1.35049701 5.16784895 0.30733258
v -1.33231677 5.17006609 0.31043654
v -1.32832599 5.14567793 0.30954970
v -1.32522204 5.14612134 0.32994706
v -1.32832599 5.14567793 0.30954970
v -1.33009962 5.17050950 0.32861678
v -1.35049701 5.16784895 0.30733258
v -1.33586414 5.18780292 0.31132339
v -1.35138382 5.18602919 0.30866286
v -1.34783646 5.18691611 0.33482468
v -1.34606283 5.16873587 0.33704179
v -1.33320358 5.18824633 0.32728654
v -1.33586414 5.18780292 0.31132339
v -1.33231677 5.17006609 0.31043654
v -1.33808117 5.20199239 0.31221023
v -1.33630754 5.20287921 0.32639969
v -1.34961019 5.21407556 0.32994706
v -1.34916668 5.20154898 0.33260759
v -1.33941150 5.21451897 0.32462601
v -1.34961019 5.21407556 0.32994706
v -1.34827986 5.21850985 0.32019180
v -1.34074172 5.21407556 0.31354048
v -1.34827986 5.21850985 0.32019180
v -1.35227064 5.20066217 0.30954970
v -1.35227064 5.21318875 0.31132339
v -1.35227064 5.21318875 0.31132339
v -1.34827986 5.21850985 0.32019180
v -1.35759174 5.21318875 0.32152205
v -1.35892196 5.20066217 0.32240889
v -1.35227064 5.20066217 0.30954970
v -1.35138382 5.18602919 0.30866286
v -1.35892196 5.18558578 0.32285233
v -1.35049701 5.16784895 0.30733258
v -1.35892196 5.16696213 0.32373917
v -1.35138382 5.18602919 0.30866286
v -1.33808117 5.20199239 0.31221023
v -1.33630754 5.20287921 0.32639969
v -1.33808117 5.20199239 0.31221023
v -1.33941150 5.21451897 0.32462601
v -1.34916668 5.20154898 0.33260759
v -1.34783646 5.18691611 0.33482468
v -1.35892196 5.16696213 0.32373917
v -1.34872327 5.14301738 0.30600234
v -1.35803515 5.14213057 0.32418258
v -1.34384568 5.14390430 0.33881548
v -1.34606283 5.16873587 0.33704179
v -1.34606283 5.16873587 0.33704179
v -1.35892196 5.18558578 0.32285233
v -1.34783646 5.18691611 0.33482468
v -1.35892196 5.20066217 0.32240889
v -1.34916668 5.20154898 0.33260759
v -1.35759174 5.21318875 0.32152205
v -1.34961019 5.21407556 0.32994706
v -1.32832599 5.14567793 0.30954970
v -1.32256148 5.11286482 0.30777602
v -1.30748520 5.05344640 0.32950363
v -1.31103257 5.05388981 0.30422865
v -1.31901412 5.11286482 0.33039047
v -1.32522204 5.14612134 0.32994706
v -1.34384568 5.14390430 0.33881548
v -1.33985491 5.11020427 0.34058916
v -1.32256148 5.11286482 0.30777602
v -1.32522204 5.14612134 0.32994706
v -1.30748520 5.05344640 0.32950363
v -1.33985491 5.11020427 0.34058916
v -1.33009962 5.04945563 0.34103257
v 0.73103125 3.17899569 -0.30237107
v 0.73856939 3.18742069 -0.31345658
v 0.71639838 3.19894963 -0.31966447
v 0.70797337 3.19229832 -0.30990921
v 0.72127602 3.20249700 -0.32542896
v 0.74167335 3.19229832 -0.32055131
v 0.74921149 3.17456148 -0.33341053
v 0.74655100 3.16746675 -0.32720264
v 0.73103125 3.17899569 -0.30237107
v 0.73989967 3.15682464 -0.31656054
v 0.72304971 3.17101412 -0.28951185
v 0.73147466 3.14440885 -0.30370132
v 0.72571020 3.20604436 -0.33119341
v 0.72127602 3.20249700 -0.32542896
v 0.74389044 3.19673253 -0.32675920
v 0.75098518 3.18520358 -0.34183551
v 0.75142864 3.18076938 -0.33873158
v 0.74433390 3.19806279 -0.33075001
v 0.73989967 3.17411806 -0.35558157
v 0.73103125 3.19451542 -0.36311971
v 0.72659707 3.18919437 -0.36178946
v 0.74477731 3.18653385 -0.35868550
v 0.73635230 3.16702333 -0.35159077
v 0.75142864 3.18076938 -0.33873158
v 0.74167335 3.19229832 -0.32055131
v 0.74921149 3.17456148 -0.33341053
v 0.74389044 3.19673253 -0.32675920
v 0.74522072 3.20027989 -0.33385394
v 0.73147466 3.20826147 -0.33828815
v 0.72881416 3.20648778 -0.33518421
v 0.72437993 3.20560094 -0.35292105
v 0.72792729 3.20737463 -0.35380789
v 0.72437993 3.20560094 -0.35292105
v 0.71994575 3.20249700 -0.35070393
v 0.72881416 3.20648778 -0.33518421
v 0.74389044 3.19673253 -0.32675920
v 0.72571020 3.20604436 -0.33119341
v 0.74433390 3.19806279 -0.33075001
v 0.75187205 3.18919437 -0.34405263
v 0.74522072 3.20027989 -0.33385394
v 0.75098518 3.18520358 -0.34183551
v 0.74211676 3.18076938 -0.35735526
v 0.74477731 3.18653385 -0.35868550
v 0.72881416 3.20648778 -0.33518421
v 0.71418129 3.19939305 -0.34804340
v 0.72571020 3.20604436 -0.33119341
v 0.72571020 3.20604436 -0.33119341
v 0.70841678 3.19495884 -0.34360920
v 0.72127602 3.20249700 -0.32542896
v 0.70841678 3.19495884 -0.34360920
v 0.70265232 3.19052463 -0.33917499
v 0.70265232 3.19052463 -0.33917499
v 0.69334050 3.18342990 -0.33163685
v 0.68491549 3.17943911 -0.32720264
v 0.69999182 3.18875095 -0.30104080
v 0.72304971 3.17101412 -0.28951185
v 0.73103125 3.17899569 -0.30237107
v 0.67161289 3.17234438 -0.31877763
v 0.69334050 3.15283386 -0.34139211
v 0.67870762 3.14219176 -0.33296710
v 0.68491549 3.17943911 -0.32720264
v 0.70220891 3.16125885 -0.34582631
v 0.71063392 3.17057070 -0.35292105
v 0.70265232 3.19052463 -0.33917499
v 0.71595497 3.17722201 -0.35646841
v 0.71063392 3.17057070 -0.35292105
v 0.70841678 3.19495884 -0.34360920
v 0.72127602 3.18387332 -0.36001578
v 0.71595497 3.17722201 -0.35646841
v 0.71418129 3.19939305 -0.34804340
v 0.72659707 3.18919437 -0.36178946
v 0.71994575 3.20249700 -0.35070393
v 0.71994575 3.20249700 -0.35070393
v 0.73103125 3.19451542 -0.36311971
v 0.72437993 3.20560094 -0.35292105
v 0.20380390 4.53597428 0.82125734
v 0.20291706 4.52134140 0.88244939
v 0.20291706 4.56213617 0.88777044
v 0.20424731 4.57721245 0.83589022
v 0.20291706 4.56213617 0.88777044
v 0.24371177 4.58874137 0.84298495
v 0.24193809 4.57410849 0.88954412
v 0.24371177 4.58874137 0.84298495
v 0.26588281 4.54129538 0.88510994
v 0.26809990 4.55592825 0.83367313
v 0.26455254 4.55592825 0.98188656
v 0.26588281 4.54129538 0.88510994
v 0.24282493 4.58608082 0.97612205
v 0.21400256 4.60514798 1.03775751
v 0.20690783 4.57499531 0.97922601
v 0.24504202 4.61268612 1.02888914
v 0.20690783 4.53819142 0.98720756
v 0.20690783 4.57499531 0.97922601
v 0.21444600 4.57942949 1.05771148
v 0.21444600 4.57942949 1.05771148
v 0.22154073 4.65037682 1.09052460
v 0.22287098 4.63130977 1.11402594
v 0.22287098 4.63130977 1.11402594
v 0.22863546 4.68939786 1.11579957
v 0.23085255 4.67698213 1.13974432
v 0.23528676 4.71644657 1.12732859
v 0.23794729 4.70935183 1.14949961
v 0.26056176 4.70491765 1.15349038
v 0.23794729 4.70935183 1.14949961
v 0.25701440 4.67077421 1.14417850
v 0.27164727 4.68008609 1.12245090
v 0.27253411 4.70935183 1.13309300
v 0.27475123 4.73861758 1.14196147
v 0.26455254 4.73640055 1.16014171
v 0.26056176 4.70491765 1.15349038
v 0.26455254 4.73640055 1.16014171
v 0.23794729 4.70935183 1.14949961
v 0.24415518 4.73994791 1.15703775
v 0.26676966 4.75546760 1.16235885
v 0.24814598 4.75901497 1.15925489
v 0.26721306 4.76788344 1.16191534
v 0.25213675 4.77054388 1.15969830
v 0.26676966 4.75546760 1.16235885
v 0.27563807 4.75724134 1.14550884
v 0.26676966 4.75546760 1.16235885
v 0.27475123 4.76921366 1.14772587
v 0.26854334 4.77852554 1.16191534
v 0.26721306 4.76788344 1.16191534
v 0.27475123 4.77985576 1.14994302
v 0.27475123 4.73861758 1.14196147
v 0.26676966 4.75546760 1.16235885
v 0.27563807 4.75724134 1.14550884
v 0.26854334 4.77852554 1.16191534
v 0.25213675 4.77054388 1.15969830
v 0.25524071 4.78074257 1.16014171
v 0.27475123 4.77985576 1.14994302
v 0.26898675 4.78473335 1.16191534
v 0.27430780 4.78606368 1.15127324
v 0.27430780 4.78606368 1.15127324
v 0.26543938 4.79360182 1.15482060
v 0.25745780 4.78695049 1.16058512
v 0.25524071 4.78961104 1.14905620
v 0.26543938 4.79360182 1.15482060
v 0.25302360 4.78384653 1.14683906
v 0.26410913 4.77276103 1.13708377
v 0.24991966 4.77364784 1.14417850
v 0.26499597 4.78295972 1.14063114
v 0.26277885 4.76167552 1.13264959
v 0.27475123 4.76921366 1.14772587
v 0.27563807 4.75724134 1.14550884
v 0.25524071 4.78961104 1.14905620
v 0.25302360 4.78384653 1.14683906
v 0.26588281 4.78916764 1.14329169
v 0.25524071 4.78961104 1.14905620
v 0.26543938 4.79360182 1.15482060
v 0.26588281 4.78916764 1.14329169
v 0.27430780 4.78606368 1.15127324
v 0.27475123 4.77985576 1.14994302
v 0.26410913 4.77276103 1.13708377
v 0.27475123 4.76921366 1.14772587
v 0.27430780 4.78606368 1.15127324
v 0.26543938 4.79360182 1.15482060
v 0.26455254 5.32404404 0.86382574
v 0.27253411 5.33379922 0.81637970
v 0.27120386 5.26728617 0.80263364
v 0.26189201 5.26152166 0.86072178
v 0.26588281 5.18469897 0.79066132
v 0.27120386 5.26728617 0.80263364
v 0.32929198 5.26728617 0.81194552
v 0.33461303 5.18248182 0.80130342
v 0.27120386 5.26728617 0.80263364
v 0.32086700 5.33734669 0.82524812
v 0.27253411 5.33379922 0.81637970
v 0.26366570 5.36084793 0.86737311
v 0.27076043 5.37370717 0.82968235
v 0.26455254 5.32404404 0.86382574
v 0.31998016 5.26152166 0.86959020
v 0.31288542 5.32759130 0.87269416
v 0.26366570 5.36084793 0.86737311
v 0.30224332 5.36838607 0.87712834
v 0.30933806 5.38080191 0.83943758
v 0.31288542 5.32759130 0.87269416
v 0.32086700 5.33734669 0.82524812
v 0.25967492 5.38523598 0.87003361
v 0.26366570 5.36084793 0.86737311
v 0.26676966 5.39942545 0.84165467
v 0.27297755 5.40785040 0.86515602
v 0.30224332 5.36838607 0.87712834
v 0.26366570 5.36084793 0.86737311
v 0.28761042 5.39587819 0.88200598
v 0.25967492 5.38523598 0.87003361
v 0.27297755 5.40785040 0.86515602
v -0.98201428 4.16516361 -0.51654335
v -1.03877215 4.24763991 -0.54935646
v -1.06404712 4.23965831 -0.53073281
v -1.00728926 4.15319129 -0.49481569
v -0.90075741 4.10264128 -0.47308808
v -0.98201428 4.16516361 -0.51654335
v -0.92337188 4.08579132 -0.44603942
v -0.85951928 4.09022550 -0.45269075
v -0.87503903 4.07160185 -0.42165126
v -0.98378791 4.14698337 -0.54713937
v -0.89721004 4.07825313 -0.50279729
v -0.98201428 4.16516361 -0.51654335
v -0.85951928 4.09022550 -0.45269075
v -0.84754691 4.06228998 -0.47929600
v -0.85774560 4.02326894 -0.46466307
v -0.84754691 4.06228998 -0.47929600
v -0.91760743 4.04632683 -0.49437228
v -0.98378791 4.14698337 -0.54713937
v -0.89721004 4.07825313 -0.50279729
v -1.00994981 4.12303867 -0.54403541
v -1.04320633 4.23522413 -0.57906567
v -0.98378791 4.14698337 -0.54713937
v -1.03877215 4.24763991 -0.54935646
v -1.08577473 4.30495204 -0.54802619
v -1.06404712 4.23965831 -0.53073281
v -1.06227350 4.30849940 -0.56310252
v -1.06803790 4.30273489 -0.59015118
v -1.04320633 4.23522413 -0.57906567
v -1.07202867 4.21926098 -0.57906567
v -1.09553002 4.29552936 -0.59192486
v -1.10661552 4.29685964 -0.56576302
v -1.08488792 4.22192147 -0.54935646
v -1.09553002 4.29552936 -0.59192486
v -1.08533132 4.37279541 -0.59857619
v -1.06803790 4.30273489 -0.59015118
v -1.11060630 4.36924804 -0.60034987
v -1.12080499 4.37013486 -0.57684858
v -1.10661552 4.29685964 -0.56576302
v -1.11060630 4.36924804 -0.60034987
v -1.12257873 4.41225985 -0.58128276
v -1.11060630 4.36924804 -0.60034987
v -1.11371026 4.41092963 -0.60256696
v -1.12257873 4.44817692 -0.58483013
v -1.11371026 4.41092963 -0.60256696
v -1.11459707 4.44684670 -0.60389724
v -1.11326685 4.46813090 -0.60434065
v -1.09375628 4.44773352 -0.60212355
v -1.11459707 4.44684670 -0.60389724
v -1.09065243 4.41270326 -0.60079328
v -1.11371026 4.41092963 -0.60256696
v -1.08533132 4.37279541 -0.59857619
v -1.06227350 4.30849940 -0.56310252
v -1.06803790 4.30273489 -0.59015118
v -1.07956681 4.37589937 -0.57418803
v -1.09065243 4.41270326 -0.60079328
v -1.08577473 4.41492040 -0.57817880
v -1.09375628 4.44773352 -0.60212355
v -1.08932210 4.44995066 -0.58216963
v -1.10528530 4.41447699 -0.56620648
v -1.10129453 4.37412574 -0.56044197
v -1.08577473 4.41492040 -0.57817880
v -1.10129453 4.37412574 -0.56044197
v -1.08577473 4.30495204 -0.54802619
v -1.07956681 4.37589937 -0.57418803
v 0.56740898 3.70977043 -0.48417359
v 0.57672080 3.72706385 -0.48993810
v 0.58248526 3.72085596 -0.51388280
v 0.57228662 3.69735464 -0.51033543
v 0.55188924 3.68139149 -0.46998412
v 0.55543660 3.66454150 -0.49703283
v 0.53370900 3.65301256 -0.45047360
v 0.53548268 3.63128495 -0.47796572
v 0.51109452 3.62019942 -0.42165126
v 0.53370900 3.65301256 -0.45047360
v 0.51109452 3.59359417 -0.44914338
v 0.56341821 3.64946519 -0.43184996
v 0.51109452 3.62019942 -0.42165126
v 0.54390769 3.61709549 -0.40214075
v 0.56430502 3.58871654 -0.41766049
v 0.54390769 3.61709549 -0.40214075
v 0.58381554 3.62596390 -0.44825651
v 0.53991686 3.54747840 -0.37597893
v 0.56430502 3.58871654 -0.41766049
v 0.51863266 3.57984812 -0.36090262
v 0.54390769 3.61709549 -0.40214075
v 0.48271559 3.58250865 -0.38129998
v 0.51109452 3.62019942 -0.42165126
v 0.46586562 3.54659156 -0.35779866
v 0.50222610 3.54215735 -0.33607106
v 0.49424456 3.50978763 -0.32454211
v 0.53016163 3.53151525 -0.36045919
v 0.48271559 3.58250865 -0.38129998
v 0.48138531 3.55191261 -0.40923548
v 0.47118667 3.53772314 -0.39460261
v 0.51109452 3.59359417 -0.44914338
v 0.51685898 3.53018499 -0.40613152
v 0.54435110 3.57452707 -0.44692624
v 0.51109452 3.62019942 -0.42165126
v 0.48138531 3.55191261 -0.40923548
v 0.53548268 3.63128495 -0.47796572
v 0.51109452 3.59359417 -0.44914338
v 0.56652211 3.61443495 -0.47663545
v 0.56652211 3.61443495 -0.47663545
v 0.58425894 3.64990863 -0.49658937
v 0.59889187 3.68582570 -0.50989202
v 0.59844841 3.65833361 -0.46865390
v 0.61086419 3.69114675 -0.48373018
v 0.59889187 3.68582570 -0.50989202
v 0.58381554 3.62596390 -0.44825651
v 0.54435110 3.57452707 -0.44692624
v 0.56652211 3.61443495 -0.47663545
v 0.56430502 3.58871654 -0.41766049
v 0.51685898 3.53018499 -0.40613152
v 0.54435110 3.57452707 -0.44692624
v 0.53991686 3.54747840 -0.37597893
v 0.48138531 3.55191261 -0.40923548
v 0.50887743 3.52796789 -0.39149865
v 0.47118667 3.53772314 -0.39460261
v 0.53991686 3.54747840 -0.37597893
v 0.53016163 3.53151525 -0.36045919
v 0.51685898 3.53018499 -0.40613152
v 0.53016163 3.53151525 -0.36045919
v 0.52528399 3.52042973 -0.35114736
v 0.50355638 3.53284552 -0.38041314
v 0.50887743 3.52796789 -0.39149865
v 0.46453535 3.52796789 -0.38617760
v 0.45877089 3.51422184 -0.37996970
v 0.49779192 3.54393104 -0.36711051
v 0.50355638 3.53284552 -0.38041314
v 0.46453535 3.52796789 -0.38617760
v 0.52528399 3.52042973 -0.35114736
v 0.52129321 3.50446658 -0.34449604
v 0.49779192 3.54393104 -0.36711051
v 0.52129321 3.50446658 -0.34449604
v 0.44901560 3.47165344 -0.33961842
v 0.45699721 3.51599552 -0.34760000
v 0.50222610 3.54215735 -0.33607106
v 0.49424456 3.50978763 -0.32454211
v 0.46586562 3.54659156 -0.35779866
v 0.49424456 3.50978763 -0.32454211
v 0.44901560 3.47165344 -0.33961842
v 0.48670636 3.46145476 -0.31390001
v 0.52528399 3.52042973 -0.35114736
v 0.52129321 3.50446658 -0.34449604
v 0.53016163 3.53151525 -0.36045919
v 0.49424456 3.50978763 -0.32454211
v 0.45699721 3.51599552 -0.34760000
v 0.46453535 3.52796789 -0.38617760
v 0.52883135 3.54969551 -0.35159077
v 0.45965770 3.53639288 -0.36932760
v 0.52040634 3.52486394 -0.34006183
v -0.37042609 5.21584919 -0.65932483
v -0.37264321 5.24910582 -0.66819324
v -0.41432477 5.25220989 -0.67351429
v -0.42008923 5.21717963 -0.66420247
v -0.36732216 5.17494368 -0.65089982
v -0.42008923 5.21717963 -0.66420247
v -0.42541028 5.17450027 -0.65622087
v -0.36377479 5.10443975 -0.64469195
v -0.42541028 5.17450027 -0.65622087
v -0.42895764 5.10399635 -0.65089982
v -0.35845374 5.01442537 -0.63848404
v -0.36377479 5.10443975 -0.64469195
v -0.43339185 5.01353855 -0.64513536
v -0.35180242 4.88184258 -0.62917221
v -0.43693922 4.88006884 -0.63715381
v -0.35845374 5.01442537 -0.63848404
v -0.34293400 4.73817417 -0.61320906
v -0.43693922 4.88006884 -0.63715381
v -0.43871290 4.73196626 -0.62119066
v -0.31898928 4.51912426 -0.55822488
v -0.42274975 4.50582171 -0.56576302
v -0.34293400 4.73817417 -0.61320906
v -0.33362218 4.72531504 -0.70810115
v -0.30834718 4.49296247 -0.65932483
v -0.27021298 4.28754776 -0.45357756
v -0.25424983 4.23389385 -0.55645120
v -0.31898928 4.51912426 -0.55822488
v -0.38372872 4.25739514 -0.45535125
v -0.18285908 4.06095975 -0.27886975
v -0.30036560 4.00730579 -0.26379345
v -0.13408279 4.00375843 -0.19018559
v -0.30036560 4.00730579 -0.26379345
v -0.24759852 3.94389665 -0.16269350
v -0.09594860 3.96429398 -0.12189878
v -0.20636038 3.89999798 -0.08154748
v -0.13408279 4.00375843 -0.19018559
v -0.09417491 3.90088479 -0.25891583
v -0.04672889 3.84900457 -0.17023166
v -0.15448015 3.97271899 -0.37021445
v -0.18285908 4.06095975 -0.27886975
v -0.25424983 4.23389385 -0.55645120
v -0.18285908 4.06095975 -0.27886975
v -0.27021298 4.28754776 -0.45357756
v -0.16201830 3.78204804 -0.14052246
v -0.20946433 3.84013615 -0.23541451
v -0.04672889 3.84900457 -0.17023166
v -0.11900648 3.72972438 -0.05183829
v -0.00283022 3.80377564 -0.08686853
v -0.16201830 3.78204804 -0.14052246
v -0.20636038 3.89999798 -0.08154748
v -0.16201830 3.78204804 -0.14052246
v -0.16822619 3.86230722 -0.00394884
v -0.24759852 3.94389665 -0.16269350
v -0.20946433 3.84013615 -0.23541451
v -0.30036560 4.00730579 -0.26379345
v -0.27198667 3.91906509 -0.35513814
v -0.24759852 3.94389665 -0.16269350
v -0.09594860 3.96429398 -0.12189878
v -0.06091835 3.93103741 -0.05848960
v -0.00283022 3.80377564 -0.08686853
v -0.01613285 3.89955457 0.02309983
v -0.16822619 3.86230722 -0.00394884
v -0.11678938 3.82195591 0.10291558
v -0.06091835 3.93103741 -0.05848960
v -0.09594860 3.96429398 -0.12189878
v -0.00283022 3.80377564 -0.08686853
v -0.01613285 3.89955457 0.02309983
v 0.05570133 3.75145199 0.02709062
v -0.06402230 3.66365466 0.06566823
v 0.05570133 3.75145199 0.02709062
v -0.11900648 3.72972438 -0.05183829
v -0.29460114 4.05297815 1.20004956
v -0.29947876 4.13767154 1.25326006
v -0.31455507 4.12215180 1.28075218
v -0.31100770 4.03213736 1.22709827
v -0.31765903 4.19975046 1.31356529
v -0.34914189 4.12392548 1.27631799
v -0.34914189 4.20063727 1.30913111
v -0.34869849 4.03435450 1.22222057
v -0.35534978 4.14033204 1.24616532
v -0.35534978 4.05696893 1.19251142
v -0.34736821 3.94478347 1.14905620
v -0.35446294 3.97449268 1.12156408
v -0.34204716 3.91906509 1.10693121
v -0.35357610 3.93414137 1.07323117
v -0.34736821 3.94478347 1.14905620
v -0.31100770 4.03213736 1.22709827
v -0.30657349 3.94123610 1.15393379
v -0.35357610 3.93414137 1.07323117
v -0.35446294 3.90842299 1.04219179
v -0.30613009 3.90398875 1.11136539
v -0.33583927 3.90753612 1.07722205
v -0.30746033 3.87871378 1.08476019
v -0.33583927 3.90753612 1.07722205
v -0.35446294 3.90842299 1.04219179
v -0.35756690 3.87871378 1.00849176
v -0.31455507 4.12215180 1.28075218
v -0.34914189 4.12392548 1.27631799
v -0.28839325 3.96917163 1.12954563
v -0.30657349 3.94123610 1.15393379
v -0.29460114 4.05297815 1.20004956
v -0.29149718 3.91064008 1.07677854
v -0.30657349 3.94123610 1.15393379
v -0.30613009 3.90398875 1.11136539
v -0.32120639 3.92970719 1.05327730
v -0.32164980 4.06849789 1.17876536
v -0.35446294 3.97449268 1.12156408
v -0.35534978 4.05696893 1.19251142
v -0.32431033 4.14875705 1.23197586
v -0.35534978 4.14033204 1.24616532
v -0.32164980 4.06849789 1.17876536
v -0.29947876 4.13767154 1.25326006
v -0.30657349 3.94123610 1.15393379
v -0.34204716 3.91906509 1.10693121
v -0.34736821 3.94478347 1.14905620
v -0.32652744 4.21837411 1.26611930
v -0.32431033 4.14875705 1.23197586
v -0.35490638 4.21216624 1.27986536
v -0.32431033 4.14875705 1.23197586
v -0.30346956 4.21083597 1.28696009
v -0.29947876 4.13767154 1.25326006
v -0.31765903 4.19975046 1.31356529
v -0.31455507 4.12215180 1.28075218
v -0.30346956 4.21083597 1.28696009
v -0.32031955 4.27291488 1.33529290
v -0.30746033 4.28045302 1.31046133
v -0.32918797 4.32978360 1.30425352
v -0.32830113 4.28577407 1.29095087
v -0.32652744 4.21837411 1.26611930
v -0.35401954 4.28133989 1.30381000
v -0.30746033 4.28045302 1.31046133
v -0.35401954 4.28133989 1.30381000
v -0.32918797 4.32978360 1.30425352
v -0.35135901 4.32756646 1.31578243
v -0.32209324 4.32180205 1.34371796
v -0.31100770 4.32623624 1.32154684
v -0.35135901 4.32756646 1.31578243
v -0.34914189 4.37323882 1.32598113
v -0.31765903 4.19975046 1.31356529
v -0.34914189 4.27335829 1.33130212
v -0.34914189 4.12392548 1.27631799
v -0.35490638 4.21216624 1.27986536
v -0.35534978 4.14033204 1.24616532
v -0.32209324 4.32180205 1.34371796
v -0.34914189 4.27335829 1.33130212
v -0.34692480 4.32224546 1.34017059
v -0.35135901 4.32756646 1.31578243
v -0.35401954 4.28133989 1.30381000
v -0.34914189 4.20063727 1.30913111
v -0.35401954 4.28133989 1.30381000
v -0.35490638 4.21216624 1.27986536
v -0.34914189 4.37323882 1.32598113
v -0.35135901 4.32756646 1.31578243
v -0.34648137 4.39895731 1.33130212
v -0.34914189 4.37323882 1.32598113
v -0.34249059 4.39585335 1.35081269
v -0.33938663 4.41536381 1.35258632
v -0.32253664 4.39407961 1.35302973
v -0.31278138 4.37190859 1.33085872
v -0.32253664 4.36880464 1.35081269
v 0.37274722 3.53727972 -0.52363808
v 0.38649328 3.52309026 -0.54846965
v 0.38205907 3.48406922 -0.52807226
v 0.36653933 3.50446658 -0.50324070
v 0.36653933 3.50446658 -0.50324070
v 0.37806827 3.43617977 -0.49038150
v 0.36210512 3.46101134 -0.46643675
v 0.37496434 3.39272453 -0.44603942
v 0.35767091 3.42199031 -0.42342495
v 0.35368014 3.38252585 -0.36711051
v 0.37895511 3.41312189 -0.34848684
v 0.38117223 3.44859556 -0.40258415
v 0.35368014 3.38252585 -0.36711051
v 0.37673802 3.32665483 -0.35912894
v 0.36033144 3.34749561 -0.32498552
v 0.37230381 3.34838245 -0.38706444
v 0.38471960 3.38030875 -0.30503160
v 0.37895511 3.41312189 -0.34848684
v 0.36033144 3.34749561 -0.32498552
v 0.39314458 3.35414692 -0.27842635
v 0.38471960 3.38030875 -0.30503160
v 0.37097354 3.31734299 -0.29882371
v 0.40910773 3.31512589 -0.24650005
v 0.38826696 3.26901012 -0.26645397
v 0.39314458 3.35414692 -0.27842635
v 0.42241035 3.40913110 -0.34937368
v 0.38471960 3.38030875 -0.30503160
v 0.42418404 3.39139427 -0.31789079
v 0.42196695 3.44504819 -0.40391443
v 0.37895511 3.41312189 -0.34848684
v 0.38117223 3.44859556 -0.40258415
v 0.42196695 3.48007844 -0.44559601
v 0.42196695 3.44504819 -0.40391443
v 0.38383276 3.48273896 -0.44382233
v 0.42241035 3.51909947 -0.48106968
v 0.42196695 3.48007844 -0.44559601
v 0.38693669 3.52220342 -0.47973941
v 0.42241035 3.54570472 -0.50102360
v 0.42241035 3.51909947 -0.48106968
v 0.39092749 3.54880867 -0.50013674
v 0.42374063 3.57807444 -0.51964725
v 0.42241035 3.54570472 -0.50102360
v 0.39491826 3.58117839 -0.51920385
v 0.38338932 3.59581127 -0.54979987
v 0.37851171 3.57319681 -0.54181832
v 0.39802222 3.60068890 -0.52807226
v 0.42551431 3.61443495 -0.53472359
v 0.42462744 3.59758496 -0.52851567
v 0.40068275 3.61709549 -0.53383672
v 0.38782353 3.61443495 -0.55467751
v 0.38338932 3.59581127 -0.54979987
v 0.39137090 3.63128495 -0.55733806
v 0.40334327 3.63261520 -0.53827095
v 0.42595772 3.63039811 -0.53871436
v 0.42551431 3.61443495 -0.53472359
v 0.40334327 3.63261520 -0.53827095
v 0.39536170 3.58782970 -0.57241435
v 0.39890906 3.60867048 -0.57596171
v 0.39137090 3.63128495 -0.55733806
v 0.40201300 3.62773759 -0.57684858
v 0.40334327 3.63261520 -0.53827095
v 0.39536170 3.64192705 -0.55822488
v 0.40556036 3.64192705 -0.54137491
v 0.40689064 3.65256915 -0.54359200
v 0.39802222 3.65256915 -0.55866829
v 0.39536170 3.64192705 -0.55822488
v 0.40201300 3.62773759 -0.57684858
v 0.39137090 3.63128495 -0.55733806
v 0.40467352 3.64059678 -0.57507490
v 0.39802222 3.65256915 -0.55866829
v 0.39536170 3.64192705 -0.55822488
v 0.40600380 3.65212572 -0.57418803
v 0.39935247 3.65789020 -0.55866829
v 0.40600380 3.65212572 -0.57418803
v 0.40689064 3.65833361 -0.57241435
v 0.42285376 3.65922045 -0.57285775
v 0.42374063 3.65212572 -0.57463144
v 0.42152354 3.66409810 -0.57108407
v 0.40777748 3.66276782 -0.57108407
v 0.42019326 3.66853230 -0.56975385
v 0.40822089 3.66631519 -0.56931039
v 0.40201300 3.66498494 -0.55866829
v 0.40112615 3.66188098 -0.55866829
v 0.39935247 3.65789020 -0.55866829
v 0.40777748 3.66276782 -0.57108407
v 0.40201300 3.66498494 -0.55866829
v 0.41265510 3.67474020 -0.55911175
v 0.40866432 3.66587178 -0.54802619
v 0.41265510 3.67474020 -0.55911175
v 0.40822089 3.66232441 -0.54669596
v 0.40866432 3.66587178 -0.54802619
v 0.40112615 3.66188098 -0.55866829
v 0.40777748 3.65789020 -0.54492228
v 0.40822089 3.66232441 -0.54669596
v 0.39935247 3.65789020 -0.55866829
v 0.42241035 3.66365466 -0.54669596
v 0.40777748 3.65789020 -0.54492228
v 0.42374063 3.65877705 -0.54536569
v 0.42063667 3.66853230 -0.54802619
v 0.40822089 3.66232441 -0.54669596
v 0.40866432 3.66587178 -0.54802619
v 0.42063667 3.66853230 -0.54802619
v 0.41265510 3.67474020 -0.55911175
v 0.40689064 3.65256915 -0.54359200
v 0.42462744 3.65212572 -0.54403541
v 0.40777748 3.65789020 -0.54492228
v 0.42462744 3.65212572 -0.54403541
v 0.40556036 3.64192705 -0.54137491
v 0.42507091 3.64059678 -0.54226173
v 0.40556036 3.64192705 -0.54137491
v 0.40334327 3.63261520 -0.53827095
v 0.42595772 3.63039811 -0.53871436
v -0.80276142 4.38920202 -0.02833698
v -0.80098773 4.38920202 -0.00173174
v -0.79123245 4.30938622 -0.00439226
v -0.79300613 4.31071655 -0.03321461
v -0.77881666 4.23123335 -0.01060015
v -0.78147722 4.23744122 -0.04296987
v -0.79123245 4.30938622 -0.00439226
v -0.78147722 4.23744122 -0.04296987
v -0.75841933 4.11771762 -0.03897908
v -0.76241011 4.12968994 -0.07223565
v -0.77881666 4.23123335 -0.01060015
v -0.80542191 4.22325175 0.00669326
v -0.78635486 4.10530184 -0.02079883
v -0.76241011 4.12968994 -0.07223565
v -0.73270090 4.00730579 -0.08952906
v -0.73890882 4.02681631 -0.12189878
v -0.73890882 4.02681631 -0.12189878
v -0.69944438 3.89157297 -0.17998692
v -0.70831279 3.92039531 -0.20792242
v -0.68348123 3.84501379 -0.24162240
v -0.69501014 3.87915719 -0.26601056
v -0.69501014 3.87915719 -0.26601056
v -0.67239567 3.81308749 -0.28330396
v -0.68702859 3.85343880 -0.30414476
v -0.71186016 3.81619143 -0.22698953
v -0.68348123 3.84501379 -0.24162240
v -0.72871012 3.86674140 -0.16579746
v -0.76196670 3.98912555 -0.07223565
v -0.72871012 3.86674140 -0.16579746
v -0.73270090 4.00730579 -0.08952906
v -0.75841933 4.11771762 -0.03897908
v -0.79699696 3.99045583 -0.08775538
v -0.81828116 4.10530184 -0.03587514
v -0.80542191 4.22325175 0.00669326
v -0.81828116 4.10530184 -0.03587514
v -0.83468772 4.22236494 -0.00749621
v -0.82271534 4.11683075 -0.06913170
v -0.81118643 4.23611094 -0.05715934
v -0.84133904 4.30406522 -0.00128831
v -0.84710350 4.38565465 0.00137221
v -0.82315875 4.38742828 0.01290115
v -0.81517720 4.30583885 0.01157089
v -0.81517720 4.30583885 0.01157089
v -0.77881666 4.23123335 -0.01060015
v -0.79123245 4.30938622 -0.00439226
v -0.79123245 4.30938622 -0.00439226
v -0.80763906 4.43531779 -0.02789356
v -0.80276142 4.38920202 -0.02833698
v -0.80630878 4.43620460 -0.00350542
v -0.82670611 4.43531779 0.00979721
v -0.82315875 4.38742828 0.01290115
v -0.84710350 4.38565465 0.00137221
v -0.80630878 4.43620460 -0.00350542
v -0.82936667 4.47832959 0.00624984
v -0.81074296 4.47877300 -0.00616594
v 0.64988523 3.16657991 -0.30902237
v 0.67161289 3.17234438 -0.31877763
v 0.67870762 3.14219176 -0.33296710
v 0.65431946 3.13243650 -0.32188159
v 0.63259186 3.16524965 -0.30370132
v 0.62948790 3.12622861 -0.31434342
v -0.34293400 4.41846777 1.33529290
v -0.33894323 4.43265723 1.33839686
v -0.32519717 4.43132701 1.32997190
v -0.32741429 4.41802436 1.32598113
v -0.32298008 4.44241252 1.33351927
v -0.33450902 4.44418615 1.34105741
v -0.31366823 4.42777965 1.34017059
v -0.31322482 4.43797834 1.34194422
v -0.33450902 4.44418615 1.34105741
v -0.31987612 4.45083748 1.33751004
v -0.32830113 4.45349803 1.34416137
v -0.32519717 4.43132701 1.32997190
v -0.32741429 4.41802436 1.32598113
v -0.31987612 4.45083748 1.33751004
v -0.32298008 4.44241252 1.33351927
v -0.31233798 4.44551648 1.34371796
v -0.31854587 4.45305462 1.34770873
v -0.32830113 4.45349803 1.34416137
v -0.31854587 4.45305462 1.34770873
v -0.84843378 4.53109669 -0.02523304
v -0.83424431 4.53154009 -0.03454488
v -0.83291403 4.50404798 -0.03587514
v -0.84754691 4.50449138 -0.00616594
v -0.84754691 4.53109669 -0.00793963
v -0.84754691 4.54572956 -0.02434620
v -0.83424431 4.53154009 -0.03454488
v -0.83513112 4.54617297 -0.03277119
v -0.82138506 4.54705978 -0.02611988
v -0.81916797 4.53242691 -0.02700672
v -0.83291403 4.50404798 -0.03587514
v -0.81916797 4.53242691 -0.02700672
v -0.81606401 4.50537831 -0.02745014
v -0.83202716 4.47655586 -0.03809224
v -0.83291403 4.50404798 -0.03587514
v -0.81207324 4.47788619 -0.02789356
v -0.82936667 4.43354405 -0.03853566
v -0.83202716 4.47655586 -0.03809224
v -0.80763906 4.43531779 -0.02789356
v -0.82626271 4.38742828 -0.04030935
v -0.85020746 4.47611245 -0.02567646
v -0.84976400 4.43265723 -0.02523304
v -0.83202716 4.47655586 -0.03809224
v -0.83202716 4.47655586 -0.03809224
v -0.85020746 4.47611245 -0.02567646
v 0.16345259 3.06636679 0.03152483
v 0.18739731 3.07035759 0.00314589
v 0.13374339 2.99941026 -0.06913170
v 0.10181709 2.99098525 -0.03365803
v 0.14837628 3.06503654 0.04926166
v 0.08097631 2.98655104 -0.01060015
v 0.12975261 3.06503654 0.07098928
v 0.20868151 3.01581681 0.15257871
v 0.11290261 3.07257468 0.09049980
v 0.18340653 3.01581681 0.18494844
v 0.12975261 3.06503654 0.07098928
v 0.05304080 2.98122999 0.01955246
v 0.14837628 3.06503654 0.04926166
v 0.27430780 3.03133656 0.06877218
v 0.18739731 3.07035759 0.00314589
v 0.24770255 3.02379839 0.10202874
v 0.16345259 3.06636679 0.03152483
v 0.14837628 3.06503654 0.04926166
v 0.23085255 3.01980761 0.12375636
v 0.23794729 4.70935183 1.14949961
v 0.24149465 4.74482550 1.13619696
v 0.23528676 4.71644657 1.12732859
v 0.24592886 4.76256233 1.14107465
v 0.24814598 4.75901497 1.15925489
v 0.26056176 4.74393869 1.12732859
v 0.26277885 4.76167552 1.13264959
v 0.24814598 4.75901497 1.15925489
v 0.25213675 4.77054388 1.15969830
v 0.25302360 4.78384653 1.14683906
v 0.25524071 4.78074257 1.16014171
v 0.26898675 4.78473335 1.16191534
v 0.25745780 4.78695049 1.16058512
v 0.26854334 4.77852554 1.16191534
v 0.25657096 4.71644657 1.11712990
v 0.26056176 4.74393869 1.12732859
v 0.27563807 4.75724134 1.14550884
v 0.27475123 4.73861758 1.14196147
v 0.25657096 4.71644657 1.11712990
v 0.27253411 4.70935183 1.13309300
v 0.24991966 4.77364784 1.14417850
v 0.24592886 4.76256233 1.14107465
v 0.26410913 4.77276103 1.13708377
v 0.25657096 4.71644657 1.11712990
v 0.25391044 4.69161500 1.10515747
v 0.22863546 4.68939786 1.11579957
v 0.22863546 4.68939786 1.11579957
v 0.24947623 4.65436770 1.08032591
v 0.22154073 4.65037682 1.09052460
v 0.24504202 4.61268612 1.02888914
v 0.21400256 4.60514798 1.03775751
v 0.25391044 4.69161500 1.10515747
v 0.27164727 4.68008609 1.12245090
v 0.26809990 4.63840450 1.09761933
v 0.24504202 4.61268612 1.02888914
v 0.24947623 4.65436770 1.08032591
v 0.26499597 4.59095851 1.04396542
v 0.24282493 4.58608082 0.97612205
v -0.00992496 5.31783612 0.02487351
v -0.03165258 5.71292393 -0.05760276
v -0.15004594 5.68232796 -0.17289219
v -0.13674331 5.28768356 -0.09928432
v -0.03165258 5.71292393 -0.05760276
v -0.14295121 6.02686604 -0.23763163
v -0.03653021 6.04371595 -0.13165404
v 0.07122106 6.02509220 -0.23630135
v -0.03165258 5.71292393 -0.05760276
v 0.08718421 5.69607402 -0.17510928
v -0.03120916 5.66547805 -0.29084213
v -0.00992496 5.27571113 -0.22610269
v -0.13674331 5.28768356 -0.09928432
v -0.14295121 6.02686604 -0.23763163
v -0.03120916 5.66547805 -0.29084213
v -0.03564336 6.00824229 -0.34272235
v -0.13186569 6.43448055 -0.28906845
v -0.03564336 6.00824229 -0.34272235
v -0.03564336 6.42561218 -0.38396051
v -0.13186569 6.43448055 -0.28906845
v -0.03564336 6.48370027 -0.29483290
v -0.03564336 6.42561218 -0.38396051
v 0.06013553 6.43802802 -0.28862501
v 0.07122106 6.02509220 -0.23630135
v -0.03120916 5.66547805 -0.29084213
v 0.08718421 5.69607402 -0.17510928
v -0.03564336 6.42561218 -0.38396051
v -0.03564336 6.48370027 -0.29483290
v -0.13674331 5.28768356 -0.09928432
v 0.00825530 4.95855431 -0.19195927
v 0.00692504 4.99447139 0.08650901
v -0.00992496 5.31783612 0.02487351
v 0.37186038 3.33818377 0.49268249
v 0.28628017 3.33729693 0.57560217
v 0.23218283 3.30803115 0.52150486
v 0.31820647 3.31024826 0.43769831
v 0.27874200 3.40558374 0.34502337
v 0.31864988 3.42021662 0.38670493
v 0.27209071 3.28497327 0.39025229
v 0.25302360 3.39671532 0.31753128
v 0.27874200 3.40558374 0.34502337
v 0.24326834 3.26812328 0.36009968
v 0.21932361 3.38696006 0.28117076
v 0.24326834 3.26812328 0.36009968
v 0.20602099 3.24506540 0.32152205
v 0.12088419 3.23708382 0.41286674
v 0.15724470 3.26235881 0.44789700
v 0.08674078 3.20205358 0.38138388
v 0.16921706 3.21446936 0.28338786
v 0.07210790 3.37764822 0.41863123
v 0.02998292 3.36656270 0.37872335
v 0.12088419 3.23708382 0.41286674
v 0.10846841 3.39006401 0.45366146
v 0.15724470 3.26235881 0.44789700
v 0.27209071 3.28497327 0.39025229
v 0.18651047 3.28098248 0.47627593
v 0.31820647 3.31024826 0.43769831
v 0.18651047 3.28098248 0.47627593
v 0.31864988 3.42021662 0.38670493
v 0.36387880 3.44061398 0.43282069
v 0.36387880 3.44061398 0.43282069
v 0.50799056 3.50934421 0.64566269
v 0.47961163 3.58073497 0.56806403
v 0.59800500 3.70178885 0.73523367
v 0.42906168 3.50890079 0.72148767
v 0.52927476 3.70755334 0.80751128
v 0.50799056 3.50934421 0.64566269
v 0.37186038 3.33818377 0.49268249
v 0.35190646 3.57984812 0.69044818
v 0.22508810 3.43884030 0.56629035
v 0.42906168 3.50890079 0.72148767
v 0.42906168 3.50890079 0.72148767
v 0.44901560 3.75278226 0.76937712
v 0.51242480 3.89733743 0.79731259
v 0.44901560 3.75278226 0.76937712
v 0.58913659 3.86452431 0.83322972
v 0.64855501 3.85077825 0.76582975
v 0.58913659 3.86452431 0.83322972
v 0.59800500 3.70178885 0.73523367
v 0.47961163 3.58073497 0.56806403
v 0.55987084 3.74302700 0.65275743
v 0.56607870 4.02592949 0.80928497
v 0.52439717 3.90398875 0.70729820
v 0.57583399 4.02903345 0.72547844
v 0.63746944 3.99622028 0.84254154
v 0.69156681 3.98114400 0.77913235
v 0.64855501 3.85077825 0.76582975
v 0.71728519 4.06982817 0.78844417
v 0.63746944 3.99622028 0.84254154
v 0.66717865 4.07958340 0.84520204
v 0.65298919 4.00154133 0.70685474
v 0.68402867 4.09155578 0.72370476
v 0.60820370 3.87516641 0.68778769
v 0.64855501 3.85077825 0.76582975
v 0.55987084 3.74302700 0.65275743
v 0.60820370 3.87516641 0.68778769
v 0.59800500 3.70178885 0.73523367
v 0.68402867 4.09155578 0.72370476
v 0.73723917 4.15718206 0.80618101
v 0.70886024 4.17979654 0.74809292
v 0.71728519 4.06982817 0.78844417
v 0.68846285 4.15540838 0.85407046
v 0.70886024 4.17979654 0.74809292
v 0.74034308 4.22413862 0.82569152
v 0.71551151 4.24231886 0.77292448
v 0.69511418 4.21172284 0.86471256
v 0.64234709 4.22280834 0.83633362
v 0.63037471 4.17713598 0.82569152
v 0.64279049 4.19221232 0.76050870
v 0.65476287 4.24143199 0.77957576
v 0.61308134 4.11461366 0.73966791
v 0.60288265 4.10707552 0.81504942
v 0.60288265 4.10707552 0.81504942
v 0.57583399 4.02903345 0.72547844
v 0.63746944 3.99622028 0.84254154
v 0.60288265 4.10707552 0.81504942
v 0.66717865 4.07958340 0.84520204
v 0.66717865 4.07958340 0.84520204
v 0.68846285 4.15540838 0.85407046
v 0.74034308 4.22413862 0.82569152
v 0.73723917 4.15718206 0.80618101
v 0.64500764 4.26404647 0.84741918
v 0.69289709 4.26227278 0.87624152
v 0.73369180 4.27823593 0.84209813
v 0.74034308 4.22413862 0.82569152
v 0.71551151 4.24231886 0.77292448
v 0.73369180 4.27823593 0.84209813
v 0.71152074 4.29020831 0.79243500
v 0.64367736 4.29242540 0.85140996
v 0.64500764 4.26404647 0.84741918
v 0.68402867 4.29963104 0.87845862
v 0.65653655 4.28133989 0.79553891
v 0.65520628 4.30273489 0.80440732
v 0.64101681 4.32357568 0.85185337
v 0.64367736 4.29242540 0.85140996
v 0.65254578 4.32579283 0.81061524
v 0.68402867 4.29963104 0.87845862
v 0.64367736 4.29242540 0.85140996
v 0.67560366 4.33155734 0.87579812
v 0.64190368 4.34840725 0.84919287
v 0.67205630 4.35151121 0.87003361
v 0.70132204 4.35284154 0.84786259
v 0.67205630 4.35151121 0.87003361
v 0.70841678 4.33909548 0.84919287
v 0.72038915 4.31382051 0.84830600
v 0.70265232 4.31559414 0.80263364
v 0.69422731 4.33554811 0.80884156
v 0.72038915 4.31382051 0.84830600
v 0.69289709 4.26227278 0.87624152
v 0.73369180 4.27823593 0.84209813
v 0.67205630 4.35151121 0.87003361
v 0.64589445 4.36658749 0.84786259
v 0.67161289 4.36259672 0.86559942
v 0.65210237 4.34752044 0.81371920
v 0.64190368 4.34840725 0.84919287
v 0.65520628 4.36880464 0.81770998
v 0.68668917 4.36570068 0.81682311
v 0.68934972 4.35018099 0.81283233
v 0.65520628 4.36880464 0.81770998
v 0.64589445 4.36658749 0.84786259
v 0.67161289 4.37855992 0.83943758
v 0.67161289 4.36259672 0.86559942
v 0.67161289 4.37855992 0.83943758
v 0.64190368 4.34840725 0.84919287
v 0.65254578 4.32579283 0.81061524
v 0.64101681 4.32357568 0.85185337
v 0.65254578 4.32579283 0.81061524
v 0.68934972 4.35018099 0.81283233
v 0.69422731 4.33554811 0.80884156
v 0.70265232 4.31559414 0.80263364
v 0.65653655 4.28133989 0.79553891
v 0.71152074 4.29020831 0.79243500
v 0.64500764 4.26404647 0.84741918
v 0.65476287 4.24143199 0.77957576
v 0.64234709 4.22280834 0.83633362
v 0.65476287 4.24143199 0.77957576
v 0.65653655 4.28133989 0.79553891
v 0.71551151 4.24231886 0.77292448
v 0.65476287 4.24143199 0.77957576
v 0.70886024 4.17979654 0.74809292
v 0.61308134 4.11461366 0.73966791
v 0.64279049 4.19221232 0.76050870
v 0.68402867 4.09155578 0.72370476
v 0.57583399 4.02903345 0.72547844
v 0.61308134 4.11461366 0.73966791
v 0.65298919 4.00154133 0.70685474
v 0.52439717 3.90398875 0.70729820
v 0.60820370 3.87516641 0.68778769
v 0.46763931 3.77495330 0.67404163
v 0.55987084 3.74302700 0.65275743
v 0.38294591 3.62374679 0.59555615
v 0.47961163 3.58073497 0.56806403
v 0.46763931 3.77495330 0.67404163
v 0.35190646 3.57984812 0.69044818
v 0.51242480 3.89733743 0.79731259
v 0.44901560 3.75278226 0.76937712
v 0.27297755 3.50269290 0.47804962
v 0.38294591 3.62374679 0.59555615
v 0.36387880 3.44061398 0.43282069
v 0.23351308 3.48584291 0.43902859
v 0.31864988 3.42021662 0.38670493
v 0.27297755 3.50269290 0.47804962
v 0.22508810 3.43884030 0.56629035
v 0.17852890 3.41755610 0.52061799
v 0.27297755 3.50269290 0.47804962
v 0.38294591 3.62374679 0.59555615
v 0.22508810 3.43884030 0.56629035
v 0.28628017 3.33729693 0.57560217
v 0.17852890 3.41755610 0.52061799
v 0.18651047 3.28098248 0.47627593
v 0.23218283 3.30803115 0.52150486
v 0.13640392 3.40026269 0.48026671
v 0.13640392 3.40026269 0.48026671
v 0.10846841 3.39006401 0.45366146
v 0.14482891 3.46278502 0.35078783
v 0.07210790 3.37764822 0.41863123
v 0.17498153 3.46854950 0.38094044
v 0.25302360 3.39671532 0.31753128
v 0.21932361 3.38696006 0.28117076
v 0.07210790 3.37764822 0.41863123
v 0.11068551 3.46322845 0.31620100
v 0.02998292 3.36656270 0.37872335
v 0.13640392 3.40026269 0.48026671
v 0.10846841 3.39006401 0.45366146
v 0.19803941 3.47475739 0.40399833
v 0.11068551 3.46322845 0.31620100
v 0.21932361 3.38696006 0.28117076
v 0.18118942 3.38030875 0.23948920
v 0.42773140 3.37942191 -0.29749343
v 0.38471960 3.38030875 -0.30503160
v 0.39314458 3.35414692 -0.27842635
v 0.43615641 3.36434560 -0.27487898
v 0.42418404 3.39139427 -0.31789079
v 0.40910773 3.31512589 -0.24650005
v 0.43615641 3.36434560 -0.27487898
v -0.04451178 3.02468523 0.04926166
v -0.09816570 3.04596943 0.00491958
v -0.11944990 3.17190096 0.02487351
v -0.07909861 3.16702333 0.05502613
v -0.11944990 3.17190096 0.02487351
v -0.16113146 3.20116673 0.13262478
v -0.19616171 3.20249700 0.10601953
v -0.24360773 3.10982203 0.17386291
v -0.19438802 3.09696284 0.21731816
v -0.19616171 3.20249700 0.10601953
v -0.28617613 3.12356809 0.13661556
v -0.23119195 3.21047857 0.07808401
v -0.23119195 3.21047857 0.07808401
v -0.31898928 3.13465360 0.10823663
v -0.25912746 3.21757330 0.05635639
v -0.18951039 3.19052463 -0.02833698
v -0.15891436 3.18165622 -0.00483568
v -0.14605515 3.06503654 -0.03410146
v -0.15891436 3.18165622 -0.00483568
v -0.18285908 3.07966941 -0.06336723
v -0.15891436 3.18165622 -0.00483568
v -0.14605515 3.06503654 -0.03410146
v -0.16778277 2.94486948 0.05325245
v -0.04451178 3.02468523 0.04926166
v -0.11944990 2.90451817 0.09715111
v -0.44447739 4.91775965 -0.68238271
v -0.48660235 4.99624513 -0.71076164
v 0.25169335 4.62421503 1.11846012
v 0.22287098 4.63130977 1.11402594
v 0.21444600 4.57942949 1.05771148
v 0.24592886 4.57056113 1.06170226
v 0.24592886 4.57056113 1.06170226
v 0.20690783 4.53819142 0.98720756
v 0.24282493 4.52666251 0.98898130
v 0.24282493 4.52666251 0.98898130
v 0.24149465 4.50892567 0.88067571
v 0.20380390 4.53597428 0.82125734
v 0.24326834 4.52222822 0.82037047
v 0.24326834 4.52222822 0.82037047
v 0.20513415 4.54617297 0.77913235
v 0.24504202 4.53109669 0.77868894
v 0.20424731 4.57721245 0.83589022
v 0.20602099 4.59095851 0.79997314
v 0.20646442 4.55814529 0.72326135
v 0.24504202 4.53109669 0.77868894
v 0.24725914 4.53996505 0.72370476
v 0.20956836 4.61401634 0.75119682
v 0.25169335 4.62731899 0.76228238
v 0.20956836 4.61401634 0.75119682
v 0.24637230 4.60248743 0.80972837
v 0.20424731 4.57721245 0.83589022
v 0.24371177 4.58874137 0.84298495
v 0.27120386 4.56878739 0.79731259
v 0.27741176 4.59007159 0.74764946
v 0.26809990 4.55592825 0.83367313
v 0.24371177 4.58874137 0.84298495
v 0.27741176 4.59007159 0.74764946
v 0.24725914 4.53996505 0.72370476
v 0.27120386 4.56878739 0.79731259
v 0.27120386 4.56878739 0.79731259
v 0.24326834 4.52222822 0.82037047
v 0.26809990 4.55592825 0.83367313
v 0.26809990 4.55592825 0.83367313
v 0.24149465 4.50892567 0.88067571
v 0.26588281 4.54129538 0.88510994
v 0.26588281 4.54129538 0.88510994
v 0.26455254 4.55592825 0.98188656
v 0.24592886 4.57056113 1.06170226
v 0.24282493 4.52666251 0.98898130
v 0.26499597 4.59095851 1.04396542
v 0.25169335 4.62421503 1.11846012
v 0.26809990 4.63840450 1.09761933
v 0.66318788 3.82018223 1.12289430
v 0.66496156 3.83304142 1.12954563
v 0.67737735 3.82816380 1.14018773
v 0.64899841 3.83259801 1.13486674
v 0.64545105 3.82106907 1.12910222
v 0.67693394 3.81353090 1.13397992
v 0.66496156 3.83304142 1.12954563
v 0.67604707 3.83614538 1.14329169
v 0.66540497 3.83969274 1.13353640
v 0.65077210 3.83880590 1.13797069
v 0.64899841 3.83259801 1.13486674
v 0.66540497 3.83969274 1.13353640
v 0.65210237 3.84412693 1.14063114
v 0.66496156 3.84501379 1.13708377
v 0.64722473 3.83481510 1.15216016
v 0.64944182 3.84102299 1.15349038
v 0.65387606 3.84856116 1.14329169
v 0.65165891 3.84634407 1.15393379
v 0.65387606 3.84856116 1.14329169
v 0.66185760 3.85255194 1.15216016
v 0.65210237 3.84412693 1.14063114
v 0.66451816 3.84944798 1.14063114
v 0.66496156 3.84501379 1.13708377
v 0.67249970 3.84767429 1.14772587
v 0.67471679 3.84279668 1.14595224
v 0.66451816 3.84944798 1.14063114
v 0.66185760 3.85255194 1.15216016
v 0.65387606 3.84856116 1.14329169
v 0.66185760 3.85255194 1.15216016
v 0.64500764 3.82772037 1.15038642
v 0.64722473 3.83481510 1.15216016
v 0.64899841 3.83259801 1.13486674
v 0.65831024 3.83126774 1.16191534
v 0.65742342 3.82284275 1.16102852
v 0.64722473 3.83481510 1.15216016
v 0.65742342 3.82284275 1.16102852
v 0.64146027 3.81530459 1.14683906
v 0.65520628 3.80865329 1.15792456
v 0.64500764 3.82772037 1.15038642
v 0.64545105 3.82106907 1.12910222
v 0.63569576 3.80333224 1.14284828
v 0.64545105 3.82106907 1.12910222
v 0.65520628 3.80865329 1.15792456
v 0.65121550 3.79357698 1.15526412
v 0.64057340 3.81042697 1.12289430
v 0.62771421 3.78382172 1.13486674
v 0.63347867 3.79269014 1.11313913
v 0.67161289 3.79091645 1.14728246
v 0.65520628 3.80865329 1.15792456
v 0.67294311 3.80776644 1.15171675
v 0.67294311 3.80776644 1.15171675
v 0.65742342 3.82284275 1.16102852
v 0.67382998 3.82284275 1.15570753
v 0.67604707 3.83614538 1.14329169
v 0.67737735 3.82816380 1.14018773
v 0.67294311 3.83171117 1.15748116
v 0.67382998 3.82284275 1.15570753
v 0.65831024 3.83126774 1.16191534
v 0.67737735 3.82816380 1.14018773
v 0.67382998 3.82284275 1.15570753
v 0.67693394 3.81353090 1.13397992
v 0.65875364 3.83836247 1.16191534
v 0.65831024 3.83126774 1.16191534
v 0.67161289 3.83924931 1.15836797
v 0.67161289 3.83924931 1.15836797
v 0.65964051 3.84501379 1.16147193
v 0.66983921 3.84545720 1.15836797
v 0.67249970 3.84767429 1.14772587
v 0.66185760 3.85255194 1.15216016
v 0.65875364 3.83836247 1.16191534
v 0.64722473 3.83481510 1.15216016
v 0.64944182 3.84102299 1.15349038
v 0.65964051 3.84501379 1.16147193
v 0.65165891 3.84634407 1.15393379
v 0.67249970 3.84767429 1.14772587
v 0.66983921 3.84545720 1.15836797
v 0.67471679 3.84279668 1.14595224
v 0.67294311 3.83171117 1.15748116
v 0.67604707 3.83614538 1.14329169
v 0.65964051 3.84501379 1.16147193
v 0.66185760 3.85255194 1.15216016
v -0.89321927 5.36084793 0.44745357
v -0.88124689 5.49919512 0.44124568
v -0.86750083 5.49786490 0.37650623
v -0.87725612 5.35907430 0.37251546
v -0.90430477 5.18514237 0.45587858
v -0.88612453 5.18381215 0.36941150
v -0.88257717 4.89647545 0.45853910
v -0.86306665 4.89957941 0.36320361
v -0.76817456 4.91110833 0.38315756
v -0.86306665 4.89957941 0.36320361
v -0.79965746 5.18558578 0.38714833
v -0.67549962 4.59894006 0.35743915
v -0.77659957 4.56213617 0.33393783
v -0.79433641 4.54306901 0.44080227
v -0.57839045 4.15008733 0.37029834
v -0.57572995 4.19708991 0.25589577
v -0.48438526 4.27291488 0.28915233
v -0.37175637 4.19088204 0.23948920
v -0.43959974 4.09776364 0.19736422
v -0.32253664 3.96207689 0.26609445
v -0.33273534 4.02681631 0.15124845
v -0.43339185 4.04100578 0.30999311
v -0.22054985 3.89201638 0.22662999
v -0.33273534 4.02681631 0.15124845
v -0.23296563 3.96518085 0.10912347
v -0.33273534 4.02681631 0.15124845
v -0.20281302 4.08401764 0.16455108
v -0.28395904 4.13323731 0.20046816
v -0.23296563 3.96518085 0.10912347
v -0.09594860 4.03479791 0.11710505
v -0.10082623 3.89733743 0.05458271
v -0.09506176 3.80776644 0.18095765
v -0.10082623 3.89733743 0.05458271
v -0.22054985 3.89201638 0.22662999
v -0.16822619 4.01661767 0.27407602
v -0.04229468 3.95764266 0.22618657
v -0.20281302 4.08401764 0.16455108
v 0.25657096 5.04147408 0.77691526
v 0.33461303 5.18248182 0.80130342
v -0.42895764 4.87696488 -0.72184715
v -0.42629712 5.01353855 -0.71963006
v -0.35180242 5.01442537 -0.71297874
v -0.34426428 4.87873862 -0.71430901
v -0.42940108 4.71955053 -0.71652610
v -0.33362218 4.72531504 -0.70810115
v -0.35180242 4.88184258 -0.62917221
v -0.35845374 5.01442537 -0.63848404
v -0.35801031 5.10310953 -0.70987483
v -0.35180242 5.01442537 -0.71297874
v -0.42274975 5.10222272 -0.71563929
v -0.36200111 5.17139631 -0.70898796
v -0.42008923 5.17095291 -0.71430901
v -0.36377479 5.10443975 -0.64469195
v -0.35801031 5.10310953 -0.70987483
v -0.36732216 5.17494368 -0.65089982
v -0.36554848 5.20964149 -0.70854455
v -0.36200111 5.17139631 -0.70898796
v -0.37042609 5.21584919 -0.65932483
v -0.36820900 5.24068087 -0.70943137
v -0.41565502 5.21097171 -0.71342220
v -0.40989056 5.24378472 -0.71475242
v -0.36865241 5.26373870 -0.71031824
v -0.40279583 5.26861639 -0.71652610
v -0.41432477 5.25220989 -0.67351429
v -0.41565502 5.21097171 -0.71342220
v -0.42008923 5.21717963 -0.66420247
v -0.40723004 5.27837157 -0.68326958
v -0.38638924 5.28280586 -0.69967614
v -0.40989056 5.24378472 -0.71475242
v -0.41432477 5.25220989 -0.67351429
v -0.40279583 5.26861639 -0.71652610
v -0.40279583 5.26861639 -0.71652610
v -0.38638924 5.28280586 -0.69967614
v -0.37308662 5.27349409 -0.67706166
v -0.38638924 5.28280586 -0.69967614
v -0.37264321 5.24910582 -0.66819324
v -0.36820900 5.24068087 -0.70943137
v -0.40723004 5.27837157 -0.68326958
v -0.37308662 5.27349409 -0.67706166
v -0.38638924 5.28280586 -0.69967614
v 0.11689340 5.30586369 -0.10194484
v -0.00992496 5.31783612 0.02487351
v 0.14793286 4.97673455 -0.05228171
v -0.42895764 4.77763861 -1.10196970
v -0.42141950 4.77852554 -1.12148016
v -0.41920238 4.72575845 -1.12281049
v -0.42762739 4.72620185 -1.10108288
v -0.41698529 4.66634003 -1.12059334
v -0.42629712 4.66855717 -1.09664859
v -0.42629712 4.66855717 -1.09664859
v -0.41210765 4.56612695 -1.09886574
v -0.42230634 4.57233476 -1.07359076
v -0.41698529 4.66634003 -1.12059334
v -0.38417215 4.56657035 -1.10285651
v -0.42230634 4.57233476 -1.07359076
v -0.40678660 4.46502694 -1.06028811
v -0.41964582 4.48187696 -1.03678677
v -0.41964582 4.48187696 -1.03678677
v -0.39481425 4.35018099 -0.95253689
v -0.40989056 4.37634278 -0.93568687
v -0.38062479 4.28932144 -0.81097478
v -0.39880503 4.32224546 -0.80831423
v -0.39481425 4.35018099 -0.95253689
v -0.41698529 4.66634003 -1.12059334
v -0.39614450 4.72708867 -1.12635786
v -0.40057871 4.77985576 -1.12502753
v -0.42141950 4.77852554 -1.12148016
v -0.38151163 4.72886240 -1.10817762
v -0.39614450 4.72708867 -1.12635786
v -0.38727608 4.78074257 -1.10862102
v -0.40412608 4.81266887 -1.12148016
v -0.39304057 4.81355569 -1.10773410
v -0.42186291 4.81133865 -1.11881972
v -0.42363659 4.84282154 -1.11704598
v -0.40989056 4.86100179 -1.11837620
v -0.42895764 4.84237814 -1.10196970
v -0.42851424 4.81089524 -1.10196970
v -0.42895764 4.77763861 -1.10196970
v -0.40412608 4.81266887 -1.12148016
v -0.40057871 4.77985576 -1.12502753
v -0.42186291 4.81133865 -1.11881972
v -0.42895764 4.85922805 -1.10241310
v -0.42895764 4.84237814 -1.10196970
v -0.42408003 4.85967146 -1.11571576
v -0.41210765 4.87430444 -1.11704598
v -0.42408003 4.87297411 -1.11482883
v -0.42851424 4.87297411 -1.10329992
v -0.42895764 4.85922805 -1.10241310
v -0.42408003 4.87297411 -1.11482883
v -0.41432477 4.88538994 -1.11527235
v -0.42408003 4.88450302 -1.11349861
v -0.42762739 4.88450302 -1.10374333
v -0.42851424 4.87297411 -1.10329992
v -0.42408003 4.88450302 -1.11349861
v -0.41432477 4.88538994 -1.11527235
v -0.40412608 4.87563466 -1.10729069
v -0.40767344 4.88672017 -1.10773410
v -0.42408003 4.88450302 -1.11349861
v -0.41831554 4.89071094 -1.10596047
v -0.42762739 4.88450302 -1.10374333
v -0.41831554 4.89071094 -1.10596047
v 0.74522072 3.20027989 -0.33385394
v 0.74522072 3.20116673 -0.33607106
v 0.73324834 3.20870489 -0.34006183
v 0.73147466 3.20826147 -0.33828815
v 0.19803941 3.47475739 0.40399833
v 0.31864988 3.42021662 0.38670493
v 0.27874200 3.40558374 0.34502337
v 0.17852890 3.41755610 0.52061799
v 0.19803941 3.47475739 0.40399833
v -0.71097329 3.44150082 -0.30857896
v -0.76728775 3.63749285 -0.37287497
v -0.66042334 3.42686794 -0.38883812
v -0.72560617 3.66454150 -0.29926711
v -0.67195226 3.49072054 -0.23541451
v -0.66042334 3.42686794 -0.38883812
v -0.55621943 3.22998909 -0.28596449
v -0.71097329 3.44150082 -0.30857896
v -0.61297730 3.24949960 -0.20171453
v -0.58371150 3.32443772 -0.13608825
v -0.55621943 3.22998909 -0.28596449
v -0.37441689 3.05483785 -0.12234220
v -0.23873011 3.10272730 -0.10903958
v -0.30790377 3.02335498 -0.06735802
v -0.41166424 3.75145199 1.08786415
v -0.43915634 3.76918882 1.01913386
v -0.43206160 3.63616257 0.97301809
v -0.40102214 3.61133100 1.04662598
v -0.27952484 3.46234160 0.98809437
v -0.31987612 3.61886917 1.06214566
v -0.36643532 3.44770872 0.96714278
v -0.40235239 3.48495607 0.89309149
v -0.36643532 3.44770872 0.96714278
v -0.43206160 3.63616257 0.97301809
v -0.38106819 3.66808887 0.91526256
v -0.35135901 3.53727972 0.83943758
v -0.34470768 3.33330614 0.75917843
v -0.29947876 3.27876538 0.82746521
v -0.20724723 3.30004958 0.85407046
v -0.27952484 3.46234160 0.98809437
v -0.11767622 3.17677859 0.67448503
v -0.21567222 3.15150359 0.64255873
v -0.34470768 3.33330614 0.75917843
v -0.40235239 3.48495607 0.89309149
v -0.29770508 3.40868768 0.71794030
v -0.20547354 3.42997188 0.74410209
v -0.26444851 3.55235603 0.85983497
v -0.38106819 3.66808887 0.91526256
v -0.29947876 3.67518360 0.93078230
v 1.26413392 5.60517271 -0.28108687
v 1.25615237 5.60650293 -0.25935924
v 1.25881292 5.53777285 -0.27931319
v 1.23885894 5.53998989 -0.29527634
v 1.25881292 5.53777285 -0.27931319
v 1.24639708 5.60650293 -0.29571975
v 1.25127478 5.66414783 -0.29483290
v 1.26413392 5.60517271 -0.28108687
v 1.26058655 5.66370442 -0.26246320
v 1.21580111 5.42337031 -0.29172897
v 1.23885894 5.53998989 -0.29527634
v 1.23752872 5.41982283 -0.27354870
v 1.18254448 5.30808073 -0.28862501
v 1.20515901 5.29743874 -0.26778425
v 1.25881292 5.53777285 -0.27931319
v 1.22777344 5.42337031 -0.24694345
v 1.24994445 5.54043330 -0.25536846
v 1.24994445 5.54043330 -0.25536846
v 1.19983791 5.42913460 -0.24871714
v -0.13186569 6.43448055 -0.28906845
v -0.03608679 6.44689638 -0.19328955
v -0.03564336 6.48370027 -0.29483290
v 0.06013553 6.43802802 -0.28862501
v -0.03564336 6.48370027 -0.29483290
v 0.07122106 6.02509220 -0.23630135
v -0.14295121 6.02686604 -0.23763163
v -0.03608679 6.44689638 -0.19328955
v -0.24360773 3.10982203 0.17386291
v -0.23873011 2.97812606 0.13927609
v -0.19128408 2.94309580 0.18406159
v -0.19438802 3.09696284 0.21731816
v -0.28617613 3.12356809 0.13661556
v -0.28351561 3.00295762 0.09892479
v -0.31898928 3.13465360 0.10823663
v -0.28351561 3.00295762 0.09892479
v -0.31854587 3.02158130 0.06744191
v -0.21478538 2.97324841 0.01245773
v -0.16778277 2.94486948 0.05325245
v -0.28351561 3.00295762 0.09892479
v -0.25114589 2.99364577 -0.01902515
v -0.31854587 3.02158130 0.06744191
v -0.14605515 3.06503654 -0.03410146
v -0.18285908 3.07966941 -0.06336723
v -0.21478538 2.97324841 0.01245773
v -0.09816570 3.04596943 0.00491958
v -0.16778277 2.94486948 0.05325245
v -0.30790377 3.02335498 -0.06735802
v -0.37308662 3.04862995 0.01999589
v -0.36909584 3.15283386 0.06522481
v -0.31898928 3.13465360 0.10823663
v -0.37308662 3.04862995 0.01999589
v -0.29947876 3.27876538 0.82746521
v -0.34470768 3.33330614 0.75917843
v -0.27464719 3.22245093 0.58979164
v -0.21567222 3.15150359 0.64255873
v -0.29770508 3.40868768 0.71794030
v -0.21567222 3.15150359 0.64255873
v -0.24715510 3.20294042 0.52239167
v -0.18640645 3.12755886 0.57205481
v 0.46719584 3.32222062 -0.43894469
v 0.50533006 3.33330614 -0.43938810
v 0.50311297 3.33463640 -0.41411312
v 0.46364848 3.32310746 -0.41012235
v 0.51641557 3.37144033 -0.44958679
v 0.51552876 3.37587454 -0.43184996
v 0.50178270 3.33374956 -0.38174339
v 0.51641557 3.38429954 -0.40790520
v 0.51552876 3.37587454 -0.43184996
v 0.48936691 3.41578242 -0.42120786
v 0.48848004 3.40381005 -0.44293546
v 0.44945901 3.39582848 -0.43761441
v 0.44857220 3.40824426 -0.41056576
v 0.48892351 3.39893242 -0.45889861
v 0.51863266 3.36789297 -0.47486176
v 0.48892351 3.39893242 -0.45889861
v 0.49158400 3.39449822 -0.48062622
v 0.53060504 3.37454428 -0.53294990
v 0.50444319 3.39893242 -0.53516700
v 0.47163008 3.38917717 -0.54625250
v 0.45522352 3.38385612 -0.48727755
v 0.45522352 3.38385612 -0.48727755
v 0.45123269 3.38962059 -0.45756834
v 0.49158400 3.39449822 -0.48062622
v 0.47296036 3.31956010 -0.48239990
v 0.46719584 3.32222062 -0.43894469
v 0.50932084 3.33020220 -0.47574863
v 0.50932084 3.33020220 -0.47574863
v 0.53060504 3.37454428 -0.53294990
v 0.52395371 3.34084430 -0.54226173
v 0.54080373 3.39316795 -0.57463144
v 0.51597216 3.41267847 -0.57197094
v 0.52395371 3.34084430 -0.54226173
v 0.53060504 3.37454428 -0.53294990
v 0.49158400 3.33108904 -0.55334724
v 0.52395371 3.34084430 -0.54226173
v 0.47296036 3.31956010 -0.48239990
v 0.46542216 3.35547718 -0.55512092
v 0.48626295 3.37942191 -0.60434065
v 0.47163008 3.38917717 -0.54625250
v 0.44591164 3.34616535 -0.48816441
v 0.45522352 3.38385612 -0.48727755
v 0.44059059 3.35237324 -0.44692624
v 0.45123269 3.38962059 -0.45756834
v 0.44591164 3.34616535 -0.48816441
v 0.43793010 3.35858113 -0.41854730
v 0.44059059 3.35237324 -0.44692624
v 0.46364848 3.32310746 -0.41012235
v 0.43571301 3.36744955 -0.38129998
v 0.45921430 3.31689957 -0.37553550
v 0.46364848 3.32310746 -0.41012235
v 0.50178270 3.33374956 -0.38174339
v 0.44945901 3.39582848 -0.43761441
v 0.43571301 3.36744955 -0.38129998
v 0.44857220 3.40824426 -0.41056576
v 0.45123269 3.38962059 -0.45756834
v 0.43793010 3.35858113 -0.41854730
v 0.44059059 3.35237324 -0.44692624
v 0.53149191 5.73066087 -0.41233944
v 0.61795893 5.69119633 -0.37952630
v 0.59889187 5.65971354 -0.39282892
v 0.51464189 5.72622658 -0.37863946
v 0.44724192 5.89516996 -0.43761441
v 0.43083536 5.89295293 -0.40746180
v 0.45877089 5.90536876 -0.39149865
v 0.42108008 6.03706463 -0.40435784
v 0.54036032 5.74928463 -0.36311971
v 0.54036032 5.74928463 -0.36311971
v 0.58514581 5.65217540 -0.35691182
v 0.60554314 5.68410159 -0.34360920
v 0.58514581 5.65217540 -0.35691182
v 0.53149191 5.73066087 -0.41233944
v 0.63702604 5.60118205 -0.34183551
v 0.58514581 5.65217540 -0.35691182
v 0.64811154 5.61049382 -0.37952630
v 0.71152074 5.53245175 -0.32232500
v 0.71994575 5.54619781 -0.36267631
v 0.65343259 5.64153319 -0.33030657
v 0.72304971 5.58832280 -0.31301317
v 0.63702604 5.60118205 -0.34183551
v 0.64811154 5.61049382 -0.37952630
v 0.72437993 5.60029523 -0.35425130
v 0.66185760 5.64995836 -0.36799736
v 0.60554314 5.68410159 -0.34360920
v 0.65343259 5.64153319 -0.33030657
v 0.61795893 5.69119633 -0.37952630
v 0.59889187 5.65971354 -0.39282892
v 0.64811154 5.61049382 -0.37952630
v 0.72437993 5.60029523 -0.35425130
v 0.65343259 5.64153319 -0.33030657
v 0.72304971 5.58832280 -0.31301317
v 0.42152354 3.66409810 -0.57108407
v 0.42906168 3.66498494 -0.55911175
v 0.43127877 3.65922045 -0.55955515
v 0.42285376 3.65922045 -0.57285775
v 0.42285376 3.65922045 -0.57285775
v 0.43305245 3.65168231 -0.55955515
v 0.42374063 3.65212572 -0.57463144
v 0.43438273 3.63970994 -0.55911175
v 0.42462744 3.65212572 -0.54403541
v 0.42507091 3.64059678 -0.54226173
v 0.42374063 3.65212572 -0.57463144
v 0.42418404 3.63926653 -0.57596171
v 0.43305245 3.65168231 -0.55955515
v 0.40467352 3.64059678 -0.57507490
v 0.42418404 3.63926653 -0.57596171
v 0.42063667 3.66853230 -0.54802619
v 0.42241035 3.66365466 -0.54669596
v 0.42684459 3.66941915 -0.55911175
v 0.43615641 3.62685075 -0.55822488
v 0.42507091 3.64059678 -0.54226173
v 0.42418404 3.63926653 -0.57596171
v 0.42418404 3.62552047 -0.57729199
v 0.42595772 3.63039811 -0.53871436
v 0.43659982 3.60867048 -0.55556438
v 0.42551431 3.61443495 -0.53472359
v 0.43615641 3.62685075 -0.55822488
v 0.42418404 3.62552047 -0.57729199
v 0.43659982 3.60867048 -0.55556438
v 0.42329722 3.60600995 -0.57640512
v 0.40201300 3.62773759 -0.57684858
v 0.39536170 3.58782970 -0.57241435
v 0.42196695 3.58472575 -0.57330121
v 0.43659982 3.56698892 -0.54359200
v 0.42063667 3.55900734 -0.56664989
v 0.43659982 3.58960338 -0.55113015
v 0.39137090 3.56211129 -0.56576302
v 0.42063667 3.55900734 -0.56664989
v 0.42329722 3.60600995 -0.57640512
v 0.43659982 3.58960338 -0.55113015
v 0.43659982 3.60867048 -0.55556438
v 0.43659982 3.56698892 -0.54359200
v 0.42462744 3.59758496 -0.52851567
v 0.42374063 3.57807444 -0.51964725
v 0.43659982 3.58960338 -0.55113015
v 0.42551431 3.61443495 -0.53472359
v 0.43659982 3.60867048 -0.55556438
v 0.43615641 3.53107183 -0.52585517
v 0.42374063 3.57807444 -0.51964725
v 0.42241035 3.54570472 -0.50102360
v 0.42063667 3.55900734 -0.56664989
v 0.41797617 3.51998631 -0.54935646
v 0.43748669 3.49870211 -0.50590125
v 0.42241035 3.54570472 -0.50102360
v 0.42241035 3.51909947 -0.48106968
v 0.41708930 3.48140870 -0.52940254
v 0.43793010 3.45524687 -0.46954071
v 0.41620249 3.43307583 -0.49215519
v 0.41575903 3.38917717 -0.44736970
v 0.37230381 3.34838245 -0.38706444
v 0.41575903 3.34439166 -0.38839471
v 0.41620249 3.43307583 -0.49215519
v 0.37806827 3.43617977 -0.49038150
v 0.41620249 3.43307583 -0.49215519
v 0.38649328 3.52309026 -0.54846965
v 0.55233264 3.51732579 -0.66198538
v 0.54302082 3.51821263 -0.67041034
v 0.53947345 3.51289158 -0.66774984
v 0.55233264 3.51732579 -0.66198538
v 0.54834187 3.52309026 -0.67395770
v 0.55499320 3.52131657 -0.66597615
v 0.54834187 3.52309026 -0.67395770
v 0.55898397 3.52042973 -0.67706166
v 0.56253134 3.51466526 -0.66730643
v 0.55898397 3.52042973 -0.67706166
v 0.56341821 3.51200474 -0.66508929
v 0.56386161 3.50978763 -0.67661825
v 0.55233264 3.51732579 -0.66198538
v 0.55499320 3.52131657 -0.66597615
v 0.56341821 3.51200474 -0.66508929
v 0.55055896 3.51244816 -0.65888142
v 0.56341821 3.50801395 -0.66287219
v -0.83513112 4.54617297 -0.03277119
v -0.83557453 4.55903221 -0.03055409
v -0.82360221 4.55947562 -0.02478962
v -0.83557453 4.55903221 -0.03055409
v -0.82626271 4.57011772 -0.02257251
v -0.83646140 4.56967431 -0.02745014
v -0.83646140 4.56967431 -0.02745014
v -0.83601799 4.57410849 -0.01636462
v -0.84666009 4.55770188 -0.02301593
v -0.84754691 4.54572956 -0.02434620
v -0.84666009 4.54572956 -0.00926989
v -0.84666009 4.55770188 -0.02301593
v -0.84577322 4.55725847 -0.00971331
v -0.83468772 4.56790057 -0.00572252
v -0.84488641 4.56745717 -0.01060015
v -0.83380085 4.55814529 -0.00394884
v -0.82271534 4.55903221 -0.01148699
v -0.82581930 4.56923091 -0.01148699
v -0.83380085 4.55814529 -0.00394884
v -0.84666009 4.54572956 -0.00926989
v -0.83291403 4.54617297 -0.00217516
v -0.84577322 4.55725847 -0.00971331
v -0.83291403 4.54617297 -0.00217516
v -0.84754691 4.53109669 -0.00793963
v -0.83202716 4.53198350 -0.00040147
v -0.84666009 4.54572956 -0.00926989
v -0.84488641 4.56745717 -0.01060015
v -0.84532982 4.56834398 -0.02168567
v -0.84666009 4.55770188 -0.02301593
v -0.83557453 4.55903221 -0.03055409
v -0.84532982 4.56834398 -0.02168567
v -0.83601799 4.57410849 -0.01636462
v 0.39802222 6.34091879 -0.44160519
v 0.39491826 6.36131618 -0.44470915
v 0.38782353 6.36308980 -0.43318023
v 0.38959721 6.34224901 -0.42830259
v 0.38338932 6.35909914 -0.45180388
v 0.38427616 6.33914516 -0.45003020
v 0.37585118 6.34047538 -0.43628414
v 0.38383276 6.37461883 -0.45313416
v 0.38338932 6.35909914 -0.45180388
v 0.39181433 6.37683586 -0.44692624
v 0.64500764 5.12350692 -0.24117900
v 0.61840239 5.11685559 -0.35558157
v 0.46098798 4.65791507 -0.28064344
v 0.64500764 5.12350692 -0.24117900
v 0.68181153 5.53378197 -0.38041314
v 0.70398260 5.53555560 -0.28197371
v 0.77803389 5.53112153 -0.35026052
v 0.64500764 5.12350692 -0.24117900
v 0.72925757 5.09911876 -0.31966447
v 0.72925757 5.09911876 -0.31966447
v 0.49823533 4.68097290 -0.15116456
v 0.57672080 4.60381765 -0.23231058
v 0.37939855 4.54705978 -0.07977380
v 0.33638671 4.52089799 -0.20880926
v 0.28805386 4.45128088 -0.02434620
v 0.37939855 4.54705978 -0.07977380
v 0.23839072 4.42334536 -0.15382508
v 0.20424731 4.36791782 0.02709062
v 0.14748944 4.33865207 -0.10416195
v 0.09472236 4.27867934 0.09138664
v 0.08807105 4.10042419 0.04660114
v 0.20424731 4.36791782 0.02709062
v 0.02909608 4.24808332 -0.04119619
v 0.33638671 4.52089799 -0.20880926
v 0.46098798 4.65791507 -0.28064344
v -0.35047217 4.17447549 1.11579957
v -0.37175637 4.17048466 1.13974432
v -0.36599188 4.15274782 1.14462202
v -0.34204716 4.15939915 1.11712990
v -0.35801031 4.12747285 1.14772587
v -0.40102214 4.14432287 1.13708377
v -0.33140506 4.13634127 1.11624309
v -0.36599188 4.15274782 1.14462202
v -0.39836162 4.11949130 1.13930092
v -0.39614450 4.08800841 1.13885751
v -0.39836162 4.11949130 1.13930092
v -0.41255109 4.09332946 1.09495889
v -0.41210765 4.12037812 1.09939307
v -0.38550240 4.12968994 1.06835358
v -0.33716954 4.10884920 1.06835358
v -0.38328531 4.10352815 1.05992863
v -0.34515112 4.13767154 1.07677854
v -0.33140506 4.13634127 1.11624309
v -0.32031955 4.10352815 1.11225220
v -0.34204716 4.15939915 1.11712990
v -0.35313269 4.15718206 1.08165624
v -0.35047217 4.17447549 1.11579957
v -0.35978399 4.17048466 1.08520360
v -0.35978399 4.17048466 1.08520360
v -0.35712347 4.18556099 1.11402594
v -0.36510504 4.18157022 1.08742064
v -0.35712347 4.18556099 1.11402594
v -0.38683268 4.19309913 1.10693121
v -0.32031955 4.10352815 1.11225220
v -0.31056429 4.05918607 1.10427066
v -0.32475376 4.02371240 1.04174839
v -0.32963138 4.06849789 1.05593785
v -0.38328531 4.10352815 1.05992863
v -0.33716954 4.10884920 1.06835358
v -0.38151163 4.06716762 1.04751279
v -0.85996269 5.70494238 0.38670493
v -0.82049825 5.71070690 0.39557334
v -0.81162983 5.66281739 0.39424307
v -0.85996269 5.65971354 0.38404440
v -0.87415216 5.60295567 0.43725490
v -0.86217978 5.60206886 0.37961019
v -0.87016138 5.66060036 0.43282069
v -0.86927451 5.70715964 0.42661280
v -0.85996269 5.65971354 0.38404440
v -0.80453510 5.60206886 0.39202598
v -0.86217978 5.60206886 0.37961019
v -0.86129297 5.73731220 0.38714833
v -0.82049825 5.71070690 0.39557334
v -0.82981007 5.74529375 0.39557334
v -0.83912190 5.74884122 0.42749964
v -0.85198114 5.75504893 0.40577201
v -0.82936667 5.71292393 0.43548122
v -0.81162983 5.66281739 0.39424307
v -0.82182853 5.66370442 0.44301936
v -0.80453510 5.60206886 0.39202598
v -0.81162983 5.66281739 0.39424307
v -0.81650748 5.60251227 0.44922725
v -0.80276142 5.49564786 0.39025229
v -0.80453510 5.60206886 0.39202598
v -0.81650748 5.49697808 0.45499173
v -0.80231801 5.35597023 0.38803518
v -0.80276142 5.49564786 0.39025229
v -0.81783770 5.35818727 0.46341672
v -0.80231801 5.35597023 0.38803518
v -0.81783770 5.18691611 0.47361541
v -0.76817456 4.91110833 0.38315756
v -0.78768508 4.90800437 0.47849303
v -0.67549962 4.59894006 0.35743915
v -0.69323646 4.57987301 0.46430356
v -0.48438526 4.27291488 0.28915233
v -0.48660235 4.22591230 0.40355492
v -0.77659957 4.56213617 0.33393783
v -0.67549962 4.59894006 0.35743915
v -0.43339185 4.04100578 0.30999311
v -0.43959974 4.09776364 0.19736422
v -0.57839045 4.15008733 0.37029834
v -0.36111427 4.13545445 0.35078783
v -0.32253664 3.96207689 0.26609445
v -0.26134457 4.07160185 0.31087995
v -0.22054985 3.89201638 0.22662999
v -0.16822619 4.01661767 0.27407602
v -0.16822619 4.01661767 0.27407602
v -0.09506176 3.80776644 0.18095765
v -0.04229468 3.95764266 0.22618657
v -0.37175637 4.19088204 0.23948920
v -0.48438526 4.27291488 0.28915233
v -0.36111427 4.13545445 0.35078783
v -0.28395904 4.13323731 0.20046816
v -0.26134457 4.07160185 0.31087995
v -0.37175637 4.19088204 0.23948920
v -0.43959974 4.09776364 0.19736422
v -0.33273534 4.02681631 0.15124845
v -0.37175637 4.19088204 0.23948920
v -0.20281302 4.08401764 0.16455108
v -0.26134457 4.07160185 0.31087995
v -0.16822619 4.01661767 0.27407602
v -0.81473379 3.89334665 -0.83270239
v -0.82537589 3.89157297 -0.84478556
v -0.82537589 3.87738350 -0.84389875
v -0.81296011 3.86452431 -0.82738134
v -0.82670611 3.86275063 -0.84290108
v -0.79611009 3.88093087 -0.83403266
v -0.79300613 3.86629799 -0.83181552
v -0.81162983 3.84235327 -0.82516425
v -0.82670611 3.84057959 -0.84201421
v -0.79300613 3.86629799 -0.83181552
v -0.81296011 3.86452431 -0.82738134
v -0.78945876 3.84412693 -0.83004183
v -0.78236403 3.84457039 -0.85143689
v -0.79300613 3.86629799 -0.83181552
v -0.78635486 3.86674140 -0.85143689
v -0.79300613 3.86629799 -0.83181552
v -0.81029956 3.81840854 -0.82250369
v -0.82670611 3.84057959 -0.84201421
v -0.82670611 3.81619143 -0.84112740
v -0.78945876 3.84412693 -0.83004183
v -0.81029956 3.81840854 -0.82250369
v -0.78591140 3.82018223 -0.82782474
v -0.77792985 3.82018223 -0.85143689
v -0.78236403 3.84457039 -0.85143689
v -0.78591140 3.82018223 -0.82782474
v -0.79433641 3.81796511 -0.87006053
v -0.78236403 3.84457039 -0.85143689
v -0.78635486 3.86674140 -0.85143689
v -0.79433641 3.81796511 -0.87006053
v -0.77216539 3.77894408 -0.84877633
v -0.78990223 3.77584015 -0.86873031
v -0.76462720 3.73992304 -0.84434215
v -0.78059035 3.78027435 -0.82294710
v -0.77482589 3.74480069 -0.81585237
v -0.78591140 3.82018223 -0.82782474
v -0.80719560 3.77850067 -0.81762605
v -0.82670611 3.81619143 -0.84112740
v -0.82493243 3.77495330 -0.83758003
v -0.80453510 3.74214016 -0.80964450
v -0.82493243 3.77495330 -0.83758003
v -0.82404562 3.73504543 -0.83181552
v -0.76595747 3.69203359 -0.80033268
v -0.82404562 3.73504543 -0.83181552
v -0.81872457 3.67695729 -0.81673924
v -0.80453510 3.74214016 -0.80964450
v -0.78059035 3.78027435 -0.82294710
v 0.59091027 3.76386777 -0.51255252
v 0.60864710 3.76874541 -0.51255252
v 0.61130766 3.75677304 -0.51476966
v 0.59091027 3.75588619 -0.51432620
v 0.58603263 3.76165068 -0.49525915
v 0.59046686 3.76830198 -0.51122230
v 0.58603263 3.76564145 -0.49614596
v 0.58558922 3.75544279 -0.49437228
v 0.59091027 3.76386777 -0.51255252
v 0.59091027 3.75588619 -0.51432620
v 0.61175106 3.74036648 -0.51609989
v 0.58913659 3.74391385 -0.51565648
v 0.61130766 3.75677304 -0.51476966
v 0.61175106 3.74036648 -0.51609989
v 0.61840239 3.75677304 -0.49570255
v 0.61973261 3.74080989 -0.49481569
v 0.61130766 3.75677304 -0.51476966
v 0.61441156 3.76918882 -0.49570255
v 0.60864710 3.76874541 -0.51255252
v 0.60687342 3.71420464 -0.51432620
v 0.61574184 3.71553491 -0.49082491
v 0.61175106 3.74036648 -0.51609989
v 0.58913659 3.74391385 -0.51565648
v 0.58248526 3.72085596 -0.51388280
v 0.58337213 3.74613094 -0.49348546
v 0.57228662 3.69735464 -0.51033543
v 0.60687342 3.71420464 -0.51432620
v 0.61574184 3.71553491 -0.49082491
v 0.61086419 3.69114675 -0.48373018
v 0.73280494 3.15904175 -0.34671316
v 0.74921149 3.17456148 -0.33341053
v -0.92736266 4.65037682 0.39379966
v -1.00507211 4.64549923 0.37517599
v -1.00374189 4.61490316 0.34679705
v -0.91450347 4.61712030 0.36630757
v -1.00507211 4.64549923 0.37517599
v -1.16115625 4.68673741 0.32329573
v -1.14918392 4.71023865 0.35167467
v -0.87415216 4.65614133 0.40843253
v -0.92736266 4.65037682 0.39379966
v -0.80497851 4.66855717 0.43016017
v -0.77926013 4.61756371 0.39867728
v -0.87415216 4.65614133 0.40843253
v 0.39491826 6.36131618 -0.44470915
v 0.39181433 6.37683586 -0.44692624
v 0.38516300 6.37860949 -0.43894469
v 0.38782353 6.36308980 -0.43318023
v 0.38516300 6.37860949 -0.43894469
v 0.38427616 6.38038334 -0.44736970
v -0.63736546 3.46322845 -0.47840913
v -0.62761017 3.50801395 -0.49570255
v -0.61652467 3.52397710 -0.45357756
v -0.62361940 3.47342712 -0.43318023
v -0.60455229 3.54659156 -0.40036706
v -0.65155493 3.55501656 -0.46732362
v -0.64312992 3.57940470 -0.42209467
v -0.65155493 3.55501656 -0.46732362
v -0.68880228 3.56743234 -0.41366971
v -0.69589701 3.54437446 -0.45756834
v -0.65997988 3.53994025 -0.50279729
v -0.62761017 3.50801395 -0.49570255
v -0.67416935 3.52176000 -0.55423410
v -0.64446019 3.48761659 -0.55778147
v -0.69545355 3.46322845 -0.65888142
v -0.65731938 3.44549161 -0.54758278
v -0.67904699 3.50180606 -0.65444719
v -0.67416935 3.52176000 -0.55423410
v -0.70343515 3.53062841 -0.49126832
v -0.71629434 3.51377842 -0.54048805
v -0.65997988 3.53994025 -0.50279729
v -0.65155493 3.55501656 -0.46732362
v -0.69589701 3.54437446 -0.45756834
v -0.71407725 3.48983370 -0.47264467
v -0.70565224 3.50357974 -0.43406705
v -0.60455229 3.54659156 -0.40036706
v -0.60588257 3.47786133 -0.38041314
v -0.65244174 3.46987976 -0.36932760
v -0.60588257 3.47786133 -0.38041314
v -0.66840489 3.46455871 -0.42253813
v -0.68702859 3.85343880 -0.30414476
v -0.67239567 3.81308749 -0.28330396
v -0.65864966 3.77140594 -0.33474078
v -0.67816018 3.82639012 -0.34937368
v -0.87503903 4.07160185 -0.42165126
v -0.92337188 4.08579132 -0.44603942
v -0.93357058 4.05076106 -0.45934202
v -0.87237847 4.03125054 -0.42874600
v -0.85774560 4.02326894 -0.46466307
v -0.87237847 4.03125054 -0.42874600
v -0.91760743 4.04632683 -0.49437228
v -1.02458268 4.12702944 -0.51166570
v -0.91760743 4.04632683 -0.49437228
v -0.92337188 4.08579132 -0.44603942
v -1.00728926 4.15319129 -0.49481569
v -1.00994981 4.12303867 -0.54403541
v -0.98378791 4.14698337 -0.54713937
v -1.07202867 4.21926098 -0.57906567
v -1.08488792 4.22192147 -0.54935646
v -1.02458268 4.12702944 -0.51166570
v -1.00728926 4.15319129 -0.49481569
v -1.02458268 4.12702944 -0.51166570
v -1.06404712 4.23965831 -0.53073281
v -0.81961138 4.00774925 -0.44648283
v -0.84754691 4.06228998 -0.47929600
v -0.81384692 4.05386502 -0.46377626
v -0.83025348 4.08401764 -0.43938810
v -0.87503903 4.07160185 -0.42165126
v -0.84222586 4.06539393 -0.40524471
v -0.81384692 4.05386502 -0.46377626
v -0.79123245 4.08313077 -0.42209467
v -0.77127852 4.04765710 -0.44515255
v -0.84222586 4.06539393 -0.40524471
v -0.80054433 4.06362025 -0.38484735
v -0.83025348 4.08401764 -0.43938810
v -0.83202716 4.02060844 -0.40834866
v -0.77970353 3.98247423 -0.42741572
v -0.78502458 4.00641898 -0.38529075
v -0.80054433 4.06362025 -0.38484735
v -0.83202716 4.02060844 -0.40834866
v -0.84222586 4.06539393 -0.40524471
v -0.84222586 4.06539393 -0.40524471
v -0.87237847 4.03125054 -0.42874600
v -0.87503903 4.07160185 -0.42165126
v -0.87237847 4.03125054 -0.42874600
v -0.81961138 4.00774925 -0.44648283
v -0.85774560 4.02326894 -0.46466307
v 0.69688786 4.36215331 0.84653232
v 0.67161289 4.36259672 0.86559942
v 0.67205630 4.35151121 0.87003361
v 0.70132204 4.35284154 0.84786259
v 0.69422731 4.33554811 0.80884156
v 0.70841678 4.33909548 0.84919287
v 0.68934972 4.35018099 0.81283233
v 0.67161289 4.36259672 0.86559942
v 0.67161289 4.37855992 0.83943758
v 0.68668917 4.36570068 0.81682311
v 0.67161289 4.37855992 0.83943758
v 0.68934972 4.35018099 0.81283233
v 0.70132204 4.35284154 0.84786259
v 0.68668917 4.36570068 0.81682311
v -0.16822619 3.86230722 -0.00394884
v -0.11900648 3.72972438 -0.05183829
v -0.06402230 3.66365466 0.06566823
v -0.11678938 3.82195591 0.10291558
v -0.40102214 4.14432287 1.13708377
v -0.41210765 4.14166232 1.10161011
v -0.41210765 4.12037812 1.09939307
v -0.39836162 4.11949130 1.13930092
v -0.40235239 4.16250311 1.13309300
v -0.41210765 4.14166232 1.10161011
v -0.41166424 4.15851234 1.10249703
v -0.41077740 4.17358862 1.10249703
v -0.39215373 4.17580571 1.08165624
v -0.39038004 4.16250311 1.07855228
v -0.41077740 4.17358862 1.10249703
v -0.38683268 4.19309913 1.10693121
v -0.39038004 4.16250311 1.07855228
v -0.36510504 4.18157022 1.08742064
v -0.39215373 4.17580571 1.08165624
v -0.38683268 4.19309913 1.10693121
v -0.40279583 4.17757939 1.12910222
v -0.38683268 4.19309913 1.10693121
v -0.37175637 4.17048466 1.13974432
v -0.37619058 4.18334390 1.13486674
v -0.40235239 4.16250311 1.13309300
v -0.37175637 4.17048466 1.13974432
v -0.35712347 4.18556099 1.11402594
v -0.35047217 4.17447549 1.11579957
v -0.37619058 4.18334390 1.13486674
v -0.38683268 4.19309913 1.10693121
v -0.38683268 4.19309913 1.10693121
v 0.20690783 4.53819142 0.98720756
v 0.20690783 4.57499531 0.97922601
v 0.20291706 4.56213617 0.88777044
v 0.55632347 3.65434284 -0.42785918
v 0.56031425 3.65345600 -0.42918940
v 0.52971822 3.64680467 -0.44825651
v 0.55100242 3.67163624 -0.39859338
v 0.54745506 3.67119283 -0.40081047
v 0.51907612 3.68139149 -0.38972496
v 0.58603263 3.76564145 -0.49614596
v 0.58603263 3.76830198 -0.49703283
v 0.59046686 3.77096250 -0.51033543
v 0.59046686 3.76830198 -0.51122230
v 0.62638394 5.02861483 -0.26246320
v 0.73413521 5.02639769 -0.24871714
v 0.74522072 5.07162664 -0.25226450
v 0.64811154 5.08448588 -0.26822765
v 0.81262069 5.02861483 -0.24073556
v 0.92935123 5.02063328 -0.26645397
v 0.92314331 5.03526616 -0.23053690
v 0.81794174 5.01353855 -0.27709607
v 0.73945626 5.01132141 -0.28640792
v 0.81262069 5.02861483 -0.24073556
v 0.75275886 5.04635167 -0.31301317
v 0.82370619 5.04546485 -0.30325791
v 0.73945626 5.01132141 -0.28640792
v 0.62638394 5.02861483 -0.26246320
v 0.63170499 5.01220822 -0.30104080
v 0.65387606 5.05743717 -0.33119341
v 0.63170499 5.01220822 -0.30104080
v 0.75275886 5.04635167 -0.31301317
v 0.81483778 5.06940960 -0.24383952
v 0.75674969 5.08049511 -0.29039870
v 0.82193251 5.07827797 -0.28197371
v 0.91338803 5.08182533 -0.27221846
v 1.08410514 5.15587662 -0.28596449
v 0.92314331 5.04945563 -0.29217238
v 1.15815632 5.32138338 -0.27177502
v 1.08410514 5.15587662 -0.28596449
v 0.61574184 3.66675862 0.99873647
v 0.59800500 3.64104021 1.01469968
v 0.57184316 3.62374679 0.94763227
v 0.59490104 3.65301256 0.93876385
v 0.63791291 3.69513755 1.04972994
v 0.62461025 3.67385335 1.07057073
v 0.59445764 3.67961781 1.08209964
v 0.62461025 3.67385335 1.07057073
v 0.61618524 3.71331779 1.11269572
v 0.64234709 3.70799674 1.10161011
v 0.65121550 3.72262965 1.07855228
v 0.63791291 3.69513755 1.04972994
v 0.66540497 3.75499935 1.10427066
v 0.65831024 3.74347041 1.12688519
v 0.64234709 3.70799674 1.10161011
v 0.65831024 3.74347041 1.12688519
v 0.67205630 3.77672699 1.11712990
v 0.66540497 3.75499935 1.10427066
v 0.66629184 3.76785857 1.13841410
v 0.67649048 3.79845459 1.12732859
v 0.67205630 3.77672699 1.11712990
v 0.67161289 3.79091645 1.14728246
v 0.67693394 3.81353090 1.13397992
v 0.67294311 3.80776644 1.15171675
v 0.67649048 3.79845459 1.12732859
v 0.65831024 3.74347041 1.12688519
v 0.64412077 3.77140594 1.14772587
v 0.61751552 3.76386777 1.12422464
v 0.63436554 3.74790462 1.13708377
v 0.62771421 3.78382172 1.13486674
v 0.65121550 3.79357698 1.15526412
v 0.66629184 3.76785857 1.13841410
v 0.65121550 3.79357698 1.15526412
v 0.67161289 3.79091645 1.14728246
v -0.82182853 5.66370442 0.44301936
v -0.87016138 5.66060036 0.43282069
v -0.87415216 5.60295567 0.43725490
v -0.82936667 5.71292393 0.43548122
v -0.86927451 5.70715964 0.42661280
v -0.81650748 5.60251227 0.44922725
v -0.88124689 5.49919512 0.44124568
v -0.81650748 5.49697808 0.45499173
v -0.81783770 5.35818727 0.46341672
v -0.90430477 5.18514237 0.45587858
v -0.88124689 5.49919512 0.44124568
v -0.81783770 5.18691611 0.47361541
v -0.88257717 4.89647545 0.45853910
v -0.78768508 4.90800437 0.47849303
v -0.78768508 4.90800437 0.47849303
v -0.69323646 4.57987301 0.46430356
v -0.48660235 4.22591230 0.40355492
v -0.43339185 4.04100578 0.30999311
v -0.57839045 4.15008733 0.37029834
v -0.74068250 3.85255194 1.29139428
v -0.74023909 3.86097694 1.29050746
v -0.74733383 3.86186376 1.28163899
v -0.74910751 3.85343880 1.28030877
v -0.74023909 3.86097694 1.29050746
v -0.73669173 3.86851509 1.28119558
v -0.72915353 3.86230722 1.28917713
v -0.73669173 3.86851509 1.28119558
v -0.74289959 3.86363744 1.27099689
v -0.73669173 3.86851509 1.28119558
v -0.74378646 3.85565589 1.26789293
v -0.73181408 3.86496772 1.26966667
v -0.73004040 3.85698617 1.26611930
v -0.72471935 3.86408090 1.27853503
v -0.73669173 3.86851509 1.28119558
v -0.72161539 3.85565589 1.27720481
v -0.72915353 3.86230722 1.28917713
v -0.72693644 3.85343880 1.29006405
v -0.73181408 3.86496772 1.26966667
v -0.73004040 3.85698617 1.26611930
v -0.72471935 3.86408090 1.27853503
v -0.71939830 3.84590061 1.27587459
v -0.72693644 3.85343880 1.29006405
v -0.72560617 3.84368352 1.29006405
v -0.72560617 3.84368352 1.29006405
v -0.72383248 3.83171117 1.29006405
v -0.73004040 3.85698617 1.26611930
v -0.72161539 3.85565589 1.27720481
v -0.72871012 3.84723089 1.26345875
v -0.71673775 3.83392826 1.27410085
v -0.72737985 3.83570194 1.25991138
v -0.74467327 3.83481510 1.26212853
v -0.74422987 3.84590061 1.26523249
v -0.74422987 3.84590061 1.26523249
v -0.72871012 3.84723089 1.26345875
v -0.74378646 3.85565589 1.26789293
v -0.74910751 3.85343880 1.28030877
v -0.74289959 3.86363744 1.27099689
v -0.79433641 4.12924653 -0.08731196
v -0.80276142 4.00996634 -0.12012510
v -0.81828116 4.10530184 -0.03587514
v -0.76196670 3.98912555 -0.07223565
v -0.76728775 3.87028877 -0.17954349
v -0.77659957 3.89911111 -0.20792242
v -0.79699696 3.99045583 -0.08775538
v -0.48615894 3.46854950 1.05904171
v -0.44226027 3.48894685 1.02888914
v -0.46664843 3.49825869 0.99430229
v -0.44226027 3.48894685 1.02888914
v -0.37175637 3.53107183 0.98809437
v -0.38594584 3.46677581 1.00893516
v -0.34160375 3.49072054 0.98321678
v -0.47152604 3.42864162 1.06569303
v -0.42053266 3.45081266 1.03110629
v -0.44226027 3.48894685 1.02888914
v -0.38594584 3.46677581 1.00893516
v -0.48615894 3.46854950 1.05904171
v -0.55932339 3.44549161 1.13486674
v -0.56065362 3.48185212 1.11846012
v -1.08577473 4.41492040 -0.57817880
v -1.10705893 4.44995066 -0.57152753
v -1.10528530 4.41447699 -0.56620648
v 0.17498153 3.46854950 0.38094044
v 0.19803941 3.47475739 0.40399833
v 0.27874200 3.40558374 0.34502337
v 0.25302360 3.39671532 0.31753128
v 0.47562085 3.56610208 -0.38041314
v 0.47074321 3.56122445 -0.44293546
v 0.44857220 3.51643895 -0.43406705
v -0.80586538 4.39807038 -0.39282892
v -0.77704298 4.39540994 -0.39149865
v -0.78901536 4.40959941 -0.41899076
v -0.77704298 4.39540994 -0.39149865
v -0.76152329 4.39230598 -0.41633021
v -0.78901536 4.40959941 -0.41899076
v -0.77482589 4.39186257 -0.44204865
v -0.78901536 4.40959941 -0.41899076
v -0.77438248 4.37501255 -0.44382233
v -0.76152329 4.39230598 -0.41633021
v -0.75841933 4.37767311 -0.41455653
v -0.80409169 4.39452302 -0.44337887
v -0.80763906 4.37767311 -0.44515255
v -0.77482589 4.39186257 -0.44204865
v -0.78901536 4.40959941 -0.41899076
v -0.82493243 4.38299410 -0.41721708
v -0.80763906 4.37767311 -0.44515255
v -0.81961138 4.39762698 -0.41854730
v -0.78901536 4.40959941 -0.41899076
v -0.80763906 4.37767311 -0.44515255
v -0.77305221 4.35594539 -0.44470915
v -0.81074296 4.35727572 -0.44559601
v -0.83025348 4.36348364 -0.41411312
v -0.81074296 4.35727572 -0.44559601
v -0.82493243 4.38299410 -0.41721708
v -0.80941274 4.38565465 -0.38795128
v -0.81251665 4.36924804 -0.38174339
v -0.80586538 4.39807038 -0.39282892
v -0.81961138 4.39762698 -0.41854730
v -0.81961138 4.39762698 -0.41854730
v -0.78901536 4.40959941 -0.41899076
v -0.83468772 4.33687834 -0.40923548
v -0.83025348 4.36348364 -0.41411312
v -0.83646140 4.30140467 -0.40258415
v 0.29470515 5.40962425 0.85362705
v 0.28761042 5.39587819 0.88200598
v 0.30224332 5.36838607 0.87712834
v 0.30933806 5.38080191 0.83943758
v -0.41210765 4.14166232 1.10161011
v -0.41166424 4.15851234 1.10249703
v -0.38816293 4.14831364 1.07411809
v -0.41210765 4.12037812 1.09939307
v -0.38816293 4.14831364 1.07411809
v -0.38550240 4.12968994 1.06835358
v -0.39038004 4.16250311 1.07855228
v -0.35313269 4.15718206 1.08165624
v -0.35978399 4.17048466 1.08520360
v -0.40279583 4.17757939 1.12910222
v -0.40235239 4.16250311 1.13309300
v -0.41077740 4.17358862 1.10249703
v -0.33140506 4.13634127 1.11624309
v -0.35002873 4.09332946 1.14772587
v -0.32031955 4.10352815 1.11225220
v -0.82936667 4.47832959 0.00624984
v -0.84887718 4.47699937 -0.00350542
v -0.84843378 4.43354405 -0.00084489
v -0.82670611 4.43531779 0.00979721
v 0.62948790 3.12622861 -0.31434342
v 0.64057340 3.09696284 -0.28818161
v 0.59401423 3.09563256 -0.27221846
v 0.59046686 3.12578518 -0.30325791
v 0.59046686 3.12578518 -0.30325791
v 0.54612478 3.10494441 -0.26024608
v 0.55011555 3.13509703 -0.29527634
v -0.31987612 3.61886917 1.06214566
v -0.33628270 3.75189542 1.10027988
v -0.40102214 3.61133100 1.04662598
v -0.26888274 3.65079547 1.00450098
v -0.27952484 3.46234160 0.98809437
v -0.22853143 3.51466526 0.93432967
v -0.22853143 3.51466526 0.93432967
v -0.20724723 3.30004958 0.85407046
v -0.16024462 3.37587454 0.81238893
v -0.11767622 3.17677859 0.67448503
v -0.07865519 3.27344433 0.65408770
v -0.40900372 3.86230722 1.10959176
v -0.43915634 3.76918882 1.01913386
v -0.33628270 3.75189542 1.10027988
v -0.28883666 3.77007566 1.04352202
v -0.31987612 3.61886917 1.06214566
v -0.26888274 3.65079547 1.00450098
v -0.29681823 3.86940195 1.06657995
v -0.33628270 3.75189542 1.10027988
v -0.34027348 3.85875985 1.11979045
v -0.30080904 3.94434006 1.08165624
v 0.32086700 5.33734669 0.82524812
v 0.31288542 5.32759130 0.87269416
v 0.32929198 5.26728617 0.81194552
v -0.20946433 3.84013615 -0.23541451
v -0.27198667 3.91906509 -0.35513814
v -0.15448015 3.97271899 -0.37021445
v -0.09417491 3.90088479 -0.25891583
v 0.70398260 5.53555560 -0.28197371
v 0.71551151 5.80116480 -0.29527634
v 0.69688786 5.80160821 -0.37819602
v 0.68181153 5.53378197 -0.38041314
v 0.71551151 5.80116480 -0.29527634
v 0.70575628 5.99272260 -0.37243156
v 0.72216284 5.99050556 -0.30015395
v -0.40501292 4.57898608 -1.05230656
v -0.41033397 4.67166102 -1.07713813
v -0.42629712 4.66855717 -1.09664859
v -0.42230634 4.57233476 -1.07359076
v -0.42762739 4.72620185 -1.10108288
v -0.38505899 4.67299135 -1.08112890
v -0.40102214 4.49828357 -1.01683290
v -0.40102214 4.49828357 -1.01683290
v -0.39038004 4.40206116 -0.92282763
v -0.35623663 4.40161775 -0.92681840
v -0.41964582 4.48187696 -1.03678677
v -0.40989056 4.37634278 -0.93568687
v -0.40102214 4.49828357 -1.01683290
v -0.37929451 4.35417176 -0.80964450
v -0.34204716 4.35372835 -0.81363528
v -0.39038004 4.40206116 -0.92282763
v -0.82360221 3.90797953 -0.84611589
v -0.82005484 3.90753612 -0.85764481
v -0.82049825 3.89999798 -0.85897503
v -0.82493243 3.90044139 -0.84522897
v -0.82493243 3.90044139 -0.84522897
v -0.82049825 3.89157297 -0.85986195
v -0.82537589 3.89157297 -0.84478556
v -0.77039171 3.57452707 -0.71253533
v -0.78413771 3.62330338 -0.75554714
v -0.80497851 3.60467969 -0.77771820
v -0.78990223 3.54348762 -0.72761166
v -0.31366823 4.42777965 1.34017059
v -0.31322482 4.43797834 1.34194422
v -0.31810243 4.43709142 1.35480347
v -0.32031955 4.42644932 1.35480347
v -0.57794704 5.26728617 -0.70588400
v -0.58193782 5.28502290 -0.70411032
v -0.58814573 5.28635312 -0.71918665
v -0.58548518 5.26905980 -0.72317743
v 0.60421292 3.77672699 -0.51077884
v 0.59977869 3.78116120 -0.50944861
v 0.60110896 3.78470856 -0.49570255
v 0.60864710 3.77850067 -0.49525915
v 0.60864710 3.76874541 -0.51255252
v 0.61441156 3.76918882 -0.49570255
v 0.59091027 3.76386777 -0.51255252
v 0.59046686 3.77096250 -0.51033543
v 0.59977869 3.78116120 -0.50944861
v 0.59977869 3.78116120 -0.50944861
v 0.59800500 3.78382172 -0.50457097
v 0.59046686 3.76830198 -0.51122230
v 0.59977869 3.78116120 -0.50944861
v 0.58869318 3.78736909 -0.49969333
v 0.59800500 3.78382172 -0.50457097
v 0.59711819 3.77273619 -0.50678806
v 0.58869318 3.77938751 -0.50678806
v 0.58869318 3.78736909 -0.49969333
v 0.58869318 3.77938751 -0.50678806
v -0.41210765 4.47965982 -0.66686297
v -0.42940108 4.71955053 -0.71652610
v -0.33362218 4.72531504 -0.70810115
v -0.43871290 4.73196626 -0.62119066
v -0.42274975 4.50582171 -0.56576302
v -0.42940108 4.71955053 -0.71652610
v -0.43693922 4.88006884 -0.63715381
v -0.43871290 4.73196626 -0.62119066
v -0.42895764 4.87696488 -0.72184715
v -0.43339185 5.01353855 -0.64513536
v -0.43693922 4.88006884 -0.63715381
v -0.42895764 5.10399635 -0.65089982
v -0.43339185 5.01353855 -0.64513536
v -0.42274975 5.10222272 -0.71563929
v -0.42274975 4.50582171 -0.56576302
v -0.36776557 4.20418464 -0.55822488
v -0.38372872 4.25739514 -0.45535125
v -0.38372872 4.25739514 -0.45535125
v -0.27198667 3.91906509 -0.35513814
v -0.30036560 4.00730579 -0.26379345
v -0.25424983 4.23389385 -0.55645120
v -0.36776557 4.20418464 -0.55822488
v -0.41210765 4.47965982 -0.66686297
v -0.40856028 4.87519125 -1.09576178
v -0.42053266 4.87430444 -1.09354463
v -0.42008923 4.86011497 -1.09177100
v -0.40589976 4.86144519 -1.09398815
v -0.40412608 4.87563466 -1.10729069
v -0.41122081 4.88672017 -1.09842233
v -0.40767344 4.88672017 -1.10773410
v -0.41122081 4.88672017 -1.09842233
v -0.41831554 4.89071094 -1.10596047
v -0.40856028 4.87519125 -1.09576178
v -0.42097607 4.88583335 -1.09620519
v -0.42762739 4.88450302 -1.10374333
v -0.41831554 4.89071094 -1.10596047
v -0.42851424 4.87297411 -1.10329992
v -0.42895764 4.85922805 -1.10241310
v -0.42053266 4.87430444 -1.09354463
v -0.41920238 4.84326495 -1.08955386
v 0.40556036 6.14049263 -0.41056576
v 0.39491826 6.03085671 -0.41943417
v 0.42108008 6.03706463 -0.40435784
v 0.56519189 3.64680467 1.02711541
v 0.55055896 3.67873097 1.02268122
v 0.53636949 3.63039811 0.95960464
v 0.50444319 3.39893242 -0.53516700
v 0.51597216 3.41267847 -0.57197094
v 0.48848004 3.40558374 -0.58660381
v 0.47163008 3.38917717 -0.54625250
v -0.71407725 3.48983370 -0.47264467
v -0.66840489 3.46455871 -0.42253813
v -0.70565224 3.50357974 -0.43406705
v -0.70565224 3.50357974 -0.43406705
v -0.65244174 3.46987976 -0.36932760
v -0.69722723 3.52397710 -0.38440391
v 0.73457862 3.19806279 -0.36311971
v 0.74655100 3.19052463 -0.35912894
v 0.74477731 3.18653385 -0.35868550
v 0.73103125 3.19451542 -0.36311971
v 0.73812599 3.20161015 -0.36223287
v 0.74655100 3.19052463 -0.35912894
v 0.74788127 3.19540226 -0.35868550
v 0.68668917 4.36570068 0.81682311
v 0.65520628 4.36880464 0.81770998
v 0.67161289 4.37855992 0.83943758
v 0.00648161 3.23176277 0.45986935
v -0.02544469 3.10272730 0.46829436
v -0.00416049 3.07523520 0.42483912
v 0.03086976 3.22688514 0.40665885
v -0.38816293 4.14831364 1.07411809
v -0.35313269 4.15718206 1.08165624
v -0.38550240 4.12968994 1.06835358
v -0.36643532 4.31426391 -0.65267350
v -0.37175637 4.30362181 -0.71652610
v -0.33317874 4.30229148 -0.71829979
v -0.32652744 4.31204677 -0.65356037
v -0.38771952 4.35062439 -0.66819324
v -0.35978399 4.32756646 -0.57152753
v -0.38505899 4.37412574 -0.59502882
v -0.31765903 4.32135865 -0.57241435
v -0.39880503 4.32224546 -0.80831423
v -0.39126689 4.33732174 -0.72495111
v -0.38062479 4.28932144 -0.81097478
v -0.42053266 4.87430444 -1.09354463
v -0.42097607 4.88583335 -1.09620519
v -0.42762739 4.88450302 -1.10374333
v -0.42851424 4.87297411 -1.10329992
v -0.41122081 4.88672017 -1.09842233
v -0.41831554 4.89071094 -1.10596047
v -0.39171029 4.82242416 -0.62429457
v -0.42762739 4.80690447 -0.62119066
v -0.40102214 4.74393869 -0.62828540
v -0.36288795 4.76078870 -0.62917221
v -0.38860636 4.84769913 -0.65134328
v -0.41122081 4.87563466 -0.66154192
v -0.36244452 4.81355569 -0.64646564
v -0.39171029 4.82242416 -0.62429457
v -0.36288795 4.76078870 -0.62917221
v -0.41654186 4.86720970 -0.62917221
v -0.45068528 4.85080309 -0.62429457
v -0.44713791 4.82419779 -0.64823932
v -0.41122081 4.87563466 -0.66154192
v -0.40102214 4.74393869 -0.62828540
v -0.42408003 4.78916764 -0.64956960
v -0.44713791 4.82419779 -0.64823932
v -0.40146555 4.83350967 -0.64380509
v -0.42274975 4.84947287 -0.66021170
v -0.36244452 4.81355569 -0.64646564
v -0.42541028 5.17450027 -0.65622087
v -0.42008923 5.17095291 -0.71430901
v -0.42274975 5.10222272 -0.71563929
v -0.42895764 5.10399635 -0.65089982
v -0.42008923 5.21717963 -0.66420247
v -0.42541028 5.17450027 -0.65622087
v -0.41565502 5.21097171 -0.71342220
v -0.36554848 5.20964149 -0.70854455
v -0.36200111 5.17139631 -0.70898796
v -0.75620224 3.82683353 -0.30237107
v -0.72871012 3.86230722 -0.30813553
v -0.72294567 3.84102299 -0.34183551
v -0.74822064 3.79180329 -0.35026052
v -0.86750083 5.49786490 0.37650623
v -0.80276142 5.49564786 0.39025229
v -0.87725612 5.35907430 0.37251546
v -0.87725612 5.35907430 0.37251546
v -0.88612453 5.18381215 0.36941150
v -0.86217978 5.60206886 0.37961019
v -0.86217978 5.60206886 0.37961019
v -0.87415216 5.60295567 0.43725490
v -0.82981007 5.74529375 0.39557334
v -0.86129297 5.73731220 0.38714833
v -0.85198114 5.75504893 0.40577201
v -0.87060479 5.74130287 0.41907463
v -0.85198114 5.75504893 0.40577201
v -0.85996269 5.70494238 0.38670493
v -0.83912190 5.74884122 0.42749964
v -0.87060479 5.74130287 0.41907463
v -0.83912190 5.74884122 0.42749964
v -0.85198114 5.75504893 0.40577201
v 0.38693669 0.78075406 -0.04252645
v 0.37274722 0.96433032 0.14725766
v 0.39890906 0.75725283 0.11621821
v 0.42640113 0.57622617 -0.08908564
v 0.39890906 0.75725283 0.11621821
v 0.42817481 0.55050790 0.08517875
v 0.77803389 5.80027799 -0.35292105
v 0.71551151 5.80116480 -0.29527634
v 0.70398260 5.53555560 -0.28197371
v 0.77803389 5.53112153 -0.35026052
v 0.28761042 5.39587819 0.88200598
v 0.29470515 5.40962425 0.85362705
v 0.27297755 5.40785040 0.86515602
v 0.78202466 6.21055315 -0.32409868
v 0.74876809 6.22163855 -0.33917499
v 0.76251415 6.22518602 -0.31966447
v 0.67161289 3.17234438 -0.31877763
v 0.64988523 3.16657991 -0.30902237
v 0.66407469 3.17544833 -0.27665266
v 0.68491549 3.17943911 -0.32720264
v -0.00549075 4.17004125 0.17208923
v 0.03486055 4.20773201 0.26742471
v 0.10314736 4.10441497 0.13484188
v 0.56829579 3.17677859 -0.28773817
v 0.60022209 3.16746675 -0.29438950
v 0.59046686 3.12578518 -0.30325791
v 0.55011555 3.13509703 -0.29527634
v 0.55144583 3.18786411 -0.28640792
v 0.52927476 3.14573913 -0.29305922
v 0.53769977 3.19850621 -0.28685133
v 0.51375507 3.15505095 -0.29305922
v 0.55144583 3.18786411 -0.28640792
v 0.50399979 3.42864162 -0.62163407
v 0.50399979 3.40824426 -0.64247486
v 0.48626295 3.37942191 -0.60434065
v 0.48848004 3.40558374 -0.58660381
v 0.46542216 3.35547718 -0.55512092
v 0.47163008 3.38917717 -0.54625250
v 0.49158400 3.33108904 -0.55334724
v 0.47296036 3.31956010 -0.48239990
v 0.53858664 3.42287715 -0.66863665
v 0.52794454 3.39228111 -0.64735245
v 0.71152074 4.29020831 0.79243500
v 0.70265232 4.31559414 0.80263364
v 0.73369180 4.27823593 0.84209813
v -0.41210765 4.87430444 -1.11704598
v -0.40412608 4.87563466 -1.10729069
v -0.40102214 4.86188860 -1.10729069
v 0.56474843 3.69203359 0.88289285
v 0.58204185 3.68848623 0.94142440
v 0.57539053 3.65478624 0.87003361
v 0.72792729 3.20737463 -0.35380789
v 0.73147466 3.20826147 -0.35380789
v 0.73812599 3.20161015 -0.36223287
v 0.73457862 3.19806279 -0.36311971
v 0.73502203 3.20826147 -0.34183551
v 0.74522072 3.20693120 -0.35114736
v 0.55721029 3.51156132 -0.68415639
v 0.56386161 3.50978763 -0.67661825
v 0.56474843 3.50757053 -0.67706166
v 0.55543660 3.50845737 -0.68548667
v 0.54922874 3.51821263 -0.68282612
v 0.55898397 3.52042973 -0.67706166
v 0.55721029 3.51156132 -0.68415639
v 0.55898397 3.52042973 -0.67706166
v 0.73812599 3.20161015 -0.36223287
v 0.73147466 3.20826147 -0.35380789
v 0.74522072 3.20693120 -0.35114736
v 0.39713538 3.27965222 -0.31833422
v 0.38826696 3.26901012 -0.26645397
v 0.38383276 3.30847458 -0.34094867
v 0.37097354 3.31734299 -0.29882371
v 0.36033144 3.34749561 -0.32498552
v 0.37097354 3.31734299 -0.29882371
v 0.37673802 3.32665483 -0.35912894
v 0.43216564 3.37232717 -0.33873158
v 0.43704323 3.37055349 -0.35070393
v 0.42773140 3.37942191 -0.29749343
v 0.54834187 3.52309026 -0.67395770
v 0.54922874 3.51821263 -0.68282612
v 0.54435110 3.51377842 -0.68238271
v 0.54302082 3.51821263 -0.67041034
v 0.38383276 3.48273896 -0.44382233
v 0.35767091 3.42199031 -0.42342495
v 0.37274722 3.53727972 -0.52363808
v 0.39092749 3.54880867 -0.50013674
v 0.37851171 3.57319681 -0.54181832
v 0.39137090 3.56211129 -0.56576302
v 0.37851171 3.57319681 -0.54181832
v 0.39491826 3.58117839 -0.51920385
v 0.39314458 3.32842851 -0.33784474
v 0.45655374 3.29472853 -0.38706444
v 0.44059059 3.21136541 -0.35159077
v 0.37319066 3.25304697 -0.30237107
v 0.49468796 3.37011007 -0.23541451
v 0.41221169 3.36611928 -0.26201976
v 0.47961163 3.28364301 -0.18397770
v -0.39126689 4.33732174 -0.72495111
v -0.37175637 4.30362181 -0.71652610
v -0.36643532 4.31426391 -0.65267350
v -0.38771952 4.35062439 -0.66819324
v -0.34337744 4.28843463 -0.81496555
v -0.38062479 4.28932144 -0.81097478
v -1.09952079 4.50582171 -0.60877488
v -1.09819057 4.51158612 -0.59990646
v -1.09641683 4.50271775 -0.59502882
v -1.10971948 4.50537831 -0.61099197
v -1.10572871 4.51335985 -0.60655774
v -1.09952079 4.50582171 -0.60877488
v -1.10572871 4.51335985 -0.60655774
v 0.19936969 2.85751559 0.20091158
v 0.22996571 2.87879979 0.16011687
v 0.20868151 3.01581681 0.15257871
v 0.18340653 3.01581681 0.18494844
v 0.42063667 3.66853230 -0.54802619
v 0.42684459 3.66941915 -0.55911175
v 0.41265510 3.67474020 -0.55911175
v 0.42019326 3.66853230 -0.56975385
v 0.41265510 3.67474020 -0.55911175
v 0.42019326 3.66853230 -0.56975385
v 0.40822089 3.66631519 -0.56931039
v 0.41265510 3.67474020 -0.55911175
v 0.77626020 6.08717117 -0.34449604
v 0.73147466 6.08938842 -0.30370132
v 0.72216284 5.99050556 -0.30015395
v 0.77626020 5.98917512 -0.35026052
v -0.34337744 4.28843463 -0.81496555
v -0.32431033 4.32091524 -0.81629583
v -0.31499850 4.33643493 -0.72761166
v -0.33317874 4.30229148 -0.71829979
v 0.64545105 3.82106907 1.12910222
v 0.66318788 3.82018223 1.12289430
v 0.66097079 3.80820985 1.11491276
v 0.67693394 3.81353090 1.13397992
v 0.67649048 3.79845459 1.12732859
v -0.67904699 3.50180606 -0.65444719
v -0.70210487 3.53328894 -0.63848404
v -0.67416935 3.52176000 -0.55423410
v 0.43127877 3.65922045 -0.55955515
v 0.42906168 3.66498494 -0.55911175
v 0.42241035 3.66365466 -0.54669596
v 0.42374063 3.65877705 -0.54536569
v 0.42019326 3.66853230 -0.56975385
v 0.42684459 3.66941915 -0.55911175
v 0.42906168 3.66498494 -0.55911175
v 0.42152354 3.66409810 -0.57108407
v 0.56474843 3.50757053 -0.67706166
v 0.56386161 3.50978763 -0.67661825
v 0.56341821 3.51200474 -0.66508929
v 0.56253134 3.51466526 -0.66730643
v 0.56386161 3.50978763 -0.67661825
v 0.55898397 3.52042973 -0.67706166
v 0.54922874 3.51821263 -0.68282612
v 0.54834187 3.52309026 -0.67395770
v 0.55898397 3.52042973 -0.67706166
v -0.32031955 4.10352815 1.11225220
v -0.35002873 4.09332946 1.14772587
v -0.34382084 4.04898738 1.14417850
v -0.31056429 4.05918607 1.10427066
v -0.74910751 3.85343880 1.28030877
v -0.74378646 3.85565589 1.26789293
v -0.74422987 3.84590061 1.26523249
v -0.75043773 3.84368352 1.27942195
v -1.11504048 4.51069930 -0.60345383
v -1.11193663 4.49739665 -0.60877488
v -1.11725762 4.50183094 -0.59768932
v 0.54435110 3.51377842 -0.68238271
v 0.54922874 3.51821263 -0.68282612
v 0.55721029 3.51156132 -0.68415639
v 0.59977869 3.78116120 -0.50944861
v 0.59800500 3.78382172 -0.50457097
v 0.60110896 3.78470856 -0.49570255
v 0.59711819 3.77273619 -0.50678806
v 0.59800500 3.78382172 -0.50457097
v 0.59046686 3.77096250 -0.51033543
v 0.58736290 3.76963225 -0.50279729
v 0.58869318 3.77938751 -0.50678806
v 0.59711819 3.77273619 -0.50678806
v 0.59046686 3.77096250 -0.51033543
v 0.58736290 3.76963225 -0.50279729
v 0.58603263 3.76830198 -0.49703283
v 0.58736290 3.76963225 -0.50279729
v 0.59046686 3.77096250 -0.51033543
v 0.58603263 3.76830198 -0.49703283
v 0.59224055 3.77672699 -0.48816441
v 0.58736290 3.76963225 -0.50279729
v 0.58159845 3.77850067 -0.49880651
v 0.59224055 3.77672699 -0.48816441
v 0.58736290 3.76963225 -0.50279729
v 0.58159845 3.77850067 -0.49880651
v 0.58869318 3.77938751 -0.50678806
v 0.58869318 3.77938751 -0.50678806
v -0.72915353 3.86230722 1.28917713
v -0.74023909 3.86097694 1.29050746
v -0.74068250 3.85255194 1.29139428
v -0.72693644 3.85343880 1.29006405
v 0.66629184 5.09379765 -0.30680528
v 0.75674969 5.08049511 -0.29039870
v 0.75275886 5.04635167 -0.31301317
v 0.65387606 5.05743717 -0.33119341
v 0.74522072 5.07162664 -0.25226450
v 0.64811154 5.08448588 -0.26822765
v 0.75674969 5.08049511 -0.29039870
v 0.82370619 5.04546485 -0.30325791
v 0.75275886 5.04635167 -0.31301317
v 0.82193251 5.07827797 -0.28197371
v 0.92314331 5.04945563 -0.29217238
v 0.82370619 5.04546485 -0.30325791
v 0.91338803 5.08182533 -0.27221846
v -1.09641683 4.50271775 -0.59502882
v -1.09819057 4.51158612 -0.59990646
v -1.10794575 4.51424667 -0.59680250
v -1.10794575 4.50537831 -0.58926436
v -0.76595747 4.30362181 -0.44337887
v -0.77039171 4.33288756 -0.44426574
v -0.75043773 4.34086911 -0.40790520
v -0.74289959 4.31293358 -0.40302761
v 0.42551431 3.43529293 -0.30591844
v 0.42507091 3.46056792 -0.40967889
v 0.77847730 6.16089001 -0.33562762
v 0.74167335 6.16310705 -0.30414476
v 0.73147466 6.08938842 -0.30370132
v 0.77626020 6.08717117 -0.34449604
v -0.77615617 4.38299410 -0.38662103
v -0.77704298 4.39540994 -0.39149865
v -0.80586538 4.39807038 -0.39282892
v -0.80941274 4.38565465 -0.38795128
v -0.82005484 3.90753612 -0.85764481
v -0.82360221 3.90797953 -0.84611589
v -0.81296011 3.91551772 -0.84966326
v 0.40156959 6.31387008 -0.43938810
v 0.40556036 6.27396234 -0.43717101
v 0.38693669 6.27263190 -0.44781311
v 0.40467352 3.64059678 -0.57507490
v 0.42418404 3.63926653 -0.57596171
v -0.83646140 4.56967431 -0.02745014
v -0.84532982 4.56834398 -0.02168567
v -0.83601799 4.57410849 -0.01636462
v -0.84488641 4.56745717 -0.01060015
v -0.83468772 4.56790057 -0.00572252
v -0.83601799 4.57410849 -0.01636462
v -0.83468772 4.56790057 -0.00572252
v -0.82581930 4.56923091 -0.01148699
v -0.83601799 4.57410849 -0.01636462
v -0.82581930 4.56923091 -0.01148699
v -0.82626271 4.57011772 -0.02257251
v -0.83601799 4.57410849 -0.01636462
v -0.41033397 3.44150082 0.93299939
v -0.38638924 3.51422184 0.90639414
v -0.36466164 3.45081266 0.89619545
v -0.33894323 3.44283109 0.93432967
v -0.38550240 3.43218899 0.96935987
v -0.38594584 3.46677581 1.00893516
v -0.33894323 3.44283109 0.93432967
v -0.34160375 3.49072054 0.98321678
v -0.40102214 4.49828357 -1.01683290
v -0.40501292 4.57898608 -1.05230656
v -0.42230634 4.57233476 -1.07359076
v -0.41964582 4.48187696 -1.03678677
v 0.43305245 3.65168231 -0.55955515
v 0.43127877 3.65922045 -0.55955515
v 0.42374063 3.65877705 -0.54536569
v 0.42462744 3.65212572 -0.54403541
v -0.19084066 2.23617217 0.12375636
v -0.17753803 2.47561936 0.12774715
v 0.00160399 2.47251540 0.05236561
v -1.10794575 4.51424667 -0.59680250
v -1.09819057 4.51158612 -0.59990646
v -1.10572871 4.51335985 -0.60655774
v -1.10971948 4.50537831 -0.61099197
v -1.11504048 4.51069930 -0.60345383
v -1.10572871 4.51335985 -0.60655774
v 0.23085255 4.67698213 1.13974432
v 0.22287098 4.63130977 1.11402594
v 0.25169335 4.62421503 1.11846012
v -0.71186016 3.79845459 1.26877985
v -0.72205880 3.81574802 1.28917713
v -0.72072858 3.79579407 1.28829032
v -0.82537589 3.89157297 -0.84478556
v -0.82049825 3.89157297 -0.85986195
v -0.82537589 3.87738350 -0.84389875
v 0.48848004 3.40381005 -0.44293546
v 0.48892351 3.39893242 -0.45889861
v 0.45123269 3.38962059 -0.45756834
v 0.44945901 3.39582848 -0.43761441
v 0.34303804 0.26538834 0.38980886
v 0.17985916 0.25341591 0.47849303
v 0.19670916 0.07338713 0.49800354
v 0.38250248 0.08225550 0.40665885
v 0.32086700 0.50350521 0.40178124
v 0.34303804 0.26538834 0.38980886
v -0.72915353 3.86230722 1.28917713
v -0.72471935 3.86408090 1.27853503
v -0.73669173 3.86851509 1.28119558
v -0.73181408 3.86496772 1.26966667
v -0.74289959 3.86363744 1.27099689
v -0.73669173 3.86851509 1.28119558
v -0.32475376 3.90177166 1.04130487
v -0.33583927 3.90753612 1.07722205
v -0.35756690 3.87871378 1.00849176
v -0.32475376 3.90177166 1.04130487
v -0.31278138 3.84678748 1.05726808
v -0.33583927 3.90753612 1.07722205
v -0.32741429 3.88447824 1.02090759
v -0.34027348 3.82239932 0.98720756
v -0.35446294 3.90842299 1.04219179
v -0.35357610 3.93414137 1.07323117
v 0.53016163 3.53151525 -0.36045919
v 0.53991686 3.54747840 -0.37597893
v 0.51863266 3.57984812 -0.36090262
v 0.50222610 3.54215735 -0.33607106
v -0.32830113 4.45349803 1.34416137
v -0.32608401 4.44995066 1.35436006
v -0.31854587 4.45305462 1.34770873
v -0.32608401 4.44995066 1.35436006
v -0.31588534 4.44507307 1.35391665
v -0.31854587 4.45305462 1.34770873
v -0.31588534 4.44507307 1.35391665
v -0.31233798 4.44551648 1.34371796
v -0.31854587 4.45305462 1.34770873
v -1.09464320 4.49163225 -0.59103805
v -1.09641683 4.50271775 -0.59502882
v -1.10794575 4.50537831 -0.58926436
v -1.10750234 4.49384928 -0.58349985
v 0.66540497 3.83969274 1.13353640
v 0.66496156 3.84501379 1.13708377
v 0.67471679 3.84279668 1.14595224
v 0.67604707 3.83614538 1.14329169
v -0.35180242 4.88184258 -0.62917221
v -0.33362218 4.72531504 -0.70810115
v -0.77216539 3.77894408 -0.84877633
v -0.76462720 3.73992304 -0.84434215
v -0.78413771 3.73238490 -0.86651317
v -0.77482589 3.67074939 -0.85276722
v -0.78059035 3.78027435 -0.82294710
v -0.77792985 3.82018223 -0.85143689
v -0.19128408 2.94309580 0.18406159
v -0.23873011 2.97812606 0.13927609
v -0.16778277 2.94486948 0.05325245
v -0.11944990 2.90451817 0.09715111
v 0.65165891 3.84634407 1.15393379
v 0.65964051 3.84501379 1.16147193
v 0.66185760 3.85255194 1.15216016
v -0.68880228 3.56743234 -0.41366971
v -0.69589701 3.54437446 -0.45756834
v -0.70565224 3.50357974 -0.43406705
v -0.69722723 3.52397710 -0.38440391
v 1.23974576 5.70095172 -0.28241712
v 1.24373664 5.73376473 -0.28197371
v 1.25659578 5.73287791 -0.29039870
v 1.25393522 5.69962150 -0.29217238
v -0.82049825 3.89999798 -0.85897503
v -0.82005484 3.90753612 -0.85764481
v -0.80852587 3.90886639 -0.86074876
v -0.80675219 3.90177166 -0.86207899
v -1.29285233 4.99535831 0.32906022
v -1.30748520 5.05344640 0.32950363
v -1.33009962 5.04945563 0.34103257
v -1.31857071 4.98737665 0.34191941
v -1.31103257 5.05388981 0.30422865
v -1.29285233 4.99535831 0.32906022
v -1.29684310 4.99535831 0.29935101
v -1.26181284 4.90800437 0.32684310
v -1.31857071 4.98737665 0.34191941
v -1.28886145 4.89558864 0.34058916
v -1.29285233 4.99535831 0.32906022
v -0.40767344 4.88672017 -1.10773410
v -0.41432477 4.88538994 -1.11527235
v -0.41831554 4.89071094 -1.10596047
v -0.77970353 3.98247423 -0.42741572
v -0.81961138 4.00774925 -0.44648283
v -0.77127852 4.04765710 -0.44515255
v 0.26809990 4.63840450 1.09761933
v 0.27164727 4.68008609 1.12245090
v 0.25701440 4.67077421 1.14417850
v 0.25169335 4.62421503 1.11846012
v -0.23606958 1.41617621 0.46164303
v -0.22054985 1.65351722 0.48248383
v -0.30967745 1.68677374 0.26476418
v 0.41886299 6.14093604 -0.43451045
v 0.41088141 6.21809129 -0.43584073
v 0.39890906 6.21764788 -0.41455653
v 0.40556036 6.14049263 -0.41056576
v 0.20690783 4.57499531 0.97922601
v 0.24282493 4.58608082 0.97612205
v 0.24193809 4.57410849 0.88954412
v 0.20291706 4.56213617 0.88777044
v 0.25391044 4.69161500 1.10515747
v 0.25657096 4.71644657 1.11712990
v 0.27253411 4.70935183 1.13309300
v 0.27164727 4.68008609 1.12245090
v 0.53636949 3.45391661 -0.62518144
v 0.54036032 3.46721923 -0.63538013
v 0.52173662 3.46544555 -0.64956960
v 0.51464189 3.45081266 -0.64025772
v 0.52750108 3.48362580 -0.65755114
v 0.52173662 3.46544555 -0.64956960
v 0.54435110 3.48451265 -0.64469195
v -0.58592864 5.32404404 -0.71120505
v -0.59257992 5.31960975 -0.71652610
v -0.59391019 5.32049656 -0.70721428
v 0.60554314 5.68410159 -0.34360920
v 0.58514581 5.65217540 -0.35691182
v 0.63702604 5.60118205 -0.34183551
v 0.65343259 5.64153319 -0.33030657
v -1.31857071 4.98737665 0.34191941
v -1.33009962 5.04945563 0.34103257
v -1.33852458 4.98294247 0.32019180
v 0.72216284 5.99050556 -0.30015395
v 0.73147466 6.08938842 -0.30370132
v 0.71861547 6.09426590 -0.36267631
v 0.70575628 5.99272260 -0.37243156
v 0.77626020 5.98917512 -0.35026052
v 0.71551151 5.80116480 -0.29527634
v 0.77803389 5.80027799 -0.35292105
v -1.35227064 5.21318875 0.31132339
v -1.35759174 5.21318875 0.32152205
v -1.34827986 5.21850985 0.32019180
v -1.34961019 5.21407556 0.32994706
v -1.34827986 5.21850985 0.32019180
v -1.06404712 4.23965831 -0.53073281
v -1.08577473 4.30495204 -0.54802619
v -1.10661552 4.29685964 -0.56576302
v -1.08488792 4.22192147 -0.54935646
v 0.51109452 3.35991139 -0.60700120
v 0.53858664 3.36656270 -0.59192486
v 0.49158400 3.33108904 -0.55334724
v 0.55543660 3.72218621 0.82037047
v 0.55854056 3.70799674 0.84697572
v 0.56785239 3.67074939 0.82968235
v 0.56430502 3.68360861 0.80085996
v 0.25745780 4.78695049 1.16058512
v 0.26898675 4.78473335 1.16191534
v 0.26543938 4.79360182 1.15482060
v 0.18118942 3.38030875 0.23948920
v 0.21932361 3.38696006 0.28117076
v 0.20602099 3.24506540 0.32152205
v 0.16921706 3.21446936 0.28338786
v 0.72437993 3.20560094 -0.35292105
v 0.72792729 3.20737463 -0.35380789
v 0.73457862 3.19806279 -0.36311971
v 0.73103125 3.19451542 -0.36311971
v 0.40689064 3.65256915 -0.54359200
v 0.40777748 3.65789020 -0.54492228
v 0.39935247 3.65789020 -0.55866829
v 0.39802222 3.65256915 -0.55866829
v 0.37718143 6.37639246 -0.44559601
v 0.38516300 6.37860949 -0.43894469
v 0.38427616 6.38038334 -0.44736970
v -1.32522204 5.14612134 0.32994706
v -1.34606283 5.16873587 0.33704179
v -1.34384568 5.14390430 0.33881548
v -0.81916797 4.53242691 -0.02700672
v -0.81783770 4.53242691 -0.01015673
v -0.81473379 4.50582171 -0.00838305
v -0.81606401 4.50537831 -0.02745014
v -0.81473379 4.50582171 -0.00838305
v -0.81074296 4.47877300 -0.00616594
v -0.81207324 4.47788619 -0.02789356
v -0.80630878 4.43620460 -0.00350542
v -0.80763906 4.43531779 -0.02789356
v -0.38062479 4.28932144 -0.81097478
v -0.39481425 4.35018099 -0.95253689
v -0.36022743 4.34973758 -0.95697107
v -0.34337744 4.28843463 -0.81496555
v -0.38727608 4.78074257 -1.10862102
v -0.38993661 4.72886240 -1.08644990
v 0.42462744 3.59758496 -0.52851567
v 0.39802222 3.60068890 -0.52807226
v 0.39491826 3.58117839 -0.51920385
v 0.42374063 3.57807444 -0.51964725
v 0.08718421 5.69607402 -0.17510928
v -0.03165258 5.71292393 -0.05760276
v -0.00992496 5.31783612 0.02487351
v 0.11689340 5.30586369 -0.10194484
vt 0.45315000 0.00024003
vt 0.46877000 0.00024003
vt 0.50000000 0.06467998
vt 0.43753001 0.06467998
vt 0.48438001 0.00024003
vt 0.50000000 0.06467998
vt 0.50000000 0.00024003
vt 0.51561999 0.00024003
vt 0.50000000 0.13429999
vt 0.43753001 0.06467998
vt 0.43753001 0.13429999
vt 0.43753001 0.00024003
vt 0.45315000 0.00024003
vt 0.42190999 0.00024003
vt 0.37505999 0.13429999
vt 0.37505999 0.06467998
vt 0.43753001 0.13429999
vt 0.50000000 0.20908999
vt 0.43753001 0.20908999
vt 0.50000000 0.13429999
vt 0.56247002 0.13429999
vt 0.56247002 0.20908999
vt 0.39067999 0.00024003
vt 0.43753001 0.06467998
vt 0.40630001 0.00024003
vt 0.62493998 0.20908999
vt 0.56247002 0.20908999
vt 0.62493998 0.13429999
vt 0.68741000 0.06467998
vt 0.68741000 0.13429999
vt 0.62493998 0.06467998
vt 0.62493998 0.00024003
vt 0.64055997 0.00024003
vt 0.60931998 0.00024003
vt 0.62493998 0.06467998
vt 0.59369999 0.00024003
vt 0.56247002 0.06467998
vt 0.57809001 0.00024003
vt 0.56247002 0.06467998
vt 0.56247002 0.00024003
vt 0.54685003 0.00024003
vt 0.53122997 0.00024003
vt 0.51561999 0.00024003
vt 0.62493998 0.13429999
vt 0.50000000 0.13429999
vt 0.50000000 0.06467998
vt 0.56247002 0.13429999
vt 0.68741000 0.13429999
vt 0.68741000 0.20908999
vt 0.62493998 0.30646002
vt 0.68741000 0.30646002
vt 0.74988002 0.20908999
vt 0.74988002 0.30646002
vt 0.68741000 0.30646002
vt 0.81234998 0.20908999
vt 0.81234998 0.30646002
vt 0.74988002 0.39589000
vt 0.74988002 0.30646002
vt 0.68741000 0.39589000
vt 0.62493998 0.49195004
vt 0.62493998 0.39589000
vt 0.68741000 0.49195004
vt 0.74988002 0.61659002
vt 0.68741000 0.61659002
vt 0.74988002 0.49195004
vt 0.74988002 0.73082000
vt 0.68741000 0.61659002
vt 0.74988002 0.73082000
vt 0.62493998 0.73082000
vt 0.62493998 0.61659002
vt 0.74988002 0.85358000
vt 0.62493998 0.85358000
vt 0.74988002 0.98372000
vt 0.62493998 0.98372000
vt 0.62493998 0.98372000
vt 0.50000000 0.98372000
vt 0.50000000 0.85358000
vt 0.50000000 0.98372000
vt 0.37505999 0.85358000
vt 0.37505999 0.98372000
vt 0.50000000 1.15950000
vt 0.62493998 1.15950000
vt 0.74988002 1.15950000
vt 0.74988002 0.98372000
vt 0.62493998 1.15950000
vt 0.50000000 1.31584001
vt 0.62493998 1.31584001
vt 0.74988002 1.31584001
vt 0.74988002 1.15950000
vt 0.87481999 1.15950000
vt 0.87481999 1.31584001
vt 0.99975997 1.31584001
vt 0.99975997 1.15950000
vt 0.99975997 1.51780999
vt 0.87481999 1.51780999
vt 0.99975997 1.70258999
vt 0.87481999 1.51780999
vt 0.87481999 1.70258999
vt 0.99975997 1.90148997
vt 0.87481999 1.90148997
vt 0.99975997 2.15810990
vt 0.74988002 1.70258999
vt 0.74988002 1.51780999
vt 0.62493998 1.51780999
vt 0.62493998 1.70258999
vt 0.74988002 1.90148997
vt 0.62493998 1.90148997
vt 0.50000000 1.90148997
vt 0.50000000 1.70258999
vt 0.62493998 1.51780999
vt 0.50000000 1.51780999
vt 0.62493998 1.31584001
vt 0.87481999 1.31584001
vt 0.74988002 1.51780999
vt 0.87481999 1.51780999
vt 0.62493998 1.31584001
vt 0.37505999 1.31584001
vt 0.50000000 1.31584001
vt 0.37505999 1.51780999
vt 0.50000000 1.51780999
vt 0.37505999 1.70258999
vt 0.50000000 1.90148997
vt 0.37505999 1.90148997
vt 0.25012001 1.90148997
vt 0.25012001 1.70258999
vt 0.37505999 1.51780999
vt 0.25012001 1.70258999
vt 0.25012001 1.51780999
vt 0.50000000 2.15810990
vt 0.25012001 2.15810990
vt 0.50000000 1.90148997
vt 0.74988002 2.15810990
vt 0.50000000 2.39262009
vt 0.25012001 2.15810990
vt 0.74988002 2.15810990
vt 0.74988002 2.39262009
vt 0.25012001 2.39262009
vt 0.74988002 2.39262009
vt 0.50000000 2.64527011
vt 0.74988002 2.64527011
vt 0.74988002 2.97079992
vt 0.50000000 2.97079992
vt 0.50000000 2.64527011
vt 0.74988002 2.97079992
vt 0.50000000 3.26809001
vt 0.74988002 3.26809001
vt 0.99975997 3.26809001
vt 0.99975997 2.97079992
vt 0.74988002 2.97079992
vt 0.74988002 2.64527011
vt 0.99975997 2.64527011
vt 0.74988002 2.39262009
vt 0.99975997 2.39262009
vt 0.74988002 2.15810990
vt 0.99975997 2.15810990
vt 0.74988002 2.39262009
vt 0.74988002 1.90148997
vt 0.62493998 1.90148997
vt 0.87481999 1.70258999
vt 0.99975997 2.15810990
vt 0.00024000 0.00024003
vt 0.01586000 0.00024003
vt 0.00024000 0.06467998
vt 0.01586000 0.00024003
vt 0.03148000 0.00024003
vt 0.04710000 0.00024003
vt 0.06271000 0.06467998
vt 0.06271000 0.06467998
vt 0.00024000 0.13429999
vt 0.06271000 0.13429999
vt 0.00024000 0.20908999
vt 0.06271000 0.20908999
vt 0.06271000 0.20908999
vt 0.00024000 0.30646002
vt 0.06271000 0.30646002
vt 0.12518001 0.39589000
vt 0.06271000 0.39589000
vt 0.12518001 0.30646002
vt 0.12518001 0.49195004
vt 0.18765000 0.39589000
vt 0.06271000 0.49195004
vt 0.18765000 0.49195004
vt 0.12518001 0.61659002
vt 0.06271000 0.61659002
vt 0.00024000 0.61659002
vt 0.00024000 0.49195004
vt 0.00024000 0.73082000
vt 0.12518001 0.73082000
vt 0.12518001 0.73082000
vt 0.00024000 0.85358000
vt 0.12518001 0.85358000
vt 0.12518001 0.61659002
vt 0.18765000 0.61659002
vt 0.12518001 0.49195004
vt 0.25012001 0.61659002
vt 0.25012001 0.49195004
vt 0.25012001 0.73082000
vt 0.31259000 0.61659002
vt 0.25012001 0.85358000
vt 0.12518001 0.85358000
vt 0.00024000 0.98372000
vt 0.12518001 0.98372000
vt 0.12518001 0.98372000
vt 0.00024000 1.15950000
vt 0.12518001 1.15950000
vt 0.25012001 1.15950000
vt 0.25012001 0.98372000
vt 0.12518001 0.85358000
vt 0.25012001 0.85358000
vt 0.37505999 0.98372000
vt 0.37505999 1.15950000
vt 0.50000000 1.15950000
vt 0.50000000 0.98372000
vt 0.37505999 1.31584001
vt 0.25012001 1.51780999
vt 0.25012001 1.31584001
vt 0.12518001 1.15950000
vt 0.12518001 1.31584001
vt 0.00024000 1.31584001
vt 0.12518001 1.31584001
vt 0.00024000 1.51780999
vt 0.12518001 1.51780999
vt 0.25012001 1.51780999
vt 0.25012001 1.31584001
vt 0.12518001 1.51780999
vt 0.12518001 1.70258999
vt 0.00024000 1.70258999
vt 0.12518001 1.70258999
vt 0.00024000 1.90148997
vt 0.12518001 1.90148997
vt 0.12518001 1.90148997
vt 0.00024000 2.15810990
vt 0.25012001 1.90148997
vt 0.25012001 1.70258999
vt 0.25012001 2.15810990
vt 0.25012001 1.90148997
vt 0.00024000 2.15810990
vt 0.00024000 2.39262009
vt 0.25012001 2.39262009
vt 0.37505999 1.90148997
vt 0.50000000 2.64527011
vt 0.50000000 2.39262009
vt 0.25012001 2.64527011
vt 0.25012001 2.64527011
vt 0.00024000 2.64527011
vt 0.00024000 2.39262009
vt 0.00024000 2.97079992
vt 0.25012001 2.97079992
vt 0.50000000 2.97079992
vt 0.50000000 2.64527011
vt 0.25012001 2.97079992
vt 0.00024000 3.26809001
vt 0.25012001 3.26809001
vt 0.50000000 3.26809001
vt 0.50000000 2.97079992
vt 0.00024000 3.58853006
vt 0.25012001 3.58853006
vt 0.25012001 3.58853006
vt 0.00024000 4.00074005
vt 0.25012001 4.00074005
vt 0.06271000 0.00024003
vt 0.04710000 0.00024003
vt 0.07833000 0.00024003
vt 0.06271000 0.06467998
vt 0.09395000 0.00024003
vt 0.10957000 0.00024003
vt 0.12518001 0.06467998
vt 0.12518001 0.00024003
vt 0.12518001 0.06467998
vt 0.18765000 0.06467998
vt 0.12518001 0.13429999
vt 0.06271000 0.13429999
vt 0.18765000 0.13429999
vt 0.12518001 0.20908999
vt 0.18765000 0.20908999
vt 0.12518001 0.13429999
vt 0.06271000 0.20908999
vt 0.06271000 0.30646002
vt 0.18765000 0.20908999
vt 0.18765000 0.30646002
vt 0.12518001 0.39589000
vt 0.18765000 0.39589000
vt 0.25012001 0.49195004
vt 0.25012001 0.39589000
vt 0.18765000 0.39589000
vt 0.25012001 0.30646002
vt 0.25012001 0.30646002
vt 0.18765000 0.20908999
vt 0.25012001 0.20908999
vt 0.31259000 0.20908999
vt 0.25012001 0.20908999
vt 0.31259000 0.30646002
vt 0.31259000 0.30646002
vt 0.25012001 0.39589000
vt 0.31259000 0.39589000
vt 0.37505999 0.39589000
vt 0.37505999 0.30646002
vt 0.37505999 0.49195004
vt 0.31259000 0.49195004
vt 0.25012001 0.39589000
vt 0.25012001 0.61659002
vt 0.25012001 0.49195004
vt 0.37505999 0.61659002
vt 0.37505999 0.49195004
vt 0.37505999 0.73082000
vt 0.37505999 0.85358000
vt 0.43753001 0.61659002
vt 0.50000000 0.85358000
vt 0.50000000 0.73082000
vt 0.50000000 0.73082000
vt 0.43753001 0.61659002
vt 0.50000000 0.61659002
vt 0.43753001 0.49195004
vt 0.50000000 0.49195004
vt 0.43753001 0.39589000
vt 0.50000000 0.39589000
vt 0.43753001 0.30646002
vt 0.50000000 0.30646002
vt 0.43753001 0.20908999
vt 0.50000000 0.20908999
vt 0.56247002 0.30646002
vt 0.50000000 0.39589000
vt 0.56247002 0.39589000
vt 0.62493998 0.30646002
vt 0.62493998 0.20908999
vt 0.37505999 0.30646002
vt 0.37505999 0.20908999
vt 0.43753001 0.39589000
vt 0.43753001 0.39589000
vt 0.37505999 0.49195004
vt 0.43753001 0.49195004
vt 0.37505999 0.61659002
vt 0.37505999 0.20908999
vt 0.37505999 0.13429999
vt 0.31259000 0.13429999
vt 0.31259000 0.06467998
vt 0.37505999 0.06467998
vt 0.37505999 0.00024003
vt 0.35944000 0.00024003
vt 0.35944000 0.00024003
vt 0.31259000 0.06467998
vt 0.34382999 0.00024003
vt 0.32821000 0.00024003
vt 0.31259000 0.06467998
vt 0.31259000 0.00024003
vt 0.31259000 0.00024003
vt 0.29697001 0.00024003
vt 0.29697001 0.00024003
vt 0.25012001 0.06467998
vt 0.28136000 0.00024003
vt 0.26574001 0.00024003
vt 0.25012001 0.06467998
vt 0.25012001 0.00024003
vt 0.23450001 0.00024003
vt 0.23450001 0.00024003
vt 0.21889000 0.00024003
vt 0.20327000 0.00024003
vt 0.25012001 0.06467998
vt 0.18765000 0.06467998
vt 0.18765000 0.00024003
vt 0.18765000 0.00024003
vt 0.17204000 0.00024003
vt 0.14080000 0.00024003
vt 0.15642001 0.00024003
vt 0.18765000 0.06467998
vt 0.12518001 0.06467998
vt 0.06271000 0.06467998
vt 0.09395000 0.00024003
vt 0.25012001 0.13429999
vt 0.25012001 0.06467998
vt 0.25012001 0.20908999
vt 0.18765000 0.20908999
vt 0.25012001 0.06467998
vt 0.31259000 0.20908999
vt 0.12518001 0.00024003
vt 0.14080000 0.00024003
vt 0.12518001 0.06467998
vt 0.98413998 0.00024003
vt 0.99975997 0.06467998
vt 0.93729001 0.06467998
vt 0.96851999 0.00024003
vt 0.95289999 0.00024003
vt 0.93729001 0.00024003
vt 0.92167002 0.00024003
vt 0.93729001 0.06467998
vt 0.90605003 0.00024003
vt 0.87481999 0.06467998
vt 0.87481999 0.13429999
vt 0.93729001 0.13429999
vt 0.89042997 0.00024003
vt 0.87481999 0.06467998
vt 0.87481999 0.00024003
vt 0.85920000 0.00024003
vt 0.87481999 0.06467998
vt 0.81234998 0.06467998
vt 0.84358001 0.00024003
vt 0.82796001 0.00024003
vt 0.81234998 0.00024003
vt 0.81234998 0.06467998
vt 0.79672998 0.00024003
vt 0.74988002 0.06467998
vt 0.78110999 0.00024003
vt 0.87481999 0.13429999
vt 0.81234998 0.13429999
vt 0.74988002 0.13429999
vt 0.74988002 0.06467998
vt 0.81234998 0.20908999
vt 0.68741000 0.06467998
vt 0.70302999 0.00024003
vt 0.71864003 0.00024003
vt 0.73426002 0.00024003
vt 0.74988002 0.00024003
vt 0.76550001 0.00024003
vt 0.76550001 0.00024003
vt 0.78110999 0.00024003
vt 0.67179000 0.00024003
vt 0.65617001 0.00024003
vt 0.68741000 0.00024003
vt 0.50000000 2.70114994
vt 0.50000000 2.70749998
vt 0.33340999 2.70749998
vt 0.41670999 4.89986992
vt 0.33340999 2.70114994
vt 0.66658998 2.70114994
vt 0.50000000 2.69397998
vt 0.66658998 2.69397998
vt 0.83317000 2.69397998
vt 0.66658998 2.70114994
vt 0.83317000 2.70114994
vt 0.66658998 2.70749998
vt 0.83317000 2.70749998
vt 0.58328998 4.89986992
vt 0.83317000 2.70749998
vt 0.74988002 4.89986992
vt 0.99975997 2.70749998
vt 0.91645998 4.89986992
vt 0.16683000 2.70114994
vt 0.33340999 2.69397998
vt 0.16683000 2.70749998
vt 0.33340999 2.70749998
vt 0.33340999 2.70114994
vt 0.37505999 0.00024003
vt 0.39067999 0.00024003
vt 0.37505999 0.06467998
vt 0.99975997 2.62975001
vt 0.99975997 2.81287003
vt 0.66658998 2.82568002
vt 0.66658998 2.66137004
vt 0.99975997 2.81287003
vt 0.66658998 2.97617006
vt 0.99975997 2.97942996
vt 0.99975997 3.15511990
vt 0.66658998 3.14458990
vt 0.66658998 2.97617006
vt 0.33340999 2.74162006
vt 0.33340999 2.95087004
vt 0.66658998 3.14458990
vt 0.33340999 3.15086007
vt 0.66658998 2.97617006
vt 0.66658998 3.36607003
vt 0.33340999 3.15086007
vt 0.33340999 3.36607003
vt 0.99975997 3.36607003
vt 0.66658998 4.06014013
vt 0.99975997 4.06014013
vt 0.99975997 4.06014013
vt 0.66658998 4.69851017
vt 0.99975997 4.69851017
vt 0.99975997 4.69851017
vt 0.66658998 5.12960005
vt 0.99975997 5.12960005
vt 0.99975997 5.12960005
vt 0.66658998 5.45199013
vt 0.99975997 5.45199013
vt 0.66658998 5.63316011
vt 0.99975997 5.63316011
vt 0.66658998 5.77969980
vt 0.66658998 5.63316011
vt 0.99975997 5.77969980
vt 0.66658998 5.88563013
vt 0.33340999 5.77969980
vt 0.33340999 5.88563013
vt 0.00024000 5.88563013
vt 0.16683000 8.44587040
vt 0.33340999 5.77969980
vt 0.00024000 5.77969980
vt 0.33340999 5.63316011
vt 0.00024000 5.63316011
vt 0.33340999 5.77969980
vt 0.99975997 5.77969980
vt 0.66658998 5.88563013
vt 0.99975997 5.88563013
vt 0.33340999 5.88563013
vt 0.50000000 8.44587040
vt 0.99975997 3.24133992
vt 0.99975997 3.25213003
vt 0.79984999 3.25213003
vt 0.79984999 3.24133992
vt 0.99975997 3.22858000
vt 0.79984999 3.24133992
vt 0.79984999 3.22858000
vt 0.59995002 3.22858000
vt 0.79984999 3.22858000
vt 0.59995002 3.24133992
vt 0.99975997 3.21262002
vt 0.99975997 3.22858000
vt 0.79984999 3.21262002
vt 0.79984999 3.22858000
vt 0.59995002 3.21262002
vt 0.59995002 3.22858000
vt 0.79984999 3.21262002
vt 0.59995002 3.19121003
vt 0.79984999 3.19121003
vt 0.99975997 3.19121003
vt 0.99975997 3.21262002
vt 0.79984999 3.19121003
vt 0.99975997 3.16302991
vt 0.99975997 3.19121003
vt 0.79984999 3.16302991
vt 0.79984999 3.19121003
vt 0.59995002 3.16302991
vt 0.59995002 3.19121003
vt 0.59995002 3.16302991
vt 0.40005001 3.19121003
vt 0.40005001 3.16302991
vt 0.79984999 3.16302991
vt 0.59995002 3.11282992
vt 0.79984999 3.11282992
vt 0.99975997 3.11282992
vt 0.99975997 3.16302991
vt 0.79984999 3.11282992
vt 0.99975997 3.06258988
vt 0.79984999 3.06258988
vt 0.99975997 2.98748994
vt 0.99975997 3.06258988
vt 0.79984999 2.98748994
vt 0.59995002 2.90736008
vt 0.79984999 2.90736008
vt 0.59995002 2.98748994
vt 0.79984999 3.06258988
vt 0.59995002 3.06258988
vt 0.79984999 3.11282992
vt 0.99975997 2.90736008
vt 0.79984999 2.90736008
vt 0.99975997 2.98748994
vt 0.66658998 2.70749998
vt 0.50000000 2.70749998
vt 0.50000000 2.70114994
vt 0.66658998 2.70114994
vt 0.68741000 0.00024003
vt 0.70302999 0.00024003
vt 0.68741000 0.06467998
vt 0.64055997 0.00024003
vt 0.62493998 0.06467998
vt 0.65617001 0.00024003
vt 0.66658998 2.87649989
vt 0.50000000 2.89445996
vt 0.50000000 2.87649989
vt 0.66658998 2.85361004
vt 0.83317000 2.87649989
vt 0.83317000 2.89445996
vt 0.50000000 2.85361004
vt 0.66658998 2.85361004
vt 0.50000000 2.82485008
vt 0.66658998 2.82485008
vt 0.50000000 2.85361004
vt 0.50000000 2.78923988
vt 0.33340999 2.82485008
vt 0.33340999 2.78923988
vt 0.50000000 2.82485008
vt 0.33340999 2.85361004
vt 0.50000000 2.85361004
vt 0.50000000 2.74569988
vt 0.50000000 2.78923988
vt 0.33340999 2.74569988
vt 0.50000000 2.69303989
vt 0.33340999 2.69303989
vt 0.16683000 2.69303989
vt 0.16683000 2.74569988
vt 0.00024000 2.74569988
vt 0.00024000 2.69303989
vt 0.00024000 2.78923988
vt 0.16683000 2.78923988
vt 0.33340999 2.78923988
vt 0.33340999 2.74569988
vt 0.16683000 2.78923988
vt 0.33340999 2.82485008
vt 0.16683000 2.78923988
vt 0.16683000 2.82485008
vt 0.33340999 2.85361004
vt 0.16683000 2.85361004
vt 0.00024000 2.85361004
vt 0.00024000 2.82485008
vt 0.00024000 2.78923988
vt 0.16683000 2.82485008
vt 0.33340999 2.87649989
vt 0.33340999 2.85361004
vt 0.16683000 2.87649989
vt 0.50000000 2.85361004
vt 0.33340999 2.87649989
vt 0.50000000 2.87649989
vt 0.50000000 2.87649989
vt 0.50000000 2.89445996
vt 0.33340999 2.89445996
vt 0.33340999 2.87649989
vt 0.16683000 2.87649989
vt 0.16683000 2.89445996
vt 0.33340999 2.91014004
vt 0.16683000 2.91014004
vt 0.25012001 4.47420979
vt 0.00024000 2.91014004
vt 0.08354000 4.47420979
vt 0.16683000 2.89445996
vt 0.00024000 2.91014004
vt 0.00024000 2.89445996
vt 0.00024000 2.89445996
vt 0.00024000 2.87649989
vt 0.16683000 2.85361004
vt 0.00024000 2.85361004
vt 0.33340999 2.89445996
vt 0.50000000 2.91014004
vt 0.50000000 2.91014004
vt 0.41670999 4.47420979
vt 0.66658998 2.91014004
vt 0.66658998 2.89445996
vt 0.50000000 2.89445996
vt 0.66658998 2.89445996
vt 0.50000000 2.89445996
vt 0.66658998 2.87649989
vt 0.66658998 2.91014004
vt 0.58328998 4.47420979
vt 0.83317000 2.91014004
vt 0.74988002 4.47420979
vt 0.83317000 2.89445996
vt 0.66658998 2.89445996
vt 0.83317000 2.91014004
vt 0.99975997 2.89445996
vt 0.99975997 2.87649989
vt 0.99975997 2.91014004
vt 0.83317000 2.89445996
vt 0.83317000 2.91014004
vt 0.99975997 2.91014004
vt 0.91645998 4.47420979
vt 0.99975997 2.87649989
vt 0.83317000 2.87649989
vt 0.99975997 2.85361004
vt 0.99975997 0.00024003
vt 0.99975997 0.06467998
vt 0.99975997 0.13429999
vt 0.93729001 0.06467998
vt 0.93729001 0.13429999
vt 0.99975997 0.20908999
vt 0.93729001 0.20908999
vt 0.99975997 0.30646002
vt 0.93729001 0.30646002
vt 0.99975997 0.39589000
vt 0.93729001 0.39589000
vt 0.87481999 0.30646002
vt 0.87481999 0.20908999
vt 0.93729001 0.13429999
vt 0.87481999 0.39589000
vt 0.93729001 0.39589000
vt 0.81234998 0.30646002
vt 0.81234998 0.39589000
vt 0.87481999 0.49195004
vt 0.93729001 0.49195004
vt 0.87481999 0.61659002
vt 0.93729001 0.61659002
vt 0.99975997 0.49195004
vt 0.99975997 0.39589000
vt 0.99975997 0.61659002
vt 0.93729001 0.61659002
vt 0.99975997 0.73082000
vt 0.87481999 0.73082000
vt 0.99975997 0.73082000
vt 0.99975997 0.85358000
vt 0.87481999 0.85358000
vt 0.99975997 0.98372000
vt 0.87481999 0.98372000
vt 0.99975997 1.15950000
vt 0.87481999 0.98372000
vt 0.87481999 1.15950000
vt 0.74988002 0.85358000
vt 0.87481999 0.98372000
vt 0.87481999 0.73082000
vt 0.81234998 0.61659002
vt 0.74988002 0.61659002
vt 0.81234998 0.61659002
vt 0.81234998 0.49195004
vt 0.87481999 0.61659002
vt 0.87481999 0.49195004
vt 0.74988002 0.49195004
vt 0.74988002 0.39589000
vt 0.81234998 0.30646002
vt 0.68741000 0.49195004
vt 0.56247002 0.49195004
vt 0.56247002 0.61659002
vt 0.62493998 0.73082000
vt 0.56247002 0.61659002
vt 0.50000000 0.61659002
vt 0.50000000 0.73082000
vt 0.68741000 0.30646002
vt 0.62493998 0.39589000
vt 0.62493998 0.39589000
vt 0.56247002 0.39589000
vt 0.62493998 0.49195004
vt 0.50000000 0.49195004
vt 0.50000000 0.61659002
vt 0.56247002 0.61659002
vt 0.16683000 1.32590997
vt 0.16683000 1.42095995
vt 0.00024000 1.42439997
vt 0.00024000 1.33298004
vt 0.59995002 4.26750994
vt 0.59995002 4.29922009
vt 0.40005001 4.29922009
vt 0.40005001 4.26750994
vt 0.59995002 4.22502995
vt 0.79984999 4.26750994
vt 0.79984999 4.22502995
vt 0.99975997 4.22502995
vt 0.79984999 4.26750994
vt 0.99975997 4.26750994
vt 0.99975997 4.16918993
vt 0.79984999 4.22502995
vt 0.79984999 4.16918993
vt 0.59995002 4.16918993
vt 0.79984999 4.16918993
vt 0.59995002 4.06943989
vt 0.79984999 4.06943989
vt 0.40005001 4.16918993
vt 0.40005001 4.06943989
vt 0.20015000 4.06943989
vt 0.20015000 4.16918993
vt 0.40005001 4.22502995
vt 0.20015000 4.22502995
vt 0.00024000 4.26750994
vt 0.00024000 4.22502995
vt 0.20015000 4.26750994
vt 0.00024000 4.29922009
vt 0.00024000 4.26750994
vt 0.20015000 4.29922009
vt 0.00024000 4.32524014
vt 0.00024000 4.29922009
vt 0.20015000 4.32524014
vt 0.00024000 4.34741020
vt 0.00024000 4.32524014
vt 0.20015000 4.34741020
vt 0.40005001 4.32524014
vt 0.20015000 4.29922009
vt 0.40005001 4.26750994
vt 0.59995002 4.32524014
vt 0.40005001 4.34741020
vt 0.59995002 4.34741020
vt 0.20015000 4.32524014
vt 0.20015000 4.34741020
vt 0.59995002 5.01422977
vt 0.59995002 5.03519011
vt 0.40005001 5.03519011
vt 0.40005001 5.01422977
vt 0.59995002 4.98919010
vt 0.40005001 4.98919010
vt 0.59995002 4.95772982
vt 0.40005001 4.95772982
vt 0.79984999 4.98919010
vt 0.79984999 4.95772982
vt 0.59995002 4.98919010
vt 0.79984999 5.01422977
vt 0.59995002 5.01422977
vt 0.79984999 5.03519011
vt 0.79984999 5.01422977
vt 0.69989997 8.89062023
vt 0.40005001 5.03519011
vt 0.50000000 8.89062023
vt 0.20015000 5.03519011
vt 0.30010000 8.89062023
vt 0.40005001 5.03519011
vt 0.20015000 5.01422977
vt 0.20015000 5.03519011
vt 0.00024000 5.03519011
vt 0.00024000 5.01422977
vt 0.20015000 5.03519011
vt 0.99975997 3.79236007
vt 0.83317000 3.79236007
vt 0.83317000 3.74942994
vt 0.99975997 3.74942994
vt 0.99975997 3.74942994
vt 0.83317000 3.69466996
vt 0.99975997 3.69466996
vt 0.50000000 2.50022006
vt 0.25012001 2.50215006
vt 0.25012001 2.32281995
vt 0.50000000 2.34042001
vt 0.74988002 2.37855005
vt 0.74988002 2.52699995
vt 0.50000000 2.64129996
vt 0.25012001 2.50215006
vt 0.25012001 2.65193009
vt 0.25012001 2.65193009
vt 0.00024000 2.66814995
vt 0.00024000 2.54534006
vt 0.00024000 2.79558992
vt 0.25012001 2.79438996
vt 0.25012001 2.79438996
vt 0.00024000 2.94210005
vt 0.25012001 2.94210005
vt 0.50000000 2.94210005
vt 0.50000000 2.78328991
vt 0.50000000 3.39007998
vt 0.25012001 3.39007998
vt 0.50000000 3.80511999
vt 0.25012001 3.80511999
vt 0.50000000 4.09667015
vt 0.50000000 3.80511999
vt 0.25012001 4.09667015
vt 0.00024000 4.09667015
vt 0.00024000 3.80511999
vt 0.25012001 3.80511999
vt 0.00024000 3.39007998
vt 0.25012001 2.94210005
vt 0.00024000 2.94210005
vt 0.74988002 3.39007998
vt 0.50000000 3.80511999
vt 0.74988002 3.80511999
vt 0.50000000 4.09667015
vt 0.74988002 4.09667015
vt 0.50000000 4.33015013
vt 0.74988002 4.09667015
vt 0.25012001 4.33015013
vt 0.74988002 4.33015013
vt 0.50000000 4.47156000
vt 0.74988002 4.47156000
vt 0.99975997 4.47156000
vt 0.99975997 4.33015013
vt 0.99975997 4.33015013
vt 0.74988002 4.09667015
vt 0.99975997 4.09667015
vt 0.99975997 4.09667015
vt 0.74988002 3.80511999
vt 0.99975997 3.80511999
vt 0.74988002 3.39007998
vt 0.99975997 3.39007998
vt 0.74988002 2.94210005
vt 0.99975997 2.94210005
vt 0.74988002 2.78448009
vt 0.50000000 2.78328991
vt 0.99975997 2.79558992
vt 0.74988002 2.65360999
vt 0.99975997 2.66814995
vt 0.74988002 2.52699995
vt 0.99975997 2.54534006
vt 0.50000000 2.64129996
vt 0.50000000 2.50022006
vt 0.74988002 2.65360999
vt 0.99975997 2.54534006
vt 0.74988002 2.37855005
vt 0.99975997 2.40761995
vt 0.74988002 2.94210005
vt 0.50000000 3.39007998
vt 0.74988002 3.39007998
vt 0.99975997 2.94210005
vt 0.74988002 2.78448009
vt 0.99975997 2.79558992
vt 0.50000000 2.78328991
vt 0.50000000 2.64129996
vt 0.25012001 2.65193009
vt 0.40005001 4.12518978
vt 0.20015000 4.12518978
vt 0.20015000 4.05000019
vt 0.40005001 4.03177023
vt 0.20015000 4.12518978
vt 0.00024000 4.12518978
vt 0.00024000 4.05844021
vt 0.00024000 4.02223015
vt 0.20015000 4.05000019
vt 0.20015000 3.98816991
vt 0.00024000 4.02223015
vt 0.40005001 4.03177023
vt 0.40005001 3.94758010
vt 0.40005001 3.94758010
vt 0.40005001 3.82911992
vt 0.00024000 4.02223015
vt 0.00024000 3.99684000
vt 0.40005001 4.03177023
vt 0.59995002 4.02091980
vt 0.59995002 4.02091980
vt 0.40005001 4.12518978
vt 0.59995002 4.12518978
vt 0.79984999 4.12518978
vt 0.79984999 4.03786993
vt 0.99975997 4.05844021
vt 0.99975997 4.12518978
vt 0.79984999 4.31252003
vt 0.59995002 4.12518978
vt 0.59995002 4.31252003
vt 0.40005001 4.48570013
vt 0.40005001 4.31252003
vt 0.59995002 4.48570013
vt 0.40005001 4.62478018
vt 0.59995002 4.62478018
vt 0.40005001 4.75138998
vt 0.59995002 4.75138998
vt 0.20015000 4.62478018
vt 0.20015000 4.75138998
vt 0.20015000 4.62478018
vt 0.00024000 4.75138998
vt 0.00024000 4.62478018
vt 0.20015000 4.48570013
vt 0.40005001 4.48570013
vt 0.20015000 4.62478018
vt 0.00024000 4.48570013
vt 0.20015000 4.31252003
vt 0.40005001 4.31252003
vt 0.20015000 4.48570013
vt 0.00024000 4.31252003
vt 0.00024000 4.12518978
vt 0.40005001 4.31252003
vt 0.40005001 4.12518978
vt 0.59995002 4.12518978
vt 0.59995002 4.31252003
vt 0.79984999 4.48570013
vt 0.59995002 4.48570013
vt 0.79984999 4.31252003
vt 0.99975997 4.31252003
vt 0.79984999 4.31252003
vt 0.99975997 4.48570013
vt 0.79984999 4.62478018
vt 0.79984999 4.48570013
vt 0.59995002 4.48570013
vt 0.59995002 4.62478018
vt 0.99975997 4.62478018
vt 0.79984999 4.75138998
vt 0.99975997 4.75138998
vt 0.99975997 4.75138998
vt 0.79984999 4.83408022
vt 0.99975997 4.83408022
vt 0.79984999 4.75138998
vt 0.59995002 4.75138998
vt 0.79984999 4.83408022
vt 0.59995002 4.83408022
vt 0.79984999 4.91469002
vt 0.79984999 4.83408022
vt 0.59995002 4.91469002
vt 0.79984999 4.95772982
vt 0.79984999 4.91469002
vt 0.59995002 4.95772982
vt 0.59995002 4.83408022
vt 0.40005001 4.91469002
vt 0.40005001 4.83408022
vt 0.40005001 4.95772982
vt 0.20015000 4.91469002
vt 0.20015000 4.95772982
vt 0.40005001 4.98919010
vt 0.40005001 4.95772982
vt 0.20015000 4.98919010
vt 0.00024000 5.01422977
vt 0.00024000 4.98919010
vt 0.20015000 5.01422977
vt 0.40005001 5.01422977
vt 0.20015000 4.98919010
vt 0.40005001 4.98919010
vt 0.20015000 4.95772982
vt 0.00024000 4.95772982
vt 0.00024000 4.91469002
vt 0.20015000 4.95772982
vt 0.00024000 4.98919010
vt 0.20015000 4.98919010
vt 0.20015000 4.83408022
vt 0.20015000 4.91469002
vt 0.00024000 4.83408022
vt 0.20015000 4.75138998
vt 0.20015000 4.83408022
vt 0.40005001 4.83408022
vt 0.59995002 4.83408022
vt 0.20015000 4.83408022
vt 0.40005001 4.91469002
vt 0.50000000 3.21472001
vt 0.50000000 3.36952996
vt 0.33340999 3.36952996
vt 0.33340999 3.21472001
vt 0.50000000 3.03278995
vt 0.33340999 3.21472001
vt 0.33340999 3.03278995
vt 0.16683000 2.83895993
vt 0.33340999 2.83895993
vt 0.16683000 3.03278995
vt 0.33340999 3.03278995
vt 0.16683000 3.21472001
vt 0.33340999 3.36952996
vt 0.16683000 3.36952996
vt 0.00024000 3.21472001
vt 0.00024000 3.03278995
vt 0.00024000 3.50018001
vt 0.00024000 3.36952996
vt 0.16683000 3.50018001
vt 0.00024000 3.62764001
vt 0.00024000 3.50018001
vt 0.16683000 3.62764001
vt 0.00024000 3.71524000
vt 0.16683000 3.71524000
vt 0.00024000 3.80619001
vt 0.00024000 3.71524000
vt 0.16683000 3.80619001
vt 0.33340999 3.85996008
vt 0.33340999 3.80619001
vt 0.16683000 3.85996008
vt 0.33340999 3.90272999
vt 0.33340999 3.85996008
vt 0.16683000 3.90272999
vt 0.16683000 3.93628001
vt 0.00024000 3.93628001
vt 0.00024000 3.90272999
vt 0.33340999 3.93628001
vt 0.33340999 3.90272999
vt 0.16683000 3.93628001
vt 0.50000000 3.90272999
vt 0.50000000 3.93628001
vt 0.66658998 3.93628001
vt 0.66658998 3.90272999
vt 0.50000000 3.85996008
vt 0.33340999 3.90272999
vt 0.50000000 3.80619001
vt 0.33340999 3.80619001
vt 0.50000000 3.71524000
vt 0.50000000 3.80619001
vt 0.33340999 3.71524000
vt 0.50000000 3.62764001
vt 0.50000000 3.71524000
vt 0.33340999 3.62764001
vt 0.33340999 3.62764001
vt 0.16683000 3.71524000
vt 0.33340999 3.50018001
vt 0.16683000 3.36952996
vt 0.33340999 3.36952996
vt 0.00024000 3.36952996
vt 0.00024000 3.21472001
vt 0.33340999 3.80619001
vt 0.33340999 3.71524000
vt 0.16683000 3.80619001
vt 0.00024000 3.85996008
vt 0.00024000 3.80619001
vt 0.16683000 3.85996008
vt 0.50000000 3.36952996
vt 0.50000000 3.50018001
vt 0.33340999 3.36952996
vt 0.50000000 3.50018001
vt 0.33340999 3.62764001
vt 0.50000000 3.62764001
vt 0.66658998 3.62764001
vt 0.66658998 3.50018001
vt 0.66658998 3.71524000
vt 0.50000000 3.71524000
vt 0.66658998 3.80619001
vt 0.66658998 3.71524000
vt 0.50000000 3.80619001
vt 0.66658998 3.85996008
vt 0.66658998 3.80619001
vt 0.50000000 3.85996008
vt 0.66658998 3.90272999
vt 0.66658998 3.85996008
vt 0.83317000 3.80619001
vt 0.83317000 3.71524000
vt 0.99975997 3.80619001
vt 0.99975997 3.71524000
vt 0.83317000 3.85996008
vt 0.83317000 3.90272999
vt 0.66658998 3.93628001
vt 0.83317000 3.93628001
vt 0.66658998 3.96219993
vt 0.50000000 3.96219993
vt 0.99975997 3.90272999
vt 0.99975997 3.85996008
vt 0.99975997 3.93628001
vt 0.83317000 3.93628001
vt 0.66658998 3.96219993
vt 0.83317000 3.96219993
vt 0.99975997 3.96219993
vt 0.99975997 3.93628001
vt 0.83317000 3.96219993
vt 0.99975997 3.98457003
vt 0.99975997 3.96219993
vt 0.83317000 3.98457003
vt 0.83317000 3.96219993
vt 0.66658998 3.98457003
vt 0.83317000 3.98457003
vt 0.99975997 3.85996008
vt 0.83317000 3.80619001
vt 0.99975997 3.80619001
vt 0.50000000 2.36111999
vt 0.50000000 2.43221998
vt 0.33340999 2.43221998
vt 0.33340999 2.37399006
vt 0.16683000 2.43221998
vt 0.33340999 2.37399006
vt 0.33340999 2.55183005
vt 0.16683000 2.55183005
vt 0.00024000 2.43221998
vt 0.00024000 2.38594007
vt 0.00024000 2.35335994
vt 0.16683000 2.38205004
vt 0.00024000 2.32093000
vt 0.16683000 2.33456993
vt 0.16683000 2.33456993
vt 0.33340999 2.31416011
vt 0.33340999 2.37399006
vt 0.16683000 2.43221998
vt 0.16683000 2.38205004
vt 0.33340999 2.31416011
vt 0.00024000 2.38594007
vt 0.16683000 2.55183005
vt 0.00024000 2.55183005
vt 0.00024000 2.43221998
vt 0.16683000 2.55183005
vt 0.00024000 2.65459991
vt 0.16683000 2.65459991
vt 0.16683000 2.75759006
vt 0.00024000 2.75759006
vt 0.00024000 2.65459991
vt 0.50000000 2.29263997
vt 0.33340999 2.23338008
vt 0.50000000 2.19805002
vt 0.16683000 2.33456993
vt 0.16683000 2.28542995
vt 0.16683000 2.33456993
vt 0.00024000 2.32093000
vt 0.99975997 3.19225001
vt 0.99975997 3.26323009
vt 0.79984999 3.26323009
vt 0.79984999 3.17219996
vt 0.79984999 3.12255001
vt 0.59995002 3.15192008
vt 0.59995002 3.06550002
vt 0.79984999 3.12255001
vt 0.59995002 3.06550002
vt 0.59995002 2.96323991
vt 0.79984999 3.08282995
vt 0.99975997 3.11619997
vt 0.99975997 3.15311003
vt 0.59995002 3.06550002
vt 0.40005001 2.94250989
vt 0.40005001 3.06894994
vt 0.59995002 3.15192008
vt 0.40005001 3.16084003
vt 0.40005001 3.06894994
vt 0.20015000 3.11017990
vt 0.25012001 4.59338999
vt 0.25012001 4.67360020
vt 0.00024000 4.67360020
vt 0.00024000 4.59338999
vt 0.25012001 4.67360020
vt 0.00024000 4.73396015
vt 0.25012001 4.73396015
vt 0.00024000 4.73396015
vt 0.12518001 7.17344999
vt 0.50000000 2.88012004
vt 0.50000000 2.98760009
vt 0.33340999 2.99473000
vt 0.33340999 2.88855004
vt 0.50000000 2.98760009
vt 0.33340999 3.07758999
vt 0.50000000 3.07214999
vt 0.50000000 3.07214999
vt 0.33340999 3.17625999
vt 0.50000000 3.17625999
vt 0.66658998 3.17625999
vt 0.66658998 3.07167006
vt 0.66658998 2.99267006
vt 0.66658998 2.99267006
vt 0.50000000 2.88012004
vt 0.66658998 2.90175009
vt 0.83317000 2.92612004
vt 0.66658998 2.99267006
vt 0.83317000 3.00345993
vt 0.33340999 3.43590999
vt 0.16683000 3.17625999
vt 0.16683000 3.43590999
vt 0.33340999 3.17625999
vt 0.16683000 3.08199000
vt 0.33340999 3.07758999
vt 0.16683000 3.00412989
vt 0.00024000 3.08398008
vt 0.00024000 3.01898003
vt 0.16683000 2.90733004
vt 0.00024000 2.95745993
vt 0.16683000 3.00412989
vt 0.33340999 3.07758999
vt 0.33340999 2.99473000
vt 0.00024000 3.17625999
vt 0.00024000 3.08398008
vt 0.16683000 3.17625999
vt 0.00024000 3.43590999
vt 0.00024000 3.65661001
vt 0.16683000 3.65661001
vt 0.16683000 3.65661001
vt 0.00024000 3.87420988
vt 0.16683000 3.87420988
vt 0.00024000 4.02511978
vt 0.16683000 4.02511978
vt 0.00024000 4.18326998
vt 0.16683000 4.18326998
vt 0.33340999 4.02511978
vt 0.33340999 3.87420988
vt 0.33340999 4.18326998
vt 0.16683000 4.18326998
vt 0.33340999 4.27833986
vt 0.16683000 4.27833986
vt 0.50000000 4.18326998
vt 0.50000000 4.27833986
vt 0.50000000 4.27833986
vt 0.33340999 4.36680984
vt 0.50000000 4.36680984
vt 0.33340999 4.42542982
vt 0.50000000 4.42542982
vt 0.66658998 4.42542982
vt 0.50000000 4.42542982
vt 0.66658998 4.36680984
vt 0.83317000 4.36680984
vt 0.66658998 4.42542982
vt 0.83317000 4.42542982
vt 0.66658998 4.48386002
vt 0.83317000 4.48386002
vt 0.99975997 4.51616001
vt 0.83317000 4.51616001
vt 0.99975997 4.48386002
vt 0.99975997 4.54371977
vt 0.83317000 4.51616001
vt 0.83317000 4.54371977
vt 0.99975997 4.56771994
vt 0.83317000 4.54371977
vt 0.83317000 4.56771994
vt 0.83317000 4.51616001
vt 0.66658998 4.54371977
vt 0.66658998 4.51616001
vt 0.83317000 4.48386002
vt 0.66658998 4.51616001
vt 0.50000000 4.42542982
vt 0.66658998 4.42542982
vt 0.50000000 4.48386002
vt 0.66658998 3.10910010
vt 0.50000000 3.10910010
vt 0.50000000 3.08930993
vt 0.66658998 3.08930993
vt 0.33340999 3.10910010
vt 0.33340999 3.08930993
vt 0.33340999 3.10910010
vt 0.16683000 3.08930993
vt 0.16683000 3.10910010
vt 0.33340999 3.12838006
vt 0.16683000 3.12838006
vt 0.16683000 3.10910010
vt 0.00024000 3.12838006
vt 0.00024000 3.10910010
vt 0.50000000 3.10910010
vt 0.33340999 3.12838006
vt 0.50000000 3.12838006
vt 0.66658998 3.12838006
vt 0.50000000 3.10910010
vt 0.66658998 3.10910010
vt 0.50000000 3.12838006
vt 0.33340999 3.13996005
vt 0.50000000 3.13996005
vt 0.66658998 3.13996005
vt 0.50000000 3.12838006
vt 0.66658998 3.12838006
vt 0.83317000 3.12838006
vt 0.66658998 3.13996005
vt 0.83317000 3.13996005
vt 0.99975997 3.13996005
vt 0.99975997 3.12838006
vt 0.83317000 3.10910010
vt 0.66658998 3.12838006
vt 0.99975997 3.12838006
vt 0.99975997 3.10910010
vt 0.99975997 3.10910010
vt 0.83317000 3.08930993
vt 0.99975997 3.08930993
vt 0.83317000 3.10910010
vt 0.66658998 3.08930993
vt 0.83317000 3.05887008
vt 0.99975997 3.08930993
vt 0.99975997 3.05887008
vt 0.83317000 3.01303005
vt 0.99975997 3.01303005
vt 0.66658998 3.05887008
vt 0.66658998 3.01303005
vt 0.99975997 3.01303005
vt 0.83317000 2.96807003
vt 0.99975997 2.96807003
vt 0.83317000 3.01303005
vt 0.66658998 2.96807003
vt 0.99975997 2.96807003
vt 0.83317000 2.90189004
vt 0.99975997 2.90189004
vt 0.50000000 2.96807003
vt 0.66658998 2.96807003
vt 0.50000000 3.01303005
vt 0.50000000 2.96807003
vt 0.33340999 3.01303005
vt 0.33340999 2.96807003
vt 0.50000000 2.90189004
vt 0.66658998 2.90189004
vt 0.83317000 2.80905008
vt 0.83317000 2.90189004
vt 0.66658998 2.80905008
vt 0.50000000 2.80905008
vt 0.50000000 2.90189004
vt 0.33340999 2.90189004
vt 0.50000000 2.80905008
vt 0.33340999 2.80905008
vt 0.16683000 2.80905008
vt 0.33340999 2.80905008
vt 0.16683000 2.90189004
vt 0.00024000 2.90189004
vt 0.00024000 2.80905008
vt 0.00024000 2.96807003
vt 0.00024000 2.90189004
vt 0.16683000 2.96807003
vt 0.33340999 3.01303005
vt 0.16683000 2.90189004
vt 0.33340999 2.90189004
vt 0.16683000 3.01303005
vt 0.33340999 3.05887008
vt 0.33340999 3.01303005
vt 0.16683000 3.05887008
vt 0.00024000 3.08930993
vt 0.00024000 3.05887008
vt 0.16683000 3.08930993
vt 0.00024000 3.10910010
vt 0.00024000 3.08930993
vt 0.16683000 3.10910010
vt 0.16683000 3.05887008
vt 0.33340999 3.05887008
vt 0.50000000 3.05887008
vt 0.33340999 3.05887008
vt 0.50000000 3.08930993
vt 0.50000000 3.01303005
vt 0.33340999 3.01303005
vt 0.66658998 3.05887008
vt 0.66658998 3.01303005
vt 0.50000000 3.05887008
vt 0.50000000 3.05887008
vt 0.50000000 3.08930993
vt 0.59995002 4.61177015
vt 0.59995002 4.63416004
vt 0.40005001 4.63416004
vt 0.40005001 4.61177015
vt 0.20015000 4.58525991
vt 0.40005001 4.58525991
vt 0.20015000 4.61177015
vt 0.20015000 4.53879976
vt 0.00024000 4.58525991
vt 0.00024000 4.53879976
vt 0.20015000 4.48980999
vt 0.00024000 4.48980999
vt 0.20015000 4.53879976
vt 0.40005001 4.58525991
vt 0.40005001 4.53879976
vt 0.20015000 4.48980999
vt 0.40005001 4.48980999
vt 0.59995002 4.53879976
vt 0.59995002 4.58525991
vt 0.59995002 4.58525991
vt 0.40005001 4.61177015
vt 0.59995002 4.61177015
vt 0.79984999 4.61177015
vt 0.79984999 4.58525991
vt 0.79984999 4.53879976
vt 0.79984999 4.53879976
vt 0.59995002 4.48980999
vt 0.79984999 4.48980999
vt 0.99975997 4.48980999
vt 0.99975997 4.53879976
vt 0.79984999 4.48980999
vt 0.99975997 4.41298008
vt 0.79984999 4.41298008
vt 0.99975997 4.32604980
vt 0.79984999 4.32604980
vt 0.99975997 4.17469978
vt 0.99975997 4.32604980
vt 0.79984999 4.17469978
vt 0.99975997 4.53879976
vt 0.79984999 4.58525991
vt 0.99975997 4.58525991
vt 0.79984999 4.61177015
vt 0.99975997 4.61177015
vt 0.79984999 4.63416004
vt 0.79984999 4.61177015
vt 0.99975997 4.63416004
vt 0.99975997 4.63416004
vt 0.89980000 7.94581985
vt 0.99975997 4.37827015
vt 0.99975997 4.74473000
vt 0.79984999 4.74473000
vt 0.79984999 4.37827015
vt 0.99975997 4.24818993
vt 0.79984999 4.23736000
vt 0.59995002 4.37827015
vt 0.79984999 4.37827015
vt 0.59995002 4.74473000
vt 0.79984999 5.09730005
vt 0.59995002 5.09730005
vt 0.99975997 4.74473000
vt 0.99975997 5.09730005
vt 0.40005001 4.74473000
vt 0.40005001 4.37827015
vt 0.59995002 4.23416996
vt 0.40005001 4.24241018
vt 0.20015000 4.37827015
vt 0.20015000 4.74473000
vt 0.40005001 5.09730005
vt 0.20015000 4.74473000
vt 0.20015000 5.09730005
vt 0.40005001 5.33809996
vt 0.20015000 5.09730005
vt 0.20015000 5.33809996
vt 0.00024000 5.33809996
vt 0.00024000 5.09730005
vt 0.00024000 5.58285999
vt 0.20015000 5.58285999
vt 0.00024000 5.72321987
vt 0.20015000 5.72321987
vt 0.40005001 5.72321987
vt 0.40005001 5.58285999
vt 0.20015000 5.33809996
vt 0.59995002 5.09730005
vt 0.59995002 5.33809996
vt 0.40005001 5.09730005
vt 0.59995002 4.74473000
vt 0.79984999 5.33809996
vt 0.59995002 5.09730005
vt 0.79984999 5.09730005
vt 0.59995002 5.58285999
vt 0.40005001 5.58285999
vt 0.59995002 5.72321987
vt 0.40005001 5.84727001
vt 0.59995002 5.84727001
vt 0.40005001 5.92637014
vt 0.59995002 5.92637014
vt 0.40005001 6.00149012
vt 0.20015000 5.92637014
vt 0.20015000 6.00149012
vt 0.40005001 5.92637014
vt 0.20015000 5.84727001
vt 0.20015000 5.92637014
vt 0.00024000 5.92637014
vt 0.00024000 5.84727001
vt 0.20015000 5.72321987
vt 0.00024000 5.72321987
vt 0.40005001 5.84727001
vt 0.40005001 5.72321987
vt 0.59995002 5.92637014
vt 0.40005001 6.00149012
vt 0.59995002 6.00149012
vt 0.40005001 6.04437017
vt 0.20015000 6.00149012
vt 0.20015000 6.04437017
vt 0.00024000 6.04437017
vt 0.00024000 6.00149012
vt 0.20015000 6.04437017
vt 0.40005001 6.04437017
vt 0.40005001 6.00149012
vt 0.59995002 6.04437017
vt 0.79984999 6.04437017
vt 0.79984999 6.00149012
vt 0.59995002 6.00149012
vt 0.79984999 5.92637014
vt 0.59995002 5.84727001
vt 0.79984999 5.84727001
vt 0.99975997 5.84727001
vt 0.99975997 5.92637014
vt 0.99975997 6.04437017
vt 0.79984999 6.08058977
vt 0.99975997 6.08058977
vt 0.59995002 6.08058977
vt 0.69989997 10.04559994
vt 0.40005001 6.08058977
vt 0.50000000 10.04559994
vt 0.59995002 6.04437017
vt 0.20015000 6.04437017
vt 0.20015000 6.08058977
vt 0.20015000 6.08058977
vt 0.30010000 10.04559994
vt 0.00024000 6.08058977
vt 0.10020000 10.04559994
vt 0.00024000 6.08058977
vt 0.00024000 6.04437017
vt 0.20015000 6.08058977
vt 0.79984999 6.08058977
vt 0.59995002 6.04437017
vt 0.79984999 6.04437017
vt 0.99975997 6.08058977
vt 0.89980000 10.04559994
vt 0.99975997 6.00149012
vt 0.79984999 6.00149012
vt 0.99975997 5.92637014
vt 0.79984999 6.00149012
vt 0.79984999 5.92637014
vt 0.66658998 2.22590995
vt 0.50000000 2.22398996
vt 0.50000000 2.16009998
vt 0.66658998 2.16968989
vt 0.66658998 2.16968989
vt 0.50000000 2.08101010
vt 0.66658998 2.11075997
vt 0.33340999 2.17090988
vt 0.33340999 2.10325003
vt 0.50000000 2.16009998
vt 0.33340999 2.22942996
vt 0.66658998 2.28782010
vt 0.66658998 2.22590995
vt 0.50000000 2.28782010
vt 0.83317000 2.22708988
vt 0.83317000 2.28782010
vt 0.66658998 2.35869002
vt 0.83317000 2.35869002
vt 0.99975997 2.28782010
vt 0.83317000 2.22708988
vt 0.99975997 2.22898006
vt 0.83317000 2.16599989
vt 0.99975997 2.16991997
vt 0.83317000 2.09189010
vt 0.99975997 2.09808993
vt 0.83317000 2.16599989
vt 0.83317000 2.16599989
vt 0.66658998 2.22590995
vt 0.66658998 2.16968989
vt 0.50000000 2.28782010
vt 0.66658998 2.28782010
vt 0.50000000 2.35869002
vt 0.66658998 2.43075991
vt 0.50000000 2.43075991
vt 0.83317000 2.35869002
vt 0.66658998 2.43075991
vt 0.83317000 2.43075991
vt 0.66658998 2.48214006
vt 0.50000000 2.43075991
vt 0.50000000 2.48214006
vt 0.66658998 2.53730011
vt 0.50000000 2.53730011
vt 0.33340999 2.57822990
vt 0.33340999 2.53730011
vt 0.50000000 2.57822990
vt 0.66658998 2.57822990
vt 0.50000000 2.53730011
vt 0.66658998 2.53730011
vt 0.50000000 2.53730011
vt 0.33340999 2.53730011
vt 0.33340999 2.48214006
vt 0.50000000 2.43075991
vt 0.33340999 2.43075991
vt 0.33340999 2.48214006
vt 0.16683000 2.43075991
vt 0.16683000 2.48214006
vt 0.16683000 2.35869002
vt 0.00024000 2.43075991
vt 0.00024000 2.35869002
vt 0.33340999 2.43075991
vt 0.16683000 2.43075991
vt 0.33340999 2.35869002
vt 0.50000000 2.35869002
vt 0.50000000 2.43075991
vt 0.33340999 2.35869002
vt 0.33340999 2.28782010
vt 0.50000000 2.22398996
vt 0.16683000 2.23141003
vt 0.16683000 2.28782010
vt 0.33340999 2.28782010
vt 0.16683000 2.23141003
vt 0.16683000 2.17536998
vt 0.33340999 2.17090988
vt 0.16683000 2.11173010
vt 0.33340999 2.10325003
vt 0.00024000 2.16991997
vt 0.00024000 2.09808993
vt 0.16683000 3.41792989
vt 0.16683000 3.46939993
vt 0.00024000 3.46939993
vt 0.00024000 3.41792989
vt 0.00024000 3.51729012
vt 0.16683000 3.51729012
vt 0.33340999 3.51729012
vt 0.16683000 3.51729012
vt 0.33340999 3.46939993
vt 0.16683000 3.41792989
vt 0.33340999 3.41792989
vt 0.16683000 3.33260012
vt 0.50000000 3.41792989
vt 0.50000000 3.46939993
vt 0.50000000 3.33260012
vt 0.66658998 3.41792989
vt 0.33340999 3.33260012
vt 0.16683000 3.25085998
vt 0.33340999 3.25085998
vt 0.50000000 3.25085998
vt 0.33340999 3.25085998
vt 0.66658998 3.33260012
vt 0.66658998 3.25085998
vt 0.50000000 3.13336992
vt 0.66658998 3.13336992
vt 0.50000000 3.25085998
vt 0.33340999 3.25085998
vt 0.33340999 3.13336992
vt 0.33340999 3.25085998
vt 0.16683000 3.13336992
vt 0.00024000 3.33260012
vt 0.00024000 3.25085998
vt 0.16683000 3.33260012
vt 0.16683000 3.33260012
vt 0.00024000 3.41792989
vt 0.16683000 3.13336992
vt 0.00024000 3.25085998
vt 0.00024000 3.13336992
vt 0.16683000 3.01395988
vt 0.16683000 3.13336992
vt 0.00024000 3.01395988
vt 0.33340999 3.13336992
vt 0.33340999 3.01395988
vt 0.50000000 3.01395988
vt 0.50000000 3.13336992
vt 0.33340999 3.01395988
vt 0.16683000 2.88674998
vt 0.33340999 2.88674998
vt 0.50000000 2.88674998
vt 0.50000000 3.01395988
vt 0.66658998 3.01395988
vt 0.66658998 2.88674998
vt 0.83317000 2.88674998
vt 0.83317000 3.01395988
vt 0.83317000 2.81260991
vt 0.99975997 2.88674998
vt 0.99975997 2.81683993
vt 0.83317000 2.74856997
vt 0.99975997 2.75501990
vt 0.99975997 2.75501990
vt 0.83317000 2.66847992
vt 0.99975997 2.67734003
vt 0.99975997 3.01395988
vt 0.99975997 2.88674998
vt 0.83317000 3.01395988
vt 0.50000000 2.88674998
vt 0.50000000 2.80934000
vt 0.66658998 2.80987000
vt 0.83317000 2.74856997
vt 0.66658998 2.74863005
vt 0.83317000 2.66847992
vt 0.66658998 2.68161011
vt 0.50000000 2.65823007
vt 0.66658998 2.68161011
vt 0.50000000 2.74123001
vt 0.66658998 2.80987000
vt 0.66658998 2.74863005
vt 0.50000000 2.88674998
vt 0.33340999 2.88674998
vt 0.33340999 2.81520009
vt 0.50000000 2.74123001
vt 0.50000000 2.80934000
vt 0.33340999 2.74973989
vt 0.16683000 2.68312001
vt 0.33340999 2.66956997
vt 0.16683000 2.75759006
vt 0.00024000 2.75501990
vt 0.00024000 2.67734003
vt 0.16683000 2.81895995
vt 0.33340999 2.74973989
vt 0.33340999 2.88674998
vt 0.16683000 2.81895995
vt 0.16683000 2.81895995
vt 0.00024000 2.88674998
vt 0.00024000 2.81683993
vt 0.50000000 2.65823007
vt 0.33340999 2.66956997
vt 0.50000000 2.74123001
vt 0.83317000 1.29375005
vt 0.83317000 1.40015996
vt 0.66658998 1.41294003
vt 0.66658998 1.31889999
vt 0.50000000 1.28968000
vt 0.66658998 1.31889999
vt 0.50000000 1.40104997
vt 0.99975997 1.51137996
vt 0.99975997 1.42439997
vt 0.83317000 1.49720001
vt 0.83317000 1.58826005
vt 0.66658998 1.59107995
vt 0.66658998 1.50400996
vt 0.50000000 1.50003004
vt 0.50000000 1.40104997
vt 0.66658998 1.41294003
vt 0.83317000 1.40015996
vt 0.66658998 1.50400996
vt 0.66658998 1.41294003
vt 0.83317000 1.29375005
vt 0.99975997 1.33298004
vt 0.66658998 1.59107995
vt 0.50000000 1.50003004
vt 0.50000000 1.59119999
vt 0.50000000 1.40104997
vt 0.33340999 1.50158000
vt 0.33340999 1.39917004
vt 0.50000000 1.59119999
vt 0.33340999 1.59467006
vt 0.33340999 1.50158000
vt 0.50000000 1.59119999
vt 0.33340999 1.68620002
vt 0.50000000 1.68378997
vt 0.50000000 1.68378997
vt 0.33340999 1.77410996
vt 0.50000000 1.77410996
vt 0.66658998 1.77410996
vt 0.66658998 1.68165004
vt 0.50000000 1.68378997
vt 0.50000000 1.59119999
vt 0.66658998 1.59107995
vt 0.83317000 1.58826005
vt 0.83317000 1.68042004
vt 0.66658998 1.77410996
vt 0.83317000 1.77410996
vt 0.66658998 1.95167994
vt 0.50000000 1.95167994
vt 0.99975997 1.68373001
vt 0.99975997 1.59616005
vt 0.83317000 1.49720001
vt 0.99975997 1.51137996
vt 0.99975997 1.77410996
vt 0.99975997 1.68373001
vt 0.83317000 1.77410996
vt 0.99975997 1.95167994
vt 0.83317000 1.95167994
vt 0.99975997 2.10787010
vt 0.99975997 1.95167994
vt 0.83317000 2.10787010
vt 0.99975997 2.24464989
vt 0.99975997 2.10787010
vt 0.83317000 2.24464989
vt 0.83317000 2.36375999
vt 0.66658998 2.36375999
vt 0.66658998 2.24464989
vt 0.83317000 2.10787010
vt 0.66658998 2.10787010
vt 0.50000000 2.10787010
vt 0.50000000 1.95167994
vt 0.66658998 1.95167994
vt 0.83317000 1.77410996
vt 0.66658998 1.77410996
vt 0.83317000 1.95167994
vt 0.66658998 2.10787010
vt 0.83317000 2.10787010
vt 0.83317000 2.36375999
vt 0.66658998 2.46673012
vt 0.83317000 2.46673012
vt 0.99975997 2.55499005
vt 0.99975997 2.46673012
vt 0.83317000 2.55499005
vt 0.99975997 2.46673012
vt 0.83317000 2.36375999
vt 0.99975997 2.36375999
vt 0.99975997 2.62994003
vt 0.83317000 2.62994003
vt 0.99975997 2.55499005
vt 0.83317000 2.46673012
vt 0.66658998 2.55499005
vt 0.66658998 2.46673012
vt 0.50000000 2.36375999
vt 0.66658998 2.36375999
vt 0.50000000 2.46673012
vt 0.50000000 2.36375999
vt 0.33340999 2.46673012
vt 0.33340999 2.36375999
vt 0.50000000 2.24464989
vt 0.33340999 2.36375999
vt 0.33340999 2.24464989
vt 0.66658998 2.36375999
vt 0.50000000 2.24464989
vt 0.33340999 2.10787010
vt 0.33340999 1.95167994
vt 0.50000000 1.77410996
vt 0.33340999 1.77410996
vt 0.33340999 1.95167994
vt 0.16683000 1.77410996
vt 0.16683000 1.95167994
vt 0.16683000 1.77410996
vt 0.00024000 1.95167994
vt 0.00024000 1.77410996
vt 0.16683000 1.68637002
vt 0.00024000 1.68373001
vt 0.33340999 1.68620002
vt 0.16683000 1.77410996
vt 0.16683000 1.95167994
vt 0.00024000 2.10787010
vt 0.16683000 2.10787010
vt 0.33340999 1.95167994
vt 0.16683000 2.10787010
vt 0.33340999 2.24464989
vt 0.50000000 2.10787010
vt 0.50000000 2.24464989
vt 0.16683000 2.24464989
vt 0.00024000 2.24464989
vt 0.16683000 2.24464989
vt 0.00024000 2.36375999
vt 0.16683000 2.36375999
vt 0.00024000 2.46673012
vt 0.16683000 2.46673012
vt 0.33340999 2.36375999
vt 0.50000000 2.46673012
vt 0.33340999 2.55499005
vt 0.50000000 2.55499005
vt 0.16683000 2.46673012
vt 0.33340999 2.46673012
vt 0.16683000 2.55499005
vt 0.00024000 2.62994003
vt 0.00024000 2.55499005
vt 0.16683000 2.62994003
vt 0.33340999 2.62994003
vt 0.33340999 2.55499005
vt 0.50000000 2.62994003
vt 0.50000000 2.69303989
vt 0.66658998 2.74569988
vt 0.66658998 2.69303989
vt 0.83317000 2.69303989
vt 0.83317000 2.74569988
vt 0.99975997 2.74569988
vt 0.99975997 2.69303989
vt 0.83317000 2.62994003
vt 0.99975997 2.62994003
vt 0.83317000 2.69303989
vt 0.66658998 2.62994003
vt 0.83317000 2.55499005
vt 0.50000000 2.55499005
vt 0.66658998 2.69303989
vt 0.50000000 2.69303989
vt 0.50000000 2.46673012
vt 0.66658998 2.46673012
vt 0.99975997 2.78923988
vt 0.83317000 2.74569988
vt 0.83317000 2.78923988
vt 0.66658998 2.82485008
vt 0.66658998 2.78923988
vt 0.83317000 2.82485008
vt 0.99975997 2.82485008
vt 0.99975997 2.78923988
vt 0.83317000 2.82485008
vt 0.83317000 2.85361004
vt 0.66658998 2.82485008
vt 0.83317000 2.82485008
vt 0.99975997 2.85361004
vt 0.83317000 2.87649989
vt 0.66658998 2.85361004
vt 0.50000000 2.82485008
vt 0.66658998 2.78923988
vt 0.66658998 2.78923988
vt 0.50000000 2.74569988
vt 0.66658998 2.74569988
vt 0.83317000 2.78923988
vt 0.74988002 6.53803015
vt 0.74988002 6.57727003
vt 0.50000000 6.57727003
vt 0.50000000 6.53803015
vt 0.25012001 6.57727003
vt 0.37505999 11.32184029
vt 0.50000000 6.57727003
vt 0.62493998 11.32184029
vt 0.99975997 6.57727003
vt 0.74988002 6.53803015
vt 0.99975997 6.53803015
vt 0.74988002 6.48954010
vt 0.99975997 6.48954010
vt 0.99975997 6.48954010
vt 0.74988002 6.42540979
vt 0.99975997 6.42540979
vt 0.50000000 6.48954010
vt 0.50000000 6.42540979
vt 0.25012001 6.42540979
vt 0.25012001 6.48954010
vt 0.25012001 6.33457994
vt 0.00024000 6.42540979
vt 0.00024000 6.33457994
vt 0.25012001 6.42540979
vt 0.00024000 6.48954010
vt 0.00024000 6.42540979
vt 0.99975997 6.42540979
vt 0.74988002 6.33457994
vt 0.99975997 6.33457994
vt 0.74988002 6.33457994
vt 0.50000000 6.33457994
vt 0.74988002 6.20921993
vt 0.99975997 6.33457994
vt 0.99975997 6.20921993
vt 0.74988002 6.04016018
vt 0.99975997 6.04016018
vt 0.50000000 6.20921993
vt 0.50000000 6.04016018
vt 0.74988002 5.81689978
vt 0.50000000 5.81689978
vt 0.74988002 5.52769995
vt 0.74988002 5.81689978
vt 0.50000000 5.52769995
vt 0.25012001 5.15960979
vt 0.50000000 5.15960979
vt 0.25012001 5.52769995
vt 0.50000000 5.81689978
vt 0.25012001 5.81689978
vt 0.00024000 6.04016018
vt 0.00024000 5.81689978
vt 0.25012001 6.04016018
vt 0.50000000 6.04016018
vt 0.25012001 6.20921993
vt 0.50000000 6.33457994
vt 0.25012001 6.20921993
vt 0.25012001 6.33457994
vt 0.25012001 6.20921993
vt 0.00024000 6.33457994
vt 0.00024000 6.20921993
vt 0.50000000 6.04016018
vt 0.25012001 5.81689978
vt 0.50000000 5.81689978
vt 0.25012001 5.52769995
vt 0.00024000 5.81689978
vt 0.00024000 5.52769995
vt 0.25012001 5.15960979
vt 0.00024000 5.15960979
vt 0.25012001 5.02500010
vt 0.25012001 5.15960979
vt 0.00024000 5.03128004
vt 0.99975997 2.27413011
vt 0.83317000 2.27413011
vt 0.83317000 1.97364998
vt 0.99975997 1.97364998
vt 0.83317000 1.87264001
vt 0.99975997 1.87659001
vt 0.66658998 1.97364998
vt 0.66658998 1.87161005
vt 0.50000000 1.77086997
vt 0.66658998 1.77471006
vt 0.50000000 1.87258005
vt 0.50000000 1.77086997
vt 0.33340999 1.87677002
vt 0.33340999 1.77835000
vt 0.16683000 1.78541994
vt 0.16683000 1.87853003
vt 0.00024000 1.87659001
vt 0.00024000 1.78472996
vt 0.33340999 1.97364998
vt 0.50000000 1.97364998
vt 0.33340999 2.27413011
vt 0.16683000 1.97364998
vt 0.16683000 2.27413011
vt 0.16683000 1.97364998
vt 0.00024000 2.27413011
vt 0.00024000 1.97364998
vt 0.16683000 1.87853003
vt 0.33340999 1.97364998
vt 0.33340999 1.87677002
vt 0.50000000 2.27413011
vt 0.33340999 2.52879000
vt 0.50000000 2.52879000
vt 0.66658998 2.27413011
vt 0.50000000 1.97364998
vt 0.66658998 1.97364998
vt 0.33340999 2.52879000
vt 0.16683000 2.27413011
vt 0.16683000 2.52879000
vt 0.50000000 2.52879000
vt 0.33340999 2.77224994
vt 0.50000000 2.77224994
vt 0.33340999 2.98152995
vt 0.50000000 2.98152995
vt 0.66658998 2.77224994
vt 0.66658998 2.52879000
vt 0.66658998 2.27413011
vt 0.66658998 2.98152995
vt 0.50000000 2.98152995
vt 0.66658998 2.77224994
vt 0.83317000 2.77224994
vt 0.66658998 2.98152995
vt 0.83317000 2.98152995
vt 0.99975997 2.98152995
vt 0.99975997 2.77224994
vt 0.99975997 3.15991998
vt 0.99975997 2.98152995
vt 0.83317000 3.15991998
vt 0.83317000 2.98152995
vt 0.66658998 3.15991998
vt 0.66658998 2.98152995
vt 0.99975997 3.31057000
vt 0.99975997 3.15991998
vt 0.83317000 3.31057000
vt 0.99975997 3.43653011
vt 0.83317000 3.43653011
vt 0.99975997 3.54070997
vt 0.99975997 3.43653011
vt 0.83317000 3.54070997
vt 0.99975997 3.62589002
vt 0.83317000 3.54070997
vt 0.83317000 3.62589002
vt 0.99975997 3.69466996
vt 0.83317000 3.62589002
vt 0.83317000 3.69466996
vt 0.83317000 3.69466996
vt 0.66658998 3.69466996
vt 0.66658998 3.62589002
vt 0.50000000 3.69466996
vt 0.50000000 3.62589002
vt 0.66658998 3.62589002
vt 0.83317000 3.62589002
vt 0.66658998 3.54070997
vt 0.83317000 3.43653011
vt 0.66658998 3.43653011
vt 0.50000000 3.54070997
vt 0.50000000 3.62589002
vt 0.33340999 3.62589002
vt 0.33340999 3.54070997
vt 0.50000000 3.43653011
vt 0.33340999 3.43653011
vt 0.50000000 3.54070997
vt 0.50000000 3.43653011
vt 0.66658998 3.43653011
vt 0.50000000 3.31057000
vt 0.66658998 3.31057000
vt 0.83317000 3.43653011
vt 0.83317000 3.15991998
vt 0.66658998 3.15991998
vt 0.50000000 3.15991998
vt 0.66658998 3.15991998
vt 0.33340999 3.31057000
vt 0.33340999 3.15991998
vt 0.33340999 2.98152995
vt 0.16683000 2.77224994
vt 0.16683000 2.98152995
vt 0.33340999 2.77224994
vt 0.16683000 2.52879000
vt 0.33340999 2.52879000
vt 0.00024000 2.77224994
vt 0.00024000 2.98152995
vt 0.16683000 2.98152995
vt 0.00024000 3.15991998
vt 0.16683000 3.15991998
vt 0.33340999 2.98152995
vt 0.33340999 3.31057000
vt 0.16683000 3.31057000
vt 0.00024000 3.31057000
vt 0.16683000 3.31057000
vt 0.00024000 2.52879000
vt 0.16683000 2.27413011
vt 0.00024000 2.27413011
vt 0.33340999 3.43653011
vt 0.16683000 3.43653011
vt 0.50000000 3.43653011
vt 0.33340999 3.31057000
vt 0.33340999 3.54070997
vt 0.16683000 3.43653011
vt 0.16683000 3.54070997
vt 0.33340999 3.62589002
vt 0.16683000 3.62589002
vt 0.00024000 3.54070997
vt 0.00024000 3.43653011
vt 0.16683000 3.31057000
vt 0.00024000 3.43653011
vt 0.00024000 3.31057000
vt 0.16683000 3.54070997
vt 0.00024000 3.62589002
vt 0.16683000 3.62589002
vt 0.33340999 3.69466996
vt 0.16683000 3.62589002
vt 0.16683000 3.69466996
vt 0.50000000 3.69466996
vt 0.66658998 3.74942994
vt 0.66658998 3.69466996
vt 0.50000000 3.74942994
vt 0.66658998 3.79236007
vt 0.50000000 3.79236007
vt 0.50000000 3.82542992
vt 0.33340999 3.82542992
vt 0.33340999 3.79236007
vt 0.50000000 3.74942994
vt 0.50000000 3.79236007
vt 0.33340999 3.74942994
vt 0.16683000 3.74942994
vt 0.16683000 3.79236007
vt 0.33340999 3.79236007
vt 0.16683000 3.82542992
vt 0.33340999 3.85389996
vt 0.16683000 3.85389996
vt 0.16683000 3.79236007
vt 0.00024000 3.82542992
vt 0.00024000 3.79236007
vt 0.16683000 3.79236007
vt 0.00024000 3.74942994
vt 0.16683000 3.69466996
vt 0.16683000 3.74942994
vt 0.33340999 3.69466996
vt 0.00024000 3.69466996
vt 0.16683000 3.62589002
vt 0.00024000 3.62589002
vt 0.16683000 3.69466996
vt 0.99975997 5.01422977
vt 0.99975997 5.03519011
vt 0.79984999 5.03519011
vt 0.79984999 5.01422977
vt 0.79984999 5.03519011
vt 0.89980000 8.89062023
vt 0.99975997 4.98919010
vt 0.99975997 5.01422977
vt 0.99975997 4.95772982
vt 0.79984999 4.95772982
vt 0.99975997 4.91469002
vt 0.99975997 4.95772982
vt 0.79984999 4.91469002
vt 0.99975997 4.83408022
vt 0.79984999 4.83408022
vt 0.99975997 4.91469002
vt 0.99975997 2.68272996
vt 0.83317000 2.68272996
vt 0.83317000 2.67148995
vt 0.99975997 2.67148995
vt 0.99975997 2.67148995
vt 0.83317000 2.65458012
vt 0.99975997 2.65458012
vt 0.83317000 2.63651991
vt 0.99975997 2.63651991
vt 0.83317000 2.63651991
vt 0.83317000 2.60665011
vt 0.99975997 2.60665011
vt 0.66658998 2.63651991
vt 0.66658998 2.60665011
vt 0.83317000 2.57822990
vt 0.66658998 2.57822990
vt 0.83317000 2.53730011
vt 0.83317000 2.57822990
vt 0.66658998 2.53730011
vt 0.83317000 2.48214006
vt 0.83317000 2.53730011
vt 0.66658998 2.48214006
vt 0.83317000 2.60665011
vt 0.99975997 2.57822990
vt 0.83317000 2.53730011
vt 0.99975997 2.53730011
vt 0.83317000 2.48214006
vt 0.99975997 2.48214006
vt 0.83317000 2.43075991
vt 0.99975997 2.43075991
vt 0.66658998 2.48214006
vt 0.83317000 2.48214006
vt 0.50000000 4.97171021
vt 0.50000000 5.00306988
vt 0.33340999 5.00306988
vt 0.33340999 4.97171021
vt 0.66658998 4.97171021
vt 0.50000000 4.93403006
vt 0.33340999 4.97171021
vt 0.33340999 4.93403006
vt 0.66658998 4.93403006
vt 0.66658998 4.93403006
vt 0.50000000 4.86425018
vt 0.66658998 4.86425018
vt 0.33340999 4.93403006
vt 0.33340999 4.86425018
vt 0.50000000 4.79327011
vt 0.33340999 4.79327011
vt 0.16683000 4.68498993
vt 0.33340999 4.68498993
vt 0.16683000 4.79327011
vt 0.00024000 4.86425018
vt 0.00024000 4.79327011
vt 0.16683000 4.86425018
vt 0.00024000 4.93403006
vt 0.00024000 4.86425018
vt 0.16683000 4.93403006
vt 0.00024000 4.97171021
vt 0.16683000 4.97171021
vt 0.33340999 4.86425018
vt 0.16683000 4.79327011
vt 0.33340999 4.79327011
vt 0.16683000 4.68498993
vt 0.00024000 4.79327011
vt 0.00024000 4.68498993
vt 0.33340999 4.68498993
vt 0.16683000 4.56692982
vt 0.33340999 4.56692982
vt 0.50000000 4.56692982
vt 0.50000000 4.68498993
vt 0.66658998 4.68498993
vt 0.66658998 4.56692982
vt 0.50000000 4.36912012
vt 0.33340999 4.36912012
vt 0.50000000 4.17764997
vt 0.33340999 4.36912012
vt 0.66658998 4.36912012
vt 0.33340999 4.17764997
vt 0.50000000 3.90319991
vt 0.66658998 4.17764997
vt 0.83317000 4.17764997
vt 0.83317000 4.36912012
vt 0.66658998 4.56692982
vt 0.50000000 4.36912012
vt 0.33340999 3.90319991
vt 0.66658998 3.90319991
vt 0.83317000 3.90319991
vt 0.83317000 4.17764997
vt 0.50000000 3.64902997
vt 0.33340999 3.64902997
vt 0.50000000 3.90319991
vt 0.50000000 3.90319991
vt 0.66658998 3.64902997
vt 0.50000000 3.53070998
vt 0.33340999 3.64902997
vt 0.33340999 3.54059005
vt 0.50000000 3.43726993
vt 0.66658998 3.52658010
vt 0.66658998 3.43831992
vt 0.33340999 3.45070004
vt 0.16683000 3.46633005
vt 0.16683000 3.54643011
vt 0.33340999 3.54059005
vt 0.16683000 3.64902997
vt 0.16683000 3.90319991
vt 0.00024000 3.90319991
vt 0.00024000 3.64902997
vt 0.16683000 3.64902997
vt 0.00024000 3.64902997
vt 0.00024000 3.54197001
vt 0.16683000 3.46633005
vt 0.00024000 3.54197001
vt 0.00024000 3.46532011
vt 0.33340999 3.45070004
vt 0.16683000 3.36708999
vt 0.33340999 3.33367991
vt 0.50000000 3.31922007
vt 0.50000000 3.43726993
vt 0.66658998 3.43831992
vt 0.66658998 3.33153009
vt 0.16683000 3.36708999
vt 0.00024000 3.37140012
vt 0.16683000 3.46633005
vt 0.33340999 2.67387009
vt 0.16683000 2.68586993
vt 0.16683000 2.60338998
vt 0.33340999 2.57962990
vt 0.50000000 2.56152010
vt 0.33340999 2.67387009
vt 0.50000000 2.66082001
vt 0.33340999 2.75071001
vt 0.50000000 2.74188995
vt 0.33340999 2.83895993
vt 0.66658998 2.73990989
vt 0.66658998 2.66669011
vt 0.66658998 2.83895993
vt 0.50000000 2.83895993
vt 0.66658998 3.03278995
vt 0.50000000 3.03278995
vt 0.33340999 3.03278995
vt 0.50000000 3.03278995
vt 0.66658998 3.21472001
vt 0.50000000 3.21472001
vt 0.66658998 3.03278995
vt 0.83317000 3.03278995
vt 0.83317000 2.83895993
vt 0.99975997 3.03278995
vt 0.83317000 3.03278995
vt 0.99975997 2.83895993
vt 0.83317000 2.83895993
vt 0.83317000 2.74454999
vt 0.99975997 2.75272989
vt 0.83317000 2.83895993
vt 0.66658998 2.83895993
vt 0.66658998 2.73990989
vt 0.83317000 2.67347002
vt 0.66658998 2.66669011
vt 0.99975997 2.75272989
vt 0.99975997 2.68624997
vt 0.99975997 3.21472001
vt 0.99975997 3.03278995
vt 0.83317000 3.21472001
vt 0.66658998 3.36952996
vt 0.50000000 3.21472001
vt 0.66658998 3.50018001
vt 0.83317000 3.36952996
vt 0.99975997 3.36952996
vt 0.99975997 3.21472001
vt 0.83317000 3.50018001
vt 0.99975997 3.50018001
vt 0.99975997 3.36952996
vt 0.66658998 3.62764001
vt 0.83317000 3.62764001
vt 0.83317000 3.71524000
vt 0.99975997 3.62764001
vt 0.99975997 3.50018001
vt 0.99975997 3.71524000
vt 0.83317000 3.62764001
vt 0.83317000 3.71524000
vt 0.33340999 3.34669995
vt 0.16683000 3.34669995
vt 0.16683000 3.27672005
vt 0.33340999 3.27672005
vt 0.50000000 3.27672005
vt 0.50000000 3.34669995
vt 0.50000000 3.34669995
vt 0.33340999 3.41404009
vt 0.50000000 3.41404009
vt 0.66658998 3.41404009
vt 0.66658998 3.34669995
vt 0.66658998 3.27672005
vt 0.83317000 3.34669995
vt 0.83317000 3.41404009
vt 0.99975997 3.34669995
vt 0.83317000 3.27672005
vt 0.99975997 3.27672005
vt 0.83317000 3.34669995
vt 0.66658998 3.34669995
vt 0.66658998 3.27672005
vt 0.83317000 3.17579007
vt 0.99975997 3.27672005
vt 0.99975997 3.17579007
vt 0.50000000 3.17579007
vt 0.66658998 3.17579007
vt 0.66658998 3.17579007
vt 0.83317000 3.06431007
vt 0.66658998 3.06431007
vt 0.50000000 3.06431007
vt 0.50000000 3.17579007
vt 0.50000000 2.91669011
vt 0.33340999 3.06431007
vt 0.33340999 2.91669011
vt 0.16683000 2.91669011
vt 0.16683000 3.06431007
vt 0.50000000 3.06431007
vt 0.33340999 3.17579007
vt 0.50000000 3.17579007
vt 0.16683000 3.17579007
vt 0.16683000 3.27672005
vt 0.50000000 3.17579007
vt 0.33340999 3.17579007
vt 0.50000000 3.27672005
vt 0.33340999 3.17579007
vt 0.16683000 3.06431007
vt 0.33340999 3.06431007
vt 0.00024000 3.27672005
vt 0.00024000 3.17579007
vt 0.00024000 3.06431007
vt 0.16683000 3.17579007
vt 0.16683000 2.91669011
vt 0.00024000 3.06431007
vt 0.00024000 2.91669011
vt 0.16683000 2.74005008
vt 0.33340999 2.91669011
vt 0.33340999 2.74005008
vt 0.00024000 2.74005008
vt 0.16683000 2.53081012
vt 0.16683000 2.74005008
vt 0.00024000 2.53081012
vt 0.16683000 2.28511000
vt 0.00024000 2.53081012
vt 0.00024000 2.28511000
vt 0.33340999 2.28511000
vt 0.16683000 2.04310012
vt 0.33340999 2.04310012
vt 0.50000000 1.94689000
vt 0.50000000 2.04310012
vt 0.33340999 1.95052004
vt 0.16683000 1.95228004
vt 0.33340999 1.95052004
vt 0.16683000 2.04310012
vt 0.00024000 2.04310012
vt 0.00024000 2.28511000
vt 0.16683000 2.28511000
vt 0.00024000 1.94995999
vt 0.16683000 1.86241996
vt 0.00024000 1.85932004
vt 0.16683000 1.77692997
vt 0.00024000 1.77326000
vt 0.33340999 1.95052004
vt 0.33340999 1.85608995
vt 0.16683000 1.77692997
vt 0.33340999 1.76400995
vt 0.50000000 1.75862002
vt 0.33340999 1.76400995
vt 0.50000000 1.85088003
vt 0.66658998 1.85393000
vt 0.66658998 1.76845002
vt 0.33340999 1.85608995
vt 0.50000000 1.94689000
vt 0.66658998 1.94612002
vt 0.50000000 1.94689000
vt 0.66658998 1.85393000
vt 0.83317000 1.76264000
vt 0.83317000 1.85346997
vt 0.99975997 1.85932004
vt 0.99975997 1.77326000
vt 0.99975997 1.94995999
vt 0.83317000 1.94683003
vt 0.66658998 1.94612002
vt 0.66658998 1.85393000
vt 0.83317000 1.94683003
vt 0.83317000 1.94683003
vt 0.66658998 2.04310012
vt 0.83317000 2.04310012
vt 0.99975997 2.04310012
vt 0.99975997 1.94995999
vt 0.83317000 1.66408002
vt 0.66658998 1.76845002
vt 0.66658998 1.67868996
vt 0.99975997 1.77326000
vt 0.83317000 1.66408002
vt 0.99975997 1.68254995
vt 0.83317000 1.55402994
vt 0.66658998 1.67868996
vt 0.66658998 1.58781004
vt 0.50000000 1.54531002
vt 0.66658998 1.58781004
vt 0.50000000 1.65815997
vt 0.66658998 1.76845002
vt 0.50000000 1.75862002
vt 0.33340999 1.66237998
vt 0.50000000 1.54531002
vt 0.33340999 1.66237998
vt 0.33340999 1.55017996
vt 0.16683000 1.59372997
vt 0.33340999 1.55017996
vt 0.16683000 1.68687999
vt 0.33340999 1.66237998
vt 0.16683000 1.77692997
vt 0.16683000 1.59372997
vt 0.00024000 1.68254995
vt 0.00024000 1.58449996
vt 0.16683000 1.68687999
vt 0.00024000 1.77326000
vt 0.00024000 1.68254995
vt 0.99975997 3.66819000
vt 0.83317000 3.66819000
vt 0.83317000 3.55470991
vt 0.99975997 3.55470991
vt 0.83317000 3.40243006
vt 0.66658998 3.55470991
vt 0.66658998 3.40243006
vt 0.50000000 3.40243006
vt 0.66658998 3.40243006
vt 0.50000000 3.55470991
vt 0.50000000 3.26003003
vt 0.66658998 3.26003003
vt 0.33340999 3.40243006
vt 0.33340999 3.26003003
vt 0.33340999 3.55470991
vt 0.50000000 3.55470991
vt 0.50000000 3.55470991
vt 0.33340999 3.66819000
vt 0.50000000 3.66819000
vt 0.33340999 3.55470991
vt 0.16683000 3.40243006
vt 0.16683000 3.55470991
vt 0.00024000 3.55470991
vt 0.00024000 3.40243006
vt 0.33340999 3.40243006
vt 0.16683000 3.26003003
vt 0.33340999 3.26003003
vt 0.16683000 3.06167006
vt 0.33340999 3.06167006
vt 0.16683000 2.88246012
vt 0.00024000 3.06167006
vt 0.00024000 2.88246012
vt 0.16683000 2.80210996
vt 0.00024000 2.79952002
vt 0.16683000 2.88246012
vt 0.33340999 2.88246012
vt 0.16683000 3.06167006
vt 0.16683000 3.26003003
vt 0.00024000 3.26003003
vt 0.00024000 3.06167006
vt 0.50000000 3.06167006
vt 0.33340999 3.26003003
vt 0.50000000 3.26003003
vt 0.66658998 3.06167006
vt 0.83317000 2.88246012
vt 0.83317000 3.06167006
vt 0.66658998 2.88246012
vt 0.50000000 2.88246012
vt 0.50000000 2.78985000
vt 0.66658998 2.78858995
vt 0.83317000 2.72142005
vt 0.66658998 2.71750998
vt 0.83317000 2.79226995
vt 0.66658998 2.88246012
vt 0.83317000 2.88246012
vt 0.99975997 2.88246012
vt 0.83317000 2.88246012
vt 0.99975997 2.79952002
vt 0.99975997 3.06167006
vt 0.83317000 2.88246012
vt 0.83317000 3.06167006
vt 0.99975997 3.26003003
vt 0.83317000 3.26003003
vt 0.83317000 3.26003003
vt 0.66658998 3.06167006
vt 0.66658998 3.40243006
vt 0.99975997 3.40243006
vt 0.99975997 3.26003003
vt 0.99975997 3.55470991
vt 0.83317000 3.55470991
vt 0.66658998 3.66819000
vt 0.83317000 3.66819000
vt 0.66658998 3.74694991
vt 0.83317000 3.74694991
vt 0.66658998 3.82973003
vt 0.83317000 3.82973003
vt 0.99975997 3.82973003
vt 0.99975997 3.74694991
vt 0.99975997 3.74694991
vt 0.99975997 3.66819000
vt 0.83317000 3.74694991
vt 0.83317000 3.82973003
vt 0.66658998 3.87972999
vt 0.83317000 3.87972999
vt 0.66658998 3.92652011
vt 0.83317000 3.92652011
vt 0.99975997 3.87972999
vt 0.99975997 3.82973003
vt 0.99975997 3.92652011
vt 0.83317000 3.92652011
vt 0.99975997 3.95761991
vt 0.99975997 3.92652011
vt 0.83317000 3.95761991
vt 0.66658998 3.95761991
vt 0.66658998 3.92652011
vt 0.50000000 3.92652011
vt 0.66658998 3.92652011
vt 0.50000000 3.95761991
vt 0.50000000 3.98877001
vt 0.33340999 3.98877001
vt 0.33340999 3.95761991
vt 0.16683000 3.95761991
vt 0.16683000 3.98877001
vt 0.33340999 4.00860023
vt 0.33340999 3.98877001
vt 0.16683000 4.00860023
vt 0.33340999 4.02616978
vt 0.33340999 4.00860023
vt 0.16683000 4.02616978
vt 0.33340999 4.02616978
vt 0.25012001 6.66476011
vt 0.16683000 3.98877001
vt 0.00024000 4.00860023
vt 0.00024000 3.98877001
vt 0.16683000 4.00860023
vt 0.00024000 4.02616978
vt 0.16683000 4.02616978
vt 0.00024000 4.02616978
vt 0.08354000 6.66476011
vt 0.50000000 3.98877001
vt 0.33340999 4.00860023
vt 0.50000000 4.00860023
vt 0.50000000 4.00860023
vt 0.33340999 4.02616978
vt 0.50000000 4.02616978
vt 0.41670999 6.66476011
vt 0.66658998 4.00860023
vt 0.50000000 3.98877001
vt 0.66658998 3.98877001
vt 0.66658998 3.98877001
vt 0.50000000 3.95761991
vt 0.66658998 3.95761991
vt 0.83317000 3.95761991
vt 0.83317000 3.98877001
vt 0.83317000 3.98877001
vt 0.83317000 4.00860023
vt 0.66658998 4.02616978
vt 0.50000000 4.00860023
vt 0.50000000 4.02616978
vt 0.83317000 4.02616978
vt 0.74988002 6.66476011
vt 0.66658998 4.02616978
vt 0.58328998 6.66476011
vt 0.99975997 4.51443005
vt 0.99975997 4.71795988
vt 0.79984999 4.71795988
vt 0.79984999 4.51443005
vt 0.99975997 4.26770020
vt 0.79984999 4.26770020
vt 0.59995002 3.97210002
vt 0.79984999 3.97210002
vt 0.59995002 4.26770020
vt 0.59995002 3.97210002
vt 0.40005001 4.26770020
vt 0.40005001 3.97210002
vt 0.59995002 3.85278010
vt 0.40005001 3.97210002
vt 0.40005001 3.85887003
vt 0.79984999 3.97210002
vt 0.59995002 3.97210002
vt 0.79984999 3.85593009
vt 0.59995002 3.76342010
vt 0.79984999 3.77132010
vt 0.59995002 3.65664005
vt 0.40005001 3.76274991
vt 0.40005001 3.63842010
vt 0.20015000 3.78151011
vt 0.20015000 3.86726999
vt 0.59995002 3.76342010
vt 0.59995002 3.85278010
vt 0.40005001 3.76274991
vt 0.79984999 3.77132010
vt 0.59995002 3.65664005
vt 0.79984999 3.66727996
vt 0.20015000 3.67588997
vt 0.40005001 3.63842010
vt 0.20015000 3.78151011
vt 0.20015000 3.86726999
vt 0.00024000 3.86477995
vt 0.00024000 3.78456998
vt 0.20015000 3.67588997
vt 0.00024000 3.68765998
vt 0.20015000 3.86726999
vt 0.00024000 3.97210002
vt 0.20015000 3.97210002
vt 0.00024000 4.26770020
vt 0.40005001 3.97210002
vt 0.40005001 3.85887003
vt 0.20015000 4.26770020
vt 0.40005001 4.26770020
vt 0.40005001 4.51443005
vt 0.40005001 4.26770020
vt 0.20015000 4.51443005
vt 0.20015000 4.71795988
vt 0.00024000 4.71795988
vt 0.00024000 4.51443005
vt 0.20015000 4.26770020
vt 0.00024000 4.51443005
vt 0.00024000 4.26770020
vt 0.40005001 4.71795988
vt 0.20015000 4.71795988
vt 0.40005001 4.51443005
vt 0.59995002 4.51443005
vt 0.59995002 4.71795988
vt 0.59995002 4.71795988
vt 0.40005001 4.90967989
vt 0.59995002 4.90967989
vt 0.79984999 4.90967989
vt 0.79984999 4.71795988
vt 0.79984999 4.71795988
vt 0.59995002 4.51443005
vt 0.79984999 4.51443005
vt 0.99975997 4.71795988
vt 0.79984999 4.90967989
vt 0.99975997 4.90967989
vt 0.59995002 4.26770020
vt 0.40005001 4.26770020
vt 0.79984999 4.51443005
vt 0.79984999 4.26770020
vt 0.59995002 5.03803015
vt 0.40005001 5.03803015
vt 0.40005001 4.90967989
vt 0.79984999 5.03803015
vt 0.79984999 4.90967989
vt 0.59995002 5.03803015
vt 0.79984999 5.16701984
vt 0.99975997 5.03803015
vt 0.99975997 5.16701984
vt 0.79984999 5.23926020
vt 0.99975997 5.23926020
vt 0.59995002 5.16701984
vt 0.40005001 5.16701984
vt 0.40005001 5.03803015
vt 0.59995002 5.16701984
vt 0.79984999 5.23926020
vt 0.79984999 5.16701984
vt 0.59995002 5.23926020
vt 0.59995002 5.29425001
vt 0.40005001 5.29425001
vt 0.40005001 5.23926020
vt 0.20015000 5.23926020
vt 0.40005001 5.23926020
vt 0.20015000 5.29425001
vt 0.59995002 5.29425001
vt 0.40005001 5.33533001
vt 0.59995002 5.33533001
vt 0.00024000 5.33533001
vt 0.00024000 5.29425001
vt 0.20015000 5.33533001
vt 0.40005001 5.33533001
vt 0.40005001 5.29425001
vt 0.40005001 5.36906004
vt 0.20015000 5.36906004
vt 0.00024000 5.39780998
vt 0.00024000 5.36906004
vt 0.20015000 5.39780998
vt 0.00024000 5.39780998
vt 0.10020000 9.03454018
vt 0.40005001 5.39780998
vt 0.30010000 9.03454018
vt 0.59995002 5.36906004
vt 0.59995002 5.39780998
vt 0.59995002 5.39780998
vt 0.50000000 9.03454018
vt 0.79984999 5.39780998
vt 0.79984999 5.36906004
vt 0.59995002 5.36906004
vt 0.59995002 5.33533001
vt 0.79984999 5.33533001
vt 0.59995002 5.29425001
vt 0.79984999 5.29425001
vt 0.59995002 5.33533001
vt 0.40005001 5.36906004
vt 0.20015000 5.36906004
vt 0.40005001 5.36906004
vt 0.20015000 5.39780998
vt 0.00024000 5.36906004
vt 0.00024000 5.33533001
vt 0.79984999 5.29425001
vt 0.59995002 5.23926020
vt 0.79984999 5.23926020
vt 0.99975997 5.23926020
vt 0.99975997 5.29425001
vt 0.99975997 5.29425001
vt 0.79984999 5.33533001
vt 0.99975997 5.33533001
vt 0.79984999 5.36906004
vt 0.99975997 5.36906004
vt 0.79984999 5.39780998
vt 0.99975997 5.39780998
vt 0.40005001 5.23926020
vt 0.40005001 5.16701984
vt 0.20015000 5.03803015
vt 0.40005001 5.03803015
vt 0.20015000 5.16701984
vt 0.20015000 5.23926020
vt 0.00024000 5.23926020
vt 0.00024000 5.16701984
vt 0.40005001 5.16701984
vt 0.20015000 5.23926020
vt 0.20015000 5.03803015
vt 0.00024000 5.16701984
vt 0.00024000 5.03803015
vt 0.50000000 2.60665011
vt 0.50000000 2.63651991
vt 0.33340999 2.63651991
vt 0.33340999 2.60665011
vt 0.33340999 2.65458012
vt 0.50000000 2.65458012
vt 0.66658998 2.65458012
vt 0.66658998 2.63651991
vt 0.50000000 2.60665011
vt 0.66658998 2.60665011
vt 0.50000000 2.57822990
vt 0.66658998 2.57822990
vt 0.33340999 2.67148995
vt 0.33340999 2.65458012
vt 0.50000000 2.67148995
vt 0.66658998 2.68272996
vt 0.66658998 2.67148995
vt 0.50000000 2.68272996
vt 0.83317000 2.67148995
vt 0.99975997 2.69397998
vt 0.99975997 2.68272996
vt 0.83317000 2.69397998
vt 0.83317000 2.65458012
vt 0.66658998 2.67148995
vt 0.50000000 2.65458012
vt 0.66658998 2.65458012
vt 0.50000000 2.67148995
vt 0.50000000 2.69397998
vt 0.33340999 2.69397998
vt 0.33340999 2.68272996
vt 0.16683000 2.69397998
vt 0.16683000 2.70114994
vt 0.16683000 2.69397998
vt 0.16683000 2.68272996
vt 0.33340999 2.68272996
vt 0.50000000 2.67148995
vt 0.33340999 2.67148995
vt 0.50000000 2.68272996
vt 0.66658998 2.69397998
vt 0.50000000 2.69397998
vt 0.66658998 2.68272996
vt 0.83317000 2.68272996
vt 0.83317000 2.69397998
vt 0.33340999 2.68272996
vt 0.16683000 2.67148995
vt 0.33340999 2.67148995
vt 0.33340999 2.67148995
vt 0.16683000 2.65458012
vt 0.33340999 2.65458012
vt 0.16683000 2.65458012
vt 0.16683000 2.63651991
vt 0.16683000 2.63651991
vt 0.16683000 2.60665011
vt 0.16683000 2.57822990
vt 0.33340999 2.57822990
vt 0.50000000 2.57822990
vt 0.50000000 2.60665011
vt 0.16683000 2.53730011
vt 0.00024000 2.57822990
vt 0.00024000 2.53730011
vt 0.16683000 2.57822990
vt 0.00024000 2.60665011
vt 0.00024000 2.63651991
vt 0.16683000 2.63651991
vt 0.00024000 2.65458012
vt 0.00024000 2.63651991
vt 0.16683000 2.65458012
vt 0.00024000 2.67148995
vt 0.00024000 2.65458012
vt 0.16683000 2.67148995
vt 0.00024000 2.68272996
vt 0.16683000 2.68272996
vt 0.16683000 2.68272996
vt 0.00024000 2.69397998
vt 0.16683000 2.69397998
vt 0.59995002 3.55718994
vt 0.59995002 3.64701009
vt 0.40005001 3.64701009
vt 0.40005001 3.56055999
vt 0.40005001 3.64701009
vt 0.20015000 3.56736994
vt 0.20015000 3.64701009
vt 0.20015000 3.56736994
vt 0.00024000 3.64701009
vt 0.00024000 3.56515002
vt 0.00024000 3.83123994
vt 0.00024000 3.64701009
vt 0.20015000 3.83123994
vt 0.40005001 3.97234011
vt 0.40005001 3.83123994
vt 0.20015000 3.97234011
vt 0.59995002 3.83123994
vt 0.40005001 3.83123994
vt 0.59995002 3.97234011
vt 0.59995002 3.97234011
vt 0.40005001 4.11684990
vt 0.59995002 4.11684990
vt 0.59995002 4.11684990
vt 0.40005001 4.21702003
vt 0.59995002 4.21702003
vt 0.40005001 4.28372002
vt 0.59995002 4.28372002
vt 0.79984999 4.28372002
vt 0.59995002 4.28372002
vt 0.79984999 4.21702003
vt 0.99975997 4.21702003
vt 0.99975997 4.28372002
vt 0.99975997 4.35016012
vt 0.79984999 4.35016012
vt 0.79984999 4.28372002
vt 0.79984999 4.35016012
vt 0.59995002 4.28372002
vt 0.59995002 4.35016012
vt 0.79984999 4.39210987
vt 0.59995002 4.39210987
vt 0.79984999 4.41862011
vt 0.59995002 4.41862011
vt 0.79984999 4.39210987
vt 0.99975997 4.39210987
vt 0.79984999 4.39210987
vt 0.99975997 4.41862011
vt 0.79984999 4.44352007
vt 0.79984999 4.41862011
vt 0.99975997 4.44352007
vt 0.99975997 4.35016012
vt 0.79984999 4.39210987
vt 0.99975997 4.39210987
vt 0.79984999 4.44352007
vt 0.59995002 4.41862011
vt 0.59995002 4.44352007
vt 0.99975997 4.44352007
vt 0.79984999 4.45791006
vt 0.99975997 4.45791006
vt 0.99975997 4.45791006
vt 0.89980000 7.88093996
vt 0.59995002 4.45791006
vt 0.40005001 4.45791006
vt 0.50000000 7.88093996
vt 0.40005001 4.44352007
vt 0.20015000 4.41862011
vt 0.40005001 4.41862011
vt 0.20015000 4.44352007
vt 0.20015000 4.39210987
vt 0.00024000 4.41862011
vt 0.00024000 4.39210987
vt 0.40005001 4.45791006
vt 0.40005001 4.44352007
vt 0.20015000 4.45791006
vt 0.40005001 4.45791006
vt 0.30010000 7.88093996
vt 0.20015000 4.45791006
vt 0.00024000 4.45791006
vt 0.00024000 4.44352007
vt 0.20015000 4.41862011
vt 0.00024000 4.41862011
vt 0.00024000 4.45791006
vt 0.10020000 7.88093996
vt 0.50000000 4.59338999
vt 0.25012001 4.59338999
vt 0.25012001 4.47156000
vt 0.50000000 4.47156000
vt 0.25012001 4.33015013
vt 0.25012001 4.47156000
vt 0.00024000 4.47156000
vt 0.00024000 4.33015013
vt 0.25012001 4.47156000
vt 0.00024000 4.59338999
vt 0.25012001 4.59338999
vt 0.50000000 4.67360020
vt 0.25012001 4.67360020
vt 0.50000000 4.59338999
vt 0.74988002 4.47156000
vt 0.74988002 4.59338999
vt 0.50000000 4.67360020
vt 0.74988002 4.67360020
vt 0.99975997 4.67360020
vt 0.74988002 4.59338999
vt 0.99975997 4.59338999
vt 0.50000000 4.73396015
vt 0.50000000 4.67360020
vt 0.25012001 4.73396015
vt 0.37505999 7.17344999
vt 0.74988002 4.67360020
vt 0.50000000 4.67360020
vt 0.74988002 4.73396015
vt 0.50000000 4.73396015
vt 0.62493998 7.17344999
vt 0.20015000 3.80575991
vt 0.20015000 4.02539015
vt 0.00024000 4.02539015
vt 0.00024000 3.80575991
vt 0.20015000 3.57517004
vt 0.20015000 3.80575991
vt 0.00024000 3.57517004
vt 0.20015000 3.49259996
vt 0.00024000 3.49580002
vt 0.40005001 3.80575991
vt 0.40005001 3.57517004
vt 0.20015000 3.80575991
vt 0.20015000 3.49259996
vt 0.40005001 3.47943997
vt 0.59995002 3.47497010
vt 0.40005001 3.47943997
vt 0.59995002 3.57517004
vt 0.40005001 3.80575991
vt 0.40005001 3.57517004
vt 0.59995002 3.80575991
vt 0.40005001 4.02539015
vt 0.40005001 3.80575991
vt 0.20015000 4.02539015
vt 0.00024000 4.17469978
vt 0.00024000 4.02539015
vt 0.20015000 4.17469978
vt 0.40005001 4.17469978
vt 0.40005001 4.02539015
vt 0.59995002 4.02539015
vt 0.59995002 4.17469978
vt 0.79984999 4.17469978
vt 0.79984999 4.02539015
vt 0.59995002 4.17469978
vt 0.40005001 4.32604980
vt 0.40005001 4.17469978
vt 0.59995002 4.32604980
vt 0.79984999 4.32604980
vt 0.79984999 4.17469978
vt 0.59995002 4.32604980
vt 0.79984999 4.41298008
vt 0.59995002 4.32604980
vt 0.59995002 4.41298008
vt 0.79984999 4.48980999
vt 0.59995002 4.41298008
vt 0.59995002 4.48980999
vt 0.59995002 4.53879976
vt 0.40005001 4.48980999
vt 0.59995002 4.48980999
vt 0.40005001 4.41298008
vt 0.59995002 4.41298008
vt 0.40005001 4.32604980
vt 0.20015000 4.17469978
vt 0.40005001 4.17469978
vt 0.20015000 4.32604980
vt 0.40005001 4.41298008
vt 0.20015000 4.41298008
vt 0.40005001 4.48980999
vt 0.20015000 4.48980999
vt 0.00024000 4.41298008
vt 0.00024000 4.32604980
vt 0.20015000 4.41298008
vt 0.00024000 4.32604980
vt 0.00024000 4.17469978
vt 0.20015000 4.32604980
vt 0.59995002 3.06258988
vt 0.59995002 3.11282992
vt 0.40005001 3.11282992
vt 0.40005001 3.06258988
vt 0.59995002 2.98748994
vt 0.40005001 2.98748994
vt 0.59995002 2.90736008
vt 0.40005001 2.90736008
vt 0.59995002 2.80962992
vt 0.59995002 2.90736008
vt 0.40005001 2.80962992
vt 0.79984999 2.90736008
vt 0.59995002 2.80962992
vt 0.79984999 2.80962992
vt 0.99975997 2.80962992
vt 0.79984999 2.80962992
vt 0.99975997 2.90736008
vt 0.99975997 2.69162011
vt 0.99975997 2.80962992
vt 0.79984999 2.69162011
vt 0.79984999 2.80962992
vt 0.59995002 2.69162011
vt 0.59995002 2.80962992
vt 0.59995002 2.61442995
vt 0.79984999 2.63169003
vt 0.79984999 2.58921003
vt 0.99975997 2.64379001
vt 0.59995002 2.69162011
vt 0.40005001 2.69162011
vt 0.40005001 2.62642002
vt 0.40005001 2.80962992
vt 0.20015000 2.69162011
vt 0.20015000 2.80962992
vt 0.59995002 2.80962992
vt 0.40005001 2.69162011
vt 0.40005001 2.90736008
vt 0.40005001 2.80962992
vt 0.20015000 2.90736008
vt 0.20015000 2.90736008
vt 0.20015000 2.98748994
vt 0.20015000 3.06258988
vt 0.00024000 2.98748994
vt 0.00024000 3.06258988
vt 0.20015000 3.06258988
vt 0.00024000 2.90736008
vt 0.20015000 2.80962992
vt 0.20015000 2.90736008
vt 0.00024000 2.80962992
vt 0.20015000 2.69162011
vt 0.20015000 2.80962992
vt 0.00024000 2.69162011
vt 0.40005001 2.69162011
vt 0.20015000 2.63420010
vt 0.40005001 2.62642002
vt 0.00024000 2.69162011
vt 0.00024000 2.64379001
vt 0.20015000 2.69162011
vt 0.00024000 2.64379001
vt 0.00024000 2.60327005
vt 0.20015000 2.58066010
vt 0.20015000 2.63420010
vt 0.40005001 2.56189990
vt 0.40005001 2.47158003
vt 0.20015000 2.52187991
vt 0.20015000 2.58066010
vt 0.40005001 2.56189990
vt 0.00024000 2.60327005
vt 0.00024000 2.55565000
vt 0.20015000 2.52187991
vt 0.00024000 2.55565000
vt 0.59995002 2.46023011
vt 0.59995002 2.54559994
vt 0.79984999 2.63169003
vt 0.79984999 2.58921003
vt 0.59995002 2.61442995
vt 0.79984999 2.58921003
vt 0.59995002 2.46023011
vt 0.79984999 2.54787993
vt 0.99975997 2.60327005
vt 0.99975997 2.55565000
vt 0.99975997 2.64379001
vt 0.79984999 2.58921003
vt 0.59995002 2.54559994
vt 0.40005001 2.56189990
vt 0.33340999 2.69303989
vt 0.16683000 2.62994003
vt 0.33340999 2.62994003
vt 0.25012001 4.57432985
vt 0.25012001 4.63823986
vt 0.00024000 4.63823986
vt 0.00024000 4.57432985
vt 0.25012001 4.50093985
vt 0.00024000 4.57432985
vt 0.00024000 4.50093985
vt 0.25012001 4.38144016
vt 0.00024000 4.50093985
vt 0.00024000 4.38144016
vt 0.25012001 4.23380995
vt 0.25012001 4.38144016
vt 0.00024000 4.23380995
vt 0.25012001 4.02350998
vt 0.00024000 4.02350998
vt 0.25012001 4.23380995
vt 0.25012001 3.80019999
vt 0.00024000 4.02350998
vt 0.00024000 3.80019999
vt 0.25012001 3.47013998
vt 0.00024000 3.47013998
vt 0.25012001 3.80019999
vt 0.50000000 3.80019999
vt 0.50000000 3.47013998
vt 0.25012001 3.09644008
vt 0.50000000 3.09644008
vt 0.25012001 3.47013998
vt 0.00024000 3.09644008
vt 0.25012001 2.67729998
vt 0.00024000 2.67729998
vt 0.25012001 2.53029990
vt 0.00024000 2.67729998
vt 0.00024000 2.53203011
vt 0.25012001 2.38769007
vt 0.00024000 2.40565991
vt 0.25012001 2.53029990
vt 0.50000000 2.52007008
vt 0.50000000 2.37576008
vt 0.50000000 2.67729998
vt 0.25012001 2.67729998
vt 0.50000000 3.09644008
vt 0.25012001 2.67729998
vt 0.25012001 3.09644008
vt 0.74988002 2.38922000
vt 0.74988002 2.52121997
vt 0.50000000 2.37576008
vt 0.74988002 2.26267004
vt 0.50000000 2.22976995
vt 0.74988002 2.38922000
vt 0.99975997 2.40565991
vt 0.74988002 2.38922000
vt 0.99975997 2.28540993
vt 0.99975997 2.53203011
vt 0.74988002 2.52121997
vt 0.99975997 2.67729998
vt 0.74988002 2.67729998
vt 0.99975997 2.53203011
vt 0.25012001 2.38769007
vt 0.25012001 2.23667002
vt 0.50000000 2.22976995
vt 0.25012001 2.05216002
vt 0.00024000 2.28540993
vt 0.00024000 2.15860009
vt 0.25012001 2.23667002
vt 0.25012001 2.38769007
vt 0.50000000 2.22976995
vt 0.25012001 2.05216002
vt 0.50000000 2.05739999
vt 0.74988002 2.11865997
vt 0.50000000 2.05739999
vt 0.74988002 2.26267004
vt 0.59995002 3.47024989
vt 0.59995002 3.66318011
vt 0.40005001 3.66318011
vt 0.40005001 3.47024989
vt 0.40005001 3.82149005
vt 0.20015000 3.66318011
vt 0.20015000 3.82149005
vt 0.20015000 3.47024989
vt 0.00024000 3.66318011
vt 0.00024000 3.47024989
vt 0.20015000 3.26323009
vt 0.00024000 3.26323009
vt 0.20015000 3.17965007
vt 0.00024000 3.19225001
vt 0.20015000 3.26323009
vt 0.40005001 3.47024989
vt 0.40005001 3.26323009
vt 0.00024000 3.19225001
vt 0.00024000 3.15311003
vt 0.40005001 3.16084003
vt 0.20015000 3.11017990
vt 0.40005001 3.06894994
vt 0.20015000 3.11017990
vt 0.00024000 3.15311003
vt 0.00024000 3.11619997
vt 0.40005001 3.66318011
vt 0.20015000 3.66318011
vt 0.59995002 3.26323009
vt 0.40005001 3.26323009
vt 0.59995002 3.47024989
vt 0.59995002 3.15192008
vt 0.40005001 3.26323009
vt 0.40005001 3.16084003
vt 0.79984999 3.17219996
vt 0.79984999 3.47024989
vt 0.99975997 3.26323009
vt 0.99975997 3.47024989
vt 0.79984999 3.66318011
vt 0.99975997 3.66318011
vt 0.79984999 3.47024989
vt 0.59995002 3.66318011
vt 0.40005001 3.26323009
vt 0.20015000 3.17965007
vt 0.20015000 3.26323009
vt 0.79984999 3.82149005
vt 0.79984999 3.66318011
vt 0.99975997 3.82149005
vt 0.79984999 3.66318011
vt 0.59995002 3.82149005
vt 0.59995002 3.66318011
vt 0.40005001 3.82149005
vt 0.40005001 3.66318011
vt 0.59995002 3.82149005
vt 0.40005001 3.97012997
vt 0.59995002 3.97012997
vt 0.79984999 4.06943989
vt 0.79984999 3.97012997
vt 0.79984999 3.82149005
vt 0.99975997 3.97012997
vt 0.59995002 3.97012997
vt 0.99975997 3.97012997
vt 0.79984999 4.06943989
vt 0.99975997 4.06943989
vt 0.40005001 4.06943989
vt 0.59995002 4.06943989
vt 0.99975997 4.06943989
vt 0.99975997 4.16918993
vt 0.40005001 3.82149005
vt 0.20015000 3.97012997
vt 0.20015000 3.66318011
vt 0.00024000 3.82149005
vt 0.00024000 3.66318011
vt 0.40005001 4.06943989
vt 0.20015000 3.97012997
vt 0.20015000 4.06943989
vt 0.00024000 4.06943989
vt 0.00024000 3.97012997
vt 0.20015000 3.82149005
vt 0.00024000 3.97012997
vt 0.00024000 3.82149005
vt 0.00024000 4.16918993
vt 0.00024000 4.06943989
vt 0.00024000 4.22502995
vt 0.00024000 4.16918993
vt 0.20015000 4.22502995
vt 0.20015000 4.26750994
vt 0.40005001 4.22502995
vt 0.59995002 4.16918993
vt 0.40005001 4.16918993
vt 0.66658998 2.82988000
vt 0.50000000 2.82988000
vt 0.50000000 2.75759006
vt 0.66658998 2.75759006
vt 0.66658998 2.75759006
vt 0.50000000 2.65459991
vt 0.66658998 2.65459991
vt 0.50000000 2.55183005
vt 0.66658998 2.55183005
vt 0.66658998 2.43221998
vt 0.83317000 2.43221998
vt 0.83317000 2.55183005
vt 0.66658998 2.43221998
vt 0.50000000 2.36111999
vt 0.66658998 2.35414004
vt 0.50000000 2.43221998
vt 0.83317000 2.36611009
vt 0.83317000 2.43221998
vt 0.66658998 2.35414004
vt 0.83317000 2.31690001
vt 0.83317000 2.36611009
vt 0.66658998 2.28971004
vt 0.83317000 2.26750994
vt 0.66658998 2.21674991
vt 0.83317000 2.31690001
vt 0.99975997 2.43221998
vt 0.83317000 2.36611009
vt 0.99975997 2.38594007
vt 0.99975997 2.55183005
vt 0.83317000 2.43221998
vt 0.83317000 2.55183005
vt 0.99975997 2.65459991
vt 0.99975997 2.55183005
vt 0.83317000 2.65459991
vt 0.99975997 2.75759006
vt 0.99975997 2.65459991
vt 0.83317000 2.75759006
vt 0.99975997 2.82988000
vt 0.99975997 2.75759006
vt 0.83317000 2.82988000
vt 0.99975997 2.90670991
vt 0.99975997 2.82988000
vt 0.83317000 2.90670991
vt 0.66658998 2.95411992
vt 0.66658998 2.90670991
vt 0.83317000 2.95411992
vt 0.99975997 2.99310994
vt 0.99975997 2.95411992
vt 0.83317000 2.99310994
vt 0.66658998 2.99310994
vt 0.66658998 2.95411992
vt 0.66658998 3.02988005
vt 0.83317000 3.02988005
vt 0.99975997 3.02988005
vt 0.99975997 2.99310994
vt 0.83317000 3.02988005
vt 0.50000000 2.95411992
vt 0.50000000 2.99310994
vt 0.66658998 3.02988005
vt 0.50000000 3.02988005
vt 0.83317000 3.02988005
vt 0.66658998 3.05448008
vt 0.83317000 3.05448008
vt 0.83317000 3.07927990
vt 0.66658998 3.07927990
vt 0.66658998 3.05448008
vt 0.50000000 3.02988005
vt 0.66658998 3.02988005
vt 0.50000000 3.05448008
vt 0.66658998 3.07927990
vt 0.66658998 3.05448008
vt 0.50000000 3.07927990
vt 0.66658998 3.09328008
vt 0.50000000 3.07927990
vt 0.50000000 3.09328008
vt 0.33340999 3.09328008
vt 0.33340999 3.07927990
vt 0.33340999 3.10400009
vt 0.50000000 3.10400009
vt 0.33340999 3.11314011
vt 0.50000000 3.11314011
vt 0.66658998 3.11314011
vt 0.66658998 3.10400009
vt 0.66658998 3.09328008
vt 0.50000000 3.10400009
vt 0.66658998 3.11314011
vt 0.58328998 5.39819002
vt 0.83317000 3.11314011
vt 0.74988002 5.39819002
vt 0.83317000 3.10400009
vt 0.83317000 3.11314011
vt 0.66658998 3.10400009
vt 0.83317000 3.09328008
vt 0.83317000 3.10400009
vt 0.66658998 3.09328008
vt 0.99975997 3.10400009
vt 0.83317000 3.09328008
vt 0.99975997 3.09328008
vt 0.99975997 3.11314011
vt 0.83317000 3.10400009
vt 0.83317000 3.11314011
vt 0.99975997 3.11314011
vt 0.91645998 5.39819002
vt 0.83317000 3.07927990
vt 0.99975997 3.07927990
vt 0.83317000 3.09328008
vt 0.99975997 3.07927990
vt 0.83317000 3.05448008
vt 0.99975997 3.05448008
vt 0.83317000 3.05448008
vt 0.83317000 3.02988005
vt 0.99975997 3.02988005
vt 0.99975997 4.18326998
vt 0.83317000 4.18326998
vt 0.83317000 4.02511978
vt 0.99975997 4.02511978
vt 0.83317000 3.87420988
vt 0.99975997 3.87420988
vt 0.83317000 4.02511978
vt 0.99975997 3.87420988
vt 0.83317000 3.65661001
vt 0.99975997 3.65661001
vt 0.83317000 3.87420988
vt 0.66658998 3.87420988
vt 0.66658998 3.65661001
vt 0.99975997 3.65661001
vt 0.83317000 3.43590999
vt 0.99975997 3.43590999
vt 0.99975997 3.43590999
vt 0.83317000 3.17625999
vt 0.99975997 3.17625999
vt 0.83317000 3.07617998
vt 0.99975997 3.08398008
vt 0.99975997 3.08398008
vt 0.83317000 3.00345993
vt 0.99975997 3.01898003
vt 0.66658998 3.07167006
vt 0.83317000 3.07617998
vt 0.66658998 3.17625999
vt 0.66658998 3.43590999
vt 0.66658998 3.17625999
vt 0.83317000 3.43590999
vt 0.83317000 3.65661001
vt 0.50000000 3.43590999
vt 0.50000000 3.65661001
vt 0.66658998 3.87420988
vt 0.50000000 3.65661001
vt 0.50000000 3.87420988
vt 0.33340999 3.65661001
vt 0.16683000 3.87420988
vt 0.50000000 4.02511978
vt 0.50000000 4.18326998
vt 0.66658998 4.18326998
vt 0.66658998 4.02511978
vt 0.66658998 4.02511978
vt 0.83317000 3.87420988
vt 0.83317000 4.02511978
vt 0.83317000 4.02511978
vt 0.99975997 4.27833986
vt 0.99975997 4.18326998
vt 0.83317000 4.27833986
vt 0.66658998 4.27833986
vt 0.66658998 4.18326998
vt 0.50000000 4.18326998
vt 0.83317000 4.27833986
vt 0.66658998 4.36680984
vt 0.83317000 4.36680984
vt 0.16683000 2.48214006
vt 0.16683000 2.53730011
vt 0.00024000 2.53730011
vt 0.00024000 2.48214006
vt 0.16683000 2.43075991
vt 0.00024000 2.43075991
vt 0.99975997 4.26750994
vt 0.99975997 4.29922009
vt 0.79984999 4.29922009
vt 0.79984999 4.26750994
vt 0.79984999 4.32524014
vt 0.99975997 4.32524014
vt 0.59995002 4.29922009
vt 0.59995002 4.32524014
vt 0.99975997 4.32524014
vt 0.79984999 4.34741020
vt 0.99975997 4.34741020
vt 0.79984999 4.29922009
vt 0.79984999 4.26750994
vt 0.79984999 4.34741020
vt 0.79984999 4.32524014
vt 0.59995002 4.34741020
vt 0.69989997 7.32008982
vt 0.99975997 4.34741020
vt 0.89980000 7.32008982
vt 0.33340999 4.48386002
vt 0.16683000 4.48386002
vt 0.16683000 4.42542982
vt 0.50000000 4.42542982
vt 0.50000000 4.48386002
vt 0.33340999 4.51616001
vt 0.16683000 4.48386002
vt 0.16683000 4.51616001
vt 0.00024000 4.51616001
vt 0.00024000 4.48386002
vt 0.16683000 4.42542982
vt 0.00024000 4.48386002
vt 0.00024000 4.42542982
vt 0.16683000 4.36680984
vt 0.16683000 4.42542982
vt 0.00024000 4.36680984
vt 0.16683000 4.27833986
vt 0.16683000 4.36680984
vt 0.00024000 4.27833986
vt 0.16683000 4.18326998
vt 0.33340999 4.36680984
vt 0.33340999 4.27833986
vt 0.16683000 4.36680984
vt 0.16683000 4.36680984
vt 0.33340999 4.36680984
vt 0.16683000 1.59862006
vt 0.16683000 1.68637002
vt 0.00024000 1.68373001
vt 0.00024000 1.59616005
vt 0.16683000 1.51189005
vt 0.00024000 1.51137996
vt 0.16683000 1.42095995
vt 0.33340999 1.39917004
vt 0.16683000 1.32590997
vt 0.33340999 1.28266001
vt 0.16683000 1.42095995
vt 0.00024000 1.42439997
vt 0.16683000 1.51189005
vt 0.33340999 1.68620002
vt 0.16683000 1.68637002
vt 0.33340999 1.59467006
vt 0.16683000 1.59862006
vt 0.16683000 1.51189005
vt 0.33340999 1.50158000
vt 0.59995002 4.28372002
vt 0.40005001 4.35016012
vt 0.40005001 4.28372002
vt 0.40005001 4.39210987
vt 0.59995002 4.39210987
vt 0.20015000 4.35016012
vt 0.20015000 4.39210987
vt 0.59995002 4.39210987
vt 0.59995002 4.41862011
vt 0.40005001 4.44352007
vt 0.59995002 4.44352007
vt 0.79984999 4.45791006
vt 0.59995002 4.45791006
vt 0.79984999 4.44352007
vt 0.20015000 4.28372002
vt 0.20015000 4.35016012
vt 0.00024000 4.39210987
vt 0.00024000 4.35016012
vt 0.20015000 4.28372002
vt 0.00024000 4.28372002
vt 0.40005001 4.41862011
vt 0.40005001 4.39210987
vt 0.20015000 4.41862011
vt 0.20015000 4.28372002
vt 0.20015000 4.21702003
vt 0.40005001 4.21702003
vt 0.40005001 4.21702003
vt 0.20015000 4.11684990
vt 0.40005001 4.11684990
vt 0.20015000 3.97234011
vt 0.40005001 3.97234011
vt 0.20015000 4.21702003
vt 0.00024000 4.21702003
vt 0.00024000 4.11684990
vt 0.20015000 3.97234011
vt 0.20015000 4.11684990
vt 0.00024000 3.97234011
vt 0.20015000 3.83123994
vt 0.74988002 3.58853006
vt 0.74988002 4.00074005
vt 0.50000000 4.00074005
vt 0.50000000 3.58853006
vt 0.74988002 4.00074005
vt 0.50000000 4.37690020
vt 0.74988002 4.37690020
vt 0.99975997 4.37690020
vt 0.74988002 4.00074005
vt 0.99975997 4.00074005
vt 0.25012001 4.00074005
vt 0.25012001 3.58853006
vt 0.50000000 3.58853006
vt 0.50000000 4.37690020
vt 0.25012001 4.00074005
vt 0.25012001 4.37690020
vt 0.50000000 4.86042976
vt 0.25012001 4.37690020
vt 0.25012001 4.86042976
vt 0.50000000 4.86042976
vt 0.37505999 4.70065022
vt 0.25012001 4.86042976
vt 0.00024000 4.86042976
vt 0.00024000 4.37690020
vt 0.25012001 4.00074005
vt 0.00024000 4.00074005
vt 0.25012001 4.86042976
vt 0.12518001 4.70065022
vt 0.50000000 3.58853006
vt 0.25012001 3.26809001
vt 0.74988002 3.26809001
vt 0.74988002 3.58853006
vt 0.79984999 2.16002011
vt 0.59995002 2.16002011
vt 0.59995002 2.05127001
vt 0.79984999 2.05080009
vt 0.99975997 1.95488000
vt 0.99975997 2.05567002
vt 0.79984999 1.94579995
vt 0.99975997 1.85889006
vt 0.99975997 1.95488000
vt 0.79984999 1.84359002
vt 0.99975997 1.75966001
vt 0.79984999 1.84359002
vt 0.79984999 1.73413002
vt 0.59995002 1.74421000
vt 0.59995002 1.84773004
vt 0.59995002 1.63837004
vt 0.79984999 1.61320996
vt 0.40005001 1.71809995
vt 0.40005001 1.58179998
vt 0.59995002 1.74421000
vt 0.40005001 1.83811998
vt 0.59995002 1.84773004
vt 0.79984999 1.94579995
vt 0.59995002 1.94614005
vt 0.79984999 2.05080009
vt 0.59995002 1.94614005
vt 0.99975997 2.05567002
vt 0.99975997 2.16002011
vt 0.99975997 2.16002011
vt 0.79984999 2.44272995
vt 0.99975997 2.44272995
vt 0.79984999 2.71075010
vt 0.59995002 2.44272995
vt 0.59995002 2.71075010
vt 0.79984999 2.44272995
vt 0.79984999 2.16002011
vt 0.40005001 2.44272995
vt 0.40005001 2.16002011
vt 0.59995002 2.44272995
vt 0.59995002 2.44272995
vt 0.40005001 2.71075010
vt 0.40005001 2.91546988
vt 0.40005001 2.71075010
vt 0.59995002 2.91546988
vt 0.79984999 2.91546988
vt 0.59995002 2.91546988
vt 0.79984999 2.71075010
vt 0.99975997 2.44272995
vt 0.99975997 2.71075010
vt 0.40005001 3.10318995
vt 0.20015000 2.91546988
vt 0.20015000 3.10318995
vt 0.59995002 3.10318995
vt 0.79984999 3.10318995
vt 0.79984999 2.91546988
vt 0.79984999 3.23491001
vt 0.59995002 3.10318995
vt 0.59995002 3.23491001
vt 0.99975997 3.10318995
vt 0.99975997 3.23491001
vt 0.99975997 2.91546988
vt 0.79984999 2.91546988
vt 0.99975997 2.71075010
vt 0.99975997 2.91546988
vt 0.79984999 2.71075010
vt 0.99975997 3.23491001
vt 0.79984999 3.36280990
vt 0.99975997 3.36280990
vt 0.79984999 3.23491001
vt 0.59995002 3.36280990
vt 0.99975997 3.36280990
vt 0.79984999 3.45603991
vt 0.99975997 3.45603991
vt 0.59995002 3.45603991
vt 0.40005001 3.45603991
vt 0.40005001 3.36280990
vt 0.20015000 3.36280990
vt 0.20015000 3.45603991
vt 0.20015000 3.23491001
vt 0.40005001 3.23491001
vt 0.40005001 3.23491001
vt 0.20015000 3.10318995
vt 0.59995002 3.10318995
vt 0.40005001 3.23491001
vt 0.59995002 3.23491001
vt 0.59995002 3.23491001
vt 0.59995002 3.36280990
vt 0.79984999 3.45603991
vt 0.79984999 3.36280990
vt 0.40005001 3.53628993
vt 0.59995002 3.53628993
vt 0.79984999 3.53628993
vt 0.79984999 3.45603991
vt 0.99975997 3.45603991
vt 0.79984999 3.53628993
vt 0.99975997 3.53628993
vt 0.40005001 3.58930993
vt 0.40005001 3.53628993
vt 0.59995002 3.58930993
vt 0.20015000 3.53628993
vt 0.20015000 3.58930993
vt 0.40005001 3.63810992
vt 0.40005001 3.58930993
vt 0.20015000 3.63810992
vt 0.59995002 3.58930993
vt 0.40005001 3.58930993
vt 0.59995002 3.63810992
vt 0.40005001 3.67399001
vt 0.59995002 3.67399001
vt 0.79984999 3.67399001
vt 0.59995002 3.67399001
vt 0.79984999 3.63810992
vt 0.79984999 3.58930993
vt 0.99975997 3.58930993
vt 0.99975997 3.63810992
vt 0.79984999 3.58930993
vt 0.59995002 3.53628993
vt 0.79984999 3.53628993
vt 0.59995002 3.67399001
vt 0.40005001 3.70375991
vt 0.59995002 3.70375991
vt 0.20015000 3.67399001
vt 0.40005001 3.67399001
vt 0.20015000 3.70375991
vt 0.00024000 3.70375991
vt 0.00024000 3.67399001
vt 0.20015000 3.70375991
vt 0.40005001 3.70375991
vt 0.30010000 5.57027006
vt 0.59995002 3.70375991
vt 0.50000000 5.57027006
vt 0.40005001 3.67399001
vt 0.20015000 3.63810992
vt 0.40005001 3.63810992
vt 0.20015000 3.63810992
vt 0.00024000 3.67399001
vt 0.00024000 3.63810992
vt 0.00024000 3.58930993
vt 0.20015000 3.53628993
vt 0.00024000 3.53628993
vt 0.40005001 3.53628993
vt 0.20015000 3.45603991
vt 0.40005001 3.45603991
vt 0.20015000 3.45603991
vt 0.20015000 3.53628993
vt 0.00024000 3.45603991
vt 0.20015000 3.45603991
vt 0.00024000 3.36280990
vt 0.20015000 3.23491001
vt 0.20015000 3.36280990
vt 0.00024000 3.23491001
vt 0.20015000 3.10318995
vt 0.20015000 3.23491001
vt 0.00024000 3.10318995
vt 0.20015000 2.91546988
vt 0.00024000 2.91546988
vt 0.20015000 2.71075010
vt 0.00024000 2.71075010
vt 0.20015000 2.44272995
vt 0.00024000 2.44272995
vt 0.20015000 2.71075010
vt 0.40005001 2.44272995
vt 0.40005001 2.91546988
vt 0.40005001 2.71075010
vt 0.20015000 2.16002011
vt 0.20015000 2.44272995
vt 0.00024000 2.16002011
vt 0.20015000 2.05853009
vt 0.00024000 2.05567002
vt 0.20015000 2.16002011
vt 0.40005001 2.16002011
vt 0.40005001 2.05514002
vt 0.20015000 2.16002011
vt 0.20015000 2.44272995
vt 0.40005001 2.16002011
vt 0.59995002 2.16002011
vt 0.40005001 2.05514002
vt 0.59995002 1.94614005
vt 0.59995002 2.05127001
vt 0.40005001 1.94640994
vt 0.40005001 1.94640994
vt 0.40005001 1.83811998
vt 0.20015000 1.74756002
vt 0.40005001 1.71809995
vt 0.20015000 1.85541999
vt 0.00024000 1.85889006
vt 0.00024000 1.75966001
vt 0.40005001 1.71809995
vt 0.20015000 1.63250995
vt 0.40005001 1.58179998
vt 0.40005001 1.94640994
vt 0.40005001 1.83811998
vt 0.20015000 1.95583999
vt 0.20015000 1.63250995
vt 0.00024000 1.75966001
vt 0.00024000 1.65583003
vt 0.99975997 2.35335994
vt 0.83317000 2.36611009
vt 0.83317000 2.31690001
vt 0.99975997 2.32093000
vt 0.99975997 2.38594007
vt 0.83317000 2.26750994
vt 0.99975997 2.32093000
vt 0.50000000 1.44480002
vt 0.50000000 1.56674004
vt 0.33340999 1.57658005
vt 0.33340999 1.45699000
vt 0.33340999 1.57658005
vt 0.16683000 1.51003003
vt 0.16683000 1.60485005
vt 0.00024000 1.61027002
vt 0.00024000 1.51731002
vt 0.16683000 1.60485005
vt 0.00024000 1.69895995
vt 0.16683000 1.69756997
vt 0.16683000 1.69756997
vt 0.00024000 1.78472996
vt 0.16683000 1.78541994
vt 0.33340999 1.77835000
vt 0.33340999 1.68318999
vt 0.50000000 1.67427003
vt 0.33340999 1.68318999
vt 0.50000000 1.77086997
vt 0.33340999 1.68318999
vt 0.50000000 1.67427003
vt 0.66658998 1.59456003
vt 0.50000000 1.44480002
vt 0.66658998 1.49951994
vt 0.99975997 4.12518978
vt 0.99975997 4.31252003
vt 0.79984999 4.11684990
vt 0.59995002 4.11684990
vt 0.59995002 3.97234011
vt 0.79984999 3.97234011
vt 0.79984999 3.97234011
vt 0.59995002 3.83123994
vt 0.79984999 3.83123994
vt 0.79984999 3.83123994
vt 0.79984999 3.64701009
vt 0.59995002 3.55718994
vt 0.79984999 3.55955005
vt 0.79984999 3.55955005
vt 0.59995002 3.48510003
vt 0.79984999 3.48799992
vt 0.40005001 3.56055999
vt 0.40005001 3.48201990
vt 0.59995002 3.40002990
vt 0.79984999 3.48799992
vt 0.79984999 3.39784002
vt 0.40005001 3.38101006
vt 0.20015000 3.41248989
vt 0.40005001 3.38101006
vt 0.20015000 3.49751997
vt 0.40005001 3.56055999
vt 0.20015000 3.56736994
vt 0.00024000 3.49632001
vt 0.00024000 3.40989995
vt 0.00024000 3.56515002
vt 0.20015000 3.56736994
vt 0.99975997 3.40989995
vt 0.79984999 3.39784002
vt 0.99975997 3.49632001
vt 0.99975997 3.49632001
vt 0.79984999 3.55955005
vt 0.99975997 3.56515002
vt 0.99975997 3.56515002
vt 0.79984999 3.64701009
vt 0.99975997 3.64701009
vt 0.99975997 3.64701009
vt 0.99975997 3.83123994
vt 0.79984999 3.97234011
vt 0.79984999 3.83123994
vt 0.99975997 3.97234011
vt 0.79984999 4.11684990
vt 0.99975997 4.11684990
vt 0.16683000 3.54903007
vt 0.16683000 3.58065009
vt 0.00024000 3.58065009
vt 0.33340999 3.58065009
vt 0.33340999 3.54903007
vt 0.00024000 3.54903007
vt 0.16683000 3.58065009
vt 0.00024000 3.59812999
vt 0.16683000 3.59812999
vt 0.33340999 3.59812999
vt 0.33340999 3.58065009
vt 0.16683000 3.59812999
vt 0.33340999 3.61304998
vt 0.16683000 3.61304998
vt 0.50000000 3.59812999
vt 0.50000000 3.61304998
vt 0.33340999 3.62605000
vt 0.50000000 3.62605000
vt 0.33340999 3.62605000
vt 0.41670999 6.33118010
vt 0.33340999 3.61304998
vt 0.16683000 3.62605000
vt 0.16683000 3.61304998
vt 0.00024000 3.62605000
vt 0.00024000 3.61304998
vt 0.16683000 3.62605000
vt 0.08354000 6.33118010
vt 0.33340999 3.62605000
vt 0.25012001 6.33118010
vt 0.50000000 3.58065009
vt 0.50000000 3.59812999
vt 0.33340999 3.58065009
vt 0.66658998 3.59812999
vt 0.66658998 3.58065009
vt 0.50000000 3.59812999
vt 0.66658998 3.58065009
vt 0.50000000 3.54903007
vt 0.66658998 3.54903007
vt 0.50000000 3.58065009
vt 0.33340999 3.54903007
vt 0.50000000 3.51729012
vt 0.33340999 3.54903007
vt 0.66658998 3.54903007
vt 0.66658998 3.51729012
vt 0.33340999 3.51729012
vt 0.50000000 3.46939993
vt 0.33340999 3.46939993
vt 0.83317000 3.51729012
vt 0.66658998 3.54903007
vt 0.83317000 3.54903007
vt 0.83317000 3.54903007
vt 0.66658998 3.58065009
vt 0.83317000 3.58065009
vt 0.99975997 3.59812999
vt 0.99975997 3.58065009
vt 0.83317000 3.59812999
vt 0.83317000 3.58065009
vt 0.66658998 3.59812999
vt 0.99975997 3.58065009
vt 0.83317000 3.58065009
vt 0.99975997 3.54903007
vt 0.66658998 3.61304998
vt 0.66658998 3.59812999
vt 0.83317000 3.61304998
vt 0.83317000 3.61304998
vt 0.66658998 3.62605000
vt 0.83317000 3.62605000
vt 0.99975997 3.62605000
vt 0.91645998 6.33118010
vt 0.66658998 3.61304998
vt 0.50000000 3.59812999
vt 0.50000000 3.61304998
vt 0.66658998 3.62605000
vt 0.50000000 3.62605000
vt 0.99975997 3.62605000
vt 0.83317000 3.62605000
vt 0.99975997 3.61304998
vt 0.83317000 3.59812999
vt 0.99975997 3.59812999
vt 0.66658998 3.62605000
vt 0.74988002 6.33118010
vt 0.74988002 4.64146996
vt 0.74988002 4.86958981
vt 0.50000000 4.86958981
vt 0.50000000 4.64146996
vt 0.74988002 4.37372017
vt 0.50000000 4.37372017
vt 0.74988002 3.96247005
vt 0.50000000 3.96247005
vt 0.25012001 3.96247005
vt 0.50000000 3.96247005
vt 0.25012001 4.37372017
vt 0.25012001 3.48200011
vt 0.50000000 3.48200011
vt 0.74988002 3.48200011
vt 0.74988002 2.93425989
vt 0.50000000 2.93425989
vt 0.25012001 2.93425989
vt 0.25012001 2.76752996
vt 0.50000000 2.75533009
vt 0.74988002 2.61143994
vt 0.50000000 2.59783006
vt 0.74988002 2.75488997
vt 0.74988002 2.47703004
vt 0.50000000 2.59783006
vt 0.50000000 2.44125009
vt 0.50000000 2.59783006
vt 0.25012001 2.44892001
vt 0.25012001 2.61138010
vt 0.50000000 2.44125009
vt 0.25012001 2.25260997
vt 0.50000000 2.25958991
vt 0.74988002 2.32125998
vt 0.50000000 2.25958991
vt 0.74988002 2.47703004
vt 0.00024000 2.49907994
vt 0.00024000 2.35659003
vt 0.25012001 2.44892001
vt 0.25012001 4.09667015
vt 0.00024000 4.33015013
vt 0.74988002 4.02350998
vt 0.74988002 4.23380995
vt 0.50000000 4.23380995
vt 0.50000000 4.02350998
vt 0.74988002 3.80019999
vt 0.50000000 3.80019999
vt 0.25012001 4.02350998
vt 0.25012001 4.23380995
vt 0.50000000 4.38144016
vt 0.50000000 4.23380995
vt 0.74988002 4.38144016
vt 0.50000000 4.50093985
vt 0.74988002 4.50093985
vt 0.25012001 4.38144016
vt 0.50000000 4.38144016
vt 0.25012001 4.50093985
vt 0.50000000 4.57432985
vt 0.50000000 4.50093985
vt 0.25012001 4.57432985
vt 0.50000000 4.63823986
vt 0.74988002 4.57432985
vt 0.74988002 4.63823986
vt 0.50000000 4.68908978
vt 0.74988002 4.68908978
vt 0.99975997 4.63823986
vt 0.74988002 4.57432985
vt 0.99975997 4.57432985
vt 0.99975997 4.68908978
vt 0.87481999 6.89498997
vt 0.74988002 4.63823986
vt 0.99975997 4.63823986
vt 0.74988002 4.68908978
vt 0.74988002 4.68908978
vt 0.62493998 6.89498997
vt 0.25012001 4.68908978
vt 0.37505999 6.89498997
vt 0.25012001 4.63823986
vt 0.50000000 4.63823986
vt 0.00024000 4.68908978
vt 0.25012001 4.68908978
vt 0.12518001 6.89498997
vt 0.99975997 3.58853006
vt 0.74988002 3.58853006
vt 0.99975997 3.26809001
vt 0.99975997 4.79327011
vt 0.83317000 4.79327011
vt 0.83317000 4.68498993
vt 0.99975997 4.68498993
vt 0.83317000 4.56692982
vt 0.99975997 4.56692982
vt 0.99975997 4.56692982
vt 0.83317000 4.36912012
vt 0.99975997 4.36912012
vt 0.83317000 4.56692982
vt 0.66658998 4.36912012
vt 0.99975997 4.36912012
vt 0.83317000 4.17764997
vt 0.99975997 4.17764997
vt 0.99975997 4.17764997
vt 0.83317000 3.90319991
vt 0.99975997 3.90319991
vt 0.83317000 3.64902997
vt 0.99975997 3.64902997
vt 0.83317000 3.90319991
vt 0.83317000 4.56692982
vt 0.66658998 4.68498993
vt 0.66658998 4.79327011
vt 0.83317000 4.79327011
vt 0.50000000 4.68498993
vt 0.66658998 4.68498993
vt 0.50000000 4.79327011
vt 0.66658998 4.86425018
vt 0.50000000 4.86425018
vt 0.83317000 4.86425018
vt 0.83317000 4.93403006
vt 0.66658998 4.97171021
vt 0.99975997 4.93403006
vt 0.99975997 4.86425018
vt 0.99975997 4.79327011
vt 0.66658998 4.86425018
vt 0.66658998 4.79327011
vt 0.83317000 4.86425018
vt 0.99975997 4.97171021
vt 0.99975997 4.93403006
vt 0.83317000 4.97171021
vt 0.66658998 5.00306988
vt 0.83317000 5.00306988
vt 0.99975997 5.00306988
vt 0.99975997 4.97171021
vt 0.83317000 5.00306988
vt 0.66658998 5.03001022
vt 0.83317000 5.03001022
vt 0.99975997 5.03001022
vt 0.99975997 5.00306988
vt 0.83317000 5.03001022
vt 0.66658998 5.03001022
vt 0.50000000 5.00306988
vt 0.50000000 5.03001022
vt 0.83317000 5.03001022
vt 0.74988002 8.33053017
vt 0.99975997 5.03001022
vt 0.91645998 8.33053017
vt 0.50000000 2.69397998
vt 0.50000000 2.70114994
vt 0.33340999 2.70114994
vt 0.33340999 2.69397998
vt 0.20015000 1.95583999
vt 0.00024000 2.05567002
vt 0.00024000 1.95488000
vt 0.40005001 2.05514002
vt 0.20015000 1.95583999
vt 0.83317000 2.52879000
vt 0.83317000 2.77224994
vt 0.66658998 2.52879000
vt 0.99975997 2.77224994
vt 0.99975997 2.52879000
vt 0.66658998 2.52879000
vt 0.66658998 2.27413011
vt 0.83317000 2.52879000
vt 0.83317000 2.27413011
vt 0.99975997 2.27413011
vt 0.66658998 2.27413011
vt 0.66658998 1.97364998
vt 0.50000000 1.87258005
vt 0.66658998 1.87161005
vt 0.66658998 2.91669011
vt 0.50000000 2.91669011
vt 0.50000000 2.74005008
vt 0.66658998 2.74005008
vt 0.83317000 2.53081012
vt 0.83317000 2.74005008
vt 0.66658998 2.53081012
vt 0.50000000 2.53081012
vt 0.66658998 2.53081012
vt 0.50000000 2.74005008
vt 0.33340999 2.74005008
vt 0.33340999 2.53081012
vt 0.50000000 2.28511000
vt 0.66658998 2.28511000
vt 0.83317000 2.28511000
vt 0.83317000 2.53081012
vt 0.83317000 2.04310012
vt 0.66658998 2.04310012
vt 0.50000000 2.28511000
vt 0.50000000 2.53081012
vt 0.33340999 2.28511000
vt 0.16683000 2.28511000
vt 0.16683000 2.53081012
vt 0.33340999 2.74005008
vt 0.16683000 2.74005008
vt 0.79984999 5.72321987
vt 0.59995002 5.72321987
vt 0.79984999 5.58285999
vt 0.99975997 5.58285999
vt 0.79984999 5.58285999
vt 0.99975997 5.72321987
vt 0.99975997 5.84727001
vt 0.79984999 5.72321987
vt 0.59995002 5.84727001
vt 0.99975997 5.33809996
vt 0.99975997 5.58285999
vt 0.79984999 5.33809996
vt 0.99975997 5.09730005
vt 0.79984999 5.09730005
vt 0.79984999 5.58285999
vt 0.59995002 5.33809996
vt 0.59995002 5.58285999
vt 0.59995002 5.58285999
vt 0.40005001 5.33809996
vt 0.50000000 4.86042976
vt 0.74988002 4.86042976
vt 0.62493998 4.70065022
vt 0.99975997 4.86042976
vt 0.87481999 4.70065022
vt 0.99975997 4.37690020
vt 0.50000000 4.37690020
vt 0.74988002 4.86042976
vt 0.99975997 1.61027002
vt 0.83317000 1.58728004
vt 0.83317000 1.48061001
vt 0.99975997 1.51731002
vt 0.99975997 1.69895995
vt 0.83317000 1.68510997
vt 0.99975997 1.78472996
vt 0.83317000 1.68510997
vt 0.83317000 1.77628005
vt 0.66658998 1.68706000
vt 0.66658998 1.59456003
vt 0.83317000 1.68510997
vt 0.66658998 1.77471006
vt 0.83317000 1.77628005
vt 0.50000000 1.67427003
vt 0.50000000 1.77086997
vt 0.66658998 1.68706000
vt 0.50000000 1.56674004
vt 0.66658998 1.59456003
vt 0.66658998 1.87161005
vt 0.83317000 1.87264001
vt 0.99975997 1.87659001
vt 0.99975997 1.78472996
vt 0.83317000 1.87264001
vt 0.66658998 2.28511000
vt 0.50000000 2.28511000
vt 0.50000000 2.04310012
vt 0.66658998 2.04310012
vt 0.33340999 2.28511000
vt 0.66658998 2.04310012
vt 0.50000000 1.94689000
vt 0.66658998 1.94612002
vt 0.66658998 2.52495003
vt 0.50000000 2.52694988
vt 0.50000000 2.46631002
vt 0.66658998 2.46520996
vt 0.33340999 2.53320003
vt 0.33340999 2.47114992
vt 0.50000000 2.39457989
vt 0.33340999 2.39229989
vt 0.33340999 2.47114992
vt 0.16683000 2.43072009
vt 0.16683000 2.48815989
vt 0.00024000 2.48852992
vt 0.00024000 2.43286991
vt 0.16683000 2.53995991
vt 0.33340999 2.59353995
vt 0.16683000 2.53995991
vt 0.16683000 2.59353995
vt 0.33340999 2.71111989
vt 0.16683000 2.71111989
vt 0.00024000 2.71111989
vt 0.00024000 2.59353995
vt 0.00024000 2.59353995
vt 0.00024000 2.53843999
vt 0.16683000 2.59353995
vt 0.66658998 2.59353995
vt 0.66658998 2.52495003
vt 0.50000000 2.59353995
vt 0.50000000 2.59353995
vt 0.33340999 2.71111989
vt 0.50000000 2.71111989
vt 0.33340999 2.80905008
vt 0.16683000 2.80905008
vt 0.50000000 2.71111989
vt 0.33340999 2.71111989
vt 0.66658998 2.71111989
vt 0.50000000 2.71111989
vt 0.66658998 2.59353995
vt 0.83317000 2.71111989
vt 0.83317000 2.80905008
vt 0.99975997 2.71111989
vt 0.83317000 2.59353995
vt 0.99975997 2.59353995
vt 0.83317000 2.53116989
vt 0.99975997 2.53843999
vt 0.83317000 2.59353995
vt 0.83317000 2.47804999
vt 0.83317000 2.53116989
vt 0.66658998 2.46520996
vt 0.83317000 2.41782999
vt 0.66658998 2.39475989
vt 0.66658998 2.46520996
vt 0.50000000 2.39457989
vt 0.99975997 2.48852992
vt 0.83317000 2.41782999
vt 0.99975997 2.43286991
vt 0.99975997 2.53843999
vt 0.83317000 2.47804999
vt 0.83317000 2.53116989
vt 0.50000000 5.15960979
vt 0.25012001 5.02500010
vt 0.50000000 5.01568985
vt 0.74988002 5.15960979
vt 0.50000000 5.52769995
vt 0.74988002 5.52769995
vt 0.99975997 5.52769995
vt 0.99975997 5.81689978
vt 0.99975997 5.15960979
vt 0.99975997 5.15960979
vt 0.74988002 5.02102995
vt 0.99975997 5.03128004
vt 0.74988002 5.02102995
vt 0.50000000 5.15960979
vt 0.74988002 4.92425013
vt 0.74988002 5.02102995
vt 0.50000000 4.90272999
vt 0.74988002 4.80447006
vt 0.50000000 4.75127983
vt 0.99975997 4.93910980
vt 0.99975997 4.82728004
vt 0.74988002 4.92425013
vt 0.50000000 4.90272999
vt 0.25012001 4.75609016
vt 0.25012001 4.91218996
vt 0.00024000 5.03128004
vt 0.00024000 4.93910980
vt 0.25012001 5.02500010
vt 0.50000000 5.01568985
vt 0.50000000 4.90272999
vt 0.25012001 4.75609016
vt 0.00024000 4.93910980
vt 0.00024000 4.82728004
vt 0.33340999 3.10400009
vt 0.16683000 3.10400009
vt 0.16683000 3.09328008
vt 0.33340999 3.09328008
vt 0.33340999 3.09328008
vt 0.16683000 3.07927990
vt 0.33340999 3.07927990
vt 0.16683000 3.05448008
vt 0.00024000 3.07927990
vt 0.00024000 3.05448008
vt 0.33340999 3.07927990
vt 0.33340999 3.05448008
vt 0.16683000 3.07927990
vt 0.50000000 3.05448008
vt 0.33340999 3.05448008
vt 0.00024000 3.11314011
vt 0.00024000 3.10400009
vt 0.16683000 3.11314011
vt 0.16683000 3.02988005
vt 0.00024000 3.05448008
vt 0.33340999 3.05448008
vt 0.33340999 3.02988005
vt 0.00024000 3.02988005
vt 0.16683000 2.99310994
vt 0.00024000 2.99310994
vt 0.16683000 3.02988005
vt 0.33340999 3.02988005
vt 0.16683000 2.99310994
vt 0.33340999 2.99310994
vt 0.50000000 3.02988005
vt 0.50000000 2.95411992
vt 0.33340999 2.95411992
vt 0.16683000 2.90670991
vt 0.33340999 2.90670991
vt 0.16683000 2.95411992
vt 0.50000000 2.90670991
vt 0.33340999 2.90670991
vt 0.33340999 2.99310994
vt 0.16683000 2.95411992
vt 0.16683000 2.99310994
vt 0.16683000 2.90670991
vt 0.00024000 2.95411992
vt 0.00024000 2.90670991
vt 0.16683000 2.95411992
vt 0.00024000 2.99310994
vt 0.16683000 2.99310994
vt 0.16683000 2.82988000
vt 0.00024000 2.90670991
vt 0.00024000 2.82988000
vt 0.33340999 2.90670991
vt 0.33340999 2.82988000
vt 0.16683000 2.75759006
vt 0.00024000 2.82988000
vt 0.00024000 2.75759006
vt 0.33340999 2.75759006
vt 0.16683000 2.65459991
vt 0.33340999 2.65459991
vt 0.33340999 2.55183005
vt 0.50000000 2.43221998
vt 0.33340999 2.43221998
vt 0.33340999 2.65459991
vt 0.50000000 2.65459991
vt 0.33340999 2.65459991
vt 0.50000000 2.82988000
vt 0.16683000 3.13996005
vt 0.00024000 3.13996005
vt 0.00024000 3.12838006
vt 0.16683000 3.13996005
vt 0.00024000 3.14998007
vt 0.16683000 3.14998007
vt 0.00024000 3.14998007
vt 0.08354000 5.61105013
vt 0.33340999 3.14998007
vt 0.25012001 5.61105013
vt 0.33340999 3.13996005
vt 0.50000000 3.14998007
vt 0.16683000 3.13996005
vt 0.16683000 3.14998007
vt 0.33340999 3.13996005
vt 0.16683000 3.12838006
vt 0.33340999 3.12838006
vt 0.16683000 4.51616001
vt 0.16683000 4.54371977
vt 0.00024000 4.54371977
vt 0.16683000 4.54371977
vt 0.00024000 4.56771994
vt 0.16683000 4.56771994
vt 0.16683000 4.56771994
vt 0.08354000 7.44961977
vt 0.33340999 4.54371977
vt 0.33340999 4.51616001
vt 0.50000000 4.51616001
vt 0.33340999 4.54371977
vt 0.50000000 4.54371977
vt 0.66658998 4.56771994
vt 0.50000000 4.56771994
vt 0.66658998 4.54371977
vt 0.83317000 4.54371977
vt 0.83317000 4.56771994
vt 0.66658998 4.54371977
vt 0.50000000 4.51616001
vt 0.66658998 4.51616001
vt 0.50000000 4.54371977
vt 0.66658998 4.51616001
vt 0.50000000 4.48386002
vt 0.66658998 4.48386002
vt 0.50000000 4.51616001
vt 0.50000000 4.56771994
vt 0.33340999 4.56771994
vt 0.33340999 4.54371977
vt 0.16683000 4.54371977
vt 0.33340999 4.56771994
vt 0.41670999 7.44961977
vt 0.25012001 6.48954010
vt 0.25012001 6.53803015
vt 0.00024000 6.53803015
vt 0.00024000 6.48954010
vt 0.50000000 6.53803015
vt 0.50000000 6.48954010
vt 0.74988002 6.48954010
vt 0.50000000 6.57727003
vt 0.50000000 6.53803015
vt 0.25012001 6.57727003
vt 0.33340999 4.06014013
vt 0.00024000 4.06014013
vt 0.00024000 3.36607003
vt 0.33340999 4.06014013
vt 0.00024000 4.69851017
vt 0.33340999 4.69851017
vt 0.66658998 4.69851017
vt 0.33340999 4.06014013
vt 0.66658998 4.06014013
vt 0.66658998 4.06014013
vt 0.33340999 3.36607003
vt 0.66658998 3.36607003
vt 0.33340999 3.15086007
vt 0.00024000 3.15511990
vt 0.33340999 2.95087004
vt 0.33340999 3.15086007
vt 0.00024000 2.97942996
vt 0.33340999 2.74162006
vt 0.00024000 2.81287003
vt 0.33340999 2.48826003
vt 0.66658998 2.66137004
vt 0.33340999 2.74162006
vt 0.00024000 2.62975001
vt 0.99975997 3.15511990
vt 0.99975997 3.36607003
vt 0.99975997 3.53797007
vt 0.83317000 3.53797007
vt 0.83317000 3.50737000
vt 0.99975997 3.50737000
vt 0.83317000 3.46678996
vt 0.66658998 3.50737000
vt 0.99975997 3.46678996
vt 0.83317000 3.50737000
vt 0.66658998 3.46678996
vt 0.66658998 3.41404009
vt 0.66658998 3.46678996
vt 0.50000000 3.41404009
vt 0.50000000 3.46678996
vt 0.33340999 3.46678996
vt 0.16683000 3.41404009
vt 0.33340999 3.41404009
vt 0.16683000 3.46678996
vt 0.00024000 3.46678996
vt 0.00024000 3.41404009
vt 0.00024000 3.50737000
vt 0.16683000 3.50737000
vt 0.00024000 3.53797007
vt 0.16683000 3.53797007
vt 0.16683000 3.53797007
vt 0.00024000 3.56389999
vt 0.16683000 3.56389999
vt 0.00024000 3.56389999
vt 0.08354000 5.32793999
vt 0.00024000 3.41404009
vt 0.00024000 3.34669995
vt 0.16683000 3.27672005
vt 0.16683000 3.34669995
vt 0.33340999 3.41404009
vt 0.16683000 3.41404009
vt 0.33340999 3.34669995
vt 0.50000000 5.24850988
vt 0.25012001 5.24850988
vt 0.25012001 5.15705013
vt 0.50000000 5.15705013
vt 0.74988002 5.04959011
vt 0.50000000 5.04959011
vt 0.74988002 5.15705013
vt 0.74988002 5.24850988
vt 0.50000000 5.15705013
vt 0.25012001 5.04959011
vt 0.50000000 5.04959011
vt 0.50000000 5.31925011
vt 0.25012001 5.24850988
vt 0.25012001 5.31925011
vt 0.00024000 5.31925011
vt 0.12518001 7.64032984
vt 0.00024000 5.24850988
vt 0.25012001 5.15705013
vt 0.00024000 5.15705013
vt 0.25012001 5.04959011
vt 0.25012001 5.15705013
vt 0.00024000 5.04959011
vt 0.25012001 4.86958981
vt 0.25012001 5.04959011
vt 0.00024000 4.86958981
vt 0.25012001 4.64146996
vt 0.25012001 4.86958981
vt 0.00024000 4.64146996
vt 0.25012001 4.64146996
vt 0.00024000 4.37372017
vt 0.25012001 3.96247005
vt 0.00024000 3.96247005
vt 0.25012001 3.48200011
vt 0.00024000 3.48200011
vt 0.25012001 2.93425989
vt 0.00024000 2.93425989
vt 0.50000000 3.48200011
vt 0.25012001 3.48200011
vt 0.74988002 2.75488997
vt 0.50000000 2.75533009
vt 0.74988002 2.93425989
vt 0.99975997 2.76751995
vt 0.74988002 2.61143994
vt 0.99975997 2.62894011
vt 0.74988002 2.47703004
vt 0.99975997 2.49907994
vt 0.99975997 2.49907994
vt 0.74988002 2.32125998
vt 0.99975997 2.35659003
vt 0.25012001 2.76752996
vt 0.25012001 2.93425989
vt 0.00024000 2.76751995
vt 0.25012001 2.61138010
vt 0.00024000 2.62894011
vt 0.25012001 2.76752996
vt 0.50000000 2.75533009
vt 0.50000000 2.59783006
vt 0.25012001 2.76752996
vt 0.25012001 2.44892001
vt 0.00024000 2.62894011
vt 0.00024000 2.49907994
vt 0.16683000 3.98877001
vt 0.00024000 3.98877001
vt 0.00024000 3.95761991
vt 0.16683000 3.92652011
vt 0.00024000 3.92652011
vt 0.33340999 3.95761991
vt 0.33340999 3.92652011
vt 0.16683000 3.87972999
vt 0.00024000 3.87972999
vt 0.33340999 3.92652011
vt 0.16683000 3.92652011
vt 0.33340999 3.87972999
vt 0.50000000 3.87972999
vt 0.33340999 3.92652011
vt 0.50000000 3.92652011
vt 0.33340999 3.92652011
vt 0.16683000 3.82973003
vt 0.00024000 3.87972999
vt 0.00024000 3.82973003
vt 0.33340999 3.87972999
vt 0.16683000 3.82973003
vt 0.33340999 3.82973003
vt 0.50000000 3.82973003
vt 0.50000000 3.87972999
vt 0.33340999 3.82973003
vt 0.66658998 3.82973003
vt 0.50000000 3.87972999
vt 0.50000000 3.92652011
vt 0.66658998 3.82973003
vt 0.50000000 3.74694991
vt 0.66658998 3.74694991
vt 0.50000000 3.66819000
vt 0.33340999 3.74694991
vt 0.33340999 3.66819000
vt 0.33340999 3.82973003
vt 0.16683000 3.74694991
vt 0.00024000 3.82973003
vt 0.00024000 3.74694991
vt 0.16683000 3.66819000
vt 0.00024000 3.74694991
vt 0.00024000 3.66819000
vt 0.33340999 3.55470991
vt 0.00024000 3.66819000
vt 0.00024000 3.55470991
vt 0.16683000 3.66819000
vt 0.33340999 3.74694991
vt 0.40005001 3.21262002
vt 0.20015000 3.21262002
vt 0.20015000 3.19121003
vt 0.40005001 3.19121003
vt 0.59995002 3.21262002
vt 0.40005001 3.22858000
vt 0.59995002 3.22858000
vt 0.59995002 3.19121003
vt 0.40005001 3.21262002
vt 0.40005001 3.19121003
vt 0.20015000 3.16302991
vt 0.40005001 3.16302991
vt 0.20015000 3.19121003
vt 0.20015000 3.16302991
vt 0.00024000 3.19121003
vt 0.00024000 3.16302991
vt 0.20015000 3.19121003
vt 0.00024000 3.21262002
vt 0.20015000 3.21262002
vt 0.20015000 3.11282992
vt 0.00024000 3.11282992
vt 0.20015000 3.16302991
vt 0.40005001 3.16302991
vt 0.40005001 3.11282992
vt 0.59995002 3.16302991
vt 0.40005001 3.06258988
vt 0.20015000 3.11282992
vt 0.00024000 3.11282992
vt 0.00024000 3.06258988
vt 0.83317000 2.63651991
vt 0.66658998 2.65458012
vt 0.99975997 3.86477995
vt 0.99975997 3.97210002
vt 0.79984999 3.97210002
vt 0.79984999 3.85593009
vt 0.99975997 3.97210002
vt 0.79984999 4.26770020
vt 0.99975997 4.26770020
vt 0.99975997 3.78456998
vt 0.99975997 3.86477995
vt 0.99975997 3.68765998
vt 0.79984999 3.66727996
vt 0.99975997 3.78456998
vt 0.25012001 6.53803015
vt 0.25012001 6.57727003
vt 0.00024000 6.57727003
vt 0.00024000 6.53803015
vt 0.00024000 6.57727003
vt 0.12518001 11.32184029
vt 0.66658998 2.78858995
vt 0.50000000 2.78985000
vt 0.50000000 2.71081996
vt 0.66658998 2.71750998
vt 0.50000000 2.61401010
vt 0.33340999 2.72294998
vt 0.33340999 2.63178992
vt 0.33340999 2.72294998
vt 0.16683000 2.65253997
vt 0.16683000 2.73333001
vt 0.33340999 2.79776001
vt 0.50000000 2.78985000
vt 0.33340999 2.88246012
vt 0.50000000 2.88246012
vt 0.66658998 3.06167006
vt 0.66658998 2.88246012
vt 0.50000000 3.06167006
vt 0.33340999 2.88246012
vt 0.16683000 2.80210996
vt 0.16683000 2.88246012
vt 0.33340999 2.79776001
vt 0.33340999 2.72294998
vt 0.16683000 2.73333001
vt 0.00024000 2.79952002
vt 0.00024000 2.73354006
vt 0.50000000 2.61401010
vt 0.66658998 2.63966990
vt 0.83317000 2.63669991
vt 0.66658998 2.63966990
vt 0.83317000 2.72142005
vt 0.99975997 3.01898003
vt 0.83317000 3.00345993
vt 0.83317000 2.92612004
vt 0.99975997 2.95745993
vt 0.99975997 3.49580002
vt 0.99975997 3.57517004
vt 0.79984999 3.57517004
vt 0.79984999 3.48527002
vt 0.59995002 3.47497010
vt 0.79984999 3.48527002
vt 0.59995002 3.57517004
vt 0.79984999 3.80575991
vt 0.59995002 3.57517004
vt 0.99975997 3.57517004
vt 0.99975997 3.80575991
vt 0.59995002 3.80575991
vt 0.40005001 3.80575991
vt 0.59995002 4.02539015
vt 0.79984999 4.02539015
vt 0.79984999 3.80575991
vt 0.99975997 3.80575991
vt 0.79984999 3.80575991
vt 0.99975997 4.02539015
vt 0.59995002 3.39845991
vt 0.40005001 3.47943997
vt 0.40005001 3.39377999
vt 0.20015000 3.41963005
vt 0.00024000 3.49580002
vt 0.00024000 3.43488002
vt 0.40005001 3.39377999
vt 0.20015000 3.33372998
vt 0.40005001 3.28639007
vt 0.00024000 3.43488002
vt 0.00024000 3.36536002
vt 0.20015000 3.41963005
vt 0.79984999 3.42184997
vt 0.59995002 3.31156993
vt 0.79984999 3.34964991
vt 0.99975997 3.36536002
vt 0.79984999 3.42184997
vt 0.99975997 3.43488002
vt 0.99975997 3.43488002
vt 0.79984999 3.48527002
vt 0.99975997 3.49580002
vt 0.79984999 3.48527002
vt 0.59995002 3.39845991
vt 0.59995002 3.47497010
vt 0.79984999 3.70375991
vt 0.59995002 3.70375991
vt 0.59995002 3.67399001
vt 0.79984999 3.67399001
vt 0.99975997 3.63810992
vt 0.79984999 3.63810992
vt 0.99975997 3.67399001
vt 0.59995002 3.70375991
vt 0.69989997 5.57027006
vt 0.99975997 3.70375991
vt 0.89980000 5.57027006
vt 0.99975997 3.67399001
vt 0.79984999 3.67399001
vt 0.99975997 3.70375991
vt 0.99975997 2.28540993
vt 0.74988002 2.26267004
vt 0.74988002 2.11865997
vt 0.99975997 2.15860009
vt 0.66658998 3.50737000
vt 0.50000000 3.50737000
vt 0.50000000 3.46678996
vt 0.66658998 3.46678996
vt 0.66658998 3.53797007
vt 0.50000000 3.50737000
vt 0.50000000 3.53797007
vt 0.50000000 3.56389999
vt 0.33340999 3.56389999
vt 0.33340999 3.53797007
vt 0.50000000 3.56389999
vt 0.41670999 5.32793999
vt 0.33340999 3.53797007
vt 0.16683000 3.56389999
vt 0.33340999 3.56389999
vt 0.25012001 5.32793999
vt 0.66658998 3.56389999
vt 0.58328998 5.32793999
vt 0.83317000 3.53797007
vt 0.83317000 3.56389999
vt 0.66658998 3.53797007
vt 0.83317000 3.53797007
vt 0.99975997 3.56389999
vt 0.99975997 3.53797007
vt 0.83317000 3.56389999
vt 0.91645998 5.32793999
vt 0.74988002 5.32793999
vt 0.59995002 3.83123994
vt 0.40005001 3.83123994
vt 0.40005001 3.64701009
vt 0.66658998 2.89445996
vt 0.66658998 2.87649989
vt 0.83317000 2.89445996
vt 0.50000000 2.89445996
vt 0.50000000 2.91014004
vt 0.33340999 2.89445996
vt 0.59995002 3.22858000
vt 0.59995002 3.24133992
vt 0.40005001 3.24133992
vt 0.40005001 3.22858000
vt 0.59995002 3.98318005
vt 0.59995002 4.12603998
vt 0.40005001 4.12965012
vt 0.40005001 3.97370005
vt 0.59995002 4.23416996
vt 0.79984999 4.37827015
vt 0.59995002 4.37827015
vt 0.79984999 4.23736000
vt 0.79984999 4.13712978
vt 0.59995002 4.23416996
vt 0.99975997 4.15394020
vt 0.99975997 4.24818993
vt 0.79984999 4.13712978
vt 0.59995002 3.98318005
vt 0.79984999 4.00527000
vt 0.99975997 4.03215981
vt 0.79984999 4.00527000
vt 0.99975997 4.15394020
vt 0.40005001 4.24241018
vt 0.20015000 4.14968014
vt 0.20015000 4.25144005
vt 0.20015000 4.37827015
vt 0.00024000 4.74473000
vt 0.00024000 4.37827015
vt 0.20015000 5.09730005
vt 0.00024000 4.74473000
vt 0.99975997 3.13336992
vt 0.83317000 3.13336992
vt 0.83317000 3.01395988
vt 0.99975997 3.01395988
vt 0.99975997 3.25085998
vt 0.83317000 3.25085998
vt 0.66658998 3.25085998
vt 0.83317000 3.25085998
vt 0.66658998 3.33260012
vt 0.83317000 3.33260012
vt 0.99975997 3.33260012
vt 0.99975997 3.25085998
vt 0.99975997 3.41792989
vt 0.83317000 3.41792989
vt 0.83317000 3.33260012
vt 0.83317000 3.41792989
vt 0.99975997 3.46939993
vt 0.99975997 3.41792989
vt 0.83317000 3.46939993
vt 0.99975997 3.51729012
vt 0.99975997 3.46939993
vt 0.83317000 3.51729012
vt 0.99975997 3.54903007
vt 0.83317000 3.54903007
vt 0.99975997 3.51729012
vt 0.83317000 3.41792989
vt 0.66658998 3.46939993
vt 0.50000000 3.41792989
vt 0.66658998 3.41792989
vt 0.50000000 3.46939993
vt 0.66658998 3.51729012
vt 0.83317000 3.46939993
vt 0.66658998 3.51729012
vt 0.83317000 3.51729012
vt 0.99975997 5.15705013
vt 0.74988002 5.15705013
vt 0.74988002 5.04959011
vt 0.99975997 5.24850988
vt 0.74988002 5.24850988
vt 0.99975997 5.04959011
vt 0.74988002 4.86958981
vt 0.99975997 4.86958981
vt 0.99975997 4.64146996
vt 0.74988002 4.37372017
vt 0.74988002 4.86958981
vt 0.99975997 4.37372017
vt 0.74988002 3.96247005
vt 0.99975997 3.96247005
vt 0.99975997 3.96247005
vt 0.99975997 3.48200011
vt 0.99975997 2.93425989
vt 0.74988002 2.75488997
vt 0.74988002 2.93425989
vt 0.83317000 3.98457003
vt 0.83317000 4.00416994
vt 0.66658998 4.00416994
vt 0.66658998 3.98457003
vt 0.83317000 4.00416994
vt 0.74988002 6.57807016
vt 0.99975997 4.00416994
vt 0.91645998 6.57807016
vt 0.50000000 4.00416994
vt 0.58328998 6.57807016
vt 0.50000000 3.98457003
vt 0.33340999 4.00416994
vt 0.33340999 3.98457003
vt 0.16683000 4.00416994
vt 0.25012001 6.57807016
vt 0.16683000 3.98457003
vt 0.00024000 4.00416994
vt 0.00024000 3.98457003
vt 0.33340999 4.00416994
vt 0.33340999 3.98457003
vt 0.16683000 4.00416994
vt 0.16683000 3.96219993
vt 0.00024000 3.98457003
vt 0.00024000 3.96219993
vt 0.00024000 3.96219993
vt 0.00024000 3.93628001
vt 0.33340999 3.98457003
vt 0.16683000 3.98457003
vt 0.33340999 3.96219993
vt 0.16683000 3.93628001
vt 0.33340999 3.93628001
vt 0.50000000 3.93628001
vt 0.50000000 3.96219993
vt 0.50000000 3.96219993
vt 0.33340999 3.96219993
vt 0.50000000 3.98457003
vt 0.66658998 3.98457003
vt 0.50000000 4.00416994
vt 0.16683000 3.65661001
vt 0.33340999 3.43590999
vt 0.50000000 3.65661001
vt 0.66658998 3.43590999
vt 0.50000000 3.17625999
vt 0.33340999 3.17625999
vt 0.50000000 3.43590999
vt 0.16683000 2.83895993
vt 0.16683000 2.75568008
vt 0.33340999 2.75071001
vt 0.16683000 2.75568008
vt 0.16683000 2.60338998
vt 0.00024000 2.68624997
vt 0.00024000 2.60864997
vt 0.00024000 2.83895993
vt 0.00024000 2.75272989
vt 0.16683000 2.75568008
vt 0.00024000 2.68624997
vt 0.16683000 2.83895993
vt 0.00024000 3.03278995
vt 0.16683000 3.03278995
vt 0.20015000 4.41298008
vt 0.00024000 4.48980999
vt 0.00024000 4.41298008
vt 0.20015000 1.85541999
vt 0.20015000 1.95583999
vt 0.00024000 1.95488000
vt 0.00024000 1.85889006
vt 0.16683000 2.69303989
vt 0.00024000 2.69303989
vt 0.00024000 2.62994003
vt 0.00024000 3.85389996
vt 0.16683000 3.85389996
vt 0.08354000 5.51550007
vt 0.16683000 3.85389996
vt 0.33340999 3.85389996
vt 0.25012001 5.51550007
vt 0.50000000 3.85389996
vt 0.41670999 5.51550007
vt 0.50000000 3.82542992
vt 0.33340999 3.85389996
vt 0.33340999 3.82542992
vt 0.66658998 3.85389996
vt 0.66658998 3.82542992
vt 0.50000000 3.85389996
vt 0.58328998 5.51550007
vt 0.83317000 3.82542992
vt 0.66658998 3.82542992
vt 0.83317000 3.85389996
vt 0.74988002 5.51550007
vt 0.66658998 3.82542992
vt 0.50000000 3.79236007
vt 0.66658998 3.79236007
vt 0.83317000 3.79236007
vt 0.66658998 3.79236007
vt 0.83317000 3.82542992
vt 0.99975997 3.82542992
vt 0.99975997 3.79236007
vt 0.99975997 3.85389996
vt 0.83317000 3.85389996
vt 0.83317000 3.85389996
vt 0.91645998 5.51550007
vt 0.83317000 3.74942994
vt 0.83317000 3.79236007
vt 0.83317000 3.69466996
vt 0.99975997 4.73396015
vt 0.74988002 4.73396015
vt 0.74988002 4.67360020
vt 0.99975997 4.67360020
vt 0.50000000 3.50737000
vt 0.50000000 3.53797007
vt 0.33340999 3.50737000
vt 0.50000000 3.46678996
vt 0.33340999 3.50737000
vt 0.33340999 3.46678996
vt 0.33340999 3.53797007
vt 0.16683000 3.50737000
vt 0.16683000 3.53797007
vt 0.66658998 3.56389999
vt 0.66658998 3.53797007
vt 0.50000000 3.56389999
vt 0.99975997 3.46678996
vt 0.83317000 3.41404009
vt 0.99975997 3.41404009
vt 0.66658998 4.36680984
vt 0.50000000 4.36680984
vt 0.50000000 4.27833986
vt 0.66658998 4.27833986
vt 0.99975997 2.43075991
vt 0.83317000 2.43075991
vt 0.83317000 2.35869002
vt 0.99975997 2.35869002
vt 0.99975997 2.35869002
vt 0.83317000 2.28782010
vt 0.99975997 2.28782010
vt 0.83317000 2.74005008
vt 0.83317000 2.91669011
vt 0.66658998 2.74005008
vt 0.99975997 2.74005008
vt 0.83317000 2.53081012
vt 0.99975997 2.53081012
vt 0.99975997 2.53081012
vt 0.83317000 2.28511000
vt 0.99975997 2.28511000
vt 0.83317000 2.04310012
vt 0.99975997 2.04310012
vt 0.66658998 3.06431007
vt 0.50000000 2.91669011
vt 0.83317000 2.91669011
vt 0.99975997 2.91669011
vt 0.83317000 2.74005008
vt 0.99975997 2.74005008
vt 0.99975997 3.06431007
vt 0.83317000 2.91669011
vt 0.83317000 3.06431007
vt 0.99975997 3.17579007
vt 0.99975997 4.59338999
vt 0.74988002 4.59338999
vt 0.99975997 4.47156000
vt 0.74988002 2.52121997
vt 0.74988002 2.67729998
vt 0.50000000 2.67729998
vt 0.50000000 2.52007008
vt 0.33340999 4.69851017
vt 0.33340999 5.12960005
vt 0.00024000 5.12960005
vt 0.00024000 4.69851017
vt 0.33340999 5.12960005
vt 0.00024000 5.45199013
vt 0.33340999 5.45199013
vt 0.16683000 4.36912012
vt 0.16683000 4.56692982
vt 0.00024000 4.56692982
vt 0.00024000 4.36912012
vt 0.00024000 4.68498993
vt 0.33340999 4.56692982
vt 0.16683000 4.17764997
vt 0.16683000 4.17764997
vt 0.16683000 3.90319991
vt 0.33340999 3.90319991
vt 0.00024000 4.17764997
vt 0.00024000 3.90319991
vt 0.16683000 4.17764997
vt 0.16683000 3.64902997
vt 0.33340999 3.64902997
vt 0.16683000 3.90319991
vt 0.99975997 4.02616978
vt 0.83317000 4.02616978
vt 0.83317000 4.00860023
vt 0.99975997 4.00860023
vt 0.99975997 4.00860023
vt 0.83317000 3.98877001
vt 0.99975997 3.98877001
vt 0.16683000 3.26003003
vt 0.16683000 3.40243006
vt 0.00024000 3.40243006
vt 0.00024000 3.26003003
vt 0.59995002 4.29922009
vt 0.59995002 4.32524014
vt 0.40005001 4.32524014
vt 0.40005001 4.29922009
vt 0.59995002 4.91469002
vt 0.59995002 4.95772982
vt 0.40005001 4.95772982
vt 0.40005001 4.91469002
vt 0.20015000 3.22858000
vt 0.20015000 3.24133992
vt 0.00024000 3.24133992
vt 0.00024000 3.22858000
vt 0.20015000 3.21262002
vt 0.00024000 3.21262002
vt 0.40005001 3.21262002
vt 0.40005001 3.24133992
vt 0.20015000 3.24133992
vt 0.20015000 3.24133992
vt 0.20015000 3.25213003
vt 0.40005001 3.22858000
vt 0.20015000 3.24133992
vt 0.00024000 3.25213003
vt 0.20015000 3.25213003
vt 0.40005001 3.25213003
vt 0.30010000 5.80153990
vt 0.00024000 3.25213003
vt 0.10020000 5.80153990
vt 0.74988002 3.47013998
vt 0.74988002 3.80019999
vt 0.50000000 3.80019999
vt 0.99975997 3.80019999
vt 0.99975997 3.47013998
vt 0.74988002 3.80019999
vt 0.99975997 4.02350998
vt 0.99975997 3.80019999
vt 0.74988002 4.02350998
vt 0.99975997 4.23380995
vt 0.99975997 4.02350998
vt 0.99975997 4.38144016
vt 0.99975997 4.23380995
vt 0.74988002 4.38144016
vt 0.99975997 3.47013998
vt 0.74988002 3.09644008
vt 0.99975997 3.09644008
vt 0.99975997 3.09644008
vt 0.74988002 2.67729998
vt 0.99975997 2.67729998
vt 0.50000000 3.09644008
vt 0.74988002 3.09644008
vt 0.74988002 3.47013998
vt 0.33340999 5.00306988
vt 0.16683000 5.00306988
vt 0.16683000 4.97171021
vt 0.33340999 4.97171021
vt 0.50000000 5.00306988
vt 0.33340999 5.03001022
vt 0.50000000 5.03001022
vt 0.33340999 5.03001022
vt 0.41670999 8.33053017
vt 0.33340999 5.00306988
vt 0.16683000 5.03001022
vt 0.00024000 5.03001022
vt 0.08354000 8.33053017
vt 0.00024000 5.00306988
vt 0.00024000 4.97171021
vt 0.16683000 5.00306988
vt 0.16683000 4.93403006
vt 0.99975997 6.04016018
vt 0.74988002 5.81689978
vt 0.99975997 5.81689978
vt 0.66658998 3.13336992
vt 0.50000000 3.13336992
vt 0.66658998 3.01395988
vt 0.16683000 2.71111989
vt 0.16683000 2.80905008
vt 0.00024000 2.80905008
vt 0.00024000 2.71111989
vt 0.99975997 2.79952002
vt 0.83317000 2.72142005
vt 0.99975997 2.73354006
vt 0.99975997 2.73354006
vt 0.83317000 2.63669991
vt 0.99975997 2.65704989
vt 0.99975997 2.70114994
vt 0.83317000 2.70114994
vt 0.83317000 2.69397998
vt 0.99975997 2.69397998
vt 0.99975997 2.70749998
vt 0.83317000 2.70114994
vt 0.83317000 2.70749998
vt 0.00024000 3.70375991
vt 0.20015000 3.70375991
vt 0.10020000 5.57027006
vt 0.99975997 1.68254995
vt 0.83317000 1.66408002
vt 0.83317000 1.55402994
vt 0.99975997 1.58449996
vt 0.33340999 3.50737000
vt 0.16683000 3.50737000
vt 0.33340999 3.46678996
vt 0.83317000 3.45005989
vt 0.83317000 3.53202009
vt 0.66658998 3.52658010
vt 0.66658998 3.43831992
vt 0.99975997 3.46532011
vt 0.83317000 3.34917998
vt 0.99975997 3.37140012
vt 0.66658998 3.33153009
vt 0.99975997 3.64902997
vt 0.99975997 3.54197001
vt 0.83317000 3.64902997
vt 0.16683000 5.00306988
vt 0.16683000 5.03001022
vt 0.00024000 5.03001022
vt 0.00024000 5.00306988
vt 0.33340999 5.03001022
vt 0.25012001 8.33053017
vt 0.79984999 3.98710990
vt 0.59995002 3.93879008
vt 0.59995002 3.83874989
vt 0.79984999 3.93987989
vt 0.99975997 4.02223015
vt 0.99975997 4.05844021
vt 0.99975997 3.99684000
vt 0.79984999 3.98710990
vt 0.79984999 3.93987989
vt 0.79984999 4.03786993
vt 0.59995002 4.02091980
vt 0.40005001 3.94758010
vt 0.99975997 4.05844021
vt 0.59995002 3.83874989
vt 0.40005001 3.82911992
vt 0.40005001 3.94758010
vt 0.20015000 3.91182995
vt 0.20015000 3.98816991
vt 0.00024000 3.99684000
vt 0.99975997 4.50093985
vt 0.74988002 4.50093985
vt 0.74988002 4.38144016
vt 0.99975997 4.38144016
vt 0.99975997 4.57432985
vt 0.99975997 4.50093985
vt 0.74988002 4.57432985
vt 0.50000000 4.57432985
vt 0.50000000 4.50093985
vt 0.33340999 2.99473000
vt 0.16683000 3.00412989
vt 0.16683000 2.90733004
vt 0.33340999 2.88855004
vt 0.50000000 4.86958981
vt 0.25012001 4.86958981
vt 0.50000000 4.64146996
vt 0.50000000 4.64146996
vt 0.50000000 4.37372017
vt 0.50000000 5.04959011
vt 0.50000000 5.04959011
vt 0.74988002 5.04959011
vt 0.25012001 5.31925011
vt 0.50000000 5.31925011
vt 0.37505999 7.64032984
vt 0.74988002 5.31925011
vt 0.62493998 7.64032984
vt 0.50000000 5.24850988
vt 0.99975997 5.31925011
vt 0.74988002 5.31925011
vt 0.99975997 5.31925011
vt 0.87481999 7.64032984
vt 0.06271000 0.39589000
vt 0.00024000 0.49195004
vt 0.00024000 0.39589000
vt 0.06271000 0.30646002
vt 0.00024000 0.39589000
vt 0.00024000 0.30646002
vt 0.66658998 5.12960005
vt 0.33340999 5.12960005
vt 0.33340999 4.69851017
vt 0.66658998 4.69851017
vt 0.74988002 4.73396015
vt 0.99975997 4.73396015
vt 0.87481999 7.17344999
vt 0.66658998 5.88563013
vt 0.99975997 5.88563013
vt 0.83317000 8.44587040
vt 0.16683000 2.53730011
vt 0.16683000 2.48214006
vt 0.33340999 2.48214006
vt 0.16683000 2.57822990
vt 0.25012001 2.32281995
vt 0.25012001 2.50215006
vt 0.00024000 2.40761995
vt 0.16683000 2.28782010
vt 0.16683000 2.35869002
vt 0.00024000 2.35869002
vt 0.00024000 2.28782010
vt 0.16683000 2.23141003
vt 0.00024000 2.22898006
vt 0.16683000 2.17536998
vt 0.00024000 2.16991997
vt 0.16683000 2.23141003
vt 0.99975997 2.90189004
vt 0.83317000 2.90189004
vt 0.83317000 2.80905008
vt 0.99975997 2.80905008
vt 0.83317000 2.71111989
vt 0.99975997 2.71111989
vt 0.66658998 2.71111989
vt 0.66658998 2.59353995
vt 0.66658998 2.96807003
vt 0.66658998 2.90189004
vt 0.99975997 3.53628993
vt 0.99975997 3.58930993
vt 0.79984999 3.53628993
vt 0.66658998 5.00306988
vt 0.50000000 5.00306988
vt 0.50000000 4.97171021
vt 0.16683000 2.88674998
vt 0.16683000 3.01395988
vt 0.00024000 2.88674998
vt 0.16683000 2.70114994
vt 0.16683000 2.70749998
vt 0.00024000 2.70749998
vt 0.00024000 2.70114994
vt 0.33340999 2.70749998
vt 0.25012001 4.89986992
vt 0.66658998 3.14998007
vt 0.50000000 3.14998007
vt 0.50000000 3.13996005
vt 0.66658998 3.13996005
vt 0.83317000 3.14998007
vt 0.74988002 5.61105013
vt 0.66658998 3.14998007
vt 0.58328998 5.61105013
vt 0.00024000 2.70749998
vt 0.16683000 2.70749998
vt 0.08354000 4.89986992
vt 0.50000000 2.19805002
vt 0.66658998 2.21674991
vt 0.50000000 2.29263997
vt 0.66658998 2.28971004
vt 0.66658998 2.35414004
vt 0.66658998 2.28971004
vt 0.50000000 2.36111999
vt 0.16683000 2.33456993
vt 0.16683000 2.38205004
vt 0.00024000 2.35335994
vt 0.99975997 3.14998007
vt 0.83317000 3.14998007
vt 0.83317000 3.13996005
vt 0.99975997 3.13996005
vt 0.83317000 2.65459991
vt 0.66658998 2.55183005
vt 0.66658998 2.82988000
vt 0.83317000 2.82988000
vt 0.66658998 2.90670991
vt 0.50000000 2.90670991
vt 0.66658998 2.90670991
vt 0.83317000 2.90670991
vt 0.99975997 2.36375999
vt 0.83317000 2.36375999
vt 0.83317000 2.24464989
vt 0.99975997 2.24464989
vt 0.33340999 2.36375999
vt 0.16683000 2.36375999
vt 0.33340999 2.24464989
vt 0.99975997 3.54197001
vt 0.83317000 3.53202009
vt 0.83317000 3.45005989
vt 0.99975997 3.46532011
vt 0.66658998 3.64902997
vt 0.83317000 3.64902997
vt 0.40005001 4.63416004
vt 0.20015000 4.63416004
vt 0.20015000 4.61177015
vt 0.59995002 4.63416004
vt 0.50000000 7.94581985
vt 0.40005001 4.63416004
vt 0.30010000 7.94581985
vt 0.50000000 1.28968000
vt 0.50000000 1.40104997
vt 0.33340999 1.39917004
vt 0.33340999 1.28266001
vt 0.00024000 3.11314011
vt 0.16683000 3.11314011
vt 0.08354000 5.39819002
vt 0.33340999 3.11314011
vt 0.25012001 5.39819002
vt 0.33340999 3.11314011
vt 0.50000000 3.11314011
vt 0.41670999 5.39819002
vt 0.66658998 5.63316011
vt 0.33340999 5.63316011
vt 0.33340999 5.45199013
vt 0.66658998 5.45199013
vt 0.66658998 3.64902997
vt 0.50000000 3.64902997
vt 0.50000000 3.53070998
vt 0.66658998 3.52658010
vt 0.33340999 3.54903007
vt 0.16683000 3.54903007
vt 0.16683000 3.51729012
vt 0.00024000 3.54903007
vt 0.00024000 3.51729012
vt 0.50000000 3.06167006
vt 0.33340999 3.06167006
vt 0.33340999 2.88246012
vt 0.16683000 3.09328008
vt 0.16683000 3.10400009
vt 0.00024000 3.10400009
vt 0.00024000 3.09328008
vt 0.33340999 3.11314011
vt 0.16683000 3.11314011
vt 0.16683000 3.10400009
vt 0.33340999 3.10400009
vt 0.50000000 3.13996005
vt 0.50000000 3.14998007
vt 0.33340999 3.13996005
vt 0.33340999 3.14998007
vt 0.50000000 3.14998007
vt 0.41670999 5.61105013
vt 0.83317000 3.14998007
vt 0.99975997 3.14998007
vt 0.91645998 5.61105013
vt 0.99975997 3.41404009
vt 0.83317000 3.41404009
vt 0.83317000 3.34669995
vt 0.99975997 3.34669995
vt 0.66658998 3.98457003
vt 0.50000000 3.98457003
vt 0.50000000 3.96219993
vt 0.66658998 3.96219993
vt 0.79984999 4.63416004
vt 0.59995002 4.61177015
vt 0.79984999 4.61177015
vt 0.83317000 3.13996005
vt 0.83317000 3.14998007
vt 0.66658998 3.14998007
vt 0.20015000 3.24133992
vt 0.20015000 3.25213003
vt 0.00024000 3.24133992
vt 0.40005001 3.25213003
vt 0.20015000 3.25213003
vt 0.40005001 3.24133992
vt 0.59995002 3.25213003
vt 0.50000000 5.80153990
vt 0.40005001 3.25213003
vt 0.40005001 3.24133992
vt 0.59995002 3.25213003
vt 0.59995002 3.24133992
vt 0.59995002 3.25213003
vt 0.40005001 3.24133992
vt 0.59995002 3.24133992
vt 0.79984999 3.24133992
vt 0.59995002 3.25213003
vt 0.79984999 3.25213003
vt 0.79984999 3.24133992
vt 0.59995002 3.25213003
vt 0.79984999 3.25213003
vt 0.69989997 5.80153990
vt 0.89980000 5.80153990
vt 0.99975997 4.00416994
vt 0.83317000 4.00416994
vt 0.83317000 3.98457003
vt 0.99975997 3.98457003
vt 0.20015000 4.01281977
vt 0.20015000 4.14968014
vt 0.00024000 4.15394020
vt 0.00024000 4.03215981
vt 0.40005001 4.12965012
vt 0.40005001 3.97370005
vt 0.20015000 4.14968014
vt 0.00024000 4.24818993
vt 0.00024000 4.15394020
vt 0.20015000 4.25144005
vt 0.00024000 4.37827015
vt 0.00024000 4.24818993
vt 0.20015000 4.37827015
vt 0.20015000 4.61177015
vt 0.20015000 4.63416004
vt 0.00024000 4.63416004
vt 0.00024000 4.61177015
vt 0.50000000 3.69466996
vt 0.50000000 3.74942994
vt 0.33340999 3.74942994
vt 0.33340999 3.69466996
vt 0.16683000 2.46673012
vt 0.00024000 2.55499005
vt 0.66658998 5.77969980
vt 0.33340999 5.77969980
vt 0.33340999 5.63316011
vt 0.66658998 5.63316011
vt 0.16683000 3.82542992
vt 0.16683000 3.85389996
vt 0.00024000 3.85389996
vt 0.00024000 3.82542992
vt 0.83317000 4.02616978
vt 0.99975997 4.02616978
vt 0.91645998 6.66476011
vt 0.25012001 6.42540979
vt 0.25012001 6.33457994
vt 0.50000000 6.33457994
vt 0.50000000 3.05448008
vt 0.33340999 3.05448008
vt 0.16683000 4.56771994
vt 0.33340999 4.56771994
vt 0.25012001 7.44961977
vt 0.50000000 4.56771994
vt 0.66658998 4.56771994
vt 0.58328998 7.44961977
vt 0.66658998 4.56771994
vt 0.83317000 4.56771994
vt 0.74988002 7.44961977
vt 0.83317000 4.56771994
vt 0.99975997 4.56771994
vt 0.91645998 7.44961977
vt 0.66658998 2.66669011
vt 0.50000000 2.56152010
vt 0.66658998 2.58596992
vt 0.83317000 2.58921003
vt 0.83317000 2.67347002
vt 0.99975997 2.68624997
vt 0.83317000 2.58921003
vt 0.99975997 2.60864997
vt 0.16683000 4.17764997
vt 0.16683000 4.36912012
vt 0.00024000 4.36912012
vt 0.00024000 4.17764997
vt 0.16683000 3.07927990
vt 0.16683000 3.09328008
vt 0.00024000 3.09328008
vt 0.00024000 3.07927990
vt 0.37505999 1.15950000
vt 0.37505999 1.31584001
vt 0.25012001 1.31584001
vt 0.00024000 4.63416004
vt 0.20015000 4.63416004
vt 0.10020000 7.94581985
vt 0.59995002 4.63416004
vt 0.79984999 4.63416004
vt 0.69989997 7.94581985
vt 0.59995002 4.21702003
vt 0.59995002 4.11684990
vt 0.79984999 4.11684990
vt 0.16683000 3.85996008
vt 0.00024000 3.90272999
vt 0.00024000 3.85996008
vt 0.99975997 3.98877001
vt 0.83317000 3.98877001
vt 0.99975997 3.95761991
vt 0.16683000 2.48815989
vt 0.16683000 2.53995991
vt 0.00024000 2.53843999
vt 0.00024000 2.48852992
vt 0.87481999 0.20908999
vt 0.81234998 0.20908999
vt 0.81234998 0.13429999
vt 0.87481999 0.13429999
vt 0.87481999 0.30646002
vt 0.87481999 0.20908999
vt 0.00024000 4.00416994
vt 0.16683000 4.00416994
vt 0.08354000 6.57807016
vt 0.33340999 4.00416994
vt 0.50000000 4.00416994
vt 0.41670999 6.57807016
vt 0.20015000 3.02788997
vt 0.20015000 3.11017990
vt 0.00024000 3.11619997
vt 0.20015000 3.02788997
vt 0.40005001 2.94250989
vt 0.20015000 3.11017990
vt 0.79984999 3.12255001
vt 0.79984999 3.08282995
vt 0.99975997 3.15311003
vt 0.99975997 3.19225001
vt 0.99975997 2.64379001
vt 0.99975997 2.69162011
vt 0.79984999 2.69162011
vt 0.79984999 2.63169003
vt 0.00024000 4.34741020
vt 0.20015000 4.34741020
vt 0.10020000 7.32008982
vt 0.20015000 4.34741020
vt 0.40005001 4.34741020
vt 0.30010000 7.32008982
vt 0.40005001 4.34741020
vt 0.59995002 4.34741020
vt 0.50000000 7.32008982
vt 0.20015000 4.58525991
vt 0.20015000 4.61177015
vt 0.00024000 4.61177015
vt 0.00024000 4.58525991
vt 0.16683000 3.59812999
vt 0.16683000 3.61304998
vt 0.00024000 3.61304998
vt 0.00024000 3.59812999
vt 0.25012001 4.02350998
vt 0.50000000 3.80019999
vt 0.50000000 3.74694991
vt 0.50000000 3.66819000
vt 0.66658998 3.66819000
vt 0.66658998 3.55470991
vt 0.33340999 3.74694991
vt 0.50000000 3.82973003
vt 0.83317000 1.48061001
vt 0.83317000 1.58728004
vt 0.66658998 1.59456003
vt 0.66658998 1.49951994
vt 0.50000000 3.62605000
vt 0.66658998 3.62605000
vt 0.58328998 6.33118010
vt 0.16683000 2.65253997
vt 0.16683000 2.73333001
vt 0.00024000 2.73354006
vt 0.00024000 2.65704989
vt 0.20015000 5.92637014
vt 0.20015000 6.00149012
vt 0.00024000 6.00149012
vt 0.00024000 5.92637014
vt 0.83317000 4.00860023
vt 0.83317000 4.02616978
vt 0.66658998 4.02616978
vt 0.66658998 4.00860023
vt 0.20015000 4.90967989
vt 0.20015000 5.03803015
vt 0.00024000 5.03803015
vt 0.00024000 4.90967989
vt 0.40005001 5.03803015
vt 0.20015000 4.90967989
vt 0.40005001 4.90967989
vt 0.20015000 4.71795988
vt 0.00024000 4.90967989
vt 0.00024000 4.71795988
vt 0.20015000 4.90967989
vt 0.50000000 5.03001022
vt 0.66658998 5.03001022
vt 0.58328998 8.33053017
vt 0.59995002 3.31156993
vt 0.59995002 3.39845991
vt 0.40005001 3.28639007
vt 0.99975997 4.11684990
vt 0.99975997 4.21702003
vt 0.79984999 4.21702003
vt 0.79984999 4.11684990
vt 0.62493998 0.73082000
vt 0.62493998 0.85358000
vt 0.50000000 0.85358000
vt 0.25012001 6.04016018
vt 0.25012001 6.20921993
vt 0.00024000 6.20921993
vt 0.00024000 6.04016018
vt 0.40005001 3.83123994
vt 0.20015000 3.83123994
vt 0.20015000 3.64701009
vt 0.40005001 3.64701009
vt 0.20015000 4.21702003
vt 0.20015000 4.28372002
vt 0.00024000 4.28372002
vt 0.00024000 4.21702003
vt 0.16683000 2.96807003
vt 0.16683000 3.01303005
vt 0.00024000 3.01303005
vt 0.00024000 2.96807003
vt 0.00024000 3.05887008
vt 0.00024000 3.01303005
vt 0.16683000 3.05887008
vt 0.00024000 5.03519011
vt 0.20015000 5.03519011
vt 0.10020000 8.89062023
vt 0.99975997 5.03128004
vt 0.74988002 5.02102995
vt 0.74988002 4.92425013
vt 0.99975997 4.93910980
vt 0.99975997 4.90967989
vt 0.99975997 5.03803015
vt 0.79984999 4.90967989
vt 0.33340999 5.45199013
vt 0.33340999 5.63316011
vt 0.00024000 5.63316011
vt 0.00024000 5.45199013
vt 0.66658998 5.45199013
vt 0.33340999 5.12960005
vt 0.66658998 5.12960005
vt 0.59995002 5.39780998
vt 0.79984999 5.39780998
vt 0.69989997 9.03454018
vt 0.99975997 5.39780998
vt 0.89980000 9.03454018
vt 0.99975997 4.02539015
vt 0.99975997 4.17469978
vt 0.79984999 4.17469978
vt 0.79984999 4.02539015
vt 0.66658998 2.80905008
vt 0.50000000 2.80905008
vt 0.66658998 2.71111989
vt 0.16683000 2.75759006
vt 0.16683000 2.81895995
vt 0.00024000 2.81683993
vt 0.00024000 2.75501990
vt 0.59995002 4.45791006
vt 0.79984999 4.45791006
vt 0.69989997 7.88093996
vt 0.99975997 1.65583003
vt 0.99975997 1.75966001
vt 0.79984999 1.73413002
vt 0.79984999 1.61320996
vt 0.16683000 2.69397998
vt 0.16683000 2.70114994
vt 0.00024000 2.70114994
vt 0.00024000 2.69397998
vt 0.83317000 3.07927990
vt 0.83317000 3.09328008
vt 0.66658998 3.09328008
vt 0.66658998 3.07927990
vt 0.74988002 6.57727003
vt 0.99975997 6.57727003
vt 0.87481999 11.32184029
vt 0.20015000 5.23926020
vt 0.00024000 5.29425001
vt 0.00024000 5.23926020
vt 0.99975997 4.48386002
vt 0.83317000 4.48386002
vt 0.83317000 4.42542982
vt 0.99975997 4.42542982
vt 0.83317000 4.42542982
vt 0.83317000 4.36680984
vt 0.99975997 4.36680984
vt 0.83317000 4.27833986
vt 0.99975997 4.27833986
vt 0.83317000 3.64902997
vt 0.83317000 3.90319991
vt 0.66658998 3.90319991
vt 0.66658998 3.64902997
vt 0.50000000 4.79327011
vt 0.33340999 4.68498993
vt 0.99975997 2.95411992
vt 0.83317000 2.95411992
vt 0.83317000 2.90670991
vt 0.99975997 2.90670991
vt 0.99975997 4.00074005
vt 0.74988002 4.00074005
vt 0.74988002 3.58853006
vt 0.99975997 3.58853006
f 1/1 2/2 3/3
f 1/1 3/3 4/4
f 5/5 6/6 2/2
f 6/6 5/5 7/7
f 6/6 7/7 8/8
f 9/9 10/10 6/6
f 10/10 9/9 11/11
f 12/12 13/13 10/10
f 12/12 10/10 14/14
f 15/15 16/16 10/10
f 15/15 10/10 17/17
f 18/18 19/19 17/17
f 18/18 17/17 20/20
f 18/18 20/20 21/21
f 18/18 21/21 22/22
f 23/23 24/24 16/16
f 24/24 23/23 25/25
f 24/24 25/25 14/14
f 26/26 27/27 21/21
f 26/26 21/21 28/28
f 29/29 30/30 28/28
f 29/29 28/28 31/31
f 32/32 33/33 31/31
f 32/32 31/31 34/34
f 35/35 36/36 34/34
f 36/36 35/35 37/37
f 38/38 36/36 39/39
f 40/40 38/38 37/37
f 40/40 37/37 41/41
f 41/41 37/37 42/42
f 43/43 42/42 39/39
f 43/43 39/39 6/6
f 44/44 39/39 35/35
f 39/39 44/44 21/21
f 45/45 46/46 39/39
f 45/45 39/39 47/47
f 48/48 26/26 44/44
f 26/26 48/48 49/49
f 26/26 49/49 50/50
f 50/50 49/49 51/51
f 49/49 48/48 52/52
f 49/49 52/52 53/53
f 49/49 53/53 54/54
f 53/53 52/52 55/55
f 53/53 55/55 56/56
f 57/57 54/54 58/58
f 54/54 57/57 59/59
f 60/60 61/61 59/59
f 60/60 59/59 62/62
f 63/63 64/64 62/62
f 63/63 62/62 65/65
f 66/66 67/67 63/63
f 68/68 69/69 67/67
f 67/67 69/69 70/70
f 69/69 68/68 71/71
f 69/69 71/71 72/72
f 72/72 71/71 73/73
f 72/72 73/73 74/74
f 75/75 76/76 72/72
f 72/72 76/76 77/77
f 78/78 79/79 77/77
f 79/79 78/78 80/80
f 81/81 78/78 74/74
f 81/81 74/74 82/82
f 83/83 74/74 84/84
f 74/74 83/83 85/85
f 86/86 81/81 85/85
f 86/86 85/85 87/87
f 88/88 87/87 82/82
f 88/88 82/82 89/89
f 90/90 88/88 83/83
f 88/88 90/90 91/91
f 91/91 90/90 92/92
f 92/92 90/90 93/93
f 91/91 92/92 94/94
f 91/91 94/94 95/95
f 96/96 97/97 94/94
f 97/97 96/96 98/98
f 98/98 96/96 99/99
f 98/98 99/99 100/100
f 100/100 99/99 101/101
f 97/97 98/98 102/102
f 97/97 102/102 103/103
f 103/103 102/102 104/104
f 104/104 102/102 105/105
f 105/105 102/102 106/106
f 105/105 106/106 107/107
f 105/105 107/107 108/108
f 105/105 108/108 109/109
f 105/105 109/109 110/110
f 110/110 109/109 111/111
f 112/112 103/103 110/110
f 103/103 112/112 88/88
f 113/113 114/114 88/88
f 114/114 113/113 115/115
f 116/116 104/104 111/111
f 116/116 111/111 86/86
f 117/117 118/118 111/111
f 117/117 111/111 119/119
f 120/120 109/109 119/119
f 119/119 109/109 121/121
f 121/121 109/109 122/122
f 121/121 122/122 123/123
f 121/121 123/123 124/124
f 121/121 124/124 125/125
f 126/126 121/121 127/127
f 126/126 127/127 128/128
f 129/129 130/130 123/123
f 129/129 123/123 131/131
f 129/129 131/131 107/107
f 129/129 107/107 132/132
f 133/133 134/134 129/129
f 133/133 129/129 135/135
f 133/133 135/135 136/136
f 134/134 133/133 137/137
f 138/138 139/139 133/133
f 139/139 138/138 140/140
f 141/141 142/142 140/140
f 140/140 142/142 143/143
f 144/144 145/145 142/142
f 145/145 144/144 146/146
f 146/146 144/144 147/147
f 147/147 144/144 148/148
f 149/149 150/150 148/148
f 148/148 150/150 151/151
f 151/151 150/150 152/152
f 151/151 152/152 153/153
f 154/154 155/155 153/153
f 154/154 153/153 156/156
f 157/157 154/154 158/158
f 159/159 157/157 102/102
f 157/157 159/159 100/100
f 157/157 100/100 135/135
f 135/135 100/100 160/160
f 161/161 162/162 163/163
f 164/164 165/165 163/163
f 163/163 165/165 166/166
f 163/163 166/166 167/167
f 168/168 169/169 163/163
f 169/169 168/168 170/170
f 169/169 170/170 171/171
f 171/171 170/170 172/172
f 173/173 174/174 171/171
f 174/174 173/173 175/175
f 176/176 177/177 175/175
f 176/176 175/175 178/178
f 177/177 176/176 179/179
f 179/179 176/176 180/180
f 177/177 179/179 181/181
f 179/179 180/180 182/182
f 181/181 179/179 183/183
f 181/181 183/183 184/184
f 181/181 184/184 185/185
f 181/181 185/185 186/186
f 185/185 184/184 187/187
f 187/187 184/184 188/188
f 189/189 190/190 187/187
f 190/190 189/189 191/191
f 192/192 189/189 184/184
f 189/189 192/192 193/193
f 193/193 192/192 182/182
f 182/182 192/192 194/194
f 193/193 182/182 195/195
f 195/195 182/182 196/196
f 193/193 195/195 197/197
f 193/193 197/197 189/189
f 197/197 195/195 198/198
f 189/189 197/197 199/199
f 189/189 199/199 200/200
f 201/201 190/190 200/200
f 201/201 200/200 202/202
f 203/203 204/204 201/201
f 204/204 203/203 205/205
f 205/205 203/203 206/206
f 206/206 203/203 207/207
f 207/207 203/203 208/208
f 207/207 208/208 209/209
f 207/207 209/209 79/79
f 207/207 79/79 210/210
f 206/206 207/207 80/80
f 206/206 80/80 211/211
f 211/211 80/80 212/212
f 212/212 80/80 213/213
f 211/211 212/212 86/86
f 211/211 86/86 214/214
f 215/215 214/214 119/119
f 214/214 215/215 216/216
f 217/217 206/206 216/216
f 217/217 216/216 218/218
f 217/217 218/218 219/219
f 217/217 219/219 204/204
f 220/220 221/221 219/219
f 221/221 220/220 222/222
f 223/223 222/222 218/218
f 223/223 218/218 224/224
f 225/225 215/215 125/125
f 225/225 125/125 226/226
f 227/227 221/221 225/225
f 227/227 225/225 228/228
f 229/229 227/227 226/226
f 229/229 226/226 230/230
f 231/231 232/232 229/229
f 233/233 230/230 228/228
f 233/233 228/228 234/234
f 235/235 230/230 236/236
f 230/230 235/235 237/237
f 238/238 237/237 134/134
f 238/238 134/134 239/239
f 240/240 134/134 236/236
f 241/241 239/239 242/242
f 239/239 241/241 243/243
f 244/244 245/245 239/239
f 239/239 245/245 246/246
f 247/247 245/245 243/243
f 247/247 243/243 248/248
f 249/249 243/243 250/250
f 243/243 249/249 251/251
f 252/252 247/247 251/251
f 252/252 251/251 253/253
f 253/253 251/251 254/254
f 254/254 251/251 255/255
f 252/252 253/253 256/256
f 256/256 253/253 257/257
f 258/258 259/259 256/256
f 259/259 258/258 260/260
f 261/261 168/168 262/262
f 263/263 264/264 261/261
f 264/264 263/263 265/265
f 266/266 267/267 265/265
f 268/268 269/269 266/266
f 270/270 271/271 267/267
f 267/267 271/271 272/272
f 271/271 270/270 273/273
f 272/272 271/271 274/274
f 275/275 274/274 273/273
f 273/273 274/274 276/276
f 272/272 274/274 277/277
f 277/277 274/274 178/178
f 277/277 178/178 278/278
f 178/178 274/274 279/279
f 178/178 279/279 280/280
f 178/178 280/280 281/281
f 281/281 280/280 282/282
f 283/283 182/182 282/282
f 283/283 282/282 284/284
f 285/285 280/280 284/284
f 284/284 280/280 286/286
f 287/287 280/280 288/288
f 287/287 288/288 289/289
f 290/290 286/286 291/291
f 286/286 290/290 292/292
f 293/293 294/294 286/286
f 294/294 293/293 295/295
f 295/295 293/293 296/296
f 296/296 293/293 297/297
f 295/295 296/296 298/298
f 295/295 298/298 299/299
f 295/295 299/299 283/283
f 295/295 283/283 300/300
f 301/301 302/302 299/299
f 301/301 299/299 198/198
f 198/198 299/299 303/303
f 303/303 299/299 304/304
f 198/198 303/303 305/305
f 198/198 305/305 197/197
f 197/197 305/305 209/209
f 209/209 305/305 306/306
f 305/305 303/303 307/307
f 308/308 79/79 305/305
f 308/308 305/305 309/309
f 310/310 305/305 311/311
f 310/310 311/311 312/312
f 313/313 312/312 307/307
f 312/312 313/313 314/314
f 314/314 313/313 315/315
f 314/314 315/315 316/316
f 316/316 315/315 317/317
f 316/316 317/317 318/318
f 318/318 317/317 319/319
f 318/318 319/319 320/320
f 318/318 320/320 27/27
f 318/318 27/27 321/321
f 318/318 321/321 322/322
f 322/322 321/321 323/323
f 321/321 27/27 324/324
f 324/324 27/27 325/325
f 326/326 319/319 317/317
f 319/319 326/326 327/327
f 326/326 317/317 296/296
f 296/296 317/317 328/328
f 329/329 330/330 296/296
f 330/330 329/329 331/331
f 332/332 331/331 307/307
f 331/331 332/332 304/304
f 333/333 17/17 319/319
f 17/17 333/333 334/334
f 334/334 333/333 335/335
f 334/334 335/335 336/336
f 334/334 336/336 337/337
f 338/338 337/337 339/339
f 340/340 337/337 341/341
f 340/340 341/341 342/342
f 343/343 342/342 344/344
f 343/343 344/344 345/345
f 346/346 344/344 347/347
f 348/348 344/344 349/349
f 348/348 349/349 350/350
f 351/351 350/350 352/352
f 351/351 352/352 353/353
f 353/353 352/352 354/354
f 355/355 352/352 356/356
f 357/357 356/356 358/358
f 357/357 358/358 359/359
f 357/357 359/359 360/360
f 361/361 359/359 362/362
f 363/363 364/364 359/359
f 365/365 364/364 362/362
f 363/363 359/359 366/366
f 367/367 366/366 170/170
f 366/366 367/367 368/368
f 369/369 365/365 370/370
f 365/365 369/369 273/273
f 273/273 369/369 371/371
f 273/273 371/371 372/372
f 371/371 369/369 335/335
f 335/335 369/369 344/344
f 344/344 369/369 373/373
f 371/371 335/335 374/374
f 374/374 335/335 333/333
f 374/374 333/333 326/326
f 374/374 326/326 292/292
f 375/375 376/376 377/377
f 378/378 379/379 380/380
f 378/378 380/380 381/381
f 381/381 380/380 382/382
f 383/383 380/380 384/384
f 385/385 383/383 382/382
f 386/386 384/384 385/385
f 386/386 385/385 387/387
f 387/387 385/385 388/388
f 388/388 385/385 389/389
f 390/390 386/386 391/391
f 392/392 390/390 387/387
f 392/392 387/387 393/393
f 394/394 395/395 393/393
f 393/393 395/395 396/396
f 396/396 395/395 397/397
f 398/398 397/397 399/399
f 400/400 398/398 395/395
f 400/400 395/395 401/401
f 400/400 401/401 402/402
f 403/403 395/395 387/387
f 395/395 403/403 404/404
f 395/395 404/404 405/405
f 395/395 405/405 406/406
f 405/405 404/404 52/52
f 52/52 404/404 407/407
f 405/405 52/52 48/48
f 405/405 48/48 408/408
f 405/405 408/408 406/406
f 406/406 408/408 409/409
f 406/406 409/409 410/410
f 406/406 410/410 411/411
f 406/406 411/411 412/412
f 406/406 412/412 413/413
f 414/414 415/415 406/406
f 416/416 408/408 417/417
f 408/408 416/416 418/418
f 419/419 420/420 421/421
f 421/421 420/420 422/422
f 419/419 421/421 423/423
f 424/424 419/419 425/425
f 424/424 425/425 426/426
f 427/427 428/428 426/426
f 428/428 427/427 429/429
f 428/428 429/429 430/430
f 430/430 429/429 431/431
f 432/432 420/420 430/430
f 433/433 434/434 430/430
f 435/435 436/436 431/431
f 437/437 438/438 423/423
f 437/437 423/423 439/439
f 440/440 439/439 441/441
f 442/442 443/443 444/444
f 445/445 446/446 447/447
f 445/445 447/447 448/448
f 449/449 450/450 447/447
f 450/450 449/449 451/451
f 452/452 453/453 451/451
f 451/451 453/453 454/454
f 455/455 447/447 454/454
f 455/455 454/454 456/456
f 457/457 458/458 456/456
f 457/457 456/456 459/459
f 460/460 461/461 457/457
f 461/461 460/460 462/462
f 463/463 464/464 460/460
f 464/464 463/463 465/465
f 466/466 467/467 464/464
f 467/467 466/466 468/468
f 469/469 470/470 467/467
f 470/470 469/469 471/471
f 472/472 473/473 470/470
f 473/473 472/472 474/474
f 473/473 474/474 475/475
f 475/475 474/474 476/476
f 477/477 478/478 476/476
f 477/477 476/476 479/479
f 480/480 481/481 477/477
f 481/481 480/480 482/482
f 483/483 482/482 484/484
f 482/482 483/483 485/485
f 485/485 483/483 486/486
f 487/487 486/486 488/488
f 486/486 487/487 489/489
f 490/490 491/491 477/477
f 491/491 490/490 492/492
f 493/493 491/491 494/494
f 495/495 496/496 497/497
f 495/495 497/497 498/498
f 499/499 495/495 500/500
f 499/499 500/500 501/501
f 502/502 503/503 500/500
f 502/502 500/500 504/504
f 505/505 506/506 501/501
f 505/505 501/501 507/507
f 508/508 509/509 507/507
f 509/509 508/508 510/510
f 511/511 509/509 512/512
f 511/511 512/512 513/513
f 514/514 515/515 511/511
f 514/514 511/511 516/516
f 517/517 518/518 516/516
f 517/517 516/516 519/519
f 520/520 521/521 519/519
f 521/521 520/520 522/522
f 523/523 522/522 524/524
f 523/523 524/524 525/525
f 526/526 521/521 527/527
f 526/526 527/527 528/528
f 529/529 530/530 526/526
f 529/529 526/526 531/531
f 532/532 529/529 528/528
f 532/532 528/528 533/533
f 534/534 535/535 533/533
f 534/534 533/533 536/536
f 537/537 538/538 536/536
f 537/537 536/536 539/539
f 539/539 536/536 540/540
f 539/539 540/540 541/541
f 541/541 540/540 542/542
f 541/541 542/542 527/527
f 543/543 536/536 544/544
f 536/536 543/543 545/545
f 546/546 547/547 548/548
f 546/546 548/548 549/549
f 550/550 551/551 552/552
f 553/553 552/552 554/554
f 552/552 553/553 555/555
f 556/556 557/557 558/558
f 556/556 558/558 559/559
f 556/556 559/559 560/560
f 556/556 560/560 561/561
f 562/562 563/563 558/558
f 564/564 565/565 559/559
f 564/564 559/559 566/566
f 567/567 564/564 568/568
f 567/567 568/568 569/569
f 570/570 571/571 568/568
f 571/571 570/570 572/572
f 573/573 574/574 569/569
f 573/573 569/569 575/575
f 573/573 575/575 576/576
f 576/576 575/575 577/577
f 577/577 575/575 578/578
f 578/578 575/575 579/579
f 578/578 579/579 580/580
f 578/578 580/580 581/581
f 580/580 579/579 582/582
f 582/582 579/579 583/583
f 584/584 579/579 585/585
f 579/579 584/584 586/586
f 587/587 588/588 584/584
f 588/588 587/587 589/589
f 589/589 587/587 590/590
f 589/589 590/590 591/591
f 589/589 591/591 592/592
f 589/589 592/592 593/593
f 594/594 583/583 593/593
f 593/593 583/583 595/595
f 596/596 591/591 597/597
f 591/591 596/596 598/598
f 599/599 600/600 590/590
f 600/600 599/599 601/601
f 602/602 603/603 604/604
f 602/602 604/604 605/605
f 605/605 604/604 606/606
f 606/606 604/604 607/607
f 607/607 604/604 608/608
f 607/607 608/608 609/609
f 609/609 608/608 610/610
f 611/611 609/609 612/612
f 613/613 609/609 614/614
f 613/613 614/614 615/615
f 616/616 606/606 613/613
f 606/606 616/616 617/617
f 606/606 617/617 618/618
f 618/618 617/617 619/619
f 620/620 621/621 608/608
f 622/622 623/623 608/608
f 624/624 622/622 625/625
f 626/626 627/627 622/622
f 628/628 629/629 627/627
f 630/630 631/631 622/622
f 632/632 633/633 630/630
f 634/634 630/630 635/635
f 630/630 634/634 636/636
f 637/637 634/634 638/638
f 639/639 640/640 637/637
f 640/640 639/639 641/641
f 642/642 643/643 641/641
f 644/644 640/640 645/645
f 644/644 645/645 646/646
f 647/647 648/648 378/378
f 649/649 650/650 648/648
f 650/650 649/649 651/651
f 652/652 389/389 649/649
f 389/389 652/652 653/653
f 653/653 652/652 654/654
f 653/653 654/654 655/655
f 655/655 654/654 656/656
f 655/655 656/656 657/657
f 653/653 655/655 658/658
f 653/653 658/658 659/659
f 653/653 659/659 660/660
f 660/660 659/659 403/403
f 658/658 655/655 661/661
f 661/661 655/655 662/662
f 658/658 661/661 663/663
f 663/663 661/661 664/664
f 664/664 661/661 665/665
f 665/665 661/661 657/657
f 665/665 657/657 666/666
f 665/665 666/666 667/667
f 667/667 666/666 668/668
f 669/669 666/666 662/662
f 669/669 662/662 670/670
f 666/666 669/669 671/671
f 666/666 671/671 672/672
f 672/672 671/671 673/673
f 674/674 667/667 672/672
f 674/674 672/672 675/675
f 676/676 674/674 673/673
f 674/674 676/676 677/677
f 677/677 676/676 678/678
f 677/677 678/678 679/679
f 680/680 681/681 678/678
f 681/681 680/680 90/90
f 682/682 83/83 679/679
f 679/679 83/83 73/73
f 683/683 677/677 73/73
f 73/73 677/677 684/684
f 685/685 677/677 71/71
f 685/685 71/71 68/68
f 685/685 68/68 686/686
f 685/685 686/686 667/667
f 687/687 688/688 68/68
f 688/688 687/687 689/689
f 688/688 689/689 690/690
f 690/690 689/689 691/691
f 689/689 687/687 65/65
f 665/665 689/689 664/664
f 664/664 689/689 692/692
f 664/664 692/692 693/693
f 664/664 693/693 694/694
f 694/694 693/693 58/58
f 65/65 59/59 693/693
f 59/59 65/65 695/695
f 695/695 64/64 70/70
f 695/695 70/70 60/60
f 60/60 70/70 696/696
f 696/696 70/70 697/697
f 698/698 699/699 70/70
f 699/699 698/698 309/309
f 700/700 699/699 701/701
f 702/702 59/59 703/703
f 702/702 703/703 50/50
f 704/704 321/321 50/50
f 321/321 704/704 705/705
f 706/706 705/705 703/703
f 705/705 706/706 696/696
f 705/705 696/696 707/707
f 705/705 707/707 316/316
f 707/707 696/696 708/708
f 708/708 696/696 709/709
f 710/710 711/711 712/712
f 710/710 712/712 713/713
f 714/714 715/715 716/716
f 714/714 716/716 717/717
f 714/714 717/717 718/718
f 714/714 718/718 719/719
f 719/719 718/718 720/720
f 721/721 722/722 720/720
f 722/722 721/721 723/723
f 724/724 721/721 725/725
f 724/724 725/725 726/726
f 726/726 725/725 727/727
f 727/727 725/725 718/718
f 728/728 727/727 729/729
f 728/728 729/729 730/730
f 729/729 727/727 731/731
f 729/729 731/731 732/732
f 732/732 731/731 733/733
f 733/733 731/731 734/734
f 734/734 731/731 735/735
f 734/734 735/735 736/736
f 737/737 738/738 736/736
f 737/737 736/736 739/739
f 740/740 741/741 739/739
f 740/740 739/739 742/742
f 743/743 744/744 742/742
f 743/743 742/742 745/745
f 746/746 747/747 745/745
f 746/746 745/745 748/748
f 749/749 745/745 750/750
f 749/749 750/750 716/716
f 716/716 750/750 739/739
f 716/716 739/739 751/751
f 752/752 753/753 749/749
f 753/753 752/752 754/754
f 749/749 753/753 755/755
f 755/755 753/753 756/756
f 757/757 758/758 759/759
f 757/757 759/759 760/760
f 757/757 760/760 761/761
f 761/761 760/760 762/762
f 761/761 762/762 763/763
f 763/763 762/762 764/764
f 765/765 763/763 766/766
f 763/763 765/765 767/767
f 768/768 761/761 765/765
f 761/761 768/768 769/769
f 770/770 758/758 769/769
f 770/770 769/769 771/771
f 758/758 770/770 772/772
f 773/773 758/758 774/774
f 775/775 773/773 776/776
f 777/777 778/778 760/760
f 778/778 777/777 779/779
f 780/780 781/781 778/778
f 780/780 778/778 782/782
f 783/783 784/784 785/785
f 783/783 785/785 786/786
f 787/787 785/785 788/788
f 787/787 788/788 789/789
f 790/790 791/791 792/792
f 790/790 792/792 793/793
f 790/790 793/793 794/794
f 790/790 794/794 795/795
f 796/796 797/797 790/790
f 797/797 796/796 798/798
f 799/799 800/800 797/797
f 797/797 800/800 801/801
f 802/802 800/800 798/798
f 802/802 798/798 803/803
f 804/804 805/805 802/802
f 805/805 804/804 806/806
f 807/807 806/806 803/803
f 807/807 803/803 808/808
f 806/806 807/807 809/809
f 806/806 809/809 810/810
f 810/810 809/809 811/811
f 810/810 811/811 812/812
f 813/813 812/812 814/814
f 812/812 813/813 815/815
f 812/812 815/815 816/816
f 812/812 816/816 817/817
f 818/818 817/817 810/810
f 810/810 817/817 819/819
f 810/810 819/819 820/820
f 820/820 819/819 821/821
f 822/822 823/823 809/809
f 823/823 822/822 824/824
f 823/823 824/824 825/825
f 825/825 824/824 826/826
f 827/827 815/815 825/825
f 827/827 825/825 828/828
f 815/815 827/827 829/829
f 827/827 828/828 830/830
f 827/827 830/830 831/831
f 831/831 830/830 832/832
f 832/832 830/830 833/833
f 833/833 830/830 834/834
f 835/835 830/830 836/836
f 835/835 836/836 837/837
f 838/838 836/836 839/839
f 838/838 839/839 840/840
f 840/840 839/839 841/841
f 840/840 841/841 842/842
f 842/842 841/841 843/843
f 842/842 843/843 844/844
f 845/845 843/843 807/807
f 845/845 807/807 846/846
f 847/847 845/845 848/848
f 847/847 848/848 849/849
f 849/849 848/848 850/850
f 849/849 850/850 851/851
f 852/852 853/853 850/850
f 852/852 850/850 854/854
f 855/855 850/850 856/856
f 855/855 856/856 857/857
f 858/858 859/859 807/807
f 859/859 858/858 860/860
f 861/861 858/858 862/862
f 861/861 862/862 863/863
f 864/864 848/848 862/862
f 848/848 864/864 865/865
f 866/866 796/796 864/864
f 866/866 864/864 803/803
f 867/867 868/868 869/869
f 867/867 869/869 870/870
f 871/871 872/872 869/869
f 869/869 872/872 873/873
f 874/874 875/875 873/873
f 876/876 869/869 877/877
f 869/869 876/876 878/878
f 878/878 876/876 879/879
f 880/880 876/876 881/881
f 882/882 883/883 876/876
f 884/884 879/879 885/885
f 886/886 887/887 884/884
f 887/887 886/886 888/888
f 889/889 888/888 885/885
f 889/889 885/885 890/890
f 889/889 890/890 891/891
f 889/889 891/891 892/892
f 893/893 894/894 889/889
f 894/894 893/893 895/895
f 896/896 897/897 895/895
f 896/896 895/895 898/898
f 896/896 898/898 899/899
f 899/899 898/898 900/900
f 899/899 900/900 901/901
f 901/901 900/900 902/902
f 899/899 901/901 903/903
f 903/903 901/901 904/904
f 905/905 904/904 906/906
f 905/905 906/906 907/907
f 908/908 899/899 905/905
f 899/899 908/908 909/909
f 910/910 907/907 908/908
f 908/908 907/907 911/911
f 912/912 896/896 908/908
f 896/896 912/912 913/913
f 914/914 911/911 912/912
f 912/912 911/911 915/915
f 912/912 915/915 868/868
f 868/868 915/915 916/916
f 912/912 868/868 917/917
f 917/917 868/868 918/918
f 917/917 918/918 919/919
f 917/917 919/919 920/920
f 921/921 922/922 920/920
f 921/921 920/920 923/923
f 924/924 921/921 925/925
f 921/921 924/924 926/926
f 927/927 928/928 926/926
f 928/928 927/927 929/929
f 929/929 927/927 930/930
f 927/927 926/926 931/931
f 927/927 931/931 932/932
f 932/932 931/931 933/933
f 934/934 935/935 932/932
f 935/935 934/934 936/936
f 937/937 900/900 927/927
f 900/900 937/937 938/938
f 938/938 937/937 939/939
f 938/938 939/939 940/940
f 941/941 940/940 942/942
f 940/940 941/941 943/943
f 944/944 943/943 945/945
f 943/943 944/944 946/946
f 947/947 943/943 948/948
f 947/947 948/948 949/949
f 950/950 951/951 948/948
f 951/951 950/950 952/952
f 953/953 952/952 954/954
f 952/952 953/953 955/955
f 956/956 957/957 955/955
f 956/956 955/955 958/958
f 959/959 958/958 960/960
f 959/959 960/960 961/961
f 962/962 963/963 951/951
f 951/951 963/963 964/964
f 965/965 966/966 963/963
f 966/966 965/965 967/967
f 968/968 969/969 964/964
f 968/968 964/964 970/970
f 971/971 972/972 970/970
f 971/971 970/970 906/906
f 973/973 971/971 901/901
f 973/973 901/901 938/938
f 973/973 938/938 974/974
f 971/971 973/973 975/975
f 975/975 973/973 976/976
f 975/975 976/976 951/951
f 977/977 978/978 979/979
f 977/977 979/979 980/980
f 981/981 977/977 982/982
f 981/981 982/982 983/983
f 984/984 985/985 983/983
f 984/984 983/983 986/986
f 987/987 982/982 986/986
f 986/986 982/982 988/988
f 988/988 982/982 989/989
f 988/988 989/989 990/990
f 986/986 988/988 991/991
f 986/986 991/991 992/992
f 993/993 994/994 990/990
f 993/993 990/990 995/995
f 996/996 997/997 995/995
f 996/996 995/995 998/998
f 996/996 998/998 999/999
f 999/999 998/998 1000/1000
f 1001/1001 1002/1002 1000/1000
f 1001/1001 1000/1000 1003/1003
f 1004/1004 1003/1003 1005/1005
f 1003/1003 1004/1004 1006/1006
f 1007/1007 1006/1006 1008/1008
f 1006/1006 1007/1007 1009/1009
f 1010/1010 1011/1011 1009/1009
f 1009/1009 1011/1011 1012/1012
f 1013/1013 1009/1009 1014/1014
f 1009/1009 1013/1013 1015/1015
f 1016/1016 1013/1013 1007/1007
f 1013/1013 1016/1016 1017/1017
f 1017/1017 1016/1016 1018/1018
f 1018/1018 1016/1016 1019/1019
f 1020/1020 1016/1016 1021/1021
f 1020/1020 1021/1021 1008/1008
f 1020/1020 1008/1008 1022/1022
f 1022/1022 1008/1008 1023/1023
f 1024/1024 1025/1025 1023/1023
f 1024/1024 1023/1023 1026/1026
f 1027/1027 1028/1028 1026/1026
f 1027/1027 1026/1026 1029/1029
f 1030/1030 1026/1026 998/998
f 998/998 1026/1026 1031/1031
f 1029/1029 998/998 995/995
f 1029/1029 995/995 1032/1032
f 1032/1032 995/995 1033/1033
f 1032/1032 1033/1033 1034/1034
f 1035/1035 988/988 1033/1033
f 988/988 1035/1035 1036/1036
f 1037/1037 1031/1031 1038/1038
f 1031/1031 1037/1037 1039/1039
f 1040/1040 1041/1041 1039/1039
f 1040/1040 1039/1039 1042/1042
f 1043/1043 1044/1044 1032/1032
f 1043/1043 1032/1032 1045/1045
f 1046/1046 1047/1047 1032/1032
f 1047/1047 1046/1046 1048/1048
f 1048/1048 1046/1046 1049/1049
f 1049/1049 1046/1046 1050/1050
f 1048/1048 1049/1049 1051/1051
f 1048/1048 1051/1051 1052/1052
f 1053/1053 1052/1052 1054/1054
f 1052/1052 1053/1053 1055/1055
f 1056/1056 1055/1055 1057/1057
f 1055/1055 1056/1056 1058/1058
f 1059/1059 1016/1016 1058/1058
f 1059/1059 1058/1058 1060/1060
f 1061/1061 1056/1056 1053/1053
f 1061/1061 1053/1053 1062/1062
f 1062/1062 1053/1053 1051/1051
f 1061/1061 1062/1062 1063/1063
f 1063/1063 1062/1062 1064/1064
f 1056/1056 1061/1061 1065/1065
f 1056/1056 1065/1065 1019/1019
f 1019/1019 1065/1065 1066/1066
f 1019/1019 1066/1066 1067/1067
f 1067/1067 1066/1066 1068/1068
f 1069/1069 1017/1017 1067/1067
f 1017/1017 1069/1069 1070/1070
f 1066/1066 1065/1065 1071/1071
f 1071/1071 1065/1065 1072/1072
f 1066/1066 1071/1071 1073/1073
f 1066/1066 1073/1073 1074/1074
f 1075/1075 1067/1067 1074/1074
f 1075/1075 1074/1074 1076/1076
f 1077/1077 1074/1074 1078/1078
f 1074/1074 1077/1077 1079/1079
f 1080/1080 1079/1079 1081/1081
f 1079/1079 1080/1080 1082/1082
f 1083/1083 1084/1084 1075/1075
f 1084/1084 1083/1083 1085/1085
f 1086/1086 1065/1065 1087/1087
f 1086/1086 1087/1087 1088/1088
f 1089/1089 1090/1090 1091/1091
f 1089/1089 1091/1091 1092/1092
f 1093/1093 1094/1094 1091/1091
f 1093/1093 1091/1091 1095/1095
f 1093/1093 1095/1095 1096/1096
f 1097/1097 1098/1098 1093/1093
f 1099/1099 1100/1100 1098/1098
f 1101/1101 1102/1102 1099/1099
f 1103/1103 1104/1104 1100/1100
f 1105/1105 1104/1104 1089/1089
f 1106/1106 1107/1107 1105/1105
f 1105/1105 1107/1107 1108/1108
f 1109/1109 1107/1107 1093/1093
f 1110/1110 1111/1111 1093/1093
f 1093/1093 1111/1111 1112/1112
f 1113/1113 1114/1114 1111/1111
f 1114/1114 1113/1113 1115/1115
f 1116/1116 1117/1117 1115/1115
f 1115/1115 1117/1117 1118/1118
f 1119/1119 1089/1089 1108/1108
f 1119/1119 1108/1108 1120/1120
f 1119/1119 1120/1120 1121/1121
f 1120/1120 1108/1108 1122/1122
f 1120/1120 1122/1122 1123/1123
f 1124/1124 1125/1125 1123/1123
f 1126/1126 1127/1127 1128/1128
f 1126/1126 1128/1128 1129/1129
f 1126/1126 1129/1129 1130/1130
f 1131/1131 1132/1132 1129/1129
f 1129/1129 1132/1132 1133/1133
f 1134/1134 1135/1135 1133/1133
f 1133/1133 1135/1135 1136/1136
f 1137/1137 1138/1138 1136/1136
f 1139/1139 1140/1140 1135/1135
f 1141/1141 1140/1140 1134/1134
f 1142/1142 1141/1141 1139/1139
f 1141/1141 1142/1142 1143/1143
f 1144/1144 1145/1145 1140/1140
f 1146/1146 1147/1147 1148/1148
f 1146/1146 1148/1148 1149/1149
f 1150/1150 1151/1151 1148/1148
f 1151/1151 1150/1150 1152/1152
f 1153/1153 1152/1152 1154/1154
f 1155/1155 1156/1156 1157/1157
f 1155/1155 1157/1157 1158/1158
f 1159/1159 1160/1160 1157/1157
f 1160/1160 1159/1159 1161/1161
f 1162/1162 1163/1163 1160/1160
f 1163/1163 1162/1162 1164/1164
f 1164/1164 1162/1162 1165/1165
f 1165/1165 1162/1162 1166/1166
f 1166/1166 1162/1162 1159/1159
f 1166/1166 1159/1159 1167/1167
f 1168/1168 1159/1159 1169/1169
f 1168/1168 1169/1169 1170/1170
f 1171/1171 1172/1172 1170/1170
f 1172/1172 1171/1171 1173/1173
f 1174/1174 1175/1175 1163/1163
f 1175/1175 1174/1174 1176/1176
f 1177/1177 1175/1175 1178/1178
f 1177/1177 1178/1178 1179/1179
f 1180/1180 1178/1178 1181/1181
f 1180/1180 1181/1181 1182/1182
f 1183/1183 1182/1182 1184/1184
f 1182/1182 1183/1183 1185/1185
f 1186/1186 1178/1178 1185/1185
f 1186/1186 1185/1185 1187/1187
f 1188/1188 1189/1189 1178/1178
f 1188/1188 1178/1178 1190/1190
f 1188/1188 1190/1190 1191/1191
f 1191/1191 1190/1190 1176/1176
f 1191/1191 1176/1176 1192/1192
f 1192/1192 1176/1176 1193/1193
f 1194/1194 1195/1195 1192/1192
f 1195/1195 1194/1194 1196/1196
f 1195/1195 1196/1196 1197/1197
f 1197/1197 1196/1196 1198/1198
f 1197/1197 1198/1198 1199/1199
f 1199/1199 1198/1198 1200/1200
f 1198/1198 1196/1196 1201/1201
f 1201/1201 1196/1196 1202/1202
f 1198/1198 1201/1201 1203/1203
f 1198/1198 1203/1203 1204/1204
f 1204/1204 1203/1203 1205/1205
f 1204/1204 1205/1205 1206/1206
f 1205/1205 1203/1203 1207/1207
f 1205/1205 1207/1207 1208/1208
f 1209/1209 1210/1210 1205/1205
f 1210/1210 1209/1209 1211/1211
f 1210/1210 1211/1211 1212/1212
f 1212/1212 1211/1211 1213/1213
f 1214/1214 1215/1215 1211/1211
f 1214/1214 1211/1211 1216/1216
f 1217/1217 1218/1218 1216/1216
f 1218/1218 1217/1217 1219/1219
f 1218/1218 1219/1219 1220/1220
f 1220/1220 1219/1219 1221/1221
f 1222/1222 1223/1223 1221/1221
f 1222/1222 1221/1221 1224/1224
f 1225/1225 1226/1226 1222/1222
f 1226/1226 1225/1225 1227/1227
f 1228/1228 1229/1229 1225/1225
f 1229/1229 1228/1228 1230/1230
f 1231/1231 1227/1227 1232/1232
f 1231/1231 1232/1232 1233/1233
f 1234/1234 1226/1226 1235/1235
f 1234/1234 1235/1235 1220/1220
f 1236/1236 1237/1237 1220/1220
f 1236/1236 1220/1220 1238/1238
f 1239/1239 1240/1240 1241/1241
f 1239/1239 1241/1241 1242/1242
f 1241/1241 1240/1240 1243/1243
f 1241/1241 1243/1243 1244/1244
f 1245/1245 1246/1246 1244/1244
f 1246/1246 1245/1245 1247/1247
f 1248/1248 1247/1247 1243/1243
f 1247/1247 1248/1248 1249/1249
f 1250/1250 1249/1249 1251/1251
f 1250/1250 1251/1251 1252/1252
f 1253/1253 1254/1254 1243/1243
f 1254/1254 1253/1253 1255/1255
f 1256/1256 1255/1255 1257/1257
f 1256/1256 1257/1257 1258/1258
f 1259/1259 1260/1260 1254/1254
f 1260/1260 1259/1259 1261/1261
f 1262/1262 1261/1261 1263/1263
f 1262/1262 1263/1263 1264/1264
f 1265/1265 1266/1266 1264/1264
f 1266/1266 1265/1265 1267/1267
f 1267/1267 1265/1265 1268/1268
f 1268/1268 1265/1265 1269/1269
f 1270/1270 1265/1265 1271/1271
f 1265/1265 1270/1270 1272/1272
f 1272/1272 1270/1270 1273/1273
f 1270/1270 1271/1271 1239/1239
f 1274/1274 1270/1270 1275/1275
f 1274/1274 1275/1275 1276/1276
f 1277/1277 1239/1239 1275/1275
f 1275/1275 1239/1239 1278/1278
f 1275/1275 1278/1278 1279/1279
f 1275/1275 1279/1279 1280/1280
f 1280/1280 1279/1279 1281/1281
f 1281/1281 1279/1279 1282/1282
f 1281/1281 1282/1282 1283/1283
f 1282/1282 1279/1279 1284/1284
f 1282/1282 1284/1284 1285/1285
f 1286/1286 1282/1282 1287/1287
f 1286/1286 1287/1287 1288/1288
f 1289/1289 1285/1285 1287/1287
f 1287/1287 1285/1285 1290/1290
f 1291/1291 1287/1287 1292/1292
f 1291/1291 1292/1292 1293/1293
f 1294/1294 1295/1295 1285/1285
f 1294/1294 1285/1285 1296/1296
f 1297/1297 1296/1296 1298/1298
f 1297/1297 1298/1298 1299/1299
f 1300/1300 1290/1290 1297/1297
f 1290/1290 1300/1300 1301/1301
f 1302/1302 1303/1303 1301/1301
f 1302/1302 1301/1301 1304/1304
f 1304/1304 1301/1301 1305/1305
f 1305/1305 1301/1301 1306/1306
f 1306/1306 1294/1294 1299/1299
f 1306/1306 1299/1299 1307/1307
f 1306/1306 1307/1307 1308/1308
f 1308/1308 1307/1307 1309/1309
f 1310/1310 1311/1311 1307/1307
f 1310/1310 1307/1307 1312/1312
f 1310/1310 1312/1312 1313/1313
f 1310/1310 1313/1313 1314/1314
f 1315/1315 1316/1316 1312/1312
f 1315/1315 1312/1312 1317/1317
f 1318/1318 1317/1317 1299/1299
f 1299/1299 1317/1317 1319/1319
f 1299/1299 1319/1319 1320/1320
f 1317/1317 1318/1318 1321/1321
f 1322/1322 1321/1321 1323/1323
f 1321/1321 1322/1322 1324/1324
f 1325/1325 1326/1326 1324/1324
f 1325/1325 1324/1324 1327/1327
f 1328/1328 1329/1329 1327/1327
f 1328/1328 1327/1327 1330/1330
f 1331/1331 1244/1244 1327/1327
f 1244/1244 1331/1331 1332/1332
f 1333/1333 1244/1244 1334/1334
f 1244/1244 1333/1333 1335/1335
f 1336/1336 1333/1333 1332/1332
f 1336/1336 1332/1332 1337/1337
f 1338/1338 1336/1336 1339/1339
f 1336/1336 1338/1338 1340/1340
f 1279/1279 1278/1278 1338/1338
f 1338/1338 1278/1278 1341/1341
f 1341/1341 1278/1278 1342/1342
f 1343/1343 1344/1344 1345/1345
f 1343/1343 1345/1345 1346/1346
f 1347/1347 1348/1348 1346/1346
f 1347/1347 1346/1346 1349/1349
f 1350/1350 1347/1347 1351/1351
f 1350/1350 1351/1351 1352/1352
f 1353/1353 1352/1352 1354/1354
f 1352/1352 1353/1353 1355/1355
f 1356/1356 1347/1347 1355/1355
f 1356/1356 1355/1355 1357/1357
f 1357/1357 1355/1355 1358/1358
f 1357/1357 1358/1358 1359/1359
f 1356/1356 1357/1357 1360/1360
f 1356/1356 1360/1360 1361/1361
f 1362/1362 1363/1363 1356/1356
f 1363/1363 1362/1362 1364/1364
f 1364/1364 1362/1362 1365/1365
f 1365/1365 1362/1362 1366/1366
f 1366/1366 1362/1362 1360/1360
f 1366/1366 1360/1360 1367/1367
f 1368/1368 1360/1360 1369/1369
f 1368/1368 1369/1369 1370/1370
f 1371/1371 1372/1372 1368/1368
f 1371/1371 1368/1368 1373/1373
f 1371/1371 1373/1373 1374/1374
f 1374/1374 1373/1373 1375/1375
f 1374/1374 1375/1375 1376/1376
f 1376/1376 1375/1375 1377/1377
f 1378/1378 1379/1379 1377/1377
f 1378/1378 1377/1377 1380/1380
f 1381/1381 1382/1382 1368/1368
f 1382/1382 1381/1381 1383/1383
f 1382/1382 1383/1383 1384/1384
f 1384/1384 1383/1383 1385/1385
f 1386/1386 1387/1387 1385/1385
f 1386/1386 1385/1385 1388/1388
f 1389/1389 1390/1390 1386/1386
f 1391/1391 1392/1392 1393/1393
f 1391/1391 1393/1393 1394/1394
f 1391/1391 1394/1394 1395/1395
f 1395/1395 1394/1394 1396/1396
f 1397/1397 1398/1398 1393/1393
f 1397/1397 1393/1393 1399/1399
f 1399/1399 1393/1393 1400/1400
f 1399/1399 1400/1400 1401/1401
f 1400/1400 1393/1393 1402/1402
f 1400/1400 1402/1402 1403/1403
f 1397/1397 1399/1399 1404/1404
f 1397/1397 1404/1404 1405/1405
f 1397/1397 1405/1405 1406/1406
f 1406/1406 1405/1405 1407/1407
f 1405/1405 1404/1404 1408/1408
f 1408/1408 1404/1404 1409/1409
f 1410/1410 1411/1411 1404/1404
f 1411/1411 1410/1410 1412/1412
f 1413/1413 1414/1414 1410/1410
f 1414/1414 1413/1413 1415/1415
f 1414/1414 1415/1415 1416/1416
f 1414/1414 1416/1416 1417/1417
f 1416/1416 1415/1415 1418/1418
f 1418/1418 1415/1415 1419/1419
f 1418/1418 1419/1419 1420/1420
f 1420/1420 1419/1419 1421/1421
f 1421/1421 1419/1419 1422/1422
f 1422/1422 1419/1419 1423/1423
f 1423/1423 1419/1419 1424/1424
f 1423/1423 1424/1424 1413/1413
f 1425/1425 1426/1426 1413/1413
f 1425/1425 1413/1413 1427/1427
f 1425/1425 1427/1427 1428/1428
f 1428/1428 1427/1427 1404/1404
f 1429/1429 1426/1426 1430/1430
f 1429/1429 1430/1430 1431/1431
f 1432/1432 1422/1422 1433/1433
f 1422/1422 1432/1432 1434/1434
f 1422/1422 1434/1434 1435/1435
f 1435/1435 1434/1434 1436/1436
f 1435/1435 1436/1436 1437/1437
f 1437/1437 1436/1436 1438/1438
f 1439/1439 1440/1440 1437/1437
f 1440/1440 1439/1439 1441/1441
f 1442/1442 1443/1443 1435/1435
f 1443/1443 1442/1442 1444/1444
f 1443/1443 1444/1444 1445/1445
f 1443/1443 1445/1445 1446/1446
f 1443/1443 1446/1446 1447/1447
f 1447/1447 1446/1446 1448/1448
f 1443/1443 1447/1447 1449/1449
f 1449/1449 1447/1447 1450/1450
f 1451/1451 1452/1452 1437/1437
f 1452/1452 1451/1451 1453/1453
f 1454/1454 1455/1455 1452/1452
f 1455/1455 1454/1454 1456/1456
f 1457/1457 1458/1458 1455/1455
f 1457/1457 1455/1455 1459/1459
f 1460/1460 1461/1461 1453/1453
f 1460/1460 1453/1453 1462/1462
f 1462/1462 1453/1453 1463/1463
f 1463/1463 1453/1453 1464/1464
f 1465/1465 1451/1451 1464/1464
f 1464/1464 1451/1451 1466/1466
f 1466/1466 1451/1451 1467/1467
f 1466/1466 1467/1467 1468/1468
f 1466/1466 1468/1468 1469/1469
f 1466/1466 1469/1469 1470/1470
f 1471/1471 1472/1472 1463/1463
f 1472/1472 1471/1471 1473/1473
f 1474/1474 1472/1472 1475/1475
f 1476/1476 1474/1474 1477/1477
f 1474/1474 1476/1476 1478/1478
f 1478/1478 1476/1476 1460/1460
f 1460/1460 1476/1476 1479/1479
f 1479/1479 1476/1476 1480/1480
f 1481/1481 1476/1476 1482/1482
f 1483/1483 1481/1481 1484/1484
f 1485/1485 1486/1486 1479/1479
f 1485/1485 1479/1479 1487/1487
f 1488/1488 1474/1474 1489/1489
f 1488/1488 1489/1489 1490/1490
f 1491/1491 1492/1492 1488/1488
f 1493/1493 1490/1490 1494/1494
f 1490/1490 1493/1493 1471/1471
f 1495/1495 1493/1493 1496/1496
f 1495/1495 1496/1496 1497/1497
f 1498/1498 1499/1499 1500/1500
f 1498/1498 1500/1500 1501/1501
f 1502/1502 1500/1500 1503/1503
f 1502/1502 1503/1503 1504/1504
f 1503/1503 1500/1500 1505/1505
f 1503/1503 1505/1505 1506/1506
f 1507/1507 1508/1508 1505/1505
f 1508/1508 1507/1507 1499/1499
f 1509/1509 1499/1499 1510/1510
f 1499/1499 1509/1509 1511/1511
f 1509/1509 1510/1510 1512/1512
f 1509/1509 1512/1512 1513/1513
f 1509/1509 1513/1513 1514/1514
f 1514/1514 1513/1513 1515/1515
f 1516/1516 1513/1513 1517/1517
f 1516/1516 1517/1517 1518/1518
f 1519/1519 1518/1518 1512/1512
f 1518/1518 1519/1519 1520/1520
f 1521/1521 1522/1522 1520/1520
f 1521/1521 1520/1520 1523/1523
f 1521/1521 1523/1523 1501/1501
f 1521/1521 1501/1501 1504/1504
f 1524/1524 1512/1512 1525/1525
f 1524/1524 1525/1525 1526/1526
f 1527/1527 1528/1528 1514/1514
f 1527/1527 1514/1514 1529/1529
f 1529/1529 1514/1514 1530/1530
f 1529/1529 1530/1530 1531/1531
f 1532/1532 1533/1533 1514/1514
f 1533/1533 1532/1532 1534/1534
f 1535/1535 1536/1536 1533/1533
f 1536/1536 1535/1535 1537/1537
f 1537/1537 1535/1535 1538/1538
f 1537/1537 1538/1538 1539/1539
f 1540/1540 1541/1541 1539/1539
f 1540/1540 1539/1539 1542/1542
f 1543/1543 1542/1542 1544/1544
f 1543/1543 1544/1544 1545/1545
f 1546/1546 1547/1547 1537/1537
f 1537/1537 1547/1547 1548/1548
f 1537/1537 1548/1548 1549/1549
f 1549/1549 1548/1548 1550/1550
f 1551/1551 1552/1552 1550/1550
f 1552/1552 1551/1551 1553/1553
f 1554/1554 1552/1552 1555/1555
f 1554/1554 1555/1555 1556/1556
f 1557/1557 1558/1558 1554/1554
f 1557/1557 1554/1554 1559/1559
f 1557/1557 1559/1559 1560/1560
f 1557/1557 1560/1560 1561/1561
f 1562/1562 1511/1511 1560/1560
f 1511/1511 1562/1562 1563/1563
f 1511/1511 1563/1563 1564/1564
f 1564/1564 1563/1563 1508/1508
f 1508/1508 1563/1563 1565/1565
f 1565/1565 1563/1563 1566/1566
f 1562/1562 1554/1554 1566/1566
f 1562/1562 1566/1566 1567/1567
f 1568/1568 1569/1569 1508/1508
f 1508/1508 1569/1569 1570/1570
f 1570/1570 1569/1569 1571/1571
f 1570/1570 1571/1571 1572/1572
f 1571/1571 1569/1569 1573/1573
f 1571/1571 1573/1573 1574/1574
f 1575/1575 1576/1576 1577/1577
f 1575/1575 1577/1577 1578/1578
f 1577/1577 1576/1576 1579/1579
f 1579/1579 1576/1576 1580/1580
f 1581/1581 1582/1582 1576/1576
f 1581/1581 1576/1576 1583/1583
f 1583/1583 1576/1576 1584/1584
f 1583/1583 1584/1584 1585/1585
f 1585/1585 1584/1584 1586/1586
f 1583/1583 1585/1585 1587/1587
f 1583/1583 1587/1587 1588/1588
f 1587/1587 1585/1585 1589/1589
f 1587/1587 1589/1589 1590/1590
f 1589/1589 1585/1585 1591/1591
f 1591/1591 1585/1585 1586/1586
f 1591/1591 1586/1586 1592/1592
f 1591/1591 1592/1592 1593/1593
f 1589/1589 1591/1591 1594/1594
f 1594/1594 1591/1591 1595/1595
f 1589/1589 1594/1594 1596/1596
f 1596/1596 1594/1594 1597/1597
f 1597/1597 1594/1594 1598/1598
f 1597/1597 1598/1598 1599/1599
f 1600/1600 1601/1601 1598/1598
f 1598/1598 1601/1601 1602/1602
f 1603/1603 1604/1604 1602/1602
f 1604/1604 1603/1603 1592/1592
f 1605/1605 1606/1606 1592/1592
f 1605/1605 1592/1592 1607/1607
f 1608/1608 1609/1609 1605/1605
f 1609/1609 1608/1608 1575/1575
f 1610/1610 1592/1592 1611/1611
f 1610/1610 1611/1611 1612/1612
f 1613/1613 1614/1614 1612/1612
f 1613/1613 1612/1612 1615/1615
f 1616/1616 1610/1610 1613/1613
f 1616/1616 1613/1613 1617/1617
f 1618/1618 1619/1619 1616/1616
f 1618/1618 1616/1616 1620/1620
f 1621/1621 1620/1620 1613/1613
f 1620/1620 1621/1621 1622/1622
f 1620/1620 1622/1622 1623/1623
f 1620/1620 1623/1623 1624/1624
f 1624/1624 1623/1623 1625/1625
f 1625/1625 1623/1623 1626/1626
f 1625/1625 1626/1626 1627/1627
f 1625/1625 1627/1627 1628/1628
f 1627/1627 1626/1626 1629/1629
f 1627/1627 1629/1629 1630/1630
f 1630/1630 1629/1629 1631/1631
f 1631/1631 1629/1629 1632/1632
f 1631/1631 1632/1632 1633/1633
f 1634/1634 1632/1632 1635/1635
f 1634/1634 1635/1635 1636/1636
f 1637/1637 1627/1627 1638/1638
f 1627/1627 1637/1637 1639/1639
f 1640/1640 1641/1641 1626/1626
f 1626/1626 1641/1641 1642/1642
f 1626/1626 1642/1642 1629/1629
f 1629/1629 1642/1642 1643/1643
f 1643/1643 1642/1642 1644/1644
f 1643/1643 1644/1644 1645/1645
f 1645/1645 1644/1644 1646/1646
f 1647/1647 1648/1648 1644/1644
f 1647/1647 1644/1644 1649/1649
f 1650/1650 1649/1649 1651/1651
f 1649/1649 1650/1650 1641/1641
f 1652/1652 1653/1653 1641/1641
f 1641/1641 1653/1653 1654/1654
f 1655/1655 1656/1656 1654/1654
f 1655/1655 1654/1654 1657/1657
f 1658/1658 1659/1659 1657/1657
f 1658/1658 1657/1657 1660/1660
f 1658/1658 1660/1660 1661/1661
f 1658/1658 1661/1661 1662/1662
f 1663/1663 1660/1660 1654/1654
f 1654/1654 1660/1660 1664/1664
f 1665/1665 1666/1666 1654/1654
f 1666/1666 1665/1665 1621/1621
f 1667/1667 1621/1621 1668/1668
f 1667/1667 1668/1668 1669/1669
f 1670/1670 1664/1664 1671/1671
f 1664/1664 1670/1670 1672/1672
f 1673/1673 1674/1674 1675/1675
f 1673/1673 1675/1675 1676/1676
f 1677/1677 1678/1678 1675/1675
f 1677/1677 1675/1675 1679/1679
f 1680/1680 1674/1674 1681/1681
f 1674/1674 1680/1680 1682/1682
f 1683/1683 1684/1684 1682/1682
f 1682/1682 1684/1684 1685/1685
f 1686/1686 1687/1687 1685/1685
f 1685/1685 1687/1687 1688/1688
f 1689/1689 1682/1682 1690/1690
f 1689/1689 1690/1690 1691/1691
f 1692/1692 1681/1681 1689/1689
f 1681/1681 1692/1692 1693/1693
f 1694/1694 1695/1695 1690/1690
f 1695/1695 1694/1694 1696/1696
f 1697/1697 1695/1695 1698/1698
f 1697/1697 1698/1698 1699/1699
f 1700/1700 1701/1701 1695/1695
f 1695/1695 1701/1701 1702/1702
f 1703/1703 1704/1704 1701/1701
f 1704/1704 1703/1703 1705/1705
f 1706/1706 1707/1707 1704/1704
f 1707/1707 1706/1706 1708/1708
f 1708/1708 1706/1706 1709/1709
f 1709/1709 1706/1706 1710/1710
f 1711/1711 1712/1712 1710/1710
f 1710/1710 1712/1712 1713/1713
f 1714/1714 1710/1710 1684/1684
f 1710/1710 1714/1714 1715/1715
f 1710/1710 1715/1715 1716/1716
f 1716/1716 1715/1715 1717/1717
f 1718/1718 1708/1708 1716/1716
f 1708/1708 1718/1718 1719/1719
f 1715/1715 1714/1714 1720/1720
f 1720/1720 1714/1714 1721/1721
f 1721/1721 1714/1714 1722/1722
f 1721/1721 1722/1722 1723/1723
f 1724/1724 1715/1715 1725/1725
f 1715/1715 1724/1724 1726/1726
f 1726/1726 1724/1724 1727/1727
f 1726/1726 1727/1727 1728/1728
f 1729/1729 1728/1728 1730/1730
f 1728/1728 1729/1729 1731/1731
f 1732/1732 1731/1731 1733/1733
f 1731/1731 1732/1732 1734/1734
f 1735/1735 1736/1736 1734/1734
f 1734/1734 1736/1736 1737/1737
f 1734/1734 1737/1737 1738/1738
f 1738/1738 1737/1737 1739/1739
f 1739/1739 1737/1737 1740/1740
f 1739/1739 1740/1740 1741/1741
f 1739/1739 1741/1741 1742/1742
f 1743/1743 1728/1728 1742/1742
f 1743/1743 1742/1742 1744/1744
f 1745/1745 1746/1746 1742/1742
f 1746/1746 1745/1745 1747/1747
f 1748/1748 1749/1749 1736/1736
f 1749/1749 1748/1748 1750/1750
f 1751/1751 1750/1750 1752/1752
f 1750/1750 1751/1751 1753/1753
f 1754/1754 1750/1750 1755/1755
f 1754/1754 1755/1755 1756/1756
f 1757/1757 1758/1758 1753/1753
f 1757/1757 1753/1753 1759/1759
f 1760/1760 1753/1753 1761/1761
f 1760/1760 1761/1761 1762/1762
f 1763/1763 1764/1764 1762/1762
f 1763/1763 1762/1762 1765/1765
f 1766/1766 1765/1765 1767/1767
f 1766/1766 1767/1767 1768/1768
f 1769/1769 1766/1766 1770/1770
f 1769/1769 1770/1770 1771/1771
f 1772/1772 1766/1766 1773/1773
f 1772/1772 1773/1773 1737/1737
f 1737/1737 1773/1773 1740/1740
f 1774/1774 1719/1719 1740/1740
f 1719/1719 1774/1774 1775/1775
f 1719/1719 1775/1775 1776/1776
f 1776/1776 1775/1775 1777/1777
f 1778/1778 1779/1779 1777/1777
f 1779/1779 1778/1778 1780/1780
f 1781/1781 1780/1780 1782/1782
f 1781/1781 1782/1782 1783/1783
f 1781/1781 1783/1783 1784/1784
f 1784/1784 1783/1783 1785/1785
f 1786/1786 1707/1707 1784/1784
f 1784/1784 1707/1707 1787/1787
f 1788/1788 1789/1789 1782/1782
f 1789/1789 1788/1788 1790/1790
f 1791/1791 1774/1774 1788/1788
f 1788/1788 1774/1774 1792/1792
f 1792/1792 1774/1774 1793/1793
f 1793/1793 1774/1774 1794/1794
f 1793/1793 1794/1794 1795/1795
f 1792/1792 1793/1793 1796/1796
f 1797/1797 1789/1789 1792/1792
f 1797/1797 1792/1792 1798/1798
f 1799/1799 1797/1797 1796/1796
f 1799/1799 1796/1796 1800/1800
f 1799/1799 1800/1800 1801/1801
f 1801/1801 1800/1800 1802/1802
f 1802/1802 1800/1800 1767/1767
f 1767/1767 1800/1800 1803/1803
f 1804/1804 1805/1805 1767/1767
f 1805/1805 1804/1804 1806/1806
f 1807/1807 1808/1808 1805/1805
f 1807/1807 1805/1805 1809/1809
f 1810/1810 1811/1811 1809/1809
f 1810/1810 1809/1809 1812/1812
f 1812/1812 1809/1809 1813/1813
f 1813/1813 1809/1809 1814/1814
f 1813/1813 1814/1814 1806/1806
f 1813/1813 1806/1806 1815/1815
f 1813/1813 1815/1815 577/577
f 577/577 1815/1815 1816/1816
f 1817/1817 573/573 1816/1816
f 1817/1817 1816/1816 1818/1818
f 1817/1817 1818/1818 1819/1819
f 1817/1817 1819/1819 1820/1820
f 1820/1820 1819/1819 1821/1821
f 1821/1821 1819/1819 1822/1822
f 1822/1822 1819/1819 1823/1823
f 1822/1822 1823/1823 1824/1824
f 1825/1825 1818/1818 1823/1823
f 1823/1823 1818/1818 1826/1826
f 1823/1823 1826/1826 1827/1827
f 1827/1827 1826/1826 1761/1761
f 1761/1761 1826/1826 1828/1828
f 1828/1828 1826/1826 1815/1815
f 1815/1815 1826/1826 1829/1829
f 1815/1815 1829/1829 1830/1830
f 1831/1831 1761/1761 1806/1806
f 1761/1761 1831/1831 1832/1832
f 1833/1833 1834/1834 1821/1821
f 1834/1834 1833/1833 1835/1835
f 1836/1836 1837/1837 1835/1835
f 1836/1836 1835/1835 1838/1838
f 1839/1839 1835/1835 1840/1840
f 1835/1835 1839/1839 1841/1841
f 1842/1842 1843/1843 1841/1841
f 1844/1844 1839/1839 1842/1842
f 1842/1842 1839/1839 1845/1845
f 1842/1842 1845/1845 1846/1846
f 1842/1842 1846/1846 1847/1847
f 1842/1842 1847/1847 1836/1836
f 1848/1848 567/567 1836/1836
f 1836/1836 567/567 1849/1849
f 1850/1850 567/567 1851/1851
f 1850/1850 1851/1851 1817/1817
f 1852/1852 1820/1820 1850/1850
f 1850/1850 1820/1820 1853/1853
f 1854/1854 1855/1855 1856/1856
f 1854/1854 1856/1856 1857/1857
f 1858/1858 1856/1856 1859/1859
f 1860/1860 1855/1855 1861/1861
f 1862/1862 1855/1855 1863/1863
f 1862/1862 1863/1863 1864/1864
f 1865/1865 1864/1864 1854/1854
f 1864/1864 1865/1865 1866/1866
f 1867/1867 1865/1865 1868/1868
f 1867/1867 1868/1868 1869/1869
f 1868/1868 1865/1865 1870/1870
f 1868/1868 1870/1870 1871/1871
f 1871/1871 1870/1870 1872/1872
f 1872/1872 1870/1870 1873/1873
f 1874/1874 1872/1872 1875/1875
f 1874/1874 1875/1875 1876/1876
f 1877/1877 1873/1873 1878/1878
f 1877/1877 1878/1878 1879/1879
f 1880/1880 1868/1868 1881/1881
f 1880/1880 1881/1881 1882/1882
f 1883/1883 1868/1868 1871/1871
f 1883/1883 1871/1871 1884/1884
f 1883/1883 1884/1884 1885/1885
f 1883/1883 1885/1885 1886/1886
f 1886/1886 1885/1885 1887/1887
f 1887/1887 1885/1885 1888/1888
f 1887/1887 1888/1888 1889/1889
f 1888/1888 1885/1885 1890/1890
f 1890/1890 1885/1885 1884/1884
f 1888/1888 1890/1890 1891/1891
f 1888/1888 1891/1891 1892/1892
f 1892/1892 1891/1891 1893/1893
f 1894/1894 1895/1895 1893/1893
f 1894/1894 1893/1893 1896/1896
f 1897/1897 1898/1898 1896/1896
f 1897/1897 1896/1896 1899/1899
f 1899/1899 1896/1896 1900/1900
f 1899/1899 1900/1900 1901/1901
f 1902/1902 1903/1903 1901/1901
f 1902/1902 1901/1901 1904/1904
f 1905/1905 1890/1890 1904/1904
f 1904/1904 1890/1890 1906/1906
f 1907/1907 1908/1908 1890/1890
f 1908/1908 1907/1907 1909/1909
f 1910/1910 1909/1909 1911/1911
f 1910/1910 1911/1911 1912/1912
f 1913/1913 1904/1904 1914/1914
f 1913/1913 1914/1914 1915/1915
f 1916/1916 1914/1914 1917/1917
f 1916/1916 1917/1917 1918/1918
f 1919/1919 1899/1899 1918/1918
f 1919/1919 1918/1918 1920/1920
f 1921/1921 1922/1922 1920/1920
f 1921/1921 1920/1920 1923/1923
f 1924/1924 1925/1925 1926/1926
f 1924/1924 1926/1926 1927/1927
f 1927/1927 1926/1926 1928/1928
f 1927/1927 1928/1928 1929/1929
f 1928/1928 1926/1926 1930/1930
f 1928/1928 1930/1930 1931/1931
f 1932/1932 1933/1933 1931/1931
f 1932/1932 1931/1931 1934/1934
f 1935/1935 1934/1934 1936/1936
f 1935/1935 1936/1936 1937/1937
f 1937/1937 1936/1936 1938/1938
f 1938/1938 1936/1936 1939/1939
f 1938/1938 1939/1939 1940/1940
f 1938/1938 1940/1940 1941/1941
f 1936/1936 1934/1934 1942/1942
f 1942/1942 1934/1934 1943/1943
f 1944/1944 1945/1945 1942/1942
f 1945/1945 1944/1944 1946/1946
f 1947/1947 1946/1946 1948/1948
f 1947/1947 1948/1948 1949/1949
f 1947/1947 1949/1949 1950/1950
f 1950/1950 1949/1949 1940/1940
f 1951/1951 1947/1947 1939/1939
f 1951/1951 1939/1939 1952/1952
f 1943/1943 1944/1944 1951/1951
f 1944/1944 1943/1943 1953/1953
f 1944/1944 1953/1953 1954/1954
f 1954/1954 1953/1953 1955/1955
f 1956/1956 1953/1953 1957/1957
f 1956/1956 1957/1957 1958/1958
f 1959/1959 1960/1960 1944/1944
f 1960/1960 1959/1959 1961/1961
f 1962/1962 1963/1963 1959/1959
f 1963/1963 1962/1962 1964/1964
f 1963/1963 1964/1964 1965/1965
f 1965/1965 1964/1964 1966/1966
f 1967/1967 1964/1964 1955/1955
f 1967/1967 1955/1955 1968/1968
f 1968/1968 1962/1962 1953/1953
f 1968/1968 1953/1953 1969/1969
f 1970/1970 1971/1971 1964/1964
f 1970/1970 1964/1964 1972/1972
f 1973/1973 1974/1974 1972/1972
f 1974/1974 1973/1973 1975/1975
f 1975/1975 1973/1973 1976/1976
f 1976/1976 1973/1973 1977/1977
f 1978/1978 1975/1975 1979/1979
f 1975/1975 1978/1978 1980/1980
f 1981/1981 1980/1980 1982/1982
f 1981/1981 1982/1982 1983/1983
f 1984/1984 1980/1980 1985/1985
f 1980/1980 1984/1984 1986/1986
f 1986/1986 1984/1984 1987/1987
f 1986/1986 1987/1987 1988/1988
f 1989/1989 1988/1988 1990/1990
f 1988/1988 1989/1989 1991/1991
f 1992/1992 1993/1993 1989/1989
f 1993/1993 1992/1992 1994/1994
f 1995/1995 1996/1996 1992/1992
f 1996/1996 1995/1995 1997/1997
f 1998/1998 1999/1999 1996/1996
f 1996/1996 1999/1999 2000/2000
f 2001/2001 2002/2002 1999/1999
f 1999/1999 2002/2002 2003/2003
f 2004/2004 2003/2003 1991/1991
f 1991/1991 2003/2003 2005/2005
f 1991/1991 2005/2005 2006/2006
f 2006/2006 2005/2005 2007/2007
f 2008/2008 2005/2005 2000/2000
f 2008/2008 2000/2000 2009/2009
f 2008/2008 2009/2009 2010/2010
f 2008/2008 2010/2010 2011/2011
f 2012/2012 2011/2011 2013/2013
f 2011/2011 2012/2012 2014/2014
f 2015/2015 2005/2005 2014/2014
f 2005/2005 2015/2015 2016/2016
f 2017/2017 2007/2007 2015/2015
f 2007/2007 2017/2017 2018/2018
f 2007/2007 2018/2018 1986/1986
f 2007/2007 1986/1986 2019/2019
f 1986/1986 2018/2018 2020/2020
f 2020/2020 2018/2018 2021/2021
f 2018/2018 2017/2017 2022/2022
f 2018/2018 2022/2022 2023/2023
f 2022/2022 2017/2017 2024/2024
f 2022/2022 2024/2024 2025/2025
f 2022/2022 2025/2025 1966/1966
f 2022/2022 1966/1966 2021/2021
f 2021/2021 1966/1966 1974/1974
f 1966/1966 2025/2025 2026/2026
f 2027/2027 1963/1963 2026/2026
f 2027/2027 2026/2026 2028/2028
f 2029/2029 2027/2027 2030/2030
f 2029/2029 2030/2030 2031/2031
f 2030/2030 2027/2027 2032/2032
f 2032/2032 2027/2027 2033/2033
f 2033/2033 2027/2027 2034/2034
f 2033/2033 2034/2034 2035/2035
f 2035/2035 2034/2034 2036/2036
f 2036/2036 2034/2034 2025/2025
f 2025/2025 2034/2034 2037/2037
f 2036/2036 2025/2025 2038/2038
f 2036/2036 2038/2038 2039/2039
f 2035/2035 2036/2036 2040/2040
f 2040/2040 2036/2036 2041/2041
f 2042/2042 2030/2030 2032/2032
f 2030/2030 2042/2042 2043/2043
f 2043/2043 2042/2042 2044/2044
f 2045/2045 2039/2039 2024/2024
f 2039/2039 2045/2045 2046/2046
f 2047/2047 2045/2045 2017/2017
f 2017/2017 2045/2045 2048/2048
f 2049/2049 2050/2050 2045/2045
f 2050/2050 2049/2049 2051/2051
f 2051/2051 2049/2049 2052/2052
f 2051/2051 2052/2052 2053/2053
f 2054/2054 2046/2046 2051/2051
f 2046/2046 2054/2054 2055/2055
f 2056/2056 2046/2046 2057/2057
f 2056/2056 2057/2057 2058/2058
f 2059/2059 2060/2060 2054/2054
f 2060/2060 2059/2059 2061/2061
f 2062/2062 2063/2063 2052/2052
f 2063/2063 2062/2062 2064/2064
f 2062/2062 2052/2052 2009/2009
f 2062/2062 2009/2009 2065/2065
f 2066/2066 2065/2065 2067/2067
f 2065/2065 2066/2066 2068/2068
f 2068/2068 2066/2066 2069/2069
f 2068/2068 2069/2069 2070/2070
f 2071/2071 2072/2072 2070/2070
f 2070/2070 2072/2072 2073/2073
f 2074/2074 2075/2075 2073/2073
f 2074/2074 2073/2073 2076/2076
f 2076/2076 2073/2073 2077/2077
f 2077/2077 2073/2073 2078/2078
f 2079/2079 2072/2072 2078/2078
f 2078/2078 2072/2072 2080/2080
f 2080/2080 2072/2072 2081/2081
f 2080/2080 2081/2081 2082/2082
f 2083/2083 2080/2080 2084/2084
f 2083/2083 2084/2084 2085/2085
f 2086/2086 2085/2085 2077/2077
f 2077/2077 2085/2085 2087/2087
f 2088/2088 2089/2089 2087/2087
f 2089/2089 2088/2088 2076/2076
f 2076/2076 2088/2088 2090/2090
f 2088/2088 2087/2087 2091/2091
f 2092/2092 2091/2091 2093/2093
f 2091/2091 2092/2092 2094/2094
f 2095/2095 2096/2096 2097/2097
f 2095/2095 2097/2097 2098/2098
f 2099/2099 2096/2096 2100/2100
f 2101/2101 2102/2102 2098/2098
f 2101/2101 2098/2098 765/765
f 2101/2101 765/765 2103/2103
f 2103/2103 765/765 2104/2104
f 2105/2105 2106/2106 2104/2104
f 2105/2105 2104/2104 2107/2107
f 2108/2108 2107/2107 2109/2109
f 2107/2107 2108/2108 2110/2110
f 2111/2111 2112/2112 2113/2113
f 2111/2111 2113/2113 2114/2114
f 2115/2115 2113/2113 2116/2116
f 2115/2115 2116/2116 2117/2117
f 2117/2117 2116/2116 2118/2118
f 2117/2117 2118/2118 2119/2119
f 2120/2120 2121/2121 2119/2119
f 2119/2119 2121/2121 2122/2122
f 2123/2123 2121/2121 2118/2118
f 2121/2121 2123/2123 2124/2124
f 2121/2121 2124/2124 2125/2125
f 2125/2125 2124/2124 2126/2126
f 2127/2127 2128/2128 2126/2126
f 2127/2127 2126/2126 2129/2129
f 2130/2130 2131/2131 2129/2129
f 2130/2130 2129/2129 2132/2132
f 2133/2133 2128/2128 2122/2122
f 2122/2122 2128/2128 2134/2134
f 2135/2135 2134/2134 2125/2125
f 2134/2134 2135/2135 2136/2136
f 2136/2136 2135/2135 2137/2137
f 2136/2136 2137/2137 2138/2138
f 2138/2138 2137/2137 2139/2139
f 2138/2138 2139/2139 2140/2140
f 2141/2141 1533/1533 2139/2139
f 2141/2141 2139/2139 2142/2142
f 2143/2143 2144/2144 2145/2145
f 2143/2143 2145/2145 2146/2146
f 2147/2147 2143/2143 2148/2148
f 2148/2148 2143/2143 2149/2149
f 2148/2148 2149/2149 2150/2150
f 2147/2147 2148/2148 2151/2151
f 2152/2152 2148/2148 2153/2153
f 2152/2152 2153/2153 2154/2154
f 2153/2153 2148/2148 2155/2155
f 2153/2153 2155/2155 2156/2156
f 2153/2153 2156/2156 2157/2157
f 2157/2157 2156/2156 2158/2158
f 2159/2159 2160/2160 2158/2158
f 2159/2159 2158/2158 2161/2161
f 2162/2162 2163/2163 2161/2161
f 2162/2162 2161/2161 2164/2164
f 2165/2165 2166/2166 2164/2164
f 2165/2165 2164/2164 2167/2167
f 2165/2165 2167/2167 2168/2168
f 2168/2168 2167/2167 2169/2169
f 2167/2167 2164/2164 2155/2155
f 2155/2155 2164/2164 2170/2170
f 2170/2170 2164/2164 2171/2171
f 2170/2170 2171/2171 2172/2172
f 2173/2173 2171/2171 2174/2174
f 2173/2173 2174/2174 2175/2175
f 2176/2176 2173/2173 2177/2177
f 2176/2176 2177/2177 2178/2178
f 2176/2176 2178/2178 2179/2179
f 2176/2176 2179/2179 2180/2180
f 2180/2180 2179/2179 2181/2181
f 2181/2181 2179/2179 2182/2182
f 2179/2179 2178/2178 2183/2183
f 2183/2183 2178/2178 2184/2184
f 2185/2185 2183/2183 2186/2186
f 2183/2183 2185/2185 2187/2187
f 2185/2185 2186/2186 2188/2188
f 2185/2185 2188/2188 2189/2189
f 2185/2185 2189/2189 2190/2190
f 2185/2185 2190/2190 2187/2187
f 2187/2187 2190/2190 2191/2191
f 2187/2187 2191/2191 2192/2192
f 2193/2193 2194/2194 2187/2187
f 2194/2194 2193/2193 2179/2179
f 2189/2189 2188/2188 2195/2195
f 2190/2190 2189/2189 2196/2196
f 2190/2190 2196/2196 2197/2197
f 2190/2190 2197/2197 2198/2198
f 2199/2199 2195/2195 2200/2200
f 2195/2195 2199/2199 2201/2201
f 2202/2202 2199/2199 2196/2196
f 2196/2196 2199/2199 2203/2203
f 2204/2204 2199/2199 2205/2205
f 2204/2204 2205/2205 2206/2206
f 2204/2204 2206/2206 2207/2207
f 2204/2204 2207/2207 2208/2208
f 2208/2208 2207/2207 2209/2209
f 2207/2207 2206/2206 2210/2210
f 2210/2210 2206/2206 2211/2211
f 2211/2211 2206/2206 2212/2212
f 2213/2213 2205/2205 2212/2212
f 2212/2212 2205/2205 2214/2214
f 2215/2215 2216/2216 2214/2214
f 2214/2214 2216/2216 2217/2217
f 2218/2218 2219/2219 2212/2212
f 2212/2212 2219/2219 2220/2220
f 2221/2221 2212/2212 2222/2222
f 2221/2221 2222/2222 2223/2223
f 2224/2224 2221/2221 2225/2225
f 2224/2224 2225/2225 2226/2226
f 2227/2227 2210/2210 2226/2226
f 2210/2210 2227/2227 2228/2228
f 2228/2228 2227/2227 2229/2229
f 2229/2229 2227/2227 2230/2230
f 2231/2231 2223/2223 2232/2232
f 2223/2223 2231/2231 2233/2233
f 2234/2234 2235/2235 2236/2236
f 2234/2234 2236/2236 2237/2237
f 2238/2238 2239/2239 2237/2237
f 2239/2239 2238/2238 2240/2240
f 2239/2239 2240/2240 2241/2241
f 2241/2241 2240/2240 2242/2242
f 2241/2241 2242/2242 2243/2243
f 2242/2242 2240/2240 2244/2244
f 2244/2244 2240/2240 2245/2245
f 2242/2242 2244/2244 2246/2246
f 2242/2242 2246/2246 2247/2247
f 2242/2242 2247/2247 2243/2243
f 2247/2247 2246/2246 2248/2248
f 2247/2247 2248/2248 2249/2249
f 2243/2243 2247/2247 2250/2250
f 2250/2250 2247/2247 2251/2251
f 2252/2252 2253/2253 2249/2249
f 2252/2252 2249/2249 2254/2254
f 2252/2252 2254/2254 2255/2255
f 2255/2255 2254/2254 2256/2256
f 2256/2256 2254/2254 2246/2246
f 2257/2257 2258/2258 2256/2256
f 2257/2257 2256/2256 2259/2259
f 2260/2260 2261/2261 2259/2259
f 2259/2259 2261/2261 2262/2262
f 2263/2263 2264/2264 2261/2261
f 2261/2261 2264/2264 2265/2265
f 2261/2261 2265/2265 2266/2266
f 2266/2266 2265/2265 2267/2267
f 2261/2261 2266/2266 2268/2268
f 2268/2268 2266/2266 2269/2269
f 2270/2270 2255/2255 2271/2271
f 2255/2255 2270/2270 2272/2272
f 2255/2255 2272/2272 2252/2252
f 2252/2252 2272/2272 2273/2273
f 2252/2252 2273/2273 2274/2274
f 2274/2274 2273/2273 1043/1043
f 1043/1043 2273/2273 2275/2275
f 1043/1043 2275/2275 1046/1046
f 2275/2275 2273/2273 2276/2276
f 2276/2276 2273/2273 2272/2272
f 2276/2276 2272/2272 2277/2277
f 2277/2277 2272/2272 2278/2278
f 2275/2275 2276/2276 2279/2279
f 2279/2279 2276/2276 2280/2280
f 2280/2280 2276/2276 2281/2281
f 2275/2275 2279/2279 2282/2282
f 2282/2282 2279/2279 2283/2283
f 2282/2282 2283/2283 1051/1051
f 1051/1051 2283/2283 2284/2284
f 2283/2283 2279/2279 2285/2285
f 2285/2285 2279/2279 2286/2286
f 2287/2287 2288/2288 2285/2285
f 2288/2288 2287/2287 2289/2289
f 2290/2290 2291/2291 2292/2292
f 2290/2290 2292/2292 2293/2293
f 2290/2290 2293/2293 2294/2294
f 2290/2290 2294/2294 2295/2295
f 2296/2296 2297/2297 2290/2290
f 2297/2297 2296/2296 2298/2298
f 2298/2298 2296/2296 2299/2299
f 2299/2299 2296/2296 2300/2300
f 2300/2300 2296/2296 2294/2294
f 2300/2300 2294/2294 2301/2301
f 2299/2299 2300/2300 2302/2302
f 2299/2299 2302/2302 2303/2303
f 2304/2304 2302/2302 2305/2305
f 2304/2304 2305/2305 2306/2306
f 2307/2307 2308/2308 2305/2305
f 2305/2305 2308/2308 2309/2309
f 2305/2305 2309/2309 2310/2310
f 2305/2305 2310/2310 2311/2311
f 2311/2311 2310/2310 2312/2312
f 2313/2313 2309/2309 2294/2294
f 2309/2309 2313/2313 2314/2314
f 2310/2310 2309/2309 2315/2315
f 2310/2310 2315/2315 2316/2316
f 2316/2316 2315/2315 2317/2317
f 2317/2317 2315/2315 2318/2318
f 2318/2318 2315/2315 2319/2319
f 2320/2320 2318/2318 2321/2321
f 2320/2320 2321/2321 2322/2322
f 2322/2322 2321/2321 2323/2323
f 2323/2323 2321/2321 2324/2324
f 2325/2325 2326/2326 2321/2321
f 2326/2326 2325/2325 2327/2327
f 2328/2328 2326/2326 2293/2293
f 2328/2328 2293/2293 2329/2329
f 2330/2330 2293/2293 2331/2331
f 2293/2293 2330/2330 2332/2332
f 2333/2333 2328/2328 2334/2334
f 2333/2333 2334/2334 2335/2335
f 2336/2336 2328/2328 2292/2292
f 2328/2328 2336/2336 2337/2337
f 2338/2338 2324/2324 2337/2337
f 2337/2337 2324/2324 2339/2339
f 2340/2340 2324/2324 2341/2341
f 2340/2340 2341/2341 2342/2342
f 2343/2343 2323/2323 2342/2342
f 2323/2323 2343/2343 2344/2344
f 2344/2344 2343/2343 2345/2345
f 2343/2343 2342/2342 2346/2346
f 2347/2347 2348/2348 2346/2346
f 2347/2347 2346/2346 2349/2349
f 2350/2350 2347/2347 2351/2351
f 2350/2350 2351/2351 2352/2352
f 2353/2353 2350/2350 2354/2354
f 2353/2353 2354/2354 2355/2355
f 2356/2356 2357/2357 2355/2355
f 2356/2356 2355/2355 2358/2358
f 2359/2359 2360/2360 2355/2355
f 2359/2359 2355/2355 2361/2361
f 2359/2359 2361/2361 2362/2362
f 2362/2362 2361/2361 2363/2363
f 2363/2363 2361/2361 2364/2364
f 2359/2359 2362/2362 2365/2365
f 2359/2359 2365/2365 2366/2366
f 2366/2366 2365/2365 2367/2367
f 2366/2366 2367/2367 2368/2368
f 2368/2368 2367/2367 2369/2369
f 2359/2359 2366/2366 2370/2370
f 2370/2370 2366/2366 2371/2371
f 2371/2371 2366/2366 2372/2372
f 2371/2371 2372/2372 2373/2373
f 2374/2374 2371/2371 2375/2375
f 2371/2371 2374/2374 2376/2376
f 2376/2376 2374/2374 2377/2377
f 2377/2377 2374/2374 2378/2378
f 2379/2379 2376/2376 2370/2370
f 2370/2370 2376/2376 2380/2380
f 2381/2381 2382/2382 2376/2376
f 2381/2381 2376/2376 2383/2383
f 2384/2384 2383/2383 2378/2378
f 2383/2383 2384/2384 2385/2385
f 2385/2385 2384/2384 2386/2386
f 2386/2386 2384/2384 2387/2387
f 2385/2385 2386/2386 2388/2388
f 2385/2385 2388/2388 2389/2389
f 2390/2390 2391/2391 2385/2385
f 2390/2390 2385/2385 2392/2392
f 2393/2393 2394/2394 2390/2390
f 2394/2394 2393/2393 2395/2395
f 2396/2396 2395/2395 2392/2392
f 2396/2396 2392/2392 2397/2397
f 2398/2398 2384/2384 2399/2399
f 2398/2398 2399/2399 2400/2400
f 2401/2401 2384/2384 2402/2402
f 2401/2401 2402/2402 2403/2403
f 2404/2404 2402/2402 2405/2405
f 2404/2404 2405/2405 2406/2406
f 2407/2407 2408/2408 2405/2405
f 2407/2407 2405/2405 2409/2409
f 2409/2409 2405/2405 2410/2410
f 2409/2409 2410/2410 2411/2411
f 2409/2409 2411/2411 2375/2375
f 2409/2409 2375/2375 2412/2412
f 2413/2413 2409/2409 2414/2414
f 2413/2413 2414/2414 2415/2415
f 2416/2416 2417/2417 2412/2412
f 2416/2416 2412/2412 2418/2418
f 2419/2419 2375/2375 2418/2418
f 2418/2418 2375/2375 2420/2420
f 2421/2421 2418/2418 2422/2422
f 2421/2421 2422/2422 2423/2423
f 2424/2424 2420/2420 2425/2425
f 2424/2424 2425/2425 2426/2426
f 2427/2427 2428/2428 2429/2429
f 2427/2427 2429/2429 2430/2430
f 2431/2431 2429/2429 2432/2432
f 2431/2431 2432/2432 2433/2433
f 2434/2434 2435/2435 2432/2432
f 2434/2434 2432/2432 2436/2436
f 2437/2437 2433/2433 2434/2434
f 2433/2433 2437/2437 2438/2438
f 2437/2437 2434/2434 2439/2439
f 2437/2437 2439/2439 2440/2440
f 2439/2439 2434/2434 2441/2441
f 2441/2441 2434/2434 2442/2442
f 2443/2443 2444/2444 2441/2441
f 2444/2444 2443/2443 2445/2445
f 2446/2446 2447/2447 2439/2439
f 2447/2447 2446/2446 2448/2448
f 2447/2447 2448/2448 2449/2449
f 2447/2447 2449/2449 2450/2450
f 2451/2451 2447/2447 2452/2452
f 2451/2451 2452/2452 2453/2453
f 2454/2454 2440/2440 2452/2452
f 2440/2440 2454/2454 2455/2455
f 2456/2456 2454/2454 2457/2457
f 2456/2456 2457/2457 2458/2458
f 2456/2456 2458/2458 2459/2459
f 2459/2459 2458/2458 2460/2460
f 2461/2461 2462/2462 2455/2455
f 2461/2461 2455/2455 2463/2463
f 2464/2464 2465/2465 2463/2463
f 2463/2463 2465/2465 2466/2466
f 2467/2467 2468/2468 2455/2455
f 2468/2468 2467/2467 2469/2469
f 2469/2469 2467/2467 2438/2438
f 2438/2438 2467/2467 2470/2470
f 2471/2471 2472/2472 2470/2470
f 2471/2471 2470/2470 2473/2473
f 2474/2474 2475/2475 2473/2473
f 2473/2473 2475/2475 2476/2476
f 2477/2477 2476/2476 2478/2478
f 2476/2476 2477/2477 2479/2479
f 2476/2476 2479/2479 2480/2480
f 2480/2480 2479/2479 2481/2481
f 2482/2482 2483/2483 2479/2479
f 2482/2482 2479/2479 2484/2484
f 2485/2485 2486/2486 2482/2482
f 2486/2486 2485/2485 2487/2487
f 2487/2487 2485/2485 2488/2488
f 2487/2487 2488/2488 2489/2489
f 2490/2490 2438/2438 2487/2487
f 2487/2487 2438/2438 2491/2491
f 2492/2492 2438/2438 2489/2489
f 2492/2492 2489/2489 2431/2431
f 2431/2431 2489/2489 2493/2493
f 2493/2493 2489/2489 2494/2494
f 2431/2431 2493/2493 2495/2495
f 2431/2431 2495/2495 2496/2496
f 2497/2497 2432/2432 2496/2496
f 2497/2497 2496/2496 2498/2498
f 2497/2497 2498/2498 2499/2499
f 2499/2499 2498/2498 2500/2500
f 2499/2499 2500/2500 2501/2501
f 2501/2501 2500/2500 2502/2502
f 2502/2502 2500/2500 2503/2503
f 2503/2503 2500/2500 2504/2504
f 2505/2505 2498/2498 2506/2506
f 2498/2498 2505/2505 2507/2507
f 2508/2508 2509/2509 2501/2501
f 2509/2509 2508/2508 2510/2510
f 2509/2509 2510/2510 2511/2511
f 2511/2511 2510/2510 2512/2512
f 2513/2513 2510/2510 2502/2502
f 2513/2513 2502/2502 2514/2514
f 2510/2510 2513/2513 2515/2515
f 2510/2510 2515/2515 2516/2516
f 2517/2517 2516/2516 2518/2518
f 2516/2516 2517/2517 2519/2519
f 2516/2516 2519/2519 2520/2520
f 2516/2516 2520/2520 2521/2521
f 2522/2522 2523/2523 2520/2520
f 2522/2522 2520/2520 2524/2524
f 2525/2525 2526/2526 2524/2524
f 2524/2524 2526/2526 2527/2527
f 2527/2527 2526/2526 2528/2528
f 2528/2528 2526/2526 2529/2529
f 2530/2530 2529/2529 2531/2531
f 2529/2529 2530/2530 2532/2532
f 2533/2533 2532/2532 2534/2534
f 2532/2532 2533/2533 2535/2535
f 2536/2536 2537/2537 2535/2535
f 2538/2538 2532/2532 2539/2539
f 2538/2538 2539/2539 2540/2540
f 2541/2541 2542/2542 2539/2539
f 2542/2542 2541/2541 2543/2543
f 2544/2544 2543/2543 2545/2545
f 2546/2546 2547/2547 2526/2526
f 2547/2547 2546/2546 2548/2548
f 2549/2549 2550/2550 2547/2547
f 2550/2550 2549/2549 2551/2551
f 2550/2550 2551/2551 2552/2552
f 2553/2553 2548/2548 2554/2554
f 2553/2553 2554/2554 2555/2555
f 2556/2556 2554/2554 2557/2557
f 2556/2556 2557/2557 2558/2558
f 2556/2556 2558/2558 2559/2559
f 2556/2556 2559/2559 2560/2560
f 2561/2561 2553/2553 2556/2556
f 2553/2553 2561/2561 2562/2562
f 2563/2563 2564/2564 2553/2553
f 2564/2564 2563/2563 2565/2565
f 2566/2566 2567/2567 2563/2563
f 2568/2568 2569/2569 2565/2565
f 2570/2570 2571/2571 2572/2572
f 2570/2570 2572/2572 2573/2573
f 2570/2570 2573/2573 2574/2574
f 2574/2574 2573/2573 2575/2575
f 2576/2576 2577/2577 2575/2575
f 2576/2576 2575/2575 2578/2578
f 2579/2579 2578/2578 2580/2580
f 2579/2579 2580/2580 2581/2581
f 2582/2582 2576/2576 2583/2583
f 2582/2582 2583/2583 2584/2584
f 2585/2585 2586/2586 2582/2582
f 2585/2585 2582/2582 2587/2587
f 2587/2587 2582/2582 2588/2588
f 2587/2587 2588/2588 2589/2589
f 2590/2590 2588/2588 2591/2591
f 2590/2590 2591/2591 2592/2592
f 2593/2593 2591/2591 2584/2584
f 2593/2593 2584/2584 2594/2594
f 2595/2595 2596/2596 2584/2584
f 2595/2595 2584/2584 2597/2597
f 2598/2598 2595/2595 2599/2599
f 2598/2598 2599/2599 2600/2600
f 2601/2601 2602/2602 2597/2597
f 2601/2601 2597/2597 2603/2603
f 2604/2604 2605/2605 2593/2593
f 2593/2593 2605/2605 2606/2606
f 2593/2593 2606/2606 2607/2607
f 2607/2607 2606/2606 2608/2608
f 2609/2609 2610/2610 2605/2605
f 2610/2610 2609/2609 2611/2611
f 2610/2610 2611/2611 2612/2612
f 2611/2611 2609/2609 2613/2613
f 2613/2613 2609/2609 2614/2614
f 2612/2612 2611/2611 2615/2615
f 2615/2615 2611/2611 2616/2616
f 2616/2616 2611/2611 2583/2583
f 2617/2617 2615/2615 2618/2618
f 2615/2615 2617/2617 2619/2619
f 2620/2620 2621/2621 2619/2619
f 2619/2619 2621/2621 2622/2622
f 2623/2623 2619/2619 2624/2624
f 2623/2623 2624/2624 2625/2625
f 2626/2626 2627/2627 2619/2619
f 2626/2626 2619/2619 2628/2628
f 2629/2629 2626/2626 2617/2617
f 2626/2626 2629/2629 2630/2630
f 2631/2631 2632/2632 2626/2626
f 2632/2632 2631/2631 2633/2633
f 2634/2634 2633/2633 2630/2630
f 2634/2634 2630/2630 2635/2635
f 2636/2636 2630/2630 2637/2637
f 2636/2636 2637/2637 2638/2638
f 2639/2639 2640/2640 2636/2636
f 2640/2640 2639/2639 2641/2641
f 2642/2642 2637/2637 2617/2617
f 2642/2642 2617/2617 2643/2643
f 2637/2637 2642/2642 2644/2644
f 2644/2644 2642/2642 2645/2645
f 2646/2646 2647/2647 2633/2633
f 2633/2633 2647/2647 2648/2648
f 2649/2649 2633/2633 2650/2650
f 2633/2633 2649/2649 2651/2651
f 2651/2651 2649/2649 2652/2652
f 2652/2652 2649/2649 2653/2653
f 2652/2652 2653/2653 2654/2654
f 2652/2652 2654/2654 2655/2655
f 2655/2655 2654/2654 2656/2656
f 2651/2651 2652/2652 2657/2657
f 2658/2658 2659/2659 2651/2651
f 2658/2658 2651/2651 2660/2660
f 2661/2661 2657/2657 2662/2662
f 2657/2657 2661/2661 2663/2663
f 2664/2664 2665/2665 2663/2663
f 2663/2663 2665/2665 2666/2666
f 2667/2667 2668/2668 2665/2665
f 2667/2667 2665/2665 2669/2669
f 2670/2670 2671/2671 2665/2665
f 2671/2671 2670/2670 2672/2672
f 2673/2673 2674/2674 2669/2669
f 2673/2673 2669/2669 2675/2675
f 2675/2675 2669/2669 2676/2676
f 2676/2676 2669/2669 2677/2677
f 2675/2675 2676/2676 2678/2678
f 2675/2675 2678/2678 2679/2679
f 2680/2680 2681/2681 2679/2679
f 2680/2680 2679/2679 2682/2682
f 2683/2683 2682/2682 2684/2684
f 2685/2685 2686/2686 2682/2682
f 2687/2687 2685/2685 2678/2678
f 2685/2685 2687/2687 2688/2688
f 2689/2689 2690/2690 2685/2685
f 2691/2691 2689/2689 2687/2687
f 2691/2691 2687/2687 2692/2692
f 2693/2693 2694/2694 2692/2692
f 2692/2692 2694/2694 2695/2695
f 2696/2696 2697/2697 2695/2695
f 2696/2696 2695/2695 2698/2698
f 2699/2699 2698/2698 2687/2687
f 2698/2698 2699/2699 2676/2676
f 2700/2700 2701/2701 2685/2685
f 2700/2700 2685/2685 2702/2702
f 2703/2703 2675/2675 2700/2700
f 2675/2675 2703/2703 2704/2704
f 2705/2705 2696/2696 2706/2706
f 2705/2705 2706/2706 2707/2707
f 2705/2705 2707/2707 2708/2708
f 2705/2705 2708/2708 2709/2709
f 2710/2710 2711/2711 2705/2705
f 2711/2711 2710/2710 2712/2712
f 2711/2711 2712/2712 2713/2713
f 2713/2713 2712/2712 2714/2714
f 2713/2713 2714/2714 2715/2715
f 2715/2715 2714/2714 2716/2716
f 2717/2717 2657/2657 2706/2706
f 2657/2657 2717/2717 2718/2718
f 2719/2719 2720/2720 2718/2718
f 2719/2719 2718/2718 2721/2721
f 2722/2722 2723/2723 2721/2721
f 2721/2721 2723/2723 2724/2724
f 2725/2725 2666/2666 2721/2721
f 2721/2721 2666/2666 2726/2726
f 2727/2727 2721/2721 2728/2728
f 2727/2727 2728/2728 2729/2729
f 2730/2730 2731/2731 2732/2732
f 2730/2730 2732/2732 2733/2733
f 2732/2732 2731/2731 2734/2734
f 2734/2734 2731/2731 2735/2735
f 2735/2735 2731/2731 2736/2736
f 2736/2736 2731/2731 2737/2737
f 2737/2737 2731/2731 2738/2738
f 2737/2737 2738/2738 2124/2124
f 2739/2739 2738/2738 2740/2740
f 2739/2739 2740/2740 2741/2741
f 2742/2742 2743/2743 2735/2735
f 2742/2742 2735/2735 2744/2744
f 2745/2745 2744/2744 2746/2746
f 2744/2744 2745/2745 2747/2747
f 2745/2745 2746/2746 2748/2748
f 2745/2745 2748/2748 2112/2112
f 2749/2749 2112/2112 2750/2750
f 2112/2112 2749/2749 2751/2751
f 2752/2752 2748/2748 2753/2753
f 2752/2752 2753/2753 2736/2736
f 2754/2754 2755/2755 2753/2753
f 2754/2754 2753/2753 2756/2756
f 2757/2757 2758/2758 2747/2747
f 2747/2747 2758/2758 2759/2759
f 2760/2760 2758/2758 2761/2761
f 2762/2762 2763/2763 2758/2758
f 2758/2758 2763/2763 2764/2764
f 2765/2765 2764/2764 2766/2766
f 2764/2764 2765/2765 2767/2767
f 2768/2768 2769/2769 2767/2767
f 2768/2768 2767/2767 2770/2770
f 2768/2768 2770/2770 2771/2771
f 2768/2768 2771/2771 2772/2772
f 2773/2773 2763/2763 2774/2774
f 2773/2773 2774/2774 2775/2775
f 2776/2776 2774/2774 2777/2777
f 2776/2776 2777/2777 2778/2778
f 2779/2779 2780/2780 2778/2778
f 2778/2778 2780/2780 2732/2732
f 2781/2781 2782/2782 2732/2732
f 2732/2732 2782/2782 2733/2733
f 2733/2733 2782/2782 2783/2783
f 2733/2733 2783/2783 2784/2784
f 2733/2733 2784/2784 2785/2785
f 2733/2733 2785/2785 2786/2786
f 2787/2787 2783/2783 2788/2788
f 2787/2787 2788/2788 2789/2789
f 2790/2790 2791/2791 2788/2788
f 2791/2791 2790/2790 2782/2782
f 2791/2791 2782/2782 2792/2792
f 2792/2792 2782/2782 2793/2793
f 2794/2794 2795/2795 2793/2793
f 2794/2794 2793/2793 2796/2796
f 2797/2797 2798/2798 2796/2796
f 2797/2797 2796/2796 2799/2799
f 2800/2800 2797/2797 2774/2774
f 2800/2800 2774/2774 2801/2801
f 2802/2802 2803/2803 2800/2800
f 2803/2803 2802/2802 2804/2804
f 2805/2805 2806/2806 2807/2807
f 2805/2805 2807/2807 2808/2808
f 2809/2809 2810/2810 2808/2808
f 2810/2810 2809/2809 2811/2811
f 2812/2812 2811/2811 2813/2813
f 2812/2812 2813/2813 2814/2814
f 2815/2815 2816/2816 2811/2811
f 2815/2815 2811/2811 2817/2817
f 2818/2818 2817/2817 2819/2819
f 2817/2817 2818/2818 2820/2820
f 2821/2821 2818/2818 2822/2822
f 2818/2818 2821/2821 2823/2823
f 2824/2824 2825/2825 2818/2818
f 2825/2825 2824/2824 2826/2826
f 2827/2827 2828/2828 2825/2825
f 2828/2828 2827/2827 2829/2829
f 2828/2828 2829/2829 2830/2830
f 2830/2830 2829/2829 2831/2831
f 2832/2832 2833/2833 2829/2829
f 2832/2832 2829/2829 2834/2834
f 2832/2832 2834/2834 2835/2835
f 2832/2832 2835/2835 2836/2836
f 2837/2837 2838/2838 2836/2836
f 2836/2836 2838/2838 2839/2839
f 2840/2840 2841/2841 2839/2839
f 2841/2841 2840/2840 2842/2842
f 2843/2843 2842/2842 2838/2838
f 2842/2842 2843/2843 2844/2844
f 2845/2845 2846/2846 2844/2844
f 2845/2845 2844/2844 2847/2847
f 2848/2848 2845/2845 2849/2849
f 2845/2845 2848/2848 2850/2850
f 2851/2851 2852/2852 2850/2850
f 2851/2851 2850/2850 2853/2853
f 2854/2854 2855/2855 2838/2838
f 2855/2855 2854/2854 2856/2856
f 2857/2857 2858/2858 2845/2845
f 2858/2858 2857/2857 2859/2859
f 2860/2860 2861/2861 2857/2857
f 2861/2861 2860/2860 2862/2862
f 2863/2863 2864/2864 2861/2861
f 2865/2865 2866/2866 2859/2859
f 2866/2866 2865/2865 2867/2867
f 2859/2859 2866/2866 2868/2868
f 2869/2869 2870/2870 2868/2868
f 2869/2869 2868/2868 2871/2871
f 2872/2872 2869/2869 2873/2873
f 2872/2872 2873/2873 2874/2874
f 2875/2875 2871/2871 2876/2876
f 2871/2871 2875/2875 2877/2877
f 2878/2878 2879/2879 2877/2877
f 2880/2880 2881/2881 2871/2871
f 2871/2871 2881/2881 2882/2882
f 2871/2871 2882/2882 2883/2883
f 2883/2883 2882/2882 2884/2884
f 2885/2885 2880/2880 2886/2886
f 2887/2887 2888/2888 2889/2889
f 2887/2887 2889/2889 2890/2890
f 2891/2891 827/827 2890/2890
f 2891/2891 2890/2890 2892/2892
f 2891/2891 2892/2892 2893/2893
f 2891/2891 2893/2893 2894/2894
f 2895/2895 2896/2896 2893/2893
f 2896/2896 2895/2895 2897/2897
f 2898/2898 2899/2899 2888/2888
f 2898/2898 2888/2888 2900/2900
f 2901/2901 2900/2900 831/831
f 2900/2900 2901/2901 2902/2902
f 2900/2900 2902/2902 2903/2903
f 2903/2903 2902/2902 2904/2904
f 2905/2905 2904/2904 2906/2906
f 2905/2905 2906/2906 2907/2907
f 2908/2908 2899/2899 2909/2909
f 2899/2899 2908/2908 2910/2910
f 2910/2910 2908/2908 2911/2911
f 2912/2912 2908/2908 2913/2913
f 2908/2908 2912/2912 2914/2914
f 2915/2915 2914/2914 2916/2916
f 2917/2917 2918/2918 2919/2919
f 2917/2917 2919/2919 2920/2920
f 2921/2921 2922/2922 2920/2920
f 2921/2921 2920/2920 2923/2923
f 2921/2921 2923/2923 2924/2924
f 2924/2924 2923/2923 2925/2925
f 2926/2926 2921/2921 2927/2927
f 2921/2921 2926/2926 2928/2928
f 2927/2927 2921/2921 2929/2929
f 2927/2927 2929/2929 2930/2930
f 2931/2931 2927/2927 2932/2932
f 2927/2927 2931/2931 2933/2933
f 2934/2934 2935/2935 2933/2933
f 2934/2934 2933/2933 2936/2936
f 2937/2937 2928/2928 2938/2938
f 2928/2928 2937/2937 2939/2939
f 2940/2940 2941/2941 2939/2939
f 2940/2940 2939/2939 2942/2942
f 2942/2942 2939/2939 2943/2943
f 2943/2943 2939/2939 2944/2944
f 2943/2943 2944/2944 2945/2945
f 2943/2943 2945/2945 2946/2946
f 2947/2947 2945/2945 2948/2948
f 2945/2945 2947/2947 2949/2949
f 2950/2950 2951/2951 2949/2949
f 2950/2950 2949/2949 2952/2952
f 2953/2953 2949/2949 2954/2954
f 2949/2949 2953/2953 2955/2955
f 2956/2956 2957/2957 2953/2953
f 2957/2957 2956/2956 2958/2958
f 2959/2959 2960/2960 2956/2956
f 2960/2960 2959/2959 2961/2961
f 2962/2962 1357/1357 2961/2961
f 2961/2961 1357/1357 2963/2963
f 2964/2964 2963/2963 2958/2958
f 2958/2958 2963/2963 2965/2965
f 2966/2966 2965/2965 2952/2952
f 2952/2952 2965/2965 2967/2967
f 2968/2968 2969/2969 2967/2967
f 2968/2968 2967/2967 2970/2970
f 2970/2970 2967/2967 2971/2971
f 2970/2970 2971/2971 2972/2972
f 2972/2972 2971/2971 2973/2973
f 2972/2972 2973/2973 2974/2974
f 2975/2975 2976/2976 2970/2970
f 2975/2975 2970/2970 2977/2977
f 2978/2978 2979/2979 2968/2968
f 2978/2978 2968/2968 2980/2980
f 2981/2981 2982/2982 2983/2983
f 2981/2981 2983/2983 2984/2984
f 2981/2981 2984/2984 2985/2985
f 2985/2985 2984/2984 2986/2986
f 2985/2985 2986/2986 2987/2987
f 2987/2987 2986/2986 2988/2988
f 2989/2989 2990/2990 2988/2988
f 2989/2989 2988/2988 2991/2991
f 2992/2992 2987/2987 2993/2993
f 2992/2992 2993/2993 2994/2994
f 2995/2995 2992/2992 2996/2996
f 2992/2992 2995/2995 2997/2997
f 2998/2998 2999/2999 2994/2994
f 2998/2998 2994/2994 3000/3000
f 3001/3001 3002/3002 3000/3000
f 3002/3002 3001/3001 3003/3003
f 3000/3000 3002/3002 3004/3004
f 3000/3000 3004/3004 3005/3005
f 3006/3006 3007/3007 3005/3005
f 3008/3008 3009/3009 3004/3004
f 3004/3004 3009/3009 3010/3010
f 3011/3011 3012/3012 3009/3009
f 3012/3012 3011/3011 3013/3013
f 3014/3014 3011/3011 3008/3008
f 3008/3008 3011/3011 3015/3015
f 3016/3016 3013/3013 3017/3017
f 3013/3013 3016/3016 3018/3018
f 3019/3019 3016/3016 2986/2986
f 3019/3019 2986/2986 3020/3020
f 3020/3020 2986/2986 2984/2984
f 3020/3020 2984/2984 3021/3021
f 3022/3022 3018/3018 3020/3020
f 3022/3022 3020/3020 3023/3023
f 3023/3023 3020/3020 3024/3024
f 3018/3018 3022/3022 3025/3025
f 3026/3026 3027/3027 3025/3025
f 3026/3026 3025/3025 3028/3028
f 3029/3029 3030/3030 3028/3028
f 3029/3029 3028/3028 3031/3031
f 3032/3032 3029/3029 3033/3033
f 3032/3032 3033/3033 3034/3034
f 3035/3035 3036/3036 3033/3033
f 3035/3035 3033/3033 3037/3037
f 3038/3038 3039/3039 3033/3033
f 3040/3040 3041/3041 3039/3039
f 3042/3042 3040/3040 3043/3043
f 3044/3044 3043/3043 3045/3045
f 3046/3046 3033/3033 3045/3045
f 3047/3047 3048/3048 3045/3045
f 3049/3049 3045/3045 3050/3050
f 3051/3051 3052/3052 3043/3043
f 3053/3053 3052/3052 3054/3054
f 3052/3052 3053/3053 3055/3055
f 3056/3056 3052/3052 3057/3057
f 3056/3056 3057/3057 3058/3058
f 3056/3056 3058/3058 3059/3059
f 3059/3059 3058/3058 3060/3060
f 3061/3061 3062/3062 3059/3059
f 3063/3063 3064/3064 3043/3043
f 3064/3064 3063/3063 3055/3055
f 3064/3064 3055/3055 3010/3010
f 3064/3064 3010/3010 3033/3033
f 3065/3065 578/578 3066/3066
f 3065/3065 3066/3066 3067/3067
f 3068/3068 3069/3069 3070/3070
f 3068/3068 3070/3070 3071/3071
f 3072/3072 3068/3068 3073/3073
f 3072/3072 3073/3073 3074/3074
f 3075/3075 3072/3072 3076/3076
f 3075/3075 3076/3076 3077/3077
f 3078/3078 3079/3079 3077/3077
f 3078/3078 3077/3077 3080/3080
f 3081/3081 3080/3080 3082/3082
f 3080/3080 3081/3081 3083/3083
f 3084/3084 3081/3081 3085/3085
f 3084/3084 3085/3085 3086/3086
f 3087/3087 3086/3086 3088/3088
f 3086/3086 3087/3087 3089/3089
f 3089/3089 3087/3087 3090/3090
f 3090/3090 3087/3087 3091/3091
f 3091/3091 3087/3087 3092/3092
f 3091/3091 3092/3092 3093/3093
f 3094/3094 3088/3088 3092/3092
f 3092/3092 3088/3088 3095/3095
f 3092/3092 3095/3095 3096/3096
f 3096/3096 3095/3095 3097/3097
f 3098/3098 3096/3096 3099/3099
f 3098/3098 3099/3099 3100/3100
f 3101/3101 3100/3100 3102/3102
f 3100/3100 3101/3101 3103/3103
f 3103/3103 3101/3101 3104/3104
f 3104/3104 3101/3101 3105/3105
f 3103/3103 3104/3104 3106/3106
f 3103/3103 3106/3106 3107/3107
f 3108/3108 3109/3109 3106/3106
f 3109/3109 3108/3108 3110/3110
f 3111/3111 3112/3112 3104/3104
f 3111/3111 3104/3104 3113/3113
f 3114/3114 3113/3113 3115/3115
f 3113/3113 3114/3114 3116/3116
f 3117/3117 3118/3118 3114/3114
f 3117/3117 3114/3114 3119/3119
f 3120/3120 3116/3116 3117/3117
f 3116/3116 3120/3120 3121/3121
f 3122/3122 3123/3123 3121/3121
f 3122/3122 3121/3121 3124/3124
f 3125/3125 3126/3126 3113/3113
f 3113/3113 3126/3126 3127/3127
f 3128/3128 3126/3126 3129/3129
f 3128/3128 3129/3129 3130/3130
f 3131/3131 3102/3102 3129/3129
f 3102/3102 3131/3131 3132/3132
f 3133/3133 3126/3126 3134/3134
f 3133/3133 3134/3134 3135/3135
f 3136/3136 3133/3133 3137/3137
f 3133/3133 3136/3136 3138/3138
f 3139/3139 3140/3140 3141/3141
f 3139/3139 3141/3141 3142/3142
f 3143/3143 3144/3144 3141/3141
f 3144/3144 3143/3143 3145/3145
f 3146/3146 3144/3144 3147/3147
f 3146/3146 3147/3147 3148/3148
f 3146/3146 3148/3148 3149/3149
f 3149/3149 3148/3148 3150/3150
f 3151/3151 3150/3150 3152/3152
f 3150/3150 3151/3151 3153/3153
f 3154/3154 3146/3146 3153/3153
f 3154/3154 3153/3153 3155/3155
f 3156/3156 3157/3157 3151/3151
f 3158/3158 3151/3151 3159/3159
f 3158/3158 3159/3159 3160/3160
f 3161/3161 3151/3151 3162/3162
f 3161/3161 3162/3162 3163/3163
f 3164/3164 3165/3165 3146/3146
f 3164/3164 3146/3146 3142/3142
f 3166/3166 3142/3142 3167/3167
f 3142/3142 3166/3166 3168/3168
f 3169/3169 3166/3166 3170/3170
f 3169/3169 3170/3170 3171/3171
f 3166/3166 3169/3169 1128/1128
f 1128/1128 3169/3169 3172/3172
f 3166/3166 1128/1128 3173/3173
f 3173/3173 1128/1128 3174/3174
f 3173/3173 3174/3174 3175/3175
f 3173/3173 3175/3175 3176/3176
f 3176/3176 3175/3175 3177/3177
f 3166/3166 3173/3173 3139/3139
f 3178/3178 3176/3176 3139/3139
f 3139/3139 3176/3176 3179/3179
f 3180/3180 3181/3181 3171/3171
f 3181/3181 3180/3180 3182/3182
f 3183/3183 3184/3184 3177/3177
f 3183/3183 3177/3177 3185/3185
f 3186/3186 3183/3183 3140/3140
f 3140/3140 3183/3183 3187/3187
f 3188/3188 3187/3187 3189/3189
f 3188/3188 3189/3189 3190/3190
f 3191/3191 3192/3192 3189/3189
f 3192/3192 3191/3191 3193/3193
f 3194/3194 729/729 3193/3193
f 3194/3194 3193/3193 3195/3195
f 3196/3196 3195/3195 3187/3187
f 3195/3195 3196/3196 3185/3185
f 3195/3195 3185/3185 3197/3197
f 3187/3187 3195/3195 3198/3198
f 3199/3199 3200/3200 3195/3195
f 3200/3200 3199/3199 3201/3201
f 3202/3202 3192/3192 3198/3198
f 3202/3202 3198/3198 3203/3203
f 3204/3204 726/726 3194/3194
f 726/726 3204/3204 3205/3205
f 3206/3206 3192/3192 3145/3145
f 3145/3145 3192/3192 3207/3207
f 3208/3208 3145/3145 3209/3209
f 3208/3208 3209/3209 3210/3210
f 3211/3211 3212/3212 3192/3192
f 3212/3212 3211/3211 3213/3213
f 3212/3212 3213/3213 3214/3214
f 3212/3212 3214/3214 3215/3215
f 3216/3216 3212/3212 3217/3217
f 3216/3216 3217/3217 3218/3218
f 3219/3219 3220/3220 3213/3213
f 3219/3219 3213/3213 734/734
f 3221/3221 3222/3222 734/734
f 3221/3221 734/734 3223/3223
f 3224/3224 3223/3223 717/717
f 717/717 3223/3223 735/735
f 3225/3225 718/718 717/717
f 718/718 3225/3225 3226/3226
f 3226/3226 3225/3225 3227/3227
f 3228/3228 3229/3229 3230/3230
f 3228/3228 3230/3230 3231/3231
f 3232/3232 3230/3230 3233/3233
f 3232/3232 3233/3233 3234/3234
f 3234/3234 3233/3233 3235/3235
f 3234/3234 3235/3235 3236/3236
f 3236/3236 3235/3235 1090/1090
f 3236/3236 1090/1090 3237/3237
f 3238/3238 3239/3239 3236/3236
f 3238/3238 3236/3236 3240/3240
f 3241/3241 3242/3242 3240/3240
f 3241/3241 3240/3240 3243/3243
f 3244/3244 3245/3245 3240/3240
f 3244/3244 3240/3240 3246/3246
f 3247/3247 3248/3248 3246/3246
f 3247/3247 3246/3246 3249/3249
f 3250/3250 3249/3249 3251/3251
f 3249/3249 3250/3250 3252/3252
f 3253/3253 3245/3245 3254/3254
f 3253/3253 3254/3254 3255/3255
f 3256/3256 3257/3257 3253/3253
f 3257/3257 3256/3256 3258/3258
f 3259/3259 3258/3258 3260/3260
f 3258/3258 3259/3259 3261/3261
f 3262/3262 3261/3261 3263/3263
f 3261/3261 3262/3262 3264/3264
f 3265/3265 3264/3264 3266/3266
f 3264/3264 3265/3265 3267/3267
f 3268/3268 3267/3267 3269/3269
f 3267/3267 3268/3268 3270/3270
f 3271/3271 3272/3272 3270/3270
f 3271/3271 3270/3270 3273/3273
f 3274/3274 3273/3273 3275/3275
f 3273/3273 3274/3274 3276/3276
f 3273/3273 3276/3276 3277/3277
f 3273/3273 3277/3277 3278/3278
f 3277/3277 3276/3276 3279/3279
f 3279/3279 3276/3276 3280/3280
f 3281/3281 3276/3276 3282/3282
f 3276/3276 3281/3281 3283/3283
f 3284/3284 3271/3271 3277/3277
f 3284/3284 3277/3277 3285/3285
f 3285/3285 3277/3277 3286/3286
f 3285/3285 3286/3286 3287/3287
f 3288/3288 3289/3289 3286/3286
f 3289/3289 3288/3288 3290/3290
f 3291/3291 3292/3292 3290/3290
f 3290/3290 3292/3292 3293/3293
f 3294/3294 3295/3295 3293/3293
f 3294/3294 3293/3293 3296/3296
f 3297/3297 3296/3296 3298/3298
f 3296/3296 3297/3297 3299/3299
f 3300/3300 3301/3301 3297/3297
f 3301/3301 3300/3300 3302/3302
f 3303/3303 3299/3299 3302/3302
f 3299/3299 3303/3303 3304/3304
f 3303/3303 3302/3302 3305/3305
f 3305/3305 3302/3302 3306/3306
f 3305/3305 3306/3306 3307/3307
f 3307/3307 3306/3306 3308/3308
f 3308/3308 3306/3306 3309/3309
f 3309/3309 3306/3306 3310/3310
f 3311/3311 3310/3310 3302/3302
f 3302/3302 3310/3310 3312/3312
f 3313/3313 3314/3314 3308/3308
f 3315/3315 3316/3316 3309/3309
f 3317/3317 3318/3318 3309/3309
f 3317/3317 3309/3309 3319/3319
f 3320/3320 3321/3321 3319/3319
f 3320/3320 3319/3319 3322/3322
f 3323/3323 3317/3317 3324/3324
f 3323/3323 3324/3324 3325/3325
f 3326/3326 3327/3327 3323/3323
f 3327/3327 3326/3326 3328/3328
f 3329/3329 3330/3330 3328/3328
f 3331/3331 3332/3332 3325/3325
f 3331/3331 3325/3325 3333/3333
f 3334/3334 3331/3331 3335/3335
f 3334/3334 3335/3335 3336/3336
f 3337/3337 3338/3338 3336/3336
f 3336/3336 3338/3338 3339/3339
f 3340/3340 3341/3341 3342/3342
f 3340/3340 3342/3342 3343/3343
f 3344/3344 3345/3345 3343/3343
f 3344/3344 3343/3343 3346/3346
f 3347/3347 3344/3344 3348/3348
f 3347/3347 3348/3348 3349/3349
f 3350/3350 3351/3351 3348/3348
f 3348/3348 3351/3351 3352/3352
f 3353/3353 3348/3348 3354/3354
f 3353/3353 3354/3354 3355/3355
f 3356/3356 3354/3354 3357/3357
f 3356/3356 3357/3357 3358/3358
f 3358/3358 3357/3357 3359/3359
f 3358/3358 3359/3359 3360/3360
f 3361/3361 3359/3359 3362/3362
f 3361/3361 3362/3362 3363/3363
f 3364/3364 1168/1168 3362/3362
f 3364/3364 3362/3362 3365/3365
f 3364/3364 3365/3365 3366/3366
f 3366/3366 3365/3365 3357/3357
f 3367/3367 3368/3368 3357/3357
f 3367/3367 3357/3357 3369/3369
f 3367/3367 3369/3369 3352/3352
f 3352/3352 3369/3369 3370/3370
f 3367/3367 3352/3352 3371/3371
f 3371/3371 3352/3352 3372/3372
f 3373/3373 3374/3374 3352/3352
f 3374/3374 3373/3373 3375/3375
f 3374/3374 3375/3375 1202/1202
f 3374/3374 1202/1202 3376/3376
f 3376/3376 1202/1202 1193/1193
f 1193/1193 1202/1202 3377/3377
f 1202/1202 3375/3375 1201/1201
f 1201/1201 3375/3375 3378/3378
f 1201/1201 3378/3378 1203/1203
f 1203/1203 3378/3378 3379/3379
f 3379/3379 3378/3378 3380/3380
f 3380/3380 3378/3378 3381/3381
f 3378/3378 3375/3375 3382/3382
f 3382/3382 3375/3375 3351/3351
f 3382/3382 3351/3351 3383/3383
f 3382/3382 3383/3383 3384/3384
f 3385/3385 3380/3380 3382/3382
f 3380/3380 3385/3385 3341/3341
f 3386/3386 3341/3341 3387/3387
f 3341/3341 3386/3386 3388/3388
f 3341/3341 3388/3388 3389/3389
f 3341/3341 3389/3389 3390/3390
f 3390/3390 3389/3389 3391/3391
f 3391/3391 3389/3389 1209/1209
f 3392/3392 3393/3393 3389/3389
f 3393/3393 3392/3392 3394/3394
f 3395/3395 3396/3396 3397/3397
f 3395/3395 3397/3397 3398/3398
f 3399/3399 1553/1553 3398/3398
f 3399/3399 3398/3398 3400/3400
f 3401/3401 3402/3402 3403/3403
f 3401/3401 3403/3403 3404/3404
f 3403/3403 3402/3402 3405/3405
f 3405/3405 3402/3402 3406/3406
f 3403/3403 3405/3405 3407/3407
f 3407/3407 3405/3405 3408/3408
f 3409/3409 3410/3410 3405/3405
f 3410/3410 3409/3409 3411/3411
f 3412/3412 3407/3407 714/714
f 3412/3412 714/714 3413/3413
f 3414/3414 3408/3408 3415/3415
f 3408/3408 3414/3414 3416/3416
f 3416/3416 3414/3414 3417/3417
f 3418/3418 3419/3419 3414/3414
f 3420/3420 3421/3421 3422/3422
f 3420/3420 3422/3422 1212/1212
f 3420/3420 1212/1212 3423/3423
f 3420/3420 3423/3423 3424/3424
f 3425/3425 3426/3426 3420/3420
f 3426/3426 3425/3425 3427/3427
f 3426/3426 3427/3427 3428/3428
f 3426/3426 3428/3428 3429/3429
f 3430/3430 3426/3426 3431/3431
f 3430/3430 3431/3431 3432/3432
f 3433/3433 3434/3434 3432/3432
f 3433/3433 3432/3432 3435/3435
f 3436/3436 3437/3437 3435/3435
f 3436/3436 3435/3435 3438/3438
f 3439/3439 3438/3438 1199/1199
f 3438/3438 3439/3439 1206/1206
f 3440/3440 1206/1206 3441/3441
f 1206/1206 3440/3440 3442/3442
f 3443/3443 1212/1212 3434/3434
f 1212/1212 3443/3443 3444/3444
f 3445/3445 3446/3446 3447/3447
f 3445/3445 3447/3447 3448/3448
f 3445/3445 3448/3448 3449/3449
f 3449/3449 3448/3448 3450/3450
f 3451/3451 1702/1702 3449/3449
f 1702/1702 3451/3451 3452/3452
f 3453/3453 3454/3454 3452/3452
f 3453/3453 3452/3452 3455/3455
f 3456/3456 3455/3455 3450/3450
f 3450/3450 3455/3455 3457/3457
f 3458/3458 3459/3459 3445/3445
f 3458/3458 3445/3445 3460/3460
f 3461/3461 3462/3462 3460/3460
f 3460/3460 3462/3462 3463/3463
f 3464/3464 2842/2842 3465/3465
f 3464/3464 3465/3465 3466/3466
f 3465/3465 2842/2842 3467/3467
f 3467/3467 2842/2842 3468/3468
f 3465/3465 3467/3467 3469/3469
f 3469/3469 3467/3467 3470/3470
f 3471/3471 2870/2870 3467/3467
f 2870/2870 3471/3471 3472/3472
f 2870/2870 3472/3472 3473/3473
f 3473/3473 3472/3472 3474/3474
f 3475/3475 3476/3476 3474/3474
f 3475/3475 3474/3474 3477/3477
f 3478/3478 2830/2830 3465/3465
f 3478/3478 3465/3465 3479/3479
f 3480/3480 3479/3479 3470/3470
f 3479/3479 3480/3480 3481/3481
f 3479/3479 3481/3481 3482/3482
f 3482/3482 3481/3481 3483/3483
f 3484/3484 3470/3470 3485/3485
f 3470/3470 3484/3484 3486/3486
f 3487/3487 3488/3488 2830/2830
f 2830/2830 3488/3488 3489/3489
f 3490/3490 3488/3488 3491/3491
f 3490/3490 3491/3491 3492/3492
f 3492/3492 3491/3491 3493/3493
f 3492/3492 3493/3493 3494/3494
f 3495/3495 3496/3496 3491/3491
f 3491/3491 3496/3496 3497/3497
f 3498/3498 3499/3499 3497/3497
f 3498/3498 3497/3497 3500/3500
f 3501/3501 3500/3500 2815/2815
f 3500/3500 3501/3501 2820/2820
f 3502/3502 3503/3503 3504/3504
f 3502/3502 3504/3504 3505/3505
f 3506/3506 3507/3507 3504/3504
f 3507/3507 3506/3506 3508/3508
f 3509/3509 3508/3508 3510/3510
f 3509/3509 3510/3510 3511/3511
f 3512/3512 3513/3513 3504/3504
f 3504/3504 3513/3513 3514/3514
f 3515/3515 3516/3516 3504/3504
f 3516/3516 3515/3515 3517/3517
f 3518/3518 3519/3519 3515/3515
f 3519/3519 3518/3518 3520/3520
f 3521/3521 3522/3522 3520/3520
f 3523/3523 3524/3524 3519/3519
f 3519/3519 3524/3524 3525/3525
f 3519/3519 3525/3525 3526/3526
f 3526/3526 3525/3525 3527/3527
f 3528/3528 3529/3529 3524/3524
f 3530/3530 3513/3513 3531/3531
f 3530/3530 3531/3531 145/145
f 3530/3530 145/145 3532/3532
f 3530/3530 3532/3532 3533/3533
f 3534/3534 3535/3535 3536/3536
f 3534/3534 3536/3536 3537/3537
f 3538/3538 3539/3539 3537/3537
f 3538/3538 3537/3537 3540/3540
f 3541/3541 3542/3542 3540/3540
f 3541/3541 3540/3540 3543/3543
f 3544/3544 3541/3541 3545/3545
f 3544/3544 3545/3545 3546/3546
f 3546/3546 3545/3545 3547/3547
f 3547/3547 3545/3545 3548/3548
f 3546/3546 3547/3547 3549/3549
f 3546/3546 3549/3549 3550/3550
f 3549/3549 3547/3547 3551/3551
f 3549/3549 3551/3551 3552/3552
f 3553/3553 3554/3554 3551/3551
f 3554/3554 3553/3553 3555/3555
f 3556/3556 3555/3555 3543/3543
f 3555/3555 3556/3556 3557/3557
f 3558/3558 3559/3559 3556/3556
f 3559/3559 3558/3558 3536/3536
f 3560/3560 3534/3534 3558/3558
f 3534/3534 3560/3560 3561/3561
f 3562/3562 3563/3563 3534/3534
f 3563/3563 3562/3562 3564/3564
f 3565/3565 3566/3566 3563/3563
f 3566/3566 3565/3565 3567/3567
f 3568/3568 3566/3566 3535/3535
f 3568/3568 3535/3535 3569/3569
f 3570/3570 3571/3571 3535/3535
f 3570/3570 3535/3535 3572/3572
f 3573/3573 3574/3574 3570/3570
f 3574/3574 3573/3573 3567/3567
f 3575/3575 3576/3576 3567/3567
f 3575/3575 3567/3567 3577/3577
f 3578/3578 3579/3579 3567/3567
f 3578/3578 3567/3567 3580/3580
f 3581/3581 3580/3580 3563/3563
f 3580/3580 3581/3581 3582/3582
f 3583/3583 3575/3575 3579/3579
f 3575/3575 3583/3583 3584/3584
f 3584/3584 3583/3583 3585/3585
f 3583/3583 3579/3579 3586/3586
f 3586/3586 3579/3579 3587/3587
f 3587/3587 3579/3579 3588/3588
f 3589/3589 3590/3590 3587/3587
f 3590/3590 3589/3589 3591/3591
f 3589/3589 3587/3587 3592/3592
f 3589/3589 3592/3592 3593/3593
f 3592/3592 3587/3587 3594/3594
f 3594/3594 3587/3587 3595/3595
f 3596/3596 3597/3597 3595/3595
f 3596/3596 3595/3595 3598/3598
f 3599/3599 3600/3600 3589/3589
f 3600/3600 3599/3599 3601/3601
f 3602/3602 3600/3600 3591/3591
f 3591/3591 3600/3600 3603/3603
f 3604/3604 3605/3605 3600/3600
f 3605/3605 3604/3604 3606/3606
f 3607/3607 3608/3608 3603/3603
f 3603/3603 3608/3608 3609/3609
f 3609/3609 3608/3608 3610/3610
f 3610/3610 3608/3608 3611/3611
f 3609/3609 3610/3610 3612/3612
f 3609/3609 3612/3612 3613/3613
f 3614/3614 3612/3612 3615/3615
f 3614/3614 3615/3615 3583/3583
f 3616/3616 3617/3617 3583/3583
f 3617/3617 3616/3616 3618/3618
f 3619/3619 3609/3609 3617/3617
f 3609/3609 3619/3619 3620/3620
f 3621/3621 3620/3620 3622/3622
f 3620/3620 3621/3621 3607/3607
f 3623/3623 3608/3608 3607/3607
f 3623/3623 3607/3607 3624/3624
f 3624/3624 3607/3607 3625/3625
f 3625/3625 3607/3607 3626/3626
f 3627/3627 3628/3628 3626/3626
f 3628/3628 3627/3627 3629/3629
f 3630/3630 3631/3631 3624/3624
f 3630/3630 3624/3624 3632/3632
f 3633/3633 3623/3623 3630/3630
f 3633/3633 3630/3630 3634/3634
f 3635/3635 3634/3634 3636/3636
f 3634/3634 3635/3635 3637/3637
f 3638/3638 3635/3635 3639/3639
f 3635/3635 3638/3638 3640/3640
f 3635/3635 3640/3640 3641/3641
f 3641/3641 3640/3640 3642/3642
f 3643/3643 3644/3644 3640/3640
f 3643/3643 3640/3640 3645/3645
f 3645/3645 3640/3640 3632/3632
f 3645/3645 3632/3632 3646/3646
f 3645/3645 3646/3646 3647/3647
f 3645/3645 3647/3647 3648/3648
f 3649/3649 3632/3632 3650/3650
f 3649/3649 3650/3650 3651/3651
f 3652/3652 3653/3653 3641/3641
f 3653/3653 3652/3652 3654/3654
f 3655/3655 3656/3656 3653/3653
f 3655/3655 3653/3653 3657/3657
f 3658/3658 3659/3659 3655/3655
f 3658/3658 3655/3655 3660/3660
f 3661/3661 3662/3662 3660/3660
f 3663/3663 3664/3664 3661/3661
f 3665/3665 3655/3655 3666/3666
f 3665/3665 3666/3666 3667/3667
f 3668/3668 3655/3655 3669/3669
f 3668/3668 3669/3669 3670/3670
f 3668/3668 3670/3670 3634/3634
f 3634/3634 3670/3670 3671/3671
f 3634/3634 3671/3671 3672/3672
f 3672/3672 3671/3671 3673/3673
f 3674/3674 3672/3672 3675/3675
f 3674/3674 3675/3675 3676/3676
f 3677/3677 3678/3678 3673/3673
f 3677/3677 3673/3673 3679/3679
f 3680/3680 3679/3679 3610/3610
f 3610/3610 3679/3679 3681/3681
f 3682/3682 3683/3683 3681/3681
f 3682/3682 3681/3681 3684/3684
f 3685/3685 3686/3686 3684/3684
f 3685/3685 3684/3684 3687/3687
f 3688/3688 3615/3615 3687/3687
f 3688/3688 3687/3687 3689/3689
f 3690/3690 3584/3584 3689/3689
f 3690/3690 3689/3689 3691/3691
f 3692/3692 3691/3691 3693/3693
f 3691/3691 3692/3692 3694/3694
f 3694/3694 3692/3692 3574/3574
f 3574/3574 3692/3692 3695/3695
f 3696/3696 3688/3688 3694/3694
f 3696/3696 3694/3694 3697/3697
f 3698/3698 3699/3699 3693/3693
f 3698/3698 3693/3693 3700/3700
f 3701/3701 3700/3700 3702/3702
f 3700/3700 3701/3701 3703/3703
f 3704/3704 3701/3701 3705/3705
f 3701/3701 3704/3704 3706/3706
f 3707/3707 3706/3706 3695/3695
f 3695/3695 3706/3706 3708/3708
f 3709/3709 3708/3708 3536/3536
f 3536/3536 3708/3708 3710/3710
f 3711/3711 3712/3712 3710/3710
f 3711/3711 3710/3710 3713/3713
f 3714/3714 3555/3555 3711/3711
f 3555/3555 3714/3714 3715/3715
f 3716/3716 3717/3717 3715/3715
f 3716/3716 3715/3715 3718/3718
f 3716/3716 3718/3718 3719/3719
f 3716/3716 3719/3719 3720/3720
f 3721/3721 3716/3716 3722/3722
f 3721/3721 3722/3722 3723/3723
f 3724/3724 3718/3718 3725/3725
f 3718/3718 3724/3724 3726/3726
f 3727/3727 3716/3716 3728/3728
f 3727/3727 3728/3728 3729/3729
f 3730/3730 3731/3731 3732/3732
f 3730/3730 3732/3732 3733/3733
f 3734/3734 3254/3254 3730/3730
f 3735/3735 3736/3736 3732/3732
f 3737/3737 3738/3738 3739/3739
f 3737/3737 3739/3739 3740/3740
f 3741/3741 3742/3742 3740/3740
f 3742/3742 3741/3741 3743/3743
f 3742/3742 3743/3743 3744/3744
f 3742/3742 3744/3744 3745/3745
f 3746/3746 3747/3747 3744/3744
f 3747/3747 3746/3746 3748/3748
f 3749/3749 3750/3750 3747/3747
f 3750/3750 3749/3749 3751/3751
f 3752/3752 3751/3751 3748/3748
f 3752/3752 3748/3748 3753/3753
f 3754/3754 3752/3752 3755/3755
f 3752/3752 3754/3754 3756/3756
f 3757/3757 3748/3748 3743/3743
f 3757/3757 3743/3743 3741/3741
f 3757/3757 3741/3741 3738/3738
f 3757/3757 3738/3738 3758/3758
f 3759/3759 3738/3738 3760/3760
f 3759/3759 3760/3760 3761/3761
f 3762/3762 3763/3763 923/923
f 3762/3762 923/923 889/889
f 3764/3764 3765/3765 3766/3766
f 3764/3764 3766/3766 3767/3767
f 3768/3768 3766/3766 3769/3769
f 3768/3768 3769/3769 3770/3770
f 3771/3771 3769/3769 2806/2806
f 3771/3771 2806/2806 3772/3772
f 3772/3772 2806/2806 3773/3773
f 3772/3772 3773/3773 3774/3774
f 3775/3775 3773/3773 3776/3776
f 3775/3775 3776/3776 3777/3777
f 3776/3776 3773/3773 3778/3778
f 3776/3776 3778/3778 3779/3779
f 3776/3776 3779/3779 3780/3780
f 3776/3776 3780/3780 3781/3781
f 3781/3781 3780/3780 3782/3782
f 3780/3780 3779/3779 3783/3783
f 3784/3784 3785/3785 3779/3779
f 3784/3784 3779/3779 3786/3786
f 3786/3786 3779/3779 3787/3787
f 3786/3786 3787/3787 3788/3788
f 3784/3784 3786/3786 3789/3789
f 3784/3784 3789/3789 3790/3790
f 3789/3789 3786/3786 3791/3791
f 3791/3791 3786/3786 3792/3792
f 3793/3793 3781/3781 3794/3794
f 3781/3781 3793/3793 3795/3795
f 3796/3796 3797/3797 3781/3781
f 3797/3797 3796/3796 3798/3798
f 3799/3799 3800/3800 3797/3797
f 3800/3800 3799/3799 3801/3801
f 3802/3802 3770/3770 3800/3800
f 3770/3770 3802/3802 3803/3803
f 3804/3804 3805/3805 3803/3803
f 3804/3804 3803/3803 3806/3806
f 3807/3807 3767/3767 3806/3806
f 3807/3807 3806/3806 3808/3808
f 3809/3809 3810/3810 3811/3811
f 3810/3810 3809/3809 3812/3812
f 3812/3812 3809/3809 3813/3813
f 3809/3809 3811/3811 3814/3814
f 3815/3815 3816/3816 3811/3811
f 3816/3816 3815/3815 3817/3817
f 3818/3818 3815/3815 3819/3819
f 3815/3815 3818/3818 3820/3820
f 3821/3821 3817/3817 3818/3818
f 3817/3817 3821/3821 3822/3822
f 3821/3821 3818/3818 3823/3823
f 3821/3821 3823/3823 3824/3824
f 3821/3821 3824/3824 3825/3825
f 3825/3825 3824/3824 3826/3826
f 3827/3827 3826/3826 3828/3828
f 3829/3829 3827/3827 3822/3822
f 3822/3822 3827/3827 3830/3830
f 3831/3831 3830/3830 3832/3832
f 3831/3831 3832/3832 3833/3833
f 3834/3834 3835/3835 3832/3832
f 3836/3836 3837/3837 3834/3834
f 3838/3838 3839/3839 3818/3818
f 3838/3838 3818/3818 3840/3840
f 3841/3841 3838/3838 3842/3842
f 3838/3838 3841/3841 3843/3843
f 3844/3844 3838/3838 3845/3845
f 3844/3844 3845/3845 3846/3846
f 3847/3847 3840/3840 3845/3845
f 3845/3845 3840/3840 3848/3848
f 3849/3849 3845/3845 3850/3850
f 3845/3845 3849/3849 3851/3851
f 3851/3851 3849/3849 3852/3852
f 3849/3849 3850/3850 3853/3853
f 3849/3849 3853/3853 3854/3854
f 3854/3854 3853/3853 3855/3855
f 3856/3856 3857/3857 3852/3852
f 3857/3857 3856/3856 3858/3858
f 3859/3859 3860/3860 3857/3857
f 3860/3860 3859/3859 3861/3861
f 3862/3862 3861/3861 3863/3863
f 3861/3861 3862/3862 3864/3864
f 3865/3865 3864/3864 3866/3866
f 3865/3865 3866/3866 3844/3844
f 3867/3867 3868/3868 3858/3858
f 3867/3867 3858/3858 3869/3869
f 3870/3870 3871/3871 3864/3864
f 3870/3870 3864/3864 3872/3872
f 3873/3873 3874/3874 3870/3870
f 3874/3874 3873/3873 3875/3875
f 3876/3876 3877/3877 3875/3875
f 3878/3878 3879/3879 3871/3871
f 3879/3879 3878/3878 3880/3880
f 3880/3880 3878/3878 3881/3881
f 3880/3880 3881/3881 3882/3882
f 3883/3883 3884/3884 3872/3872
f 3883/3883 3872/3872 3885/3885
f 3885/3885 3872/3872 3886/3886
f 3885/3885 3886/3886 3887/3887
f 3888/3888 3884/3884 3889/3889
f 3890/3890 3891/3891 3892/3892
f 3890/3890 3892/3892 3893/3893
f 3890/3890 3893/3893 3894/3894
f 3894/3894 3893/3893 3895/3895
f 3894/3894 3895/3895 3896/3896
f 3896/3896 3895/3895 3897/3897
f 3898/3898 3899/3899 3895/3895
f 3898/3898 3895/3895 3900/3900
f 3901/3901 3897/3897 3898/3898
f 3897/3897 3901/3901 3902/3902
f 3897/3897 3902/3902 3903/3903
f 3903/3903 3902/3902 3904/3904
f 3904/3904 3902/3902 3905/3905
f 3906/3906 3907/3907 3905/3905
f 3905/3905 3907/3907 3908/3908
f 3909/3909 3908/3908 3910/3910
f 3908/3908 3909/3909 3911/3911
f 3912/3912 3909/3909 3913/3913
f 3912/3912 3913/3913 3914/3914
f 3915/3915 3916/3916 3914/3914
f 3916/3916 3915/3915 3917/3917
f 3918/3918 3916/3916 3919/3919
f 3918/3918 3919/3919 3920/3920
f 3921/3921 3918/3918 3922/3922
f 3918/3918 3921/3921 3923/3923
f 3924/3924 3925/3925 3919/3919
f 3924/3924 3919/3919 3926/3926
f 3927/3927 829/829 3928/3928
f 3927/3927 3928/3928 816/816
f 3929/3929 3930/3930 3931/3931
f 3929/3929 3931/3931 3932/3932
f 3929/3929 3932/3932 3933/3933
f 3933/3933 3932/3932 3934/3934
f 3932/3932 3931/3931 3935/3935
f 3935/3935 3931/3931 3936/3936
f 3931/3931 3930/3930 3937/3937
f 3937/3937 3075/3075 3936/3936
f 3937/3937 3936/3936 3938/3938
f 3937/3937 3930/3930 3939/3939
f 3937/3937 3939/3939 3940/3940
f 3940/3940 3939/3939 3941/3941
f 3942/3942 3943/3943 3940/3940
f 3942/3942 3940/3940 3944/3944
f 3945/3945 3944/3944 3946/3946
f 3944/3944 3945/3945 3947/3947
f 3947/3947 3945/3945 3948/3948
f 3947/3947 3948/3948 3069/3069
f 3948/3948 3945/3945 3949/3949
f 3948/3948 3949/3949 3950/3950
f 3948/3948 3950/3950 3951/3951
f 3951/3951 3950/3950 3952/3952
f 3953/3953 3950/3950 3954/3954
f 3953/3953 3954/3954 3955/3955
f 3956/3956 3957/3957 3952/3952
f 3958/3958 3959/3959 3956/3956
f 3958/3958 3956/3956 3960/3960
f 3961/3961 3962/3962 3951/3951
f 3963/3963 3951/3951 3964/3964
f 3951/3951 3963/3963 3965/3965
f 3951/3951 3965/3965 3966/3966
f 3967/3967 3070/3070 3965/3965
f 3967/3967 3965/3965 3968/3968
f 3969/3969 3967/3967 3963/3963
f 3970/3970 3971/3971 146/146
f 3970/3970 146/146 3972/3972
f 3973/3973 3974/3974 3975/3975
f 3973/3973 3975/3975 3976/3976
f 3976/3976 3975/3975 3977/3977
f 3976/3976 3977/3977 3978/3978
f 3979/3979 3977/3977 3980/3980
f 3979/3979 3980/3980 3981/3981
f 3982/3982 2182/2182 3980/3980
f 3980/3980 2182/2182 3983/3983
f 3984/3984 3980/3980 3985/3985
f 3984/3984 3985/3985 3986/3986
f 3987/3987 3985/3985 3988/3988
f 3987/3987 3988/3988 3989/3989
f 3990/3990 3991/3991 3989/3989
f 3990/3990 3989/3989 3992/3992
f 3993/3993 3994/3994 2182/2182
f 3994/3994 3993/3993 3975/3975
f 3994/3994 3975/3975 3995/3995
f 3995/3995 3975/3975 3996/3996
f 3997/3997 3998/3998 3995/3995
f 3997/3997 3995/3995 3999/3999
f 3999/3999 3995/3995 4000/4000
f 3999/3999 4000/4000 4001/4001
f 4002/4002 2151/2151 4000/4000
f 2151/2151 4002/4002 4003/4003
f 2151/2151 4003/4003 4004/4004
f 4003/4003 4002/4002 4005/4005
f 4005/4005 4002/4002 4006/4006
f 4006/4006 4002/4002 3974/3974
f 4006/4006 3974/3974 4007/4007
f 4008/4008 4009/4009 3974/3974
f 4008/4008 3974/3974 4010/4010
f 4011/4011 4003/4003 4012/4012
f 4003/4003 4011/4011 4013/4013
f 4003/4003 4013/4013 4004/4004
f 4004/4004 4013/4013 4014/4014
f 4014/4014 4013/4013 4015/4015
f 4016/4016 4013/4013 4017/4017
f 4013/4013 4016/4016 4018/4018
f 4019/4019 4014/4014 4018/4018
f 4019/4019 4018/4018 4020/4020
f 4021/4021 4018/4018 4022/4022
f 4018/4018 4021/4021 4023/4023
f 4024/4024 4025/4025 4014/4014
f 4025/4025 4024/4024 4026/4026
f 4027/4027 4028/4028 4024/4024
f 4029/4029 4030/4030 4027/4027
f 4031/4031 4032/4032 4033/4033
f 4031/4031 4033/4033 4034/4034
f 4035/4035 3701/3701 4036/4036
f 4035/4035 4036/4036 4037/4037
f 4038/4038 3701/3701 4039/4039
f 4038/4038 4039/4039 3713/3713
f 4040/4040 4041/4041 1967/1967
f 4040/4040 1967/1967 4042/4042
f 4041/4041 4040/4040 4043/4043
f 4043/4043 4040/4040 4044/4044
f 4045/4045 1925/1925 4040/4040
f 1925/1925 4045/4045 4046/4046
f 4047/4047 4048/4048 4044/4044
f 4044/4044 4048/4048 4049/4049
f 4050/4050 1926/1926 4048/4048
f 1926/1926 4050/4050 4051/4051
f 4052/4052 4051/4051 1943/1943
f 4051/4051 4052/4052 4053/4053
f 4054/4054 4055/4055 4056/4056
f 4054/4054 4056/4056 4057/4057
f 4058/4058 4059/4059 4057/4057
f 4058/4058 4057/4057 4060/4060
f 4061/4061 4062/4062 4057/4057
f 4061/4061 4057/4057 4063/4063
f 4063/4063 4055/4055 2322/2322
f 4063/4063 2322/2322 4064/4064
f 4063/4063 4064/4064 4061/4061
f 4061/4061 4064/4064 4065/4065
f 4066/4066 4060/4060 4061/4061
f 4060/4060 4066/4066 4067/4067
f 4060/4060 4067/4067 4068/4068
f 4060/4060 4068/4068 4069/4069
f 4068/4068 4067/4067 4070/4070
f 4070/4070 4067/4067 4071/4071
f 4072/4072 4073/4073 4065/4065
f 4072/4072 4065/4065 4074/4074
f 4075/4075 2353/2353 4065/4065
f 4075/4075 4065/4065 4076/4076
f 4076/4076 4065/4065 4077/4077
f 4076/4076 4077/4077 4078/4078
f 4079/4079 4080/4080 1432/1432
f 4079/4079 1432/1432 4081/4081
f 4082/4082 4079/4079 4083/4083
f 4079/4079 4082/4082 4084/4084
f 4079/4079 4084/4084 1468/1468
f 1468/1468 4084/4084 4085/4085
f 4086/4086 1468/1468 4080/4080
f 4080/4080 1468/1468 4087/4087
f 4088/4088 4089/4089 4083/4083
f 4088/4088 4083/4083 4090/4090
f 4088/4088 4090/4090 4091/4091
f 4091/4091 4090/4090 4092/4092
f 4093/4093 4094/4094 4090/4090
f 4094/4094 4093/4093 4095/4095
f 4096/4096 1433/1433 4094/4094
f 4094/4094 1433/1433 4097/4097
f 4098/4098 4099/4099 4100/4100
f 4101/4101 4102/4102 4099/4099
f 4101/4101 4099/4099 3508/3508
f 4101/4101 3508/3508 4103/4103
f 4104/4104 3508/3508 4098/4098
f 4098/4098 3508/3508 4105/4105
f 4106/4106 4107/4107 4108/4108
f 4106/4106 4108/4108 4109/4109
f 4107/4107 4106/4106 4110/4110
f 4107/4107 4110/4110 4111/4111
f 4112/4112 4113/4113 4110/4110
f 4113/4113 4112/4112 4114/4114
f 4115/4115 4107/4107 4113/4113
f 4107/4107 4115/4115 4116/4116
f 4117/4117 4118/4118 4115/4115
f 4118/4118 4117/4117 4119/4119
f 4115/4115 4118/4118 4120/4120
f 4120/4120 4118/4118 4121/4121
f 4122/4122 4120/4120 4123/4123
f 4122/4122 4123/4123 4124/4124
f 4125/4125 1933/1933 4114/4114
f 4125/4125 4114/4114 4126/4126
f 4127/4127 4114/4114 4128/4128
f 4114/4114 4127/4127 4129/4129
f 4130/4130 4131/4131 4132/4132
f 4130/4130 4132/4132 4133/4133
f 4132/4132 4131/4131 4134/4134
f 4132/4132 4134/4134 2355/2355
f 4135/4135 4132/4132 4136/4136
f 4135/4135 4136/4136 4137/4137
f 4138/4138 4139/4139 4140/4140
f 4138/4138 4140/4140 4141/4141
f 4140/4140 4139/4139 4142/4142
f 4140/4140 4142/4142 4143/4143
f 4140/4140 4143/4143 4144/4144
f 4144/4144 4143/4143 4145/4145
f 4146/4146 4147/4147 4145/4145
f 4147/4147 4146/4146 4148/4148
f 4148/4148 4146/4146 4142/4142
f 4147/4147 4148/4148 4149/4149
f 4147/4147 4149/4149 4150/4150
f 4148/4148 4142/4142 4151/4151
f 4152/4152 4142/4142 4139/4139
f 4142/4142 4152/4152 4153/4153
f 4153/4153 4152/4152 4154/4154
f 4154/4154 4152/4152 4155/4155
f 4154/4154 4155/4155 4156/4156
f 4154/4154 4156/4156 4157/4157
f 4154/4154 4157/4157 4158/4158
f 4159/4159 4160/4160 4153/4153
f 4159/4159 4153/4153 4161/4161
f 4162/4162 4139/4139 4163/4163
f 4139/4139 4162/4162 4164/4164
f 4165/4165 4152/4152 4139/4139
f 4166/4166 4152/4152 4164/4164
f 4166/4166 4164/4164 4167/4167
f 4168/4168 4156/4156 4166/4166
f 4156/4156 4168/4168 4169/4169
f 4170/4170 4168/4168 4171/4171
f 4168/4168 4170/4170 1305/1305
f 4172/4172 4173/4173 4165/4165
f 4172/4172 4165/4165 4174/4174
f 4175/4175 1304/1304 4172/4172
f 1304/1304 4175/4175 4176/4176
f 4177/4177 4175/4175 4178/4178
f 4177/4177 4178/4178 4179/4179
f 4179/4179 4178/4178 4180/4180
f 4179/4179 4180/4180 4181/4181
f 4182/4182 4174/4174 4180/4180
f 4180/4180 4174/4174 4138/4138
f 4183/4183 4184/4184 4138/4138
f 4183/4183 4138/4138 4185/4185
f 4183/4183 4185/4185 4186/4186
f 4186/4186 4185/4185 4187/4187
f 4188/4188 4189/4189 4187/4187
f 4189/4189 4188/4188 4140/4140
f 4190/4190 4183/4183 4191/4191
f 4190/4190 4191/4191 4192/4192
f 4193/4193 4194/4194 4190/4190
f 4194/4194 4193/4193 4195/4195
f 4196/4196 1897/1897 4197/4197
f 4196/4196 4197/4197 4198/4198
f 4199/4199 4200/4200 4196/4196
f 4200/4200 4199/4199 4201/4201
f 4201/4201 4199/4199 4202/4202
f 4201/4201 4202/4202 4203/4203
f 4201/4201 4203/4203 1895/1895
f 4202/4202 4199/4199 4204/4204
f 4205/4205 4199/4199 4206/4206
f 4205/4205 4206/4206 4207/4207
f 4208/4208 4199/4199 4209/4209
f 4208/4208 4209/4209 4198/4198
f 4210/4210 4211/4211 4198/4198
f 4210/4210 4198/4198 4212/4212
f 4210/4210 4212/4212 4213/4213
f 4213/4213 4212/4212 4214/4214
f 4215/4215 4213/4213 4216/4216
f 4213/4213 4215/4215 4217/4217
f 4218/4218 4219/4219 4214/4214
f 4219/4219 4218/4218 4220/4220
f 4221/4221 4222/4222 4220/4220
f 4221/4221 4220/4220 4223/4223
f 4223/4223 4220/4220 4224/4224
f 4224/4224 4220/4220 4225/4225
f 4226/4226 4220/4220 4227/4227
f 4226/4226 4227/4227 4228/4228
f 4229/4229 4230/4230 4231/4231
f 4229/4229 4231/4231 4232/4232
f 4233/4233 4231/4231 4234/4234
f 4233/4233 4234/4234 4235/4235
f 4236/4236 4234/4234 4237/4237
f 4236/4236 4237/4237 4238/4238
f 4239/4239 4236/4236 4240/4240
f 4236/4236 4239/4239 4241/4241
f 4242/4242 4239/4239 4243/4243
f 4239/4239 4242/4242 3301/3301
f 4244/4244 4245/4245 4230/4230
f 4244/4244 4230/4230 4246/4246
f 4247/4247 4236/4236 4248/4248
f 4236/4236 4247/4247 4249/4249
f 4249/4249 4247/4247 4250/4250
f 4247/4247 4248/4248 4251/4251
f 4252/4252 4251/4251 4253/4253
f 4251/4251 4252/4252 4254/4254
f 4255/4255 4254/4254 4256/4256
f 4255/4255 4256/4256 4257/4257
f 4255/4255 4257/4257 3285/3285
f 4255/4255 3285/3285 4258/4258
f 3285/3285 4257/4257 4259/4259
f 4259/4259 4257/4257 4260/4260
f 4261/4261 4262/4262 4260/4260
f 4261/4261 4260/4260 4263/4263
f 4264/4264 4260/4260 4265/4265
f 4260/4260 4264/4264 3284/3284
f 4266/4266 4267/4267 4260/4260
f 4267/4267 4266/4266 4268/4268
f 4269/4269 4267/4267 4270/4270
f 4269/4269 4270/4270 4271/4271
f 4272/4272 4273/4273 4270/4270
f 4273/4273 4272/4272 4274/4274
f 4275/4275 4269/4269 4276/4276
f 4275/4275 4276/4276 4277/4277
f 4269/4269 4275/4275 4278/4278
f 4278/4278 4275/4275 4279/4279
f 4279/4279 4275/4275 4280/4280
f 4280/4280 4275/4275 4281/4281
f 4280/4280 4281/4281 4282/4282
f 4279/4279 4280/4280 4283/4283
f 4283/4283 4280/4280 4284/4284
f 4283/4283 4284/4284 4285/4285
f 4285/4285 4284/4284 1096/1096
f 4285/4285 1096/1096 4286/4286
f 4287/4287 4286/4286 4288/4288
f 4286/4286 4287/4287 3235/3235
f 4286/4286 3235/3235 4289/4289
f 4289/4289 3235/3235 4290/4290
f 4291/4291 4290/4290 4283/4283
f 4283/4283 4290/4290 3230/3230
f 4283/4283 3230/3230 4279/4279
f 4279/4279 3230/3230 4292/4292
f 4279/4279 4292/4292 4278/4278
f 4278/4278 4292/4292 4264/4264
f 4293/4293 4294/4294 1249/1249
f 1249/1249 4294/4294 4295/4295
f 4296/4296 4297/4297 4294/4294
f 4297/4297 4296/4296 4298/4298
f 4299/4299 4298/4298 4300/4300
f 4301/4301 4302/4302 4298/4298
f 4303/4303 4304/4304 4301/4301
f 4305/4305 1260/1260 4301/4301
f 4305/4305 4301/4301 4306/4306
f 4307/4307 4293/4293 4308/4308
f 4307/4307 4308/4308 4309/4309
f 4310/4310 4311/4311 4312/4312
f 4310/4310 4312/4312 3428/3428
f 4313/4313 4314/4314 4312/4312
f 4314/4314 4313/4313 4315/4315
f 4316/4316 4317/4317 4314/4314
f 4318/4318 4311/4311 3427/3427
f 4318/4318 3427/3427 4319/4319
f 4320/4320 4321/4321 4319/4319
f 4321/4321 4320/4320 4322/4322
f 4323/4323 4324/4324 4322/4322
f 4323/4323 4322/4322 4325/4325
f 4326/4326 4327/4327 4323/4323
f 4326/4326 4323/4323 4328/4328
f 4329/4329 4330/4330 4328/4328
f 4329/4329 4328/4328 4331/4331
f 4332/4332 4329/4329 4333/4333
f 4332/4332 4333/4333 4334/4334
f 4333/4333 4319/4319 3420/3420
f 4319/4319 4333/4333 4335/4335
f 4336/4336 4337/4337 4331/4331
f 4331/4331 4337/4337 4338/4338
f 4338/4338 4337/4337 4339/4339
f 4339/4339 4337/4337 4315/4315
f 4340/4340 4336/4336 4341/4341
f 4342/4342 4343/4343 4344/4344
f 4342/4342 4344/4344 4345/4345
f 4343/4343 4342/4342 4346/4346
f 4346/4346 4342/4342 4347/4347
f 4346/4346 4347/4347 4348/4348
f 4346/4346 4348/4348 1854/1854
f 4349/4349 4343/4343 4350/4350
f 4343/4343 4349/4349 4351/4351
f 4352/4352 4353/4353 462/462
f 462/462 4353/4353 4354/4354
f 4355/4355 4356/4356 4353/4353
f 4356/4356 4355/4355 4357/4357
f 4358/4358 4357/4357 4359/4359
f 4358/4358 4359/4359 4360/4360
f 4361/4361 4359/4359 4362/4362
f 4361/4361 4362/4362 4363/4363
f 4364/4364 4362/4362 4354/4354
f 4364/4364 4354/4354 4365/4365
f 4366/4366 4367/4367 4365/4365
f 4366/4366 4365/4365 4368/4368
f 4369/4369 456/456 4368/4368
f 4369/4369 4368/4368 4370/4370
f 4371/4371 447/447 4369/4369
f 447/447 4371/4371 4372/4372
f 4373/4373 4370/4370 4371/4371
f 4371/4371 4370/4370 4374/4374
f 4375/4375 4363/4363 453/453
f 4363/4363 4375/4375 4376/4376
f 4377/4377 4378/4378 4379/4379
f 4377/4377 4379/4379 4380/4380
f 4381/4381 4379/4379 4382/4382
f 4383/4383 4380/4380 4381/4381
f 4381/4381 4380/4380 4384/4384
f 4381/4381 4382/4382 4385/4385
f 4381/4381 4385/4385 2303/2303
f 2303/2303 4385/4385 4386/4386
f 4387/4387 4388/4388 4386/4386
f 4388/4388 4387/4387 4389/4389
f 4388/4388 4389/4389 4390/4390
f 4388/4388 4390/4390 2297/2297
f 4391/4391 4392/4392 4390/4390
f 4391/4391 4390/4390 4393/4393
f 4391/4391 4393/4393 4394/4394
f 4391/4391 4394/4394 4395/4395
f 4394/4394 4393/4393 4396/4396
f 4396/4396 4393/4393 4397/4397
f 4396/4396 4397/4397 4398/4398
f 4398/4398 4397/4397 4399/4399
f 4400/4400 4401/4401 4398/4398
f 4401/4401 4400/4400 4402/4402
f 4403/4403 4402/4402 4404/4404
f 4405/4405 2291/2291 4391/4391
f 2291/2291 4405/4405 4406/4406
f 4407/4407 4406/4406 2336/2336
f 4406/4406 4407/4407 4408/4408
f 4409/4409 4410/4410 4408/4408
f 4409/4409 4408/4408 4411/4411
f 4412/4412 4413/4413 4414/4414
f 4412/4412 4414/4414 4415/4415
f 4416/4416 4415/4415 4417/4417
f 4415/4415 4416/4416 4418/4418
f 4419/4419 4412/4412 4418/4418
f 4418/4418 4412/4412 4420/4420
f 4421/4421 4420/4420 4414/4414
f 4420/4420 4421/4421 4422/4422
f 4423/4423 4424/4424 4412/4412
f 4424/4424 4423/4423 4425/4425
f 4426/4426 4413/4413 4425/4425
f 4426/4426 4425/4425 4427/4427
f 4413/4413 4426/4426 4428/4428
f 4429/4429 4424/4424 4428/4428
f 4429/4429 4428/4428 4430/4430
f 4431/4431 4432/4432 4430/4430
f 4431/4431 4430/4430 4433/4433
f 4434/4434 4435/4435 4433/4433
f 4434/4434 4433/4433 4436/4436
f 4437/4437 4438/4438 4436/4436
f 4437/4437 4436/4436 4439/4439
f 4440/4440 4439/4439 3900/3900
f 3900/3900 4439/4439 4441/4441
f 3900/3900 4441/4441 4442/4442
f 4442/4442 4441/4441 4443/4443
f 4444/4444 3898/3898 4443/4443
f 4444/4444 4443/4443 4445/4445
f 4446/4446 3901/3901 4445/4445
f 4446/4446 4445/4445 4447/4447
f 4448/4448 4449/4449 4446/4446
f 4448/4448 4446/4446 3905/3905
f 4450/4450 3905/3905 4451/4451
f 3905/3905 4450/4450 4452/4452
f 4453/4453 4450/4450 4454/4454
f 4453/4453 4454/4454 4455/4455
f 4455/4455 4454/4454 4456/4456
f 4455/4455 4456/4456 4457/4457
f 4458/4458 4456/4456 4459/4459
f 4458/4458 4459/4459 4460/4460
f 4461/4461 4462/4462 4447/4447
f 4461/4461 4447/4447 4463/4463
f 4464/4464 4463/4463 4465/4465
f 4463/4463 4464/4464 4466/4466
f 4467/4467 4464/4464 4468/4468
f 4464/4464 4467/4467 4469/4469
f 4470/4470 4464/4464 4471/4471
f 4470/4470 4471/4471 4472/4472
f 4473/4473 4474/4474 2528/2528
f 2528/2528 4474/4474 4475/4475
f 2528/2528 4475/4475 4476/4476
f 4476/4476 4475/4475 4477/4477
f 2528/2528 4476/4476 4478/4478
f 4478/4478 4476/4476 4479/4479
f 4476/4476 4477/4477 4480/4480
f 4480/4480 4477/4477 4481/4481
f 4482/4482 4483/4483 4480/4480
f 4482/4482 4480/4480 4484/4484
f 4485/4485 4486/4486 4484/4484
f 4486/4486 4485/4485 4487/4487
f 4487/4487 2524/2524 4478/4478
f 4487/4487 4478/4478 4488/4488
f 4489/4489 4480/4480 4490/4490
f 4489/4489 4490/4490 4491/4491
f 4492/4492 4480/4480 4493/4493
f 4492/4492 4493/4493 4494/4494
f 4495/4495 4496/4496 4492/4492
f 4495/4495 4492/4492 4497/4497
f 4498/4498 2509/2509 4495/4495
f 4495/4495 2509/2509 4499/4499
f 4499/4499 2509/2509 2523/2523
f 4499/4499 2523/2523 4500/4500
f 4501/4501 4495/4495 4502/4502
f 4501/4501 4502/4502 4503/4503
f 4504/4504 4502/4502 4505/4505
f 4504/4504 4505/4505 4506/4506
f 4507/4507 4508/4508 4505/4505
f 4508/4508 4507/4507 4493/4493
f 4508/4508 4493/4493 4509/4509
f 4508/4508 4509/4509 4510/4510
f 4511/4511 4508/4508 4512/4512
f 4511/4511 4512/4512 4513/4513
f 4506/4506 4511/4511 2448/2448
f 4506/4506 2448/2448 4514/4514
f 4515/4515 4516/4516 2448/2448
f 4515/4515 2448/2448 4517/4517
f 4518/4518 4517/4517 4506/4506
f 4517/4517 4518/4518 4508/4508
f 4519/4519 4520/4520 4521/4521
f 4519/4519 4521/4521 4522/4522
f 4523/4523 4524/4524 4519/4519
f 4524/4524 4523/4523 4525/4525
f 4526/4526 4523/4523 4527/4527
f 4526/4526 4527/4527 4528/4528
f 4529/4529 4530/4530 4528/4528
f 4529/4529 4528/4528 4531/4531
f 4532/4532 4531/4531 4533/4533
f 4532/4532 4533/4533 4534/4534
f 4535/4535 4536/4536 4533/4533
f 4536/4536 4535/4535 4537/4537
f 4538/4538 4534/4534 4539/4539
f 4534/4534 4538/4538 4540/4540
f 4541/4541 4529/4529 4538/4538
f 4541/4541 4538/4538 4542/4542
f 4541/4541 4542/4542 2982/2982
f 4541/4541 2982/2982 4543/4543
f 4544/4544 4542/4542 3021/3021
f 3021/3021 4542/4542 4545/4545
f 3021/3021 4545/4545 4546/4546
f 3021/3021 4546/4546 4547/4547
f 4548/4548 2116/2116 4549/4549
f 4548/4548 4549/4549 2123/2123
f 4550/4550 4551/4551 4552/4552
f 4550/4550 4552/4552 4553/4553
f 4554/4554 4555/4555 4552/4552
f 4555/4555 4554/4554 4556/4556
f 4557/4557 4558/4558 4553/4553
f 4557/4557 4553/4553 2589/2589
f 4559/4559 2589/2589 4560/4560
f 2589/2589 4559/4559 4561/4561
f 4562/4562 4563/4563 4564/4564
f 4562/4562 4564/4564 4565/4565
f 4566/4566 4563/4563 4567/4567
f 4568/4568 4569/4569 4570/4570
f 4568/4568 4570/4570 4571/4571
f 4572/4572 4570/4570 4573/4573
f 4572/4572 4573/4573 4574/4574
f 4575/4575 4576/4576 4574/4574
f 4576/4576 4575/4575 4577/4577
f 4578/4578 4575/4575 4570/4570
f 4578/4578 4570/4570 4579/4579
f 4580/4580 4578/4578 4569/4569
f 4580/4580 4569/4569 4581/4581
f 4582/4582 4581/4581 4583/4583
f 4581/4581 4582/4582 4584/4584
f 4585/4585 4586/4586 4578/4578
f 4586/4586 4585/4585 4587/4587
f 4588/4588 4586/4586 4577/4577
f 4588/4588 4577/4577 4589/4589
f 4590/4590 4586/4586 4591/4591
f 4590/4590 4591/4591 4592/4592
f 4593/4593 2478/2478 4570/4570
f 2478/2478 4593/4593 4594/4594
f 4595/4595 2478/2478 4596/4596
f 2478/2478 4595/4595 4597/4597
f 4598/4598 4599/4599 4600/4600
f 4598/4598 4600/4600 4601/4601
f 4602/4602 4603/4603 4604/4604
f 4602/4602 4604/4604 4605/4605
f 4606/4606 4607/4607 4604/4604
f 4606/4606 4604/4604 4608/4608
f 4609/4609 4610/4610 4604/4604
f 4609/4609 4604/4604 4611/4611
f 4609/4609 4611/4611 4612/4612
f 4610/4610 4609/4609 4613/4613
f 4614/4614 4613/4613 2944/2944
f 2944/2944 4613/4613 4615/4615
f 4615/4615 4613/4613 4616/4616
f 4616/4616 4613/4613 4617/4617
f 4618/4618 4616/4616 4619/4619
f 4616/4616 4618/4618 4620/4620
f 4621/4621 4606/4606 4622/4622
f 4621/4621 4622/4622 4623/4623
f 4623/4623 4622/4622 4624/4624
f 4624/4624 4622/4622 2929/2929
f 4624/4624 2929/2929 4625/4625
f 4624/4624 4625/4625 4626/4626
f 4627/4627 4624/4624 4628/4628
f 4627/4627 4628/4628 4629/4629
f 4630/4630 4631/4631 4628/4628
f 4630/4630 4628/4628 4632/4632
f 4633/4633 4621/4621 4634/4634
f 4633/4633 4634/4634 4635/4635
f 4636/4636 4637/4637 4635/4635
f 4637/4637 4636/4636 4638/4638
f 4639/4639 4640/4640 4633/4633
f 4640/4640 4639/4639 4641/4641
f 4642/4642 4643/4643 4633/4633
f 4643/4643 4642/4642 4644/4644
f 4645/4645 4646/4646 4647/4647
f 4645/4645 4647/4647 4648/4648
f 4649/4649 4648/4648 4650/4650
f 4648/4648 4649/4649 4651/4651
f 4652/4652 4645/4645 4653/4653
f 4654/4654 4655/4655 4645/4645
f 4656/4656 4645/4645 4657/4657
f 4645/4645 4656/4656 4658/4658
f 4659/4659 4660/4660 4661/4661
f 4659/4659 4661/4661 4662/4662
f 4663/4663 4664/4664 4665/4665
f 4663/4663 4665/4665 4666/4666
f 4667/4667 4668/4668 4663/4663
f 4668/4668 4667/4667 4669/4669
f 4670/4670 4671/4671 4669/4669
f 4669/4669 4671/4671 4672/4672
f 4673/4673 4674/4674 4671/4671
f 4675/4675 4671/4671 4399/4399
f 4399/4399 4671/4671 4676/4676
f 4677/4677 4678/4678 4676/4676
f 4679/4679 4680/4680 4673/4673
f 4681/4681 4682/4682 4679/4679
f 4681/4681 4679/4679 4683/4683
f 4384/4384 4683/4683 4663/4663
f 4683/4683 4384/4384 4684/4684
f 4685/4685 4684/4684 4686/4686
f 4684/4684 4685/4685 4687/4687
f 4687/4687 4685/4685 4688/4688
f 4689/4689 4679/4679 4687/4687
f 4690/4690 4691/4691 2806/2806
f 2806/2806 4691/4691 4692/4692
f 4693/4693 4694/4694 4695/4695
f 4696/4696 4697/4697 4698/4698
f 4699/4699 4700/4700 4701/4701
f 4699/4699 4701/4701 4702/4702
f 4703/4703 4704/4704 4705/4705
f 4703/4703 4705/4705 4706/4706
f 4705/4705 4704/4704 1407/1407
f 1407/1407 4704/4704 4707/4707
f 4708/4708 4709/4709 4707/4707
f 4708/4708 4707/4707 4710/4710
f 4711/4711 4710/4710 4704/4704
f 4704/4704 4710/4710 4712/4712
f 4713/4713 4714/4714 4710/4710
f 4713/4713 4710/4710 4715/4715
f 4716/4716 4715/4715 4704/4704
f 4715/4715 4716/4716 4717/4717
f 4718/4718 4715/4715 4719/4719
f 4715/4715 4718/4718 4720/4720
f 4721/4721 4722/4722 4705/4705
f 4722/4722 4721/4721 4723/4723
f 4723/4723 4721/4721 1405/1405
f 4723/4723 1405/1405 4724/4724
f 4725/4725 4726/4726 4724/4724
f 4725/4725 4724/4724 1409/1409
f 4727/4727 1417/1417 1409/1409
f 1409/1409 1417/1417 4728/4728
f 4729/4729 4730/4730 4731/4731
f 4729/4729 4731/4731 4732/4732
f 4730/4730 4729/4729 4733/4733
f 4730/4730 4733/4733 4734/4734
f 4730/4730 4734/4734 4735/4735
f 4730/4730 4735/4735 1599/1599
f 4730/4730 1599/1599 4731/4731
f 4731/4731 1599/1599 1625/1625
f 4736/4736 4737/4737 4735/4735
f 4737/4737 4736/4736 4738/4738
f 4739/4739 4738/4738 4734/4734
f 4739/4739 4734/4734 4740/4740
f 4738/4738 4739/4739 4741/4741
f 4738/4738 4741/4741 4742/4742
f 1590/1590 1589/1589 4737/4737
f 1590/1590 4737/4737 4743/4743
f 1590/1590 4743/4743 4744/4744
f 4745/4745 4744/4744 4746/4746
f 4744/4744 4745/4745 4747/4747
f 4748/4748 4747/4747 4749/4749
f 4747/4747 4748/4748 4750/4750
f 4751/4751 4752/4752 4750/4750
f 4751/4751 4750/4750 4753/4753
f 4754/4754 4747/4747 4755/4755
f 4754/4754 4755/4755 1590/1590
f 4756/4756 4757/4757 4755/4755
f 4756/4756 4755/4755 4758/4758
f 4758/4758 4755/4755 4759/4759
f 4758/4758 4759/4759 3849/3849
f 4760/4760 4761/4761 4755/4755
f 4761/4761 4760/4760 4762/4762
f 4763/4763 4764/4764 4765/4765
f 4764/4764 4763/4763 4766/4766
f 4764/4764 4766/4766 4767/4767
f 4763/4763 4765/4765 4768/4768
f 4768/4768 4765/4765 4769/4769
f 4768/4768 4769/4769 4770/4770
f 4771/4771 4770/4770 3890/3890
f 4771/4771 3890/3890 4772/4772
f 3890/3890 4770/4770 4773/4773
f 4771/4771 4772/4772 4774/4774
f 4775/4775 4774/4774 3894/3894
f 4774/4774 4775/4775 4776/4776
f 3903/3903 4775/4775 3897/3897
f 4777/4777 3896/3896 3903/3903
f 4777/4777 3903/3903 4778/4778
f 4778/4778 3903/3903 4452/4452
f 4778/4778 4452/4452 4779/4779
f 4780/4780 4453/4453 4779/4779
f 4780/4780 4779/4779 4781/4781
f 4782/4782 4783/4783 4784/4784
f 4782/4782 4784/4784 4785/4785
f 4786/4786 4787/4787 4784/4784
f 4788/4788 4789/4789 4783/4783
f 4790/4790 4784/4784 4791/4791
f 4792/4792 4790/4790 4793/4793
f 4792/4792 4793/4793 4794/4794
f 4795/4795 4793/4793 4796/4796
f 4797/4797 4795/4795 4798/4798
f 4797/4797 4798/4798 4799/4799
f 4800/4800 4797/4797 4801/4801
f 4797/4797 4800/4800 4802/4802
f 4803/4803 4797/4797 4804/4804
f 4803/4803 4804/4804 4805/4805
f 4806/4806 1015/1015 4803/4803
f 1015/1015 4806/4806 4807/4807
f 4808/4808 4809/4809 4803/4803
f 4808/4808 4803/4803 4810/4810
f 4810/4810 4803/4803 4811/4811
f 4810/4810 4811/4811 4812/4812
f 4813/4813 4810/4810 1013/1013
f 4810/4810 4813/4813 4814/4814
f 4815/4815 4808/4808 4816/4816
f 4808/4808 4815/4815 4817/4817
f 4818/4818 4784/4784 4817/4817
f 4817/4817 4784/4784 4819/4819
f 4820/4820 1176/1176 3376/3376
f 3376/3376 1176/1176 4821/4821
f 3376/3376 4821/4821 3371/3371
f 3376/3376 3371/3371 4822/4822
f 4823/4823 3371/3371 4824/4824
f 4823/4823 4824/4824 3366/3366
f 4825/4825 4824/4824 4821/4821
f 4821/4821 4824/4824 4826/4826
f 4827/4827 4828/4828 2243/2243
f 2243/2243 4828/4828 4829/4829
f 4829/4829 2235/2235 2239/2239
f 2235/2235 4829/4829 4830/4830
f 4831/4831 2235/2235 4832/4832
f 4831/4831 4832/4832 4833/4833
f 4834/4834 4828/4828 984/984
f 4828/4828 4834/4834 4835/4835
f 4836/4836 4835/4835 2235/2235
f 2235/2235 4835/4835 4837/4837
f 4838/4838 4839/4839 4834/4834
f 4839/4839 4838/4838 4840/4840
f 4841/4841 1353/1353 4842/4842
f 4841/4841 4842/4842 4843/4843
f 4844/4844 4845/4845 4846/4846
f 4844/4844 4846/4846 4847/4847
f 4848/4848 4849/4849 1812/1812
f 1812/1812 4849/4849 4850/4850
f 4851/4851 4852/4852 4853/4853
f 4854/4854 4855/4855 4856/4856
f 4857/4857 4858/4858 4855/4855
f 4859/4859 4857/4857 4860/4860
f 4859/4859 4860/4860 4861/4861
f 4857/4857 4859/4859 4862/4862
f 4862/4862 4859/4859 4863/4863
f 4864/4864 4862/4862 4865/4865
f 4866/4866 4862/4862 4867/4867
f 4862/4862 4866/4866 4868/4868
f 4862/4862 4868/4868 4869/4869
f 4870/4870 4859/4859 4871/4871
f 4870/4870 4871/4871 4872/4872
f 4873/4873 4870/4870 4874/4874
f 4870/4870 4873/4873 4875/4875
f 4875/4875 4873/4873 4876/4876
f 4876/4876 4873/4873 4877/4877
f 4875/4875 4876/4876 4878/4878
f 4875/4875 4878/4878 4879/4879
f 4880/4880 4878/4878 4881/4881
f 4882/4882 4883/4883 4874/4874
f 4882/4882 4874/4874 2066/2066
f 4882/4882 2066/2066 4884/4884
f 4884/4884 2066/2066 1999/1999
f 4885/4885 4886/4886 4887/4887
f 4885/4885 4887/4887 4888/4888
f 4889/4889 4890/4890 4672/4672
f 4889/4889 4672/4672 4891/4891
f 4892/4892 4889/4889 4893/4893
f 4892/4892 4893/4893 4894/4894
f 4895/4895 4896/4896 4893/4893
f 4896/4896 4895/4895 4897/4897
f 4898/4898 4890/4890 4899/4899
f 4890/4890 4898/4898 4900/4900
f 4901/4901 4381/4381 4902/4902
f 4901/4901 4902/4902 4903/4903
f 4904/4904 4905/4905 4906/4906
f 4904/4904 4906/4906 4907/4907
f 4908/4908 4909/4909 4910/4910
f 4908/4908 4910/4910 4911/4911
f 4912/4912 4910/4910 4913/4913
f 4912/4912 4913/4913 4914/4914
f 4915/4915 4916/4916 4054/4054
f 4915/4915 4054/4054 4917/4917
f 4918/4918 4915/4915 4919/4919
f 4918/4918 4919/4919 4920/4920
f 4921/4921 4919/4919 4922/4922
f 4921/4921 4922/4922 4923/4923
f 4923/4923 4922/4922 4924/4924
f 4923/4923 4924/4924 4925/4925
f 4926/4926 4927/4927 4054/4054
f 4927/4927 4926/4926 2318/2318
f 4926/4926 4054/4054 4928/4928
f 4926/4926 4928/4928 2316/2316
f 4929/4929 4928/4928 4930/4930
f 4929/4929 4930/4930 4931/4931
f 4932/4932 4933/4933 4929/4929
f 4933/4933 4932/4932 4934/4934
f 4934/4934 4932/4932 4935/4935
f 4934/4934 4935/4935 2310/2310
f 4936/4936 4937/4937 832/832
f 4936/4936 832/832 4938/4938
f 4939/4939 4940/4940 4941/4941
f 4939/4939 4941/4941 4942/4942
f 4943/4943 4944/4944 4945/4945
f 4943/4943 4945/4945 4946/4946
f 4947/4947 4948/4948 4945/4945
f 4948/4948 4947/4947 4949/4949
f 4950/4950 4951/4951 4952/4952
f 4950/4950 4952/4952 4953/4953
f 4952/4952 4951/4951 4954/4954
f 4954/4954 4951/4951 2159/2159
f 4951/4951 4950/4950 4955/4955
f 4955/4955 4950/4950 2184/2184
f 2184/2184 4950/4950 4956/4956
f 2184/2184 4956/4956 2188/2188
f 4957/4957 4958/4958 2188/2188
f 2188/2188 4958/4958 4959/4959
f 4960/4960 4961/4961 4958/4958
f 4960/4960 4958/4958 4962/4962
f 4963/4963 4964/4964 4959/4959
f 4963/4963 4959/4959 4965/4965
f 4966/4966 4967/4967 4968/4968
f 4966/4966 4968/4968 4969/4969
f 4970/4970 4968/4968 4971/4971
f 4970/4970 4971/4971 4972/4972
f 4973/4973 4974/4974 4975/4975
f 4973/4973 4975/4975 4976/4976
f 4977/4977 4978/4978 4979/4979
f 4977/4977 4979/4979 4980/4980
f 4981/4981 4982/4982 4983/4983
f 4981/4981 4983/4983 4984/4984
f 4985/4985 4986/4986 4987/4987
f 4985/4985 4987/4987 4988/4988
f 4985/4985 4988/4988 4989/4989
f 4989/4989 4988/4988 4990/4990
f 4985/4985 4989/4989 4524/4524
f 4524/4524 4989/4989 4991/4991
f 4992/4992 4993/4993 4524/4524
f 4994/4994 4992/4992 4995/4995
f 4996/4996 4997/4997 4985/4985
f 4998/4998 4987/4987 4999/4999
f 5000/5000 5001/5001 4999/4999
f 5002/5002 4999/4999 5003/5003
f 5004/5004 5005/5005 5006/5006
f 5004/5004 5006/5006 3091/3091
f 5007/5007 5004/5004 5008/5008
f 5004/5004 5007/5007 5009/5009
f 5010/5010 5009/5009 5011/5011
f 5009/5009 5010/5010 5012/5012
f 5013/5013 5012/5012 5014/5014
f 5012/5012 5013/5013 3930/3930
f 5015/5015 3930/3930 5016/5016
f 3930/3930 5015/5015 5017/5017
f 5018/5018 5004/5004 5019/5019
f 5018/5018 5019/5019 5020/5020
f 5021/5021 5019/5019 5022/5022
f 5021/5021 5022/5022 5023/5023
f 5024/5024 3106/3106 5022/5022
f 5024/5024 5022/5022 5025/5025
f 5024/5024 5025/5025 3091/3091
f 3091/3091 5025/5025 5026/5026
f 5027/5027 5028/5028 5029/5029
f 5027/5027 5029/5029 5030/5030
f 5031/5031 5032/5032 5027/5027
f 5032/5032 5031/5031 5033/5033
f 5034/5034 5033/5033 5035/5035
f 5036/5036 5034/5034 5028/5028
f 5028/5028 5034/5034 5037/5037
f 5038/5038 5037/5037 5039/5039
f 5040/5040 5041/5041 5029/5029
f 5040/5040 5029/5029 5042/5042
f 5043/5043 2149/2149 5029/5029
f 2149/2149 5043/5043 2155/2155
f 5044/5044 1888/1888 5045/5045
f 5044/5044 5045/5045 5046/5046
f 5047/5047 5048/5048 1618/1618
f 5047/5047 1618/1618 5049/5049
f 5050/5050 5051/5051 5052/5052
f 5050/5050 5052/5052 5053/5053
f 5054/5054 2479/2479 5055/5055
f 5054/5054 5055/5055 5056/5056
f 5057/5057 5055/5055 5058/5058
f 5057/5057 5058/5058 5059/5059
f 5060/5060 5061/5061 5062/5062
f 5060/5060 5062/5062 5063/5063
f 5064/5064 5065/5065 5060/5060
f 5065/5065 5064/5064 5066/5066
f 5067/5067 5068/5068 5069/5069
f 5070/5070 5071/5071 5072/5072
f 5070/5070 5072/5072 5073/5073
f 5074/5074 5075/5075 4393/4393
f 5074/5074 4393/4393 5076/5076
f 5077/5077 5078/5078 5079/5079
f 5077/5077 5079/5079 5080/5080
f 5081/5081 5077/5077 5082/5082
f 5081/5081 5082/5082 5083/5083
f 5082/5082 5077/5077 2209/2209
f 5082/5082 2209/2209 5084/5084
f 5085/5085 5078/5078 5086/5086
f 5078/5078 5085/5085 5087/5087
f 5088/5088 5089/5089 5090/5090
f 5088/5088 5090/5090 5091/5091
f 5092/5092 5093/5093 5089/5089
f 5094/5094 5095/5095 5096/5096
f 5094/5094 5096/5096 5097/5097
f 5098/5098 5099/5099 5094/5094
f 5100/5100 5098/5098 5097/5097
f 5101/5101 5102/5102 5098/5098
f 5103/5103 5095/5095 5101/5101
f 5095/5095 5103/5103 885/885
f 5104/5104 5105/5105 5095/5095
f 5106/5106 890/890 5101/5101
f 5107/5107 5095/5095 5108/5108
f 5108/5108 5095/5095 5109/5109
f 5110/5110 5108/5108 5111/5111
f 5110/5110 5111/5111 5112/5112
f 5113/5113 5114/5114 5115/5115
f 5113/5113 5115/5115 5116/5116
f 5117/5117 5114/5114 5118/5118
f 5114/5114 5117/5117 5119/5119
f 5114/5114 5119/5119 5120/5120
f 5114/5114 5120/5120 5121/5121
f 5122/5122 5123/5123 5124/5124
f 5122/5122 5124/5124 5125/5125
f 5126/5126 5127/5127 4437/4437
f 5126/5126 4437/4437 5128/5128
f 5129/5129 4437/4437 3900/3900
f 5129/5129 3900/3900 5130/5130
f 5131/5131 4435/4435 5127/5127
f 5131/5131 5127/5127 3892/3892
f 5132/5132 3892/3892 4773/4773
f 5132/5132 4773/4773 5133/5133
f 5134/5134 5135/5135 5136/5136
f 5137/5137 5138/5138 5135/5135
f 5137/5137 5135/5135 4419/4419
f 4419/4419 5135/5135 5139/5139
f 5140/5140 4419/4419 4766/4766
f 4419/4419 5140/5140 5141/5141
f 5142/5142 5143/5143 5141/5141
f 5144/5144 181/181 5145/5145
f 5144/5144 5145/5145 5146/5146
f 5147/5147 5144/5144 5148/5148
f 5147/5147 5148/5148 5149/5149
f 5150/5150 5151/5151 5152/5152
f 5150/5150 5152/5152 5153/5153
f 5154/5154 5155/5155 5156/5156
f 5157/5157 5158/5158 5159/5159
f 5160/5160 5161/5161 1547/1547
f 1547/1547 5161/5161 5162/5162
f 5160/5160 1547/1547 2784/2784
f 5160/5160 2784/2784 5163/5163
f 5164/5164 5165/5165 801/801
f 5164/5164 801/801 5166/5166
f 5167/5167 5168/5168 5169/5169
f 5167/5167 5169/5169 5170/5170
f 5167/5167 5170/5170 5171/5171
f 5171/5171 5170/5170 5172/5172
f 5173/5173 5172/5172 5174/5174
f 5172/5172 5173/5173 5175/5175
f 5176/5176 5177/5177 5178/5178
f 5176/5176 5178/5178 5179/5179
f 5179/5179 5178/5178 5180/5180
f 5179/5179 5180/5180 5181/5181
f 5182/5182 4178/4178 5180/5180
f 4178/4178 5182/5182 5183/5183
f 5184/5184 5177/5177 1287/1287
f 5177/5177 5184/5184 5185/5185
f 5186/5186 5187/5187 3646/3646
f 5186/5186 3646/3646 5188/5188
f 5189/5189 5190/5190 5191/5191
f 5189/5189 5191/5191 4004/4004
f 5192/5192 5193/5193 1615/1615
f 5192/5192 1615/1615 5194/5194
f 5195/5195 5196/5196 5197/5197
f 5195/5195 5197/5197 5198/5198
f 5199/5199 5200/5200 5196/5196
f 5201/5201 5202/5202 5203/5203
f 5201/5201 5203/5203 5204/5204
f 5205/5205 5206/5206 5201/5201
f 5207/5207 5208/5208 5202/5202
f 5209/5209 5210/5210 5211/5211
f 5212/5212 5213/5213 5214/5214
f 5214/5214 5213/5213 5215/5215
f 5216/5216 5214/5214 5217/5217
f 5214/5214 5216/5216 5218/5218
f 5219/5219 5220/5220 5221/5221
f 5222/5222 5223/5223 5224/5224
f 5222/5222 5224/5224 5225/5225
f 5226/5226 3264/3264 3231/3231
f 5226/5226 3231/3231 3234/3234
f 5226/5226 3234/3234 3258/3258
f 3258/3258 3234/3234 5227/5227
f 3231/3231 3264/3264 5228/5228
f 5228/5228 3264/3264 5229/5229
f 5230/5230 3229/3229 5228/5228
f 3229/3229 5230/5230 5231/5231
f 3278/3278 3284/3284 5231/5231
f 3278/3278 5231/5231 5232/5232
f 3267/3267 5232/5232 5228/5228
f 5232/5232 3267/3267 5233/5233
f 5234/5234 5235/5235 5236/5236
f 5234/5234 5236/5236 5237/5237
f 5238/5238 5239/5239 1798/1798
f 5238/5238 1798/1798 5240/5240
f 5241/5241 5242/5242 5243/5243
f 5241/5241 5243/5243 5244/5244
f 5245/5245 2208/2208 5242/5242
f 5245/5245 5242/5242 5246/5246
f 5247/5247 5248/5248 5249/5249
f 5247/5247 5249/5249 1363/1363
f 5250/5250 5251/5251 5247/5247
f 5252/5252 5253/5253 5248/5248
f 5254/5254 5255/5255 5256/5256
f 5254/5254 5256/5256 5257/5257
f 5258/5258 5259/5259 5260/5260
f 5261/5261 5262/5262 5259/5259
f 5263/5263 5264/5264 5265/5265
f 5266/5266 5267/5267 5268/5268
f 5266/5266 5268/5268 5269/5269
f 5270/5270 5271/5271 5272/5272
f 5270/5270 5272/5272 5273/5273
f 5274/5274 5275/5275 5276/5276
f 5274/5274 5276/5276 1581/1581
f 5276/5276 5275/5275 5277/5277
f 5276/5276 5277/5277 5278/5278
f 5279/5279 5280/5280 2474/2474
f 2474/2474 5280/5280 5281/5281
f 5282/5282 5283/5283 5284/5284
f 5282/5282 5284/5284 5285/5285
f 5286/5286 5287/5287 5288/5288
f 5286/5286 5288/5288 5289/5289
f 5290/5290 5291/5291 5292/5292
f 5293/5293 5294/5294 5295/5295
f 5296/5296 5297/5297 5298/5298
f 5299/5299 5300/5300 5301/5301
f 5299/5299 5301/5301 5302/5302
f 5303/5303 5304/5304 5305/5305
f 5303/5303 5305/5305 5306/5306
f 5307/5307 1344/1344 5308/5308
f 5307/5307 5308/5308 5309/5309
f 5310/5310 5311/5311 5312/5312
f 5310/5310 5312/5312 1266/1266
f 5313/5313 5314/5314 5315/5315
f 5316/5316 5317/5317 5318/5318
f 5319/5319 5320/5320 5316/5316
f 5321/5321 5322/5322 5323/5323
f 5324/5324 5325/5325 5326/5326
f 5327/5327 5328/5328 5329/5329
f 5330/5330 5329/5329 5331/5331
f 5332/5332 5333/5333 5334/5334
f 5335/5335 5333/5333 496/496
f 5336/5336 5337/5337 5338/5338
f 5336/5336 5338/5338 5339/5339
f 5340/5340 5341/5341 5342/5342
f 5340/5340 5342/5342 5343/5343
f 5344/5344 5340/5340 5345/5345
f 5340/5340 5344/5344 5346/5346
f 5347/5347 5348/5348 5341/5341
f 5347/5347 5341/5341 5349/5349
f 5350/5350 5351/5351 5349/5349
f 5350/5350 5349/5349 5352/5352
f 5353/5353 5354/5354 5355/5355
f 5353/5353 5355/5355 5356/5356
f 5357/5357 5358/5358 5359/5359
f 5357/5357 5359/5359 5360/5360
f 5361/5361 1809/1809 5362/5362
f 5361/5361 5362/5362 1801/1801
f 5363/5363 5364/5364 5365/5365
f 5363/5363 5365/5365 5366/5366
f 5367/5367 5368/5368 5369/5369
f 5367/5367 5369/5369 5370/5370
f 5371/5371 5372/5372 5373/5373
f 5374/5374 5375/5375 1871/1871
f 1871/1871 5375/5375 5376/5376
f 5377/5377 5378/5378 3287/3287
f 3287/3287 5378/5378 4255/4255
f 5379/5379 5380/5380 5381/5381
f 5382/5382 5383/5383 5384/5384
f 5385/5385 5386/5386 5387/5387
f 5388/5388 5389/5389 5390/5390
f 5391/5391 2240/2240 5392/5392
f 5391/5391 5392/5392 5393/5393
f 5394/5394 2245/2245 5393/5393
f 2245/2245 5394/5394 5395/5395
f 5396/5396 5395/5395 5397/5397
f 5396/5396 5397/5397 5398/5398
f 5399/5399 5400/5400 5401/5401
f 5399/5399 5401/5401 5402/5402
f 5403/5403 5404/5404 5405/5405
f 5403/5403 5405/5405 5406/5406
f 5407/5407 5408/5408 5409/5409
f 5407/5407 5409/5409 206/206
f 5410/5410 5411/5411 5412/5412
f 5413/5413 5414/5414 5415/5415
f 5416/5416 5417/5417 2834/2834
f 2834/2834 5417/5417 5418/5418
f 5419/5419 1009/1009 5420/5420
f 5419/5419 5420/5420 5421/5421
f 5422/5422 5423/5423 2519/2519
f 5422/5422 2519/2519 5424/5424
f 5425/5425 5426/5426 5427/5427
f 5425/5425 5427/5427 5428/5428
f 5429/5429 5430/5430 5431/5431
f 5429/5429 5431/5431 5432/5432
f 5433/5433 663/663 5430/5430
f 5433/5433 5430/5430 5434/5434
f 5435/5435 5436/5436 5437/5437
f 5438/5438 5439/5439 5440/5440
f 5441/5441 5442/5442 5443/5443
f 5444/5444 5445/5445 5446/5446
f 5447/5447 5448/5448 5449/5449
f 5447/5447 5449/5449 5450/5450
f 5451/5451 5452/5452 5453/5453
f 5451/5451 5453/5453 5454/5454
f 5455/5455 5456/5456 5457/5457
f 5458/5458 5459/5459 5460/5460
f 5461/5461 5462/5462 5463/5463
f 5464/5464 5465/5465 5466/5466
f 5464/5464 5466/5466 5467/5467
f 5468/5468 5469/5469 5470/5470
f 5468/5468 5470/5470 5471/5471
f 5472/5472 3089/3089 3932/3932
f 3932/3932 3089/3089 5473/5473
f 5474/5474 5475/5475 2499/2499
f 2499/2499 5475/5475 5476/5476
f 5476/5476 5475/5475 2442/2442
f 5476/5476 2442/2442 5477/5477
f 5478/5478 5474/5474 4494/4494
f 4494/4494 5474/5474 5479/5479
f 5480/5480 5481/5481 5482/5482
f 5480/5480 5482/5482 5483/5483
f 5484/5484 5485/5485 5486/5486
f 5487/5487 5488/5488 5489/5489
f 5487/5487 5489/5489 5490/5490
f 5491/5491 5492/5492 5493/5493
f 5491/5491 5493/5493 5494/5494
f 5495/5495 5496/5496 5497/5497
f 5495/5495 5497/5497 5498/5498
f 5499/5499 5500/5500 5501/5501
f 5499/5499 5501/5501 5502/5502
f 5503/5503 5500/5500 5504/5504
f 5503/5503 5504/5504 5505/5505
f 5506/5506 5504/5504 5507/5507
f 5506/5506 5507/5507 5508/5508
f 5505/5505 5506/5506 2626/2626
f 5506/5506 5505/5505 5509/5509
f 5510/5510 5511/5511 5512/5512
f 5513/5513 5514/5514 4623/4623
f 5513/5513 4623/4623 5515/5515
f 5516/5516 5517/5517 5518/5518
f 5516/5516 5518/5518 5519/5519
f 5520/5520 5521/5521 5522/5522
f 5520/5520 5522/5522 310/310
f 5523/5523 5524/5524 5525/5525
f 5523/5523 5525/5525 5526/5526
f 5527/5527 5528/5528 5529/5529
f 5527/5527 5529/5529 5530/5530
f 5531/5531 5532/5532 5533/5533
f 5531/5531 5533/5533 5534/5534
f 5535/5535 5536/5536 5537/5537
f 5535/5535 5537/5537 5538/5538
f 5539/5539 5540/5540 5536/5536
f 5539/5539 5536/5536 5541/5541
f 5542/5542 5543/5543 5544/5544
f 5545/5545 5546/5546 5547/5547
f 5545/5545 5547/5547 5548/5548
f 5549/5549 5550/5550 2649/2649
f 5549/5549 2649/2649 5551/5551
f 5552/5552 5553/5553 5554/5554
f 5552/5552 5554/5554 5555/5555
f 5556/5556 5552/5552 5557/5557
f 5556/5556 5557/5557 5558/5558
f 5559/5559 5560/5560 5561/5561
f 5562/5562 5563/5563 5560/5560
f 5564/5564 5565/5565 5566/5566
f 5564/5564 5566/5566 5567/5567
f 5568/5568 5569/5569 4173/4173
f 5568/5568 4173/4173 5570/5570
f 5571/5571 5572/5572 5573/5573
f 5571/5571 5573/5573 5574/5574
f 5575/5575 5576/5576 5577/5577
f 5578/5578 5579/5579 5580/5580
f 5578/5578 5580/5580 5581/5581
f 5582/5582 5583/5583 5584/5584
f 5582/5582 5584/5584 5585/5585
f 5586/5586 5587/5587 5588/5588
f 5586/5586 5588/5588 5589/5589
f 5590/5590 5591/5591 5592/5592
f 5593/5593 2669/2669 5594/5594
f 5593/5593 5594/5594 5595/5595
f 5596/5596 5597/5597 5598/5598
f 5596/5596 5598/5598 5599/5599
f 5600/5600 5601/5601 5599/5599
f 5599/5599 5601/5601 5602/5602
f 5602/5602 5601/5601 5603/5603
f 5602/5602 5603/5603 5604/5604
f 5605/5605 5606/5606 5607/5607
f 5605/5605 5607/5607 5608/5608
f 5609/5609 2172/2172 3997/3997
f 3997/3997 2172/2172 5610/5610
f 5611/5611 5612/5612 5613/5613
f 5611/5611 5613/5613 5614/5614
f 5615/5615 5616/5616 5617/5617
f 5615/5615 5617/5617 5618/5618

o tree.023_1
usemtl Leaves_NormalTree
v -0.54602074 4.51956777 1.03199310
v -0.12521437 3.98602159 1.47807449
v -0.05870125 4.32978360 1.76895855
v -0.45201553 4.82286757 1.34903896
v -0.60322202 3.25615092 -1.06959999
v -0.58193782 3.71996912 -0.33429737
v -1.49283508 4.20019387 -0.64513536
v -1.52254424 3.77317962 -1.33343534
v -0.65953647 5.11109108 -0.35646841
v -0.33938663 4.40871248 -0.73027216
v 0.12177103 4.87563466 -1.14099073
v -0.17354724 5.53289516 -0.79501163
v 0.28361965 5.84772387 -0.84921985
v 0.32530121 5.66813850 -0.05139487
v 1.02734727 6.51828712 0.06921560
v 0.98344854 6.67924895 -0.67528798
v 0.17631179 3.74746121 -0.42475522
v 0.45655374 2.73956562 -0.14806061
v 1.43928521 3.10849178 0.02398667
v 1.17278931 4.04632683 -0.23497111
v 0.85164172 3.32532457 -0.40524471
v 0.01845398 3.41977320 -0.17865665
v -0.17620777 3.92660323 -1.22080643
v 0.59889187 3.84235327 -1.43985634
v -0.74910751 3.50136264 1.28385613
v -0.18197224 3.76120724 0.48381408
v 0.53016163 4.72620185 1.34726533
v 0.00337767 4.48631114 2.09498362
v -0.41343793 4.22192147 -0.29394606
v -0.69988778 3.37543112 -0.28153028
v -1.57619814 3.71597832 0.07364981
v -1.30305091 4.50316116 0.05946034
v -0.65731938 3.72706385 1.32376398
v -0.22010643 3.81308749 0.57028112
v 0.44147746 4.33599152 1.05327730
v 0.03796449 4.25872542 1.75831645
v -0.87282188 4.17092812 -0.79988922
v -0.12432753 4.35771913 -0.40347102
v 0.50932084 4.72664526 -1.86387756
v -0.19217092 4.55060715 -2.22437874
v -0.47906421 5.61891877 0.68645741
v -1.05207480 5.10931745 0.19248659
v -1.38109298 5.79096600 -0.06735802
v -0.85109427 6.27307531 0.38980886
v 0.82681015 3.19008121 -0.49392887
v 0.10846841 3.40381005 -0.02434620
v -0.29282746 4.01040975 -0.97116054
v 0.37363406 3.81486118 -1.41458137
v 0.74965495 5.42248349 -0.85454085
v 0.35057618 5.23314273 0.00225905
v 1.29960758 5.88585819 0.54234565
v 1.66853372 6.05967905 -0.25847240
v 0.88234865 3.26634960 -0.34626972
v 0.05570133 3.33818377 -0.00749621
v -0.33007481 3.70977043 -1.11216839
v 0.43793010 3.64547442 -1.43409183
v 0.27829860 3.35946797 -0.87316449
v 0.47695113 3.69159019 -0.13653167
v 0.70841678 3.97449268 -0.36178946
v 0.52617086 3.66853230 -1.05097623
v -0.51365103 4.97052674 -0.34804340
v -0.32431033 4.02326894 -0.66331560
v 0.15059338 4.38831521 -1.35205899
v -0.02633153 5.27039002 -1.05718415
v -0.51941549 5.26639936 0.57249827
v -0.87636925 4.34308625 0.40577201
v -1.53362975 4.74571231 -0.16668430
v -1.19751684 5.60428590 -0.00926989
v -0.65687598 4.64461242 -0.51964725
v -0.21655906 3.88713879 -0.62917221
v 0.30224332 4.31027314 -1.19952223
v -0.10526044 5.01797273 -1.10019596
v -0.83468772 3.88314796 -0.26689741
v -0.57972073 3.01670365 -0.32631580
v -0.38727608 3.20116673 -1.59594048
v -0.62494968 4.00863607 -1.54051283
v -0.52872732 4.30716918 -0.68593008
v -0.88745481 3.57896128 -0.41411312
v -1.89202463 4.27114120 0.00624984
v -1.55801790 4.95012936 -0.24694345
v -0.72205880 5.16829235 -0.28064344
v -0.44181686 4.59450588 -0.81053132
v -0.17221698 5.50274259 -1.59682729
v -0.43383529 6.03662122 -1.10196970
v -0.56508785 4.23478072 0.67138107
v -0.19039724 3.50712711 1.16501930
v 0.07920263 4.26138597 1.98944943
v -0.27109983 4.93638330 1.52596388
v 0.78557203 3.66321125 1.19251142
v 0.14083813 3.86984536 0.41641411
v 0.92314331 4.57898608 0.00846694
v 1.52220487 4.38476784 0.73301658
v 0.05215396 3.72041253 -0.47707885
v 0.47296036 2.80075772 -0.17555271
v 1.70179035 3.46322845 -0.02345936
v 1.30492869 4.31825469 -0.30503160
v -0.97403274 4.01351371 -0.97160395
v -0.77926013 4.15585178 -0.17200535
v -1.70479027 4.81133865 -0.09529353
v -1.89069441 4.68185972 -0.84068393
v 1.00606307 5.69607402 -0.27620923
v 0.21533284 5.46638211 -0.15338166
v -0.10171307 6.18040037 -1.03501314
v 0.63214839 6.40078051 -1.15695383
v 1.39139571 4.97629115 0.06788534
v 0.61662871 5.12173318 -0.23630135
v 1.12135244 5.73775561 -1.11881972
v 1.83936168 5.59630435 -0.82693793
v 0.22819203 3.26767986 -0.83669316
v 0.29559200 3.36877981 0.18273133
v 1.63172983 3.90797953 -0.00261858
v 1.56122590 3.81042697 -0.95209348
v -0.64312992 4.42999668 -0.67750507
v -1.09153924 3.76298093 -0.44958679
v -1.99800222 4.45394143 -0.35026052
v -1.57220737 5.07029642 -0.56354593
v -0.36022743 4.85124650 -1.10906443
v -0.29061034 4.95633728 -0.19195927
v -0.77438248 5.65040177 -0.27177502
v -0.83646140 5.54797144 -1.12635786
v 0.03397371 4.14742677 1.52064289
v -0.53449183 4.18910836 0.92546125
v -0.95097480 4.65436770 1.40579682
v -0.41476818 4.60913875 1.95441918
v -0.12521437 4.27557544 1.19384164
v 0.07343816 4.52710591 0.39468650
v 1.36124315 5.15498981 0.95117963
v 1.17411953 4.91997669 1.69579407
v 0.94841829 5.76125684 -0.25137766
v 0.15901838 5.53555560 -0.17200535
v -0.17576435 6.49212523 -1.15695383
v 0.56164452 6.69742908 -1.22568412
v -0.99531694 4.83262285 -0.16934482
v -0.88302057 4.16072943 0.36320361
v -1.32921281 5.03925693 1.52285992
v -1.43740744 5.67168597 1.03554047
v 0.84765095 4.15407810 0.39601675
v 0.36387880 3.32975877 0.80396392
v -0.03741705 4.04100578 1.65056512
v 0.41797617 4.80202677 1.26079820
v -0.04539862 4.69250182 -0.74313135
v -0.32519717 3.86851509 -0.60921829
v -1.21658389 4.18245703 -0.79412476
v -0.95097480 4.94924254 -0.91839345
v -0.85020746 4.49340588 -0.80077609
v -0.00637759 4.47389541 -0.23585795
v 0.43926037 4.79980974 -0.95342370
v -0.34027348 4.82286757 -1.49040629
v -0.16467883 4.84902936 -1.03944732
v -0.30613009 4.69338874 -0.21013954
v -1.33985491 5.10355294 -0.34893025
v -1.20195102 5.24644538 -1.12103675
v 0.41841958 3.38696006 -0.82826815
v 0.22287098 3.47342712 0.01290115
v 1.19496032 4.02193872 0.15124845
v 1.38651812 3.94611374 -0.63094590
v 0.57627740 3.83171117 0.00403274
v 0.39536170 2.99763657 -0.48373018
v 0.36653933 3.59891522 -1.41280763
v 0.53548268 4.37146519 -0.95031975
v 0.04018160 3.78914277 -0.51920385
v 0.70132204 3.28630353 -0.47042758
v 0.91693539 3.60379285 -0.67085380
v 0.29958280 4.07115839 -0.71475242
v -1.40902850 4.72575845 -0.10593563
v -0.84532982 4.82818867 0.50465487
v -1.59792586 5.28635312 1.07589172
v -2.12260357 5.19002007 0.50598512
v -0.96516427 3.18254306 1.16102852
v -0.35889715 3.74347041 0.90417705
v -0.39215373 4.12348208 1.76009008
v -0.95762613 3.60246259 2.00275209
v -0.84000877 5.28147564 0.92191388
v -0.54912470 5.11862922 0.04394061
v -1.41390620 5.89650018 -0.34626972
v -1.67995870 6.04282914 0.47494566
v -0.55533257 3.91197035 0.88777044
v -0.33096165 3.03843129 0.78489681
v -0.01036838 3.07346152 1.47896130
v -0.21522880 3.88713879 1.58272175
v 1.07789722 3.99001242 0.85628760
v 0.21666309 4.25562146 0.64743638
v 0.31643279 4.83262285 1.11846012
v 1.11957881 4.58962818 1.31666925
v -0.09683544 3.99444660 1.08520360
v -0.45778001 3.04463918 0.71971398
v -0.98777880 3.29162458 0.72370476
v -0.65598911 4.17890967 1.06436281
v -0.47063920 4.06051629 1.24439169
v -0.85020746 3.33153246 1.14417850
v -1.22545236 3.52708105 1.39338109
v -0.87681271 4.20861888 1.49004681
v -0.43782606 3.24772592 1.35702050
v -0.24671168 3.63350204 0.55786534
v -0.70831279 3.76963225 0.55298775
v -0.89188899 3.41179163 1.29715879
v -0.94698403 3.47387055 -0.79190767
v -0.31987612 3.70045860 0.06522481
v -0.79699696 3.97892686 0.28383128
v -1.37045088 3.76076384 -0.52097753
v -0.39038004 4.79493204 -1.06516570
v -0.22054985 4.70713469 -0.22654610
v -0.81074296 5.03970034 -0.10770931
v -0.96294723 5.11774241 -0.89090133
v -0.43516553 3.96074662 -0.90863816
v -0.96250371 3.36079823 -0.61808670
v -1.44139821 3.70489281 -0.88158956
v -0.94509949 4.26138597 -1.14941569
v 0.76428783 4.02459922 0.76316920
v 0.40955116 3.29339827 1.00272735
v 0.47473404 3.60290601 1.93357838
v 0.80552595 4.28577407 1.71441772
v -0.03830389 5.19667129 -0.43229336
v -0.45423264 4.39762698 -0.75333004
v -1.31768389 5.01486877 -1.06871307
v -0.93357058 5.76214366 -0.77106688
v -1.06182998 3.42553767 1.04795620
v -0.28573273 3.75854672 1.09318515
v -0.49281024 4.02770318 1.97348634
v -1.21392334 3.71420464 1.92071935
v -1.04764051 4.27335829 -0.08642511
v -0.73092722 3.59093364 -0.51299598
v -0.40013530 4.19664650 -1.17469066
v -0.69412333 4.83483989 -0.77949189
v -0.00992496 4.33732174 1.31533903
v 0.29559200 4.70447425 0.63413372
v 0.82281938 5.11419504 1.13486674
v 0.53104844 4.76655311 1.76363745
v -0.08974071 5.30586369 0.54057197
v 0.27386439 5.28502290 -0.64114459
v 0.99143009 6.15335187 -0.38573419
v 0.65387606 6.17374904 0.71572316
v -1.07114186 3.42908504 -0.83846684
v -0.44625107 3.92305586 -0.59635910
v -0.58193782 4.35904935 -1.24076040
v -1.16559054 3.90177166 -1.47133924
v 0.22907887 4.98382929 1.26567589
v 0.20291706 5.05167277 0.34413653
v 0.73768258 5.76923839 0.41552727
v 0.76428783 5.70848986 1.27454426
v 0.82503647 3.79845459 -0.14229614
v 0.31909331 3.37631796 -0.63981431
v 0.33638671 3.93369796 -1.07403417
v 0.80774304 4.32224546 -0.60567092
v -0.72427594 4.22413862 -0.87538164
v -0.10481701 4.36126649 -0.25802899
v 0.31377226 4.57144794 -0.77904848
v -0.26799589 4.44152571 -1.34984196
v 0.76118387 6.13517152 -0.59414195
v 0.06102238 6.10224745 -0.22299873
v -0.01568943 6.55775167 -0.39016837
v 0.63613922 6.59189490 -0.73736689
v -0.43383529 5.75061485 0.52283514
v -1.14341941 5.26994662 0.28294444
v -1.39040486 5.74485034 0.19736422
v -0.72294567 6.18306103 0.42306544
v 0.37496434 4.27424516 0.80529419
v 0.56740898 3.25082987 0.64300214
v 1.14751422 3.42509425 0.49489961
v 0.97324985 4.38077696 0.64521929
v -1.25028393 4.00730579 -0.47220126
v -0.41299449 3.98690846 -0.24827373
v -0.32431033 4.15053073 -0.68593008
v -1.10218134 4.17270180 -0.90331716
v 0.69156681 5.17228324 0.48292723
v 0.07609868 4.62111107 0.91393228
v -0.50079184 5.76037003 1.46122447
v 0.07609868 6.26819783 1.05638126
v 0.89210383 3.04463918 -0.52319462
v 0.22242757 3.41356531 -0.12677641
v -0.08264597 4.04189264 -1.31569851
v 0.54390769 3.69247703 -1.67575628
v 0.17897232 3.84102299 -0.53915777
v 0.80508255 3.36744955 -0.33828815
v 1.27832338 3.95586898 -0.55157355
v 0.69378390 4.39629675 -0.73825376
v 0.95861698 3.37321402 -0.31611710
v 0.02554871 3.54880867 -0.28507765
v 0.13374339 4.06583734 -0.96761317
v 1.00473274 3.90975321 -1.00663420
v 0.75098518 3.53594946 -0.06691460
v 0.31953672 2.73468803 -0.20747901
v 0.19404864 2.95817210 -0.84522897
v 0.59711819 3.70400597 -0.70943137
v -1.18111022 4.08534786 -0.17643956
v -0.27376035 4.11638734 -0.42431181
v -0.50167866 4.76123211 -1.04787238
v -1.34783646 4.73418340 -0.81895633
v 0.23972097 3.75100858 -0.53294990
v 0.59623132 2.99896682 -0.53827095
v 1.21092342 3.33064562 -1.00175662
v 0.87569732 4.02992027 -0.99466188
v 0.76606151 4.02725977 0.61196271
v 0.36786961 3.23397988 0.73878104
v 0.06013553 3.55146919 1.52729410
v 0.42950509 4.29198199 1.41333496
v 0.58736290 4.82153734 0.88599676
v -0.03786047 4.32091524 1.07101414
v -0.20769065 4.81178206 1.67628350
v 0.37540775 5.27748476 1.50246254
v 0.77448652 3.43440609 0.03241167
v 0.44502483 2.80918273 -0.41987758
v 0.87702754 3.08765099 -1.05762756
v 1.18431822 3.67030599 -0.63626695
v -0.84577322 3.33552325 1.02755892
v -0.05648414 3.58206523 0.65364424
v 0.24282493 3.57364023 1.35923765
v -0.49059315 3.34350482 1.71308750
v -1.25117074 5.28413608 0.18494844
v -0.36333136 5.23580317 0.45321805
v -0.54868129 5.97808973 1.08609042
v -1.37665880 6.02686604 0.83943758
v -0.49946157 5.02285032 -0.82516425
v -0.29194062 4.33776515 -1.22036302
v -0.26843930 4.60426106 -1.59993125
v -0.46221422 5.24112428 -1.22878808
v 0.58159845 3.15549439 -0.82294710
v 0.17187758 3.40514032 -0.07400933
v 0.77537334 3.79934144 0.08163138
v 1.15549588 3.56477182 -0.61719984
v -0.53981288 4.31958491 0.34812730
v -0.85508505 3.68715598 -0.14451324
v -1.27334176 4.52001118 -0.88114615
v -0.97758010 5.10710031 -0.41943417
v 0.42329722 3.04596943 -0.85764481
v 0.17808548 3.38917717 -0.08642511
v 1.14928796 4.03701500 -0.10460537
v 1.37321547 3.71420464 -0.82339056
v 0.57139975 5.95192783 -0.26379345
v -0.58947601 5.94172924 -0.37110129
v -0.50921680 6.73378957 -0.81718264
v 0.57273003 6.74443177 -0.71741297
v 0.14571576 5.09069380 1.23374959
v 0.35722751 5.16651872 0.36409045
v 0.71107733 5.69873447 0.53170355
v 0.51375507 5.62823076 1.34238763
v -0.95718272 4.07027158 -0.08021722
v -0.43073133 3.25526408 -0.53161963
v -0.17133014 3.76386777 -1.04964601
v -0.66308384 4.52222822 -0.62739853
v -0.85286796 4.03524132 -0.86784350
v -0.59302338 3.95941634 -0.04385671
v -1.15539184 4.10751893 0.10956689
v -1.39217859 4.17713598 -0.65976824
v 0.63392208 2.94398264 -0.64690904
v 0.23262624 3.30359695 0.10025506
v 0.85696277 3.44682187 0.31930496
v 1.22378266 3.10982203 -0.37996970
v -0.63426150 5.23491636 -0.30902237
v -0.14561173 4.75413738 -0.90376057
v -0.01879337 5.35508342 -1.23366567
v -0.47241288 5.81091998 -0.68459980
v 0.61751552 4.64860319 1.10116670
v 0.02333161 4.67875576 0.30334181
v -0.46576158 5.10532668 0.73656395
v 0.09649604 5.06985301 1.47364020
v 0.68092471 4.93904385 -0.12455931
v -0.61120362 4.93993067 -0.21723427
v -0.49502733 5.72933065 -1.08600649
v 0.70841678 5.72578318 -0.99687892
v 0.74211676 3.49914553 -0.01769489
v 0.44901560 2.73867881 -0.30813553
v 0.78778912 2.92181160 -1.01860653
v 1.05749984 3.62862443 -0.73914058
v 0.27120386 3.97759664 1.17699173
v 0.76340096 3.38474296 0.84963628
v 1.32355234 3.71198755 1.18763383
v 0.86184041 4.26315965 1.49093362
v -0.01524601 4.94879914 0.76405607
v 0.21799336 4.10707552 0.73212977
v 0.94708806 4.33909548 0.87358097
v 0.73058785 5.12395032 0.90373359
v -0.65510229 5.13370561 -0.29394606
v -0.44802475 4.42157173 -0.71164851
v 0.04594607 5.05610695 -1.46912209
v -0.15181962 5.71425437 -1.07270395
v 0.45433665 3.14795622 -0.75732082
v 0.09028815 3.33818377 0.05192219
v 0.83080093 3.88492164 0.21465763
v 1.16879842 3.70666650 -0.54004464
v -0.72516276 4.46813090 -0.77062347
v -1.23698128 3.97981373 -0.36178946
v -1.72651787 4.55238089 -0.36134603
v -1.24407601 5.00112271 -0.74224454
v 0.02643555 4.79227149 1.22000353
v 0.28140253 4.68008609 0.27318918
v 1.07479326 4.97318719 0.49401277
v 0.83257461 5.07606082 1.37564426
v 0.49468796 5.36040452 -0.49525915
v 0.76561810 4.57632564 -0.23896188
v 1.24684049 4.95988464 0.30910627
v 0.99098668 5.68809247 0.06699849
v -0.06490914 4.50981249 1.05327730
v -0.44137343 3.84723089 1.36633238
v -0.86129297 4.33599152 1.80753607
v -0.51232076 4.95545035 1.51753893
v 0.65564974 2.78124721 -0.55068674
v 0.47029980 3.39405480 0.01201431
v 1.20604583 3.69425071 -0.12855009
v 1.36966810 3.11913388 -0.65134328
v 0.37407750 3.41046137 -0.79235108
v 0.58869318 3.61665205 0.08828269
v 1.00561956 4.01661767 -0.14806061
v 0.80109177 3.81973879 -0.96716976
v 0.36121828 5.91778438 -0.41677362
v 0.80197859 5.20066217 -0.38351707
v 1.17190238 5.47968476 -0.05316855
v 0.76694833 6.15202143 -0.07844354
v -0.63647859 4.44906385 0.02398667
v -0.78768508 3.77317962 -0.61365247
v -0.97580637 4.45039407 -1.22701434
v -0.83247063 5.07207005 -0.62473803
v -0.73270090 5.04989903 0.14814451
v -0.82847980 4.18822149 0.28959575
v -1.11104971 4.39762698 1.13664036
v -1.02059191 5.20021865 1.00184043
v 1.22112211 4.95278991 -0.03321461
v 0.36919985 4.95766750 -0.17156191
v 0.54302082 5.33645966 -1.04698546
v 1.33818521 5.33424262 -0.92371455
v 0.04505923 4.37235200 1.11491276
v -0.45157212 3.70223229 1.22532453
v -1.09198265 4.28621754 1.61996915
v -0.62938386 4.91155173 1.51798233
v -1.12302214 3.54526130 -0.63094590
v -0.27420379 3.75100858 -0.01237384
v -0.03032231 4.21527020 -0.56664989
v -0.81650748 4.03125054 -1.15251964
v 0.26144861 5.71647141 0.37783651
v -0.11545911 5.68055433 -0.76219846
v 0.62771421 6.86681587 -0.98401978
v 0.96615512 6.87657105 0.08340506
v -0.20369986 4.32446261 -1.34274722
v -0.38505899 4.71688997 -0.63582354
v -0.95230513 5.31517546 -1.15207624
v -0.78103381 4.94702540 -1.80889333
v 0.93821959 3.46012450 1.06791018
v 0.28228937 3.94788743 0.95206650
v 0.41442878 4.20684519 1.52152970
v 1.02601694 3.75189542 1.62972433
v 0.12664866 4.11550047 1.12599826
v -0.61874176 3.54747840 0.88865731
v -1.27068121 4.38388092 1.08830756
v -0.57839045 4.91642932 1.31001792
v -0.64623388 5.17627401 0.05147876
v 0.60953397 5.17716082 0.01733536
v 0.58115504 6.21897810 0.92413097
v -0.58947601 6.21853469 0.95428359
v -0.73314436 4.32845338 -0.89090133
v 0.03619081 4.39186257 -0.19905401
v 0.27652491 4.54439934 -0.54181832
v -0.44137343 4.48453751 -1.18577617
v 0.52129321 3.75544279 -0.13874877
v 0.32397093 2.88456425 -0.31922106
v 0.05304080 3.08410362 -0.80077609
v 0.23839072 3.89467693 -0.62961562
v -0.67860358 4.14166232 1.46743239
v -0.00016970 4.34264285 1.06746677
v 0.05658817 4.65880189 1.39160736
v -0.57750363 4.46547035 1.75875986
v -0.96073008 4.16427679 0.09493401
v -0.55089838 3.48273896 -0.52762885
v -0.27065642 4.58031641 -1.46912209
v -0.65465883 5.20609402 -0.88025923
v -0.57750363 5.08892007 0.65586139
v -0.84178245 4.19487282 0.23150762
v -1.14741030 4.53819142 -0.21324347
v -0.90696533 5.37769784 0.17297607
v 0.53947345 4.86898333 0.60664166
v 0.18384995 4.08180049 0.72104421
v -0.52606682 4.54972033 1.43284553
v -0.18729329 5.27881498 1.31932980
v -1.09730365 3.37897849 -0.49215519
v -0.25114589 3.58295207 -0.20614874
v -0.11191175 3.66099414 -0.79323795
v -0.90208768 3.47032318 -1.05408019
v -0.60455229 4.21704389 0.78711395
v -0.32918797 3.42199031 1.00849176
v 0.45433665 3.97360581 1.89677449
v 0.20069994 4.71644657 1.69402034
v -1.24097205 5.17272664 -0.06824486
v -1.26580362 4.76123211 0.63413372
v -1.54471536 5.15144244 0.81637970
v -1.52476138 5.53954648 0.16410766
v 0.78468516 4.14609655 0.52460882
v 0.24326834 3.28674695 0.83988099
v 0.03530397 3.60778364 1.22000353
v 0.54124714 4.40782567 0.92413097
v -0.78236403 3.93857560 -0.31345658
v -0.54868129 3.05483785 -0.37509209
v -0.38638924 3.17500490 -0.94544216
v -0.60410888 3.99843738 -0.88868429
v 1.52131805 5.34000714 -0.04474356
v 0.82725356 5.56792542 -0.39415920
v 1.17057216 6.03617781 -0.70100641
v 1.81674726 5.82377922 -0.37509209
v -0.97048537 3.75145199 0.89087440
v -0.35401954 3.20693120 1.15881149
v -0.38771952 3.62951127 1.99344032
v -0.96250371 4.13944523 1.74944798
v -0.32874453 3.70799674 -0.79855900
v -0.61962863 3.04153522 -0.25137766
v -1.61743632 3.71154411 -0.03232777
v -1.33852458 4.32800997 -0.54447882
v -0.55400234 4.72176767 -0.50368410
v -0.26533536 3.89157297 -0.60877488
v 0.16079206 4.13678467 -1.09620519
v -0.10215649 4.91376888 -1.00530398
v -0.03386968 3.96074662 1.56143755
v -0.37707742 4.09066891 0.80396392
v -1.02724324 4.64682946 1.23507982
v -0.69988778 4.51956777 1.93623904
v -0.20769065 5.38745323 -0.59635910
v -0.79344959 4.86366234 -0.77638793
v -1.09065243 5.28857037 -0.90464739
v -0.54557733 5.77722016 -0.73692349
v 0.51951953 4.34042570 1.23552322
v 0.02643555 4.77453466 0.74144159
v -0.14960252 5.23092569 1.37520085
v 0.31199858 4.82198075 1.82970719
v 0.27563807 4.00508870 1.04573916
v 0.52661426 3.26280223 0.60442457
v 1.16392084 3.62729415 0.42616937
v 0.93023804 4.31914150 0.83766390
v -1.60369026 4.76743992 0.16721160
v -0.92381529 5.14390430 0.41197990
v -1.22944314 5.50274259 0.61151930
v -1.86763658 5.15809377 0.38714833
v -0.59657074 4.28000962 0.76006524
v -0.08574992 3.73149806 1.29405483
v -0.03741705 4.17004125 1.63593225
v -0.51276417 4.68585049 1.14196147
v -1.02591291 3.92349927 -0.49126832
v -0.48881947 3.45657713 -0.92371455
v -0.62140231 3.93015059 -1.54272998
v -1.12257873 4.36791782 -1.14320777
v -0.63337463 4.77409125 0.24835761
v 0.66097079 4.77143080 -0.03277119
v 0.78512862 5.44509791 0.78312312
v -0.42319319 5.44155044 1.03908784
v 0.11955393 5.70582920 -0.78658662
v -0.35934059 5.73642539 0.31087995
v -0.86528374 6.59677260 0.01556168
v -0.42186291 6.57371477 -1.00885135
v 1.12268266 3.78825593 0.67980608
v 0.13773418 3.89112956 0.44656673
v -0.03519994 4.51602041 1.65943359
v 0.88412228 4.41580722 1.86872822
v -0.86395346 3.98646505 -0.96317899
v -0.69900092 4.03834528 -0.13342772
v -1.76908627 4.57144794 0.00891036
v -1.91862993 4.52089799 -0.76485901
v 0.70886024 5.33912032 -0.58438672
v 0.95906039 4.62598877 -0.19683691
v 1.93070640 5.39499137 0.50509828
v 1.69114825 6.05480157 0.13927609
v 0.16699996 4.02770318 0.96847306
v 0.35456698 3.20294042 0.74543237
v 1.85621159 3.46899292 1.18896405
v 1.67075086 4.23611094 1.39382450
v -0.05338020 5.15809377 -0.68637349
v -0.59302338 4.51823744 -0.68149590
v -1.52077061 5.33557285 -0.70189323
v -1.02458268 5.93773836 -0.70677087
v -1.10971948 4.56080584 -0.19994085
v -0.99975112 4.06273344 -0.82560765
v -1.16736417 4.49251906 -1.15473679
v -1.26890758 4.95412013 -0.56931039
v -1.19884706 4.57100453 0.62881267
v -0.43294844 4.64771638 0.20445895
v -0.67106544 4.85612409 -0.12012510
v -1.38951804 4.78916764 0.26698129
v -1.26757725 3.88447824 -0.52940254
v -0.52340627 3.95808612 -0.09529353
v -0.21079459 4.53242691 -0.78747344
v -0.90031400 4.47034805 -1.19996563
v -0.60233520 3.73770595 -0.92903555
v -0.45822342 3.69957176 0.11976557
v -1.58728376 3.97404927 0.23682867
v -1.70922445 4.00641898 -0.74180113
v -0.74556014 3.44017056 1.27986536
v -0.14073410 3.71730860 0.47538909
v 0.52617086 4.36791782 1.25015610
v -0.03653021 4.11017942 2.00097846
v -0.90386137 4.78650709 -0.63937090
v 0.01490661 4.67033080 -0.35735526
v 0.36121828 5.29876896 -1.36890901
v -0.49813129 5.40208611 -1.62343259
v 0.13063945 3.61133100 -0.65444719
v 0.50710375 2.91826423 -0.25004741
v 1.30581550 3.46899292 -0.12411588
v 0.95373939 4.11417025 -0.50146701
v 0.93600256 2.93023661 -0.28552108
v 0.14482891 3.30625747 -0.00128831
v 0.03486055 3.48185212 -0.64823932
v 0.77005229 3.13465360 -0.92371455
v -0.08619334 4.92219383 1.01248253
v 0.47384717 4.33333097 1.05327730
v 0.76473124 4.68363345 1.46521524
v 0.23972097 5.22959525 1.42309025
v -0.65909307 3.42997188 -1.13300918
v -0.75132460 3.86186376 -0.40657498
v -1.24141546 4.16250311 -0.68371299
v -1.16292998 3.76431120 -1.36447483
v 0.70886024 4.63929132 -0.01237384
v -0.61475098 4.63973472 -0.25980267
v -0.45644973 5.05921091 -0.82693793
v 0.77847730 5.06408850 -0.60301037
v -0.36022743 3.33419298 1.41998629
v -0.20902091 3.66764546 0.40399833
v -0.76418379 3.86674140 0.43326410
v -0.89898372 3.55368629 1.38052185
v -0.01879337 5.30941117 -0.48683414
v -0.68037727 4.76877025 -0.76131165
v -0.99487353 5.30675051 -0.93879083
v -0.37175637 5.80072139 -0.67883534
v 0.59268395 6.14182285 0.06345113
v 0.81040360 5.65040177 -0.64823932
v 0.86051014 6.18749510 -0.96051844
v 0.65786683 6.64865277 -0.29971055
v -0.81562061 3.97449268 0.91792306
v -0.51808522 3.24063119 1.21556935
v -0.70520883 3.54969551 2.08035075
v -0.98290110 4.23389385 1.80398870
v -1.08045374 4.94037407 0.87801521
v -0.36244452 4.87430444 0.20490237
v -1.06138657 5.60339908 -0.54979987
v -1.72696128 5.66104376 0.08163138
v 0.17232101 3.89068615 1.15969830
v 0.62416685 3.29561537 0.73345999
v 1.59581275 3.82018223 1.10870484
v 1.16746820 4.37146519 1.50334946
v 0.02554871 3.76697173 -0.36932760
v 0.50045242 3.06193258 -0.44204865
v 1.22954717 3.64902179 -0.92327103
v 0.77892070 4.30051785 -0.85099348
v -0.96560767 3.92660323 -0.47131440
v -0.54735102 3.25349039 -0.79988922
v -0.59967465 3.69203359 -1.67708650
v -0.98955243 4.32180205 -1.37556034
v -0.45556289 5.15365948 -0.23940531
v -0.40811688 4.32401909 -0.73514980
v -0.02899205 4.97895170 -1.71433380
v -0.07466440 5.74972804 -1.24785514
v -0.89854032 3.25482065 0.98232997
v -0.12610121 3.59093364 0.66073897
v 0.20513415 3.65567309 1.63016774
v -0.51719840 3.34173114 1.92249298
v 0.86228382 3.18830753 -0.41721708
v 0.12753550 3.32576799 0.09227348
v -0.41831554 3.79845459 -0.87804219
v 0.26410913 3.67252308 -1.35693669
v 0.71551151 3.81663486 -0.04296987
v 0.42019326 3.17899569 -0.50678806
v 0.31731963 3.91330058 -1.38487221
v 0.59357082 4.50360457 -0.94765919
v 0.06235264 3.80732301 -0.34715656
v 0.45167616 2.85973268 -0.27886975
v 1.77273768 3.43839688 -0.42741572
v 1.40780232 4.32091524 -0.49082491
v 0.96704204 3.39361137 -0.40834866
v 0.18340653 3.57807444 -0.16225008
v 0.10004341 4.27779253 -1.06516570
v 0.82991411 4.10707552 -1.29530113
v 0.07609868 3.55235603 -0.67794853
v 0.50577347 2.91161290 -0.25625531
v 1.45258776 3.59891522 -0.26068951
v 1.04375378 4.18999517 -0.65400378
v 0.20735126 4.27601884 0.99696284
v 0.68048131 3.47342712 0.61462321
v 1.66010876 4.26670702 0.25811287
v 1.22023530 5.01575559 0.61417980
v -0.73314436 4.56435321 -0.59015118
v -0.20414328 3.86984536 -0.66774984
v 0.40156959 4.46192298 -1.43143139
v -0.09461834 5.10621349 -1.35560636
v -0.57794704 6.10579492 -0.11702115
v 0.48981032 6.10801196 -0.22211189
v 0.46542216 6.57282795 -0.04252645
v -0.52961418 6.57637521 0.05724324
v 0.31909331 3.48761659 -0.50678806
v 0.41043801 2.70719591 -0.05095145
v 1.46278645 2.99807998 0.17031555
v 1.38385757 3.72750726 -0.25270794
v -0.63559178 5.92842659 -0.11923826
v 0.53326559 5.93507792 -0.12411588
v 0.48182877 6.95638696 0.35965624
v -0.60721284 6.94751838 0.36231677
v -0.02455784 3.87161904 1.42353366
v -0.29726167 3.82860721 0.59555615
v -1.14253260 4.04233605 0.89309149
v -0.89676663 4.08446104 1.66741514
v 0.32884857 3.45879424 -0.55911175
v 0.44812879 2.73291435 -0.01148699
v 1.25216160 3.12223781 0.27274576
v 1.14618400 3.80111512 -0.23585795
v -0.44536423 4.15319129 -0.48949464
v -0.74378646 3.34306140 -0.23408426
v -1.34517591 3.73859280 0.18007081
v -1.06316031 4.49163225 -0.06026328
v -0.12299727 5.22516118 -0.77727480
v -0.76107983 4.72575845 -0.62917221
v -1.24230227 5.38567939 -0.65755114
v -0.64756410 5.85171475 -0.79545504
v 0.51153793 3.44593503 -0.82427738
v 0.49202741 3.74036648 -0.06913170
v 0.98699591 4.29508595 -0.30281448
v 1.01094066 4.02725977 -1.00885135
v -0.70964302 4.14166232 -0.91573289
v -0.16689593 4.36170990 -0.25536846
v 0.35057618 4.74881627 -0.85853162
v -0.15802751 4.54173879 -1.47089583
v -0.69678382 4.56967431 -0.12278562
v 0.56164452 4.56923091 0.37606283
v 0.34968934 4.86499256 0.76849025
v -0.82626271 4.87164389 0.31043654
v -1.06892471 3.90842299 0.29402996
v -0.29061034 3.82239932 -0.10150142
v -0.76285352 4.49473621 -1.11527235
v -1.49239168 4.58120323 -0.75554714
v 0.73590890 5.80559909 0.19514711
v 0.74699440 5.17317005 -0.49082491
v 0.53149191 6.28593455 -1.47178264
v 0.51996294 6.88100534 -0.83758003
v 1.21713134 5.53289516 -0.19861060
v 0.29293147 5.43046504 -0.11923826
v 0.11423288 6.52183438 -1.12946182
v 0.97413677 6.62426472 -1.20972092
v -0.11412885 3.55235603 -0.51521307
v 0.42108008 2.89875371 -0.23630135
v 1.61665355 3.87960059 -0.36711051
v 1.10938011 4.48232037 -0.62606825
v 0.40600380 3.55102577 -0.47707885
v 0.44768533 2.73069720 -0.06026328
v 1.05040510 2.91870764 0.16987213
v 1.01404462 3.68360861 -0.21767768
v 0.77847730 4.03125054 0.62570877
v 0.34791565 3.25260355 0.75607447
v 0.03397371 3.57009287 1.37475734
v 0.43438273 4.29685964 1.25503379
v -0.73181408 5.00777404 0.61417980
v -0.87326534 4.23566753 0.21820500
v -1.07734978 4.47832959 -0.10948300
v -0.94787084 5.20021865 0.25545235
v -1.13588127 3.38030875 -0.72051693
v -0.38683268 3.76918882 -0.56531961
v -0.45201553 4.16915444 -1.46734846
v -1.14962733 3.80244539 -1.60303521
v -1.37798913 4.76477948 0.71128898
v -0.94698403 4.95633728 0.03285509
v -1.69902576 5.48943994 -0.25891583
v -2.10841410 5.31650590 0.37029834
v -0.37885110 5.56570838 0.50509828
v -0.98423143 4.85080309 0.43681147
v -1.81475863 5.64995836 0.01511826
v -1.24407601 6.31076623 0.08207480
v 0.54479450 5.09202402 0.53347724
v 0.09206183 4.25961229 0.83899418
v -0.39880503 4.71688997 1.22665486
v 0.02377503 5.49210039 0.94142440
v -0.67993386 3.34483508 -0.87493823
v -0.41299449 3.58871654 -0.03365803
v -1.10085101 3.74347041 0.09848137
v -1.34029832 3.51377842 -0.68814717
v 0.31687620 4.98471621 0.66517321
v 0.23617360 4.11860443 0.74942314
v -0.09772228 4.22945967 1.18586009
v -0.01746311 5.03570957 1.10161011
v 0.65121550 4.09244259 1.24306136
v 0.62771421 4.27335829 0.34724046
v 1.00384593 4.66722684 0.45632198
v 1.01803540 4.49030192 1.29006405
v 0.81173387 5.67035553 -0.75022609
v 0.37673802 5.43401230 -0.06913170
v 0.78468516 5.69696084 0.24037604
v 1.18786559 5.91512394 -0.39726310
v -0.79832718 4.59406247 -1.10950784
v -0.00992496 4.74260836 -0.95253689
v -0.00859469 4.97806488 -1.35604977
v -0.74422987 4.83439648 -1.49351025
v -0.78325090 3.77273619 -0.66686297
v -0.28174193 3.74790462 0.06167744
v -1.40902850 4.58209004 0.82081393
v -1.87251406 4.60248743 0.13927609
v 0.84853776 3.99932424 0.81859679
v 0.36653933 3.43928372 1.18719042
v 0.49202741 3.73770595 1.73570192
v 0.94176696 4.26182938 1.39692846
v 0.28361965 3.32532457 -0.83403266
v 0.42152354 3.44504819 0.14504056
v 1.39405626 3.96917163 -0.09795406
v 1.25836951 3.85388221 -1.00885135
v -0.65377202 5.72312273 -0.23807504
v 0.50355638 5.73864242 0.06655507
v 0.28095912 6.82070021 0.66916398
v -0.79832718 6.80828437 0.38537465
v 1.17766690 5.70982008 -0.17422244
v 0.27297755 5.62690032 -0.25182110
v 0.29027095 6.56351597 -1.00929476
v 1.13376827 6.63535011 -0.93258291
v -0.60455229 4.42733624 -0.44027496
v -0.82714958 3.58960338 -0.44692624
v -1.36956406 3.76697173 -0.26157636
v -1.15893921 4.54705978 -0.25625531
v -0.73314436 4.77852554 -0.91750663
v -0.23207879 4.70358732 -0.22211189
v 0.22508810 5.09956217 -0.55512092
v -0.24892878 5.16297136 -1.19863541
v 0.57627740 3.88580851 -0.04430013
v 0.50133929 3.05882865 -0.31079605
v 0.19626573 3.43085872 -1.25228932
v 0.26987359 4.19797678 -0.99333155
v 0.89653812 3.15859832 -0.54580910
v 0.19005784 3.40336663 -0.07445275
v -0.18640645 3.73282831 -0.88070263
v 0.47695113 3.50091922 -1.31082092
v -0.68037727 4.66545321 0.16011687
v 0.66141420 4.66456629 0.09271690
v 0.64412077 5.19800162 0.80352051
v -0.60676938 5.19888843 0.86559942
v -0.06003151 4.69028478 -0.73648008
v -0.40723004 3.89999798 -0.54004464
v -1.02813005 4.21349652 -0.52895913
v -0.70653911 4.95101617 -0.71209192
v -1.36823384 4.53996505 -0.09884090
v -0.67283913 4.70757820 0.36497729
v -1.46445615 5.25176627 1.28829032
v -2.10974432 5.09291084 0.85185337
v 0.30179989 3.15638123 -0.82693793
v 0.22464466 3.46987976 -0.01326068
v 0.98522228 4.17447549 -0.25004741
v 1.05794324 3.88270455 -1.00840783
v -0.31588534 4.16782416 -0.67883534
v -0.83069694 3.41622584 -0.19994085
v -1.64359811 4.29242540 0.20534579
v -1.15849580 4.98693325 -0.24428293
v -1.14430634 3.31379563 -0.38440391
v -0.28794982 3.55412972 -0.21546059
v -0.11767622 3.69602440 -1.49971817
v -0.91760743 3.47076660 -1.64560361
v 1.10494583 5.63133461 -0.22876321
v 0.30179989 5.39144390 -0.14362640
v 0.11423288 5.83309099 -1.01062498
v 0.86361410 6.05435816 -1.08467627
v -0.69101937 4.09066891 -0.20038428
v -0.57528654 3.00694840 -0.31478686
v -0.45511948 3.14086149 -1.05940130
v -0.56420098 4.15053073 -0.94677238
v 0.56785239 4.51114271 1.09362856
v 0.00825530 4.58164663 0.25057472
v -0.44004318 4.91332547 0.62748245
v 0.09073157 4.84104781 1.40668364
v 0.36343540 5.44642813 -0.45845521
v 0.75364573 4.54883352 -0.23718820
v 1.26014314 4.93771352 0.25279182
v 0.88988679 5.76968180 0.03994982
v 0.63126158 4.53287032 0.98321678
v -0.06047493 4.54528615 0.44922725
v -0.37086953 4.62244140 0.91038492
v 0.27918544 4.60913875 1.40091923
v -0.03830389 5.07073982 0.73523367
v 0.39004065 4.16072943 0.69000478
v 0.97945777 4.48409411 0.66118244
v 0.57760767 5.33158218 0.70330737
v -0.01258548 4.43664801 1.34327455
v 0.40423011 4.79138467 0.74099818
v 0.70132204 5.10532668 1.17832195
v 0.30889462 4.77054388 1.73437170
v 0.83080093 3.18431674 -0.64336168
v 0.20602099 3.42287715 -0.05715934
v -0.09860912 3.68538230 -0.53960123
v 0.48315899 3.46367187 -1.08689342
v -0.69811410 5.03260561 0.53037328
v -0.85951928 4.18999517 0.35522203
v -1.41745357 4.43620460 -0.14673035
v -1.26536021 5.22117030 0.01822220
v -0.31677219 3.75544279 -0.78614321
v -0.60632598 3.02823260 -0.33873158
v -1.79879543 3.54792182 -0.34006183
v -1.52165742 4.22236494 -0.75687741
v 0.42196695 5.15277267 -0.58305645
v -0.54779443 5.16430158 0.21953526
v -1.09286947 6.14891758 -0.52230780
v -0.19571829 6.15113462 -1.27845122
v -0.69501014 5.00644382 0.55387457
v -0.83690481 4.16072943 0.41818779
v -1.94124435 4.50271775 -0.36977104
v -1.81209808 5.29211763 -0.24561321
v -1.38331012 3.84944798 -0.37464865
v -0.56819181 4.00154133 -0.18131717
v -0.49591420 4.83572681 -1.31747225
v -1.25604833 4.68851104 -1.49040629
v 0.66983921 4.05741239 0.69310874
v 0.45921430 3.22245093 0.78400999
v 0.45877089 3.39937585 2.10030472
v 0.65520628 4.17846626 2.02048903
v -0.30657349 3.28586011 1.46698887
v -0.49103656 3.63217180 0.68867450
v -1.78327574 3.80776644 1.10471406
v -1.62054028 3.48628633 1.83281115
v 0.66983921 3.70577965 -0.16668430
v 0.42462744 2.87702611 -0.30591844
v 0.04727633 3.23531014 -1.59416685
v 0.27386439 4.00952294 -1.47089583
v -0.29504455 3.87117564 1.22222057
v -0.50212207 3.08011285 0.91969674
v -1.79613488 3.30004958 1.31799947
v -1.60635082 4.03745841 1.60134540
v 0.12487498 3.68139149 -0.54580910
v 0.49513137 2.92890633 -0.41189603
v 1.52131805 3.38518638 -0.90819475
v 1.17234579 4.08490445 -1.03146577
v 0.26455254 3.91817822 -0.35070393
v 0.48892351 3.07080100 -0.34538288
v 1.08676558 3.26501933 -0.24295268
v 0.87392359 4.05430843 -0.24827373
v 0.48626295 3.10893519 -0.84700271
v 0.17143416 3.39228111 -0.06824486
v 0.99409064 3.90310194 0.04216693
v 1.29251285 3.64192705 -0.68238271
v -0.94598636 5.50318600 0.83322972
v -0.66042334 5.50318600 -0.01015673
v -0.94243899 5.95370146 -0.07090538
v -1.20948916 5.95591871 0.71439293
v -0.99176957 5.20066217 0.56185617
v -1.31103257 4.54484275 0.17386291
v -2.03613655 5.11242141 -0.12988036
v -1.74203756 5.72622658 0.23017736
v 0.95861698 3.27654828 -0.43672760
v 0.26233545 3.47298370 0.01822220
v -0.13496963 4.49739665 -1.08822364
v 0.51331161 4.31648095 -1.51390764
v -0.06490914 6.17153201 0.27673655
v 0.11689340 6.13295449 -0.72982875
v 0.42108008 6.89652502 -0.66287219
v 0.25124991 6.93155528 0.27540628
v 0.94265388 2.98522079 0.10912347
v 0.12886576 3.23309303 -0.15116456
v 0.58558922 3.26989696 -1.42123270
v 1.34483654 3.03931813 -1.17956836
v 0.71728519 4.30317841 0.33571152
v 0.51996294 3.40558374 0.77159421
v 0.31776304 4.06450712 1.94998510
v 0.50000901 4.90623074 1.55301259
v -0.72338907 3.85787299 1.26434556
v 0.03397371 4.12968994 0.81815338
v 0.07255132 4.53420065 1.19650219
v -0.63248782 4.28976490 1.61996915
v 0.29160122 3.32222062 -0.75998137
v 0.33150910 3.31956010 0.14991819
v 0.89742493 3.38562980 0.08961296
v 0.86494437 3.38873375 -0.75865109
v 0.51419848 4.99890568 0.54190219
v 0.05880527 4.12170839 0.77070734
v -0.38771952 4.48631114 1.10205362
v 0.03397371 5.30542028 0.89043099
v 0.66895234 4.85523727 1.08209964
v 0.09738288 4.92042020 0.34901414
v -0.47906421 6.03174352 0.93920726
v 0.05259738 5.97276862 1.62351652
v -0.63780887 5.45795716 -0.28862501
v 0.47828141 5.47303344 0.20889316
v 0.07432500 6.66417267 0.97113356
v -0.96826823 6.65973838 0.51263644
v -0.60854307 3.25659434 1.48383889
v -0.55799312 3.80732301 0.83322972
v -1.25117074 4.16338992 1.12865882
v -1.29107859 3.64591783 1.73215455
v -1.03212083 4.47566904 -0.14717377
v -0.99709057 3.83924931 -0.66819324
v -1.23831150 4.50537831 -1.44118657
v -1.26935098 5.09335425 -0.94943293
v -1.21347993 4.57144794 -0.05671592
v -0.42408003 4.58031641 0.31664444
v -1.00329848 4.88583335 1.45368633
v -1.74026393 4.87785180 1.10781802
v -1.18421418 4.28887803 -0.09263301
v -0.84887718 3.74657437 -0.64025772
v -0.85641532 4.61445975 -1.45448922
v -1.16869450 5.11862922 -0.94278160
v 0.70265232 5.82865692 0.08429191
v 0.69289709 5.18381215 -0.45136047
v 0.21178547 5.93286067 -1.30416960
v 0.21843677 6.53779769 -0.80875763
v 0.74788127 3.66143757 -0.33163685
v 0.28761042 3.09474572 -0.70721428
v 0.34880250 3.50313632 -1.32811435
v 0.77714702 4.02947686 -0.97603813
v 0.97857096 3.11647335 -0.34626972
v -0.04717231 3.30359695 -0.00616594
v -0.23385248 3.43573635 -0.78924712
v 0.72437993 3.26014170 -1.09797892
v -0.84932059 4.41580722 -0.20659217
v -0.79078904 3.60157574 -0.49924992
v -0.67017857 3.79845459 -0.92327103
v -0.72604963 4.55504144 -0.64557877
v 0.27386439 3.68139149 -0.47885254
v 0.54479450 2.72936698 0.01467484
v 0.99409064 2.98921156 0.16721160
v 0.73590890 3.87383614 -0.29438950
v -0.45822342 4.06362025 -0.59768932
v -0.78103381 3.14396545 -0.11835141
v -1.21481026 3.46322845 0.11178400
v -0.91583374 4.32180205 -0.33385394
v -0.36421820 4.39407961 -0.56664989
v -1.05429184 3.93236769 -0.15515534
v -1.43252985 4.55725847 -0.17643956
v -0.78280749 4.97762148 -0.55999856
v -1.01083663 5.16164114 0.04438403
v -1.22057466 4.41669414 0.36276020
v -1.94479183 4.90844777 0.94630199
v -1.74558493 5.60073864 0.64654951
v 0.80286545 4.39141906 0.39113914
v 0.47562085 3.87694009 1.08653382
v 0.55543660 4.48985851 1.52685070
v 0.85962332 4.96210168 0.87269416
v 0.72437993 3.28408643 -0.66819324
v 0.09782631 3.61798233 -0.21102638
v 0.01135924 4.09022550 -0.73381953
v 0.59578791 3.77761383 -1.15917097
v -0.22897485 3.13687071 1.40712715
v -0.25469326 3.59492443 0.64921006
v -1.92927192 3.92704664 0.95384018
v -1.90044958 3.49914553 1.65943359
v 0.96260775 2.90363136 -0.11569089
v 0.14172497 3.28142590 0.02309983
v 0.10226051 3.50845737 -1.08024209
v 0.86760487 3.15549439 -1.20617355
v 0.95861698 5.90403832 -0.69258140
v 0.45655374 5.96877796 0.02265641
v 0.69467077 6.51429624 0.09803795
v 1.16347743 6.45532134 -0.56798016
v 0.99409064 3.52042973 0.75651787
v 0.15369733 3.72928094 0.72414817
v 0.17764206 3.86629799 2.05152841
v 0.96083412 3.67074939 2.07325601
v 0.64101681 3.55235603 0.02753404
v 0.41354194 2.69832750 -0.07445275
v 0.84986804 2.77858665 -1.35604977
v 1.05794324 3.57364023 -1.25051569
v 0.87392359 3.25570750 0.94718886
v 0.32042356 3.75012174 0.47583250
v 0.04461581 4.46813090 1.62307300
v 0.56208793 4.00287161 2.05640610
v -0.92248501 3.61487837 0.76715997
v -0.24715510 3.03887470 0.86027837
v 0.09339210 3.67296651 2.04088641
v -0.53449183 4.21305306 1.96062709
v 0.42196695 6.08406732 -0.57285775
v -0.53848260 6.09825678 -0.07223565
v -0.64312992 6.78433951 -0.38041314
v 0.25036307 6.77990544 -0.85055007
v -0.16600909 5.00777404 -1.04698546
v -0.54158656 5.05344640 -0.23275399
v -0.86351006 5.56349113 -0.45047360
v -0.51453785 5.52180976 -1.20972092
v 0.15724470 4.90268337 -0.78747344
v -0.51187735 4.21438333 -0.56576302
v -1.60324686 5.39011368 -0.36001578
v -0.98290110 6.03484759 -0.56620648
v -0.72737985 3.81353090 1.36012446
v -0.15581041 3.98956896 0.75607447
v 0.44103406 4.80734788 1.61287442
v -0.09683544 4.63663087 2.16903502
v -0.18773671 3.82372959 1.16546270
v -0.38727608 3.03931813 0.76228238
v -1.19086551 3.27034038 0.78888763
v -1.00285508 4.00109793 1.16501930
v 0.85962332 3.15726807 -0.63183276
v 0.18163284 3.57053629 -0.42386835
v 0.25124991 3.94123610 -1.06871307
v 0.88323546 3.55368629 -1.25761042
v 0.67649048 3.02025102 -0.69967614
v 0.16522627 3.35281666 0.22308263
v 0.64766814 3.56432839 0.36054308
v 1.11204056 3.24861276 -0.50412756
v 0.99143009 3.67961781 0.51219301
v 0.58603263 4.42201513 -0.44293546
v 0.86993281 3.50047580 -1.27889462
v 1.27521942 2.75818932 -0.32365527
v 0.57139975 3.76032040 -0.10815273
v 0.33683015 2.69611041 -0.23098030
v 0.11955393 2.87658270 -0.99466188
v 0.33993408 3.86762827 -0.87493823
v 0.08141973 3.23397988 1.66741514
v -0.99531694 3.16480623 1.85054798
v -1.14164578 4.12924653 1.35391665
v -0.06490914 4.19797678 1.17034040
v 0.76340096 3.68227834 -0.01060015
v 0.23617360 2.80918273 -0.33917499
v -0.14073410 3.39405480 -1.13655655
v 0.35678407 4.20019387 -0.81851292
v 0.72837075 5.85836607 -0.80077609
v 0.57006948 5.75105826 0.07941428
v 1.10184197 6.44822660 0.22130894
v 1.24284972 6.54001473 -0.60123669
v -0.26622221 5.18203841 0.85362705
v 0.71772866 5.23846383 1.12245090
v 0.60199578 4.41713755 1.71929542
v -0.38239847 4.36082309 1.45058237
v 0.27741176 4.04322292 0.99563262
v 0.46808271 3.22910225 0.67980608
v 1.30315495 3.48096528 0.63369032
v 1.12756036 4.24010177 0.92767834
v 0.28361965 6.08894480 -0.37819602
v 0.98965646 5.53333856 -0.31922106
v 1.48673120 6.24602681 -0.14584351
v 0.82459306 6.75950806 -0.20215796
v 0.12443156 3.91152689 -0.40125393
v -0.91627715 4.30849940 -0.61719984
v -1.17978000 3.33419298 -1.13611303
v -0.13896042 2.93777475 -0.92016718
v 0.39403142 3.13465360 -0.83846684
v 0.15103681 3.35281666 0.16543792
v 1.40469836 3.97138872 0.29003917
v 1.62773905 3.76608489 -0.64557877
v 0.83346148 5.46372145 0.51928777
v 1.10538934 5.96478707 -0.36888420
v 1.82073793 5.21584919 -0.57285775
v 1.54925358 4.71467294 0.31575759
v 0.09782631 4.17713598 0.96403882
v -0.41432477 3.32266404 0.95694409
v -1.57885870 4.06849789 1.31179166
v -1.09641683 4.86188860 1.31711266
v -0.05914467 3.66941915 1.45723369
v -0.26622221 3.80155855 0.49223908
v -1.44317195 4.50936908 0.88377967
v -1.24407601 4.38255069 1.78181769
v -0.62184572 6.10845537 0.60885875
v -0.74422987 6.58435676 -0.63050249
v 0.58248526 6.58568698 -0.76131165
v 0.70531287 6.10978559 0.47804962
v -0.10614728 4.88006884 1.17078381
v 0.25346703 4.73019263 0.28737865
v 1.42908652 5.28236245 0.71794030
v 1.08410514 5.41716239 1.53793620
v 0.57317344 3.95276507 0.20357211
v 0.10492104 4.17314521 -0.75333004
v 0.70797337 3.40070611 -1.22612753
v 1.17589316 3.18032595 -0.26911450
v 1.00029856 3.24905618 -0.27399214
v 0.02510529 3.39139427 -0.03055409
v -0.16467883 4.05076106 -1.35294591
v 0.74389044 3.91773481 -1.57864705
v 0.10137367 2.74222617 -0.92061059
v 0.97458018 3.42686794 -1.01860653
v 0.39491826 4.23699781 -0.51964725
v -0.47773393 3.55191261 -0.42120786
v 1.36745096 5.17671742 -0.51343939
v 0.63259186 6.24469637 0.34191941
v -0.55355888 6.23183735 -0.66021170
v 0.18074600 5.16385817 -1.51568127
v 1.17678008 5.45973079 0.18007081
v 1.06681171 5.00200964 -0.50146701
v 1.37055492 5.71957526 -0.99776573
v 1.47564569 6.15202143 -0.36711051
v -0.71895489 3.83348485 -0.71696956
v -0.41166424 3.74214016 0.11754847
v -1.31191938 4.05342156 0.44124568
v -1.59038761 4.13589786 -0.33961842
v -1.31236279 2.80519190 -0.61232225
v -0.99487353 3.36567586 -1.51080368
v -1.02990368 4.30894281 -0.93480006
v -1.34783646 3.74834805 -0.03631856
v 0.40289984 3.33641009 -0.82294710
v 0.46896953 3.56078103 0.11178400
v 1.10760638 4.06849789 -0.09618037
v 1.03931960 3.85388221 -0.96539603
v 0.35988803 5.63621230 -0.33429737
v 0.77359965 4.74349528 -0.37110129
v 1.46145623 5.08892007 0.00758010
v 1.07301953 5.92000164 0.04039324
v -0.08841044 4.22458203 0.66472980
v 0.96039072 4.37235200 0.98011282
v 0.90451966 3.45569029 1.59558099
v -0.14428147 3.30803115 1.27986536
v -0.01347232 3.90842299 1.38584295
v -0.56198389 3.96252030 0.63102982
v -1.07424582 4.47300849 1.08875097
v -0.55976680 4.42024151 1.78979924
v -1.18421418 4.86055838 -0.91573289
v -0.43250501 5.28502290 -1.42389325
v -0.15403673 5.77988060 -0.59857619
v -0.90563505 5.35552682 -0.09041590
v 0.21222888 4.59095851 1.22931530
v 0.15369733 4.61357293 0.22396947
v 0.75719310 4.89869249 0.23283788
v 0.81927201 4.88139917 1.16945359
v 0.26854334 4.92441098 -0.22477241
v -0.53759573 5.58920962 -0.43495391
v -0.78413771 5.01708592 -1.29973541
v 0.02200134 4.35239802 -1.08955386
v 0.83168780 3.99001242 1.14506543
v 0.16300917 4.47877300 1.79999793
v 0.21444600 5.34843209 1.20359692
v 0.88323546 4.85967146 0.54855352
v 0.00470793 2.76173669 -0.82383397
v 0.95329598 3.23885750 -1.10640388
v 0.65786683 4.14698337 -0.56398934
v -0.29016694 3.66986255 -0.28153028
v -0.99886430 2.79942745 -0.10283168
v -1.11149311 3.33774035 -1.09975255
v -0.75841933 4.30628226 -0.61631302
v -0.64623388 3.76785857 0.38049704
v 0.74477731 3.51466526 0.03196825
v 0.34702881 2.70497882 -0.11613431
v 0.29115779 2.97856946 -1.21193806
v 0.66230101 3.73105463 -1.06294866
v 0.50843402 2.87392215 -0.66375906
v 0.23173940 3.28586011 0.09715111
v 1.30315495 3.53195867 0.30777602
v 1.55767853 3.14751281 -0.40214075
v 0.96526830 3.01892077 0.52726932
v 0.91516176 3.47786133 1.53749280
v 0.62948790 4.44995066 1.08209964
v 0.67915103 3.99089923 0.07143270
v 0.02554871 4.98072544 -0.58704722
v -0.40235239 4.06849789 -0.62473803
v -1.50924169 4.63840450 -0.66863665
v -1.09863398 5.48323202 -0.63316299
v -0.10925122 4.13146362 -0.95342370
v -1.13410764 4.37944674 -0.79589844
v -1.42499171 3.44460477 -1.21858939
v -0.39969187 3.19717595 -1.37600374
v 1.02113936 5.17183972 0.24702735
v 0.81749833 4.57765586 -0.33385394
v 0.93467223 5.59453072 -1.36092746
v 1.12401299 6.14492670 -0.81585237
v -0.10038281 4.03346763 -1.21903280
v -0.19616171 4.40738226 -0.44736970
v -1.36335615 5.12483714 -0.98357627
v -1.26580362 4.77143080 -1.69925752
v 0.08275000 4.16782416 -0.37597893
v -0.79123245 4.73684395 -0.01148699
v -1.46135219 4.08401764 -0.59813278
v -0.58770233 3.51466526 -0.96317899
v 0.32973541 3.50535342 -0.45668152
v 0.41176825 2.69965777 -0.07400933
v 1.62640872 2.90717872 0.01777878
v 1.55058380 3.65789020 -0.33917499
v -0.56863522 4.44462956 1.21778639
v -0.78325090 5.73420813 0.21687473
v 0.82592334 5.73199110 -0.13076720
v 1.04064982 4.44241252 0.87003361
v -0.74999432 5.35020572 -0.08066064
v -0.87149166 4.56878739 0.49711670
v -0.91494687 5.49165698 1.66342437
v -0.80143114 6.21676085 1.12112068
v -0.97580637 5.14035694 -0.38307366
v -1.26536021 5.57546356 0.52638250
v -1.91242201 4.76965707 0.70552452
v -1.62275743 4.33510471 -0.20393165
v -0.53138787 4.33865207 -0.63138930
v -0.86395346 3.57851786 -0.39504601
v -1.63384293 4.07692290 0.01334457
v -1.33054303 4.78961104 -0.20348821
v 0.38294591 3.47919160 -0.46732362
v 0.54080373 2.72581962 -0.05228171
v 1.53284697 2.95196421 -0.08509485
v 1.39272604 3.65522968 -0.47220126
v -1.15184448 3.98114400 0.87668493
v -1.77529419 4.71955053 0.38315756
v -1.01261036 5.47392025 0.54677983
v -0.38904977 4.73551362 1.04086146
v -0.66264043 5.03216220 -0.00128831
v 0.61175106 5.03216220 0.11843531
v 0.48138531 5.88231072 0.97523524
v -0.70609565 5.87654642 0.85850469
v -0.92159820 5.97010818 -1.08290253
v 0.33683015 6.68501325 -0.92371455
v 0.12664866 6.73512000 0.51618381
v -1.13233391 6.02065813 0.35743915
v 0.39757879 3.34439166 -0.58438672
v 0.71373783 2.86283664 0.04394061
v 1.42465234 3.20338384 -0.09839748
v 1.13199454 3.65256915 -0.68415639
v 0.44768533 5.29123082 -1.09487496
v 1.13243794 6.03928166 -0.85498425
v 0.46143139 6.43048988 -0.16003297
v -0.22321038 5.68232796 -0.39992366
v 0.93422882 2.85751559 -0.08731196
v 0.29426175 3.35370350 -0.30724869
v 0.73723917 3.58738628 -0.95164997
v 1.33641158 3.12667202 -0.75111295
v -0.02411442 4.05962948 -0.37331841
v -0.80985615 4.79448863 -0.31833422
v -1.49372190 4.09776364 -0.77417084
v -0.70786933 3.36301534 -0.82959843
v -1.15140107 4.61933745 0.73079949
v -0.30036560 4.63796109 0.16100371
v -0.65155493 4.94835562 -0.28153028
v -1.44627591 4.93194912 0.24747077
v 0.25524071 3.78603881 -0.28818161
v 0.36520908 2.88190375 -0.29571975
v 0.92580386 2.98256026 -0.32010791
v 0.83434829 3.82639012 -0.31345658
v 1.10405901 3.68405202 -0.15870271
v 0.42285376 4.17491889 -0.76219846
v 0.36919985 3.34439166 -1.37644715
v 1.05040510 2.85352482 -0.77239715
v 0.81971542 3.26679302 -0.47264467
v 0.04239870 3.34572192 -0.00394884
v -0.20414328 3.50712711 -0.50767493
v 0.51818925 3.43484951 -0.94810260
v -0.08885386 4.65215056 0.79642578
v 0.95595643 4.87120048 0.36985494
v 1.42509575 4.18955177 1.16723644
v 0.38072880 3.97005844 1.59425066
v 0.62194976 2.86239323 -0.62296435
v 0.17143416 3.29517195 0.04881824
v 1.00207219 3.64192705 0.32950363
v 1.41755761 3.23664040 -0.29793686
v 0.03840791 3.60734022 -0.52851567
v 0.48227218 2.90451817 -0.16402377
v 1.18653526 3.48229554 0.01467484
v 0.78202466 4.14432287 -0.32276843
v -1.02014850 4.04499660 0.59422588
v -0.51586813 4.79847941 1.17255744
v -0.39038004 4.09687683 1.97792063
v -0.89454954 3.34306140 1.39958890
v 0.64367736 3.68050465 -0.03853566
v 0.33372619 2.86106296 -0.26512372
v -0.22853143 3.37099691 -1.20661696
v 0.05791843 4.13678467 -0.99998288
v -0.66175357 4.50803875 0.52150486
v -0.13408279 4.86233201 1.37298371
v -0.65332861 4.16516361 1.98457195
v -1.18066682 3.81087038 1.13309300
v 0.13950786 3.26989696 -0.77239715
v 0.27608148 3.33729693 0.11488794
v 1.30049451 3.63704941 -0.09972774
v 1.17766690 3.57541392 -0.92726192
v 0.29027095 3.01271288 -1.03634336
v 1.12534321 3.68582570 -0.96716976
v 0.50089583 4.40959941 -0.47530517
v -0.33362218 3.73637568 -0.54492228
v -0.73314436 5.07606082 -0.29261581
v -0.16911304 4.52444536 -0.79944581
v 0.26943018 5.58654917 -1.38708925
v -0.26090115 6.09071864 -0.90908157
v 1.11071034 4.70979524 0.62925614
v 0.06323948 5.90935943 0.73035608
v -0.10481701 5.89650018 -0.85631458
v 0.94265388 4.69649259 -0.95741448
v 1.10095505 4.77941235 -0.66420247
v 0.39447486 4.92441098 -0.19772376
v 1.20338528 5.83397802 0.67138107
v 1.85798522 5.69474380 0.23239446
v 0.04638949 4.66101892 -0.77328397
v -0.23252221 3.84324011 -0.64779591
v -1.58551002 4.25517805 -1.17247362
v -1.33231677 5.01885955 -1.29219717
v -1.03300764 3.98956896 -1.19420123
v -0.32386692 4.41447699 -1.84835788
v -0.29194062 5.28191905 -1.24962877
v -1.00108134 4.85656760 -0.59591564
v 0.66762206 3.67429676 -0.10150142
v 0.25878808 2.94708660 -0.39504601
v -0.15492357 3.59049022 -1.31303796
v 0.22420126 4.27069779 -1.04299469
v 0.24504202 5.96168322 -0.40391443
v 0.89299075 5.31074139 -0.36799736
v 1.70356397 6.17729652 -0.01592120
v 1.10760638 6.79232128 -0.04607382
v 0.50133929 3.49471132 1.50467968
v -0.58858914 3.89778089 1.99388372
v -0.68481145 4.75413738 1.07323117
v 0.40511696 4.35106780 0.58447059
v 0.86627459 3.32266404 0.98366019
v 0.30224332 3.75854672 0.45233121
v -0.01258548 4.32756646 1.31578243
v 0.51464189 3.91862163 1.80709266
v -0.05204994 3.60778364 -0.55024333
v 0.55854056 3.04419575 -0.27487898
v 1.29073922 3.78116120 -0.48993810
v 0.72526680 4.31027314 -0.74756559
v 0.62727081 4.83528340 -0.64779591
v -0.26267483 5.69474380 -0.67528798
v -0.93711794 4.97230037 -1.42078929
v -0.04672889 4.11283998 -1.39329717
v 0.66141420 3.91773481 0.30954970
v 0.29603543 4.26182938 -0.67484457
v 0.87702754 3.46278502 -1.17025648
v 1.24240631 3.11824704 -0.18530797
v -0.17842487 4.78872412 0.91171519
v 0.29692227 4.09643342 0.68867450
v 1.16835502 4.70403084 0.80174683
v 0.72038915 5.34621505 1.00937857
v -0.93623107 3.81308749 -0.19373296
v -0.49325365 3.03399708 -0.36799736
v -0.14915910 3.48318238 -1.32988798
v -0.56021021 4.21127937 -1.17291703
v 1.29827736 3.31157852 0.74498896
v 0.89831174 3.39272453 1.73304137
v 0.49867874 4.35461517 1.49226395
v 0.89875515 4.27335829 0.50421143
v 0.68580236 3.72174280 -0.23807504
v 0.13463023 3.20515752 -0.61675643
v 0.04550265 3.70755334 -1.10463025
v 0.55854056 4.19309913 -0.75599060
v 0.85430227 3.93680192 0.36320361
v 0.55632347 4.46458353 -0.51565648
v 1.03798937 3.72839410 -1.12103675
v 1.33641158 3.20116673 -0.24162240
v -1.23964183 3.10095361 0.08517875
v -1.35005360 3.33774035 -1.01505916
v -0.72338907 4.26892411 -0.87759878
v -0.61297730 4.03213736 0.22308263
v -0.78990223 3.41888636 1.18674690
v 0.01889740 3.65212572 0.52593904
v 0.49601824 3.84678748 1.24971269
v -0.26178799 3.62773759 1.85985975
v 0.14881970 3.72706385 1.68825593
v -0.96560767 3.97227559 1.61243090
v -0.74999432 4.68762423 0.74676264
v 0.36476565 4.44241252 0.82214416
v 0.73058785 3.70045860 -0.26601056
v 0.30046964 2.93600106 -0.41322625
v -0.01036838 3.23664040 -0.86562635
v 0.38738012 3.95143479 -0.73248925
v 0.67427339 3.96961503 0.05458271
v -0.07998545 4.12126499 -0.63626695
v 0.32751830 3.38829032 -1.24164722
v 1.08144459 3.23664040 -0.55024333
v -0.90208768 4.29198199 0.07453665
v -0.56819181 3.69203359 -0.61941698
v -0.50212207 4.54617297 -1.26958274
v -0.81384692 5.10089239 -0.61941698
v -0.92691925 4.98915039 -0.47663545
v -1.28841804 5.53378197 0.36586413
v -1.91463905 4.71201239 0.62836927
v -1.55314032 4.16738075 -0.21368691
v 0.72526680 3.68937307 -0.22521585
v 0.35146302 2.90274449 -0.37686577
v -0.03431310 3.26945354 -1.15251964
v 0.31155515 4.00464529 -1.01550257
v 0.63702604 4.99003721 1.08165624
v 0.01535003 5.09468458 0.42705621
v -0.26311825 5.90935943 0.87402443
v 0.31731963 5.80870294 1.48250867
v 0.40156959 3.64902179 0.46696408
v 0.69112341 3.90576244 -0.60522751
v 1.18875240 2.88589452 -0.71519588
v 0.89964207 2.62915385 0.35743915
v 0.25657096 4.05962948 0.95738755
v 0.38383276 3.21092199 0.73789423
v 1.53107334 3.37498770 0.91038492
v 1.41401024 4.16605048 1.11535616
v -1.18288396 4.02371240 -0.85276722
v -0.64667728 4.26271619 -1.75025098
v -0.28218536 5.16164114 -1.29264068
v -0.81828116 4.92219383 -0.39548942
v 0.86494437 5.41228469 -0.63449326
v 1.12445640 4.83129252 -0.09085932
v 1.93780113 5.73376473 0.44080227
v 1.69779957 6.27750960 -0.06425407
v 0.95773016 3.18165622 -0.38706444
v 0.15325391 3.37144033 -0.09795406
v -0.20369986 3.69159019 -1.40793004
v 0.54701159 3.51377842 -1.67353914
v -1.46711670 3.66764546 0.30555890
v -1.43563381 4.35062439 -0.53472359
v -0.64401673 4.90933459 -0.05139487
v -0.67505622 4.22679912 0.78888763
v 0.23173940 3.04375234 -0.86740009
v 0.23617360 3.38607322 -0.06913170
v 1.55989568 4.03701500 -0.38928156
v 1.55989568 3.71952569 -1.13433940
v 0.67915103 3.87605323 0.79066132
v 0.34747225 4.55193748 1.57340987
v 0.26854334 5.35464001 0.84653232
v 0.60022209 4.67919927 0.06389455
v 0.80463914 3.57674418 -0.20393165
v 0.30534725 2.91161290 -0.42830259
v -0.00549075 3.57763102 -1.58928915
v 0.46010111 4.19664650 -1.37866430
v 1.18431822 2.99320236 0.87446784
v 0.84543385 3.48584291 1.78226109
v 0.84809435 4.44152571 1.26434556
v 1.18697877 3.94877424 0.35655231
v 0.18384995 3.15904175 -0.87139086
v 0.43970378 3.42199031 -0.10504879
v 1.46722074 3.83703222 -0.62429457
v 1.23132080 3.59359417 -1.33964326
v 0.05038028 4.16117283 0.95605727
v -0.31145114 3.20116673 0.92501779
v -1.65290999 3.73327175 1.25104302
v -1.31768389 4.62909262 1.28030877
v 0.82414965 5.21673623 0.96137832
v -0.26400509 6.24292275 0.60885875
v 0.18695389 6.21676085 -0.85986195
v 1.27521942 5.19046348 -0.50723147
v 0.80996019 3.57541392 -0.27354870
v 0.26100517 3.00384446 -0.56088543
v 0.15148023 3.62951127 -1.50326554
v 0.66274447 4.16472020 -1.23898667
v -0.01790653 6.01489361 -0.36311971
v 0.61042079 5.51072414 -0.50944861
v 1.28940889 6.37328861 -0.35203421
v 0.69866155 6.83710671 -0.21679084
v 0.87170655 3.50491000 0.50332459
v 0.90718022 3.88713879 -0.54137491
v 1.08986954 2.85396822 -0.91351586
v 1.05439588 2.47162859 0.13173794
v 0.20735126 3.26413249 -0.89178825
v 0.62682734 3.45835082 -0.19994085
v 1.23619839 3.75145199 -0.68814717
v 0.84765095 3.57186655 -1.33520908
v 0.36166171 5.95591871 0.42129175
v 0.16655653 6.55509101 -0.39238551
v 1.04597092 6.24691363 -0.82959843
v 1.24063268 5.64774111 -0.01592120
v -1.33142985 4.51779403 -0.37021445
v -0.96427745 5.06852268 -1.40039190
v -0.15891436 5.73154769 -0.75909450
v -0.52606682 5.18115160 0.27097208
v 0.19936969 5.01220822 0.58668774
v 0.06013553 4.99890568 -0.68992085
v 0.75408914 5.62246625 -0.71874325
v 0.87791436 5.62956098 0.47184173
v -1.30615487 2.94886028 -0.31123949
v -1.20904575 3.88536510 -1.23056171
v -0.86750083 4.75768474 -0.30591844
v -0.96472086 3.82062564 0.61329299
v -1.10395497 3.95232161 0.48824828
v -0.87947321 4.19620309 1.53837972
v -1.05296162 3.14618254 1.81950850
v -1.27733253 2.90230108 0.76937712
v 0.61751552 3.37853507 -0.76929319
v 0.16212233 3.47697449 -0.02966725
v 0.74921149 3.98424791 0.22396947
v 1.17012876 3.88891247 -0.46732362
v 0.05570133 6.08584095 -1.05585393
v 0.96393808 6.37683586 -0.80654054
v 0.64234709 6.60652777 0.09626427
v -0.26577878 6.31564371 -0.15293824
v 0.96482490 3.46588897 -0.31877763
v 0.13507366 3.45524687 -0.05139487
v -0.13940384 3.79402039 -1.00973816
v 0.63480895 3.80377564 -1.25761042
v 0.51153793 5.38390576 -1.12946182
v 1.12002221 6.13694515 -0.76352874
v 0.34082092 6.48192664 -0.17688296
v -0.26755246 5.72844384 -0.54226173
v -0.93002321 5.00954778 1.36588897
v -1.67153364 5.65040177 0.69576923
v -0.74511668 6.19680709 0.19337343
v -0.00371706 5.55595299 0.86293887
v 0.62239316 3.84900457 0.01556168
v 0.50178270 3.05572469 -0.30636185
v 0.17631179 3.62108626 -1.50237872
v 0.28628017 4.36481386 -1.21193806
v 0.73058785 4.13811495 0.12464320
v 0.20025653 4.29830071 -0.71608269
v 0.76916547 3.62507706 -1.20395652
v 1.29960758 3.46455871 -0.36267631
v 0.01180266 3.76076384 -0.48727755
v 0.45478006 3.04153522 -0.33119341
v 1.85044708 3.95010452 -0.28640792
v 1.44194566 4.62332822 -0.43140655
v 0.31687620 4.64682946 -0.28419080
v -0.54823783 5.11818581 -0.76707610
v -0.63958255 4.25828201 -1.44251690
v 0.22508810 3.78692565 -0.95963162
v 0.82636675 3.69070335 0.00846694
v 0.38738012 3.08277337 -0.40169734
v -0.01923679 4.13589786 -1.47222605
v 0.38738012 4.70935183 -1.09664859
v 0.66052733 5.48278862 0.62748245
v 0.55188924 6.35865552 -0.18309086
v 1.35858259 5.81225020 -0.88114615
v 1.46677722 4.93682671 -0.07001854
v 0.23927756 3.48806001 -0.80432345
v 0.43083536 3.50712711 0.02088273
v 1.51023255 4.05386502 -0.27310530
v 1.33552466 4.03790187 -1.04299469
v 0.61840239 3.78426513 0.06256429
v 0.38516300 2.88633793 -0.34804340
v 0.16566969 3.58782970 -1.64826416
v 0.38471960 4.42068491 -1.25761042
v -1.16736417 4.43310064 -0.88247637
v -0.71363384 5.20509635 -1.43763920
v -0.57085231 5.75815299 -0.55246042
v -1.02458268 4.98648984 0.00314589
v 0.13995128 3.85654271 -0.43539732
v 0.65609315 3.20471410 -0.38573419
v 1.51244958 3.90709271 -0.63404985
v 1.02779068 4.51158612 -0.67927875
v 0.94265388 4.30894281 1.15171675
v 0.35456698 5.20742424 1.68692560
v 0.40068275 5.84328979 0.67093767
v 0.98876965 4.94480825 0.13528530
v 0.34658541 3.44283109 -0.82693793
v 0.46098798 3.59492443 -0.01636462
v 1.32842992 4.26227278 -0.29305922
v 1.22733003 4.12525576 -1.05008942
v 0.51597216 3.77450987 -0.11303036
v 0.33505646 2.99630630 -0.45446443
v 0.11378946 3.53994025 -1.48065111
v 0.28361965 4.26271619 -1.15784075
v 1.27255898 4.42733624 -0.00838305
v 0.49158400 5.71735822 0.61905744
v -0.54202997 5.70671623 -0.64513536
v 0.23883413 4.41669414 -1.27268670
v 0.90939725 3.47874817 0.95162304
v 0.22464466 3.77362303 0.44922725
v -0.08131571 4.05120447 1.09540229
v 0.55987084 3.77406646 1.55877700
v 0.90052889 3.41533900 -0.59901960
v 0.24770255 3.73814936 -0.20925270
v 0.27076043 4.26360306 -0.67528798
v 0.87924469 3.96385058 -1.03900391
v -0.11545911 2.96925764 -0.97648153
v 0.87348018 3.42199031 -1.13345259
v 0.60243924 4.24763991 -0.46067230
v -0.38683268 3.79490723 -0.30370132
v -0.49103656 4.88583335 -0.49038150
v -0.72161539 5.78387127 0.34457993
v -1.58373639 5.06098454 0.88377967
v -1.35315756 4.16294652 0.04881824
v -1.18554441 3.48406922 -0.35425130
v -0.10880780 3.57940470 -0.16934482
v -0.02766179 3.66675862 -0.91661982
v -1.02857346 3.57940470 -1.10152629
v -0.13363937 4.59184533 0.69488242
v 0.98655250 4.88938072 0.43237726
v 1.37853657 4.18023994 1.30159297
v 0.25834465 3.88270455 1.56409810
v -0.76418379 5.35907430 -0.57374462
v -0.71052988 6.17197541 0.30733258
v -1.59570872 5.60384249 0.88555335
v -1.64936262 4.79094127 0.00447616
v -1.53629030 3.61177442 -0.05405539
v -1.30482465 4.21615702 -1.11039465
v -0.51409444 4.95899772 -0.51166570
v -0.74600355 4.35461517 0.54411934
v 0.56075765 5.22072689 0.23727209
v -0.39614450 5.20653742 -0.56620648
v 0.24770255 6.24114912 -1.26470516
v 1.13199454 6.23937549 -0.50678806
v -0.81783770 3.72706385 1.18142591
v 0.00825530 3.87339273 0.66827717
v 0.37363406 4.45748880 1.50113231
v -0.39880503 4.31692436 1.97304293
v 1.26989843 4.74127813 -0.94100787
v 1.90631813 5.23136910 -0.26468029
v 1.18387481 5.98075017 -0.12855009
v 0.54745506 5.49077016 -0.80432345
v -0.79965746 4.09953732 0.27407602
v -0.68392463 3.40381005 -0.26734081
v -0.59124969 4.19708991 -1.21149466
v -0.69855751 4.84814254 -0.70987483
v -0.02987889 4.27069779 -1.27224330
v -0.41255109 4.52089799 -0.55778147
v -1.27023780 4.98515962 -1.22479720
v -0.90785214 4.74925968 -1.88649199
v -0.82981007 3.91684794 0.40355492
v -0.43915634 4.70092688 1.04263520
v -0.35889715 3.99400319 1.86119008
v -0.74999432 3.21003515 1.22222057
v -0.87636925 3.70710990 -0.86562635
v -0.30213928 3.85077825 -0.02345936
v -1.15361811 4.68806763 0.36542073
v -1.69104421 4.55681507 -0.41810390
v 0.90584989 3.55191261 0.41375358
v 0.82769702 3.85343880 -0.62739853
v 1.02379991 2.83091034 -0.93879083
v 1.10139846 2.52894077 0.10247216
v -1.21303652 3.73903620 -0.44825651
v -0.31233798 3.88447824 -0.01503436
v -0.05249336 4.94525177 -0.99377496
v -0.89188899 4.80912151 -1.39728794
v 0.19360521 3.59492443 0.67315476
v 0.39846563 4.13634127 -0.57374462
v 1.08942614 3.00916551 -0.94987634
v 0.88456569 2.46763781 0.29713392
v -0.77039171 3.88713879 -0.87892901
v -0.45378921 3.96651108 0.06300771
v -1.30704179 4.67742553 0.24880103
v -1.59659553 4.59849665 -0.63050249
v -1.45159690 3.54393104 0.20135501
v -1.50126004 4.07559263 -0.96096185
v -0.54247338 4.86011497 -0.64291827
v -0.49281024 4.32889679 0.51928777
v -1.20106420 3.90088479 -0.43761441
v -0.28617613 4.06095975 -0.13608825
v -0.24316431 4.88317280 -0.82294710
v -1.09553002 4.73462681 -1.10463025
v 0.37496434 5.38257553 -0.28374740
v -0.70964302 5.79007918 -0.40967889
v -0.79965746 5.23491636 -1.43054447
v 0.28450649 4.82730175 -1.30416960
v -0.30125244 4.38476784 -0.44603942
v -0.94787084 3.68848623 -0.29305922
v -1.72252710 4.47611245 -0.23053690
v -1.11548400 5.12128977 -0.37331841
v -0.86129297 3.73061122 -0.45402097
v -0.64490360 4.27557544 -1.38487221
v -0.25114589 5.11995955 -0.79944581
v -0.46753527 4.57499531 0.13173794
v -0.64800756 5.54176352 -0.03410146
v 0.56740898 5.54664122 -0.04385671
v 0.52129321 6.53646747 0.64654951
v -0.61120362 6.53513703 0.65674820
v -1.31369301 4.01972158 0.59954693
v -1.50835477 4.43753482 -0.35513814
v -0.57927732 4.94702540 -0.32232500
v -0.38417215 4.52932295 0.63280350
v -0.89454954 4.03745841 -0.78215239
v -0.55400234 4.26848070 0.04793140
v -0.96959845 4.86233201 0.01068405
v -1.28664441 4.64638605 -0.76308533
v 0.36254856 4.52488877 -0.26512372
v -0.43871290 5.13237528 -0.71209192
v -0.73225749 4.28089649 -1.34363404
v 0.06900395 3.67340992 -0.89666584
v 0.60731683 3.88891247 -0.12012510
v 0.41708930 3.08099969 -0.40125393
v 0.16478285 3.33153246 -0.85409744
v 0.33771699 4.08845182 -0.59946300
v 0.86361410 3.94700056 0.65763507
v 0.53769977 4.72708867 1.58050460
v 0.10580788 5.54486759 0.73745082
v 0.43172218 4.76477948 -0.18575138
v 0.80109177 5.63133461 -1.21016433
v 1.49737330 6.20478864 -0.52363808
v 0.60332605 6.63446330 0.02487351
v -0.09328807 6.06100949 -0.66154192
v 0.08230658 3.31778641 -0.79412476
v 0.44679851 3.48584291 -0.04119619
v 1.17678008 4.03657159 -0.55246042
v 0.83567857 3.87871378 -1.25361965
v 0.17453811 2.74843404 1.23951400
v -0.83202716 3.43484951 1.77294933
v -0.41432477 4.53242691 1.14861279
v 0.59224055 3.84590061 0.61506667
v -0.69501014 3.16214569 -0.87937241
v -0.27420379 3.55634682 -0.17510928
v -1.29595618 4.18334390 0.03684588
v -1.68794025 3.81530459 -0.61941698
v -0.89410608 4.86277541 1.01070890
v -0.79123245 6.01311998 -0.08332117
v 0.79222335 6.01134636 0.06389455
v 0.68934972 4.86100179 1.15792456
v 0.93334200 3.07878257 -0.47663545
v 0.14793286 3.36345876 0.14991819
v -0.32785769 4.27690566 -0.94012105
v 0.40777748 4.00508870 -1.51612478
v -1.25560492 3.19495884 -0.09751063
v -1.26979439 4.01839135 -0.84389875
v -0.74999432 4.68274664 -0.12056852
v -0.73580486 3.85920326 0.62570877
v -0.38904977 5.08980688 0.83500340
v 0.56918266 5.30187302 1.18275613
v 0.55188924 4.43487438 1.75875986
v -0.40634319 4.22280834 1.41111793
v -1.09819057 3.15505095 -0.56842357
v -0.39614450 3.59536785 -0.23053690
v -0.17266040 4.10574524 -1.44783789
v -0.82537589 3.69779808 -1.76898537
v 0.56297474 4.62864922 -0.36178946
v -0.34116032 5.48057158 -0.58616040
v -0.91627715 4.66589662 -1.36092746
v -0.01169864 3.81397434 -1.13655655
v 0.27741176 5.73864242 -0.65932483
v 0.84543385 5.08537270 -0.28640792
v 1.60689826 6.24602681 0.50997592
v 1.08188800 6.86060795 0.16676818
v 0.11556314 4.55814529 -0.95031975
v -0.39969187 3.91241376 -0.70100641
v -1.54471536 4.66589662 -1.21459862
v -1.06848131 5.27039002 -1.44828130
v -0.81029956 3.59980206 -0.71120505
v -0.51187735 4.55371111 -1.50681290
v -0.52118918 5.37370717 -0.52762885
v -0.81961138 4.41979799 0.26831155
v -1.00994981 3.73814936 -0.29261581
v -0.47950762 3.04552602 -0.49082491
v -0.24937221 3.59891522 -1.68595486
v -0.74201278 4.24852672 -1.50991686
v -0.87769952 3.91197035 -0.39903679
v -0.60056152 3.09518916 -0.57019725
v -0.57927732 3.40159295 -1.84968810
v -0.83734821 4.16472020 -1.69792729
v -0.82670611 3.97404927 0.37340230
v -0.70476543 4.17935307 1.46166787
v -1.00019453 3.12977598 1.69269011
v -1.12169181 2.92491556 0.60398111
v 0.21178547 4.85390705 1.28119558
v 0.11245919 4.89470171 0.34457993
v 0.89786834 5.77101224 0.34236284
v 0.98256173 5.72356614 1.21601276
v -0.19882223 5.19667129 0.85140996
v 0.49956561 4.57144794 0.74986660
v 1.25038786 5.46948596 0.71572316
v 0.59889187 6.05169750 0.81017183
v -0.68880228 5.71070690 -1.27933803
v 0.44369455 6.55464760 -0.80875763
v -0.15181962 6.59366875 0.55476144
v -1.28442726 5.75017144 0.08429191
v -0.71052988 3.99045583 -0.85542766
v -0.56154048 4.06007288 0.09316032
v -1.36557329 4.81710306 0.12464320
v -1.50303378 4.75059001 -0.75953796
v 0.89166042 4.70314392 -1.12591445
v 0.81661146 5.91335031 -0.06780144
v -0.78857195 5.91778438 -0.18619481
v -0.71363384 4.70713469 -1.24430777
v 0.01401977 3.86541113 -1.06383548
v -0.96294723 4.34973758 -0.98401978
v -1.45292723 3.39671532 -1.19952223
v -0.47596025 2.91249977 -1.27933803
v -1.03300764 6.27218849 -0.60877488
v 0.09871315 6.75196991 -0.99820925
v 0.50178270 6.79498172 0.22574315
v -0.62982727 6.31520030 0.61551008
v -0.67638649 4.22591230 -0.09928432
v -0.72915353 3.34705219 -0.28818161
v -0.68436804 3.51821263 -0.93746050
v -0.63470491 4.33820856 -0.76707610
v -0.44846816 4.77763861 0.09049980
v 0.44768533 5.48323202 0.62703899
v 0.54169054 4.64904660 1.56764547
v -0.35490638 3.94345319 1.03110629
v -1.14829711 4.07958340 -0.92371455
v -0.83779168 4.34619021 -0.21723427
v -1.35493119 4.88450302 -0.22831978
v -1.64803240 4.64017824 -0.88691055
v 0.14837628 3.38474296 1.67007569
v -0.92026792 3.96828476 1.77117559
v -0.53670892 4.80956491 0.97257468
v 0.53193531 4.22635571 0.87136388
v -1.17490231 3.76874541 -0.19994085
v -0.28351561 3.76830198 -0.09706721
v -0.23296563 4.08180049 -0.80476686
v -1.06227350 4.08667813 -0.91085531
v 0.11911051 3.82639012 -0.40923548
v 0.73635230 3.09873652 -0.27798291
v 1.35281808 3.64192705 -0.45446443
v 0.77315625 4.31736787 -0.57551830
v 0.09871315 3.58516917 1.78492165
v -0.97580637 4.08623473 1.71308750
v -0.56198389 4.85745442 0.91038492
v 0.51242480 4.35638891 0.98232997
v 1.51910091 5.07827797 -0.13697509
v 0.74389044 5.36173474 -0.20260137
v 1.07479326 6.05391476 -0.72495111
v 1.79723669 5.78830556 -0.66331560
v 0.30313016 3.75189542 1.70200199
v -0.62716677 4.16028602 1.99166669
v -0.55089838 4.88051225 1.22266409
v 0.37939855 4.47212168 0.93255598
v 0.43438273 5.70006490 -0.83624975
v 0.33949067 5.43711636 -0.04917776
v 1.28364449 6.05568838 0.23638525
v 1.36922469 6.29879380 -0.49836305
v 0.13862102 5.90625558 -0.34671316
v 0.61840239 5.24245450 -0.51077884
v 1.54215885 5.87787664 -0.18752506
v 1.08809591 6.49212523 -0.03720540
v 0.00337767 4.03435450 -0.70100641
v -1.07868000 4.25739514 -0.82782474
v -1.22988654 3.26014170 -1.29485772
v -0.14782884 3.03665761 -1.16848285
v -0.32209324 4.14742677 -0.41854730
v -0.71673775 3.39449822 -0.17289219
v -1.80589016 4.25473464 0.60353770
v -1.44051140 4.95811091 0.37606283
v -0.94421268 4.70802161 1.32066002
v -1.69104421 5.46150442 0.72370476
v -0.73048381 6.07741599 0.30068129
v 0.01579345 5.32404404 0.89752572
v -0.52828391 4.24808332 0.28205760
v -0.80010086 3.50180606 -0.08997248
v -1.23387732 4.20285442 -1.10906443
v -0.98068406 4.89869249 -0.76219846
v 0.89875515 4.44906385 -0.83935371
v 1.60379430 5.14390430 -0.42785918
v 0.81084700 5.84417661 -0.25137766
v 0.10536446 5.14922530 -0.66331560
v -0.68392463 4.23300704 0.90728096
v -0.19616171 3.59359417 1.18275613
v 0.40068275 4.43975197 2.00186527
v -0.05293678 5.03659638 1.74634402
v 0.56120106 3.53461920 0.46252988
v 0.48537614 4.30716918 -0.30192764
v 0.80419568 3.59004680 -1.05807097
v 0.87968810 2.81760769 -0.29305922
v -1.08267077 4.00686238 0.32196549
v -0.34293400 3.98203082 -0.11968168
v -0.80320482 4.79360182 -0.86030536
v -1.48884431 4.80956491 -0.44204865
v 0.54213401 3.74169673 -0.05627250
v 0.37629459 2.88988530 -0.28108687
v -0.03741705 3.29960616 -1.37023923
v 0.11999735 4.09111237 -1.15384987
v 0.40156959 5.46948596 0.36808125
v 0.39624854 6.30677535 -0.25980267
v 1.16303402 5.88231072 -0.83225898
v 1.16835502 5.04457804 -0.20437506
v -1.42587852 4.07293208 -0.35070393
v -0.62539308 4.21970438 -0.47574863
v -0.89587976 4.85257672 -1.26115779
v -1.64182448 4.71600316 -1.14498150
v 1.30093791 5.88053709 0.16632476
v 0.11644998 6.71294877 0.53170355
v -0.34648137 6.67747511 -0.88735396
v 0.83833912 5.84506342 -1.25273273
v -1.06582086 4.21349652 0.32950363
v -0.44935500 4.20152414 -0.23630135
v -0.80098773 4.78428994 -0.58438672
v -1.37488517 4.79360182 -0.05582908
v -0.04805915 4.31914150 0.84431523
v -0.52961418 3.57541392 1.14151806
v -1.03965897 4.11239657 1.55434281
v -0.59745756 4.81222547 1.28341273
v 0.31687620 5.10532668 0.42749964
v 0.64234709 5.82156219 -0.31079605
v 1.44416280 5.15942399 -0.59901960
v 1.11824848 4.44374274 0.13883267
v 1.08942614 5.71691481 0.09271690
v 1.23486817 5.21230194 -0.52363808
v 1.54215885 5.70538579 -0.81762605
v 1.41267991 6.18394784 -0.24871714
v -0.05737099 2.97014448 -1.09797892
v 0.97014589 3.22954567 -1.24785514
v 0.81882860 4.14077550 -0.70721428
v -0.20857749 3.88137428 -0.55733806
v 0.47207349 6.06721719 0.05192219
v -0.40856028 6.03484759 -0.65001300
v -0.21301170 6.59499897 -0.85055007
v 0.60731683 6.62249109 -0.19550664
v 0.32796173 5.20964149 -0.68371299
v -0.52872732 5.80160821 -0.58305645
v -1.01438399 5.22161371 -1.30638663
v -0.15714067 4.62953614 -1.40704323
v 0.37984195 3.52442052 0.51884431
v 0.69245363 3.92837691 -0.50545779
v 1.07967085 2.89121557 -0.79634185
v 0.76694833 2.48725918 0.22796026
v -1.03478138 5.87743324 0.69443896
v -0.71984171 6.64554891 -0.54004464
v 0.71817206 6.66727652 -0.16003297
v 0.40334327 5.89916084 1.07456150
v 0.49956561 2.88057347 -0.64956960
v 0.43083536 3.29073774 0.11976557
v 1.43485092 3.47209686 0.07320639
v 1.49959045 3.08986811 -0.64380509
v 0.97724063 3.46766265 0.91969674
v 0.20912495 3.81885195 0.85495732
v 0.29027095 4.08712154 1.80044134
v 1.00606307 3.75899015 1.85897294
v 0.08186316 3.93591505 1.80576244
v -0.88435085 4.22635571 1.76319404
v -0.65731938 4.87519125 1.02312463
v 0.30933806 4.58475059 1.06569303
v -0.80542191 4.00287161 0.74498896
v -0.12920516 3.28807722 0.99208525
v 0.57716421 4.28887803 1.81285717
v -0.04805915 4.96210168 1.58848626
v 0.10137367 5.46194782 -0.49791965
v -0.86883111 5.70449898 -0.34360920
v -1.12967346 5.19179370 -1.17602099
v -0.15935778 4.94924254 -1.33077479
v -0.90918242 3.88270455 -0.93790402
v -0.52872732 3.97937032 -0.17688296
v -1.55846131 4.63751769 0.22308263
v -1.92040356 4.55193748 -0.48284336
v -0.83513112 3.87117564 0.10868005
v -0.49014972 4.61623349 1.13043255
v -0.61741148 3.58250865 1.92648365
v -0.96250371 2.83800507 0.90462046
v 0.10447762 3.88004405 1.41244815
v -0.25602352 3.85166512 0.62659558
v -1.48928772 4.26404647 1.20980484
v -1.15760888 4.29242540 1.94422059
v -0.88745481 5.10532668 0.96536910
v -0.41255109 4.96387542 0.13661556
v -1.50924169 5.86856466 -0.59635910
v -1.94745227 5.99626986 0.17962739
v 0.92979464 4.11417025 0.65275743
v 0.55721029 4.51690722 1.58272175
v 0.09117499 5.32892152 1.04485224
v 0.46364848 4.92574120 0.11488794
v -0.59346678 4.40294808 -0.59724591
v -0.95452217 3.64547442 -0.47840913
v -2.00332333 4.20950569 -0.30857896
v -1.66399550 4.91376888 -0.41987758
v -0.15270646 4.35904935 1.21157847
v 0.25878808 4.57676905 0.50066407
v 1.17234579 4.96210168 1.18408646
v 0.78956280 4.75945837 1.84700062
v 0.22907887 5.37060310 -0.66375906
v -0.68303777 5.81845812 -0.48949464
v -1.10218134 5.26063485 -1.24874195
v -0.18995381 4.81266887 -1.42300632
v -1.40858510 3.88935588 -0.49791965
v -0.63736546 4.12348208 -0.25802899
v -0.66175357 4.95899772 -1.10063937
v -1.38020616 4.74438209 -1.32767083
v -1.05650898 4.37634278 -1.04255128
v -0.33583927 5.19578447 -1.51302082
v -0.32918797 5.78298445 -0.47973941
v -1.04985766 4.96387542 -0.00926989
v -0.33229190 4.63707428 -0.58039595
v -1.30438124 4.90977810 -0.31123949
v -1.68705343 4.22768599 -1.00441706
v -0.71496407 3.95542557 -1.27313011
v -1.03433797 4.03169395 -0.38440391
v -0.39525766 4.08534786 0.17829712
v -0.90164428 4.93017538 0.62526531
v -1.49815608 4.88139917 0.10114190
v -0.49014972 4.33022701 -0.36533683
v -0.90873901 3.80377564 0.16011687
v -1.37355484 4.66944399 0.60752847
v -0.98556165 5.16430158 0.12020899
v 1.44815358 5.25132286 -0.92415796
v 1.93381025 5.49875171 -0.07800012
v 1.19629054 6.14182285 0.15656950
v 0.71063392 5.89428315 -0.68903404
v -0.86883111 3.71730860 -0.73426294
v -0.34426428 3.75455595 -0.00306200
v -0.97181559 4.11372679 0.38892202
v -1.46844692 4.08357418 -0.28685133
v -1.26624702 4.84991628 -0.58305645
v -0.79433641 5.19223711 -1.42522347
v -0.14339463 5.72666999 -0.84334449
v -0.61475098 5.38479257 -0.00128831
v 1.14751422 5.91379372 -0.18442113
v 0.28716701 5.86546081 -0.41455653
v 0.37895511 6.38260038 -0.74357481
v 1.18165767 6.43669758 -0.53516700
v -1.38685749 3.51510868 -0.09440669
v -1.47066407 4.14343600 -0.95918822
v -0.80453510 4.85257672 -0.50900515
v -0.72072858 4.22413862 0.35566547
v -0.94022185 4.20861888 0.28826549
v -0.30524324 4.84104781 1.14196147
v -0.57484308 3.97537949 1.98412855
v -1.21037597 3.34306140 1.13087596
v -0.54646415 4.06095975 0.81948366
v -0.21079459 3.04641286 0.87225075
v 0.28273281 3.28896406 1.56587173
v -0.03032231 4.23433726 1.51576519
v 0.19005784 3.64325730 -0.65622087
v 0.54124714 2.94486948 -0.23142374
v 1.11026693 3.37232717 -0.06469749
v 0.79177989 4.02903345 -0.45801180
v -1.08976551 4.00907948 0.47272857
v -0.74822064 5.41583216 -0.38573419
v 0.81483778 5.41671898 0.23727209
v 0.47384717 4.01040975 1.09628911
v -0.12920516 3.51111790 1.46388502
v -0.25602352 3.67607044 0.42971673
v -1.31058916 3.92970719 0.63768109
v -1.20239442 3.77850067 1.60267573
v 0.35589723 5.80825953 -1.19464464
v 1.02069595 6.40033710 -0.71386560
v 0.30268673 6.67082378 -0.05405539
v -0.36244452 6.07874621 -0.53472359
v -0.74910751 4.00819266 0.77558498
v -0.13718674 3.18121280 0.95073622
v 0.52617086 3.87117564 1.68426516
v -0.03653021 4.64993342 1.52906784
v -0.04362494 4.85346364 -1.03811710
v -0.44935500 4.72132416 -0.18220401
v -1.31635356 5.31473205 -0.54447882
v -0.93490080 5.43578593 -1.34097348
v -0.08841044 4.33998229 -0.56310252
v -0.99176957 4.88716357 -0.40701839
v -1.52653501 4.17048466 -0.99022759
v -0.62361940 3.62330338 -1.14586832
v -0.03076574 3.61088758 1.45457314
v -0.23518274 3.72041253 0.45454830
v -1.57797188 4.20950569 0.81726657
v -1.39971674 4.11195311 1.75210853
v -0.55976680 3.17101412 -0.95874470
v -0.37707742 3.57984812 -0.17599612
v -1.58861398 4.05519524 -0.19018559
v -1.75046263 3.67074939 -0.91972367
v 0.84454699 3.51599552 0.37295887
v 0.49912214 4.21438333 -0.42918940
v 0.60598661 3.39760216 -1.18621968
v 0.95152224 2.69921437 -0.38396051
v -1.02901687 4.28666094 -0.04252645
v -0.81828116 3.57009287 -0.46732362
v -0.59790097 4.26670702 -1.47976419
v -0.79256272 4.93904385 -1.09088419
v -1.34162854 3.86851509 -0.38617760
v -0.52340627 3.96473739 -0.14318298
v -0.32652744 4.62997955 -1.18178539
v -1.08799188 4.54439934 -1.41458137
v -0.24272089 3.00916551 -1.02525785
v 0.96615512 3.43351925 -1.23189193
v 0.79177989 4.36304012 -0.34360920
v -0.41698529 3.93857560 -0.13653167
v 0.83168780 3.62197310 0.04527087
v 0.24326834 2.85130767 -0.34227895
v -0.23917353 3.80421908 -1.39108003
v 0.31111174 4.51912426 -1.02614467
v 0.20469074 4.87164389 -0.10105800
v -0.55799312 5.55240573 -0.41366971
v -0.68082067 4.99846227 -1.31968928
v 0.08186316 4.31781128 -1.00707761
v -0.59391019 4.21837411 0.71173238
v -0.20281302 3.41001795 1.11136539
v 0.17719863 4.02725977 1.90386923
v -0.18507619 4.78428994 1.53571917
v -0.07909861 2.69611041 1.09008119
v -0.96738141 3.24683908 1.51354815
v -0.47108263 4.23078989 1.27454426
v 0.41708930 3.68006125 0.85096655
v -1.37355484 4.61623349 0.69931660
v -0.83823508 4.82552812 0.08163138
v -1.55225350 5.27659794 -0.33607106
v -2.05121283 5.08138192 0.23948920
v 0.27652491 4.44773352 0.74144159
v 0.70886024 3.57319681 0.77159421
v 1.67208108 4.09244259 0.76050870
v 1.26369051 4.90490041 0.73257318
v -1.60236004 3.79446382 -0.19816716
v -1.16337339 4.34308625 -1.16626570
v -0.46398790 5.01619910 -0.46688021
v -0.90297450 4.46724409 0.50066407
v 0.25701440 5.90758580 -0.32099475
v 0.66052733 5.19312392 -0.50146701
v 1.50535485 5.62069240 -0.16535402
v 1.13155113 6.28770818 0.00358931
v -0.80808247 3.78071776 1.13885751
v 0.03885133 3.93547164 0.72414817
v 0.28805386 4.65037682 1.57828757
v -0.49857470 4.51335985 1.97304293
v -0.01391574 4.44950725 -0.83802344
v -0.67816018 5.01531218 -0.05981986
v -1.60945477 4.39851379 -0.40613152
v -0.94465608 3.83215458 -1.18444594
v 0.56120106 5.34621505 0.47006804
v 0.02732239 4.93948726 1.04219179
v -0.08441966 5.65882673 1.39205076
v 0.41398537 6.03307396 0.85628760
v -0.39880503 5.13148847 0.18849580
v 0.55765369 5.72312273 0.63679428
v 0.48670636 5.06763587 1.65233886
v -0.46930895 4.47611245 1.20404033
v 1.17323271 5.17183972 -1.02969203
v 1.95243401 5.32759130 -0.37509209
v 1.36833788 5.98030676 0.16543792
v 0.58869318 5.82466604 -0.48905123
v -0.22321038 3.84190984 1.16501930
v -0.44935500 3.07301811 0.73922450
v -0.89277586 3.25304697 0.71971398
v -0.69146277 3.97271899 1.11579957
v 0.31731963 2.90185767 -0.89223166
v 1.11425770 3.63616257 -0.88735396
v 0.45078929 4.35328495 -0.41810390
v -0.34603796 3.61886917 -0.42298154
v -0.15581041 4.92795834 -0.49791965
v -0.32697085 3.91995190 -0.60345383
v -1.16026943 4.11062289 -0.73514980
v -1.00950640 5.05167277 -0.63804063
v 0.36831301 6.26997146 0.35522203
v 0.24415518 6.51740031 -0.69745905
v 1.24994445 6.15379528 -0.90154343
v 1.37410228 5.90625558 0.15124845
v -0.33406558 3.21712988 1.37431393
v -0.24981563 3.61177442 0.56496007
v -1.06094317 3.79623750 0.60752847
v -1.14430634 3.42952846 1.36189820
v 0.37407750 3.66188098 -0.46510653
v -0.67239567 4.53154009 -0.53383672
v -1.51589291 3.49515475 -0.79988922
v -0.46930895 2.62560648 -0.73115903
v -0.67549962 3.85654271 0.84608891
v -0.33628270 3.02335498 0.78888763
v 0.00958556 3.13287991 1.74235325
v -0.30479981 3.91019667 1.80044134
v -1.12701291 2.92225500 0.19293001
v -1.39661278 3.53284552 -0.98002890
v -0.56774835 4.54395582 -0.64424855
v -0.29814851 3.93369796 0.52859959
v 0.50799056 4.85789783 0.66650349
v 0.18828416 4.07337554 0.78445340
v -0.43028792 4.53020987 1.88746272
v -0.13408279 5.26240848 1.78004406
v -0.88967190 3.68493886 -0.64779591
v -0.53759573 4.25074387 -1.51568127
v -0.38949320 5.13060165 -0.88203296
v -0.74112591 4.56479662 -0.01414752
v -0.84976400 3.03399708 1.04884312
v -0.31588534 3.58694286 0.59466928
v 0.03220002 4.18068335 1.80310189
v -0.46797868 3.66143757 2.21869815
v 0.10669472 2.62516307 -0.63538013
v 0.96349467 3.32044694 -0.88779737
v 0.45522352 4.15407810 -0.31523026
v -0.40146555 3.45879424 -0.06292381
v 0.29514859 3.33064562 -0.84157080
v 0.18695389 3.44682187 0.00270247
v 1.61000222 4.32712305 0.02132615
v 1.70267716 4.21349652 -0.76574583
v -0.12521437 3.75100858 1.24173114
v -0.35268926 3.01492997 0.80485078
v -2.01396532 3.39272453 1.09628911
v -1.80855071 4.08002681 1.50467968
v -0.77970353 4.05430843 1.07411809
v -1.64803240 4.89425831 0.70419424
v -0.73048381 5.67478982 0.32373917
v 0.13729076 4.83483989 0.69355214
v -0.97624977 3.59403759 0.76449948
v -0.28041168 3.08454706 0.94275462
v -0.12920516 3.80377564 2.24219939
v -0.77704298 4.28000962 2.07946393
v 0.95329598 2.97058789 0.09936821
v 0.10093025 3.24949960 -0.01503436
v 0.35634066 3.31246536 -1.52277600
v 1.15239192 3.05306416 -1.42611028
v 0.13507366 2.71562092 -1.00574739
v 1.05661302 3.27787854 -1.14010392
v 0.56430502 4.17358862 -0.76663270
v -0.35712347 3.61088758 -0.63227617
v -0.28528929 3.10538782 1.37786130
v -0.19039724 3.58694286 0.62748245
v -1.54205481 3.96695454 0.73345999
v -1.64182448 3.52131657 1.43328894
v 0.69422731 4.34796384 0.97069015
v 0.01268951 4.55415452 0.49711670
v -0.59524047 4.97451752 1.62883751
v 0.04505923 4.77896894 2.06128358
v 1.38385757 3.63793625 0.84076786
v 0.83922594 4.31914150 1.62395993
v 0.45344984 5.00688723 0.75696133
v 0.99808142 4.32579283 -0.02611988
v 0.24814598 5.07251345 0.56584694
v 0.47783794 5.94571991 -0.29350266
v 1.39893385 5.24600197 -0.75820769
v 1.16924194 4.37279541 0.10114190
v -0.33938663 3.80954013 1.39648505
v -0.81162983 3.28541669 0.91570597
v -1.48130617 3.68139149 1.20315352
v -1.04098930 4.16959784 1.65100853
v -0.46797868 4.90445700 0.19026948
v 0.45566693 5.60605953 0.61994426
v 0.58159845 4.84725573 1.58848626
v -0.34204716 4.14565309 1.15881149
v 0.65431946 3.58029154 0.51707065
v 0.81572465 3.90398875 -0.55201701
v 1.13642872 2.85574191 -0.82117342
v 0.97458018 2.53160126 0.24791419
v -0.49458393 3.54614814 1.55700337
v -0.82714958 3.81707827 0.84874941
v -1.20416816 3.97316240 1.12156408
v -0.89987059 3.72395989 1.78536505
v 0.56829579 4.93505308 -0.74667872
v -0.28174193 5.76436091 -0.55467751
v -1.04719711 5.13769638 -1.23898667
v -0.19704855 4.30849940 -1.43098798
v 0.02022766 4.18023994 1.10914835
v -0.41388133 3.43484951 0.95827437
v -1.05916954 3.87073218 0.86604283
v -0.64712069 4.56080584 1.00716154
v 0.56120106 3.85210853 0.22441289
v 0.39669195 4.11150970 -0.82427738
v 0.99453405 3.25038645 -1.13123544
v 1.15904325 2.99054184 -0.08287775
v -1.04586688 4.24276227 0.54855352
v -0.13984726 4.84769913 0.94984936
v -0.07732492 4.14343600 1.87094526
v -0.98378791 3.53816657 1.46964942
v 0.65964051 5.10931745 0.54766670
v 0.07210790 4.40294808 0.87269416
v -0.53227468 5.13326220 1.26877985
v 0.01002898 5.79717392 0.96935987
v -0.07333414 4.28577407 0.94452831
v -0.25158931 3.43795346 1.04706938
v -1.10750234 3.68449545 1.31090474
v -0.93490080 4.47345201 1.21335221
v 0.34170776 5.39011368 -0.34449604
v -0.73846541 5.70405557 -0.26955793
v -0.96028668 5.17183972 -1.23854326
v 0.11999735 4.85834123 -1.31348137
v -0.76728775 5.01353855 0.04039324
v -0.84488641 4.16338992 0.22529973
v -1.39262200 4.50316116 1.37342712
v -1.31679697 5.29389126 1.19472856
v -0.78901536 3.77983092 1.20670088
v -0.15536699 3.83392826 0.61284952
v 0.61707211 4.35461517 1.53571917
v 0.02421845 4.30273489 2.08655866
v -1.20815894 5.59053984 0.66739030
v -0.72117198 6.49301204 -0.45269075
v 0.66629184 6.50986217 0.16410766
v 0.17941574 5.60738996 1.28429954
v 0.02953950 4.29153859 0.94142440
v -0.18551961 3.46322845 1.07057073
v -1.42853908 3.90842299 1.61996915
v -1.22367862 4.67919927 1.49802836
v -0.77039171 5.59320050 0.97024674
v -0.78325090 6.46906740 -0.26024608
v 0.72659707 6.47616213 -0.27133161
v 0.73989967 5.60029523 0.95916123
v -0.96738141 4.84149121 -0.72495111
v -0.21035117 4.90268337 -0.39105524
v 0.04106844 5.78830556 -1.21282488
v -0.66574439 5.72622658 -1.51967215
v 0.30667753 2.95373790 -1.15296305
v 1.31468397 3.56078103 -0.82427738
v 0.62505366 4.41447699 -0.28729476
v -0.38239847 3.80732301 -0.61542615
v -0.10880780 3.72262965 1.55655996
v -0.11545911 3.91906509 0.72459157
v -1.20283783 4.93860044 1.00450098
v -1.19929047 4.75768474 1.78048747
v -0.34869849 4.24941359 0.53126009
v 0.81572465 4.78828071 0.67492844
v 1.12800376 3.88270455 1.54104016
v -0.03653021 3.34394824 1.39692846
v -0.35401954 4.26227278 -0.27975660
v -0.81961138 3.55368629 -0.07800012
v -1.72696128 4.36969145 0.52061799
v -1.28531408 5.02373724 0.32772994
v -0.81695088 3.93458478 -0.56310252
v -0.38284188 3.86319404 0.18938264
v -1.32167467 4.65126375 0.76449948
v -1.72563106 4.71777679 0.06300771
v 0.89964207 3.85299534 0.09892479
v 0.53016163 4.16871097 -0.86473954
v 0.89343416 3.25216013 -1.30416960
v 1.26280370 2.93644450 -0.34006183
v 0.10979867 3.83658879 -0.35070393
v 0.58558922 2.96260631 -0.31079605
v 1.54570621 3.52619420 -0.51743016
v 1.09341691 4.33599152 -0.55246042
v -1.11193663 4.81399920 -0.96406580
v -0.19704855 5.24334131 -1.43586557
v 0.05437106 5.75903981 -0.47885254
v -0.86084956 5.32980833 -0.00705279
v 0.87880128 5.90182129 -0.34493947
v 0.09250526 5.71691481 -0.24162240
v -0.16467883 6.59322534 -0.91573289
v 0.57051294 6.75773443 -1.00619080
v -0.04584204 6.09692656 -0.31523026
v 0.60731683 5.67345960 -0.52718545
v 1.19318658 6.62781197 -0.49392887
v 0.58381554 7.02201319 -0.29660659
v 0.07787237 4.27912280 1.18940746
v 1.07789722 4.34308625 0.96802965
v 1.23043399 3.42154689 1.39205076
v 0.23085255 3.35769429 1.61331783
v -0.17133014 2.74000908 -0.87449482
v 1.03266827 3.25748118 -1.11128147
v 0.75852337 4.27025439 -0.29039870
v -0.44536423 3.75233883 -0.05361197
v 0.30268673 3.39183769 1.31977321
v -0.47640368 3.95719925 1.82615982
v -0.48571551 4.67565190 1.00937857
v 0.29337491 4.11017942 0.50288118
v 0.91649199 3.56876260 1.02312463
v 0.11911051 3.83126774 0.36941150
v -0.07688150 4.10663206 0.78356658
v 0.66318788 3.86585459 1.39825868
v 0.96083412 3.82727696 0.01511826
v 0.22287098 4.29918752 -0.58261304
v 0.32441436 3.53461920 -1.31082092
v 1.06237743 3.06326286 -0.71297874
v 0.62017607 3.69247703 1.24128773
v 0.33638671 3.79934144 0.23150762
v 0.93112486 3.92926373 0.11754847
v 1.20826297 3.83259801 1.05549434
v 0.16788680 3.70622306 -0.38218682
v -0.78147722 4.30317841 -0.57640512
v -1.31990093 3.34749561 -0.88070263
v -0.37042609 2.75065118 -0.68637349
v 1.03178146 3.62152970 0.90018622
v 0.19005784 3.83215458 0.32817338
v -0.19438802 4.49872698 1.20714429
v 0.58869318 4.30450863 1.74279665
v 0.75719310 5.36395178 0.06832876
v 0.80729964 4.57011772 -0.26734081
v 0.94575784 4.97939511 -1.13389600
v 0.90052889 5.72267933 -0.82959843
v -0.18241566 3.88492164 1.37564426
v 0.74122995 4.43576119 1.32110343
v 1.29428659 3.51776921 1.42575080
v 0.37053013 2.96748396 1.48029152
v 0.24060781 4.16427679 1.07500491
v 0.65476287 3.39671532 0.52682591
v 1.39316945 4.14121891 0.11178400
v 1.01182748 4.86055838 0.62038772
v 0.30534725 3.70710990 0.31309707
v 0.35767091 4.10175447 -0.71829979
v 1.02202617 3.26546275 -1.00441706
v 0.96970249 2.87126165 0.02709062
v 0.67693394 3.75100858 0.64300214
v 0.51863266 4.36658749 -0.50457097
v 1.10361560 3.36744955 -1.12148016
v 1.26236029 2.75198140 0.02620378
v -0.87636925 4.75103342 -0.52940254
v -1.20150761 5.47125959 0.20578921
v -1.77174683 4.70314392 0.70552452
v -1.44671932 3.98336109 -0.03011067
v 1.10982352 3.81486118 0.79376522
v 0.19936969 3.99710715 0.45410489
v 0.05614475 4.81355569 1.38406922
v 0.90407626 4.64638605 1.70377562
v 1.01138407 2.94265239 0.73523367
v 0.81528124 3.48273896 1.67450987
v 0.78512862 4.43398746 1.12112068
v 0.98123151 3.89334665 0.18184449
v -0.29903535 3.68050465 1.47851789
v -0.21700248 3.95808612 0.55609166
v -0.90563505 4.76743992 0.78356658
v -0.97491955 4.49961379 1.64125335
v -0.48704578 3.09252863 1.76718481
v -1.43075611 3.44504819 1.46743239
v -1.01128003 4.38432432 1.25148643
v -0.06756966 4.03169395 1.55123886
v 1.08853932 3.91152689 0.87624152
v 0.22774862 4.14787024 0.53259037
v 0.21400256 4.84326495 1.14107465
v 1.01581825 4.62687559 1.46477183
v -0.06136177 4.27601884 -0.26246320
v -0.99132616 4.81444261 -0.27310530
v -1.36734703 4.14964392 -1.02924863
v -0.43738265 3.61133100 -1.01860653
v 0.45832743 3.42598110 1.35569028
v 0.58691950 3.90531903 0.68113636
v 1.15815632 4.18910836 1.03066277
v 1.04198015 3.74435725 1.66165063
v -0.01879337 3.08099969 -1.15207624
v 1.01936562 3.20737463 -1.21371169
v 0.94620125 4.08534786 -0.64690904
v -0.09195781 3.95897293 -0.58527354
v -0.91361660 4.97318719 -0.85498425
v -0.21301170 5.12661088 -0.46909731
v -0.16068804 5.66769509 -0.84567248
v -0.81296011 5.52757405 -1.20706037
v 1.04996170 6.04016870 -0.47885254
v 0.25701440 6.67082378 0.48736144
v -0.83779168 6.63047263 -0.38484735
v -0.04451178 5.99981733 -1.35117218
v 0.29337491 4.49650983 0.85362705
v 0.96571171 3.89245984 0.71439293
v 1.31246683 4.31470732 0.79376522
v 0.68269840 4.87386092 0.92280070
v 0.53193531 4.83483989 0.41064965
v -0.29637483 4.82951889 -0.60921829
v 0.20912495 5.31606249 -0.96140525
v 0.99054328 5.33069537 -0.01813831
v 0.10625130 3.78736909 -0.48683414
v -0.63559178 4.61579008 -0.36178946
v -1.47022066 3.89866770 -0.56531961
v -0.72826672 3.07035759 -0.69036431
v -1.41745357 4.78783731 1.01558649
v -1.99445496 4.82109394 0.18450501
v -1.37266802 5.51028073 -0.21989480
v -0.79566668 5.47746751 0.61151930
v 0.60376946 3.46145476 1.20359692
v 0.21710652 3.77584015 0.45543514
v 0.87702754 4.09820710 0.28959575
v 1.24196290 3.80732301 0.98587734
v -0.39969187 3.86186376 0.22618657
v -0.37264321 4.19930705 1.30203638
v -0.73580486 3.18342990 1.63016774
v -0.76285352 2.84598662 0.55431797
v 0.94043674 3.46234160 0.88821390
v 0.20336046 3.76697173 0.47849303
v -0.09151439 4.04189264 1.28829032
v 0.59401423 3.75899015 1.67317965
v 0.91782232 5.64197660 -0.54492228
v 1.29428659 5.10000557 -0.06469749
v 1.82428540 5.69474380 0.14149319
v 1.47608910 6.20345841 -0.30503160
v -0.88390744 4.21349652 0.71173238
v -0.51010367 4.18822149 1.70421903
v -0.96871163 3.24329171 1.85320843
v -1.34295887 3.26856670 0.86072178
v -1.17135494 5.41272810 0.10513269
v -0.40900372 5.35818727 0.58713114
v -0.69279305 6.05302772 1.05194697
v -1.40415092 6.10402130 0.60309429
v 0.44325115 3.47387055 1.26257193
v 0.31111174 3.76652829 0.42838649
v 1.15726951 3.97449268 0.40178124
v 1.28586152 3.70356254 1.17920876
v -1.42144434 3.28541669 -0.63138930
v -0.87592584 3.43218899 -1.52410633
v -0.48926288 4.33687834 -1.13877359
v -1.03478138 4.18955177 -0.24605661
v 0.07609868 3.74746121 -0.32897632
v 0.33594331 2.88633793 -0.30325791
v 1.35592204 3.22245093 -0.48417359
v 1.11736166 4.02637290 -0.50900515
v 0.89964207 3.85875985 0.62260481
v 0.27120386 3.25304697 0.79287841
v -0.04007757 3.86009008 1.62573355
v 0.54479450 4.42689272 1.47009283
v -1.14652337 5.30364665 -0.39149865
v -1.24851019 5.71425437 0.54411934
v -1.90532728 4.96786619 0.79997314
v -1.80322961 4.55681507 -0.13564483
v 0.70752996 5.75859640 0.14282346
v 0.75852337 5.02595428 -0.46909731
v 0.56031425 5.85348838 -1.40970378
v 0.51419848 6.52937274 -0.83092870
v 0.27164727 3.50224948 1.28119558
v 0.36964329 3.73637568 0.43237726
v 1.51422332 3.85831639 0.62925614
v 1.43219048 3.64104021 1.42131662
v 0.94974862 3.13908780 0.33305099
v 1.06991567 3.51510868 1.37874822
v 0.50754715 4.44241252 1.11003517
v 0.38738012 4.06672421 0.06433797
v 0.92669068 3.79579407 0.60797194
v 0.27076043 3.24063119 0.79553891
v -0.00061312 3.99755056 1.91539825
v 0.61130766 4.51424667 1.73880588
v 1.36301678 3.53860999 0.27762339
v 1.34483654 4.10707552 1.39249417
v 0.53503927 4.95190299 0.94807567
v 0.55321951 4.38299410 -0.16624086
v 0.16522627 3.46766265 1.27144030
v 0.35634066 3.73105463 0.45942594
v 1.85222093 3.95365188 0.92413097
v 1.67518504 3.70888359 1.68160461
v 0.21267231 2.87259187 -0.74180113
v 1.04508411 3.56166787 -0.88336319
v 0.54390769 4.29641617 -0.25359478
v -0.28839325 3.60734022 -0.11214352
v 1.19362999 3.45258635 0.09360374
v 1.39849044 3.94700056 1.25636402
v 0.46941299 4.80468733 1.05549434
v 0.26455254 4.30982962 -0.10726589
v 0.85297200 3.06015890 -0.60345383
v 0.22021045 3.48983370 -0.24960398
v 0.11467630 4.07559263 -1.21459862
v 0.70309573 3.68006125 -1.55292867
v 0.68757604 5.71026349 -0.83802344
v 0.47562085 5.54797144 0.04172351
v 1.32222211 6.39900688 0.36231677
v 1.52176146 6.55198716 -0.45712493
v -0.16911304 5.08537270 -1.50681290
v 0.55942738 6.16576749 -0.64158799
v -0.64357332 6.17729652 0.35788256
v -1.37222462 5.09645821 -0.50678806
v 0.77581674 5.98873172 -1.12502753
v 0.65387606 6.71560943 0.12242610
v -0.78812854 6.70408041 -0.01193041
v -0.66663121 5.97764632 -1.25938405
v -0.73757854 4.19043864 0.03861956
v -0.69589701 3.37055349 -0.32188159
v -0.61120362 3.71819544 -1.01816312
v -0.65066806 4.48143355 -0.67883534
v 0.10048683 5.94926738 0.37517599
v 0.02643555 5.90714239 -0.79057739
v 0.51863266 6.81715274 -0.80787082
v 0.58470241 6.84907914 0.27895365
v 0.29514859 4.76300574 -0.44781311
v -0.61386412 5.09778854 -0.94499875
v -0.59257992 4.21260965 -1.57909046
v 0.31643279 3.87782691 -1.08201572
v -0.76329698 4.92574120 -0.87804219
v -0.02367100 5.04590826 -0.36666708
v 0.09472236 5.62956098 -0.74357481
v -0.59612728 5.51249777 -1.21681565
v 0.52617086 2.69034595 -0.92637499
v 1.37853657 2.80386168 -0.33607106
v 1.10450242 3.78825593 -0.12943693
v 0.25213675 3.67474020 -0.71963006
v -0.48571551 4.85967146 -0.41588681
v -0.19749197 3.89068615 -0.64735245
v 0.05924869 4.08180049 -0.95164997
v -0.20503012 4.98693325 -0.74091426
v -0.62007203 3.86629799 0.25279182
v -0.52074577 4.20906228 1.31844299
v -0.77172193 3.17323122 1.67539669
v -0.87060479 2.83046693 0.60974562
v -0.15403673 4.44817692 -1.07226043
v -0.32874453 4.37235200 -0.06203697
v -1.17135494 4.52843613 -0.23851847
v -0.99709057 4.59760984 -1.17823803
v 0.28406305 4.11106629 -0.64646564
v -0.73048381 4.88272939 -0.42209467
v -1.51057192 4.02282553 -0.99377496
v -0.49635761 3.25127329 -1.21814598
v 0.63303526 3.35281666 0.49489961
v 0.50444319 4.14964392 -0.29838027
v 0.56075765 3.35725087 -1.10418673
v 0.68934972 2.55998020 -0.31123949
v -0.17088672 4.52178481 -1.12502753
v -0.21744591 4.50183094 -0.11746457
v -1.33453381 5.03482275 -0.20171453
v -1.28797463 5.05211618 -1.14054732
v 0.00470793 3.35946797 -1.10551706
v 1.00162878 3.72440333 -1.14808546
v 0.77492993 4.43177042 -0.38839471
v -0.22143669 4.06672421 -0.34582631
v -0.69456673 3.73548884 1.37076656
v -0.22143669 3.90177166 0.67005085
v 0.48493268 4.70092688 1.38584295
v 0.03752107 4.53907823 2.03334827
v -0.53848260 5.05211618 -0.23231058
v -0.41343793 4.15407810 -0.64469195
v 0.21888021 4.80912151 -1.80534607
v 0.10802498 5.65173199 -1.43098798
v 0.17808548 2.86505373 -1.16848285
v 1.24063268 3.52708105 -1.01727630
v 0.58913659 4.44152571 -0.44249206
v -0.47329973 3.77894408 -0.59369855
v -1.29950355 5.07650434 0.17474976
v -0.35047217 5.02595428 0.27274576
v -0.43605238 6.12763338 1.37697448
v -1.32078775 6.18173081 1.29183768
v -0.31588534 4.51602041 -1.16271834
v -0.06535256 4.57898608 -0.21191322
v -1.19707343 5.72977406 -0.03365803
v -1.42454830 5.66547805 -0.92105400
v 0.90230252 4.19797678 1.12688519
v 0.14571576 4.41447699 1.79689397
v -0.07156045 5.27837157 1.27188370
v 0.68535889 5.06142795 0.60220742
v -1.52875216 4.05342156 0.00536300
v -1.21835763 4.25030041 -1.08600649
v -0.31366823 4.86055838 -0.71829979
v -0.62406281 4.66367947 0.37295887
v -0.26666562 4.37722959 -0.67395770
v -0.63736546 4.95101617 0.15080503
v -1.56466923 4.41713755 0.10601953
v -1.19396947 3.84279668 -0.71874325
v -0.78724167 4.74837287 -0.88868429
v -0.11811964 4.83395307 -0.23718820
v 0.31421567 5.86679103 -0.86740009
v -0.30967745 5.78564511 -1.47399979
v 0.15281049 3.72440333 -0.78747344
v -0.82448902 4.27380175 -0.87759878
v -1.35315756 3.30137984 -1.07891176
v -0.37530374 2.75153800 -0.98889737
v 0.06723027 5.16962268 -0.69701559
v -0.69412333 4.65614133 -0.58039595
v -1.14208919 5.36882948 -0.62872880
v -0.43693922 5.85393178 -0.73825376
v 0.55987084 3.84235327 -0.00217516
v 0.40156959 3.10627466 -0.58128276
v 0.48049850 3.66232441 -1.24519459
v 0.62771421 4.34885066 -0.70499719
v -0.24759852 4.03080714 0.71483634
v 0.74876809 4.46059276 0.96536910
v 1.04730114 3.49559817 1.43506257
v 0.05038028 3.06547995 1.18452987
v -0.42984448 4.59494929 -0.92016718
v -1.16426021 5.02462406 -0.35159077
v -1.83737306 4.33865207 -0.70233664
v -1.10351157 3.90886639 -1.27091297
v -0.68303777 5.72533977 -0.38795128
v -0.31056429 6.14891758 0.56362985
v -1.18820496 5.73154769 1.09274174
v -1.56067846 5.30852413 0.14104977
v -0.65776279 5.28147564 0.61018903
v 0.30313016 5.96212663 0.71128898
v 0.65609315 5.32581767 1.64302698
v -0.30524324 4.64505583 1.54192709
v -0.28972350 4.19575969 -1.07979868
v -0.19039724 4.36658749 -0.21634743
v -0.82759298 4.64239527 -0.23142374
v -0.92425870 4.48498092 -1.03589995
v 0.32352752 5.21762304 0.39025229
v 0.69733127 5.81624108 -0.42120786
v 1.52442201 5.13947001 -0.53915777
v 1.15061818 4.54085197 0.27185892
v 0.79177989 4.84016099 -1.08822364
v 1.69868639 5.19312392 -0.65976824
v 1.14928796 5.88186731 -0.06514091
v 0.24282493 5.52934790 -0.49348546
v -0.12920516 4.17669258 -1.11394202
v -0.24626826 4.35550198 -0.25980267
v -1.13676820 4.62820581 -0.47087099
v -1.03788534 4.46458353 -1.26913934
v 0.19626573 4.06672421 -0.03365803
v -1.00994981 4.60559139 -0.18486454
v -1.29196541 3.71065727 -1.12768808
v -0.08530650 3.17190096 -0.97648153
v -0.72205880 4.04499660 -0.96007503
v -0.21478538 4.35993627 -0.31833422
v 0.38915381 4.91022151 -1.10729069
v -0.08087229 4.61933745 -1.70856939
v -0.35801031 4.24941359 0.95871777
v 0.68181153 4.94525177 0.77514158
v 1.37498921 4.06317684 1.35835083
v 0.33549987 3.36744955 1.54192709
v 0.03220002 4.13190709 -1.12502753
v -0.21877617 4.34219944 -0.31567370
v -1.57664166 4.71511635 -0.86828691
v -1.34207195 4.51912426 -1.62254578
v -0.06978677 6.07386852 -1.01771971
v 0.86538778 6.40610161 -0.93036577
v 0.69334050 6.64022781 0.02265641
v -0.24183405 6.30810557 -0.06469749
v -0.61962863 4.69028478 -0.54580910
v -0.36333136 3.86762827 -0.64291827
v 0.28672358 4.27424516 -2.07849319
v 0.04949343 5.04236089 -1.99113936
v -1.39217859 4.15008733 0.44434963
v -1.35138382 4.50493479 -0.52142094
v -0.45112868 4.96032805 -0.31567370
v -0.49192340 4.60559139 0.65009687
v -0.89100218 3.02867603 1.05416412
v -0.36111427 3.61753889 0.66916398
v -0.20325644 4.29375568 1.99033625
v -0.69634042 3.74746121 2.35305468
v 0.65387606 3.55590340 0.08030112
v 0.38338932 2.69699722 0.00270247
v 0.61751552 2.80474850 -1.51435104
v 0.86849174 3.60512311 -1.43497876
v -1.26447339 5.24289791 1.10648780
v -1.57664166 5.78121082 0.17120239
v -0.54735102 6.22119514 0.08163138
v -0.23518274 5.68277137 1.01647331
v -0.81739429 4.24010177 -1.00486047
v -0.09107097 4.47699937 -0.61986039
v 0.28317621 4.86942674 -1.63451810
v -0.39126689 4.65126375 -1.99956431
v -1.01172344 3.93680192 0.77425471
v -1.65468373 4.73285318 0.39246938
v -0.84089558 5.44997539 0.51751406
v -0.19793539 4.65392419 0.89974282
v -0.00992496 4.77808202 -0.92105400
v -0.43117476 4.04277946 -0.88912770
v -1.28664441 4.54484275 -1.52898392
v -0.89011531 5.22826503 -1.55558922
v -0.77748644 4.03080714 1.25547720
v -0.00283022 4.07780972 0.94763227
v 0.28938410 4.70491765 1.88081140
v -0.43427869 4.65702815 2.16149688
v -0.75841933 6.12807679 0.80573760
v -0.76684434 6.75906465 -0.50235388
v 0.68535889 6.76970664 -0.50678806
v 0.69378390 6.13871878 0.80130342
v -0.80586538 4.36703101 -1.05319338
v -0.06623940 4.59273214 -0.73736689
v 0.15014996 5.05921091 -1.66245363
v -0.53936942 4.84814254 -1.95566569
v 0.64190368 4.38388092 1.00139702
v 0.08718421 4.53952164 0.34857074
v -0.61253389 4.96919641 1.08786415
v -0.09328807 4.82286757 1.69446385
v -0.96250371 4.25517805 -0.55157355
v -0.74156932 4.99136754 -1.29485772
v -0.22276696 5.57368993 -0.56354593
v -0.44359054 4.83750044 0.17918396
v 0.03486055 4.78695049 -1.03856050
v -0.61031675 4.28000962 -0.92282763
v -1.15627866 4.91066492 -1.41369456
v -0.55887993 5.38700982 -1.52454974
v -0.92026792 3.92261245 -0.89577902
v -0.49680102 3.97050190 -0.14584351
v -1.29639969 4.43797834 0.24259314
v -1.69725213 4.39718357 -0.45313416
v -0.57528654 4.85080309 0.86692970
v 0.30756437 5.35685705 1.17433118
v 0.62638394 4.48542433 1.69313352
v -0.25646694 3.97981373 1.38584295
v -1.02325246 3.71331779 -0.85853162
v -0.56065362 4.24808332 -1.68107728
v -0.53715233 5.15144244 -1.08068550
v -0.99930771 4.61623349 -0.25758555
v -0.26666562 6.11743458 -0.73692349
v 0.05525791 6.15778595 0.24835761
v -0.25336299 6.92135670 0.28117076
v -0.55932339 6.90007250 -0.63582354
v -0.86528374 4.34663362 1.17344436
v -1.67729815 5.15277267 0.69976001
v -0.74201278 5.85304497 0.28915233
v 0.06989079 5.04679507 0.76272579
v 1.17057216 4.94392144 -0.32321184
v 0.34658541 4.95722409 -0.05095145
v 0.20823811 5.36262156 -0.59502882
v 0.97724063 5.34798868 -0.84567248
v 0.83479175 5.31074139 0.06611165
v 0.66363129 4.61091238 -0.41810390
v 0.50178270 5.04014375 -0.92726192
v 0.65831024 5.69873447 -0.48417359
v -0.80320482 4.77630839 -0.86340932
v -0.20369986 4.72442811 -0.25226450
v 0.24637230 5.16563191 -0.70056295
v -0.30879061 5.21762304 -1.27357352
v -1.31990093 2.98699447 -0.15249482
v -1.22190500 3.26546275 -1.23322226
v -0.81162983 4.26537674 -0.93879083
v -0.90962582 3.98690846 0.14238004
v -0.09240123 5.17228324 -0.51210911
v -0.37441689 4.38875861 -0.70721428
v -1.40415092 4.82375438 -0.80654054
v -1.13233391 5.55063210 -0.62385116
v -0.54469047 4.72442811 -0.38085655
v -0.92248501 5.44642813 0.34103257
v -1.58284947 4.68673741 0.75474419
v -1.20505498 3.96473739 0.03329851
v -0.92381529 4.79005445 -0.73381953
v -0.19483144 4.74571231 -0.29660659
v 0.27741176 5.35286638 -1.08511968
v -0.40368267 5.39188730 -1.48996288
v -1.45514427 4.23478072 0.94718886
v -2.00154970 4.75280705 0.20135501
v -1.32699566 5.56748201 0.27318918
v -0.78059035 5.04945563 1.01913386
v -0.69412333 5.11818581 -0.23896188
v -0.48216814 4.45305462 -0.70898796
v -0.00460391 5.35552682 -1.71832468
v -0.20148276 5.97764632 -1.28244199
v 0.48892351 5.93729495 0.09271690
v 0.59224055 5.36927288 -0.49658937
v 0.22375782 6.33648450 -1.45227218
v 0.12709208 6.86681587 -0.90464739
v -0.03741705 3.75278226 1.91273781
v -0.89809691 4.32490601 1.82394268
v -0.39570109 4.98338588 1.19916274
v 0.46497875 4.41137303 1.28784691
v -0.97846692 4.77941235 -0.66287219
v -0.21434196 4.77276103 -0.30902237
v 0.24149465 5.64951496 -1.34984196
v -0.46886552 5.65838332 -1.68285101
v -0.34470768 3.35237324 -1.00973816
v -0.54247338 3.56964944 -0.16978823
v -1.98558638 3.75012174 -0.59813278
v -1.79613488 3.54659156 -1.37955111
v -0.13674331 3.24329171 -1.01594608
v 0.89786834 3.40558374 -1.08733682
v 0.83124439 4.15407810 -0.35380789
v -0.20369986 3.99134264 -0.28241712
v -0.32785769 4.82286757 -1.11482883
v -0.33406558 4.83483989 -0.27753951
v -1.28841804 5.63133461 -0.33030657
v -1.27777594 5.61625833 -1.11083806
v 0.77492993 5.62734373 -1.31259455
v 0.72792729 6.55642123 -0.12189878
v -0.78192062 6.55287397 -0.17865665
v -0.73536145 5.62423987 -1.36935242
v -0.72338907 4.15452151 0.90506387
v -0.19394460 3.50624027 1.10914835
v 0.50799056 4.33466119 1.78802561
v 0.01268951 4.93682671 1.59646781
v -1.69459157 4.06495053 -0.19284611
v -1.51633643 4.25739514 -1.17291703
v -0.79123245 4.91775965 -0.91129871
v -0.96959845 4.72487152 0.06921560
v -0.50345234 4.91110833 -1.11793279
v -0.40235239 5.02196351 -0.30769212
v -0.91095610 5.65660969 -0.36178946
v -1.00817607 5.55728342 -1.11704598
v 0.34747225 4.91731624 -1.06915658
v -0.59790097 5.34488483 -1.10108288
v -0.95186161 4.52178481 -1.62520622
v -0.00682101 4.09421628 -1.59327992
v -0.76107983 5.27216365 -0.36666708
v -0.35712347 4.84503858 -0.93036577
v -0.29327087 5.40652018 -1.26825252
v -0.66884830 5.81136338 -0.74756559
v 0.85075490 4.26493334 1.27498766
v -0.00948154 4.46857431 1.76541118
v -0.13408279 5.29921236 1.20226670
v 0.72659707 5.09557139 0.71173238
v 0.90008548 3.46012450 -0.49082491
v 0.14128155 3.48584291 -0.05183829
v -0.09240123 3.70710990 -0.53827095
v 0.61751552 3.68050465 -0.94233820
v -0.36998269 5.09645821 -1.07935517
v -0.64046937 5.13813979 -0.32099475
v -0.94875776 5.53954648 -0.48506045
v -0.69944438 5.50451622 -1.19287090
v 0.18917100 4.46990464 -0.32454211
v -0.96250371 4.94126089 -0.15870271
v -1.39217859 4.22014779 -1.09132760
v -0.24094721 3.74879146 -1.25761042
v 0.44502483 3.18609043 1.38939032
v -0.62051544 3.67296651 1.94643763
v -0.62583649 4.64416901 1.08609042
v 0.43970378 4.15718206 0.52948641
v -0.74822064 5.15587662 0.08384849
v -0.77615617 4.23433726 0.51219301
v -0.75841933 4.63263999 1.28163899
v -0.73181408 5.49520445 0.88998758
v 0.77093915 6.05391476 0.51441013
v 0.28583674 6.63224626 -0.31168290
v 1.04685774 6.24026230 -1.03279599
v 1.53151675 5.66148717 -0.20659217
v -1.02413928 4.84282154 0.88821390
v -0.40057871 4.74260836 0.10779321
v -1.09730365 5.11419504 -0.44249206
v -1.67153364 5.20376602 0.29048259
v 0.62904449 3.78515197 0.42749964
v 0.45211956 4.37013486 -0.46111570
v 0.97502359 3.63394548 -1.05053283
v 1.15239192 3.04862995 -0.16225008
v 0.55233264 5.30896776 -0.56798016
v 0.80996019 4.58297686 -0.17377903
v 1.27965371 5.09557139 0.38980886
v 1.04109323 5.77411609 0.02443009
v -1.31502334 4.86720970 0.26742471
v -0.32076296 4.80779129 0.30511549
v -0.36111427 5.33468603 1.19650219
v -1.28797463 5.38745323 1.15703775
v -0.41521161 5.21230194 -0.45180388
v -0.66707462 5.97454225 0.47450225
v -1.67419419 5.32537426 0.73479027
v -1.42233116 4.56346639 -0.19151586
v -0.49014972 5.31960975 0.72636526
v -0.91938111 4.51646381 0.34768389
v -1.57132056 5.27172025 -0.41544340
v -1.17268527 6.02198835 -0.06425407
v 0.59091027 5.14523452 0.61018903
v 0.56120106 6.11699118 -0.13342772
v 1.25836951 5.51870569 -0.94233820
v 1.28763526 4.54705978 -0.19861060
v -1.31191938 4.98782017 0.16543792
v -0.34116032 4.91022151 0.26476418
v -0.42674055 5.80293843 1.44570467
v -1.33187336 5.87832005 1.35746402
v 0.96482490 3.75499935 0.42882989
v 0.42063667 4.41536381 -0.46554994
v 0.72038915 3.54348762 -1.29131035
v 1.26457732 2.88323397 -0.39681970
v -1.08577473 4.27025439 -0.03055409
v -0.84887718 3.60467969 -0.50545779
v -0.75442856 4.46635727 -1.61012994
v -0.97491955 5.09025029 -1.17247362
v -0.36865241 5.43711636 0.62748245
v -0.90208768 4.65082034 0.45499173
v -1.95632064 5.57768059 -0.30059739
v -1.46135219 6.31253986 -0.14185272
v 1.13465509 4.89913600 0.75607447
v 0.50666034 5.32182679 1.61952564
v -0.16999988 5.86013970 0.86382574
v 0.45788402 5.43755977 0.00048537
v -0.75708906 5.39765182 -0.11835141
v -0.86217978 4.72309789 0.54944039
v -0.90696533 5.84994112 1.63194147
v -0.80896928 6.48370027 1.01469968
v -1.17091153 3.20693120 0.07941428
v -1.36734703 3.88492164 -0.78880371
v -0.63958255 4.62687559 -0.37420525
v -0.44359054 3.94921770 0.49445618
v 0.68402867 3.78337829 1.25592061
v 0.23085255 3.93813214 0.37029834
v 1.25127478 4.69826633 0.03152483
v 1.66498635 4.54705978 0.86027837
v 0.11024209 3.81707827 -0.48328677
v 0.51331161 3.06769706 -0.31256974
v 1.46544700 3.64990863 -0.14761719
v 1.09297350 4.35062439 -0.30636185
v -1.13322083 3.97493608 -0.66154192
v -0.71008648 4.79138467 -1.51346423
v -0.37574714 5.57590696 -0.59502882
v -0.79832718 4.75945837 0.25678261
v -0.67461281 5.57502015 -0.01547778
v -0.90696533 4.96121487 0.64167192
v -1.04852744 5.72356614 1.25813775
v -0.83335744 6.30367149 0.65231402
v 0.58780631 3.57763102 0.71394947
v 0.56696557 4.27734912 -0.43362364
v 1.04419718 3.20826147 -1.09487496
v 1.06503798 2.50809997 0.05325245
v 0.88146173 5.75593596 0.38936545
v 1.18431822 6.06633038 -0.55600779
v 1.94090499 5.35242297 -0.54802619
v 1.63793775 5.04191748 0.39734703
v -0.56819181 5.66946872 0.05192219
v -0.97758010 5.11596878 0.63723768
v -1.21481026 5.82599626 1.09540229
v -0.83690481 6.35111737 0.55609166
v 0.34170776 5.02772802 -0.50944861
v -0.48172473 5.69119633 -0.52541176
v -0.93756135 5.10754371 -1.28066825
v -0.11412885 4.44418615 -1.26470516
v 0.51242480 4.53686109 -0.87094746
v 1.38563131 5.14346079 -0.68903404
v 0.81129041 5.77145564 -0.02611988
v -0.06180519 5.16474499 -0.20792242
v 1.16214721 4.76123211 0.68911791
v 0.63392208 5.27260706 1.60178880
v -0.06357888 5.86235696 0.86737311
v 0.46453535 5.35109253 -0.04518698
v -1.20815894 4.62953614 0.07143270
v -0.37973794 4.58519400 0.36187336
v -0.69589701 4.76123211 1.19650219
v -1.47155088 4.80468733 0.93654676
v 0.17586837 3.37011007 1.54237049
v -0.62184572 4.02238213 1.87138867
v -0.30524324 4.76921366 1.15659434
v 0.49202741 4.11727416 0.82790867
v -1.08355770 4.58741115 0.77381130
v -0.49591420 4.61002557 0.12553004
v -1.07868000 4.82109394 -0.35425130
v -1.63384293 4.80291359 0.24392341
v -0.03209600 2.77104851 -0.69967614
v 0.89343416 3.23442330 -1.08822364
v 0.72216284 4.11594394 -0.44337887
v -0.20325644 3.65256915 -0.05538566
v 0.59977869 4.79360182 0.64521929
v 0.14793286 4.06184657 0.73745082
v -0.59834443 4.67609531 1.60533617
v -0.17576435 5.35641364 1.51753893
v 0.39048405 2.39402993 -0.79013399
v 1.37676284 2.90363136 -0.61897352
v 0.86494437 3.90354534 -0.64557877
v -0.12122359 3.39361137 -0.81673924
v -1.02990368 4.55725847 0.84608891
v -0.52118918 4.58475059 0.14282346
v -1.64980603 4.89292809 -0.62296435
v -2.12881149 4.86809652 0.02930772
v 0.07875921 2.51563811 -0.58749068
v 1.15327874 2.88855502 -0.71164851
v 0.83833912 3.92172559 -0.33296710
v -0.23651300 3.54836524 -0.20880926
v 0.01889740 3.58029154 -0.60966170
v 0.43704323 2.88013007 -0.31168290
v 1.74524556 3.57142313 -0.61276565
v 1.35813919 4.22546884 -0.89134473
v -1.35892196 4.36170990 0.03595904
v -0.53981288 4.60514798 0.16942871
v -1.01527081 5.45086242 1.34903896
v -1.77839804 5.22427437 1.22443772
v 0.31687620 4.92086361 -1.08911045
v -0.55887993 5.38967027 -0.87493823
v -1.06936823 4.65835848 -1.36181428
v -0.19350118 4.18955177 -1.57598650
v 1.30847605 4.99491490 -0.62961562
v 0.70619969 5.22516118 -0.09573695
v 1.55191402 6.09515272 0.43592463
v 2.11694310 5.88452797 -0.05893302
v 0.98788273 3.42553767 -0.27266186
v 0.15724470 3.45524687 -0.03454488
v -0.14162094 3.99001242 -1.25583668
v 0.63214839 3.96296371 -1.47976419
v 0.73280494 5.09246743 -0.96938680
v 1.28719185 5.93507792 -0.68903404
v 0.43039196 6.35643848 -0.26024608
v -0.12432753 5.51382799 -0.54048805
v -0.97270241 5.01619910 -0.05760276
v -1.04631029 4.25828201 0.32639969
v -1.80633357 4.83750044 1.25104302
v -1.73804679 5.54353736 0.89264808
v 0.75320232 5.48943994 0.42927333
v 0.54257741 6.36974113 -0.09085932
v 1.03754586 5.99272260 -0.92947895
v 1.24817082 5.11197800 -0.40923548
v -0.66131016 4.14875705 0.84608891
v -0.21611564 3.41533900 1.02090759
v 0.45034588 3.97404927 1.47142316
v 0.02820923 4.65215056 1.30425352
v -0.99221298 5.08625951 0.59599956
v -1.19840365 4.38210729 0.17874054
v -1.87916538 4.86632278 -0.24383952
v -1.69547839 5.52757405 0.13971951
v 0.76207074 3.79845459 0.17474976
v 0.64367736 3.68139149 -0.87139086
v 1.08188800 2.71872488 -0.81319187
v 1.20072472 2.83578798 0.23239446
v 0.11822366 3.48052186 -1.06339207
v 1.13642872 3.56565866 -0.96628295
v 1.00739330 4.21970438 -0.18575138
v -0.01081180 4.13456758 -0.28286056
v 0.99187361 4.07071498 0.93033884
v 0.44901560 4.50094402 1.74634402
v 0.25834465 5.37503739 1.15836797
v 0.80109177 4.94436485 0.34236284
v -1.23077336 4.80025314 -0.55600779
v -0.62450622 5.16119762 -1.46468791
v 0.10359078 5.70760305 -0.76175505
v -0.50212207 5.34665846 0.14681424
v -0.49014972 4.81532943 0.44656673
v 0.31022490 5.36971629 0.91969674
v 0.48138531 4.54351242 1.59779803
v -0.31898928 3.98912555 1.12511145
v 0.15236707 3.86097694 -0.33873158
v 0.79798781 3.19185490 -0.33917499
v 1.19274318 3.62019942 -0.53915777
v 0.59800500 4.25074387 -0.54226173
v 0.43881691 5.88098050 0.57294168
v 0.46453535 6.54932650 -0.38839471
v 1.48495757 6.06500015 -0.69790245
v 1.45923908 5.39676500 0.26343392
v -0.47063920 3.91108349 -0.59281173
v -0.61031675 3.05439444 -0.29971055
v -1.27555890 3.25038645 -0.14806061
v -1.15051415 4.04987419 -0.41987758
v 0.24637230 3.28275617 -1.13833018
v 1.19496032 3.67873097 -0.94499875
v 0.76606151 4.40028753 -0.32010791
v -0.18241566 4.00375843 -0.51343939
v 0.00914214 5.21097171 0.63635087
v 0.29736568 4.28533067 0.82347443
v 1.08942614 4.61002557 1.00051021
v 0.81661146 5.47081619 0.82480471
v -1.07646296 5.34931890 0.79110473
v -0.48837603 5.36395178 0.09404716
v -0.86572715 6.03041330 -0.16047639
v -1.41168906 6.01267658 0.49090881
v 0.39447486 4.77098729 -0.96894339
v -0.54202997 5.23713339 -1.15917097
v -0.88080348 4.35638891 -1.64826416
v 0.05570133 3.89024269 -1.45847999
v 0.61707211 4.72664526 1.14329169
v 0.11245919 4.76389256 0.31087995
v -0.49458393 5.46505189 0.75164028
v -0.03032231 5.43711636 1.53128499
v 0.45256297 3.76386777 0.30777602
v 0.40068275 4.12525576 -0.73160244
v 1.00961044 3.26812328 -1.06028811
v 1.06149061 2.90673532 -0.02079883
v -0.08220255 5.25132286 0.57471536
v 0.23085255 4.38033355 0.85007968
v 1.40159440 4.95722409 1.23330619
v 1.11381430 5.77056883 0.97789579
v -0.23651300 4.78428994 -0.13254088
v -0.78768508 5.39765182 0.58358378
v -1.58462321 4.65126375 0.60930216
v -1.03345105 4.03745841 -0.10682247
v 0.80729964 4.79537545 0.91038492
v 0.05836185 4.77187421 0.32462601
v -0.75797593 5.81535427 1.37919163
v -0.06136177 5.83885550 1.92737068
v 0.19360521 4.13190709 1.19871933
v -0.40102214 3.53284552 1.06214566
v -1.46844692 4.58608082 1.31578243
v -0.91051269 5.14080034 1.44215730
v -0.20769065 4.12392548 -0.77018006
v -0.65465883 4.85878464 -0.10061458
v -1.57708507 4.27823593 -0.07933038
v -1.13011687 3.54348762 -0.74889586
v -0.35534978 3.81264406 -0.89843947
v -0.81606401 3.19495884 -0.49525915
v -1.71188500 3.71952569 -0.79456817
v -1.28442726 4.29597277 -1.17069989
v -1.14164578 4.65658474 -0.73470640
v -0.09373149 5.87122532 -0.85498425
v 0.07210790 5.88674501 0.74498896
v -0.97580637 4.67254795 0.86515602
v -0.93179689 4.63042295 -0.67129720
v -0.04229468 4.55193748 -0.23053690
v 0.56253134 5.17716082 -1.42788402
v -0.26577878 5.25176627 -1.84126314
v 0.79710094 4.73728736 -1.06560922
v 1.49249571 5.64197660 -0.65045641
v 0.50045242 6.23095032 -0.27221846
v -0.19483144 5.32626108 -0.68726035
v -0.16689593 5.29965577 0.82303103
v 0.57627740 4.75369397 0.76183892
v 1.08055777 5.49387423 0.79952973
v 0.39137090 6.00735547 0.85717442
v -0.52784050 4.47921641 0.28737865
v 0.05836185 4.73019263 1.30602715
v -0.66663121 3.98469137 1.90741670
v -1.25338778 3.73371515 0.88910072
v 0.62549712 5.28812697 0.49135224
v 0.02643555 4.81399920 0.98410360
v -0.25203273 5.64774111 1.38495603
v 0.30490385 6.09293568 0.92723493
v -1.62719161 3.61443495 -0.34316579
v -1.45292723 4.23300704 -1.17690780
v -0.99309979 4.94525177 -0.55246042
v -1.16692076 4.32623624 0.28117076
v -0.11678938 5.39676500 0.71927052
v 0.60509974 4.87829521 0.84963628
v 0.93733278 5.43135185 0.97789579
v 0.26765650 5.91911482 0.85761782
v 0.15325391 2.50632629 -0.72583798
v 1.22466948 2.88456425 -0.71209192
v 0.85297200 3.92793350 -0.45934202
v -0.21833275 3.55013893 -0.47308808
v 0.63924313 5.05965432 1.03908784
v -0.04672889 5.20964149 0.50509828
v -0.15270646 5.90891602 0.89885600
v 0.48803664 5.76125684 1.39249417
v -0.52429313 4.48719796 0.27673655
v -0.96028668 3.94345319 -0.18663822
v -1.27201154 4.54839011 -0.53960123
v -0.86262324 5.05034244 -0.10416195
v 0.49734846 2.51519471 -0.78481294
v 1.39982077 2.84864717 -0.30370132
v 1.01049726 3.85033484 -0.26778425
v 0.10802498 3.51732579 -0.74889586
v -0.42674055 5.50052556 0.34191941
v 0.61618524 5.92842659 0.60752847
v 0.57627740 5.39011368 1.63194147
v -0.46664843 4.96210168 1.36633238
v -0.28928009 3.75810331 1.47230997
v -0.12166701 3.83304142 0.61595348
v -0.78325090 4.23256357 0.55165748
v -0.94742743 4.16693729 1.34859555
v 0.02998292 4.47832959 1.18940746
v 0.17542495 4.55105056 0.33127731
v 0.90584989 4.74704265 0.50421143
v 0.77492993 4.68052949 1.30558374
v 0.44945901 5.61758855 -1.21592884
v 1.05217884 6.31520030 -0.76796292
v 0.26721306 6.61805680 -0.18309086
v -0.33583927 5.92044504 -0.63094590
v -0.59790097 4.84991628 -0.74756559
v -0.26223141 4.13722814 -1.02570126
v -0.02943547 4.64106505 -1.92950379
v -0.34382084 5.30231643 -1.66511418
v 0.82592334 4.27779253 0.32152205
v 0.46675244 3.56033761 0.89929941
v 0.30224332 4.41181644 1.79379012
v 0.63658263 5.08359907 1.25902457
v -1.15273129 4.00730579 0.69355214
v -0.53050100 4.41181644 1.40624023
v -0.57040890 3.53284552 1.93978630
v -1.19263914 3.12844570 1.22709827
v -1.08976551 3.24329171 -0.49880651
v -0.34825505 3.57142313 -0.07977380
v -0.01524601 3.97848345 -1.06738285
v -0.70609565 3.67296651 -1.45847999
v 0.09383552 4.31293358 1.22709827
v 0.04018160 4.54528615 0.39113914
v 0.92935123 5.11508185 0.52771272
v 0.98034459 4.89913600 1.30691396
v 0.92669068 5.71735822 -1.09842233
v 1.49116538 6.19458983 -0.27266186
v 0.54346423 6.58036609 0.15257871
v -0.02101048 6.10357789 -0.67307089
v 0.64013000 4.28976490 1.02046419
v 0.10979867 4.53730461 0.38360097
v -0.63559178 5.11463845 1.28252580
v -0.13496963 4.87962543 1.86828482
v -1.16426021 3.35459034 -0.52762885
v -0.33007481 3.62108626 -0.44914338
v -0.33007481 3.88625192 -1.74138251
v -1.10794575 3.63793625 -1.81554465
v 1.05838665 3.73637568 -0.04873434
v 0.50843402 4.16738075 -0.84024053
v 0.61130766 3.27610485 -1.39684454
v 1.16126028 2.84554321 -0.60478405
v -0.23739984 4.78695049 0.84963628
v 0.17897232 4.04455314 0.71927052
v 1.46012601 4.71201239 1.25104302
v 1.06681171 5.40164270 1.37032316
v 0.59977869 5.16917928 0.36630757
v 0.25435387 4.41891118 0.83810731
v -0.58016413 5.49343082 1.85453876
v -0.25469326 6.18882554 1.41067452
v -1.53983766 3.62463363 -0.09307643
v -1.56023505 4.18068335 -0.99998288
v -0.90740873 4.90357019 -0.57152753
v -0.88701135 4.34752044 0.33526811
v -0.11235517 3.71996912 1.24306136
v -0.35357610 3.00694840 0.75518765
v -1.69813894 3.43529293 0.85096655
v -1.47199429 4.09909392 1.30558374
v -1.41479302 5.32005316 -0.46510653
v -0.30613009 6.32185163 -0.83048530
v 0.15635786 6.34490967 0.63635087
v -0.95230513 5.34311099 1.00184043
v -0.12255385 4.86853993 0.86249547
v 0.23040915 4.09643342 0.83012576
v 1.14352345 4.51912426 1.48561263
v 0.82060229 5.24112428 1.51975596
v -0.12521437 4.80247018 -0.29616318
v -0.64268651 5.57324652 0.57471536
v -1.62009687 4.76832684 0.70641133
v -1.10262475 3.99755056 -0.16446718
v -1.19219573 3.71863884 -0.07134881
v -0.31366823 3.76342436 0.05857350
v -0.25025905 4.53242691 -0.91706322
v -1.06936823 4.48409411 -1.02969203
v 0.96704204 5.41317150 0.15036161
v 1.01759199 4.70979524 -0.31434342
v 1.48850494 5.35641364 -1.18754990
v 1.44017203 6.01090273 -0.75199977
v -0.02322758 2.73513144 1.24040092
v -0.99975112 3.17234438 1.57429679
v -0.61741148 4.20019387 1.34593500
v 0.35855775 3.76342436 1.01203912
v -0.13940384 4.84149121 1.00627472
v 0.41797617 4.22901621 0.92590466
v 0.93156837 4.67343476 1.40003242
v 0.41354194 5.24555857 1.47585734
v 0.13063945 2.34658394 -0.66198538
v 1.23974576 3.11691676 -0.84966326
v 0.54346423 4.21704389 -0.44603942
v -0.56553126 3.44682187 -0.25847240
v 0.85873645 4.32800997 0.36808125
v 0.44413796 3.75499935 1.01203912
v 0.41309853 4.48498092 1.58493889
v 0.79931809 5.01619910 0.98232997
v 0.88722624 3.90443216 0.33349443
v 0.12930918 4.30894281 -0.43894469
v 0.50399979 3.53594946 -1.21149466
v 1.26236029 3.13154966 -0.43894469
v -1.16514713 3.80643617 -0.21989480
v -0.26799589 3.74258357 -0.17422244
v -0.26001431 3.88270455 -0.83536288
v -1.09597342 3.94212297 -0.87848560
v -0.84488641 4.42245854 0.70552452
v -0.10259991 4.89381490 1.27144030
v -0.23784326 4.19088204 2.03423509
v -0.98024055 3.71996912 1.46787579
v -0.66219703 5.10177931 -0.38617760
v -0.29903535 4.39851379 -0.72317743
v 0.15857496 4.81444261 -1.01284212
v -0.17665119 5.47303344 -0.70056295
v -1.66931660 4.35417176 0.78667049
v -1.97849165 4.91775965 -0.03144093
v -1.29906014 5.66326080 0.22529973
v -0.98999583 5.09911876 1.04352202
v 0.96305116 4.97185697 -0.66553275
v 0.32441436 4.94303463 -0.07844354
v 0.83567857 5.29389126 0.45188778
v 1.43751148 5.32537426 -0.08819880
v 0.81262069 5.91068965 0.56629035
v 0.42994849 6.62603834 -0.23851847
v 1.18032745 6.19148598 -0.98180264
v 1.56344305 5.47613729 -0.17732640
v 0.76650492 5.28546631 -0.80875763
v 0.38959721 5.07428719 0.07631033
v 1.10405901 5.39144390 0.41685754
v 1.46189964 5.59098324 -0.40435784
v 0.53459581 4.09066891 1.24838247
v 0.62416685 4.09421628 0.30954970
v 1.29162604 4.55371111 0.41109306
v 1.21580111 4.55592825 1.28651669
v 0.50621688 5.44110703 0.43060358
v 0.94974862 5.89383974 -0.42785918
v 1.74435875 5.18248182 -0.39282892
v 1.30093791 4.72930581 0.46563383
v 0.54745506 5.68720566 -0.81186159
v 0.38693669 5.40119929 -0.03809224
v 1.25171819 5.81136338 0.25988656
v 1.40691551 6.08051984 -0.45889861
v -0.06756966 4.09909392 1.30159297
v 0.91915254 4.43265723 1.14772587
v 1.28231416 3.48096528 1.41289156
v 0.29559200 3.14706938 1.56675865
v 0.37496434 3.65123888 1.52906784
v -0.50655630 4.07381894 1.96506138
v -0.55267207 4.79404523 1.17344436
v 0.32884857 4.37102178 0.73745082
v 1.21890507 5.45086242 -0.21457375
v 0.27652491 5.31650590 -0.13209746
v 0.11733682 6.11787821 -1.09620519
v 0.99586438 6.24203593 -1.17203022
v 1.41534046 3.85299534 0.69532583
v 0.84232990 4.22192147 1.60444936
v 0.23484336 4.91554251 0.94053753
v 0.80774304 4.54617297 0.03108141
v 0.87569732 5.45618331 -0.83935371
v 0.28095912 5.35197957 -0.11613431
v 1.08853932 6.49212523 0.66694689
v 1.64547589 6.59322534 -0.00439226
v -0.36466164 3.90443216 -0.67218402
v -0.52340627 3.04862995 -0.48816441
v -1.96962329 3.27078380 -0.89134473
v -1.81342830 4.06716762 -1.06073152
v 1.36833788 3.47076660 0.77735867
v 0.98344854 4.26626356 1.60844013
v 0.60776029 5.00733063 0.72459157
v 0.99320383 4.21172284 -0.10593563
v 0.31111174 3.69247703 0.46785093
v 0.24105125 4.14343600 -0.56398934
v 0.94664466 3.35547718 -0.95608426
v 1.01670517 2.90451817 0.07542349
v 0.40467352 3.32665483 1.30026264
v 0.40467352 3.82772037 0.60087720
v 1.38917867 4.30716918 0.98499052
v 1.39228252 3.84190984 1.63770599
v -0.48349842 4.92795834 0.56895090
v 0.38250248 5.35109253 1.04396542
v 0.45167616 4.49118884 1.68382175
v -0.41432477 4.06761103 1.20936143
v 0.65431946 5.95946597 0.14814451
v 0.76694833 5.39100049 -0.55600779
v 0.74477731 6.34224901 -1.28554595
v 0.63968659 6.87568423 -0.63183276
v 0.27608148 5.74130287 -0.44692624
v 0.79710094 4.93239253 -0.38218682
v 1.70711134 5.60650293 0.18627870
v 1.22555629 6.36353321 0.12863399
v 0.95994731 5.84062913 0.36098652
v 1.05483928 6.12940701 -0.60744460
v 1.80876550 5.46194782 -0.73248925
v 1.71420607 5.17317005 0.23594183
v 0.45433665 3.12090756 -0.81186159
v 0.19404864 3.33108904 0.21731816
v 1.19806428 3.65256915 0.36009968
v 1.43485092 3.45480345 -0.60034987
v 0.92403013 3.08942467 -0.49126832
v 0.08452368 3.36833639 0.11400110
v -0.27686431 3.90443216 -0.71297874
v 0.50488666 3.64547442 -1.27845122
v 0.16167891 6.14670055 -1.32412347
v 0.73058785 6.72359098 -0.24916057
v -0.46221422 6.73999748 0.37340230
v -1.03167742 6.16310705 -0.70100641
v -1.44671932 4.17669258 -0.48949464
v -0.68126408 4.42511909 -0.55246042
v -0.87503903 4.82685834 -0.90420398
v -1.58684024 4.59051511 -0.84157080
v -0.97891033 4.43975197 0.91925333
v -0.14516831 4.98161225 1.16368908
v 0.02421845 4.36215331 1.96151391
v -0.80985615 3.82018223 1.71707827
v 0.36875645 6.11521755 -0.57330121
v 1.01271429 5.76968180 -0.08997248
v 1.20560242 6.32894636 -0.00572252
v 0.60776029 6.65663431 -0.45490784
v 0.10802498 3.92438614 -0.40746180
v -0.71052988 4.64727297 -0.18575138
v -1.45736142 3.92793350 -0.59547223
v -0.63825227 3.20471410 -0.81718264
v 1.16658139 5.06763587 -0.39149865
v 0.24548546 4.99181094 -0.02079883
v -0.04185126 5.54132011 -0.73160244
v 0.81838514 5.60960700 -1.07447758
v 0.77404306 5.44465451 0.08695243
v 0.61574184 4.63574395 -0.47175780
v 0.29825252 5.21496238 -1.14808546
v 0.44857220 5.96478707 -0.62163407
v -0.49990498 4.58785455 0.45720883
v 0.18118942 5.33734669 0.84874941
v 0.71506810 4.56568354 1.39604154
v 0.03353028 3.81619143 1.00450098
v -0.08441966 5.13459242 -0.63759722
v -0.50921680 4.38654147 -0.62961562
v -1.06981164 4.74127813 -0.48018281
v -0.68126408 5.44243725 -0.48550386
v 0.25612756 4.77054388 -0.67174061
v -0.44802475 4.77675180 0.44967068
v -1.11326685 5.43933340 -0.03099751
v -0.45733658 5.43356889 -1.07713813
v -0.48172473 4.43443097 -1.30017882
v 0.38294591 5.72844384 -0.76397214
v -0.49103656 5.73509516 0.63058636
v -1.35581801 4.44108219 0.09493401
v -0.76728775 5.27659794 0.02531694
v -0.83734821 4.42201513 0.53347724
v -0.83646140 4.97540433 1.39958890
v -0.77083512 5.77766356 0.93654676
v -0.37042609 4.48631114 -0.64380509
v -0.52828391 4.97363070 0.26166024
v -1.45470086 4.50848216 0.35034442
v -1.29684310 4.02149526 -0.55556438
v -0.30613009 4.32091524 -0.52851567
v -0.89188899 3.55767708 -0.26689741
v -1.70345994 4.29552936 -0.05671592
v -1.16559054 5.01353855 -0.29838027
v 0.81217728 4.06495053 0.98853789
v 0.33239594 4.97584774 1.65544282
v 0.30446041 5.69119633 0.65940875
v 0.78424175 4.78029917 -0.00749621
v 0.22331441 3.08188653 -0.80476686
v 0.10270393 3.34261798 0.03684588
v 1.32133519 4.28621754 -0.11524747
v 1.43041674 4.04056237 -0.89976980
v 0.63436554 5.19489766 -0.68593008
v 0.83434829 4.53242691 -0.17732640
v 1.60468112 5.46992937 0.68690082
v 1.42110497 6.09027524 0.21554447
v -1.27777594 4.66323607 -0.68859063
v -0.80010086 5.21717963 -1.42877084
v -0.33406558 5.79273984 -0.69745905
v -0.81162983 5.23890724 0.04261035
v 0.56740898 5.65705310 -0.87848560
v 0.17764206 5.49032676 -0.16668430
v 0.86993281 6.55420420 0.42262200
v 1.23353795 6.70984492 -0.23984872
v 1.34306291 4.76788344 -0.10105800
v 0.51419848 4.95855431 -0.00572252
v 0.65520628 5.94305947 -1.05674075
v 1.42731278 5.76613454 -1.14675513
v 1.01493144 6.06056586 0.43814174
v -0.25602352 6.76128168 0.49356933
v -0.34781164 6.70940151 -0.95519733
v 0.92358672 6.00868569 -1.01062498
v 1.12623003 4.89913600 -0.70499719
v 0.56519189 5.04058715 -0.08287775
v 1.56566008 5.77455950 0.60797194
v 2.08767735 5.64197660 0.02753404
v -1.07424582 5.08980688 1.22000353
v -1.65069284 5.67612004 0.41020622
v -0.66663121 6.17241882 0.06832876
v -0.08974071 5.58654917 0.87801521
v 0.58558922 4.26892411 1.12289430
v 0.05171054 4.63973472 0.59466928
v -0.38727608 5.23003866 1.51221782
v 0.11334603 4.88006884 1.99876142
v 0.59667473 4.77542158 0.78356658
v 0.04151186 4.16205970 0.91437569
v -0.39437082 4.78695049 1.80132826
v 0.12088419 5.36173474 1.68426516
v 0.66363129 6.32096481 0.51396669
v -0.48970631 6.80651074 0.28737865
v -0.26311825 6.76039487 -0.96362240
v 0.89033020 6.27484915 -0.73692349
v -0.84266926 4.99003721 0.62792586
v -0.99531694 4.21349652 0.29624708
v -1.98647341 4.76034519 -0.45357756
v -1.84845856 5.48633609 -0.14806061
v -1.21081938 4.50936908 0.78046263
v -0.64800756 4.66678343 0.15213529
v -1.66798627 5.17804764 -0.58704722
v -2.19443772 5.03260561 -0.00306200
v 0.11290261 4.53686109 -0.35513814
v -0.98423143 4.92352405 -0.01015673
v -1.49460871 4.25739514 -0.88691055
v -0.39747478 3.87073218 -1.23189193
v 0.98034459 3.33020220 -0.30813553
v 0.01446319 3.47032318 -0.18929875
v 0.01623687 4.02903345 -1.13433940
v 0.91649199 3.90354534 -1.25273273
v 0.49779192 4.01395712 1.25902457
v 0.50045242 3.98203082 0.28338786
v 1.48007988 4.46857431 0.31132339
v 1.47254174 4.49606643 1.22089035
v -0.24715510 4.48187696 0.77868894
v 0.86804828 4.95367673 0.57205481
v 1.35237468 4.16161624 1.37653107
v 0.23706045 3.68981650 1.58360856
v 1.36035622 5.25220989 -0.61764330
v 0.87702754 5.46771233 0.00403274
v 1.44061544 6.03351737 0.20490237
v 1.89301548 5.83486484 -0.37376181
v -0.38372872 5.62069240 0.48159698
v 0.68890626 5.84240298 0.44567988
v 0.82237597 5.35375319 1.41776925
v -0.25070247 5.13237528 1.45368633
v -0.48349842 4.51557689 -0.25270794
v -1.01881817 4.05342156 0.17962739
v -1.32211808 4.62598877 0.35300494
v -0.82404562 5.05743717 -0.04917776
v -1.00994981 4.24675304 -0.37376181
v -0.52251945 4.30672577 0.29358655
v -0.86395346 4.85612409 0.45720883
v -1.32211808 4.80734788 -0.16225008
v 0.68003784 5.13636605 -1.19331442
v 1.46411678 5.89516996 -0.72450770
v 0.59135368 6.41940426 -0.11347378
v -0.19261434 5.66060036 -0.58216963
v -1.06005635 4.32446261 1.16058512
v -1.88049582 4.70447425 0.58003641
v -1.26003911 5.50895051 0.22973394
v -0.43959974 5.12882791 0.81061524
v 0.60332605 5.87698983 0.02443009
v 0.77492993 5.15942399 -0.38218682
v 0.55055896 5.61714514 -1.22479720
v 0.38915381 6.28903862 -0.85232370
v 0.60598661 5.53422538 -0.23053690
v -0.60898653 5.52846087 -0.27354870
v -0.53094446 6.67880554 -1.14409469
v 0.60110896 6.67348444 -1.09664859
v -1.18909177 3.33197588 -0.35691182
v -1.21968785 4.13412418 -1.07536439
v -0.79877064 4.80468733 -0.34493947
v -0.76773116 4.00242820 0.37384571
v 1.18077085 5.30675051 -0.13874877
v 0.22065389 5.12838451 -0.16313693
v 0.18118942 5.66902531 -1.19686178
v 1.07568008 5.83708187 -1.17823803
v 0.59977869 5.65128859 0.08251822
v 0.76827860 4.80335710 -0.37198813
v 0.68535889 5.36838607 -1.38575903
v 0.52750108 6.16443727 -0.97293417
v 0.77226938 5.63576890 0.41818779
v 0.43172218 6.44867001 -0.13032378
v 0.93954992 6.09825678 -0.96495262
v 1.28009712 5.28546631 -0.41633021
v 0.14926312 3.88935588 -0.34493947
v 0.51597216 3.12844570 -0.41233944
v 1.59137857 3.70710990 -0.67262748
v 1.24728401 4.41492040 -0.60877488
v 1.09430373 5.60162545 -0.32498552
v 0.32352752 5.39809522 -0.06558433
v -0.13142226 6.13472812 -0.95475393
v 0.59135368 6.31830437 -1.18888013
v 0.99675120 4.15407810 -0.77018006
v 0.82104570 5.52580042 0.17253265
v -0.82404562 5.52580042 -0.13342772
v -0.64889437 4.15407810 -1.07625132
v -0.78724167 4.22103466 0.05014850
v -0.65465883 3.29073774 -0.39903679
v -0.44669448 3.98424791 -1.66334044
v -0.57218258 4.84459517 -1.23233545
v -1.24496282 3.71553491 -0.28020003
v -0.22321038 3.76785857 -0.08731196
v -0.05027625 4.42024151 -1.37068275
v -1.00329848 4.37102178 -1.55026812
v 0.50399979 4.62066767 -0.96983032
v -0.38062479 5.17893445 -1.22967490
v -0.81429033 4.29109512 -1.66023648
v 0.06989079 3.73282831 -1.40039190
v 0.54878528 5.89916084 0.06566823
v 0.64633786 5.27438091 -0.47619204
v 0.29426175 6.00558184 -1.33387875
v 0.20203021 6.59056468 -0.83181552
v 0.47517745 4.49517961 -0.08598169
v -0.45467605 5.29078741 -0.49038150
v -0.87991661 4.38210729 -1.29929190
v 0.04949343 3.58694286 -0.89489210
v 0.05126712 5.83530824 -0.62340775
v 0.66407469 5.32227019 -0.40746180
v 1.31557079 6.39590303 0.19958132
v 0.74921149 6.88189215 0.00270247
v -0.30701693 4.07647944 0.30644574
v 0.86804828 4.60293083 0.60619825
v 1.09164328 3.61798233 1.45900732
v -0.08353281 3.09164179 1.15969830
v -0.04672889 5.16607532 -0.52940254
v -0.39038004 4.41447699 -0.71741297
v -1.66621264 5.07118323 -0.89622243
v -1.35227064 5.77500290 -0.72140374
v -0.13230911 4.84326495 -1.04831579
v -0.30967745 4.71910712 -0.22831978
v -1.59881267 5.35464001 -0.44692624
v -1.42587852 5.46682552 -1.20972092
v -0.25735378 4.34530329 -0.81895633
v -1.27866286 4.32357568 -0.65444719
v -1.35581801 3.47786133 -1.24608140
v -0.33450902 3.49958895 -1.41014719
v -0.61918517 4.75591101 -0.71829979
v -0.27819456 3.99045583 -0.89045792
v 0.11201577 4.42290195 -1.88604858
v -0.20503012 5.13680957 -1.72630623
v -1.00551563 4.28089649 -0.83624975
v -0.62849704 5.10399635 -1.39285376
v -0.50699971 5.65705310 -0.49304200
v -0.88390744 4.83350967 0.06345113
v 0.20469074 5.94749376 -0.82472078
v 0.37097354 5.81446745 -0.04651724
v 0.97812755 6.76128168 -0.05183829
v 0.81749833 6.87657105 -0.77727480
v -0.48394183 4.41536381 0.88821390
v -0.27996824 3.71509148 1.29405483
v 0.03441713 4.37057837 2.19830077
v -0.15714067 5.02063328 1.81596113
v -1.21259312 3.86275063 0.57737586
v -0.87282188 4.25384777 1.52862443
v -0.89321927 3.25482065 1.94688103
v -1.23254710 2.86372345 0.99563262
v 0.43793010 2.90052740 -0.67440116
v 0.30978146 3.27034038 0.13129451
v 1.53772456 3.43263241 0.20711948
v 1.64680611 3.08676415 -0.54492228
v 0.45921430 6.05790542 0.04305377
v 0.48848004 5.56969904 -0.60788801
v 0.20114337 6.45266089 -1.24874195
v 0.17276443 6.91071449 -0.64424855
v -0.46177078 4.72797548 -0.75421691
v -1.23032995 4.94480825 -0.14717377
v -1.80633357 4.28976490 -0.64247486
v -1.03788534 4.07293208 -1.24962877
v 0.66008392 6.14403989 -0.07800012
v 0.22597494 5.82111878 -0.66952352
v -0.00549075 6.59499897 -0.87804219
v 0.40068275 6.89120414 -0.32498552
v 1.03754586 4.91376888 -0.63582354
v 0.35190646 4.95589387 -0.10992642
v 0.86184041 5.44243725 0.45277462
v 1.49559967 5.39720841 -0.04430013
v -0.38106819 5.54619781 0.38005360
v 0.69201022 5.86989510 0.52150486
v 0.71285101 5.35951771 1.52906784
v -0.35978399 5.03570957 1.38761658
v 0.57228662 6.27041486 -0.06558433
v 0.23883413 5.97454225 -0.72140374
v 0.14793286 6.44024506 -0.84877633
v 0.45832743 6.71960010 -0.23851847
v 0.93910652 2.91604714 0.50243775
v 1.02335639 3.72262965 1.53172839
v 0.59933528 4.71511635 0.78844417
v 0.51508529 3.90842299 -0.24073556
v 1.06858534 4.94081748 0.96714278
v 0.24991966 5.33202559 1.61775201
v -0.19837881 5.85437519 0.73922450
v 0.62017607 5.46372145 0.08872611
v -0.19394460 4.48365059 -0.66952352
v -1.11858785 4.93283593 -0.41987758
v -1.62674820 4.21172284 -1.00353025
v -0.70210487 3.76298093 -1.25361965
v -0.07466440 2.77858665 -0.83004183
v 0.84232990 3.37942191 -1.08157231
v 0.46985640 4.21926098 -0.43318023
v -0.44713791 3.61842574 -0.18176061
v -0.11723280 3.19407200 1.68692560
v -1.19219573 3.18076938 1.68027438
v -1.20106420 4.15141760 1.21822980
v -0.12654464 4.16427679 1.22488112
v -1.73183887 3.83259801 -0.30591844
v -1.50658114 4.29153859 -1.20927751
v -0.93800476 5.00067931 -0.70721428
v -1.16337339 4.54129538 0.19647738
v -0.18596303 4.93948726 -0.69790245
v -0.05160651 4.95145958 0.58934823
v -0.82094166 5.63576890 0.61151930
v -0.94155212 5.62024899 -0.58837750
v -0.04761573 4.31382051 0.85407046
v 1.01626166 4.36481386 1.10072329
v 0.92624727 3.44238767 1.67983087
v -0.13718674 3.39139427 1.43328894
v 0.44945901 3.49781527 -0.79368135
v 0.31465911 3.46721923 0.07231954
v 0.92092627 3.62862443 0.14060635
v 1.05439588 3.65922045 -0.66508929
v 0.53769977 2.38338783 -0.75865109
v 1.45081413 2.91649055 -0.43539732
v 0.93467223 3.88403483 -0.57241435
v 0.02155792 3.35148640 -0.89533562
v 0.69378390 6.01578043 0.33881548
v 0.10226051 6.61362251 -0.23408426
v 0.62106289 6.33205043 -1.06339207
v 1.21225375 5.73420813 -0.48993810
v -0.38195503 4.06184657 0.23195104
v -0.15226304 4.65348078 1.11624309
v -0.68436804 3.93458478 1.73570192
v -0.91406006 3.34306140 0.85185337
v 0.96970249 2.91205637 -0.03720540
v 0.23439992 3.29251143 -0.28995529
v 0.58824977 3.42997188 -0.99643551
v 1.27477602 3.07612205 -0.76352874
v 0.37762486 3.08232994 -1.15562360
v 1.33641158 3.57408365 -0.67307089
v 0.65476287 4.37146519 -0.13121062
v -0.30391297 3.87915719 -0.61365247
v 0.16389601 3.77761383 -0.56975385
v 0.59002346 3.10051021 -0.21767768
v 1.14485378 3.63926653 0.05192219
v 0.74034308 4.26404647 -0.28020003
v 0.74389044 6.23228075 0.27407602
v 0.02067108 6.71649625 -0.22388557
v 0.44945901 6.46241607 -1.09443156
v 1.17278931 5.97808973 -0.59635910
v -0.39969187 4.24763991 -0.38795128
v -0.64933778 3.21846015 -0.39061183
v -1.75977440 3.53062841 -0.23275399
v -1.52121402 4.48852829 -0.23098030
v 1.24817082 3.30359695 0.88422307
v 0.70087864 3.40292321 1.76408085
v 0.37895511 4.34397307 1.45767710
v 0.92624727 4.24453595 0.57781932
v -0.05515388 4.11594394 0.99784966
v -0.32652744 3.10494441 0.86959020
v -1.37843254 3.40558374 1.04263520
v -1.12834313 4.34885066 1.16235885
v 0.94132355 3.99001242 0.17874054
v 0.38959721 4.43044009 -0.57773540
v 0.74477731 3.72617701 -1.24696832
v 1.29694714 3.28586011 -0.49082491
v 0.20114337 3.11957729 1.48605603
v -0.86129297 3.14086149 1.80531903
v -0.98423143 4.13545445 1.32908509
v 0.07787237 4.11417025 1.01026549
v -1.45736142 3.20249700 -0.48106968
v -1.07114186 3.33774035 -1.48153793
v -0.64224305 4.28533067 -1.18799331
v -1.02857346 4.15008733 -0.18796850
v -0.30657349 5.27748476 -0.67351429
v 0.06279606 5.29921236 0.50731539
v -0.85331136 6.42295174 0.72769553
v -1.20195102 6.40831865 -0.37198813
v -0.75221142 5.15454640 1.14772587
v -0.78369431 6.19414643 -0.01680804
v 0.77670361 6.19902412 -0.05449881
v 0.80818650 5.15986740 1.11003517
v 0.15059338 2.94664316 -1.11039465
v 1.04242356 3.54703498 -1.00885135
v 0.46985640 4.31160336 -0.50545779
v -0.42186291 3.71110070 -0.60700120
v 0.81572465 3.90664930 0.39468650
v 0.21178547 4.34663362 -0.54093145
v 0.69688786 3.51023105 -1.24741173
v 1.30138132 3.07035759 -0.31168290
v -0.43427869 5.70494238 -0.32143815
v -0.44669448 6.13916241 0.72503503
v -1.46489956 5.67478982 0.90550727
v -1.45204031 5.24068087 -0.14140930
v -0.04451178 5.88585819 -0.82516425
v -0.21301170 5.92532252 0.33349443
v -0.68614172 6.80739756 0.18805238
v -0.52917078 6.77192389 -0.89223166
v 0.39092749 4.59051511 -1.04033413
v 1.34128917 5.36572562 -0.87227768
v 0.67028261 6.01090273 -0.05671592
v -0.27952484 5.23580317 -0.22477241
v 0.76029705 6.00779888 -0.63626695
v 0.13108287 5.94971079 -0.14273956
v -0.09284465 6.71339218 -0.39327233
v 0.49557478 6.76261191 -0.85188029
v 1.04907488 3.78736909 0.21377079
v 0.55987084 4.44019538 -0.45224729
v 0.71551151 3.75588619 -1.23721304
v 1.20471561 3.10317073 -0.57108407
v 0.31066830 4.49517961 0.74099818
v 0.83523516 3.71287439 0.78800077
v 1.49338253 4.20773201 0.85185337
v 0.99675120 4.93150571 0.80706788
v 0.26676966 3.76918882 0.40266808
v 0.29027095 4.27557544 -0.55822488
v 1.06814194 3.59669812 -0.89710925
v 1.04464059 3.09031151 0.06389455
v -0.21212486 4.03479791 0.56496007
v 0.76960888 4.45881902 0.88954412
v 0.99409064 3.51510868 1.44437445
v 0.01224608 3.09119835 1.11979045
v -1.28531408 4.69826633 0.30555890
v -0.26932614 4.66589662 0.30334181
v -0.29194062 5.02994505 1.08919438
v -1.23875491 5.06320168 1.09939307
v -0.78059035 4.24143199 1.04396542
v -0.82892326 5.58876621 0.05813008
v 0.83878253 5.58920962 -0.02257251
v 0.88722624 4.24231886 0.96315201
v -0.98999583 4.01040975 0.22574315
v -0.49901816 4.76078870 1.13353640
v -0.63647859 3.82018223 1.98457195
v -1.12745632 3.07035759 1.07677854
v -0.42541028 3.90576244 -0.00128831
v -0.23784326 4.44640329 1.21290880
v -0.68569832 3.31778641 1.78447824
v -0.87282188 2.77681297 0.57072459
v -1.42233116 3.51422184 0.31664444
v -1.51677983 4.19842018 -0.53871436
v -0.73181408 4.83927418 -0.11303036
v -0.63692200 4.15496497 0.74232841
v -0.86084956 5.43800318 -0.51432620
v -0.58193782 6.20611886 0.31886153
v -1.37266802 5.72356614 1.02933255
v -1.65157977 4.95500695 0.19603396
v 0.90141570 5.03526616 -0.73248925
v 0.24637230 4.93638330 0.02132615
v 0.79266676 5.29389126 0.48957856
v 1.39760363 5.38257553 -0.21767768
v -1.14829711 4.38654147 -1.11970653
v -0.42319319 4.48897169 -1.84392359
v -0.01746311 5.28058882 -1.32545380
v -0.74201278 5.17804764 -0.60123669
v 0.12753550 3.06503654 -1.17158670
v 1.12756036 3.19894963 -1.02259730
v 0.93600256 4.06095975 -0.51255252
v -0.06402230 3.92704664 -0.66109851
v 0.64633786 5.47170300 -1.26559197
v 1.44771017 6.12009524 -0.73470640
v 0.62682734 6.58169632 -0.05848960
v -0.17487751 5.93330429 -0.58970777
vt 0.08644236 0.00048828
vt 0.89036393 0.00048828
vt 0.85909820 0.99951172
vt 0.10963608 0.99951172
vt 0.08644236 0.00048828
vt 0.89036393 0.00048828
vt 0.85909820 0.99951172
vt 0.10963608 0.99951172
vt 0.08644236 0.00048828
vt 0.89036393 0.00048828
vt 0.85909820 0.99951172
vt 0.10963608 0.99951172
vt 0.08644236 0.00048828
vt 0.89036393 0.00048828
vt 0.85909820 0.99951172
vt 0.10963608 0.99951172
vt 0.08644236 0.00048828
vt 0.89036393 0.00048828
vt 0.85909820 0.99951172
vt 0.10963608 0.99951172
vt 0.08644236 0.00048828
vt 0.89036393 0.00048828
vt 0.85909820 0.99951172
vt 0.10963608 0.99951172
vt 0.08644236 0.00048828
vt 0.89036393 0.00048828
vt 0.85909820 0.99951172
vt 0.10963608 0.99951172
vt 0.08644236 0.00048828
vt 0.89036393 0.00048828
vt 0.85909820 0.99951172
vt 0.10963608 0.99951172
vt 0.08644236 0.00048828
vt 0.89036393 0.00048828
vt 0.85909820 0.99951172
vt 0.10963608 0.99951172
vt 0.08644236 0.00048828
vt 0.89036393 0.00048828
vt 0.85909820 0.99951172
vt 0.10963608 0.99951172
vt 0.08644236 0.00048828
vt 0.89036393 0.00048828
vt 0.85909820 0.99951172
vt 0.10963608 0.99951172
vt 0.08644236 0.00048828
vt 0.89036393 0.00048828
vt 0.85909820 0.99951172
vt 0.10963608 0.99951172
vt 0.08644236 0.00048828
vt 0.89036393 0.00048828
vt 0.85909820 0.99951172
vt 0.10963608 0.99951172
vt 0.08644236 0.00048828
vt 0.89036393 0.00048828
vt 0.85909820 0.99951172
vt 0.10963608 0.99951172
vt 0.08644236 0.00048828
vt 0.89036393 0.00048828
vt 0.85909820 0.99951172
vt 0.10963608 0.99951172
vt 0.08644236 0.00048828
vt 0.89036393 0.00048828
vt 0.85909820 0.99951172
vt 0.10963608 0.99951172
vt 0.08644236 0.00048828
vt 0.89036393 0.00048828
vt 0.85909820 0.99951172
vt 0.10963608 0.99951172
vt 0.08644236 0.00048828
vt 0.89036393 0.00048828
vt 0.85909820 0.99951172
vt 0.10963608 0.99951172
vt 0.08644236 0.00048828
vt 0.89036393 0.00048828
vt 0.85909820 0.99951172
vt 0.10963608 0.99951172
vt 0.08644236 0.00048828
vt 0.89036393 0.00048828
vt 0.85909820 0.99951172
vt 0.10963608 0.99951172
vt 0.08644236 0.00048828
vt 0.89036393 0.00048828
vt 0.85909820 0.99951172
vt 0.10963608 0.99951172
vt 0.08644236 0.00048828
vt 0.89036393 0.00048828
vt 0.85909820 0.99951172
vt 0.10963608 0.99951172
vt 0.08644236 0.00048828
vt 0.89036393 0.00048828
vt 0.85909820 0.99951172
vt 0.10963608 0.99951172
vt 0.08644236 0.00048828
vt 0.89036393 0.00048828
vt 0.85909820 0.99951172
vt 0.10963608 0.99951172
vt 0.08644236 0.00048828
vt 0.89036393 0.00048828
vt 0.85909820 0.99951172
vt 0.10963608 0.99951172
vt 0.08644236 0.00048828
vt 0.89036393 0.00048828
vt 0.85909820 0.99951172
vt 0.10963608 0.99951172
vt 0.08644236 0.00048828
vt 0.89036393 0.00048828
vt 0.85909820 0.99951172
vt 0.10963608 0.99951172
vt 0.08644236 0.00048828
vt 0.89036393 0.00048828
vt 0.85909820 0.99951172
vt 0.10963608 0.99951172
vt 0.08644236 0.00048828
vt 0.89036393 0.00048828
vt 0.85909820 0.99951172
vt 0.10963608 0.99951172
vt 0.08644236 0.00048828
vt 0.89036393 0.00048828
vt 0.85909820 0.99951172
vt 0.10963608 0.99951172
vt 0.08644236 0.00048828
vt 0.89036393 0.00048828
vt 0.85909820 0.99951172
vt 0.10963608 0.99951172
vt 0.08644236 0.00048828
vt 0.89036393 0.00048828
vt 0.85909820 0.99951172
vt 0.10963608 0.99951172
vt 0.08644236 0.00048828
vt 0.89036393 0.00048828
vt 0.85909820 0.99951172
vt 0.10963608 0.99951172
vt 0.08644236 0.00048828
vt 0.89036393 0.00048828
vt 0.85909820 0.99951172
vt 0.10963608 0.99951172
vt 0.08644236 0.00048828
vt 0.89036393 0.00048828
vt 0.85909820 0.99951172
vt 0.10963608 0.99951172
vt 0.08644236 0.00048828
vt 0.89036393 0.00048828
vt 0.85909820 0.99951172
vt 0.10963608 0.99951172
vt 0.08644236 0.00048828
vt 0.89036393 0.00048828
vt 0.85909820 0.99951172
vt 0.10963608 0.99951172
vt 0.08644236 0.00048828
vt 0.89036393 0.00048828
vt 0.85909820 0.99951172
vt 0.10963608 0.99951172
vt 0.08644236 0.00048828
vt 0.89036393 0.00048828
vt 0.85909820 0.99951172
vt 0.10963608 0.99951172
vt 0.08644236 0.00048828
vt 0.89036393 0.00048828
vt 0.85909820 0.99951172
vt 0.10963608 0.99951172
vt 0.08644236 0.00048828
vt 0.89036393 0.00048828
vt 0.85909820 0.99951172
vt 0.10963608 0.99951172
vt 0.08644236 0.00048828
vt 0.89036393 0.00048828
vt 0.85909820 0.99951172
vt 0.10963608 0.99951172
vt 0.08644236 0.00048828
vt 0.89036393 0.00048828
vt 0.85909820 0.99951172
vt 0.10963608 0.99951172
vt 0.08644236 0.00048828
vt 0.89036393 0.00048828
vt 0.85909820 0.99951172
vt 0.10963608 0.99951172
vt 0.08644236 0.00048828
vt 0.89036393 0.00048828
vt 0.85909820 0.99951172
vt 0.10963608 0.99951172
vt 0.08644236 0.00048828
vt 0.89036393 0.00048828
vt 0.85909820 0.99951172
vt 0.10963608 0.99951172
vt 0.08644236 0.00048828
vt 0.89036393 0.00048828
vt 0.85909820 0.99951172
vt 0.10963608 0.99951172
vt 0.08644236 0.00048828
vt 0.89036393 0.00048828
vt 0.85909820 0.99951172
vt 0.10963608 0.99951172
vt 0.08644236 0.00048828
vt 0.89036393 0.00048828
vt 0.85909820 0.99951172
vt 0.10963608 0.99951172
vt 0.08644236 0.00048828
vt 0.89036393 0.00048828
vt 0.85909820 0.99951172
vt 0.10963608 0.99951172
vt 0.08644236 0.00048828
vt 0.89036393 0.00048828
vt 0.85909820 0.99951172
vt 0.10963608 0.99951172
vt 0.08644236 0.00048828
vt 0.89036393 0.00048828
vt 0.85909820 0.99951172
vt 0.10963608 0.99951172
vt 0.08644236 0.00048828
vt 0.89036393 0.00048828
vt 0.85909820 0.99951172
vt 0.10963608 0.99951172
vt 0.08644236 0.00048828
vt 0.89036393 0.00048828
vt 0.85909820 0.99951172
vt 0.10963608 0.99951172
vt 0.08644236 0.00048828
vt 0.89036393 0.00048828
vt 0.85909820 0.99951172
vt 0.10963608 0.99951172
vt 0.08644236 0.00048828
vt 0.89036393 0.00048828
vt 0.85909820 0.99951172
vt 0.10963608 0.99951172
vt 0.08644236 0.00048828
vt 0.89036393 0.00048828
vt 0.85909820 0.99951172
vt 0.10963608 0.99951172
vt 0.08644236 0.00048828
vt 0.89036393 0.00048828
vt 0.85909820 0.99951172
vt 0.10963608 0.99951172
vt 0.08644236 0.00048828
vt 0.89036393 0.00048828
vt 0.85909820 0.99951172
vt 0.10963608 0.99951172
vt 0.08644236 0.00048828
vt 0.89036393 0.00048828
vt 0.85909820 0.99951172
vt 0.10963608 0.99951172
vt 0.08644236 0.00048828
vt 0.89036393 0.00048828
vt 0.85909820 0.99951172
vt 0.10963608 0.99951172
vt 0.08644236 0.00048828
vt 0.89036393 0.00048828
vt 0.85909820 0.99951172
vt 0.10963608 0.99951172
vt 0.08644236 0.00048828
vt 0.89036393 0.00048828
vt 0.85909820 0.99951172
vt 0.10963608 0.99951172
vt 0.08644236 0.00048828
vt 0.89036393 0.00048828
vt 0.85909820 0.99951172
vt 0.10963608 0.99951172
vt 0.08644236 0.00048828
vt 0.89036393 0.00048828
vt 0.85909820 0.99951172
vt 0.10963608 0.99951172
vt 0.08644236 0.00048828
vt 0.89036393 0.00048828
vt 0.85909820 0.99951172
vt 0.10963608 0.99951172
vt 0.08644236 0.00048828
vt 0.89036393 0.00048828
vt 0.85909820 0.99951172
vt 0.10963608 0.99951172
vt 0.08644236 0.00048828
vt 0.89036393 0.00048828
vt 0.85909820 0.99951172
vt 0.10963608 0.99951172
vt 0.08644236 0.00048828
vt 0.89036393 0.00048828
vt 0.85909820 0.99951172
vt 0.10963608 0.99951172
vt 0.08644236 0.00048828
vt 0.89036393 0.00048828
vt 0.85909820 0.99951172
vt 0.10963608 0.99951172
vt 0.08644236 0.00048828
vt 0.89036393 0.00048828
vt 0.85909820 0.99951172
vt 0.10963608 0.99951172
vt 0.08644236 0.00048828
vt 0.89036393 0.00048828
vt 0.85909820 0.99951172
vt 0.10963608 0.99951172
vt 0.08644236 0.00048828
vt 0.89036393 0.00048828
vt 0.85909820 0.99951172
vt 0.10963608 0.99951172
vt 0.08644236 0.00048828
vt 0.89036393 0.00048828
vt 0.85909820 0.99951172
vt 0.10963608 0.99951172
vt 0.08644236 0.00048828
vt 0.89036393 0.00048828
vt 0.85909820 0.99951172
vt 0.10963608 0.99951172
vt 0.08644236 0.00048828
vt 0.89036393 0.00048828
vt 0.85909820 0.99951172
vt 0.10963608 0.99951172
vt 0.08644236 0.00048828
vt 0.89036393 0.00048828
vt 0.85909820 0.99951172
vt 0.10963608 0.99951172
vt 0.08644236 0.00048828
vt 0.89036393 0.00048828
vt 0.85909820 0.99951172
vt 0.10963608 0.99951172
vt 0.08644236 0.00048828
vt 0.89036393 0.00048828
vt 0.85909820 0.99951172
vt 0.10963608 0.99951172
vt 0.08644236 0.00048828
vt 0.89036393 0.00048828
vt 0.85909820 0.99951172
vt 0.10963608 0.99951172
vt 0.08644236 0.00048828
vt 0.89036393 0.00048828
vt 0.85909820 0.99951172
vt 0.10963608 0.99951172
vt 0.08644236 0.00048828
vt 0.89036393 0.00048828
vt 0.85909820 0.99951172
vt 0.10963608 0.99951172
vt 0.08644236 0.00048828
vt 0.89036393 0.00048828
vt 0.85909820 0.99951172
vt 0.10963608 0.99951172
vt 0.08644236 0.00048828
vt 0.89036393 0.00048828
vt 0.85909820 0.99951172
vt 0.10963608 0.99951172
vt 0.08644236 0.00048828
vt 0.89036393 0.00048828
vt 0.85909820 0.99951172
vt 0.10963608 0.99951172
vt 0.08644236 0.00048828
vt 0.89036393 0.00048828
vt 0.85909820 0.99951172
vt 0.10963608 0.99951172
vt 0.08644236 0.00048828
vt 0.89036393 0.00048828
vt 0.85909820 0.99951172
vt 0.10963608 0.99951172
vt 0.08644236 0.00048828
vt 0.89036393 0.00048828
vt 0.85909820 0.99951172
vt 0.10963608 0.99951172
vt 0.08644236 0.00048828
vt 0.89036393 0.00048828
vt 0.85909820 0.99951172
vt 0.10963608 0.99951172
vt 0.08644236 0.00048828
vt 0.89036393 0.00048828
vt 0.85909820 0.99951172
vt 0.10963608 0.99951172
vt 0.08644236 0.00048828
vt 0.89036393 0.00048828
vt 0.85909820 0.99951172
vt 0.10963608 0.99951172
vt 0.08644236 0.00048828
vt 0.89036393 0.00048828
vt 0.85909820 0.99951172
vt 0.10963608 0.99951172
vt 0.08644236 0.00048828
vt 0.89036393 0.00048828
vt 0.85909820 0.99951172
vt 0.10963608 0.99951172
vt 0.08644236 0.00048828
vt 0.89036393 0.00048828
vt 0.85909820 0.99951172
vt 0.10963608 0.99951172
vt 0.08644236 0.00048828
vt 0.89036393 0.00048828
vt 0.85909820 0.99951172
vt 0.10963608 0.99951172
vt 0.08644236 0.00048828
vt 0.89036393 0.00048828
vt 0.85909820 0.99951172
vt 0.10963608 0.99951172
vt 0.08644236 0.00048828
vt 0.89036393 0.00048828
vt 0.85909820 0.99951172
vt 0.10963608 0.99951172
vt 0.08644236 0.00048828
vt 0.89036393 0.00048828
vt 0.85909820 0.99951172
vt 0.10963608 0.99951172
vt 0.08644236 0.00048828
vt 0.89036393 0.00048828
vt 0.85909820 0.99951172
vt 0.10963608 0.99951172
vt 0.08644236 0.00048828
vt 0.89036393 0.00048828
vt 0.85909820 0.99951172
vt 0.10963608 0.99951172
vt 0.08644236 0.00048828
vt 0.89036393 0.00048828
vt 0.85909820 0.99951172
vt 0.10963608 0.99951172
vt 0.08644236 0.00048828
vt 0.89036393 0.00048828
vt 0.85909820 0.99951172
vt 0.10963608 0.99951172
vt 0.08644236 0.00048828
vt 0.89036393 0.00048828
vt 0.85909820 0.99951172
vt 0.10963608 0.99951172
vt 0.08644236 0.00048828
vt 0.89036393 0.00048828
vt 0.85909820 0.99951172
vt 0.10963608 0.99951172
vt 0.08644236 0.00048828
vt 0.89036393 0.00048828
vt 0.85909820 0.99951172
vt 0.10963608 0.99951172
vt 0.08644236 0.00048828
vt 0.89036393 0.00048828
vt 0.85909820 0.99951172
vt 0.10963608 0.99951172
vt 0.08644236 0.00048828
vt 0.89036393 0.00048828
vt 0.85909820 0.99951172
vt 0.10963608 0.99951172
vt 0.08644236 0.00048828
vt 0.89036393 0.00048828
vt 0.85909820 0.99951172
vt 0.10963608 0.99951172
vt 0.08644236 0.00048828
vt 0.89036393 0.00048828
vt 0.85909820 0.99951172
vt 0.10963608 0.99951172
vt 0.08644236 0.00048828
vt 0.89036393 0.00048828
vt 0.85909820 0.99951172
vt 0.10963608 0.99951172
vt 0.08644236 0.00048828
vt 0.89036393 0.00048828
vt 0.85909820 0.99951172
vt 0.10963608 0.99951172
vt 0.08644236 0.00048828
vt 0.89036393 0.00048828
vt 0.85909820 0.99951172
vt 0.10963608 0.99951172
vt 0.08644236 0.00048828
vt 0.89036393 0.00048828
vt 0.85909820 0.99951172
vt 0.10963608 0.99951172
vt 0.08644236 0.00048828
vt 0.89036393 0.00048828
vt 0.85909820 0.99951172
vt 0.10963608 0.99951172
vt 0.08644236 0.00048828
vt 0.89036393 0.00048828
vt 0.85909820 0.99951172
vt 0.10963608 0.99951172
vt 0.08644236 0.00048828
vt 0.89036393 0.00048828
vt 0.85909820 0.99951172
vt 0.10963608 0.99951172
vt 0.08644236 0.00048828
vt 0.89036393 0.00048828
vt 0.85909820 0.99951172
vt 0.10963608 0.99951172
vt 0.08644236 0.00048828
vt 0.89036393 0.00048828
vt 0.85909820 0.99951172
vt 0.10963608 0.99951172
vt 0.08644236 0.00048828
vt 0.89036393 0.00048828
vt 0.85909820 0.99951172
vt 0.10963608 0.99951172
vt 0.08644236 0.00048828
vt 0.89036393 0.00048828
vt 0.85909820 0.99951172
vt 0.10963608 0.99951172
vt 0.08644236 0.00048828
vt 0.89036393 0.00048828
vt 0.85909820 0.99951172
vt 0.10963608 0.99951172
vt 0.08644236 0.00048828
vt 0.89036393 0.00048828
vt 0.85909820 0.99951172
vt 0.10963608 0.99951172
vt 0.08644236 0.00048828
vt 0.89036393 0.00048828
vt 0.85909820 0.99951172
vt 0.10963608 0.99951172
vt 0.08644236 0.00048828
vt 0.89036393 0.00048828
vt 0.85909820 0.99951172
vt 0.10963608 0.99951172
vt 0.08644236 0.00048828
vt 0.89036393 0.00048828
vt 0.85909820 0.99951172
vt 0.10963608 0.99951172
vt 0.08644236 0.00048828
vt 0.89036393 0.00048828
vt 0.85909820 0.99951172
vt 0.10963608 0.99951172
vt 0.08644236 0.00048828
vt 0.89036393 0.00048828
vt 0.85909820 0.99951172
vt 0.10963608 0.99951172
vt 0.08644236 0.00048828
vt 0.89036393 0.00048828
vt 0.85909820 0.99951172
vt 0.10963608 0.99951172
vt 0.08644236 0.00048828
vt 0.89036393 0.00048828
vt 0.85909820 0.99951172
vt 0.10963608 0.99951172
vt 0.08644236 0.00048828
vt 0.89036393 0.00048828
vt 0.85909820 0.99951172
vt 0.10963608 0.99951172
vt 0.08644236 0.00048828
vt 0.89036393 0.00048828
vt 0.85909820 0.99951172
vt 0.10963608 0.99951172
vt 0.08644236 0.00048828
vt 0.89036393 0.00048828
vt 0.85909820 0.99951172
vt 0.10963608 0.99951172
vt 0.08644236 0.00048828
vt 0.89036393 0.00048828
vt 0.85909820 0.99951172
vt 0.10963608 0.99951172
vt 0.08644236 0.00048828
vt 0.89036393 0.00048828
vt 0.85909820 0.99951172
vt 0.10963608 0.99951172
vt 0.08644236 0.00048828
vt 0.89036393 0.00048828
vt 0.85909820 0.99951172
vt 0.10963608 0.99951172
vt 0.08644236 0.00048828
vt 0.89036393 0.00048828
vt 0.85909820 0.99951172
vt 0.10963608 0.99951172
vt 0.08644236 0.00048828
vt 0.89036393 0.00048828
vt 0.85909820 0.99951172
vt 0.10963608 0.99951172
vt 0.08644236 0.00048828
vt 0.89036393 0.00048828
vt 0.85909820 0.99951172
vt 0.10963608 0.99951172
vt 0.08644236 0.00048828
vt 0.89036393 0.00048828
vt 0.85909820 0.99951172
vt 0.10963608 0.99951172
vt 0.08644236 0.00048828
vt 0.89036393 0.00048828
vt 0.85909820 0.99951172
vt 0.10963608 0.99951172
vt 0.08644236 0.00048828
vt 0.89036393 0.00048828
vt 0.85909820 0.99951172
vt 0.10963608 0.99951172
vt 0.08644236 0.00048828
vt 0.89036393 0.00048828
vt 0.85909820 0.99951172
vt 0.10963608 0.99951172
vt 0.08644236 0.00048828
vt 0.89036393 0.00048828
vt 0.85909820 0.99951172
vt 0.10963608 0.99951172
vt 0.08644236 0.00048828
vt 0.89036393 0.00048828
vt 0.85909820 0.99951172
vt 0.10963608 0.99951172
vt 0.08644236 0.00048828
vt 0.89036393 0.00048828
vt 0.85909820 0.99951172
vt 0.10963608 0.99951172
vt 0.08644236 0.00048828
vt 0.89036393 0.00048828
vt 0.85909820 0.99951172
vt 0.10963608 0.99951172
vt 0.08644236 0.00048828
vt 0.89036393 0.00048828
vt 0.85909820 0.99951172
vt 0.10963608 0.99951172
vt 0.08644236 0.00048828
vt 0.89036393 0.00048828
vt 0.85909820 0.99951172
vt 0.10963608 0.99951172
vt 0.08644236 0.00048828
vt 0.89036393 0.00048828
vt 0.85909820 0.99951172
vt 0.10963608 0.99951172
vt 0.08644236 0.00048828
vt 0.89036393 0.00048828
vt 0.85909820 0.99951172
vt 0.10963608 0.99951172
vt 0.08644236 0.00048828
vt 0.89036393 0.00048828
vt 0.85909820 0.99951172
vt 0.10963608 0.99951172
vt 0.08644236 0.00048828
vt 0.89036393 0.00048828
vt 0.85909820 0.99951172
vt 0.10963608 0.99951172
vt 0.08644236 0.00048828
vt 0.89036393 0.00048828
vt 0.85909820 0.99951172
vt 0.10963608 0.99951172
vt 0.08644236 0.00048828
vt 0.89036393 0.00048828
vt 0.85909820 0.99951172
vt 0.10963608 0.99951172
vt 0.08644236 0.00048828
vt 0.89036393 0.00048828
vt 0.85909820 0.99951172
vt 0.10963608 0.99951172
vt 0.08644236 0.00048828
vt 0.89036393 0.00048828
vt 0.85909820 0.99951172
vt 0.10963608 0.99951172
vt 0.08644236 0.00048828
vt 0.89036393 0.00048828
vt 0.85909820 0.99951172
vt 0.10963608 0.99951172
vt 0.08644236 0.00048828
vt 0.89036393 0.00048828
vt 0.85909820 0.99951172
vt 0.10963608 0.99951172
vt 0.08644236 0.00048828
vt 0.89036393 0.00048828
vt 0.85909820 0.99951172
vt 0.10963608 0.99951172
vt 0.08644236 0.00048828
vt 0.89036393 0.00048828
vt 0.85909820 0.99951172
vt 0.10963608 0.99951172
vt 0.08644236 0.00048828
vt 0.89036393 0.00048828
vt 0.85909820 0.99951172
vt 0.10963608 0.99951172
vt 0.08644236 0.00048828
vt 0.89036393 0.00048828
vt 0.85909820 0.99951172
vt 0.10963608 0.99951172
vt 0.08644236 0.00048828
vt 0.89036393 0.00048828
vt 0.85909820 0.99951172
vt 0.10963608 0.99951172
vt 0.08644236 0.00048828
vt 0.89036393 0.00048828
vt 0.85909820 0.99951172
vt 0.10963608 0.99951172
vt 0.08644236 0.00048828
vt 0.89036393 0.00048828
vt 0.85909820 0.99951172
vt 0.10963608 0.99951172
vt 0.08644236 0.00048828
vt 0.89036393 0.00048828
vt 0.85909820 0.99951172
vt 0.10963608 0.99951172
vt 0.08644236 0.00048828
vt 0.89036393 0.00048828
vt 0.85909820 0.99951172
vt 0.10963608 0.99951172
vt 0.08644236 0.00048828
vt 0.89036393 0.00048828
vt 0.85909820 0.99951172
vt 0.10963608 0.99951172
vt 0.08644236 0.00048828
vt 0.89036393 0.00048828
vt 0.85909820 0.99951172
vt 0.10963608 0.99951172
vt 0.08644236 0.00048828
vt 0.89036393 0.00048828
vt 0.85909820 0.99951172
vt 0.10963608 0.99951172
vt 0.08644236 0.00048828
vt 0.89036393 0.00048828
vt 0.85909820 0.99951172
vt 0.10963608 0.99951172
vt 0.08644236 0.00048828
vt 0.89036393 0.00048828
vt 0.85909820 0.99951172
vt 0.10963608 0.99951172
vt 0.08644236 0.00048828
vt 0.89036393 0.00048828
vt 0.85909820 0.99951172
vt 0.10963608 0.99951172
vt 0.08644236 0.00048828
vt 0.89036393 0.00048828
vt 0.85909820 0.99951172
vt 0.10963608 0.99951172
vt 0.08644236 0.00048828
vt 0.89036393 0.00048828
vt 0.85909820 0.99951172
vt 0.10963608 0.99951172
vt 0.08644236 0.00048828
vt 0.89036393 0.00048828
vt 0.85909820 0.99951172
vt 0.10963608 0.99951172
vt 0.08644236 0.00048828
vt 0.89036393 0.00048828
vt 0.85909820 0.99951172
vt 0.10963608 0.99951172
vt 0.08644236 0.00048828
vt 0.89036393 0.00048828
vt 0.85909820 0.99951172
vt 0.10963608 0.99951172
vt 0.08644236 0.00048828
vt 0.89036393 0.00048828
vt 0.85909820 0.99951172
vt 0.10963608 0.99951172
vt 0.08644236 0.00048828
vt 0.89036393 0.00048828
vt 0.85909820 0.99951172
vt 0.10963608 0.99951172
vt 0.08644236 0.00048828
vt 0.89036393 0.00048828
vt 0.85909820 0.99951172
vt 0.10963608 0.99951172
vt 0.08644236 0.00048828
vt 0.89036393 0.00048828
vt 0.85909820 0.99951172
vt 0.10963608 0.99951172
vt 0.08644236 0.00048828
vt 0.89036393 0.00048828
vt 0.85909820 0.99951172
vt 0.10963608 0.99951172
vt 0.08644236 0.00048828
vt 0.89036393 0.00048828
vt 0.85909820 0.99951172
vt 0.10963608 0.99951172
vt 0.08644236 0.00048828
vt 0.89036393 0.00048828
vt 0.85909820 0.99951172
vt 0.10963608 0.99951172
vt 0.08644236 0.00048828
vt 0.89036393 0.00048828
vt 0.85909820 0.99951172
vt 0.10963608 0.99951172
vt 0.08644236 0.00048828
vt 0.89036393 0.00048828
vt 0.85909820 0.99951172
vt 0.10963608 0.99951172
vt 0.08644236 0.00048828
vt 0.89036393 0.00048828
vt 0.85909820 0.99951172
vt 0.10963608 0.99951172
vt 0.08644236 0.00048828
vt 0.89036393 0.00048828
vt 0.85909820 0.99951172
vt 0.10963608 0.99951172
vt 0.08644236 0.00048828
vt 0.89036393 0.00048828
vt 0.85909820 0.99951172
vt 0.10963608 0.99951172
vt 0.08644236 0.00048828
vt 0.89036393 0.00048828
vt 0.85909820 0.99951172
vt 0.10963608 0.99951172
vt 0.08644236 0.00048828
vt 0.89036393 0.00048828
vt 0.85909820 0.99951172
vt 0.10963608 0.99951172
vt 0.08644236 0.00048828
vt 0.89036393 0.00048828
vt 0.85909820 0.99951172
vt 0.10963608 0.99951172
vt 0.08644236 0.00048828
vt 0.89036393 0.00048828
vt 0.85909820 0.99951172
vt 0.10963608 0.99951172
vt 0.08644236 0.00048828
vt 0.89036393 0.00048828
vt 0.85909820 0.99951172
vt 0.10963608 0.99951172
vt 0.08644236 0.00048828
vt 0.89036393 0.00048828
vt 0.85909820 0.99951172
vt 0.10963608 0.99951172
vt 0.08644236 0.00048828
vt 0.89036393 0.00048828
vt 0.85909820 0.99951172
vt 0.10963608 0.99951172
vt 0.08644236 0.00048828
vt 0.89036393 0.00048828
vt 0.85909820 0.99951172
vt 0.10963608 0.99951172
vt 0.08644236 0.00048828
vt 0.89036393 0.00048828
vt 0.85909820 0.99951172
vt 0.10963608 0.99951172
vt 0.08644236 0.00048828
vt 0.89036393 0.00048828
vt 0.85909820 0.99951172
vt 0.10963608 0.99951172
vt 0.08644236 0.00048828
vt 0.89036393 0.00048828
vt 0.85909820 0.99951172
vt 0.10963608 0.99951172
vt 0.08644236 0.00048828
vt 0.89036393 0.00048828
vt 0.85909820 0.99951172
vt 0.10963608 0.99951172
vt 0.08644236 0.00048828
vt 0.89036393 0.00048828
vt 0.85909820 0.99951172
vt 0.10963608 0.99951172
vt 0.08644236 0.00048828
vt 0.89036393 0.00048828
vt 0.85909820 0.99951172
vt 0.10963608 0.99951172
vt 0.08644236 0.00048828
vt 0.89036393 0.00048828
vt 0.85909820 0.99951172
vt 0.10963608 0.99951172
vt 0.08644236 0.00048828
vt 0.89036393 0.00048828
vt 0.85909820 0.99951172
vt 0.10963608 0.99951172
vt 0.08644236 0.00048828
vt 0.89036393 0.00048828
vt 0.85909820 0.99951172
vt 0.10963608 0.99951172
vt 0.08644236 0.00048828
vt 0.89036393 0.00048828
vt 0.85909820 0.99951172
vt 0.10963608 0.99951172
vt 0.08644236 0.00048828
vt 0.89036393 0.00048828
vt 0.85909820 0.99951172
vt 0.10963608 0.99951172
vt 0.08644236 0.00048828
vt 0.89036393 0.00048828
vt 0.85909820 0.99951172
vt 0.10963608 0.99951172
vt 0.08644236 0.00048828
vt 0.89036393 0.00048828
vt 0.85909820 0.99951172
vt 0.10963608 0.99951172
vt 0.08644236 0.00048828
vt 0.89036393 0.00048828
vt 0.85909820 0.99951172
vt 0.10963608 0.99951172
vt 0.08644236 0.00048828
vt 0.89036393 0.00048828
vt 0.85909820 0.99951172
vt 0.10963608 0.99951172
vt 0.08644236 0.00048828
vt 0.89036393 0.00048828
vt 0.85909820 0.99951172
vt 0.10963608 0.99951172
vt 0.08644236 0.00048828
vt 0.89036393 0.00048828
vt 0.85909820 0.99951172
vt 0.10963608 0.99951172
vt 0.08644236 0.00048828
vt 0.89036393 0.00048828
vt 0.85909820 0.99951172
vt 0.10963608 0.99951172
vt 0.08644236 0.00048828
vt 0.89036393 0.00048828
vt 0.85909820 0.99951172
vt 0.10963608 0.99951172
vt 0.08644236 0.00048828
vt 0.89036393 0.00048828
vt 0.85909820 0.99951172
vt 0.10963608 0.99951172
vt 0.08644236 0.00048828
vt 0.89036393 0.00048828
vt 0.85909820 0.99951172
vt 0.10963608 0.99951172
vt 0.08644236 0.00048828
vt 0.89036393 0.00048828
vt 0.85909820 0.99951172
vt 0.10963608 0.99951172
vt 0.08644236 0.00048828
vt 0.89036393 0.00048828
vt 0.85909820 0.99951172
vt 0.10963608 0.99951172
vt 0.08644236 0.00048828
vt 0.89036393 0.00048828
vt 0.85909820 0.99951172
vt 0.10963608 0.99951172
vt 0.08644236 0.00048828
vt 0.89036393 0.00048828
vt 0.85909820 0.99951172
vt 0.10963608 0.99951172
vt 0.08644236 0.00048828
vt 0.89036393 0.00048828
vt 0.85909820 0.99951172
vt 0.10963608 0.99951172
vt 0.08644236 0.00048828
vt 0.89036393 0.00048828
vt 0.85909820 0.99951172
vt 0.10963608 0.99951172
vt 0.08644236 0.00048828
vt 0.89036393 0.00048828
vt 0.85909820 0.99951172
vt 0.10963608 0.99951172
vt 0.08644236 0.00048828
vt 0.89036393 0.00048828
vt 0.85909820 0.99951172
vt 0.10963608 0.99951172
vt 0.08644236 0.00048828
vt 0.89036393 0.00048828
vt 0.85909820 0.99951172
vt 0.10963608 0.99951172
vt 0.08644236 0.00048828
vt 0.89036393 0.00048828
vt 0.85909820 0.99951172
vt 0.10963608 0.99951172
vt 0.08644236 0.00048828
vt 0.89036393 0.00048828
vt 0.85909820 0.99951172
vt 0.10963608 0.99951172
vt 0.08644236 0.00048828
vt 0.89036393 0.00048828
vt 0.85909820 0.99951172
vt 0.10963608 0.99951172
vt 0.08644236 0.00048828
vt 0.89036393 0.00048828
vt 0.85909820 0.99951172
vt 0.10963608 0.99951172
vt 0.08644236 0.00048828
vt 0.89036393 0.00048828
vt 0.85909820 0.99951172
vt 0.10963608 0.99951172
vt 0.08644236 0.00048828
vt 0.89036393 0.00048828
vt 0.85909820 0.99951172
vt 0.10963608 0.99951172
vt 0.08644236 0.00048828
vt 0.89036393 0.00048828
vt 0.85909820 0.99951172
vt 0.10963608 0.99951172
vt 0.08644236 0.00048828
vt 0.89036393 0.00048828
vt 0.85909820 0.99951172
vt 0.10963608 0.99951172
vt 0.08644236 0.00048828
vt 0.89036393 0.00048828
vt 0.85909820 0.99951172
vt 0.10963608 0.99951172
vt 0.08644236 0.00048828
vt 0.89036393 0.00048828
vt 0.85909820 0.99951172
vt 0.10963608 0.99951172
vt 0.08644236 0.00048828
vt 0.89036393 0.00048828
vt 0.85909820 0.99951172
vt 0.10963608 0.99951172
vt 0.08644236 0.00048828
vt 0.89036393 0.00048828
vt 0.85909820 0.99951172
vt 0.10963608 0.99951172
vt 0.08644236 0.00048828
vt 0.89036393 0.00048828
vt 0.85909820 0.99951172
vt 0.10963608 0.99951172
vt 0.08644236 0.00048828
vt 0.89036393 0.00048828
vt 0.85909820 0.99951172
vt 0.10963608 0.99951172
vt 0.08644236 0.00048828
vt 0.89036393 0.00048828
vt 0.85909820 0.99951172
vt 0.10963608 0.99951172
vt 0.08644236 0.00048828
vt 0.89036393 0.00048828
vt 0.85909820 0.99951172
vt 0.10963608 0.99951172
vt 0.08644236 0.00048828
vt 0.89036393 0.00048828
vt 0.85909820 0.99951172
vt 0.10963608 0.99951172
vt 0.08644236 0.00048828
vt 0.89036393 0.00048828
vt 0.85909820 0.99951172
vt 0.10963608 0.99951172
vt 0.08644236 0.00048828
vt 0.89036393 0.00048828
vt 0.85909820 0.99951172
vt 0.10963608 0.99951172
vt 0.08644236 0.00048828
vt 0.89036393 0.00048828
vt 0.85909820 0.99951172
vt 0.10963608 0.99951172
vt 0.08644236 0.00048828
vt 0.89036393 0.00048828
vt 0.85909820 0.99951172
vt 0.10963608 0.99951172
vt 0.08644236 0.00048828
vt 0.89036393 0.00048828
vt 0.85909820 0.99951172
vt 0.10963608 0.99951172
vt 0.08644236 0.00048828
vt 0.89036393 0.00048828
vt 0.85909820 0.99951172
vt 0.10963608 0.99951172
vt 0.08644236 0.00048828
vt 0.89036393 0.00048828
vt 0.85909820 0.99951172
vt 0.10963608 0.99951172
vt 0.08644236 0.00048828
vt 0.89036393 0.00048828
vt 0.85909820 0.99951172
vt 0.10963608 0.99951172
vt 0.08644236 0.00048828
vt 0.89036393 0.00048828
vt 0.85909820 0.99951172
vt 0.10963608 0.99951172
vt 0.08644236 0.00048828
vt 0.89036393 0.00048828
vt 0.85909820 0.99951172
vt 0.10963608 0.99951172
vt 0.08644236 0.00048828
vt 0.89036393 0.00048828
vt 0.85909820 0.99951172
vt 0.10963608 0.99951172
vt 0.08644236 0.00048828
vt 0.89036393 0.00048828
vt 0.85909820 0.99951172
vt 0.10963608 0.99951172
vt 0.08644236 0.00048828
vt 0.89036393 0.00048828
vt 0.85909820 0.99951172
vt 0.10963608 0.99951172
vt 0.08644236 0.00048828
vt 0.89036393 0.00048828
vt 0.85909820 0.99951172
vt 0.10963608 0.99951172
vt 0.08644236 0.00048828
vt 0.89036393 0.00048828
vt 0.85909820 0.99951172
vt 0.10963608 0.99951172
vt 0.08644236 0.00048828
vt 0.89036393 0.00048828
vt 0.85909820 0.99951172
vt 0.10963608 0.99951172
vt 0.08644236 0.00048828
vt 0.89036393 0.00048828
vt 0.85909820 0.99951172
vt 0.10963608 0.99951172
vt 0.08644236 0.00048828
vt 0.89036393 0.00048828
vt 0.85909820 0.99951172
vt 0.10963608 0.99951172
vt 0.08644236 0.00048828
vt 0.89036393 0.00048828
vt 0.85909820 0.99951172
vt 0.10963608 0.99951172
vt 0.08644236 0.00048828
vt 0.89036393 0.00048828
vt 0.85909820 0.99951172
vt 0.10963608 0.99951172
vt 0.08644236 0.00048828
vt 0.89036393 0.00048828
vt 0.85909820 0.99951172
vt 0.10963608 0.99951172
vt 0.08644236 0.00048828
vt 0.89036393 0.00048828
vt 0.85909820 0.99951172
vt 0.10963608 0.99951172
vt 0.08644236 0.00048828
vt 0.89036393 0.00048828
vt 0.85909820 0.99951172
vt 0.10963608 0.99951172
vt 0.08644236 0.00048828
vt 0.89036393 0.00048828
vt 0.85909820 0.99951172
vt 0.10963608 0.99951172
vt 0.99951172 0.00048828
vt 0.00048829 0.00048828
vt 0.00048829 0.99951172
vt 0.99951172 0.99951172
vt 0.08644236 0.00048828
vt 0.89036393 0.00048828
vt 0.85909820 0.99951172
vt 0.10963608 0.99951172
vt 0.99951172 0.00048828
vt 0.00048829 0.00048828
vt 0.00048829 0.99951172
vt 0.99951172 0.99951172
vt 0.08644236 0.00048828
vt 0.89036393 0.00048828
vt 0.85909820 0.99951172
vt 0.10963608 0.99951172
vt 0.08644236 0.00048828
vt 0.89036393 0.00048828
vt 0.85909820 0.99951172
vt 0.10963608 0.99951172
vt 0.99951172 0.00048828
vt 0.00048829 0.00048828
vt 0.00048829 0.99951172
vt 0.99951172 0.99951172
vt 0.08644236 0.00048828
vt 0.89036393 0.00048828
vt 0.85909820 0.99951172
vt 0.10963608 0.99951172
vt 0.08644236 0.00048828
vt 0.89036393 0.00048828
vt 0.85909820 0.99951172
vt 0.10963608 0.99951172
vt 0.99951172 0.00048828
vt 0.00048829 0.00048828
vt 0.00048829 0.99951172
vt 0.99951172 0.99951172
vt 0.08644236 0.00048828
vt 0.89036393 0.00048828
vt 0.85909820 0.99951172
vt 0.10963608 0.99951172
vt 0.99951172 0.00048828
vt 0.00048829 0.00048828
vt 0.00048829 0.99951172
vt 0.99951172 0.99951172
vt 0.08644236 0.00048828
vt 0.89036393 0.00048828
vt 0.85909820 0.99951172
vt 0.10963608 0.99951172
vt 0.08644236 0.00048828
vt 0.89036393 0.00048828
vt 0.85909820 0.99951172
vt 0.10963608 0.99951172
vt 0.99951172 0.00048828
vt 0.00048829 0.00048828
vt 0.00048829 0.99951172
vt 0.99951172 0.99951172
vt 0.08644236 0.00048828
vt 0.89036393 0.00048828
vt 0.85909820 0.99951172
vt 0.10963608 0.99951172
vt 0.99951172 0.00048828
vt 0.00048829 0.00048828
vt 0.00048829 0.99951172
vt 0.99951172 0.99951172
vt 0.08644236 0.00048828
vt 0.89036393 0.00048828
vt 0.85909820 0.99951172
vt 0.10963608 0.99951172
vt 0.99951172 0.00048828
vt 0.00048829 0.00048828
vt 0.00048829 0.99951172
vt 0.99951172 0.99951172
vt 0.99951172 0.00048828
vt 0.00048829 0.00048828
vt 0.00048829 0.99951172
vt 0.99951172 0.99951172
vt 0.08644236 0.00048828
vt 0.89036393 0.00048828
vt 0.85909820 0.99951172
vt 0.10963608 0.99951172
vt 0.08644236 0.00048828
vt 0.89036393 0.00048828
vt 0.85909820 0.99951172
vt 0.10963608 0.99951172
vt 0.99951172 0.00048828
vt 0.00048829 0.00048828
vt 0.00048829 0.99951172
vt 0.99951172 0.99951172
vt 0.08644236 0.00048828
vt 0.89036393 0.00048828
vt 0.85909820 0.99951172
vt 0.10963608 0.99951172
vt 0.08644236 0.00048828
vt 0.89036393 0.00048828
vt 0.85909820 0.99951172
vt 0.10963608 0.99951172
vt 0.99951172 0.00048828
vt 0.00048829 0.00048828
vt 0.00048829 0.99951172
vt 0.99951172 0.99951172
vt 0.08644236 0.00048828
vt 0.89036393 0.00048828
vt 0.85909820 0.99951172
vt 0.10963608 0.99951172
vt 0.99951172 0.00048828
vt 0.00048829 0.00048828
vt 0.00048829 0.99951172
vt 0.99951172 0.99951172
vt 0.08644236 0.00048828
vt 0.89036393 0.00048828
vt 0.85909820 0.99951172
vt 0.10963608 0.99951172
vt 0.99951172 0.00048828
vt 0.00048829 0.00048828
vt 0.00048829 0.99951172
vt 0.99951172 0.99951172
vt 0.99951172 0.00048828
vt 0.00048829 0.00048828
vt 0.00048829 0.99951172
vt 0.99951172 0.99951172
vt 0.99951172 0.00048828
vt 0.00048829 0.00048828
vt 0.00048829 0.99951172
vt 0.99951172 0.99951172
vt 0.99951172 0.00048828
vt 0.00048829 0.00048828
vt 0.00048829 0.99951172
vt 0.99951172 0.99951172
vt 0.08644236 0.00048828
vt 0.89036393 0.00048828
vt 0.85909820 0.99951172
vt 0.10963608 0.99951172
vt 0.08644236 0.00048828
vt 0.89036393 0.00048828
vt 0.85909820 0.99951172
vt 0.10963608 0.99951172
vt 0.99951172 0.00048828
vt 0.00048829 0.00048828
vt 0.00048829 0.99951172
vt 0.99951172 0.99951172
vt 0.08644236 0.00048828
vt 0.89036393 0.00048828
vt 0.85909820 0.99951172
vt 0.10963608 0.99951172
vt 0.99951172 0.00048828
vt 0.00048829 0.00048828
vt 0.00048829 0.99951172
vt 0.99951172 0.99951172
vt 0.08644236 0.00048828
vt 0.89036393 0.00048828
vt 0.85909820 0.99951172
vt 0.10963608 0.99951172
vt 0.08644236 0.00048828
vt 0.89036393 0.00048828
vt 0.85909820 0.99951172
vt 0.10963608 0.99951172
vt 0.99951172 0.00048828
vt 0.00048829 0.00048828
vt 0.00048829 0.99951172
vt 0.99951172 0.99951172
vt 0.08644236 0.00048828
vt 0.89036393 0.00048828
vt 0.85909820 0.99951172
vt 0.10963608 0.99951172
vt 0.99951172 0.00048828
vt 0.00048829 0.00048828
vt 0.00048829 0.99951172
vt 0.99951172 0.99951172
vt 0.08644236 0.00048828
vt 0.89036393 0.00048828
vt 0.85909820 0.99951172
vt 0.10963608 0.99951172
vt 0.99951172 0.00048828
vt 0.00048829 0.00048828
vt 0.00048829 0.99951172
vt 0.99951172 0.99951172
vt 0.08644236 0.00048828
vt 0.89036393 0.00048828
vt 0.85909820 0.99951172
vt 0.10963608 0.99951172
vt 0.08644236 0.00048828
vt 0.89036393 0.00048828
vt 0.85909820 0.99951172
vt 0.10963608 0.99951172
vt 0.99951172 0.00048828
vt 0.00048829 0.00048828
vt 0.00048829 0.99951172
vt 0.99951172 0.99951172
vt 0.08644236 0.00048828
vt 0.89036393 0.00048828
vt 0.85909820 0.99951172
vt 0.10963608 0.99951172
vt 0.99951172 0.00048828
vt 0.00048829 0.00048828
vt 0.00048829 0.99951172
vt 0.99951172 0.99951172
vt 0.08644236 0.00048828
vt 0.89036393 0.00048828
vt 0.85909820 0.99951172
vt 0.10963608 0.99951172
vt 0.99951172 0.00048828
vt 0.00048829 0.00048828
vt 0.00048829 0.99951172
vt 0.99951172 0.99951172
vt 0.08644236 0.00048828
vt 0.89036393 0.00048828
vt 0.85909820 0.99951172
vt 0.10963608 0.99951172
vt 0.99951172 0.00048828
vt 0.00048829 0.00048828
vt 0.00048829 0.99951172
vt 0.99951172 0.99951172
vt 0.08644236 0.00048828
vt 0.89036393 0.00048828
vt 0.85909820 0.99951172
vt 0.10963608 0.99951172
vt 0.08644236 0.00048828
vt 0.89036393 0.00048828
vt 0.85909820 0.99951172
vt 0.10963608 0.99951172
vt 0.99951172 0.00048828
vt 0.00048829 0.00048828
vt 0.00048829 0.99951172
vt 0.99951172 0.99951172
vt 0.08644236 0.00048828
vt 0.89036393 0.00048828
vt 0.85909820 0.99951172
vt 0.10963608 0.99951172
vt 0.99951172 0.00048828
vt 0.00048829 0.00048828
vt 0.00048829 0.99951172
vt 0.99951172 0.99951172
vt 0.08644236 0.00048828
vt 0.89036393 0.00048828
vt 0.85909820 0.99951172
vt 0.10963608 0.99951172
vt 0.08644236 0.00048828
vt 0.89036393 0.00048828
vt 0.85909820 0.99951172
vt 0.10963608 0.99951172
vt 0.99951172 0.00048828
vt 0.00048829 0.00048828
vt 0.00048829 0.99951172
vt 0.99951172 0.99951172
vt 0.08644236 0.00048828
vt 0.89036393 0.00048828
vt 0.85909820 0.99951172
vt 0.10963608 0.99951172
vt 0.99951172 0.00048828
vt 0.00048829 0.00048828
vt 0.00048829 0.99951172
vt 0.99951172 0.99951172
vt 0.08644236 0.00048828
vt 0.89036393 0.00048828
vt 0.85909820 0.99951172
vt 0.10963608 0.99951172
vt 0.99951172 0.00048828
vt 0.00048829 0.00048828
vt 0.00048829 0.99951172
vt 0.99951172 0.99951172
vt 0.08644236 0.00048828
vt 0.89036393 0.00048828
vt 0.85909820 0.99951172
vt 0.10963608 0.99951172
vt 0.99951172 0.00048828
vt 0.00048829 0.00048828
vt 0.00048829 0.99951172
vt 0.99951172 0.99951172
vt 0.08644236 0.00048828
vt 0.89036393 0.00048828
vt 0.85909820 0.99951172
vt 0.10963608 0.99951172
vt 0.08644236 0.00048828
vt 0.89036393 0.00048828
vt 0.85909820 0.99951172
vt 0.10963608 0.99951172
vt 0.99951172 0.00048828
vt 0.00048829 0.00048828
vt 0.00048829 0.99951172
vt 0.99951172 0.99951172
vt 0.08644236 0.00048828
vt 0.89036393 0.00048828
vt 0.85909820 0.99951172
vt 0.10963608 0.99951172
vt 0.08644236 0.00048828
vt 0.89036393 0.00048828
vt 0.85909820 0.99951172
vt 0.10963608 0.99951172
vt 0.99951172 0.00048828
vt 0.00048829 0.00048828
vt 0.00048829 0.99951172
vt 0.99951172 0.99951172
vt 0.08644236 0.00048828
vt 0.89036393 0.00048828
vt 0.85909820 0.99951172
vt 0.10963608 0.99951172
vt 0.08644236 0.00048828
vt 0.89036393 0.00048828
vt 0.85909820 0.99951172
vt 0.10963608 0.99951172
vt 0.99951172 0.00048828
vt 0.00048829 0.00048828
vt 0.00048829 0.99951172
vt 0.99951172 0.99951172
vt 0.99951172 0.00048828
vt 0.00048829 0.00048828
vt 0.00048829 0.99951172
vt 0.99951172 0.99951172
vt 0.08644236 0.00048828
vt 0.89036393 0.00048828
vt 0.85909820 0.99951172
vt 0.10963608 0.99951172
vt 0.08644236 0.00048828
vt 0.89036393 0.00048828
vt 0.85909820 0.99951172
vt 0.10963608 0.99951172
vt 0.99951172 0.00048828
vt 0.00048829 0.00048828
vt 0.00048829 0.99951172
vt 0.99951172 0.99951172
vt 0.08644236 0.00048828
vt 0.89036393 0.00048828
vt 0.85909820 0.99951172
vt 0.10963608 0.99951172
vt 0.99951172 0.00048828
vt 0.00048829 0.00048828
vt 0.00048829 0.99951172
vt 0.99951172 0.99951172
vt 0.99951172 0.00048828
vt 0.00048829 0.00048828
vt 0.00048829 0.99951172
vt 0.99951172 0.99951172
vt 0.08644236 0.00048828
vt 0.89036393 0.00048828
vt 0.85909820 0.99951172
vt 0.10963608 0.99951172
vt 0.99951172 0.00048828
vt 0.00048829 0.00048828
vt 0.00048829 0.99951172
vt 0.99951172 0.99951172
vt 0.08644236 0.00048828
vt 0.89036393 0.00048828
vt 0.85909820 0.99951172
vt 0.10963608 0.99951172
vt 0.99951172 0.00048828
vt 0.00048829 0.00048828
vt 0.00048829 0.99951172
vt 0.99951172 0.99951172
vt 0.08644236 0.00048828
vt 0.89036393 0.00048828
vt 0.85909820 0.99951172
vt 0.10963608 0.99951172
vt 0.99951172 0.00048828
vt 0.00048829 0.00048828
vt 0.00048829 0.99951172
vt 0.99951172 0.99951172
vt 0.08644236 0.00048828
vt 0.89036393 0.00048828
vt 0.85909820 0.99951172
vt 0.10963608 0.99951172
vt 0.08644236 0.00048828
vt 0.89036393 0.00048828
vt 0.85909820 0.99951172
vt 0.10963608 0.99951172
vt 0.99951172 0.00048828
vt 0.00048829 0.00048828
vt 0.00048829 0.99951172
vt 0.99951172 0.99951172
vt 0.08644236 0.00048828
vt 0.89036393 0.00048828
vt 0.85909820 0.99951172
vt 0.10963608 0.99951172
vt 0.99951172 0.00048828
vt 0.00048829 0.00048828
vt 0.00048829 0.99951172
vt 0.99951172 0.99951172
vt 0.08644236 0.00048828
vt 0.89036393 0.00048828
vt 0.85909820 0.99951172
vt 0.10963608 0.99951172
vt 0.08644236 0.00048828
vt 0.89036393 0.00048828
vt 0.85909820 0.99951172
vt 0.10963608 0.99951172
vt 0.99951172 0.00048828
vt 0.00048829 0.00048828
vt 0.00048829 0.99951172
vt 0.99951172 0.99951172
vt 0.08644236 0.00048828
vt 0.89036393 0.00048828
vt 0.85909820 0.99951172
vt 0.10963608 0.99951172
vt 0.99951172 0.00048828
vt 0.00048829 0.00048828
vt 0.00048829 0.99951172
vt 0.99951172 0.99951172
vt 0.08644236 0.00048828
vt 0.89036393 0.00048828
vt 0.85909820 0.99951172
vt 0.10963608 0.99951172
vt 0.99951172 0.00048828
vt 0.00048829 0.00048828
vt 0.00048829 0.99951172
vt 0.99951172 0.99951172
vt 0.08644236 0.00048828
vt 0.89036393 0.00048828
vt 0.85909820 0.99951172
vt 0.10963608 0.99951172
vt 0.08644236 0.00048828
vt 0.89036393 0.00048828
vt 0.85909820 0.99951172
vt 0.10963608 0.99951172
vt 0.99951172 0.00048828
vt 0.00048829 0.00048828
vt 0.00048829 0.99951172
vt 0.99951172 0.99951172
vt 0.08644236 0.00048828
vt 0.89036393 0.00048828
vt 0.85909820 0.99951172
vt 0.10963608 0.99951172
vt 0.08644236 0.00048828
vt 0.89036393 0.00048828
vt 0.85909820 0.99951172
vt 0.10963608 0.99951172
vt 0.99951172 0.00048828
vt 0.00048829 0.00048828
vt 0.00048829 0.99951172
vt 0.99951172 0.99951172
vt 0.08644236 0.00048828
vt 0.89036393 0.00048828
vt 0.85909820 0.99951172
vt 0.10963608 0.99951172
vt 0.99951172 0.00048828
vt 0.00048829 0.00048828
vt 0.00048829 0.99951172
vt 0.99951172 0.99951172
vt 0.99951172 0.00048828
vt 0.00048829 0.00048828
vt 0.00048829 0.99951172
vt 0.99951172 0.99951172
vt 0.08644236 0.00048828
vt 0.89036393 0.00048828
vt 0.85909820 0.99951172
vt 0.10963608 0.99951172
vt 0.99951172 0.00048828
vt 0.00048829 0.00048828
vt 0.00048829 0.99951172
vt 0.99951172 0.99951172
vt 0.99951172 0.00048828
vt 0.00048829 0.00048828
vt 0.00048829 0.99951172
vt 0.99951172 0.99951172
vt 0.08644236 0.00048828
vt 0.89036393 0.00048828
vt 0.85909820 0.99951172
vt 0.10963608 0.99951172
vt 0.99951172 0.00048828
vt 0.00048829 0.00048828
vt 0.00048829 0.99951172
vt 0.99951172 0.99951172
vt 0.08644236 0.00048828
vt 0.89036393 0.00048828
vt 0.85909820 0.99951172
vt 0.10963608 0.99951172
vt 0.99951172 0.00048828
vt 0.00048829 0.00048828
vt 0.00048829 0.99951172
vt 0.99951172 0.99951172
vt 0.99951172 0.00048828
vt 0.00048829 0.00048828
vt 0.00048829 0.99951172
vt 0.99951172 0.99951172
vt 0.08644236 0.00048828
vt 0.89036393 0.00048828
vt 0.85909820 0.99951172
vt 0.10963608 0.99951172
vt 0.99951172 0.00048828
vt 0.00048829 0.00048828
vt 0.00048829 0.99951172
vt 0.99951172 0.99951172
vt 0.08644236 0.00048828
vt 0.89036393 0.00048828
vt 0.85909820 0.99951172
vt 0.10963608 0.99951172
vt 0.99951172 0.00048828
vt 0.00048829 0.00048828
vt 0.00048829 0.99951172
vt 0.99951172 0.99951172
vt 0.08644236 0.00048828
vt 0.89036393 0.00048828
vt 0.85909820 0.99951172
vt 0.10963608 0.99951172
vt 0.99951172 0.00048828
vt 0.00048829 0.00048828
vt 0.00048829 0.99951172
vt 0.99951172 0.99951172
vt 0.08644236 0.00048828
vt 0.89036393 0.00048828
vt 0.85909820 0.99951172
vt 0.10963608 0.99951172
vt 0.08644236 0.00048828
vt 0.89036393 0.00048828
vt 0.85909820 0.99951172
vt 0.10963608 0.99951172
vt 0.99951172 0.00048828
vt 0.00048829 0.00048828
vt 0.00048829 0.99951172
vt 0.99951172 0.99951172
vt 0.08644236 0.00048828
vt 0.89036393 0.00048828
vt 0.85909820 0.99951172
vt 0.10963608 0.99951172
vt 0.99951172 0.00048828
vt 0.00048829 0.00048828
vt 0.00048829 0.99951172
vt 0.99951172 0.99951172
vt 0.08644236 0.00048828
vt 0.89036393 0.00048828
vt 0.85909820 0.99951172
vt 0.10963608 0.99951172
vt 0.08644236 0.00048828
vt 0.89036393 0.00048828
vt 0.85909820 0.99951172
vt 0.10963608 0.99951172
vt 0.99951172 0.00048828
vt 0.00048829 0.00048828
vt 0.00048829 0.99951172
vt 0.99951172 0.99951172
vt 0.08644236 0.00048828
vt 0.89036393 0.00048828
vt 0.85909820 0.99951172
vt 0.10963608 0.99951172
vt 0.08644236 0.00048828
vt 0.89036393 0.00048828
vt 0.85909820 0.99951172
vt 0.10963608 0.99951172
vt 0.99951172 0.00048828
vt 0.00048829 0.00048828
vt 0.00048829 0.99951172
vt 0.99951172 0.99951172
vt 0.99951172 0.00048828
vt 0.00048829 0.00048828
vt 0.00048829 0.99951172
vt 0.99951172 0.99951172
vt 0.08644236 0.00048828
vt 0.89036393 0.00048828
vt 0.85909820 0.99951172
vt 0.10963608 0.99951172
vt 0.99951172 0.00048828
vt 0.00048829 0.00048828
vt 0.00048829 0.99951172
vt 0.99951172 0.99951172
vt 0.99951172 0.00048828
vt 0.00048829 0.00048828
vt 0.00048829 0.99951172
vt 0.99951172 0.99951172
vt 0.99951172 0.00048828
vt 0.00048829 0.00048828
vt 0.00048829 0.99951172
vt 0.99951172 0.99951172
vt 0.08644236 0.00048828
vt 0.89036393 0.00048828
vt 0.85909820 0.99951172
vt 0.10963608 0.99951172
vt 0.08644236 0.00048828
vt 0.89036393 0.00048828
vt 0.85909820 0.99951172
vt 0.10963608 0.99951172
vt 0.99951172 0.00048828
vt 0.00048829 0.00048828
vt 0.00048829 0.99951172
vt 0.99951172 0.99951172
vt 0.08644236 0.00048828
vt 0.89036393 0.00048828
vt 0.85909820 0.99951172
vt 0.10963608 0.99951172
vt 0.08644236 0.00048828
vt 0.89036393 0.00048828
vt 0.85909820 0.99951172
vt 0.10963608 0.99951172
vt 0.99951172 0.00048828
vt 0.00048829 0.00048828
vt 0.00048829 0.99951172
vt 0.99951172 0.99951172
vt 0.08644236 0.00048828
vt 0.89036393 0.00048828
vt 0.85909820 0.99951172
vt 0.10963608 0.99951172
vt 0.99951172 0.00048828
vt 0.00048829 0.00048828
vt 0.00048829 0.99951172
vt 0.99951172 0.99951172
vt 0.08644236 0.00048828
vt 0.89036393 0.00048828
vt 0.85909820 0.99951172
vt 0.10963608 0.99951172
vt 0.99951172 0.00048828
vt 0.00048829 0.00048828
vt 0.00048829 0.99951172
vt 0.99951172 0.99951172
vt 0.08644236 0.00048828
vt 0.89036393 0.00048828
vt 0.85909820 0.99951172
vt 0.10963608 0.99951172
vt 0.99951172 0.00048828
vt 0.00048829 0.00048828
vt 0.00048829 0.99951172
vt 0.99951172 0.99951172
vt 0.08644236 0.00048828
vt 0.89036393 0.00048828
vt 0.85909820 0.99951172
vt 0.10963608 0.99951172
vt 0.99951172 0.00048828
vt 0.00048829 0.00048828
vt 0.00048829 0.99951172
vt 0.99951172 0.99951172
vt 0.08644236 0.00048828
vt 0.89036393 0.00048828
vt 0.85909820 0.99951172
vt 0.10963608 0.99951172
vt 0.99951172 0.00048828
vt 0.00048829 0.00048828
vt 0.00048829 0.99951172
vt 0.99951172 0.99951172
vt 0.08644236 0.00048828
vt 0.89036393 0.00048828
vt 0.85909820 0.99951172
vt 0.10963608 0.99951172
vt 0.99951172 0.00048828
vt 0.00048829 0.00048828
vt 0.00048829 0.99951172
vt 0.99951172 0.99951172
vt 0.08644236 0.00048828
vt 0.89036393 0.00048828
vt 0.85909820 0.99951172
vt 0.10963608 0.99951172
vt 0.99951172 0.00048828
vt 0.00048829 0.00048828
vt 0.00048829 0.99951172
vt 0.99951172 0.99951172
vt 0.08644236 0.00048828
vt 0.89036393 0.00048828
vt 0.85909820 0.99951172
vt 0.10963608 0.99951172
vt 0.99951172 0.00048828
vt 0.00048829 0.00048828
vt 0.00048829 0.99951172
vt 0.99951172 0.99951172
vt 0.99951172 0.00048828
vt 0.00048829 0.00048828
vt 0.00048829 0.99951172
vt 0.99951172 0.99951172
vt 0.08644236 0.00048828
vt 0.89036393 0.00048828
vt 0.85909820 0.99951172
vt 0.10963608 0.99951172
vt 0.99951172 0.00048828
vt 0.00048829 0.00048828
vt 0.00048829 0.99951172
vt 0.99951172 0.99951172
vt 0.08644236 0.00048828
vt 0.89036393 0.00048828
vt 0.85909820 0.99951172
vt 0.10963608 0.99951172
vt 0.99951172 0.00048828
vt 0.00048829 0.00048828
vt 0.00048829 0.99951172
vt 0.99951172 0.99951172
vt 0.08644236 0.00048828
vt 0.89036393 0.00048828
vt 0.85909820 0.99951172
vt 0.10963608 0.99951172
vt 0.99951172 0.00048828
vt 0.00048829 0.00048828
vt 0.00048829 0.99951172
vt 0.99951172 0.99951172
vt 0.99951172 0.00048828
vt 0.00048829 0.00048828
vt 0.00048829 0.99951172
vt 0.99951172 0.99951172
vt 0.08644236 0.00048828
vt 0.89036393 0.00048828
vt 0.85909820 0.99951172
vt 0.10963608 0.99951172
vt 0.99951172 0.00048828
vt 0.00048829 0.00048828
vt 0.00048829 0.99951172
vt 0.99951172 0.99951172
vt 0.08644236 0.00048828
vt 0.89036393 0.00048828
vt 0.85909820 0.99951172
vt 0.10963608 0.99951172
vt 0.08644236 0.00048828
vt 0.89036393 0.00048828
vt 0.85909820 0.99951172
vt 0.10963608 0.99951172
vt 0.99951172 0.00048828
vt 0.00048829 0.00048828
vt 0.00048829 0.99951172
vt 0.99951172 0.99951172
vt 0.08644236 0.00048828
vt 0.89036393 0.00048828
vt 0.85909820 0.99951172
vt 0.10963608 0.99951172
vt 0.08644236 0.00048828
vt 0.89036393 0.00048828
vt 0.85909820 0.99951172
vt 0.10963608 0.99951172
vt 0.99951172 0.00048828
vt 0.00048829 0.00048828
vt 0.00048829 0.99951172
vt 0.99951172 0.99951172
vt 0.08644236 0.00048828
vt 0.89036393 0.00048828
vt 0.85909820 0.99951172
vt 0.10963608 0.99951172
vt 0.08644236 0.00048828
vt 0.89036393 0.00048828
vt 0.85909820 0.99951172
vt 0.10963608 0.99951172
vt 0.99951172 0.00048828
vt 0.00048829 0.00048828
vt 0.00048829 0.99951172
vt 0.99951172 0.99951172
vt 0.08644236 0.00048828
vt 0.89036393 0.00048828
vt 0.85909820 0.99951172
vt 0.10963608 0.99951172
vt 0.99951172 0.00048828
vt 0.00048829 0.00048828
vt 0.00048829 0.99951172
vt 0.99951172 0.99951172
vt 0.99951172 0.00048828
vt 0.00048829 0.00048828
vt 0.00048829 0.99951172
vt 0.99951172 0.99951172
vt 0.99951172 0.00048828
vt 0.00048829 0.00048828
vt 0.00048829 0.99951172
vt 0.99951172 0.99951172
vt 0.08644236 0.00048828
vt 0.89036393 0.00048828
vt 0.85909820 0.99951172
vt 0.10963608 0.99951172
vt 0.99951172 0.00048828
vt 0.00048829 0.00048828
vt 0.00048829 0.99951172
vt 0.99951172 0.99951172
vt 0.08644236 0.00048828
vt 0.89036393 0.00048828
vt 0.85909820 0.99951172
vt 0.10963608 0.99951172
vt 0.99951172 0.00048828
vt 0.00048829 0.00048828
vt 0.00048829 0.99951172
vt 0.99951172 0.99951172
vt 0.08644236 0.00048828
vt 0.89036393 0.00048828
vt 0.85909820 0.99951172
vt 0.10963608 0.99951172
vt 0.08644236 0.00048828
vt 0.89036393 0.00048828
vt 0.85909820 0.99951172
vt 0.10963608 0.99951172
vt 0.99951172 0.00048828
vt 0.00048829 0.00048828
vt 0.00048829 0.99951172
vt 0.99951172 0.99951172
vt 0.08644236 0.00048828
vt 0.89036393 0.00048828
vt 0.85909820 0.99951172
vt 0.10963608 0.99951172
vt 0.99951172 0.00048828
vt 0.00048829 0.00048828
vt 0.00048829 0.99951172
vt 0.99951172 0.99951172
vt 0.08644236 0.00048828
vt 0.89036393 0.00048828
vt 0.85909820 0.99951172
vt 0.10963608 0.99951172
vt 0.08644236 0.00048828
vt 0.89036393 0.00048828
vt 0.85909820 0.99951172
vt 0.10963608 0.99951172
vt 0.99951172 0.00048828
vt 0.00048829 0.00048828
vt 0.00048829 0.99951172
vt 0.99951172 0.99951172
vt 0.08644236 0.00048828
vt 0.89036393 0.00048828
vt 0.85909820 0.99951172
vt 0.10963608 0.99951172
vt 0.99951172 0.00048828
vt 0.00048829 0.00048828
vt 0.00048829 0.99951172
vt 0.99951172 0.99951172
vt 0.08644236 0.00048828
vt 0.89036393 0.00048828
vt 0.85909820 0.99951172
vt 0.10963608 0.99951172
vt 0.99951172 0.00048828
vt 0.00048829 0.00048828
vt 0.00048829 0.99951172
vt 0.99951172 0.99951172
vt 0.08644236 0.00048828
vt 0.89036393 0.00048828
vt 0.85909820 0.99951172
vt 0.10963608 0.99951172
vt 0.99951172 0.00048828
vt 0.00048829 0.00048828
vt 0.00048829 0.99951172
vt 0.99951172 0.99951172
vt 0.08644236 0.00048828
vt 0.89036393 0.00048828
vt 0.85909820 0.99951172
vt 0.10963608 0.99951172
vt 0.08644236 0.00048828
vt 0.89036393 0.00048828
vt 0.85909820 0.99951172
vt 0.10963608 0.99951172
vt 0.99951172 0.00048828
vt 0.00048829 0.00048828
vt 0.00048829 0.99951172
vt 0.99951172 0.99951172
vt 0.08644236 0.00048828
vt 0.89036393 0.00048828
vt 0.85909820 0.99951172
vt 0.10963608 0.99951172
vt 0.99951172 0.00048828
vt 0.00048829 0.00048828
vt 0.00048829 0.99951172
vt 0.99951172 0.99951172
vt 0.08644236 0.00048828
vt 0.89036393 0.00048828
vt 0.85909820 0.99951172
vt 0.10963608 0.99951172
vt 0.08644236 0.00048828
vt 0.89036393 0.00048828
vt 0.85909820 0.99951172
vt 0.10963608 0.99951172
vt 0.99951172 0.00048828
vt 0.00048829 0.00048828
vt 0.00048829 0.99951172
vt 0.99951172 0.99951172
vt 0.08644236 0.00048828
vt 0.89036393 0.00048828
vt 0.85909820 0.99951172
vt 0.10963608 0.99951172
vt 0.99951172 0.00048828
vt 0.00048829 0.00048828
vt 0.00048829 0.99951172
vt 0.99951172 0.99951172
vt 0.08644236 0.00048828
vt 0.89036393 0.00048828
vt 0.85909820 0.99951172
vt 0.10963608 0.99951172
vt 0.99951172 0.00048828
vt 0.00048829 0.00048828
vt 0.00048829 0.99951172
vt 0.99951172 0.99951172
vt 0.99951172 0.00048828
vt 0.00048829 0.00048828
vt 0.00048829 0.99951172
vt 0.99951172 0.99951172
vt 0.99951172 0.00048828
vt 0.00048829 0.00048828
vt 0.00048829 0.99951172
vt 0.99951172 0.99951172
vt 0.08644236 0.00048828
vt 0.89036393 0.00048828
vt 0.85909820 0.99951172
vt 0.10963608 0.99951172
vt 0.08644236 0.00048828
vt 0.89036393 0.00048828
vt 0.85909820 0.99951172
vt 0.10963608 0.99951172
vt 0.99951172 0.00048828
vt 0.00048829 0.00048828
vt 0.00048829 0.99951172
vt 0.99951172 0.99951172
vt 0.08644236 0.00048828
vt 0.89036393 0.00048828
vt 0.85909820 0.99951172
vt 0.10963608 0.99951172
vt 0.99951172 0.00048828
vt 0.00048829 0.00048828
vt 0.00048829 0.99951172
vt 0.99951172 0.99951172
vt 0.08644236 0.00048828
vt 0.89036393 0.00048828
vt 0.85909820 0.99951172
vt 0.10963608 0.99951172
vt 0.99951172 0.00048828
vt 0.00048829 0.00048828
vt 0.00048829 0.99951172
vt 0.99951172 0.99951172
vt 0.08644236 0.00048828
vt 0.89036393 0.00048828
vt 0.85909820 0.99951172
vt 0.10963608 0.99951172
vt 0.08644236 0.00048828
vt 0.89036393 0.00048828
vt 0.85909820 0.99951172
vt 0.10963608 0.99951172
vt 0.99951172 0.00048828
vt 0.00048829 0.00048828
vt 0.00048829 0.99951172
vt 0.99951172 0.99951172
vt 0.08644236 0.00048828
vt 0.89036393 0.00048828
vt 0.85909820 0.99951172
vt 0.10963608 0.99951172
vt 0.08644236 0.00048828
vt 0.89036393 0.00048828
vt 0.85909820 0.99951172
vt 0.10963608 0.99951172
vt 0.99951172 0.00048828
vt 0.00048829 0.00048828
vt 0.00048829 0.99951172
vt 0.99951172 0.99951172
vt 0.08644236 0.00048828
vt 0.89036393 0.00048828
vt 0.85909820 0.99951172
vt 0.10963608 0.99951172
vt 0.99951172 0.00048828
vt 0.00048829 0.00048828
vt 0.00048829 0.99951172
vt 0.99951172 0.99951172
vt 0.99951172 0.00048828
vt 0.00048829 0.00048828
vt 0.00048829 0.99951172
vt 0.99951172 0.99951172
vt 0.08644236 0.00048828
vt 0.89036393 0.00048828
vt 0.85909820 0.99951172
vt 0.10963608 0.99951172
vt 0.08644236 0.00048828
vt 0.89036393 0.00048828
vt 0.85909820 0.99951172
vt 0.10963608 0.99951172
vt 0.99951172 0.00048828
vt 0.00048829 0.00048828
vt 0.00048829 0.99951172
vt 0.99951172 0.99951172
vt 0.08644236 0.00048828
vt 0.89036393 0.00048828
vt 0.85909820 0.99951172
vt 0.10963608 0.99951172
vt 0.99951172 0.00048828
vt 0.00048829 0.00048828
vt 0.00048829 0.99951172
vt 0.99951172 0.99951172
vt 0.08644236 0.00048828
vt 0.89036393 0.00048828
vt 0.85909820 0.99951172
vt 0.10963608 0.99951172
vt 0.99951172 0.00048828
vt 0.00048829 0.00048828
vt 0.00048829 0.99951172
vt 0.99951172 0.99951172
vt 0.99951172 0.00048828
vt 0.00048829 0.00048828
vt 0.00048829 0.99951172
vt 0.99951172 0.99951172
vt 0.08644236 0.00048828
vt 0.89036393 0.00048828
vt 0.85909820 0.99951172
vt 0.10963608 0.99951172
vt 0.08644236 0.00048828
vt 0.89036393 0.00048828
vt 0.85909820 0.99951172
vt 0.10963608 0.99951172
vt 0.99951172 0.00048828
vt 0.00048829 0.00048828
vt 0.00048829 0.99951172
vt 0.99951172 0.99951172
vt 0.08644236 0.00048828
vt 0.89036393 0.00048828
vt 0.85909820 0.99951172
vt 0.10963608 0.99951172
vt 0.99951172 0.00048828
vt 0.00048829 0.00048828
vt 0.00048829 0.99951172
vt 0.99951172 0.99951172
vt 0.08644236 0.00048828
vt 0.89036393 0.00048828
vt 0.85909820 0.99951172
vt 0.10963608 0.99951172
vt 0.08644236 0.00048828
vt 0.89036393 0.00048828
vt 0.85909820 0.99951172
vt 0.10963608 0.99951172
vt 0.99951172 0.00048828
vt 0.00048829 0.00048828
vt 0.00048829 0.99951172
vt 0.99951172 0.99951172
vt 0.08644236 0.00048828
vt 0.89036393 0.00048828
vt 0.85909820 0.99951172
vt 0.10963608 0.99951172
vt 0.08644236 0.00048828
vt 0.89036393 0.00048828
vt 0.85909820 0.99951172
vt 0.10963608 0.99951172
vt 0.99951172 0.00048828
vt 0.00048829 0.00048828
vt 0.00048829 0.99951172
vt 0.99951172 0.99951172
vt 0.08644236 0.00048828
vt 0.89036393 0.00048828
vt 0.85909820 0.99951172
vt 0.10963608 0.99951172
vt 0.08644236 0.00048828
vt 0.89036393 0.00048828
vt 0.85909820 0.99951172
vt 0.10963608 0.99951172
vt 0.99951172 0.00048828
vt 0.00048829 0.00048828
vt 0.00048829 0.99951172
vt 0.99951172 0.99951172
vt 0.08644236 0.00048828
vt 0.89036393 0.00048828
vt 0.85909820 0.99951172
vt 0.10963608 0.99951172
vt 0.99951172 0.00048828
vt 0.00048829 0.00048828
vt 0.00048829 0.99951172
vt 0.99951172 0.99951172
vt 0.08644236 0.00048828
vt 0.89036393 0.00048828
vt 0.85909820 0.99951172
vt 0.10963608 0.99951172
vt 0.99951172 0.00048828
vt 0.00048829 0.00048828
vt 0.00048829 0.99951172
vt 0.99951172 0.99951172
vt 0.08644236 0.00048828
vt 0.89036393 0.00048828
vt 0.85909820 0.99951172
vt 0.10963608 0.99951172
vt 0.08644236 0.00048828
vt 0.89036393 0.00048828
vt 0.85909820 0.99951172
vt 0.10963608 0.99951172
vt 0.99951172 0.00048828
vt 0.00048829 0.00048828
vt 0.00048829 0.99951172
vt 0.99951172 0.99951172
vt 0.08644236 0.00048828
vt 0.89036393 0.00048828
vt 0.85909820 0.99951172
vt 0.10963608 0.99951172
vt 0.08644236 0.00048828
vt 0.89036393 0.00048828
vt 0.85909820 0.99951172
vt 0.10963608 0.99951172
vt 0.99951172 0.00048828
vt 0.00048829 0.00048828
vt 0.00048829 0.99951172
vt 0.99951172 0.99951172
vt 0.08644236 0.00048828
vt 0.89036393 0.00048828
vt 0.85909820 0.99951172
vt 0.10963608 0.99951172
vt 0.99951172 0.00048828
vt 0.00048829 0.00048828
vt 0.00048829 0.99951172
vt 0.99951172 0.99951172
vt 0.99951172 0.00048828
vt 0.00048829 0.00048828
vt 0.00048829 0.99951172
vt 0.99951172 0.99951172
vt 0.08644236 0.00048828
vt 0.89036393 0.00048828
vt 0.85909820 0.99951172
vt 0.10963608 0.99951172
vt 0.99951172 0.00048828
vt 0.00048829 0.00048828
vt 0.00048829 0.99951172
vt 0.99951172 0.99951172
vt 0.08644236 0.00048828
vt 0.89036393 0.00048828
vt 0.85909820 0.99951172
vt 0.10963608 0.99951172
vt 0.99951172 0.00048828
vt 0.00048829 0.00048828
vt 0.00048829 0.99951172
vt 0.99951172 0.99951172
vt 0.08644236 0.00048828
vt 0.89036393 0.00048828
vt 0.85909820 0.99951172
vt 0.10963608 0.99951172
vt 0.99951172 0.00048828
vt 0.00048829 0.00048828
vt 0.00048829 0.99951172
vt 0.99951172 0.99951172
vt 0.08644236 0.00048828
vt 0.89036393 0.00048828
vt 0.85909820 0.99951172
vt 0.10963608 0.99951172
vt 0.99951172 0.00048828
vt 0.00048829 0.00048828
vt 0.00048829 0.99951172
vt 0.99951172 0.99951172
vt 0.08644236 0.00048828
vt 0.89036393 0.00048828
vt 0.85909820 0.99951172
vt 0.10963608 0.99951172
vt 0.99951172 0.00048828
vt 0.00048829 0.00048828
vt 0.00048829 0.99951172
vt 0.99951172 0.99951172
vt 0.08644236 0.00048828
vt 0.89036393 0.00048828
vt 0.85909820 0.99951172
vt 0.10963608 0.99951172
vt 0.99951172 0.00048828
vt 0.00048829 0.00048828
vt 0.00048829 0.99951172
vt 0.99951172 0.99951172
vt 0.08644236 0.00048828
vt 0.89036393 0.00048828
vt 0.85909820 0.99951172
vt 0.10963608 0.99951172
vt 0.08644236 0.00048828
vt 0.89036393 0.00048828
vt 0.85909820 0.99951172
vt 0.10963608 0.99951172
vt 0.99951172 0.00048828
vt 0.00048829 0.00048828
vt 0.00048829 0.99951172
vt 0.99951172 0.99951172
vt 0.08644236 0.00048828
vt 0.89036393 0.00048828
vt 0.85909820 0.99951172
vt 0.10963608 0.99951172
vt 0.08644236 0.00048828
vt 0.89036393 0.00048828
vt 0.85909820 0.99951172
vt 0.10963608 0.99951172
vt 0.99951172 0.00048828
vt 0.00048829 0.00048828
vt 0.00048829 0.99951172
vt 0.99951172 0.99951172
vt 0.08644236 0.00048828
vt 0.89036393 0.00048828
vt 0.85909820 0.99951172
vt 0.10963608 0.99951172
vt 0.08644236 0.00048828
vt 0.89036393 0.00048828
vt 0.85909820 0.99951172
vt 0.10963608 0.99951172
vt 0.99951172 0.00048828
vt 0.00048829 0.00048828
vt 0.00048829 0.99951172
vt 0.99951172 0.99951172
vt 0.99951172 0.00048828
vt 0.00048829 0.00048828
vt 0.00048829 0.99951172
vt 0.99951172 0.99951172
vt 0.08644236 0.00048828
vt 0.89036393 0.00048828
vt 0.85909820 0.99951172
vt 0.10963608 0.99951172
vt 0.99951172 0.00048828
vt 0.00048829 0.00048828
vt 0.00048829 0.99951172
vt 0.99951172 0.99951172
vt 0.99951172 0.00048828
vt 0.00048829 0.00048828
vt 0.00048829 0.99951172
vt 0.99951172 0.99951172
vt 0.08644236 0.00048828
vt 0.89036393 0.00048828
vt 0.85909820 0.99951172
vt 0.10963608 0.99951172
vt 0.99951172 0.00048828
vt 0.00048829 0.00048828
vt 0.00048829 0.99951172
vt 0.99951172 0.99951172
vt 0.08644236 0.00048828
vt 0.89036393 0.00048828
vt 0.85909820 0.99951172
vt 0.10963608 0.99951172
vt 0.99951172 0.00048828
vt 0.00048829 0.00048828
vt 0.00048829 0.99951172
vt 0.99951172 0.99951172
vt 0.99951172 0.00048828
vt 0.00048829 0.00048828
vt 0.00048829 0.99951172
vt 0.99951172 0.99951172
vt 0.08644236 0.00048828
vt 0.89036393 0.00048828
vt 0.85909820 0.99951172
vt 0.10963608 0.99951172
vt 0.08644236 0.00048828
vt 0.89036393 0.00048828
vt 0.85909820 0.99951172
vt 0.10963608 0.99951172
vt 0.99951172 0.00048828
vt 0.00048829 0.00048828
vt 0.00048829 0.99951172
vt 0.99951172 0.99951172
vt 0.08644236 0.00048828
vt 0.89036393 0.00048828
vt 0.85909820 0.99951172
vt 0.10963608 0.99951172
vt 0.08644236 0.00048828
vt 0.89036393 0.00048828
vt 0.85909820 0.99951172
vt 0.10963608 0.99951172
vt 0.99951172 0.00048828
vt 0.00048829 0.00048828
vt 0.00048829 0.99951172
vt 0.99951172 0.99951172
vt 0.08644236 0.00048828
vt 0.89036393 0.00048828
vt 0.85909820 0.99951172
vt 0.10963608 0.99951172
vt 0.99951172 0.00048828
vt 0.00048829 0.00048828
vt 0.00048829 0.99951172
vt 0.99951172 0.99951172
vt 0.08644236 0.00048828
vt 0.89036393 0.00048828
vt 0.85909820 0.99951172
vt 0.10963608 0.99951172
vt 0.99951172 0.00048828
vt 0.00048829 0.00048828
vt 0.00048829 0.99951172
vt 0.99951172 0.99951172
vt 0.08644236 0.00048828
vt 0.89036393 0.00048828
vt 0.85909820 0.99951172
vt 0.10963608 0.99951172
vt 0.99951172 0.00048828
vt 0.00048829 0.00048828
vt 0.00048829 0.99951172
vt 0.99951172 0.99951172
vt 0.08644236 0.00048828
vt 0.89036393 0.00048828
vt 0.85909820 0.99951172
vt 0.10963608 0.99951172
vt 0.08644236 0.00048828
vt 0.89036393 0.00048828
vt 0.85909820 0.99951172
vt 0.10963608 0.99951172
vt 0.99951172 0.00048828
vt 0.00048829 0.00048828
vt 0.00048829 0.99951172
vt 0.99951172 0.99951172
vt 0.08644236 0.00048828
vt 0.89036393 0.00048828
vt 0.85909820 0.99951172
vt 0.10963608 0.99951172
vt 0.99951172 0.00048828
vt 0.00048829 0.00048828
vt 0.00048829 0.99951172
vt 0.99951172 0.99951172
vt 0.08644236 0.00048828
vt 0.89036393 0.00048828
vt 0.85909820 0.99951172
vt 0.10963608 0.99951172
vt 0.08644236 0.00048828
vt 0.89036393 0.00048828
vt 0.85909820 0.99951172
vt 0.10963608 0.99951172
vt 0.99951172 0.00048828
vt 0.00048829 0.00048828
vt 0.00048829 0.99951172
vt 0.99951172 0.99951172
vt 0.99951172 0.00048828
vt 0.00048829 0.00048828
vt 0.00048829 0.99951172
vt 0.99951172 0.99951172
vt 0.99951172 0.00048828
vt 0.00048829 0.00048828
vt 0.00048829 0.99951172
vt 0.99951172 0.99951172
vt 0.08644236 0.00048828
vt 0.89036393 0.00048828
vt 0.85909820 0.99951172
vt 0.10963608 0.99951172
vt 0.99951172 0.00048828
vt 0.00048829 0.00048828
vt 0.00048829 0.99951172
vt 0.99951172 0.99951172
vt 0.08644236 0.00048828
vt 0.89036393 0.00048828
vt 0.85909820 0.99951172
vt 0.10963608 0.99951172
vt 0.99951172 0.00048828
vt 0.00048829 0.00048828
vt 0.00048829 0.99951172
vt 0.99951172 0.99951172
vt 0.08644236 0.00048828
vt 0.89036393 0.00048828
vt 0.85909820 0.99951172
vt 0.10963608 0.99951172
vt 0.08644236 0.00048828
vt 0.89036393 0.00048828
vt 0.85909820 0.99951172
vt 0.10963608 0.99951172
vt 0.99951172 0.00048828
vt 0.00048829 0.00048828
vt 0.00048829 0.99951172
vt 0.99951172 0.99951172
vt 0.08644236 0.00048828
vt 0.89036393 0.00048828
vt 0.85909820 0.99951172
vt 0.10963608 0.99951172
vt 0.99951172 0.00048828
vt 0.00048829 0.00048828
vt 0.00048829 0.99951172
vt 0.99951172 0.99951172
vt 0.99951172 0.00048828
vt 0.00048829 0.00048828
vt 0.00048829 0.99951172
vt 0.99951172 0.99951172
vt 0.99951172 0.00048828
vt 0.00048829 0.00048828
vt 0.00048829 0.99951172
vt 0.99951172 0.99951172
vt 0.08644236 0.00048828
vt 0.89036393 0.00048828
vt 0.85909820 0.99951172
vt 0.10963608 0.99951172
vt 0.99951172 0.00048828
vt 0.00048829 0.00048828
vt 0.00048829 0.99951172
vt 0.99951172 0.99951172
vt 0.08644236 0.00048828
vt 0.89036393 0.00048828
vt 0.85909820 0.99951172
vt 0.10963608 0.99951172
vt 0.99951172 0.00048828
vt 0.00048829 0.00048828
vt 0.00048829 0.99951172
vt 0.99951172 0.99951172
vt 0.08644236 0.00048828
vt 0.89036393 0.00048828
vt 0.85909820 0.99951172
vt 0.10963608 0.99951172
vt 0.99951172 0.00048828
vt 0.00048829 0.00048828
vt 0.00048829 0.99951172
vt 0.99951172 0.99951172
vt 0.08644236 0.00048828
vt 0.89036393 0.00048828
vt 0.85909820 0.99951172
vt 0.10963608 0.99951172
vt 0.99951172 0.00048828
vt 0.00048829 0.00048828
vt 0.00048829 0.99951172
vt 0.99951172 0.99951172
vt 0.08644236 0.00048828
vt 0.89036393 0.00048828
vt 0.85909820 0.99951172
vt 0.10963608 0.99951172
vt 0.99951172 0.00048828
vt 0.00048829 0.00048828
vt 0.00048829 0.99951172
vt 0.99951172 0.99951172
vt 0.08644236 0.00048828
vt 0.89036393 0.00048828
vt 0.85909820 0.99951172
vt 0.10963608 0.99951172
vt 0.08644236 0.00048828
vt 0.89036393 0.00048828
vt 0.85909820 0.99951172
vt 0.10963608 0.99951172
vt 0.99951172 0.00048828
vt 0.00048829 0.00048828
vt 0.00048829 0.99951172
vt 0.99951172 0.99951172
vt 0.99951172 0.00048828
vt 0.00048829 0.00048828
vt 0.00048829 0.99951172
vt 0.99951172 0.99951172
vt 0.08644236 0.00048828
vt 0.89036393 0.00048828
vt 0.85909820 0.99951172
vt 0.10963608 0.99951172
vt 0.99951172 0.00048828
vt 0.00048829 0.00048828
vt 0.00048829 0.99951172
vt 0.99951172 0.99951172
vt 0.08644236 0.00048828
vt 0.89036393 0.00048828
vt 0.85909820 0.99951172
vt 0.10963608 0.99951172
vt 0.08644236 0.00048828
vt 0.89036393 0.00048828
vt 0.85909820 0.99951172
vt 0.10963608 0.99951172
vt 0.99951172 0.00048828
vt 0.00048829 0.00048828
vt 0.00048829 0.99951172
vt 0.99951172 0.99951172
vt 0.08644236 0.00048828
vt 0.89036393 0.00048828
vt 0.85909820 0.99951172
vt 0.10963608 0.99951172
vt 0.08644236 0.00048828
vt 0.89036393 0.00048828
vt 0.85909820 0.99951172
vt 0.10963608 0.99951172
vt 0.99951172 0.00048828
vt 0.00048829 0.00048828
vt 0.00048829 0.99951172
vt 0.99951172 0.99951172
vt 0.08644236 0.00048828
vt 0.89036393 0.00048828
vt 0.85909820 0.99951172
vt 0.10963608 0.99951172
vt 0.08644236 0.00048828
vt 0.89036393 0.00048828
vt 0.85909820 0.99951172
vt 0.10963608 0.99951172
vt 0.99951172 0.00048828
vt 0.00048829 0.00048828
vt 0.00048829 0.99951172
vt 0.99951172 0.99951172
vt 0.08644236 0.00048828
vt 0.89036393 0.00048828
vt 0.85909820 0.99951172
vt 0.10963608 0.99951172
vt 0.08644236 0.00048828
vt 0.89036393 0.00048828
vt 0.85909820 0.99951172
vt 0.10963608 0.99951172
vt 0.99951172 0.00048828
vt 0.00048829 0.00048828
vt 0.00048829 0.99951172
vt 0.99951172 0.99951172
vt 0.08644236 0.00048828
vt 0.89036393 0.00048828
vt 0.85909820 0.99951172
vt 0.10963608 0.99951172
vt 0.99951172 0.00048828
vt 0.00048829 0.00048828
vt 0.00048829 0.99951172
vt 0.99951172 0.99951172
vt 0.08644236 0.00048828
vt 0.89036393 0.00048828
vt 0.85909820 0.99951172
vt 0.10963608 0.99951172
vt 0.99951172 0.00048828
vt 0.00048829 0.00048828
vt 0.00048829 0.99951172
vt 0.99951172 0.99951172
vt 0.99951172 0.00048828
vt 0.00048829 0.00048828
vt 0.00048829 0.99951172
vt 0.99951172 0.99951172
vt 0.08644236 0.00048828
vt 0.89036393 0.00048828
vt 0.85909820 0.99951172
vt 0.10963608 0.99951172
vt 0.08644236 0.00048828
vt 0.89036393 0.00048828
vt 0.85909820 0.99951172
vt 0.10963608 0.99951172
vt 0.99951172 0.00048828
vt 0.00048829 0.00048828
vt 0.00048829 0.99951172
vt 0.99951172 0.99951172
vt 0.99951172 0.00048828
vt 0.00048829 0.00048828
vt 0.00048829 0.99951172
vt 0.99951172 0.99951172
vt 0.08644236 0.00048828
vt 0.89036393 0.00048828
vt 0.85909820 0.99951172
vt 0.10963608 0.99951172
vt 0.08644236 0.00048828
vt 0.89036393 0.00048828
vt 0.85909820 0.99951172
vt 0.10963608 0.99951172
vt 0.99951172 0.00048828
vt 0.00048829 0.00048828
vt 0.00048829 0.99951172
vt 0.99951172 0.99951172
vt 0.08644236 0.00048828
vt 0.89036393 0.00048828
vt 0.85909820 0.99951172
vt 0.10963608 0.99951172
vt 0.99951172 0.00048828
vt 0.00048829 0.00048828
vt 0.00048829 0.99951172
vt 0.99951172 0.99951172
vt 0.08644236 0.00048828
vt 0.89036393 0.00048828
vt 0.85909820 0.99951172
vt 0.10963608 0.99951172
vt 0.99951172 0.00048828
vt 0.00048829 0.00048828
vt 0.00048829 0.99951172
vt 0.99951172 0.99951172
vt 0.08644236 0.00048828
vt 0.89036393 0.00048828
vt 0.85909820 0.99951172
vt 0.10963608 0.99951172
vt 0.99951172 0.00048828
vt 0.00048829 0.00048828
vt 0.00048829 0.99951172
vt 0.99951172 0.99951172
vt 0.99951172 0.00048828
vt 0.00048829 0.00048828
vt 0.00048829 0.99951172
vt 0.99951172 0.99951172
vt 0.08644236 0.00048828
vt 0.89036393 0.00048828
vt 0.85909820 0.99951172
vt 0.10963608 0.99951172
vt 0.99951172 0.00048828
vt 0.00048829 0.00048828
vt 0.00048829 0.99951172
vt 0.99951172 0.99951172
vt 0.08644236 0.00048828
vt 0.89036393 0.00048828
vt 0.85909820 0.99951172
vt 0.10963608 0.99951172
vt 0.08644236 0.00048828
vt 0.89036393 0.00048828
vt 0.85909820 0.99951172
vt 0.10963608 0.99951172
vt 0.99951172 0.00048828
vt 0.00048829 0.00048828
vt 0.00048829 0.99951172
vt 0.99951172 0.99951172
vt 0.08644236 0.00048828
vt 0.89036393 0.00048828
vt 0.85909820 0.99951172
vt 0.10963608 0.99951172
vt 0.08644236 0.00048828
vt 0.89036393 0.00048828
vt 0.85909820 0.99951172
vt 0.10963608 0.99951172
vt 0.99951172 0.00048828
vt 0.00048829 0.00048828
vt 0.00048829 0.99951172
vt 0.99951172 0.99951172
vt 0.99951172 0.00048828
vt 0.00048829 0.00048828
vt 0.00048829 0.99951172
vt 0.99951172 0.99951172
vt 0.99951172 0.00048828
vt 0.00048829 0.00048828
vt 0.00048829 0.99951172
vt 0.99951172 0.99951172
vt 0.08644236 0.00048828
vt 0.89036393 0.00048828
vt 0.85909820 0.99951172
vt 0.10963608 0.99951172
vt 0.99951172 0.00048828
vt 0.00048829 0.00048828
vt 0.00048829 0.99951172
vt 0.99951172 0.99951172
vt 0.08644236 0.00048828
vt 0.89036393 0.00048828
vt 0.85909820 0.99951172
vt 0.10963608 0.99951172
vt 0.08644236 0.00048828
vt 0.89036393 0.00048828
vt 0.85909820 0.99951172
vt 0.10963608 0.99951172
vt 0.99951172 0.00048828
vt 0.00048829 0.00048828
vt 0.00048829 0.99951172
vt 0.99951172 0.99951172
vt 0.99951172 0.00048828
vt 0.00048829 0.00048828
vt 0.00048829 0.99951172
vt 0.99951172 0.99951172
vt 0.99951172 0.00048828
vt 0.00048829 0.00048828
vt 0.00048829 0.99951172
vt 0.99951172 0.99951172
vt 0.99951172 0.00048828
vt 0.00048829 0.00048828
vt 0.00048829 0.99951172
vt 0.99951172 0.99951172
vt 0.08644236 0.00048828
vt 0.89036393 0.00048828
vt 0.85909820 0.99951172
vt 0.10963608 0.99951172
vt 0.99951172 0.00048828
vt 0.00048829 0.00048828
vt 0.00048829 0.99951172
vt 0.99951172 0.99951172
vt 0.99951172 0.00048828
vt 0.00048829 0.00048828
vt 0.00048829 0.99951172
vt 0.99951172 0.99951172
vt 0.08644236 0.00048828
vt 0.89036393 0.00048828
vt 0.85909820 0.99951172
vt 0.10963608 0.99951172
vt 0.99951172 0.00048828
vt 0.00048829 0.00048828
vt 0.00048829 0.99951172
vt 0.99951172 0.99951172
vt 0.08644236 0.00048828
vt 0.89036393 0.00048828
vt 0.85909820 0.99951172
vt 0.10963608 0.99951172
vt 0.99951172 0.00048828
vt 0.00048829 0.00048828
vt 0.00048829 0.99951172
vt 0.99951172 0.99951172
vt 0.08644236 0.00048828
vt 0.89036393 0.00048828
vt 0.85909820 0.99951172
vt 0.10963608 0.99951172
vt 0.99951172 0.00048828
vt 0.00048829 0.00048828
vt 0.00048829 0.99951172
vt 0.99951172 0.99951172
vt 0.08644236 0.00048828
vt 0.89036393 0.00048828
vt 0.85909820 0.99951172
vt 0.10963608 0.99951172
vt 0.99951172 0.00048828
vt 0.00048829 0.00048828
vt 0.00048829 0.99951172
vt 0.99951172 0.99951172
vt 0.08644236 0.00048828
vt 0.89036393 0.00048828
vt 0.85909820 0.99951172
vt 0.10963608 0.99951172
vt 0.08644236 0.00048828
vt 0.89036393 0.00048828
vt 0.85909820 0.99951172
vt 0.10963608 0.99951172
vt 0.99951172 0.00048828
vt 0.00048829 0.00048828
vt 0.00048829 0.99951172
vt 0.99951172 0.99951172
vt 0.08644236 0.00048828
vt 0.89036393 0.00048828
vt 0.85909820 0.99951172
vt 0.10963608 0.99951172
vt 0.99951172 0.00048828
vt 0.00048829 0.00048828
vt 0.00048829 0.99951172
vt 0.99951172 0.99951172
vt 0.08644236 0.00048828
vt 0.89036393 0.00048828
vt 0.85909820 0.99951172
vt 0.10963608 0.99951172
vt 0.08644236 0.00048828
vt 0.89036393 0.00048828
vt 0.85909820 0.99951172
vt 0.10963608 0.99951172
vt 0.99951172 0.00048828
vt 0.00048829 0.00048828
vt 0.00048829 0.99951172
vt 0.99951172 0.99951172
vt 0.08644236 0.00048828
vt 0.89036393 0.00048828
vt 0.85909820 0.99951172
vt 0.10963608 0.99951172
vt 0.08644236 0.00048828
vt 0.89036393 0.00048828
vt 0.85909820 0.99951172
vt 0.10963608 0.99951172
vt 0.99951172 0.00048828
vt 0.00048829 0.00048828
vt 0.00048829 0.99951172
vt 0.99951172 0.99951172
vt 0.08644236 0.00048828
vt 0.89036393 0.00048828
vt 0.85909820 0.99951172
vt 0.10963608 0.99951172
vt 0.08644236 0.00048828
vt 0.89036393 0.00048828
vt 0.85909820 0.99951172
vt 0.10963608 0.99951172
vt 0.99951172 0.00048828
vt 0.00048829 0.00048828
vt 0.00048829 0.99951172
vt 0.99951172 0.99951172
vt 0.99951172 0.00048828
vt 0.00048829 0.00048828
vt 0.00048829 0.99951172
vt 0.99951172 0.99951172
vt 0.08644236 0.00048828
vt 0.89036393 0.00048828
vt 0.85909820 0.99951172
vt 0.10963608 0.99951172
vt 0.99951172 0.00048828
vt 0.00048829 0.00048828
vt 0.00048829 0.99951172
vt 0.99951172 0.99951172
vt 0.08644236 0.00048828
vt 0.89036393 0.00048828
vt 0.85909820 0.99951172
vt 0.10963608 0.99951172
vt 0.08644236 0.00048828
vt 0.89036393 0.00048828
vt 0.85909820 0.99951172
vt 0.10963608 0.99951172
vt 0.08644236 0.00048828
vt 0.89036393 0.00048828
vt 0.85909820 0.99951172
vt 0.10963608 0.99951172
vt 0.99951172 0.00048828
vt 0.00048829 0.00048828
vt 0.00048829 0.99951172
vt 0.99951172 0.99951172
vt 0.08644236 0.00048828
vt 0.89036393 0.00048828
vt 0.85909820 0.99951172
vt 0.10963608 0.99951172
vt 0.99951172 0.00048828
vt 0.00048829 0.00048828
vt 0.00048829 0.99951172
vt 0.99951172 0.99951172
vt 0.08644236 0.00048828
vt 0.89036393 0.00048828
vt 0.85909820 0.99951172
vt 0.10963608 0.99951172
vt 0.99951172 0.00048828
vt 0.00048829 0.00048828
vt 0.00048829 0.99951172
vt 0.99951172 0.99951172
vt 0.08644236 0.00048828
vt 0.89036393 0.00048828
vt 0.85909820 0.99951172
vt 0.10963608 0.99951172
vt 0.08644236 0.00048828
vt 0.89036393 0.00048828
vt 0.85909820 0.99951172
vt 0.10963608 0.99951172
vt 0.99951172 0.00048828
vt 0.00048829 0.00048828
vt 0.00048829 0.99951172
vt 0.99951172 0.99951172
vt 0.08644236 0.00048828
vt 0.89036393 0.00048828
vt 0.85909820 0.99951172
vt 0.10963608 0.99951172
vt 0.08644236 0.00048828
vt 0.89036393 0.00048828
vt 0.85909820 0.99951172
vt 0.10963608 0.99951172
vt 0.99951172 0.00048828
vt 0.00048829 0.00048828
vt 0.00048829 0.99951172
vt 0.99951172 0.99951172
vt 0.08644236 0.00048828
vt 0.89036393 0.00048828
vt 0.85909820 0.99951172
vt 0.10963608 0.99951172
vt 0.99951172 0.00048828
vt 0.00048829 0.00048828
vt 0.00048829 0.99951172
vt 0.99951172 0.99951172
vt 0.08644236 0.00048828
vt 0.89036393 0.00048828
vt 0.85909820 0.99951172
vt 0.10963608 0.99951172
vt 0.99951172 0.00048828
vt 0.00048829 0.00048828
vt 0.00048829 0.99951172
vt 0.99951172 0.99951172
vt 0.08644236 0.00048828
vt 0.89036393 0.00048828
vt 0.85909820 0.99951172
vt 0.10963608 0.99951172
vt 0.99951172 0.00048828
vt 0.00048829 0.00048828
vt 0.00048829 0.99951172
vt 0.99951172 0.99951172
vt 0.08644236 0.00048828
vt 0.89036393 0.00048828
vt 0.85909820 0.99951172
vt 0.10963608 0.99951172
vt 0.99951172 0.00048828
vt 0.00048829 0.00048828
vt 0.00048829 0.99951172
vt 0.99951172 0.99951172
vt 0.08644236 0.00048828
vt 0.89036393 0.00048828
vt 0.85909820 0.99951172
vt 0.10963608 0.99951172
vt 0.08644236 0.00048828
vt 0.89036393 0.00048828
vt 0.85909820 0.99951172
vt 0.10963608 0.99951172
vt 0.99951172 0.00048828
vt 0.00048829 0.00048828
vt 0.00048829 0.99951172
vt 0.99951172 0.99951172
vt 0.99951172 0.00048828
vt 0.00048829 0.00048828
vt 0.00048829 0.99951172
vt 0.99951172 0.99951172
vt 0.08644236 0.00048828
vt 0.89036393 0.00048828
vt 0.85909820 0.99951172
vt 0.10963608 0.99951172
vt 0.99951172 0.00048828
vt 0.00048829 0.00048828
vt 0.00048829 0.99951172
vt 0.99951172 0.99951172
vt 0.08644236 0.00048828
vt 0.89036393 0.00048828
vt 0.85909820 0.99951172
vt 0.10963608 0.99951172
vt 0.99951172 0.00048828
vt 0.00048829 0.00048828
vt 0.00048829 0.99951172
vt 0.99951172 0.99951172
vt 0.08644236 0.00048828
vt 0.89036393 0.00048828
vt 0.85909820 0.99951172
vt 0.10963608 0.99951172
vt 0.08644236 0.00048828
vt 0.89036393 0.00048828
vt 0.85909820 0.99951172
vt 0.10963608 0.99951172
vt 0.99951172 0.00048828
vt 0.00048829 0.00048828
vt 0.00048829 0.99951172
vt 0.99951172 0.99951172
vt 0.08644236 0.00048828
vt 0.89036393 0.00048828
vt 0.85909820 0.99951172
vt 0.10963608 0.99951172
vt 0.99951172 0.00048828
vt 0.00048829 0.00048828
vt 0.00048829 0.99951172
vt 0.99951172 0.99951172
vt 0.08644236 0.00048828
vt 0.89036393 0.00048828
vt 0.85909820 0.99951172
vt 0.10963608 0.99951172
vt 0.99951172 0.00048828
vt 0.00048829 0.00048828
vt 0.00048829 0.99951172
vt 0.99951172 0.99951172
vt 0.08644236 0.00048828
vt 0.89036393 0.00048828
vt 0.85909820 0.99951172
vt 0.10963608 0.99951172
vt 0.08644236 0.00048828
vt 0.89036393 0.00048828
vt 0.85909820 0.99951172
vt 0.10963608 0.99951172
vt 0.99951172 0.00048828
vt 0.00048829 0.00048828
vt 0.00048829 0.99951172
vt 0.99951172 0.99951172
vt 0.08644236 0.00048828
vt 0.89036393 0.00048828
vt 0.85909820 0.99951172
vt 0.10963608 0.99951172
vt 0.99951172 0.00048828
vt 0.00048829 0.00048828
vt 0.00048829 0.99951172
vt 0.99951172 0.99951172
vt 0.08644236 0.00048828
vt 0.89036393 0.00048828
vt 0.85909820 0.99951172
vt 0.10963608 0.99951172
vt 0.08644236 0.00048828
vt 0.89036393 0.00048828
vt 0.85909820 0.99951172
vt 0.10963608 0.99951172
vt 0.99951172 0.00048828
vt 0.00048829 0.00048828
vt 0.00048829 0.99951172
vt 0.99951172 0.99951172
vt 0.08644236 0.00048828
vt 0.89036393 0.00048828
vt 0.85909820 0.99951172
vt 0.10963608 0.99951172
vt 0.99951172 0.00048828
vt 0.00048829 0.00048828
vt 0.00048829 0.99951172
vt 0.99951172 0.99951172
vt 0.99951172 0.00048828
vt 0.00048829 0.00048828
vt 0.00048829 0.99951172
vt 0.99951172 0.99951172
vt 0.08644236 0.00048828
vt 0.89036393 0.00048828
vt 0.85909820 0.99951172
vt 0.10963608 0.99951172
vt 0.99951172 0.00048828
vt 0.00048829 0.00048828
vt 0.00048829 0.99951172
vt 0.99951172 0.99951172
vt 0.99951172 0.00048828
vt 0.00048829 0.00048828
vt 0.00048829 0.99951172
vt 0.99951172 0.99951172
vt 0.99951172 0.00048828
vt 0.00048829 0.00048828
vt 0.00048829 0.99951172
vt 0.99951172 0.99951172
vt 0.08644236 0.00048828
vt 0.89036393 0.00048828
vt 0.85909820 0.99951172
vt 0.10963608 0.99951172
vt 0.99951172 0.00048828
vt 0.00048829 0.00048828
vt 0.00048829 0.99951172
vt 0.99951172 0.99951172
vt 0.08644236 0.00048828
vt 0.89036393 0.00048828
vt 0.85909820 0.99951172
vt 0.10963608 0.99951172
vt 0.99951172 0.00048828
vt 0.00048829 0.00048828
vt 0.00048829 0.99951172
vt 0.99951172 0.99951172
vt 0.08644236 0.00048828
vt 0.89036393 0.00048828
vt 0.85909820 0.99951172
vt 0.10963608 0.99951172
vt 0.99951172 0.00048828
vt 0.00048829 0.00048828
vt 0.00048829 0.99951172
vt 0.99951172 0.99951172
vt 0.08644236 0.00048828
vt 0.89036393 0.00048828
vt 0.85909820 0.99951172
vt 0.10963608 0.99951172
vt 0.99951172 0.00048828
vt 0.00048829 0.00048828
vt 0.00048829 0.99951172
vt 0.99951172 0.99951172
vt 0.08644236 0.00048828
vt 0.89036393 0.00048828
vt 0.85909820 0.99951172
vt 0.10963608 0.99951172
vt 0.08644236 0.00048828
vt 0.89036393 0.00048828
vt 0.85909820 0.99951172
vt 0.10963608 0.99951172
vt 0.99951172 0.00048828
vt 0.00048829 0.00048828
vt 0.00048829 0.99951172
vt 0.99951172 0.99951172
vt 0.08644236 0.00048828
vt 0.89036393 0.00048828
vt 0.85909820 0.99951172
vt 0.10963608 0.99951172
vt 0.08644236 0.00048828
vt 0.89036393 0.00048828
vt 0.85909820 0.99951172
vt 0.10963608 0.99951172
vt 0.99951172 0.00048828
vt 0.00048829 0.00048828
vt 0.00048829 0.99951172
vt 0.99951172 0.99951172
vt 0.08644236 0.00048828
vt 0.89036393 0.00048828
vt 0.85909820 0.99951172
vt 0.10963608 0.99951172
vt 0.99951172 0.00048828
vt 0.00048829 0.00048828
vt 0.00048829 0.99951172
vt 0.99951172 0.99951172
vt 0.08644236 0.00048828
vt 0.89036393 0.00048828
vt 0.85909820 0.99951172
vt 0.10963608 0.99951172
vt 0.08644236 0.00048828
vt 0.89036393 0.00048828
vt 0.85909820 0.99951172
vt 0.10963608 0.99951172
vt 0.99951172 0.00048828
vt 0.00048829 0.00048828
vt 0.00048829 0.99951172
vt 0.99951172 0.99951172
vt 0.99951172 0.00048828
vt 0.00048829 0.00048828
vt 0.00048829 0.99951172
vt 0.99951172 0.99951172
vt 0.99951172 0.00048828
vt 0.00048829 0.00048828
vt 0.00048829 0.99951172
vt 0.99951172 0.99951172
vt 0.99951172 0.00048828
vt 0.00048829 0.00048828
vt 0.00048829 0.99951172
vt 0.99951172 0.99951172
vt 0.99951172 0.00048828
vt 0.00048829 0.00048828
vt 0.00048829 0.99951172
vt 0.99951172 0.99951172
vt 0.08644236 0.00048828
vt 0.89036393 0.00048828
vt 0.85909820 0.99951172
vt 0.10963608 0.99951172
vt 0.99951172 0.00048828
vt 0.00048829 0.00048828
vt 0.00048829 0.99951172
vt 0.99951172 0.99951172
vt 0.08644236 0.00048828
vt 0.89036393 0.00048828
vt 0.85909820 0.99951172
vt 0.10963608 0.99951172
vt 0.99951172 0.00048828
vt 0.00048829 0.00048828
vt 0.00048829 0.99951172
vt 0.99951172 0.99951172
vt 0.08644236 0.00048828
vt 0.89036393 0.00048828
vt 0.85909820 0.99951172
vt 0.10963608 0.99951172
vt 0.08644236 0.00048828
vt 0.89036393 0.00048828
vt 0.85909820 0.99951172
vt 0.10963608 0.99951172
vt 0.99951172 0.00048828
vt 0.00048829 0.00048828
vt 0.00048829 0.99951172
vt 0.99951172 0.99951172
vt 0.08644236 0.00048828
vt 0.89036393 0.00048828
vt 0.85909820 0.99951172
vt 0.10963608 0.99951172
vt 0.99951172 0.00048828
vt 0.00048829 0.00048828
vt 0.00048829 0.99951172
vt 0.99951172 0.99951172
vt 0.08644236 0.00048828
vt 0.89036393 0.00048828
vt 0.85909820 0.99951172
vt 0.10963608 0.99951172
vt 0.99951172 0.00048828
vt 0.00048829 0.00048828
vt 0.00048829 0.99951172
vt 0.99951172 0.99951172
vt 0.08644236 0.00048828
vt 0.89036393 0.00048828
vt 0.85909820 0.99951172
vt 0.10963608 0.99951172
vt 0.08644236 0.00048828
vt 0.89036393 0.00048828
vt 0.85909820 0.99951172
vt 0.10963608 0.99951172
vt 0.99951172 0.00048828
vt 0.00048829 0.00048828
vt 0.00048829 0.99951172
vt 0.99951172 0.99951172
vt 0.08644236 0.00048828
vt 0.89036393 0.00048828
vt 0.85909820 0.99951172
vt 0.10963608 0.99951172
vt 0.99951172 0.00048828
vt 0.00048829 0.00048828
vt 0.00048829 0.99951172
vt 0.99951172 0.99951172
vt 0.08644236 0.00048828
vt 0.89036393 0.00048828
vt 0.85909820 0.99951172
vt 0.10963608 0.99951172
vt 0.99951172 0.00048828
vt 0.00048829 0.00048828
vt 0.00048829 0.99951172
vt 0.99951172 0.99951172
vt 0.08644236 0.00048828
vt 0.89036393 0.00048828
vt 0.85909820 0.99951172
vt 0.10963608 0.99951172
vt 0.99951172 0.00048828
vt 0.00048829 0.00048828
vt 0.00048829 0.99951172
vt 0.99951172 0.99951172
vt 0.08644236 0.00048828
vt 0.89036393 0.00048828
vt 0.85909820 0.99951172
vt 0.10963608 0.99951172
vt 0.99951172 0.00048828
vt 0.00048829 0.00048828
vt 0.00048829 0.99951172
vt 0.99951172 0.99951172
vt 0.08644236 0.00048828
vt 0.89036393 0.00048828
vt 0.85909820 0.99951172
vt 0.10963608 0.99951172
vt 0.99951172 0.00048828
vt 0.00048829 0.00048828
vt 0.00048829 0.99951172
vt 0.99951172 0.99951172
vt 0.08644236 0.00048828
vt 0.89036393 0.00048828
vt 0.85909820 0.99951172
vt 0.10963608 0.99951172
vt 0.08644236 0.00048828
vt 0.89036393 0.00048828
vt 0.85909820 0.99951172
vt 0.10963608 0.99951172
vt 0.99951172 0.00048828
vt 0.00048829 0.00048828
vt 0.00048829 0.99951172
vt 0.99951172 0.99951172
vt 0.99951172 0.00048828
vt 0.00048829 0.00048828
vt 0.00048829 0.99951172
vt 0.99951172 0.99951172
vt 0.08644236 0.00048828
vt 0.89036393 0.00048828
vt 0.85909820 0.99951172
vt 0.10963608 0.99951172
vt 0.08644236 0.00048828
vt 0.89036393 0.00048828
vt 0.85909820 0.99951172
vt 0.10963608 0.99951172
vt 0.99951172 0.00048828
vt 0.00048829 0.00048828
vt 0.00048829 0.99951172
vt 0.99951172 0.99951172
vt 0.08644236 0.00048828
vt 0.89036393 0.00048828
vt 0.85909820 0.99951172
vt 0.10963608 0.99951172
vt 0.08644236 0.00048828
vt 0.89036393 0.00048828
vt 0.85909820 0.99951172
vt 0.10963608 0.99951172
vt 0.99951172 0.00048828
vt 0.00048829 0.00048828
vt 0.00048829 0.99951172
vt 0.99951172 0.99951172
vt 0.08644236 0.00048828
vt 0.89036393 0.00048828
vt 0.85909820 0.99951172
vt 0.10963608 0.99951172
vt 0.08644236 0.00048828
vt 0.89036393 0.00048828
vt 0.85909820 0.99951172
vt 0.10963608 0.99951172
vt 0.99951172 0.00048828
vt 0.00048829 0.00048828
vt 0.00048829 0.99951172
vt 0.99951172 0.99951172
vt 0.08644236 0.00048828
vt 0.89036393 0.00048828
vt 0.85909820 0.99951172
vt 0.10963608 0.99951172
vt 0.08644236 0.00048828
vt 0.89036393 0.00048828
vt 0.85909820 0.99951172
vt 0.10963608 0.99951172
vt 0.99951172 0.00048828
vt 0.00048829 0.00048828
vt 0.00048829 0.99951172
vt 0.99951172 0.99951172
vt 0.08644236 0.00048828
vt 0.89036393 0.00048828
vt 0.85909820 0.99951172
vt 0.10963608 0.99951172
vt 0.08644236 0.00048828
vt 0.89036393 0.00048828
vt 0.85909820 0.99951172
vt 0.10963608 0.99951172
vt 0.99951172 0.00048828
vt 0.00048829 0.00048828
vt 0.00048829 0.99951172
vt 0.99951172 0.99951172
vt 0.08644236 0.00048828
vt 0.89036393 0.00048828
vt 0.85909820 0.99951172
vt 0.10963608 0.99951172
vt 0.99951172 0.00048828
vt 0.00048829 0.00048828
vt 0.00048829 0.99951172
vt 0.99951172 0.99951172
vt 0.08644236 0.00048828
vt 0.89036393 0.00048828
vt 0.85909820 0.99951172
vt 0.10963608 0.99951172
vt 0.99951172 0.00048828
vt 0.00048829 0.00048828
vt 0.00048829 0.99951172
vt 0.99951172 0.99951172
vt 0.08644236 0.00048828
vt 0.89036393 0.00048828
vt 0.85909820 0.99951172
vt 0.10963608 0.99951172
vt 0.08644236 0.00048828
vt 0.89036393 0.00048828
vt 0.85909820 0.99951172
vt 0.10963608 0.99951172
vt 0.99951172 0.00048828
vt 0.00048829 0.00048828
vt 0.00048829 0.99951172
vt 0.99951172 0.99951172
vt 0.08644236 0.00048828
vt 0.89036393 0.00048828
vt 0.85909820 0.99951172
vt 0.10963608 0.99951172
vt 0.99951172 0.00048828
vt 0.00048829 0.00048828
vt 0.00048829 0.99951172
vt 0.99951172 0.99951172
vt 0.08644236 0.00048828
vt 0.89036393 0.00048828
vt 0.85909820 0.99951172
vt 0.10963608 0.99951172
vt 0.99951172 0.00048828
vt 0.00048829 0.00048828
vt 0.00048829 0.99951172
vt 0.99951172 0.99951172
vt 0.08644236 0.00048828
vt 0.89036393 0.00048828
vt 0.85909820 0.99951172
vt 0.10963608 0.99951172
vt 0.99951172 0.00048828
vt 0.00048829 0.00048828
vt 0.00048829 0.99951172
vt 0.99951172 0.99951172
vt 0.08644236 0.00048828
vt 0.89036393 0.00048828
vt 0.85909820 0.99951172
vt 0.10963608 0.99951172
vt 0.99951172 0.00048828
vt 0.00048829 0.00048828
vt 0.00048829 0.99951172
vt 0.99951172 0.99951172
vt 0.08644236 0.00048828
vt 0.89036393 0.00048828
vt 0.85909820 0.99951172
vt 0.10963608 0.99951172
vt 0.99951172 0.00048828
vt 0.00048829 0.00048828
vt 0.00048829 0.99951172
vt 0.99951172 0.99951172
vt 0.08644236 0.00048828
vt 0.89036393 0.00048828
vt 0.85909820 0.99951172
vt 0.10963608 0.99951172
vt 0.08644236 0.00048828
vt 0.89036393 0.00048828
vt 0.85909820 0.99951172
vt 0.10963608 0.99951172
vt 0.99951172 0.00048828
vt 0.00048829 0.00048828
vt 0.00048829 0.99951172
vt 0.99951172 0.99951172
vt 0.08644236 0.00048828
vt 0.89036393 0.00048828
vt 0.85909820 0.99951172
vt 0.10963608 0.99951172
vt 0.99951172 0.00048828
vt 0.00048829 0.00048828
vt 0.00048829 0.99951172
vt 0.99951172 0.99951172
vt 0.99951172 0.00048828
vt 0.00048829 0.00048828
vt 0.00048829 0.99951172
vt 0.99951172 0.99951172
vt 0.08644236 0.00048828
vt 0.89036393 0.00048828
vt 0.85909820 0.99951172
vt 0.10963608 0.99951172
vt 0.99951172 0.00048828
vt 0.00048829 0.00048828
vt 0.00048829 0.99951172
vt 0.99951172 0.99951172
vt 0.08644236 0.00048828
vt 0.89036393 0.00048828
vt 0.85909820 0.99951172
vt 0.10963608 0.99951172
vt 0.08644236 0.00048828
vt 0.89036393 0.00048828
vt 0.85909820 0.99951172
vt 0.10963608 0.99951172
vt 0.99951172 0.00048828
vt 0.00048829 0.00048828
vt 0.00048829 0.99951172
vt 0.99951172 0.99951172
vt 0.99951172 0.00048828
vt 0.00048829 0.00048828
vt 0.00048829 0.99951172
vt 0.99951172 0.99951172
vt 0.08644236 0.00048828
vt 0.89036393 0.00048828
vt 0.85909820 0.99951172
vt 0.10963608 0.99951172
vt 0.99951172 0.00048828
vt 0.00048829 0.00048828
vt 0.00048829 0.99951172
vt 0.99951172 0.99951172
vt 0.08644236 0.00048828
vt 0.89036393 0.00048828
vt 0.85909820 0.99951172
vt 0.10963608 0.99951172
vt 0.08644236 0.00048828
vt 0.89036393 0.00048828
vt 0.85909820 0.99951172
vt 0.10963608 0.99951172
vt 0.99951172 0.00048828
vt 0.00048829 0.00048828
vt 0.00048829 0.99951172
vt 0.99951172 0.99951172
vt 0.08644236 0.00048828
vt 0.89036393 0.00048828
vt 0.85909820 0.99951172
vt 0.10963608 0.99951172
vt 0.08644236 0.00048828
vt 0.89036393 0.00048828
vt 0.85909820 0.99951172
vt 0.10963608 0.99951172
vt 0.99951172 0.00048828
vt 0.00048829 0.00048828
vt 0.00048829 0.99951172
vt 0.99951172 0.99951172
vt 0.08644236 0.00048828
vt 0.89036393 0.00048828
vt 0.85909820 0.99951172
vt 0.10963608 0.99951172
vt 0.99951172 0.00048828
vt 0.00048829 0.00048828
vt 0.00048829 0.99951172
vt 0.99951172 0.99951172
vt 0.08644236 0.00048828
vt 0.89036393 0.00048828
vt 0.85909820 0.99951172
vt 0.10963608 0.99951172
vt 0.99951172 0.00048828
vt 0.00048829 0.00048828
vt 0.00048829 0.99951172
vt 0.99951172 0.99951172
vt 0.08644236 0.00048828
vt 0.89036393 0.00048828
vt 0.85909820 0.99951172
vt 0.10963608 0.99951172
vt 0.08644236 0.00048828
vt 0.89036393 0.00048828
vt 0.85909820 0.99951172
vt 0.10963608 0.99951172
vt 0.99951172 0.00048828
vt 0.00048829 0.00048828
vt 0.00048829 0.99951172
vt 0.99951172 0.99951172
vt 0.08644236 0.00048828
vt 0.89036393 0.00048828
vt 0.85909820 0.99951172
vt 0.10963608 0.99951172
vt 0.08644236 0.00048828
vt 0.89036393 0.00048828
vt 0.85909820 0.99951172
vt 0.10963608 0.99951172
vt 0.99951172 0.00048828
vt 0.00048829 0.00048828
vt 0.00048829 0.99951172
vt 0.99951172 0.99951172
vt 0.08644236 0.00048828
vt 0.89036393 0.00048828
vt 0.85909820 0.99951172
vt 0.10963608 0.99951172
vt 0.99951172 0.00048828
vt 0.00048829 0.00048828
vt 0.00048829 0.99951172
vt 0.99951172 0.99951172
vt 0.08644236 0.00048828
vt 0.89036393 0.00048828
vt 0.85909820 0.99951172
vt 0.10963608 0.99951172
vt 0.99951172 0.00048828
vt 0.00048829 0.00048828
vt 0.00048829 0.99951172
vt 0.99951172 0.99951172
vt 0.08644236 0.00048828
vt 0.89036393 0.00048828
vt 0.85909820 0.99951172
vt 0.10963608 0.99951172
vt 0.08644236 0.00048828
vt 0.89036393 0.00048828
vt 0.85909820 0.99951172
vt 0.10963608 0.99951172
vt 0.99951172 0.00048828
vt 0.00048829 0.00048828
vt 0.00048829 0.99951172
vt 0.99951172 0.99951172
vt 0.08644236 0.00048828
vt 0.89036393 0.00048828
vt 0.85909820 0.99951172
vt 0.10963608 0.99951172
vt 0.08644236 0.00048828
vt 0.89036393 0.00048828
vt 0.85909820 0.99951172
vt 0.10963608 0.99951172
vt 0.99951172 0.00048828
vt 0.00048829 0.00048828
vt 0.00048829 0.99951172
vt 0.99951172 0.99951172
vt 0.08644236 0.00048828
vt 0.89036393 0.00048828
vt 0.85909820 0.99951172
vt 0.10963608 0.99951172
vt 0.99951172 0.00048828
vt 0.00048829 0.00048828
vt 0.00048829 0.99951172
vt 0.99951172 0.99951172
vt 0.08644236 0.00048828
vt 0.89036393 0.00048828
vt 0.85909820 0.99951172
vt 0.10963608 0.99951172
vt 0.08644236 0.00048828
vt 0.89036393 0.00048828
vt 0.85909820 0.99951172
vt 0.10963608 0.99951172
vt 0.99951172 0.00048828
vt 0.00048829 0.00048828
vt 0.00048829 0.99951172
vt 0.99951172 0.99951172
vt 0.08644236 0.00048828
vt 0.89036393 0.00048828
vt 0.85909820 0.99951172
vt 0.10963608 0.99951172
vt 0.08644236 0.00048828
vt 0.89036393 0.00048828
vt 0.85909820 0.99951172
vt 0.10963608 0.99951172
vt 0.99951172 0.00048828
vt 0.00048829 0.00048828
vt 0.00048829 0.99951172
vt 0.99951172 0.99951172
vt 0.08644236 0.00048828
vt 0.89036393 0.00048828
vt 0.85909820 0.99951172
vt 0.10963608 0.99951172
vt 0.08644236 0.00048828
vt 0.89036393 0.00048828
vt 0.85909820 0.99951172
vt 0.10963608 0.99951172
vt 0.99951172 0.00048828
vt 0.00048829 0.00048828
vt 0.00048829 0.99951172
vt 0.99951172 0.99951172
vt 0.08644236 0.00048828
vt 0.89036393 0.00048828
vt 0.85909820 0.99951172
vt 0.10963608 0.99951172
vt 0.99951172 0.00048828
vt 0.00048829 0.00048828
vt 0.00048829 0.99951172
vt 0.99951172 0.99951172
vt 0.08644236 0.00048828
vt 0.89036393 0.00048828
vt 0.85909820 0.99951172
vt 0.10963608 0.99951172
vt 0.08644236 0.00048828
vt 0.89036393 0.00048828
vt 0.85909820 0.99951172
vt 0.10963608 0.99951172
vt 0.99951172 0.00048828
vt 0.00048829 0.00048828
vt 0.00048829 0.99951172
vt 0.99951172 0.99951172
vt 0.99951172 0.00048828
vt 0.00048829 0.00048828
vt 0.00048829 0.99951172
vt 0.99951172 0.99951172
vt 0.08644236 0.00048828
vt 0.89036393 0.00048828
vt 0.85909820 0.99951172
vt 0.10963608 0.99951172
vt 0.08644236 0.00048828
vt 0.89036393 0.00048828
vt 0.85909820 0.99951172
vt 0.10963608 0.99951172
vt 0.99951172 0.00048828
vt 0.00048829 0.00048828
vt 0.00048829 0.99951172
vt 0.99951172 0.99951172
vt 0.08644236 0.00048828
vt 0.89036393 0.00048828
vt 0.85909820 0.99951172
vt 0.10963608 0.99951172
vt 0.08644236 0.00048828
vt 0.89036393 0.00048828
vt 0.85909820 0.99951172
vt 0.10963608 0.99951172
vt 0.99951172 0.00048828
vt 0.00048829 0.00048828
vt 0.00048829 0.99951172
vt 0.99951172 0.99951172
vt 0.08644236 0.00048828
vt 0.89036393 0.00048828
vt 0.85909820 0.99951172
vt 0.10963608 0.99951172
vt 0.08644236 0.00048828
vt 0.89036393 0.00048828
vt 0.85909820 0.99951172
vt 0.10963608 0.99951172
vt 0.99951172 0.00048828
vt 0.00048829 0.00048828
vt 0.00048829 0.99951172
vt 0.99951172 0.99951172
vt 0.08644236 0.00048828
vt 0.89036393 0.00048828
vt 0.85909820 0.99951172
vt 0.10963608 0.99951172
vt 0.08644236 0.00048828
vt 0.89036393 0.00048828
vt 0.85909820 0.99951172
vt 0.10963608 0.99951172
vt 0.99951172 0.00048828
vt 0.00048829 0.00048828
vt 0.00048829 0.99951172
vt 0.99951172 0.99951172
vt 0.08644236 0.00048828
vt 0.89036393 0.00048828
vt 0.85909820 0.99951172
vt 0.10963608 0.99951172
vt 0.99951172 0.00048828
vt 0.00048829 0.00048828
vt 0.00048829 0.99951172
vt 0.99951172 0.99951172
vt 0.08644236 0.00048828
vt 0.89036393 0.00048828
vt 0.85909820 0.99951172
vt 0.10963608 0.99951172
vt 0.99951172 0.00048828
vt 0.00048829 0.00048828
vt 0.00048829 0.99951172
vt 0.99951172 0.99951172
vt 0.08644236 0.00048828
vt 0.89036393 0.00048828
vt 0.85909820 0.99951172
vt 0.10963608 0.99951172
vt 0.08644236 0.00048828
vt 0.89036393 0.00048828
vt 0.85909820 0.99951172
vt 0.10963608 0.99951172
vt 0.99951172 0.00048828
vt 0.00048829 0.00048828
vt 0.00048829 0.99951172
vt 0.99951172 0.99951172
vt 0.08644236 0.00048828
vt 0.89036393 0.00048828
vt 0.85909820 0.99951172
vt 0.10963608 0.99951172
vt 0.99951172 0.00048828
vt 0.00048829 0.00048828
vt 0.00048829 0.99951172
vt 0.99951172 0.99951172
vt 0.08644236 0.00048828
vt 0.89036393 0.00048828
vt 0.85909820 0.99951172
vt 0.10963608 0.99951172
vt 0.08644236 0.00048828
vt 0.89036393 0.00048828
vt 0.85909820 0.99951172
vt 0.10963608 0.99951172
vt 0.99951172 0.00048828
vt 0.00048829 0.00048828
vt 0.00048829 0.99951172
vt 0.99951172 0.99951172
vt 0.08644236 0.00048828
vt 0.89036393 0.00048828
vt 0.85909820 0.99951172
vt 0.10963608 0.99951172
vt 0.08644236 0.00048828
vt 0.89036393 0.00048828
vt 0.85909820 0.99951172
vt 0.10963608 0.99951172
vt 0.99951172 0.00048828
vt 0.00048829 0.00048828
vt 0.00048829 0.99951172
vt 0.99951172 0.99951172
vt 0.08644236 0.00048828
vt 0.89036393 0.00048828
vt 0.85909820 0.99951172
vt 0.10963608 0.99951172
vt 0.08644236 0.00048828
vt 0.89036393 0.00048828
vt 0.85909820 0.99951172
vt 0.10963608 0.99951172
vt 0.99951172 0.00048828
vt 0.00048829 0.00048828
vt 0.00048829 0.99951172
vt 0.99951172 0.99951172
vt 0.08644236 0.00048828
vt 0.89036393 0.00048828
vt 0.85909820 0.99951172
vt 0.10963608 0.99951172
vt 0.99951172 0.00048828
vt 0.00048829 0.00048828
vt 0.00048829 0.99951172
vt 0.99951172 0.99951172
vt 0.99951172 0.00048828
vt 0.00048829 0.00048828
vt 0.00048829 0.99951172
vt 0.99951172 0.99951172
vt 0.99951172 0.00048828
vt 0.00048829 0.00048828
vt 0.00048829 0.99951172
vt 0.99951172 0.99951172
vt 0.99951172 0.00048828
vt 0.00048829 0.00048828
vt 0.00048829 0.99951172
vt 0.99951172 0.99951172
vt 0.99951172 0.00048828
vt 0.00048829 0.00048828
vt 0.00048829 0.99951172
vt 0.99951172 0.99951172
vt 0.99951172 0.00048828
vt 0.00048829 0.00048828
vt 0.00048829 0.99951172
vt 0.99951172 0.99951172
vt 0.08644236 0.00048828
vt 0.89036393 0.00048828
vt 0.85909820 0.99951172
vt 0.10963608 0.99951172
vt 0.99951172 0.00048828
vt 0.00048829 0.00048828
vt 0.00048829 0.99951172
vt 0.99951172 0.99951172
vt 0.08644236 0.00048828
vt 0.89036393 0.00048828
vt 0.85909820 0.99951172
vt 0.10963608 0.99951172
vt 0.99951172 0.00048828
vt 0.00048829 0.00048828
vt 0.00048829 0.99951172
vt 0.99951172 0.99951172
vt 0.99951172 0.00048828
vt 0.00048829 0.00048828
vt 0.00048829 0.99951172
vt 0.99951172 0.99951172
vt 0.99951172 0.00048828
vt 0.00048829 0.00048828
vt 0.00048829 0.99951172
vt 0.99951172 0.99951172
vt 0.08644236 0.00048828
vt 0.89036393 0.00048828
vt 0.85909820 0.99951172
vt 0.10963608 0.99951172
vt 0.99951172 0.00048828
vt 0.00048829 0.00048828
vt 0.00048829 0.99951172
vt 0.99951172 0.99951172
vt 0.08644236 0.00048828
vt 0.89036393 0.00048828
vt 0.85909820 0.99951172
vt 0.10963608 0.99951172
vt 0.99951172 0.00048828
vt 0.00048829 0.00048828
vt 0.00048829 0.99951172
vt 0.99951172 0.99951172
vt 0.08644236 0.00048828
vt 0.89036393 0.00048828
vt 0.85909820 0.99951172
vt 0.10963608 0.99951172
vt 0.99951172 0.00048828
vt 0.00048829 0.00048828
vt 0.00048829 0.99951172
vt 0.99951172 0.99951172
vt 0.08644236 0.00048828
vt 0.89036393 0.00048828
vt 0.85909820 0.99951172
vt 0.10963608 0.99951172
vt 0.99951172 0.00048828
vt 0.00048829 0.00048828
vt 0.00048829 0.99951172
vt 0.99951172 0.99951172
vt 0.99951172 0.00048828
vt 0.00048829 0.00048828
vt 0.00048829 0.99951172
vt 0.99951172 0.99951172
vt 0.99951172 0.00048828
vt 0.00048829 0.00048828
vt 0.00048829 0.99951172
vt 0.99951172 0.99951172
vt 0.08644236 0.00048828
vt 0.89036393 0.00048828
vt 0.85909820 0.99951172
vt 0.10963608 0.99951172
vt 0.99951172 0.00048828
vt 0.00048829 0.00048828
vt 0.00048829 0.99951172
vt 0.99951172 0.99951172
vt 0.99951172 0.00048828
vt 0.00048829 0.00048828
vt 0.00048829 0.99951172
vt 0.99951172 0.99951172
vt 0.99951172 0.00048828
vt 0.00048829 0.00048828
vt 0.00048829 0.99951172
vt 0.99951172 0.99951172
vt 0.99951172 0.00048828
vt 0.00048829 0.00048828
vt 0.00048829 0.99951172
vt 0.99951172 0.99951172
vt 0.08644236 0.00048828
vt 0.89036393 0.00048828
vt 0.85909820 0.99951172
vt 0.10963608 0.99951172
vt 0.99951172 0.00048828
vt 0.00048829 0.00048828
vt 0.00048829 0.99951172
vt 0.99951172 0.99951172
vt 0.08644236 0.00048828
vt 0.89036393 0.00048828
vt 0.85909820 0.99951172
vt 0.10963608 0.99951172
vt 0.99951172 0.00048828
vt 0.00048829 0.00048828
vt 0.00048829 0.99951172
vt 0.99951172 0.99951172
vt 0.08644236 0.00048828
vt 0.89036393 0.00048828
vt 0.85909820 0.99951172
vt 0.10963608 0.99951172
vt 0.99951172 0.00048828
vt 0.00048829 0.00048828
vt 0.00048829 0.99951172
vt 0.99951172 0.99951172
vt 0.99951172 0.00048828
vt 0.00048829 0.00048828
vt 0.00048829 0.99951172
vt 0.99951172 0.99951172
vt 0.08644236 0.00048828
vt 0.89036393 0.00048828
vt 0.85909820 0.99951172
vt 0.10963608 0.99951172
vt 0.99951172 0.00048828
vt 0.00048829 0.00048828
vt 0.00048829 0.99951172
vt 0.99951172 0.99951172
vt 0.99951172 0.00048828
vt 0.00048829 0.00048828
vt 0.00048829 0.99951172
vt 0.99951172 0.99951172
vt 0.99951172 0.00048828
vt 0.00048829 0.00048828
vt 0.00048829 0.99951172
vt 0.99951172 0.99951172
vt 0.99951172 0.00048828
vt 0.00048829 0.00048828
vt 0.00048829 0.99951172
vt 0.99951172 0.99951172
vt 0.99951172 0.00048828
vt 0.00048829 0.00048828
vt 0.00048829 0.99951172
vt 0.99951172 0.99951172
vt 0.08644236 0.00048828
vt 0.89036393 0.00048828
vt 0.85909820 0.99951172
vt 0.10963608 0.99951172
vt 0.99951172 0.00048828
vt 0.00048829 0.00048828
vt 0.00048829 0.99951172
vt 0.99951172 0.99951172
vt 0.99951172 0.00048828
vt 0.00048829 0.00048828
vt 0.00048829 0.99951172
vt 0.99951172 0.99951172
vt 0.99951172 0.00048828
vt 0.00048829 0.00048828
vt 0.00048829 0.99951172
vt 0.99951172 0.99951172
f 5619/5619 5620/5620 5621/5621
f 5619/5619 5621/5621 5622/5622
f 5623/5623 5624/5624 5625/5625
f 5623/5623 5625/5625 5626/5626
f 5627/5627 5628/5628 5629/5629
f 5627/5627 5629/5629 5630/5630
f 5631/5631 5632/5632 5633/5633
f 5631/5631 5633/5633 5634/5634
f 5635/5635 5636/5636 5637/5637
f 5635/5635 5637/5637 5638/5638
f 5639/5639 5640/5640 5641/5641
f 5639/5639 5641/5641 5642/5642
f 5643/5643 5644/5644 5645/5645
f 5643/5643 5645/5645 5646/5646
f 5647/5647 5648/5648 5649/5649
f 5647/5647 5649/5649 5650/5650
f 5651/5651 5652/5652 5653/5653
f 5651/5651 5653/5653 5654/5654
f 5655/5655 5656/5656 5657/5657
f 5655/5655 5657/5657 5658/5658
f 5659/5659 5660/5660 5661/5661
f 5659/5659 5661/5661 5662/5662
f 5663/5663 5664/5664 5665/5665
f 5663/5663 5665/5665 5666/5666
f 5667/5667 5668/5668 5669/5669
f 5667/5667 5669/5669 5670/5670
f 5671/5671 5672/5672 5673/5673
f 5671/5671 5673/5673 5674/5674
f 5675/5675 5676/5676 5677/5677
f 5675/5675 5677/5677 5678/5678
f 5679/5679 5680/5680 5681/5681
f 5679/5679 5681/5681 5682/5682
f 5683/5683 5684/5684 5685/5685
f 5683/5683 5685/5685 5686/5686
f 5687/5687 5688/5688 5689/5689
f 5687/5687 5689/5689 5690/5690
f 5691/5691 5692/5692 5693/5693
f 5691/5691 5693/5693 5694/5694
f 5695/5695 5696/5696 5697/5697
f 5695/5695 5697/5697 5698/5698
f 5699/5699 5700/5700 5701/5701
f 5699/5699 5701/5701 5702/5702
f 5703/5703 5704/5704 5705/5705
f 5703/5703 5705/5705 5706/5706
f 5707/5707 5708/5708 5709/5709
f 5707/5707 5709/5709 5710/5710
f 5711/5711 5712/5712 5713/5713
f 5711/5711 5713/5713 5714/5714
f 5715/5715 5716/5716 5717/5717
f 5715/5715 5717/5717 5718/5718
f 5719/5719 5720/5720 5721/5721
f 5719/5719 5721/5721 5722/5722
f 5723/5723 5724/5724 5725/5725
f 5723/5723 5725/5725 5726/5726
f 5727/5727 5728/5728 5729/5729
f 5727/5727 5729/5729 5730/5730
f 5731/5731 5732/5732 5733/5733
f 5731/5731 5733/5733 5734/5734
f 5735/5735 5736/5736 5737/5737
f 5735/5735 5737/5737 5738/5738
f 5739/5739 5740/5740 5741/5741
f 5739/5739 5741/5741 5742/5742
f 5743/5743 5744/5744 5745/5745
f 5743/5743 5745/5745 5746/5746
f 5747/5747 5748/5748 5749/5749
f 5747/5747 5749/5749 5750/5750
f 5751/5751 5752/5752 5753/5753
f 5751/5751 5753/5753 5754/5754
f 5755/5755 5756/5756 5757/5757
f 5755/5755 5757/5757 5758/5758
f 5759/5759 5760/5760 5761/5761
f 5759/5759 5761/5761 5762/5762
f 5763/5763 5764/5764 5765/5765
f 5763/5763 5765/5765 5766/5766
f 5767/5767 5768/5768 5769/5769
f 5767/5767 5769/5769 5770/5770
f 5771/5771 5772/5772 5773/5773
f 5771/5771 5773/5773 5774/5774
f 5775/5775 5776/5776 5777/5777
f 5775/5775 5777/5777 5778/5778
f 5779/5779 5780/5780 5781/5781
f 5779/5779 5781/5781 5782/5782
f 5783/5783 5784/5784 5785/5785
f 5783/5783 5785/5785 5786/5786
f 5787/5787 5788/5788 5789/5789
f 5787/5787 5789/5789 5790/5790
f 5791/5791 5792/5792 5793/5793
f 5791/5791 5793/5793 5794/5794
f 5795/5795 5796/5796 5797/5797
f 5795/5795 5797/5797 5798/5798
f 5799/5799 5800/5800 5801/5801
f 5799/5799 5801/5801 5802/5802
f 5803/5803 5804/5804 5805/5805
f 5803/5803 5805/5805 5806/5806
f 5807/5807 5808/5808 5809/5809
f 5807/5807 5809/5809 5810/5810
f 5811/5811 5812/5812 5813/5813
f 5811/5811 5813/5813 5814/5814
f 5815/5815 5816/5816 5817/5817
f 5815/5815 5817/5817 5818/5818
f 5819/5819 5820/5820 5821/5821
f 5819/5819 5821/5821 5822/5822
f 5823/5823 5824/5824 5825/5825
f 5823/5823 5825/5825 5826/5826
f 5827/5827 5828/5828 5829/5829
f 5827/5827 5829/5829 5830/5830
f 5831/5831 5832/5832 5833/5833
f 5831/5831 5833/5833 5834/5834
f 5835/5835 5836/5836 5837/5837
f 5835/5835 5837/5837 5838/5838
f 5839/5839 5840/5840 5841/5841
f 5839/5839 5841/5841 5842/5842
f 5843/5843 5844/5844 5845/5845
f 5843/5843 5845/5845 5846/5846
f 5847/5847 5848/5848 5849/5849
f 5847/5847 5849/5849 5850/5850
f 5851/5851 5852/5852 5853/5853
f 5851/5851 5853/5853 5854/5854
f 5855/5855 5856/5856 5857/5857
f 5855/5855 5857/5857 5858/5858
f 5859/5859 5860/5860 5861/5861
f 5859/5859 5861/5861 5862/5862
f 5863/5863 5864/5864 5865/5865
f 5863/5863 5865/5865 5866/5866
f 5867/5867 5868/5868 5869/5869
f 5867/5867 5869/5869 5870/5870
f 5871/5871 5872/5872 5873/5873
f 5871/5871 5873/5873 5874/5874
f 5875/5875 5876/5876 5877/5877
f 5875/5875 5877/5877 5878/5878
f 5879/5879 5880/5880 5881/5881
f 5879/5879 5881/5881 5882/5882
f 5883/5883 5884/5884 5885/5885
f 5883/5883 5885/5885 5886/5886
f 5887/5887 5888/5888 5889/5889
f 5887/5887 5889/5889 5890/5890
f 5891/5891 5892/5892 5893/5893
f 5891/5891 5893/5893 5894/5894
f 5895/5895 5896/5896 5897/5897
f 5895/5895 5897/5897 5898/5898
f 5899/5899 5900/5900 5901/5901
f 5899/5899 5901/5901 5902/5902
f 5903/5903 5904/5904 5905/5905
f 5903/5903 5905/5905 5906/5906
f 5907/5907 5908/5908 5909/5909
f 5907/5907 5909/5909 5910/5910
f 5911/5911 5912/5912 5913/5913
f 5911/5911 5913/5913 5914/5914
f 5915/5915 5916/5916 5917/5917
f 5915/5915 5917/5917 5918/5918
f 5919/5919 5920/5920 5921/5921
f 5919/5919 5921/5921 5922/5922
f 5923/5923 5924/5924 5925/5925
f 5923/5923 5925/5925 5926/5926
f 5927/5927 5928/5928 5929/5929
f 5927/5927 5929/5929 5930/5930
f 5931/5931 5932/5932 5933/5933
f 5931/5931 5933/5933 5934/5934
f 5935/5935 5936/5936 5937/5937
f 5935/5935 5937/5937 5938/5938
f 5939/5939 5940/5940 5941/5941
f 5939/5939 5941/5941 5942/5942
f 5943/5943 5944/5944 5945/5945
f 5943/5943 5945/5945 5946/5946
f 5947/5947 5948/5948 5949/5949
f 5947/5947 5949/5949 5950/5950
f 5951/5951 5952/5952 5953/5953
f 5951/5951 5953/5953 5954/5954
f 5955/5955 5956/5956 5957/5957
f 5955/5955 5957/5957 5958/5958
f 5959/5959 5960/5960 5961/5961
f 5959/5959 5961/5961 5962/5962
f 5963/5963 5964/5964 5965/5965
f 5963/5963 5965/5965 5966/5966
f 5967/5967 5968/5968 5969/5969
f 5967/5967 5969/5969 5970/5970
f 5971/5971 5972/5972 5973/5973
f 5971/5971 5973/5973 5974/5974
f 5975/5975 5976/5976 5977/5977
f 5975/5975 5977/5977 5978/5978
f 5979/5979 5980/5980 5981/5981
f 5979/5979 5981/5981 5982/5982
f 5983/5983 5984/5984 5985/5985
f 5983/5983 5985/5985 5986/5986
f 5987/5987 5988/5988 5989/5989
f 5987/5987 5989/5989 5990/5990
f 5991/5991 5992/5992 5993/5993
f 5991/5991 5993/5993 5994/5994
f 5995/5995 5996/5996 5997/5997
f 5995/5995 5997/5997 5998/5998
f 5999/5999 6000/6000 6001/6001
f 5999/5999 6001/6001 6002/6002
f 6003/6003 6004/6004 6005/6005
f 6003/6003 6005/6005 6006/6006
f 6007/6007 6008/6008 6009/6009
f 6007/6007 6009/6009 6010/6010
f 6011/6011 6012/6012 6013/6013
f 6011/6011 6013/6013 6014/6014
f 6015/6015 6016/6016 6017/6017
f 6015/6015 6017/6017 6018/6018
f 6019/6019 6020/6020 6021/6021
f 6019/6019 6021/6021 6022/6022
f 6023/6023 6024/6024 6025/6025
f 6023/6023 6025/6025 6026/6026
f 6027/6027 6028/6028 6029/6029
f 6027/6027 6029/6029 6030/6030
f 6031/6031 6032/6032 6033/6033
f 6031/6031 6033/6033 6034/6034
f 6035/6035 6036/6036 6037/6037
f 6035/6035 6037/6037 6038/6038
f 6039/6039 6040/6040 6041/6041
f 6039/6039 6041/6041 6042/6042
f 6043/6043 6044/6044 6045/6045
f 6043/6043 6045/6045 6046/6046
f 6047/6047 6048/6048 6049/6049
f 6047/6047 6049/6049 6050/6050
f 6051/6051 6052/6052 6053/6053
f 6051/6051 6053/6053 6054/6054
f 6055/6055 6056/6056 6057/6057
f 6055/6055 6057/6057 6058/6058
f 6059/6059 6060/6060 6061/6061
f 6059/6059 6061/6061 6062/6062
f 6063/6063 6064/6064 6065/6065
f 6063/6063 6065/6065 6066/6066
f 6067/6067 6068/6068 6069/6069
f 6067/6067 6069/6069 6070/6070
f 6071/6071 6072/6072 6073/6073
f 6071/6071 6073/6073 6074/6074
f 6075/6075 6076/6076 6077/6077
f 6075/6075 6077/6077 6078/6078
f 6079/6079 6080/6080 6081/6081
f 6079/6079 6081/6081 6082/6082
f 6083/6083 6084/6084 6085/6085
f 6083/6083 6085/6085 6086/6086
f 6087/6087 6088/6088 6089/6089
f 6087/6087 6089/6089 6090/6090
f 6091/6091 6092/6092 6093/6093
f 6091/6091 6093/6093 6094/6094
f 6095/6095 6096/6096 6097/6097
f 6095/6095 6097/6097 6098/6098
f 6099/6099 6100/6100 6101/6101
f 6099/6099 6101/6101 6102/6102
f 6103/6103 6104/6104 6105/6105
f 6103/6103 6105/6105 6106/6106
f 6107/6107 6108/6108 6109/6109
f 6107/6107 6109/6109 6110/6110
f 6111/6111 6112/6112 6113/6113
f 6111/6111 6113/6113 6114/6114
f 6115/6115 6116/6116 6117/6117
f 6115/6115 6117/6117 6118/6118
f 6119/6119 6120/6120 6121/6121
f 6119/6119 6121/6121 6122/6122
f 6123/6123 6124/6124 6125/6125
f 6123/6123 6125/6125 6126/6126
f 6127/6127 6128/6128 6129/6129
f 6127/6127 6129/6129 6130/6130
f 6131/6131 6132/6132 6133/6133
f 6131/6131 6133/6133 6134/6134
f 6135/6135 6136/6136 6137/6137
f 6135/6135 6137/6137 6138/6138
f 6139/6139 6140/6140 6141/6141
f 6139/6139 6141/6141 6142/6142
f 6143/6143 6144/6144 6145/6145
f 6143/6143 6145/6145 6146/6146
f 6147/6147 6148/6148 6149/6149
f 6147/6147 6149/6149 6150/6150
f 6151/6151 6152/6152 6153/6153
f 6151/6151 6153/6153 6154/6154
f 6155/6155 6156/6156 6157/6157
f 6155/6155 6157/6157 6158/6158
f 6159/6159 6160/6160 6161/6161
f 6159/6159 6161/6161 6162/6162
f 6163/6163 6164/6164 6165/6165
f 6163/6163 6165/6165 6166/6166
f 6167/6167 6168/6168 6169/6169
f 6167/6167 6169/6169 6170/6170
f 6171/6171 6172/6172 6173/6173
f 6171/6171 6173/6173 6174/6174
f 6175/6175 6176/6176 6177/6177
f 6175/6175 6177/6177 6178/6178
f 6179/6179 6180/6180 6181/6181
f 6179/6179 6181/6181 6182/6182
f 6183/6183 6184/6184 6185/6185
f 6183/6183 6185/6185 6186/6186
f 6187/6187 6188/6188 6189/6189
f 6187/6187 6189/6189 6190/6190
f 6191/6191 6192/6192 6193/6193
f 6191/6191 6193/6193 6194/6194
f 6195/6195 6196/6196 6197/6197
f 6195/6195 6197/6197 6198/6198
f 6199/6199 6200/6200 6201/6201
f 6199/6199 6201/6201 6202/6202
f 6203/6203 6204/6204 6205/6205
f 6203/6203 6205/6205 6206/6206
f 6207/6207 6208/6208 6209/6209
f 6207/6207 6209/6209 6210/6210
f 6211/6211 6212/6212 6213/6213
f 6211/6211 6213/6213 6214/6214
f 6215/6215 6216/6216 6217/6217
f 6215/6215 6217/6217 6218/6218
f 6219/6219 6220/6220 6221/6221
f 6219/6219 6221/6221 6222/6222
f 6223/6223 6224/6224 6225/6225
f 6223/6223 6225/6225 6226/6226
f 6227/6227 6228/6228 6229/6229
f 6227/6227 6229/6229 6230/6230
f 6231/6231 6232/6232 6233/6233
f 6231/6231 6233/6233 6234/6234
f 6235/6235 6236/6236 6237/6237
f 6235/6235 6237/6237 6238/6238
f 6239/6239 6240/6240 6241/6241
f 6239/6239 6241/6241 6242/6242
f 6243/6243 6244/6244 6245/6245
f 6243/6243 6245/6245 6246/6246
f 6247/6247 6248/6248 6249/6249
f 6247/6247 6249/6249 6250/6250
f 6251/6251 6252/6252 6253/6253
f 6251/6251 6253/6253 6254/6254
f 6255/6255 6256/6256 6257/6257
f 6255/6255 6257/6257 6258/6258
f 6259/6259 6260/6260 6261/6261
f 6259/6259 6261/6261 6262/6262
f 6263/6263 6264/6264 6265/6265
f 6263/6263 6265/6265 6266/6266
f 6267/6267 6268/6268 6269/6269
f 6267/6267 6269/6269 6270/6270
f 6271/6271 6272/6272 6273/6273
f 6271/6271 6273/6273 6274/6274
f 6275/6275 6276/6276 6277/6277
f 6275/6275 6277/6277 6278/6278
f 6279/6279 6280/6280 6281/6281
f 6279/6279 6281/6281 6282/6282
f 6283/6283 6284/6284 6285/6285
f 6283/6283 6285/6285 6286/6286
f 6287/6287 6288/6288 6289/6289
f 6287/6287 6289/6289 6290/6290
f 6291/6291 6292/6292 6293/6293
f 6291/6291 6293/6293 6294/6294
f 6295/6295 6296/6296 6297/6297
f 6295/6295 6297/6297 6298/6298
f 6299/6299 6300/6300 6301/6301
f 6299/6299 6301/6301 6302/6302
f 6303/6303 6304/6304 6305/6305
f 6303/6303 6305/6305 6306/6306
f 6307/6307 6308/6308 6309/6309
f 6307/6307 6309/6309 6310/6310
f 6311/6311 6312/6312 6313/6313
f 6311/6311 6313/6313 6314/6314
f 6315/6315 6316/6316 6317/6317
f 6315/6315 6317/6317 6318/6318
f 6319/6319 6320/6320 6321/6321
f 6319/6319 6321/6321 6322/6322
f 6323/6323 6324/6324 6325/6325
f 6323/6323 6325/6325 6326/6326
f 6327/6327 6328/6328 6329/6329
f 6327/6327 6329/6329 6330/6330
f 6331/6331 6332/6332 6333/6333
f 6331/6331 6333/6333 6334/6334
f 6335/6335 6336/6336 6337/6337
f 6335/6335 6337/6337 6338/6338
f 6339/6339 6340/6340 6341/6341
f 6339/6339 6341/6341 6342/6342
f 6343/6343 6344/6344 6345/6345
f 6343/6343 6345/6345 6346/6346
f 6347/6347 6348/6348 6349/6349
f 6347/6347 6349/6349 6350/6350
f 6351/6351 6352/6352 6353/6353
f 6351/6351 6353/6353 6354/6354
f 6355/6355 6356/6356 6357/6357
f 6355/6355 6357/6357 6358/6358
f 6359/6359 6360/6360 6361/6361
f 6359/6359 6361/6361 6362/6362
f 6363/6363 6364/6364 6365/6365
f 6363/6363 6365/6365 6366/6366
f 6367/6367 6368/6368 6369/6369
f 6367/6367 6369/6369 6370/6370
f 6371/6371 6372/6372 6373/6373
f 6371/6371 6373/6373 6374/6374
f 6375/6375 6376/6376 6377/6377
f 6375/6375 6377/6377 6378/6378
f 6379/6379 6380/6380 6381/6381
f 6379/6379 6381/6381 6382/6382
f 6383/6383 6384/6384 6385/6385
f 6383/6383 6385/6385 6386/6386
f 6387/6387 6388/6388 6389/6389
f 6387/6387 6389/6389 6390/6390
f 6391/6391 6392/6392 6393/6393
f 6391/6391 6393/6393 6394/6394
f 6395/6395 6396/6396 6397/6397
f 6395/6395 6397/6397 6398/6398
f 6399/6399 6400/6400 6401/6401
f 6399/6399 6401/6401 6402/6402
f 6403/6403 6404/6404 6405/6405
f 6403/6403 6405/6405 6406/6406
f 6407/6407 6408/6408 6409/6409
f 6407/6407 6409/6409 6410/6410
f 6411/6411 6412/6412 6413/6413
f 6411/6411 6413/6413 6414/6414
f 6415/6415 6416/6416 6417/6417
f 6415/6415 6417/6417 6418/6418
f 6419/6419 6420/6420 6421/6421
f 6419/6419 6421/6421 6422/6422
f 6423/6423 6424/6424 6425/6425
f 6423/6423 6425/6425 6426/6426
f 6427/6427 6428/6428 6429/6429
f 6427/6427 6429/6429 6430/6430
f 6431/6431 6432/6432 6433/6433
f 6431/6431 6433/6433 6434/6434
f 6435/6435 6436/6436 6437/6437
f 6435/6435 6437/6437 6438/6438
f 6439/6439 6440/6440 6441/6441
f 6439/6439 6441/6441 6442/6442
f 6443/6443 6444/6444 6445/6445
f 6443/6443 6445/6445 6446/6446
f 6447/6447 6448/6448 6449/6449
f 6447/6447 6449/6449 6450/6450
f 6451/6451 6452/6452 6453/6453
f 6451/6451 6453/6453 6454/6454
f 6455/6455 6456/6456 6457/6457
f 6455/6455 6457/6457 6458/6458
f 6459/6459 6460/6460 6461/6461
f 6459/6459 6461/6461 6462/6462
f 6463/6463 6464/6464 6465/6465
f 6463/6463 6465/6465 6466/6466
f 6467/6467 6468/6468 6469/6469
f 6467/6467 6469/6469 6470/6470
f 6471/6471 6472/6472 6473/6473
f 6471/6471 6473/6473 6474/6474
f 6475/6475 6476/6476 6477/6477
f 6475/6475 6477/6477 6478/6478
f 6479/6479 6480/6480 6481/6481
f 6479/6479 6481/6481 6482/6482
f 6483/6483 6484/6484 6485/6485
f 6483/6483 6485/6485 6486/6486
f 6487/6487 6488/6488 6489/6489
f 6487/6487 6489/6489 6490/6490
f 6491/6491 6492/6492 6493/6493
f 6491/6491 6493/6493 6494/6494
f 6495/6495 6496/6496 6497/6497
f 6495/6495 6497/6497 6498/6498
f 6499/6499 6500/6500 6501/6501
f 6499/6499 6501/6501 6502/6502
f 6503/6503 6504/6504 6505/6505
f 6503/6503 6505/6505 6506/6506
f 6507/6507 6508/6508 6509/6509
f 6507/6507 6509/6509 6510/6510
f 6511/6511 6512/6512 6513/6513
f 6511/6511 6513/6513 6514/6514
f 6515/6515 6516/6516 6517/6517
f 6515/6515 6517/6517 6518/6518
f 6519/6519 6520/6520 6521/6521
f 6519/6519 6521/6521 6522/6522
f 6523/6523 6524/6524 6525/6525
f 6523/6523 6525/6525 6526/6526
f 6527/6527 6528/6528 6529/6529
f 6527/6527 6529/6529 6530/6530
f 6531/6531 6532/6532 6533/6533
f 6531/6531 6533/6533 6534/6534
f 6535/6535 6536/6536 6537/6537
f 6535/6535 6537/6537 6538/6538
f 6539/6539 6540/6540 6541/6541
f 6539/6539 6541/6541 6542/6542
f 6543/6543 6544/6544 6545/6545
f 6543/6543 6545/6545 6546/6546
f 6547/6547 6548/6548 6549/6549
f 6547/6547 6549/6549 6550/6550
f 6551/6551 6552/6552 6553/6553
f 6551/6551 6553/6553 6554/6554
f 6555/6555 6556/6556 6557/6557
f 6555/6555 6557/6557 6558/6558
f 6559/6559 6560/6560 6561/6561
f 6559/6559 6561/6561 6562/6562
f 6563/6563 6564/6564 6565/6565
f 6563/6563 6565/6565 6566/6566
f 6567/6567 6568/6568 6569/6569
f 6567/6567 6569/6569 6570/6570
f 6571/6571 6572/6572 6573/6573
f 6571/6571 6573/6573 6574/6574
f 6575/6575 6576/6576 6577/6577
f 6575/6575 6577/6577 6578/6578
f 6579/6579 6580/6580 6581/6581
f 6579/6579 6581/6581 6582/6582
f 6583/6583 6584/6584 6585/6585
f 6583/6583 6585/6585 6586/6586
f 6587/6587 6588/6588 6589/6589
f 6587/6587 6589/6589 6590/6590
f 6591/6591 6592/6592 6593/6593
f 6591/6591 6593/6593 6594/6594
f 6595/6595 6596/6596 6597/6597
f 6595/6595 6597/6597 6598/6598
f 6599/6599 6600/6600 6601/6601
f 6599/6599 6601/6601 6602/6602
f 6603/6603 6604/6604 6605/6605
f 6603/6603 6605/6605 6606/6606
f 6607/6607 6608/6608 6609/6609
f 6607/6607 6609/6609 6610/6610
f 6611/6611 6612/6612 6613/6613
f 6611/6611 6613/6613 6614/6614
f 6615/6615 6616/6616 6617/6617
f 6615/6615 6617/6617 6618/6618
f 6619/6619 6620/6620 6621/6621
f 6619/6619 6621/6621 6622/6622
f 6623/6623 6624/6624 6625/6625
f 6623/6623 6625/6625 6626/6626
f 6627/6627 6628/6628 6629/6629
f 6627/6627 6629/6629 6630/6630
f 6631/6631 6632/6632 6633/6633
f 6631/6631 6633/6633 6634/6634
f 6635/6635 6636/6636 6637/6637
f 6635/6635 6637/6637 6638/6638
f 6639/6639 6640/6640 6641/6641
f 6639/6639 6641/6641 6642/6642
f 6643/6643 6644/6644 6645/6645
f 6643/6643 6645/6645 6646/6646
f 6647/6647 6648/6648 6649/6649
f 6647/6647 6649/6649 6650/6650
f 6651/6651 6652/6652 6653/6653
f 6651/6651 6653/6653 6654/6654
f 6655/6655 6656/6656 6657/6657
f 6655/6655 6657/6657 6658/6658
f 6659/6659 6660/6660 6661/6661
f 6659/6659 6661/6661 6662/6662
f 6663/6663 6664/6664 6665/6665
f 6663/6663 6665/6665 6666/6666
f 6667/6667 6668/6668 6669/6669
f 6667/6667 6669/6669 6670/6670
f 6671/6671 6672/6672 6673/6673
f 6671/6671 6673/6673 6674/6674
f 6675/6675 6676/6676 6677/6677
f 6675/6675 6677/6677 6678/6678
f 6679/6679 6680/6680 6681/6681
f 6679/6679 6681/6681 6682/6682
f 6683/6683 6684/6684 6685/6685
f 6683/6683 6685/6685 6686/6686
f 6687/6687 6688/6688 6689/6689
f 6687/6687 6689/6689 6690/6690
f 6691/6691 6692/6692 6693/6693
f 6691/6691 6693/6693 6694/6694
f 6695/6695 6696/6696 6697/6697
f 6695/6695 6697/6697 6698/6698
f 6699/6699 6700/6700 6701/6701
f 6699/6699 6701/6701 6702/6702
f 6703/6703 6704/6704 6705/6705
f 6703/6703 6705/6705 6706/6706
f 6707/6707 6708/6708 6709/6709
f 6707/6707 6709/6709 6710/6710
f 6711/6711 6712/6712 6713/6713
f 6711/6711 6713/6713 6714/6714
f 6715/6715 6716/6716 6717/6717
f 6715/6715 6717/6717 6718/6718
f 6719/6719 6720/6720 6721/6721
f 6719/6719 6721/6721 6722/6722
f 6723/6723 6724/6724 6725/6725
f 6723/6723 6725/6725 6726/6726
f 6727/6727 6728/6728 6729/6729
f 6727/6727 6729/6729 6730/6730
f 6731/6731 6732/6732 6733/6733
f 6731/6731 6733/6733 6734/6734
f 6735/6735 6736/6736 6737/6737
f 6735/6735 6737/6737 6738/6738
f 6739/6739 6740/6740 6741/6741
f 6739/6739 6741/6741 6742/6742
f 6743/6743 6744/6744 6745/6745
f 6743/6743 6745/6745 6746/6746
f 6747/6747 6748/6748 6749/6749
f 6747/6747 6749/6749 6750/6750
f 6751/6751 6752/6752 6753/6753
f 6751/6751 6753/6753 6754/6754
f 6755/6755 6756/6756 6757/6757
f 6755/6755 6757/6757 6758/6758
f 6759/6759 6760/6760 6761/6761
f 6759/6759 6761/6761 6762/6762
f 6763/6763 6764/6764 6765/6765
f 6763/6763 6765/6765 6766/6766
f 6767/6767 6768/6768 6769/6769
f 6767/6767 6769/6769 6770/6770
f 6771/6771 6772/6772 6773/6773
f 6771/6771 6773/6773 6774/6774
f 6775/6775 6776/6776 6777/6777
f 6775/6775 6777/6777 6778/6778
f 6779/6779 6780/6780 6781/6781
f 6779/6779 6781/6781 6782/6782
f 6783/6783 6784/6784 6785/6785
f 6783/6783 6785/6785 6786/6786
f 6787/6787 6788/6788 6789/6789
f 6787/6787 6789/6789 6790/6790
f 6791/6791 6792/6792 6793/6793
f 6791/6791 6793/6793 6794/6794
f 6795/6795 6796/6796 6797/6797
f 6795/6795 6797/6797 6798/6798
f 6799/6799 6800/6800 6801/6801
f 6799/6799 6801/6801 6802/6802
f 6803/6803 6804/6804 6805/6805
f 6803/6803 6805/6805 6806/6806
f 6807/6807 6808/6808 6809/6809
f 6807/6807 6809/6809 6810/6810
f 6811/6811 6812/6812 6813/6813
f 6811/6811 6813/6813 6814/6814
f 6815/6815 6816/6816 6817/6817
f 6815/6815 6817/6817 6818/6818
f 6819/6819 6820/6820 6821/6821
f 6819/6819 6821/6821 6822/6822
f 6823/6823 6824/6824 6825/6825
f 6823/6823 6825/6825 6826/6826
f 6827/6827 6828/6828 6829/6829
f 6827/6827 6829/6829 6830/6830
f 6831/6831 6832/6832 6833/6833
f 6831/6831 6833/6833 6834/6834
f 6835/6835 6836/6836 6837/6837
f 6835/6835 6837/6837 6838/6838
f 6839/6839 6840/6840 6841/6841
f 6839/6839 6841/6841 6842/6842
f 6843/6843 6844/6844 6845/6845
f 6843/6843 6845/6845 6846/6846
f 6847/6847 6848/6848 6849/6849
f 6847/6847 6849/6849 6850/6850
f 6851/6851 6852/6852 6853/6853
f 6851/6851 6853/6853 6854/6854
f 6855/6855 6856/6856 6857/6857
f 6855/6855 6857/6857 6858/6858
f 6859/6859 6860/6860 6861/6861
f 6859/6859 6861/6861 6862/6862
f 6863/6863 6864/6864 6865/6865
f 6863/6863 6865/6865 6866/6866
f 6867/6867 6868/6868 6869/6869
f 6867/6867 6869/6869 6870/6870
f 6871/6871 6872/6872 6873/6873
f 6871/6871 6873/6873 6874/6874
f 6875/6875 6876/6876 6877/6877
f 6875/6875 6877/6877 6878/6878
f 6879/6879 6880/6880 6881/6881
f 6879/6879 6881/6881 6882/6882
f 6883/6883 6884/6884 6885/6885
f 6883/6883 6885/6885 6886/6886
f 6887/6887 6888/6888 6889/6889
f 6887/6887 6889/6889 6890/6890
f 6891/6891 6892/6892 6893/6893
f 6891/6891 6893/6893 6894/6894
f 6895/6895 6896/6896 6897/6897
f 6895/6895 6897/6897 6898/6898
f 6899/6899 6900/6900 6901/6901
f 6899/6899 6901/6901 6902/6902
f 6903/6903 6904/6904 6905/6905
f 6903/6903 6905/6905 6906/6906
f 6907/6907 6908/6908 6909/6909
f 6907/6907 6909/6909 6910/6910
f 6911/6911 6912/6912 6913/6913
f 6911/6911 6913/6913 6914/6914
f 6915/6915 6916/6916 6917/6917
f 6915/6915 6917/6917 6918/6918
f 6919/6919 6920/6920 6921/6921
f 6919/6919 6921/6921 6922/6922
f 6923/6923 6924/6924 6925/6925
f 6923/6923 6925/6925 6926/6926
f 6927/6927 6928/6928 6929/6929
f 6927/6927 6929/6929 6930/6930
f 6931/6931 6932/6932 6933/6933
f 6931/6931 6933/6933 6934/6934
f 6935/6935 6936/6936 6937/6937
f 6935/6935 6937/6937 6938/6938
f 6939/6939 6940/6940 6941/6941
f 6939/6939 6941/6941 6942/6942
f 6943/6943 6944/6944 6945/6945
f 6943/6943 6945/6945 6946/6946
f 6947/6947 6948/6948 6949/6949
f 6947/6947 6949/6949 6950/6950
f 6951/6951 6952/6952 6953/6953
f 6951/6951 6953/6953 6954/6954
f 6955/6955 6956/6956 6957/6957
f 6955/6955 6957/6957 6958/6958
f 6959/6959 6960/6960 6961/6961
f 6959/6959 6961/6961 6962/6962
f 6963/6963 6964/6964 6965/6965
f 6963/6963 6965/6965 6966/6966
f 6967/6967 6968/6968 6969/6969
f 6967/6967 6969/6969 6970/6970
f 6971/6971 6972/6972 6973/6973
f 6971/6971 6973/6973 6974/6974
f 6975/6975 6976/6976 6977/6977
f 6975/6975 6977/6977 6978/6978
f 6979/6979 6980/6980 6981/6981
f 6979/6979 6981/6981 6982/6982
f 6983/6983 6984/6984 6985/6985
f 6983/6983 6985/6985 6986/6986
f 6987/6987 6988/6988 6989/6989
f 6987/6987 6989/6989 6990/6990
f 6991/6991 6992/6992 6993/6993
f 6991/6991 6993/6993 6994/6994
f 6995/6995 6996/6996 6997/6997
f 6995/6995 6997/6997 6998/6998
f 6999/6999 7000/7000 7001/7001
f 6999/6999 7001/7001 7002/7002
f 7003/7003 7004/7004 7005/7005
f 7003/7003 7005/7005 7006/7006
f 7007/7007 7008/7008 7009/7009
f 7007/7007 7009/7009 7010/7010
f 7011/7011 7012/7012 7013/7013
f 7011/7011 7013/7013 7014/7014
f 7015/7015 7016/7016 7017/7017
f 7015/7015 7017/7017 7018/7018
f 7019/7019 7020/7020 7021/7021
f 7019/7019 7021/7021 7022/7022
f 7023/7023 7024/7024 7025/7025
f 7023/7023 7025/7025 7026/7026
f 7027/7027 7028/7028 7029/7029
f 7027/7027 7029/7029 7030/7030
f 7031/7031 7032/7032 7033/7033
f 7031/7031 7033/7033 7034/7034
f 7035/7035 7036/7036 7037/7037
f 7035/7035 7037/7037 7038/7038
f 7039/7039 7040/7040 7041/7041
f 7039/7039 7041/7041 7042/7042
f 7043/7043 7044/7044 7045/7045
f 7043/7043 7045/7045 7046/7046
f 7047/7047 7048/7048 7049/7049
f 7047/7047 7049/7049 7050/7050
f 7051/7051 7052/7052 7053/7053
f 7051/7051 7053/7053 7054/7054
f 7055/7055 7056/7056 7057/7057
f 7055/7055 7057/7057 7058/7058
f 7059/7059 7060/7060 7061/7061
f 7059/7059 7061/7061 7062/7062
f 7063/7063 7064/7064 7065/7065
f 7063/7063 7065/7065 7066/7066
f 7067/7067 7068/7068 7069/7069
f 7067/7067 7069/7069 7070/7070
f 7071/7071 7072/7072 7073/7073
f 7071/7071 7073/7073 7074/7074
f 7075/7075 7076/7076 7077/7077
f 7075/7075 7077/7077 7078/7078
f 7079/7079 7080/7080 7081/7081
f 7079/7079 7081/7081 7082/7082
f 7083/7083 7084/7084 7085/7085
f 7083/7083 7085/7085 7086/7086
f 7087/7087 7088/7088 7089/7089
f 7087/7087 7089/7089 7090/7090
f 7091/7091 7092/7092 7093/7093
f 7091/7091 7093/7093 7094/7094
f 7095/7095 7096/7096 7097/7097
f 7095/7095 7097/7097 7098/7098
f 7099/7099 7100/7100 7101/7101
f 7099/7099 7101/7101 7102/7102
f 7103/7103 7104/7104 7105/7105
f 7103/7103 7105/7105 7106/7106
f 7107/7107 7108/7108 7109/7109
f 7107/7107 7109/7109 7110/7110
f 7111/7111 7112/7112 7113/7113
f 7111/7111 7113/7113 7114/7114
f 7115/7115 7116/7116 7117/7117
f 7115/7115 7117/7117 7118/7118
f 7119/7119 7120/7120 7121/7121
f 7119/7119 7121/7121 7122/7122
f 7123/7123 7124/7124 7125/7125
f 7123/7123 7125/7125 7126/7126
f 7127/7127 7128/7128 7129/7129
f 7127/7127 7129/7129 7130/7130
f 7131/7131 7132/7132 7133/7133
f 7131/7131 7133/7133 7134/7134
f 7135/7135 7136/7136 7137/7137
f 7135/7135 7137/7137 7138/7138
f 7139/7139 7140/7140 7141/7141
f 7139/7139 7141/7141 7142/7142
f 7143/7143 7144/7144 7145/7145
f 7143/7143 7145/7145 7146/7146
f 7147/7147 7148/7148 7149/7149
f 7147/7147 7149/7149 7150/7150
f 7151/7151 7152/7152 7153/7153
f 7151/7151 7153/7153 7154/7154
f 7155/7155 7156/7156 7157/7157
f 7155/7155 7157/7157 7158/7158
f 7159/7159 7160/7160 7161/7161
f 7159/7159 7161/7161 7162/7162
f 7163/7163 7164/7164 7165/7165
f 7163/7163 7165/7165 7166/7166
f 7167/7167 7168/7168 7169/7169
f 7167/7167 7169/7169 7170/7170
f 7171/7171 7172/7172 7173/7173
f 7171/7171 7173/7173 7174/7174
f 7175/7175 7176/7176 7177/7177
f 7175/7175 7177/7177 7178/7178
f 7179/7179 7180/7180 7181/7181
f 7179/7179 7181/7181 7182/7182
f 7183/7183 7184/7184 7185/7185
f 7183/7183 7185/7185 7186/7186
f 7187/7187 7188/7188 7189/7189
f 7187/7187 7189/7189 7190/7190
f 7191/7191 7192/7192 7193/7193
f 7191/7191 7193/7193 7194/7194
f 7195/7195 7196/7196 7197/7197
f 7195/7195 7197/7197 7198/7198
f 7199/7199 7200/7200 7201/7201
f 7199/7199 7201/7201 7202/7202
f 7203/7203 7204/7204 7205/7205
f 7203/7203 7205/7205 7206/7206
f 7207/7207 7208/7208 7209/7209
f 7207/7207 7209/7209 7210/7210
f 7211/7211 7212/7212 7213/7213
f 7211/7211 7213/7213 7214/7214
f 7215/7215 7216/7216 7217/7217
f 7215/7215 7217/7217 7218/7218
f 7219/7219 7220/7220 7221/7221
f 7219/7219 7221/7221 7222/7222
f 7223/7223 7224/7224 7225/7225
f 7223/7223 7225/7225 7226/7226
f 7227/7227 7228/7228 7229/7229
f 7227/7227 7229/7229 7230/7230
f 7231/7231 7232/7232 7233/7233
f 7231/7231 7233/7233 7234/7234
f 7235/7235 7236/7236 7237/7237
f 7235/7235 7237/7237 7238/7238
f 7239/7239 7240/7240 7241/7241
f 7239/7239 7241/7241 7242/7242
f 7243/7243 7244/7244 7245/7245
f 7243/7243 7245/7245 7246/7246
f 7247/7247 7248/7248 7249/7249
f 7247/7247 7249/7249 7250/7250
f 7251/7251 7252/7252 7253/7253
f 7251/7251 7253/7253 7254/7254
f 7255/7255 7256/7256 7257/7257
f 7255/7255 7257/7257 7258/7258
f 7259/7259 7260/7260 7261/7261
f 7259/7259 7261/7261 7262/7262
f 7263/7263 7264/7264 7265/7265
f 7263/7263 7265/7265 7266/7266
f 7267/7267 7268/7268 7269/7269
f 7267/7267 7269/7269 7270/7270
f 7271/7271 7272/7272 7273/7273
f 7271/7271 7273/7273 7274/7274
f 7275/7275 7276/7276 7277/7277
f 7275/7275 7277/7277 7278/7278
f 7279/7279 7280/7280 7281/7281
f 7279/7279 7281/7281 7282/7282
f 7283/7283 7284/7284 7285/7285
f 7283/7283 7285/7285 7286/7286
f 7287/7287 7288/7288 7289/7289
f 7287/7287 7289/7289 7290/7290
f 7291/7291 7292/7292 7293/7293
f 7291/7291 7293/7293 7294/7294
f 7295/7295 7296/7296 7297/7297
f 7295/7295 7297/7297 7298/7298
f 7299/7299 7300/7300 7301/7301
f 7299/7299 7301/7301 7302/7302
f 7303/7303 7304/7304 7305/7305
f 7303/7303 7305/7305 7306/7306
f 7307/7307 7308/7308 7309/7309
f 7307/7307 7309/7309 7310/7310
f 7311/7311 7312/7312 7313/7313
f 7311/7311 7313/7313 7314/7314
f 7315/7315 7316/7316 7317/7317
f 7315/7315 7317/7317 7318/7318
f 7319/7319 7320/7320 7321/7321
f 7319/7319 7321/7321 7322/7322
f 7323/7323 7324/7324 7325/7325
f 7323/7323 7325/7325 7326/7326
f 7327/7327 7328/7328 7329/7329
f 7327/7327 7329/7329 7330/7330
f 7331/7331 7332/7332 7333/7333
f 7331/7331 7333/7333 7334/7334
f 7335/7335 7336/7336 7337/7337
f 7335/7335 7337/7337 7338/7338
f 7339/7339 7340/7340 7341/7341
f 7339/7339 7341/7341 7342/7342
f 7343/7343 7344/7344 7345/7345
f 7343/7343 7345/7345 7346/7346
f 7347/7347 7348/7348 7349/7349
f 7347/7347 7349/7349 7350/7350
f 7351/7351 7352/7352 7353/7353
f 7351/7351 7353/7353 7354/7354
f 7355/7355 7356/7356 7357/7357
f 7355/7355 7357/7357 7358/7358
f 7359/7359 7360/7360 7361/7361
f 7359/7359 7361/7361 7362/7362
f 7363/7363 7364/7364 7365/7365
f 7363/7363 7365/7365 7366/7366
f 7367/7367 7368/7368 7369/7369
f 7367/7367 7369/7369 7370/7370
f 7371/7371 7372/7372 7373/7373
f 7371/7371 7373/7373 7374/7374
f 7375/7375 7376/7376 7377/7377
f 7375/7375 7377/7377 7378/7378
f 7379/7379 7380/7380 7381/7381
f 7379/7379 7381/7381 7382/7382
f 7383/7383 7384/7384 7385/7385
f 7383/7383 7385/7385 7386/7386
f 7387/7387 7388/7388 7389/7389
f 7387/7387 7389/7389 7390/7390
f 7391/7391 7392/7392 7393/7393
f 7391/7391 7393/7393 7394/7394
f 7395/7395 7396/7396 7397/7397
f 7395/7395 7397/7397 7398/7398
f 7399/7399 7400/7400 7401/7401
f 7399/7399 7401/7401 7402/7402
f 7403/7403 7404/7404 7405/7405
f 7403/7403 7405/7405 7406/7406
f 7407/7407 7408/7408 7409/7409
f 7407/7407 7409/7409 7410/7410
f 7411/7411 7412/7412 7413/7413
f 7411/7411 7413/7413 7414/7414
f 7415/7415 7416/7416 7417/7417
f 7415/7415 7417/7417 7418/7418
f 7419/7419 7420/7420 7421/7421
f 7419/7419 7421/7421 7422/7422
f 7423/7423 7424/7424 7425/7425
f 7423/7423 7425/7425 7426/7426
f 7427/7427 7428/7428 7429/7429
f 7427/7427 7429/7429 7430/7430
f 7431/7431 7432/7432 7433/7433
f 7431/7431 7433/7433 7434/7434
f 7435/7435 7436/7436 7437/7437
f 7435/7435 7437/7437 7438/7438
f 7439/7439 7440/7440 7441/7441
f 7439/7439 7441/7441 7442/7442
f 7443/7443 7444/7444 7445/7445
f 7443/7443 7445/7445 7446/7446
f 7447/7447 7448/7448 7449/7449
f 7447/7447 7449/7449 7450/7450
f 7451/7451 7452/7452 7453/7453
f 7451/7451 7453/7453 7454/7454
f 7455/7455 7456/7456 7457/7457
f 7455/7455 7457/7457 7458/7458
f 7459/7459 7460/7460 7461/7461
f 7459/7459 7461/7461 7462/7462
f 7463/7463 7464/7464 7465/7465
f 7463/7463 7465/7465 7466/7466
f 7467/7467 7468/7468 7469/7469
f 7467/7467 7469/7469 7470/7470
f 7471/7471 7472/7472 7473/7473
f 7471/7471 7473/7473 7474/7474
f 7475/7475 7476/7476 7477/7477
f 7475/7475 7477/7477 7478/7478
f 7479/7479 7480/7480 7481/7481
f 7479/7479 7481/7481 7482/7482
f 7483/7483 7484/7484 7485/7485
f 7483/7483 7485/7485 7486/7486
f 7487/7487 7488/7488 7489/7489
f 7487/7487 7489/7489 7490/7490
f 7491/7491 7492/7492 7493/7493
f 7491/7491 7493/7493 7494/7494
f 7495/7495 7496/7496 7497/7497
f 7495/7495 7497/7497 7498/7498
f 7499/7499 7500/7500 7501/7501
f 7499/7499 7501/7501 7502/7502
f 7503/7503 7504/7504 7505/7505
f 7503/7503 7505/7505 7506/7506
f 7507/7507 7508/7508 7509/7509
f 7507/7507 7509/7509 7510/7510
f 7511/7511 7512/7512 7513/7513
f 7511/7511 7513/7513 7514/7514
f 7515/7515 7516/7516 7517/7517
f 7515/7515 7517/7517 7518/7518
f 7519/7519 7520/7520 7521/7521
f 7519/7519 7521/7521 7522/7522
f 7523/7523 7524/7524 7525/7525
f 7523/7523 7525/7525 7526/7526
f 7527/7527 7528/7528 7529/7529
f 7527/7527 7529/7529 7530/7530
f 7531/7531 7532/7532 7533/7533
f 7531/7531 7533/7533 7534/7534
f 7535/7535 7536/7536 7537/7537
f 7535/7535 7537/7537 7538/7538
f 7539/7539 7540/7540 7541/7541
f 7539/7539 7541/7541 7542/7542
f 7543/7543 7544/7544 7545/7545
f 7543/7543 7545/7545 7546/7546
f 7547/7547 7548/7548 7549/7549
f 7547/7547 7549/7549 7550/7550
f 7551/7551 7552/7552 7553/7553
f 7551/7551 7553/7553 7554/7554
f 7555/7555 7556/7556 7557/7557
f 7555/7555 7557/7557 7558/7558
f 7559/7559 7560/7560 7561/7561
f 7559/7559 7561/7561 7562/7562
f 7563/7563 7564/7564 7565/7565
f 7563/7563 7565/7565 7566/7566
f 7567/7567 7568/7568 7569/7569
f 7567/7567 7569/7569 7570/7570
f 7571/7571 7572/7572 7573/7573
f 7571/7571 7573/7573 7574/7574
f 7575/7575 7576/7576 7577/7577
f 7575/7575 7577/7577 7578/7578
f 7579/7579 7580/7580 7581/7581
f 7579/7579 7581/7581 7582/7582
f 7583/7583 7584/7584 7585/7585
f 7583/7583 7585/7585 7586/7586
f 7587/7587 7588/7588 7589/7589
f 7587/7587 7589/7589 7590/7590
f 7591/7591 7592/7592 7593/7593
f 7591/7591 7593/7593 7594/7594
f 7595/7595 7596/7596 7597/7597
f 7595/7595 7597/7597 7598/7598
f 7599/7599 7600/7600 7601/7601
f 7599/7599 7601/7601 7602/7602
f 7603/7603 7604/7604 7605/7605
f 7603/7603 7605/7605 7606/7606
f 7607/7607 7608/7608 7609/7609
f 7607/7607 7609/7609 7610/7610
f 7611/7611 7612/7612 7613/7613
f 7611/7611 7613/7613 7614/7614
f 7615/7615 7616/7616 7617/7617
f 7615/7615 7617/7617 7618/7618
f 7619/7619 7620/7620 7621/7621
f 7619/7619 7621/7621 7622/7622
f 7623/7623 7624/7624 7625/7625
f 7623/7623 7625/7625 7626/7626
f 7627/7627 7628/7628 7629/7629
f 7627/7627 7629/7629 7630/7630
f 7631/7631 7632/7632 7633/7633
f 7631/7631 7633/7633 7634/7634
f 7635/7635 7636/7636 7637/7637
f 7635/7635 7637/7637 7638/7638
f 7639/7639 7640/7640 7641/7641
f 7639/7639 7641/7641 7642/7642
f 7643/7643 7644/7644 7645/7645
f 7643/7643 7645/7645 7646/7646
f 7647/7647 7648/7648 7649/7649
f 7647/7647 7649/7649 7650/7650
f 7651/7651 7652/7652 7653/7653
f 7651/7651 7653/7653 7654/7654
f 7655/7655 7656/7656 7657/7657
f 7655/7655 7657/7657 7658/7658
f 7659/7659 7660/7660 7661/7661
f 7659/7659 7661/7661 7662/7662
f 7663/7663 7664/7664 7665/7665
f 7663/7663 7665/7665 7666/7666
f 7667/7667 7668/7668 7669/7669
f 7667/7667 7669/7669 7670/7670
f 7671/7671 7672/7672 7673/7673
f 7671/7671 7673/7673 7674/7674
f 7675/7675 7676/7676 7677/7677
f 7675/7675 7677/7677 7678/7678
f 7679/7679 7680/7680 7681/7681
f 7679/7679 7681/7681 7682/7682
f 7683/7683 7684/7684 7685/7685
f 7683/7683 7685/7685 7686/7686
f 7687/7687 7688/7688 7689/7689
f 7687/7687 7689/7689 7690/7690
f 7691/7691 7692/7692 7693/7693
f 7691/7691 7693/7693 7694/7694
f 7695/7695 7696/7696 7697/7697
f 7695/7695 7697/7697 7698/7698
f 7699/7699 7700/7700 7701/7701
f 7699/7699 7701/7701 7702/7702
f 7703/7703 7704/7704 7705/7705
f 7703/7703 7705/7705 7706/7706
f 7707/7707 7708/7708 7709/7709
f 7707/7707 7709/7709 7710/7710
f 7711/7711 7712/7712 7713/7713
f 7711/7711 7713/7713 7714/7714
f 7715/7715 7716/7716 7717/7717
f 7715/7715 7717/7717 7718/7718
f 7719/7719 7720/7720 7721/7721
f 7719/7719 7721/7721 7722/7722
f 7723/7723 7724/7724 7725/7725
f 7723/7723 7725/7725 7726/7726
f 7727/7727 7728/7728 7729/7729
f 7727/7727 7729/7729 7730/7730
f 7731/7731 7732/7732 7733/7733
f 7731/7731 7733/7733 7734/7734
f 7735/7735 7736/7736 7737/7737
f 7735/7735 7737/7737 7738/7738
f 7739/7739 7740/7740 7741/7741
f 7739/7739 7741/7741 7742/7742
f 7743/7743 7744/7744 7745/7745
f 7743/7743 7745/7745 7746/7746
f 7747/7747 7748/7748 7749/7749
f 7747/7747 7749/7749 7750/7750
f 7751/7751 7752/7752 7753/7753
f 7751/7751 7753/7753 7754/7754
f 7755/7755 7756/7756 7757/7757
f 7755/7755 7757/7757 7758/7758
f 7759/7759 7760/7760 7761/7761
f 7759/7759 7761/7761 7762/7762
f 7763/7763 7764/7764 7765/7765
f 7763/7763 7765/7765 7766/7766
f 7767/7767 7768/7768 7769/7769
f 7767/7767 7769/7769 7770/7770
f 7771/7771 7772/7772 7773/7773
f 7771/7771 7773/7773 7774/7774
f 7775/7775 7776/7776 7777/7777
f 7775/7775 7777/7777 7778/7778
f 7779/7779 7780/7780 7781/7781
f 7779/7779 7781/7781 7782/7782
f 7783/7783 7784/7784 7785/7785
f 7783/7783 7785/7785 7786/7786
f 7787/7787 7788/7788 7789/7789
f 7787/7787 7789/7789 7790/7790
f 7791/7791 7792/7792 7793/7793
f 7791/7791 7793/7793 7794/7794
f 7795/7795 7796/7796 7797/7797
f 7795/7795 7797/7797 7798/7798
f 7799/7799 7800/7800 7801/7801
f 7799/7799 7801/7801 7802/7802
f 7803/7803 7804/7804 7805/7805
f 7803/7803 7805/7805 7806/7806
f 7807/7807 7808/7808 7809/7809
f 7807/7807 7809/7809 7810/7810
f 7811/7811 7812/7812 7813/7813
f 7811/7811 7813/7813 7814/7814
f 7815/7815 7816/7816 7817/7817
f 7815/7815 7817/7817 7818/7818
f 7819/7819 7820/7820 7821/7821
f 7819/7819 7821/7821 7822/7822
f 7823/7823 7824/7824 7825/7825
f 7823/7823 7825/7825 7826/7826
f 7827/7827 7828/7828 7829/7829
f 7827/7827 7829/7829 7830/7830
f 7831/7831 7832/7832 7833/7833
f 7831/7831 7833/7833 7834/7834
f 7835/7835 7836/7836 7837/7837
f 7835/7835 7837/7837 7838/7838
f 7839/7839 7840/7840 7841/7841
f 7839/7839 7841/7841 7842/7842
f 7843/7843 7844/7844 7845/7845
f 7843/7843 7845/7845 7846/7846
f 7847/7847 7848/7848 7849/7849
f 7847/7847 7849/7849 7850/7850
f 7851/7851 7852/7852 7853/7853
f 7851/7851 7853/7853 7854/7854
f 7855/7855 7856/7856 7857/7857
f 7855/7855 7857/7857 7858/7858
f 7859/7859 7860/7860 7861/7861
f 7859/7859 7861/7861 7862/7862
f 7863/7863 7864/7864 7865/7865
f 7863/7863 7865/7865 7866/7866
f 7867/7867 7868/7868 7869/7869
f 7867/7867 7869/7869 7870/7870
f 7871/7871 7872/7872 7873/7873
f 7871/7871 7873/7873 7874/7874
f 7875/7875 7876/7876 7877/7877
f 7875/7875 7877/7877 7878/7878
f 7879/7879 7880/7880 7881/7881
f 7879/7879 7881/7881 7882/7882
f 7883/7883 7884/7884 7885/7885
f 7883/7883 7885/7885 7886/7886
f 7887/7887 7888/7888 7889/7889
f 7887/7887 7889/7889 7890/7890
f 7891/7891 7892/7892 7893/7893
f 7891/7891 7893/7893 7894/7894
f 7895/7895 7896/7896 7897/7897
f 7895/7895 7897/7897 7898/7898
f 7899/7899 7900/7900 7901/7901
f 7899/7899 7901/7901 7902/7902
f 7903/7903 7904/7904 7905/7905
f 7903/7903 7905/7905 7906/7906
f 7907/7907 7908/7908 7909/7909
f 7907/7907 7909/7909 7910/7910
f 7911/7911 7912/7912 7913/7913
f 7911/7911 7913/7913 7914/7914
f 7915/7915 7916/7916 7917/7917
f 7915/7915 7917/7917 7918/7918
f 7919/7919 7920/7920 7921/7921
f 7919/7919 7921/7921 7922/7922
f 7923/7923 7924/7924 7925/7925
f 7923/7923 7925/7925 7926/7926
f 7927/7927 7928/7928 7929/7929
f 7927/7927 7929/7929 7930/7930
f 7931/7931 7932/7932 7933/7933
f 7931/7931 7933/7933 7934/7934
f 7935/7935 7936/7936 7937/7937
f 7935/7935 7937/7937 7938/7938
f 7939/7939 7940/7940 7941/7941
f 7939/7939 7941/7941 7942/7942
f 7943/7943 7944/7944 7945/7945
f 7943/7943 7945/7945 7946/7946
f 7947/7947 7948/7948 7949/7949
f 7947/7947 7949/7949 7950/7950
f 7951/7951 7952/7952 7953/7953
f 7951/7951 7953/7953 7954/7954
f 7955/7955 7956/7956 7957/7957
f 7955/7955 7957/7957 7958/7958
f 7959/7959 7960/7960 7961/7961
f 7959/7959 7961/7961 7962/7962
f 7963/7963 7964/7964 7965/7965
f 7963/7963 7965/7965 7966/7966
f 7967/7967 7968/7968 7969/7969
f 7967/7967 7969/7969 7970/7970
f 7971/7971 7972/7972 7973/7973
f 7971/7971 7973/7973 7974/7974
f 7975/7975 7976/7976 7977/7977
f 7975/7975 7977/7977 7978/7978
f 7979/7979 7980/7980 7981/7981
f 7979/7979 7981/7981 7982/7982
f 7983/7983 7984/7984 7985/7985
f 7983/7983 7985/7985 7986/7986
f 7987/7987 7988/7988 7989/7989
f 7987/7987 7989/7989 7990/7990
f 7991/7991 7992/7992 7993/7993
f 7991/7991 7993/7993 7994/7994
f 7995/7995 7996/7996 7997/7997
f 7995/7995 7997/7997 7998/7998
f 7999/7999 8000/8000 8001/8001
f 7999/7999 8001/8001 8002/8002
f 8003/8003 8004/8004 8005/8005
f 8003/8003 8005/8005 8006/8006
f 8007/8007 8008/8008 8009/8009
f 8007/8007 8009/8009 8010/8010
f 8011/8011 8012/8012 8013/8013
f 8011/8011 8013/8013 8014/8014
f 8015/8015 8016/8016 8017/8017
f 8015/8015 8017/8017 8018/8018
f 8019/8019 8020/8020 8021/8021
f 8019/8019 8021/8021 8022/8022
f 8023/8023 8024/8024 8025/8025
f 8023/8023 8025/8025 8026/8026
f 8027/8027 8028/8028 8029/8029
f 8027/8027 8029/8029 8030/8030
f 8031/8031 8032/8032 8033/8033
f 8031/8031 8033/8033 8034/8034
f 8035/8035 8036/8036 8037/8037
f 8035/8035 8037/8037 8038/8038
f 8039/8039 8040/8040 8041/8041
f 8039/8039 8041/8041 8042/8042
f 8043/8043 8044/8044 8045/8045
f 8043/8043 8045/8045 8046/8046
f 8047/8047 8048/8048 8049/8049
f 8047/8047 8049/8049 8050/8050
f 8051/8051 8052/8052 8053/8053
f 8051/8051 8053/8053 8054/8054
f 8055/8055 8056/8056 8057/8057
f 8055/8055 8057/8057 8058/8058
f 8059/8059 8060/8060 8061/8061
f 8059/8059 8061/8061 8062/8062
f 8063/8063 8064/8064 8065/8065
f 8063/8063 8065/8065 8066/8066
f 8067/8067 8068/8068 8069/8069
f 8067/8067 8069/8069 8070/8070
f 8071/8071 8072/8072 8073/8073
f 8071/8071 8073/8073 8074/8074
f 8075/8075 8076/8076 8077/8077
f 8075/8075 8077/8077 8078/8078
f 8079/8079 8080/8080 8081/8081
f 8079/8079 8081/8081 8082/8082
f 8083/8083 8084/8084 8085/8085
f 8083/8083 8085/8085 8086/8086
f 8087/8087 8088/8088 8089/8089
f 8087/8087 8089/8089 8090/8090
f 8091/8091 8092/8092 8093/8093
f 8091/8091 8093/8093 8094/8094
f 8095/8095 8096/8096 8097/8097
f 8095/8095 8097/8097 8098/8098
f 8099/8099 8100/8100 8101/8101
f 8099/8099 8101/8101 8102/8102
f 8103/8103 8104/8104 8105/8105
f 8103/8103 8105/8105 8106/8106
f 8107/8107 8108/8108 8109/8109
f 8107/8107 8109/8109 8110/8110
f 8111/8111 8112/8112 8113/8113
f 8111/8111 8113/8113 8114/8114
f 8115/8115 8116/8116 8117/8117
f 8115/8115 8117/8117 8118/8118
f 8119/8119 8120/8120 8121/8121
f 8119/8119 8121/8121 8122/8122
f 8123/8123 8124/8124 8125/8125
f 8123/8123 8125/8125 8126/8126
f 8127/8127 8128/8128 8129/8129
f 8127/8127 8129/8129 8130/8130
f 8131/8131 8132/8132 8133/8133
f 8131/8131 8133/8133 8134/8134
f 8135/8135 8136/8136 8137/8137
f 8135/8135 8137/8137 8138/8138
f 8139/8139 8140/8140 8141/8141
f 8139/8139 8141/8141 8142/8142
f 8143/8143 8144/8144 8145/8145
f 8143/8143 8145/8145 8146/8146
f 8147/8147 8148/8148 8149/8149
f 8147/8147 8149/8149 8150/8150
f 8151/8151 8152/8152 8153/8153
f 8151/8151 8153/8153 8154/8154
f 8155/8155 8156/8156 8157/8157
f 8155/8155 8157/8157 8158/8158
f 8159/8159 8160/8160 8161/8161
f 8159/8159 8161/8161 8162/8162
f 8163/8163 8164/8164 8165/8165
f 8163/8163 8165/8165 8166/8166
f 8167/8167 8168/8168 8169/8169
f 8167/8167 8169/8169 8170/8170
f 8171/8171 8172/8172 8173/8173
f 8171/8171 8173/8173 8174/8174
f 8175/8175 8176/8176 8177/8177
f 8175/8175 8177/8177 8178/8178
f 8179/8179 8180/8180 8181/8181
f 8179/8179 8181/8181 8182/8182
f 8183/8183 8184/8184 8185/8185
f 8183/8183 8185/8185 8186/8186
f 8187/8187 8188/8188 8189/8189
f 8187/8187 8189/8189 8190/8190
f 8191/8191 8192/8192 8193/8193
f 8191/8191 8193/8193 8194/8194
f 8195/8195 8196/8196 8197/8197
f 8195/8195 8197/8197 8198/8198
f 8199/8199 8200/8200 8201/8201
f 8199/8199 8201/8201 8202/8202
f 8203/8203 8204/8204 8205/8205
f 8203/8203 8205/8205 8206/8206
f 8207/8207 8208/8208 8209/8209
f 8207/8207 8209/8209 8210/8210
f 8211/8211 8212/8212 8213/8213
f 8211/8211 8213/8213 8214/8214
f 8215/8215 8216/8216 8217/8217
f 8215/8215 8217/8217 8218/8218
f 8219/8219 8220/8220 8221/8221
f 8219/8219 8221/8221 8222/8222
f 8223/8223 8224/8224 8225/8225
f 8223/8223 8225/8225 8226/8226
f 8227/8227 8228/8228 8229/8229
f 8227/8227 8229/8229 8230/8230
f 8231/8231 8232/8232 8233/8233
f 8231/8231 8233/8233 8234/8234
f 8235/8235 8236/8236 8237/8237
f 8235/8235 8237/8237 8238/8238
f 8239/8239 8240/8240 8241/8241
f 8239/8239 8241/8241 8242/8242
f 8243/8243 8244/8244 8245/8245
f 8243/8243 8245/8245 8246/8246
f 8247/8247 8248/8248 8249/8249
f 8247/8247 8249/8249 8250/8250
f 8251/8251 8252/8252 8253/8253
f 8251/8251 8253/8253 8254/8254
f 8255/8255 8256/8256 8257/8257
f 8255/8255 8257/8257 8258/8258
f 8259/8259 8260/8260 8261/8261
f 8259/8259 8261/8261 8262/8262
f 8263/8263 8264/8264 8265/8265
f 8263/8263 8265/8265 8266/8266
f 8267/8267 8268/8268 8269/8269
f 8267/8267 8269/8269 8270/8270
f 8271/8271 8272/8272 8273/8273
f 8271/8271 8273/8273 8274/8274
f 8275/8275 8276/8276 8277/8277
f 8275/8275 8277/8277 8278/8278
f 8279/8279 8280/8280 8281/8281
f 8279/8279 8281/8281 8282/8282
f 8283/8283 8284/8284 8285/8285
f 8283/8283 8285/8285 8286/8286
f 8287/8287 8288/8288 8289/8289
f 8287/8287 8289/8289 8290/8290
f 8291/8291 8292/8292 8293/8293
f 8291/8291 8293/8293 8294/8294
f 8295/8295 8296/8296 8297/8297
f 8295/8295 8297/8297 8298/8298
f 8299/8299 8300/8300 8301/8301
f 8299/8299 8301/8301 8302/8302
f 8303/8303 8304/8304 8305/8305
f 8303/8303 8305/8305 8306/8306
f 8307/8307 8308/8308 8309/8309
f 8307/8307 8309/8309 8310/8310
f 8311/8311 8312/8312 8313/8313
f 8311/8311 8313/8313 8314/8314
f 8315/8315 8316/8316 8317/8317
f 8315/8315 8317/8317 8318/8318
f 8319/8319 8320/8320 8321/8321
f 8319/8319 8321/8321 8322/8322
f 8323/8323 8324/8324 8325/8325
f 8323/8323 8325/8325 8326/8326
f 8327/8327 8328/8328 8329/8329
f 8327/8327 8329/8329 8330/8330
f 8331/8331 8332/8332 8333/8333
f 8331/8331 8333/8333 8334/8334
f 8335/8335 8336/8336 8337/8337
f 8335/8335 8337/8337 8338/8338
f 8339/8339 8340/8340 8341/8341
f 8339/8339 8341/8341 8342/8342
f 8343/8343 8344/8344 8345/8345
f 8343/8343 8345/8345 8346/8346
f 8347/8347 8348/8348 8349/8349
f 8347/8347 8349/8349 8350/8350
f 8351/8351 8352/8352 8353/8353
f 8351/8351 8353/8353 8354/8354
f 8355/8355 8356/8356 8357/8357
f 8355/8355 8357/8357 8358/8358
f 8359/8359 8360/8360 8361/8361
f 8359/8359 8361/8361 8362/8362
f 8363/8363 8364/8364 8365/8365
f 8363/8363 8365/8365 8366/8366
f 8367/8367 8368/8368 8369/8369
f 8367/8367 8369/8369 8370/8370
f 8371/8371 8372/8372 8373/8373
f 8371/8371 8373/8373 8374/8374
f 8375/8375 8376/8376 8377/8377
f 8375/8375 8377/8377 8378/8378
f 8379/8379 8380/8380 8381/8381
f 8379/8379 8381/8381 8382/8382
f 8383/8383 8384/8384 8385/8385
f 8383/8383 8385/8385 8386/8386
f 8387/8387 8388/8388 8389/8389
f 8387/8387 8389/8389 8390/8390
f 8391/8391 8392/8392 8393/8393
f 8391/8391 8393/8393 8394/8394
f 8395/8395 8396/8396 8397/8397
f 8395/8395 8397/8397 8398/8398
f 8399/8399 8400/8400 8401/8401
f 8399/8399 8401/8401 8402/8402
f 8403/8403 8404/8404 8405/8405
f 8403/8403 8405/8405 8406/8406
f 8407/8407 8408/8408 8409/8409
f 8407/8407 8409/8409 8410/8410
f 8411/8411 8412/8412 8413/8413
f 8411/8411 8413/8413 8414/8414
f 8415/8415 8416/8416 8417/8417
f 8415/8415 8417/8417 8418/8418
f 8419/8419 8420/8420 8421/8421
f 8419/8419 8421/8421 8422/8422
f 8423/8423 8424/8424 8425/8425
f 8423/8423 8425/8425 8426/8426
f 8427/8427 8428/8428 8429/8429
f 8427/8427 8429/8429 8430/8430
f 8431/8431 8432/8432 8433/8433
f 8431/8431 8433/8433 8434/8434
f 8435/8435 8436/8436 8437/8437
f 8435/8435 8437/8437 8438/8438
f 8439/8439 8440/8440 8441/8441
f 8439/8439 8441/8441 8442/8442
f 8443/8443 8444/8444 8445/8445
f 8443/8443 8445/8445 8446/8446
f 8447/8447 8448/8448 8449/8449
f 8447/8447 8449/8449 8450/8450
f 8451/8451 8452/8452 8453/8453
f 8451/8451 8453/8453 8454/8454
f 8455/8455 8456/8456 8457/8457
f 8455/8455 8457/8457 8458/8458
f 8459/8459 8460/8460 8461/8461
f 8459/8459 8461/8461 8462/8462
f 8463/8463 8464/8464 8465/8465
f 8463/8463 8465/8465 8466/8466
f 8467/8467 8468/8468 8469/8469
f 8467/8467 8469/8469 8470/8470
f 8471/8471 8472/8472 8473/8473
f 8471/8471 8473/8473 8474/8474
f 8475/8475 8476/8476 8477/8477
f 8475/8475 8477/8477 8478/8478
f 8479/8479 8480/8480 8481/8481
f 8479/8479 8481/8481 8482/8482
f 8483/8483 8484/8484 8485/8485
f 8483/8483 8485/8485 8486/8486
f 8487/8487 8488/8488 8489/8489
f 8487/8487 8489/8489 8490/8490
f 8491/8491 8492/8492 8493/8493
f 8491/8491 8493/8493 8494/8494
f 8495/8495 8496/8496 8497/8497
f 8495/8495 8497/8497 8498/8498
f 8499/8499 8500/8500 8501/8501
f 8499/8499 8501/8501 8502/8502
f 8503/8503 8504/8504 8505/8505
f 8503/8503 8505/8505 8506/8506
f 8507/8507 8508/8508 8509/8509
f 8507/8507 8509/8509 8510/8510
f 8511/8511 8512/8512 8513/8513
f 8511/8511 8513/8513 8514/8514
f 8515/8515 8516/8516 8517/8517
f 8515/8515 8517/8517 8518/8518
f 8519/8519 8520/8520 8521/8521
f 8519/8519 8521/8521 8522/8522
f 8523/8523 8524/8524 8525/8525
f 8523/8523 8525/8525 8526/8526
f 8527/8527 8528/8528 8529/8529
f 8527/8527 8529/8529 8530/8530
f 8531/8531 8532/8532 8533/8533
f 8531/8531 8533/8533 8534/8534
f 8535/8535 8536/8536 8537/8537
f 8535/8535 8537/8537 8538/8538
f 8539/8539 8540/8540 8541/8541
f 8539/8539 8541/8541 8542/8542
f 8543/8543 8544/8544 8545/8545
f 8543/8543 8545/8545 8546/8546
f 8547/8547 8548/8548 8549/8549
f 8547/8547 8549/8549 8550/8550
f 8551/8551 8552/8552 8553/8553
f 8551/8551 8553/8553 8554/8554
f 8555/8555 8556/8556 8557/8557
f 8555/8555 8557/8557 8558/8558
f 8559/8559 8560/8560 8561/8561
f 8559/8559 8561/8561 8562/8562
f 8563/8563 8564/8564 8565/8565
f 8563/8563 8565/8565 8566/8566
f 8567/8567 8568/8568 8569/8569
f 8567/8567 8569/8569 8570/8570
f 8571/8571 8572/8572 8573/8573
f 8571/8571 8573/8573 8574/8574
f 8575/8575 8576/8576 8577/8577
f 8575/8575 8577/8577 8578/8578
f 8579/8579 8580/8580 8581/8581
f 8579/8579 8581/8581 8582/8582
f 8583/8583 8584/8584 8585/8585
f 8583/8583 8585/8585 8586/8586
f 8587/8587 8588/8588 8589/8589
f 8587/8587 8589/8589 8590/8590
f 8591/8591 8592/8592 8593/8593
f 8591/8591 8593/8593 8594/8594
f 8595/8595 8596/8596 8597/8597
f 8595/8595 8597/8597 8598/8598
f 8599/8599 8600/8600 8601/8601
f 8599/8599 8601/8601 8602/8602
f 8603/8603 8604/8604 8605/8605
f 8603/8603 8605/8605 8606/8606
f 8607/8607 8608/8608 8609/8609
f 8607/8607 8609/8609 8610/8610
f 8611/8611 8612/8612 8613/8613
f 8611/8611 8613/8613 8614/8614
f 8615/8615 8616/8616 8617/8617
f 8615/8615 8617/8617 8618/8618
f 8619/8619 8620/8620 8621/8621
f 8619/8619 8621/8621 8622/8622
f 8623/8623 8624/8624 8625/8625
f 8623/8623 8625/8625 8626/8626
f 8627/8627 8628/8628 8629/8629
f 8627/8627 8629/8629 8630/8630
f 8631/8631 8632/8632 8633/8633
f 8631/8631 8633/8633 8634/8634
f 8635/8635 8636/8636 8637/8637
f 8635/8635 8637/8637 8638/8638
f 8639/8639 8640/8640 8641/8641
f 8639/8639 8641/8641 8642/8642
f 8643/8643 8644/8644 8645/8645
f 8643/8643 8645/8645 8646/8646
f 8647/8647 8648/8648 8649/8649
f 8647/8647 8649/8649 8650/8650
f 8651/8651 8652/8652 8653/8653
f 8651/8651 8653/8653 8654/8654
f 8655/8655 8656/8656 8657/8657
f 8655/8655 8657/8657 8658/8658
f 8659/8659 8660/8660 8661/8661
f 8659/8659 8661/8661 8662/8662
f 8663/8663 8664/8664 8665/8665
f 8663/8663 8665/8665 8666/8666
f 8667/8667 8668/8668 8669/8669
f 8667/8667 8669/8669 8670/8670
f 8671/8671 8672/8672 8673/8673
f 8671/8671 8673/8673 8674/8674
f 8675/8675 8676/8676 8677/8677
f 8675/8675 8677/8677 8678/8678
f 8679/8679 8680/8680 8681/8681
f 8679/8679 8681/8681 8682/8682
f 8683/8683 8684/8684 8685/8685
f 8683/8683 8685/8685 8686/8686
f 8687/8687 8688/8688 8689/8689
f 8687/8687 8689/8689 8690/8690
f 8691/8691 8692/8692 8693/8693
f 8691/8691 8693/8693 8694/8694
f 8695/8695 8696/8696 8697/8697
f 8695/8695 8697/8697 8698/8698
f 8699/8699 8700/8700 8701/8701
f 8699/8699 8701/8701 8702/8702
f 8703/8703 8704/8704 8705/8705
f 8703/8703 8705/8705 8706/8706
f 8707/8707 8708/8708 8709/8709
f 8707/8707 8709/8709 8710/8710
f 8711/8711 8712/8712 8713/8713
f 8711/8711 8713/8713 8714/8714
f 8715/8715 8716/8716 8717/8717
f 8715/8715 8717/8717 8718/8718
f 8719/8719 8720/8720 8721/8721
f 8719/8719 8721/8721 8722/8722
f 8723/8723 8724/8724 8725/8725
f 8723/8723 8725/8725 8726/8726
f 8727/8727 8728/8728 8729/8729
f 8727/8727 8729/8729 8730/8730
f 8731/8731 8732/8732 8733/8733
f 8731/8731 8733/8733 8734/8734
f 8735/8735 8736/8736 8737/8737
f 8735/8735 8737/8737 8738/8738
f 8739/8739 8740/8740 8741/8741
f 8739/8739 8741/8741 8742/8742
f 8743/8743 8744/8744 8745/8745
f 8743/8743 8745/8745 8746/8746
f 8747/8747 8748/8748 8749/8749
f 8747/8747 8749/8749 8750/8750
f 8751/8751 8752/8752 8753/8753
f 8751/8751 8753/8753 8754/8754
f 8755/8755 8756/8756 8757/8757
f 8755/8755 8757/8757 8758/8758
f 8759/8759 8760/8760 8761/8761
f 8759/8759 8761/8761 8762/8762
f 8763/8763 8764/8764 8765/8765
f 8763/8763 8765/8765 8766/8766
f 8767/8767 8768/8768 8769/8769
f 8767/8767 8769/8769 8770/8770
f 8771/8771 8772/8772 8773/8773
f 8771/8771 8773/8773 8774/8774
f 8775/8775 8776/8776 8777/8777
f 8775/8775 8777/8777 8778/8778
f 8779/8779 8780/8780 8781/8781
f 8779/8779 8781/8781 8782/8782
f 8783/8783 8784/8784 8785/8785
f 8783/8783 8785/8785 8786/8786
f 8787/8787 8788/8788 8789/8789
f 8787/8787 8789/8789 8790/8790
f 8791/8791 8792/8792 8793/8793
f 8791/8791 8793/8793 8794/8794
f 8795/8795 8796/8796 8797/8797
f 8795/8795 8797/8797 8798/8798
f 8799/8799 8800/8800 8801/8801
f 8799/8799 8801/8801 8802/8802
f 8803/8803 8804/8804 8805/8805
f 8803/8803 8805/8805 8806/8806
f 8807/8807 8808/8808 8809/8809
f 8807/8807 8809/8809 8810/8810
f 8811/8811 8812/8812 8813/8813
f 8811/8811 8813/8813 8814/8814
f 8815/8815 8816/8816 8817/8817
f 8815/8815 8817/8817 8818/8818
f 8819/8819 8820/8820 8821/8821
f 8819/8819 8821/8821 8822/8822
f 8823/8823 8824/8824 8825/8825
f 8823/8823 8825/8825 8826/8826
f 8827/8827 8828/8828 8829/8829
f 8827/8827 8829/8829 8830/8830
f 8831/8831 8832/8832 8833/8833
f 8831/8831 8833/8833 8834/8834
f 8835/8835 8836/8836 8837/8837
f 8835/8835 8837/8837 8838/8838
f 8839/8839 8840/8840 8841/8841
f 8839/8839 8841/8841 8842/8842
f 8843/8843 8844/8844 8845/8845
f 8843/8843 8845/8845 8846/8846
f 8847/8847 8848/8848 8849/8849
f 8847/8847 8849/8849 8850/8850
f 8851/8851 8852/8852 8853/8853
f 8851/8851 8853/8853 8854/8854
f 8855/8855 8856/8856 8857/8857
f 8855/8855 8857/8857 8858/8858
f 8859/8859 8860/8860 8861/8861
f 8859/8859 8861/8861 8862/8862
f 8863/8863 8864/8864 8865/8865
f 8863/8863 8865/8865 8866/8866
f 8867/8867 8868/8868 8869/8869
f 8867/8867 8869/8869 8870/8870
f 8871/8871 8872/8872 8873/8873
f 8871/8871 8873/8873 8874/8874
f 8875/8875 8876/8876 8877/8877
f 8875/8875 8877/8877 8878/8878
f 8879/8879 8880/8880 8881/8881
f 8879/8879 8881/8881 8882/8882
f 8883/8883 8884/8884 8885/8885
f 8883/8883 8885/8885 8886/8886
f 8887/8887 8888/8888 8889/8889
f 8887/8887 8889/8889 8890/8890
f 8891/8891 8892/8892 8893/8893
f 8891/8891 8893/8893 8894/8894
f 8895/8895 8896/8896 8897/8897
f 8895/8895 8897/8897 8898/8898
f 8899/8899 8900/8900 8901/8901
f 8899/8899 8901/8901 8902/8902
f 8903/8903 8904/8904 8905/8905
f 8903/8903 8905/8905 8906/8906
f 8907/8907 8908/8908 8909/8909
f 8907/8907 8909/8909 8910/8910
f 8911/8911 8912/8912 8913/8913
f 8911/8911 8913/8913 8914/8914
f 8915/8915 8916/8916 8917/8917
f 8915/8915 8917/8917 8918/8918
f 8919/8919 8920/8920 8921/8921
f 8919/8919 8921/8921 8922/8922
f 8923/8923 8924/8924 8925/8925
f 8923/8923 8925/8925 8926/8926
f 8927/8927 8928/8928 8929/8929
f 8927/8927 8929/8929 8930/8930
f 8931/8931 8932/8932 8933/8933
f 8931/8931 8933/8933 8934/8934
f 8935/8935 8936/8936 8937/8937
f 8935/8935 8937/8937 8938/8938
f 8939/8939 8940/8940 8941/8941
f 8939/8939 8941/8941 8942/8942
f 8943/8943 8944/8944 8945/8945
f 8943/8943 8945/8945 8946/8946
f 8947/8947 8948/8948 8949/8949
f 8947/8947 8949/8949 8950/8950
f 8951/8951 8952/8952 8953/8953
f 8951/8951 8953/8953 8954/8954
f 8955/8955 8956/8956 8957/8957
f 8955/8955 8957/8957 8958/8958
f 8959/8959 8960/8960 8961/8961
f 8959/8959 8961/8961 8962/8962
f 8963/8963 8964/8964 8965/8965
f 8963/8963 8965/8965 8966/8966
f 8967/8967 8968/8968 8969/8969
f 8967/8967 8969/8969 8970/8970
f 8971/8971 8972/8972 8973/8973
f 8971/8971 8973/8973 8974/8974
f 8975/8975 8976/8976 8977/8977
f 8975/8975 8977/8977 8978/8978
f 8979/8979 8980/8980 8981/8981
f 8979/8979 8981/8981 8982/8982
f 8983/8983 8984/8984 8985/8985
f 8983/8983 8985/8985 8986/8986
f 8987/8987 8988/8988 8989/8989
f 8987/8987 8989/8989 8990/8990
f 8991/8991 8992/8992 8993/8993
f 8991/8991 8993/8993 8994/8994
f 8995/8995 8996/8996 8997/8997
f 8995/8995 8997/8997 8998/8998
f 8999/8999 9000/9000 9001/9001
f 8999/8999 9001/9001 9002/9002
f 9003/9003 9004/9004 9005/9005
f 9003/9003 9005/9005 9006/9006
f 9007/9007 9008/9008 9009/9009
f 9007/9007 9009/9009 9010/9010
f 9011/9011 9012/9012 9013/9013
f 9011/9011 9013/9013 9014/9014
f 9015/9015 9016/9016 9017/9017
f 9015/9015 9017/9017 9018/9018
f 9019/9019 9020/9020 9021/9021
f 9019/9019 9021/9021 9022/9022
f 9023/9023 9024/9024 9025/9025
f 9023/9023 9025/9025 9026/9026
f 9027/9027 9028/9028 9029/9029
f 9027/9027 9029/9029 9030/9030
f 9031/9031 9032/9032 9033/9033
f 9031/9031 9033/9033 9034/9034
f 9035/9035 9036/9036 9037/9037
f 9035/9035 9037/9037 9038/9038
f 9039/9039 9040/9040 9041/9041
f 9039/9039 9041/9041 9042/9042
f 9043/9043 9044/9044 9045/9045
f 9043/9043 9045/9045 9046/9046
f 9047/9047 9048/9048 9049/9049
f 9047/9047 9049/9049 9050/9050
f 9051/9051 9052/9052 9053/9053
f 9051/9051 9053/9053 9054/9054
f 9055/9055 9056/9056 9057/9057
f 9055/9055 9057/9057 9058/9058
f 9059/9059 9060/9060 9061/9061
f 9059/9059 9061/9061 9062/9062
f 9063/9063 9064/9064 9065/9065
f 9063/9063 9065/9065 9066/9066
f 9067/9067 9068/9068 9069/9069
f 9067/9067 9069/9069 9070/9070
f 9071/9071 9072/9072 9073/9073
f 9071/9071 9073/9073 9074/9074
f 9075/9075 9076/9076 9077/9077
f 9075/9075 9077/9077 9078/9078
f 9079/9079 9080/9080 9081/9081
f 9079/9079 9081/9081 9082/9082
f 9083/9083 9084/9084 9085/9085
f 9083/9083 9085/9085 9086/9086
f 9087/9087 9088/9088 9089/9089
f 9087/9087 9089/9089 9090/9090
f 9091/9091 9092/9092 9093/9093
f 9091/9091 9093/9093 9094/9094
f 9095/9095 9096/9096 9097/9097
f 9095/9095 9097/9097 9098/9098
f 9099/9099 9100/9100 9101/9101
f 9099/9099 9101/9101 9102/9102
f 9103/9103 9104/9104 9105/9105
f 9103/9103 9105/9105 9106/9106
f 9107/9107 9108/9108 9109/9109
f 9107/9107 9109/9109 9110/9110
f 9111/9111 9112/9112 9113/9113
f 9111/9111 9113/9113 9114/9114
f 9115/9115 9116/9116 9117/9117
f 9115/9115 9117/9117 9118/9118
f 9119/9119 9120/9120 9121/9121
f 9119/9119 9121/9121 9122/9122
f 9123/9123 9124/9124 9125/9125
f 9123/9123 9125/9125 9126/9126
f 9127/9127 9128/9128 9129/9129
f 9127/9127 9129/9129 9130/9130
f 9131/9131 9132/9132 9133/9133
f 9131/9131 9133/9133 9134/9134
f 9135/9135 9136/9136 9137/9137
f 9135/9135 9137/9137 9138/9138
f 9139/9139 9140/9140 9141/9141
f 9139/9139 9141/9141 9142/9142
f 9143/9143 9144/9144 9145/9145
f 9143/9143 9145/9145 9146/9146
f 9147/9147 9148/9148 9149/9149
f 9147/9147 9149/9149 9150/9150
f 9151/9151 9152/9152 9153/9153
f 9151/9151 9153/9153 9154/9154
f 9155/9155 9156/9156 9157/9157
f 9155/9155 9157/9157 9158/9158
f 9159/9159 9160/9160 9161/9161
f 9159/9159 9161/9161 9162/9162
f 9163/9163 9164/9164 9165/9165
f 9163/9163 9165/9165 9166/9166
f 9167/9167 9168/9168 9169/9169
f 9167/9167 9169/9169 9170/9170
f 9171/9171 9172/9172 9173/9173
f 9171/9171 9173/9173 9174/9174
f 9175/9175 9176/9176 9177/9177
f 9175/9175 9177/9177 9178/9178
f 9179/9179 9180/9180 9181/9181
f 9179/9179 9181/9181 9182/9182
f 9183/9183 9184/9184 9185/9185
f 9183/9183 9185/9185 9186/9186
f 9187/9187 9188/9188 9189/9189
f 9187/9187 9189/9189 9190/9190
f 9191/9191 9192/9192 9193/9193
f 9191/9191 9193/9193 9194/9194
f 9195/9195 9196/9196 9197/9197
f 9195/9195 9197/9197 9198/9198
f 9199/9199 9200/9200 9201/9201
f 9199/9199 9201/9201 9202/9202
f 9203/9203 9204/9204 9205/9205
f 9203/9203 9205/9205 9206/9206
f 9207/9207 9208/9208 9209/9209
f 9207/9207 9209/9209 9210/9210
f 9211/9211 9212/9212 9213/9213
f 9211/9211 9213/9213 9214/9214
f 9215/9215 9216/9216 9217/9217
f 9215/9215 9217/9217 9218/9218
f 9219/9219 9220/9220 9221/9221
f 9219/9219 9221/9221 9222/9222
f 9223/9223 9224/9224 9225/9225
f 9223/9223 9225/9225 9226/9226
f 9227/9227 9228/9228 9229/9229
f 9227/9227 9229/9229 9230/9230
f 9231/9231 9232/9232 9233/9233
f 9231/9231 9233/9233 9234/9234
f 9235/9235 9236/9236 9237/9237
f 9235/9235 9237/9237 9238/9238
f 9239/9239 9240/9240 9241/9241
f 9239/9239 9241/9241 9242/9242
f 9243/9243 9244/9244 9245/9245
f 9243/9243 9245/9245 9246/9246
f 9247/9247 9248/9248 9249/9249
f 9247/9247 9249/9249 9250/9250
f 9251/9251 9252/9252 9253/9253
f 9251/9251 9253/9253 9254/9254
f 9255/9255 9256/9256 9257/9257
f 9255/9255 9257/9257 9258/9258
f 9259/9259 9260/9260 9261/9261
f 9259/9259 9261/9261 9262/9262
f 9263/9263 9264/9264 9265/9265
f 9263/9263 9265/9265 9266/9266
f 9267/9267 9268/9268 9269/9269
f 9267/9267 9269/9269 9270/9270
f 9271/9271 9272/9272 9273/9273
f 9271/9271 9273/9273 9274/9274
f 9275/9275 9276/9276 9277/9277
f 9275/9275 9277/9277 9278/9278
f 9279/9279 9280/9280 9281/9281
f 9279/9279 9281/9281 9282/9282
f 9283/9283 9284/9284 9285/9285
f 9283/9283 9285/9285 9286/9286
f 9287/9287 9288/9288 9289/9289
f 9287/9287 9289/9289 9290/9290
f 9291/9291 9292/9292 9293/9293
f 9291/9291 9293/9293 9294/9294
f 9295/9295 9296/9296 9297/9297
f 9295/9295 9297/9297 9298/9298
f 9299/9299 9300/9300 9301/9301
f 9299/9299 9301/9301 9302/9302
f 9303/9303 9304/9304 9305/9305
f 9303/9303 9305/9305 9306/9306
f 9307/9307 9308/9308 9309/9309
f 9307/9307 9309/9309 9310/9310
f 9311/9311 9312/9312 9313/9313
f 9311/9311 9313/9313 9314/9314
f 9315/9315 9316/9316 9317/9317
f 9315/9315 9317/9317 9318/9318
f 9319/9319 9320/9320 9321/9321
f 9319/9319 9321/9321 9322/9322
f 9323/9323 9324/9324 9325/9325
f 9323/9323 9325/9325 9326/9326
f 9327/9327 9328/9328 9329/9329
f 9327/9327 9329/9329 9330/9330
f 9331/9331 9332/9332 9333/9333
f 9331/9331 9333/9333 9334/9334
f 9335/9335 9336/9336 9337/9337
f 9335/9335 9337/9337 9338/9338
f 9339/9339 9340/9340 9341/9341
f 9339/9339 9341/9341 9342/9342
f 9343/9343 9344/9344 9345/9345
f 9343/9343 9345/9345 9346/9346
f 9347/9347 9348/9348 9349/9349
f 9347/9347 9349/9349 9350/9350
f 9351/9351 9352/9352 9353/9353
f 9351/9351 9353/9353 9354/9354
f 9355/9355 9356/9356 9357/9357
f 9355/9355 9357/9357 9358/9358
f 9359/9359 9360/9360 9361/9361
f 9359/9359 9361/9361 9362/9362
f 9363/9363 9364/9364 9365/9365
f 9363/9363 9365/9365 9366/9366
f 9367/9367 9368/9368 9369/9369
f 9367/9367 9369/9369 9370/9370
f 9371/9371 9372/9372 9373/9373
f 9371/9371 9373/9373 9374/9374
f 9375/9375 9376/9376 9377/9377
f 9375/9375 9377/9377 9378/9378
f 9379/9379 9380/9380 9381/9381
f 9379/9379 9381/9381 9382/9382
f 9383/9383 9384/9384 9385/9385
f 9383/9383 9385/9385 9386/9386
f 9387/9387 9388/9388 9389/9389
f 9387/9387 9389/9389 9390/9390
f 9391/9391 9392/9392 9393/9393
f 9391/9391 9393/9393 9394/9394
f 9395/9395 9396/9396 9397/9397
f 9395/9395 9397/9397 9398/9398
f 9399/9399 9400/9400 9401/9401
f 9399/9399 9401/9401 9402/9402
f 9403/9403 9404/9404 9405/9405
f 9403/9403 9405/9405 9406/9406
f 9407/9407 9408/9408 9409/9409
f 9407/9407 9409/9409 9410/9410
f 9411/9411 9412/9412 9413/9413
f 9411/9411 9413/9413 9414/9414
f 9415/9415 9416/9416 9417/9417
f 9415/9415 9417/9417 9418/9418
f 9419/9419 9420/9420 9421/9421
f 9419/9419 9421/9421 9422/9422
f 9423/9423 9424/9424 9425/9425
f 9423/9423 9425/9425 9426/9426
f 9427/9427 9428/9428 9429/9429
f 9427/9427 9429/9429 9430/9430
f 9431/9431 9432/9432 9433/9433
f 9431/9431 9433/9433 9434/9434
f 9435/9435 9436/9436 9437/9437
f 9435/9435 9437/9437 9438/9438
f 9439/9439 9440/9440 9441/9441
f 9439/9439 9441/9441 9442/9442
f 9443/9443 9444/9444 9445/9445
f 9443/9443 9445/9445 9446/9446
f 9447/9447 9448/9448 9449/9449
f 9447/9447 9449/9449 9450/9450
f 9451/9451 9452/9452 9453/9453
f 9451/9451 9453/9453 9454/9454
f 9455/9455 9456/9456 9457/9457
f 9455/9455 9457/9457 9458/9458

