# Exported from MakeClothes (TM)
# author MRT
# license CC0
# homepage http://www.makehuman.org/
v 0.1225 6.9826 1.5103
v 0.0793 6.9810 1.5187
v 0.0779 6.9445 1.4766
v 0.1203 6.9461 1.4689
v 0.1259 7.0601 1.5438
v 0.0816 7.0583 1.5526
v 0.1730 7.0626 1.5322
v 0.1686 6.9851 1.4991
v 0.1657 6.9488 1.4587
v 0.0379 6.9438 1.4818
v 0.0386 6.9805 1.5244
v -0.0006 6.9806 1.5274
v -0.0006 6.9440 1.4842
v 0.0398 7.0581 1.5588
v -0.0005 7.0580 1.5627
v 0.0837 7.2152 1.5535
v 0.0409 7.2155 1.5599
v -0.0005 7.2151 1.5646
v 0.0415 7.4265 1.5270
v -0.0005 7.4267 1.5313
v 0.0849 7.4252 1.5207
v 0.1770 7.2181 1.5338
v 0.1290 7.2158 1.5449
v 0.1307 7.4237 1.5121
v 0.1793 7.4235 1.5006
v 0.3611 6.9980 1.3998
v 0.3194 6.9965 1.4386
v 0.3167 6.9573 1.3992
v 0.3601 6.9561 1.3605
v 0.2695 6.9931 1.4659
v 0.2659 6.9559 1.4264
v 0.3286 7.0736 1.4677
v 0.2754 7.0696 1.4970
v 0.3701 7.0767 1.4261
v 0.2176 6.9888 1.4850
v 0.2142 6.9524 1.4452
v 0.2229 7.0656 1.5175
v 0.2821 7.2215 1.4966
v 0.2282 7.2197 1.5186
v 0.2310 7.4246 1.4844
v 0.2843 7.4237 1.4614
v 0.3872 7.2245 1.4202
v 0.3358 7.2233 1.4650
v 0.3372 7.4210 1.4290
v 0.3910 7.4214 1.3834
v 0.5496 7.0593 1.1444
v 0.5499 7.1020 1.1449
v 0.5171 7.0603 1.1996
v 0.5184 7.0180 1.1843
v 0.4568 7.0210 1.2761
v 0.4612 6.9779 1.2471
v 0.5146 7.1314 1.2036
v 0.4639 7.0986 1.2895
v 0.5534 7.1704 1.1427
v 0.4008 7.0017 1.3458
v 0.4059 6.9582 1.3089
v 0.4055 7.0806 1.3673
v 0.4862 7.2475 1.2766
v 0.4361 7.2339 1.3572
v 0.4375 7.4238 1.3191
v 0.4768 7.4113 1.2361
v 0.5490 7.2852 1.1343
v 0.5224 7.2568 1.1919
v 0.5032 7.4120 1.1590
v 0.5223 7.4253 1.1091
v 0.1783 7.6011 1.4507
v 0.1304 7.6035 1.4617
v 0.0849 7.6060 1.4702
v 0.1283 7.7231 1.4084
v 0.0837 7.7255 1.4167
v 0.1741 7.7205 1.3970
v 0.0415 7.6077 1.4767
v -0.0005 7.6080 1.4816
v 0.0409 7.7270 1.4228
v -0.0006 7.7275 1.4270
v 0.0815 7.8050 1.3687
v 0.0398 7.8064 1.3741
v -0.0006 7.8069 1.3771
v 0.0383 7.8667 1.3324
v -0.0006 7.8672 1.3348
v 0.0782 7.8654 1.3274
v 0.1683 7.8005 1.3486
v 0.1246 7.8029 1.3606
v 0.1194 7.8635 1.3198
v 0.1609 7.8612 1.3079
v 0.3700 7.5929 1.3351
v 0.3261 7.5961 1.3820
v 0.2779 7.5993 1.4133
v 0.3097 7.7146 1.3302
v 0.2662 7.7165 1.3608
v 0.3491 7.7042 1.2867
v 0.2280 7.5997 1.4354
v 0.2205 7.7182 1.3818
v 0.2540 7.7959 1.3113
v 0.2117 7.7982 1.3322
v 0.2015 7.8588 1.2909
v 0.2408 7.8564 1.2692
v 0.3319 7.7867 1.2465
v 0.2946 7.7913 1.2840
v 0.2783 7.8539 1.2429
v 0.3123 7.8509 1.2096
v 0.4871 7.5642 1.0858
v 0.4722 7.5622 1.1281
v 0.4482 7.5678 1.1948
v 0.4339 7.6848 1.1115
v 0.4111 7.6912 1.1689
v 0.4478 7.6820 1.0725
v 0.4107 7.5760 1.2694
v 0.3839 7.6967 1.2308
v 0.3882 7.7787 1.1446
v 0.3630 7.7829 1.1989
v 0.3418 7.8475 1.1673
v 0.3682 7.8432 1.1225
v 0.4221 7.7693 1.0579
v 0.4097 7.7737 1.0941
v 0.3889 7.8377 1.0760
v 0.4002 7.8322 1.0424
v 0.1130 7.9120 1.2845
v 0.0741 7.9137 1.2916
v 0.1056 7.9500 1.2521
v 0.0694 7.9514 1.2586
v 0.1420 7.9484 1.2414
v 0.1520 7.9101 1.2731
v 0.0363 7.9148 1.2960
v -0.0007 7.9152 1.2981
v 0.0340 7.9524 1.2626
v -0.0007 7.9527 1.2644
v 0.0644 7.9805 1.2264
v 0.0316 7.9815 1.2298
v -0.0007 7.9819 1.2313
v 0.0291 8.0047 1.1963
v -0.0007 8.0051 1.1974
v 0.0593 8.0037 1.1936
v 0.1313 7.9779 1.2106
v 0.0978 7.9792 1.2205
v 0.0899 8.0024 1.1886
v 0.1206 8.0011 1.1798
v 0.2600 7.9035 1.2082
v 0.2261 7.9059 1.2345
v 0.2414 7.9431 1.1782
v 0.2103 7.9451 1.2042
v 0.2714 7.9409 1.1479
v 0.2918 7.9011 1.1771
v 0.1899 7.9080 1.2564
v 0.1771 7.9468 1.2254
v 0.1944 7.9753 1.1755
v 0.1638 7.9766 1.1956
v 0.1505 7.9999 1.1662
v 0.1792 7.9987 1.1477
v 0.2522 7.9717 1.1212
v 0.2237 7.9737 1.1506
v 0.2070 7.9972 1.1244
v 0.2341 7.9952 1.0964
v 0.3673 7.8869 1.0562
v 0.3473 7.8936 1.0991
v 0.3437 7.9234 1.0342
v 0.3250 7.9318 1.0738
v 0.3527 7.9146 1.0057
v 0.3774 7.8797 1.0251
v 0.3214 7.8981 1.1406
v 0.3000 7.9375 1.1129
v 0.3022 7.9613 1.0496
v 0.2792 7.9681 1.0871
v 0.2594 7.9914 1.0640
v 0.2806 7.9839 1.0285
v 0.3274 7.9408 0.9861
v 0.3191 7.9511 1.0122
v 0.2960 7.9725 0.9937
v 0.3036 7.9613 0.9697
v 0.1095 8.0204 1.1481
v 0.0816 8.0217 1.1553
v 0.0538 8.0231 1.1592
v 0.0721 8.0377 1.1203
v 0.0474 8.0387 1.1227
v 0.0972 8.0366 1.1151
v 0.0264 8.0241 1.1610
v -0.0007 8.0244 1.1617
v 0.0232 8.0395 1.1235
v -0.0008 8.0398 1.1237
v 0.0400 8.0496 1.0853
v 0.0194 8.0499 1.0853
v -0.0008 8.0499 1.0852
v 0.0155 8.0552 1.0489
v -0.0008 8.0551 1.0487
v 0.0323 8.0555 1.0493
v 0.0834 8.0488 1.0812
v 0.0613 8.0493 1.0843
v 0.0501 8.0560 1.0491
v 0.0690 8.0564 1.0475
v 0.1907 8.0161 1.0993
v 0.1643 8.0177 1.1203
v 0.1732 8.0320 1.0750
v 0.1481 8.0339 1.0929
v 0.1976 8.0293 1.0523
v 0.2162 8.0138 1.0737
v 0.1372 8.0191 1.1366
v 0.1227 8.0354 1.1062
v 0.1299 8.0469 1.0650
v 0.1064 8.0481 1.0750
v 0.0891 8.0565 1.0436
v 0.1104 8.0561 1.0365
v 0.1774 8.0422 1.0311
v 0.1537 8.0451 1.0506
v 0.1327 8.0548 1.0253
v 0.1554 8.0524 1.0091
v 0.2821 7.9778 0.9564
v 0.2748 7.9894 0.9783
v 0.2601 8.0015 1.0105
v 0.2545 8.0034 0.9646
v 0.2400 8.0159 0.9942
v 0.2619 7.9914 0.9445
v 0.2400 8.0096 1.0435
v 0.2205 8.0245 1.0248
v 0.2194 8.0281 0.9781
v 0.1999 8.0372 1.0064
v 0.1778 8.0474 0.9871
v 0.1975 8.0378 0.9607
v 0.2419 8.0023 0.9319
v 0.2341 8.0149 0.9506
v 0.2127 8.0235 0.9346
v 0.2209 8.0100 0.9172
v 0.0396 8.0586 1.0158
v 0.0252 8.0577 1.0157
v 0.0308 8.0583 0.9839
v 0.0193 8.0573 0.9841
v 0.0436 8.0595 0.9830
v 0.0553 8.0597 1.0148
v 0.0119 8.0571 1.0154
v -0.0008 8.0569 1.0152
v 0.0089 8.0567 0.9840
v -0.0008 8.0565 0.9840
v 0.0067 8.0544 0.9533
v 0.0148 8.0548 0.9530
v 0.0114 8.0488 0.9213
v 0.0050 8.0488 0.9220
v -0.0009 8.0542 0.9534
v -0.0009 8.0488 0.9222
v 0.0338 8.0562 0.9511
v 0.0238 8.0554 0.9523
v 0.0185 8.0487 0.9201
v 0.0260 8.0488 0.9186
v 0.1323 8.0589 0.9853
v 0.1111 8.0606 0.9988
v 0.0912 8.0609 1.0072
v 0.0901 8.0618 0.9707
v 0.0732 8.0615 0.9772
v 0.1088 8.0609 0.9596
v 0.0726 8.0605 1.0122
v 0.0577 8.0606 0.9809
v 0.0447 8.0570 0.9493
v 0.0566 8.0578 0.9465
v 0.0418 8.0495 0.9155
v 0.0337 8.0490 0.9172
v 0.0699 8.0583 0.9417
v 0.0853 8.0576 0.9326
v 0.0510 8.0497 0.9122
v 0.0626 8.0487 0.9050
v 0.1984 8.0137 0.9003
v 0.1898 8.0286 0.9164
v 0.1740 8.0442 0.9411
v 0.1648 8.0291 0.8965
v 0.1487 8.0461 0.9193
v 0.1739 8.0130 0.8823
v 0.1541 8.0543 0.9657
v 0.1290 8.0567 0.9421
v 0.1215 8.0425 0.8965
v 0.1031 8.0535 0.9171
v 0.0771 8.0441 0.8918
v 0.0933 8.0327 0.8741
v 0.1471 8.0082 0.8650
v 0.1374 8.0248 0.8765
v 0.1085 8.0153 0.8580
v 0.1183 7.9996 0.8498
v 0.0147 8.0139 0.8589
v 0.0152 8.0358 0.8880
v 0.0214 8.0350 0.8865
v 0.0217 8.0119 0.8575
v 0.0089 8.0368 0.8898
v 0.0075 8.0160 0.8608
v -0.0009 8.0373 0.8910
v 0.0036 8.0373 0.8908
v 0.0026 8.0168 0.8618
v -0.0009 8.0170 0.8621
v -0.0009 7.9873 0.8397
v 0.0017 7.9871 0.8396
v 0.0067 7.9858 0.8391
v 0.0158 7.9826 0.8381
v 0.0256 7.9784 0.8370
v 0.0240 8.0123 0.8558
v 0.0351 8.0350 0.8831
v 0.0420 8.0334 0.8778
v 0.0252 8.0103 0.8521
v 0.0304 8.0351 0.8850
v 0.0251 8.0121 0.8569
v 0.0263 8.0348 0.8857
v 0.0251 8.0115 0.8571
v 0.0299 7.9777 0.8355
v 0.0345 7.9376 0.8259
v 0.0264 7.9792 0.8348
v 0.0285 7.9403 0.8227
v 0.0171 7.9431 0.8205
v 0.0194 7.9805 0.8335
v 0.0154 7.9790 0.8311
v 0.0103 7.9429 0.8185
v 0.0551 7.9805 0.8296
v 0.0801 8.0006 0.8421
v 0.0896 7.9870 0.8376
v 0.0634 7.9702 0.8286
v 0.0663 8.0163 0.8532
v 0.0429 7.9934 0.8353
v 0.0313 8.0042 0.8444
v 0.0525 8.0278 0.8670
v 0.0170 7.9740 0.8270
v 0.0095 7.9401 0.8167
v 0.0244 7.9656 0.8226
v 0.0134 7.9352 0.8154
v 0.0204 7.9296 0.8166
v 0.0343 7.9563 0.8209
v 0.0415 7.9494 0.8227
v 0.0262 7.9259 0.8202
v 0.0273 7.9026 0.8422
v 0.0203 7.8804 0.8493
v -0.0010 7.8787 0.8717
v 0.0244 7.9043 0.8204
v 0.0127 7.9074 0.8170
v 0.0069 7.8783 0.8195
v 0.0149 7.8770 0.8246
v 0.0067 7.9079 0.8152
v 0.0040 7.8785 0.8179
v 0.0328 7.9016 0.8263
v 0.0229 7.8760 0.8324
v 0.0013 7.8587 0.8249
v 0.0016 7.8605 0.8217
v -0.0009 7.8528 0.8258
v 0.0090 7.9045 0.8147
v 0.0138 7.9020 0.8173
v 0.0099 7.8764 0.8216
v 0.0068 7.8765 0.8187
v 0.0175 7.9010 0.8216
v 0.0119 7.8778 0.8257
v 0.0062 7.9067 0.8145
v 0.0045 7.8775 0.8177
v 0.0021 7.8582 0.8221
v 0.0035 7.8582 0.8230
v -0.0009 7.8524 0.8248
v -0.0009 7.8541 0.8276
v 0.0050 7.8596 0.8259
v 0.0059 7.8621 0.8297
v -0.0009 7.8567 0.8313
v -0.0791 6.9451 1.4812
v -0.0805 6.9814 1.5263
v -0.1237 6.9850 1.5210
v -0.1215 6.9468 1.4759
v -0.1697 6.9906 1.5109
v -0.1668 6.9502 1.4668
v -0.1271 7.0603 1.5584
v -0.1742 7.0666 1.5473
v -0.0827 7.0574 1.5639
v -0.1301 7.2117 1.5611
v -0.1781 7.2144 1.5509
v -0.1318 7.4180 1.5281
v -0.1801 7.4137 1.5196
v -0.0848 7.2123 1.5663
v -0.0859 7.4230 1.5323
v -0.0409 7.0574 1.5648
v -0.0418 7.2139 1.5671
v -0.0425 7.4257 1.5333
v -0.0398 6.9806 1.5280
v -0.0392 6.9442 1.4839
v -0.3202 6.9619 1.3972
v -0.3242 7.0084 1.4401
v -0.3780 7.0089 1.3911
v -0.3704 6.9596 1.3505
v -0.3299 7.0863 1.4749
v -0.3837 7.0906 1.4290
v -0.2705 7.0041 1.4724
v -0.2761 7.0800 1.5070
v -0.2669 6.9596 1.4300
v -0.3338 7.2292 1.4799
v -0.3855 7.2323 1.4351
v -0.3332 7.4138 1.4506
v -0.3825 7.4108 1.4053
v -0.2807 7.2243 1.5119
v -0.2820 7.4140 1.4829
v -0.2239 7.0735 1.5304
v -0.2285 7.2193 1.5349
v -0.2305 7.4131 1.5052
v -0.2154 6.9549 1.4523
v -0.2187 6.9975 1.4951
v -0.5047 7.0126 1.1766
v -0.5405 7.0292 1.0997
v -0.5444 6.9782 1.1179
v -0.5078 6.9571 1.1804
v -0.5045 7.1013 1.1627
v -0.5321 7.1160 1.0831
v -0.4611 7.0047 1.2587
v -0.4635 7.0895 1.2654
v -0.4577 6.9494 1.2470
v -0.5154 7.2464 1.1666
v -0.5370 7.2511 1.0874
v -0.4953 7.4101 1.1709
v -0.5108 7.4039 1.1029
v -0.4772 7.2396 1.2720
v -0.4628 7.4150 1.2630
v -0.4324 7.0908 1.3585
v -0.4291 7.2303 1.3700
v -0.4255 7.4147 1.3442
v -0.4135 6.9537 1.2995
v -0.4218 7.0061 1.3284
v -0.1316 7.5977 1.4822
v -0.1794 7.5913 1.4749
v -0.1294 7.7198 1.4289
v -0.1755 7.7148 1.4217
v -0.0860 7.6039 1.4851
v -0.0848 7.7243 1.4310
v -0.1252 7.8011 1.3764
v -0.1691 7.7973 1.3691
v -0.1199 7.8622 1.3300
v -0.1614 7.8588 1.3221
v -0.0825 7.8044 1.3788
v -0.0792 7.8650 1.3335
v -0.0410 7.8063 1.3785
v -0.0421 7.7267 1.4299
v -0.0395 7.8667 1.3349
v -0.0425 7.6070 1.4846
v -0.3270 7.5848 1.4049
v -0.3749 7.5841 1.3599
v -0.3145 7.7084 1.3521
v -0.3579 7.7068 1.3087
v -0.2784 7.5869 1.4383
v -0.2694 7.7091 1.3848
v -0.2990 7.7895 1.3007
v -0.3389 7.7872 1.2603
v -0.2827 7.8506 1.2553
v -0.3193 7.8479 1.2180
v -0.2572 7.7916 1.3322
v -0.2438 7.8531 1.2853
v -0.2135 7.7940 1.3548
v -0.2226 7.7110 1.4077
v -0.2031 7.8557 1.3075
v -0.2287 7.5877 1.4610
v -0.4845 7.5638 1.1545
v -0.4959 7.5537 1.1002
v -0.4605 7.6867 1.1338
v -0.4711 7.6795 1.0901
v -0.4580 7.5753 1.2299
v -0.4365 7.6963 1.1946
v -0.4278 7.7739 1.1084
v -0.4380 7.7689 1.0711
v -0.4018 7.8360 1.0821
v -0.4123 7.8305 1.0485
v -0.4062 7.7793 1.1601
v -0.3806 7.8410 1.1285
v -0.3996 7.7029 1.2552
v -0.3761 7.7839 1.2123
v -0.3527 7.8447 1.1750
v -0.4217 7.5819 1.3013
v -0.0751 7.9134 1.2956
v -0.1134 7.9111 1.2905
v -0.1523 7.9083 1.2816
v -0.1062 7.9495 1.2561
v -0.1421 7.9473 1.2465
v -0.0705 7.9513 1.2618
v -0.0985 7.9790 1.2234
v -0.1315 7.9773 1.2138
v -0.0907 8.0023 1.1903
v -0.1208 8.0009 1.1816
v -0.0656 7.9805 1.2288
v -0.0605 8.0037 1.1951
v -0.0330 7.9815 1.2311
v -0.0353 7.9524 1.2642
v -0.0306 8.0048 1.1972
v -0.0376 7.9148 1.2980
v -0.2288 7.9032 1.2451
v -0.2649 7.9009 1.2165
v -0.2991 7.8983 1.1820
v -0.2458 7.9413 1.1832
v -0.2781 7.9390 1.1510
v -0.2125 7.9433 1.2104
v -0.2267 7.9726 1.1534
v -0.2569 7.9706 1.1232
v -0.2086 7.9966 1.1258
v -0.2366 7.9946 1.0977
v -0.1958 7.9742 1.1790
v -0.1799 7.9982 1.1494
v -0.1641 7.9757 1.1992
v -0.1778 7.9452 1.2316
v -0.1506 7.9996 1.1680
v -0.1911 7.9056 1.2669
v -0.3580 7.8901 1.1000
v -0.3788 7.8833 1.0572
v -0.3892 7.8760 1.0262
v -0.3546 7.9208 1.0340
v -0.3647 7.9117 1.0053
v -0.3348 7.9296 1.0742
v -0.3286 7.9497 1.0131
v -0.3384 7.9392 0.9866
v -0.3030 7.9718 0.9949
v -0.3124 7.9605 0.9707
v -0.3101 7.9601 1.0508
v -0.2858 7.9832 1.0298
v -0.2856 7.9670 1.0886
v -0.3085 7.9355 1.1143
v -0.2631 7.9907 1.0653
v -0.3308 7.8949 1.1427
v -0.0825 8.0218 1.1561
v -0.1099 8.0204 1.1489
v -0.0733 8.0377 1.1205
v -0.0980 8.0366 1.1153
v -0.0551 8.0231 1.1599
v -0.0489 8.0387 1.1229
v -0.0628 8.0493 1.0845
v -0.0847 8.0488 1.0814
v -0.0517 8.0560 1.0493
v -0.0706 8.0563 1.0478
v -0.0416 8.0496 1.0854
v -0.0340 8.0555 1.0493
v -0.0247 8.0395 1.1236
v -0.0210 8.0499 1.0853
v -0.0171 8.0552 1.0489
v -0.0279 8.0241 1.1614
v -0.1644 8.0176 1.1209
v -0.1911 8.0159 1.1000
v -0.2172 8.0135 1.0744
v -0.1733 8.0319 1.0753
v -0.1978 8.0292 1.0526
v -0.1483 8.0339 1.0931
v -0.1542 8.0451 1.0507
v -0.1776 8.0423 1.0313
v -0.1337 8.0548 1.0254
v -0.1561 8.0524 1.0091
v -0.1307 8.0469 1.0652
v -0.1118 8.0561 1.0367
v -0.1074 8.0481 1.0753
v -0.1231 8.0354 1.1064
v -0.0907 8.0565 1.0439
v -0.1372 8.0191 1.1372
v -0.2793 7.9891 0.9792
v -0.2883 7.9774 0.9571
v -0.2571 8.0033 0.9649
v -0.2659 7.9912 0.9447
v -0.2630 8.0011 1.0114
v -0.2414 8.0158 0.9947
v -0.2354 8.0149 0.9505
v -0.2443 8.0023 0.9317
v -0.2134 8.0236 0.9345
v -0.2223 8.0100 0.9170
v -0.2199 8.0281 0.9782
v -0.1978 8.0378 0.9606
v -0.2211 8.0244 1.0252
v -0.2001 8.0372 1.0066
v -0.1781 8.0474 0.9870
v -0.2418 8.0092 1.0444
v -0.0269 8.0577 1.0158
v -0.0413 8.0586 1.0159
v -0.0571 8.0596 1.0151
v -0.0325 8.0583 0.9840
v -0.0453 8.0595 0.9831
v -0.0210 8.0573 0.9841
v -0.0255 8.0554 0.9522
v -0.0354 8.0563 0.9509
v -0.0277 8.0488 0.9182
v -0.0202 8.0488 0.9199
v -0.0165 8.0548 0.9530
v -0.0131 8.0488 0.9213
v -0.0084 8.0544 0.9533
v -0.0067 8.0488 0.9220
v -0.0106 8.0567 0.9840
v -0.0136 8.0571 1.0154
v -0.1126 8.0605 0.9988
v -0.1335 8.0589 0.9852
v -0.0917 8.0618 0.9708
v -0.1102 8.0609 0.9596
v -0.0929 8.0609 1.0074
v -0.0749 8.0615 0.9774
v -0.0714 8.0584 0.9416
v -0.0867 8.0577 0.9325
v -0.0642 8.0488 0.9048
v -0.0527 8.0498 0.9119
v -0.0582 8.0580 0.9464
v -0.0435 8.0496 0.9151
v -0.0463 8.0572 0.9492
v -0.0354 8.0491 0.9168
v -0.0594 8.0607 0.9811
v -0.0743 8.0605 1.0125
v -0.1903 8.0285 0.9162
v -0.1993 8.0136 0.9002
v -0.1655 8.0291 0.8964
v -0.1748 8.0130 0.8823
v -0.1745 8.0442 0.9409
v -0.1495 8.0461 0.9191
v -0.1387 8.0248 0.8764
v -0.1483 8.0083 0.8650
v -0.1102 8.0155 0.8581
v -0.1201 7.9997 0.8499
v -0.1227 8.0426 0.8964
v -0.0949 8.0328 0.8740
v -0.1302 8.0566 0.9420
v -0.1045 8.0535 0.9170
v -0.0787 8.0442 0.8916
v -0.1548 8.0543 0.9655
v -0.0234 8.0345 0.8865
v -0.0171 8.0356 0.8880
v -0.0165 8.0135 0.8595
v -0.0235 8.0109 0.8585
v -0.0108 8.0368 0.8898
v -0.0093 8.0159 0.8610
v -0.0266 7.9774 0.8383
v -0.0172 7.9823 0.8388
v -0.0084 7.9858 0.8393
v -0.0035 7.9871 0.8396
v -0.0044 8.0169 0.8618
v -0.0054 8.0373 0.8908
v -0.0439 8.0331 0.8778
v -0.0371 8.0345 0.8830
v -0.0261 8.0108 0.8567
v -0.0273 8.0092 0.8528
v -0.0325 8.0344 0.8849
v -0.0270 8.0105 0.8580
v -0.0172 7.9775 0.8323
v -0.0208 7.9786 0.8349
v -0.0187 7.9407 0.8210
v -0.0120 7.9413 0.8190
v -0.0274 7.9772 0.8364
v -0.0300 7.9377 0.8234
v -0.0360 7.9355 0.8268
v -0.0307 7.9761 0.8371
v -0.0269 8.0100 0.8582
v -0.0284 8.0342 0.8856
v -0.0917 7.9873 0.8380
v -0.0822 8.0008 0.8424
v -0.0575 7.9808 0.8301
v -0.0659 7.9708 0.8291
v -0.0683 8.0163 0.8534
v -0.0451 7.9932 0.8358
v -0.0439 7.9503 0.8232
v -0.0366 7.9567 0.8214
v -0.0225 7.9302 0.8169
v -0.0283 7.9269 0.8205
v -0.0266 7.9655 0.8231
v -0.0155 7.9351 0.8158
v -0.0114 7.9393 0.8172
v -0.0190 7.9732 0.8278
v -0.0334 8.0036 0.8450
v -0.0544 8.0277 0.8670
v -0.0086 7.8767 0.8192
v -0.0144 7.9049 0.8169
v -0.0263 7.9014 0.8202
v -0.0166 7.8749 0.8240
v -0.0085 7.9064 0.8153
v -0.0058 7.8776 0.8178
v -0.0035 7.8602 0.8217
v -0.0031 7.8583 0.8248
v -0.0251 7.8739 0.8320
v -0.0350 7.8990 0.8265
v -0.0118 7.8767 0.8218
v -0.0157 7.9026 0.8175
v -0.0110 7.9044 0.8149
v -0.0088 7.8765 0.8187
v -0.0195 7.9018 0.8218
v -0.0139 7.8782 0.8258
v -0.0078 7.8621 0.8297
v -0.0069 7.8596 0.8260
v -0.0054 7.8582 0.8230
v -0.0040 7.8581 0.8221
v -0.0064 7.8771 0.8177
v -0.0081 7.9061 0.8146
v -0.0027 7.9534 0.8387
v 0.0009 7.9535 0.8386
v -0.0009 7.9537 0.8386
v -0.0069 7.9522 0.8389
v 0.0052 7.9522 0.8388
v -0.0009 7.8572 0.8440
v -0.0053 7.8615 0.8406
v 0.0088 7.8730 0.8608
v -0.0108 7.8724 0.8608
v -0.0098 7.8646 0.8499
v -0.0156 7.9480 0.8393
v 0.0141 7.9483 0.8389
v -0.0228 7.8785 0.8492
v 0.0261 7.9370 0.8373
v -0.0277 7.9358 0.8381
v -0.0295 7.9006 0.8426
v 0.0079 7.8650 0.8501
v -0.0009 7.8678 0.8613
v 0.0034 7.8619 0.8408
v 0.0156 7.9683 1.0271
v -0.0008 7.9681 1.0273
v 0.0319 7.9690 1.0265
v 0.0480 7.9699 1.0251
v 0.0640 7.9709 1.0226
v 0.0797 7.9717 1.0188
v 0.0953 7.9719 1.0130
v 0.1110 7.9715 1.0047
v 0.1267 7.9699 0.9934
v 0.1427 7.9667 0.9789
v 0.1589 7.9607 0.9619
v 0.1745 7.9532 0.9445
v 0.1835 7.9504 0.9324
v 0.0438 7.9704 1.0091
v 0.0290 7.9693 1.0101
v 0.0374 7.9700 0.9859
v 0.0246 7.9689 0.9866
v 0.0502 7.9712 0.9848
v 0.0585 7.9716 1.0073
v 0.0141 7.9686 1.0106
v -0.0008 7.9683 1.0107
v 0.0119 7.9682 0.9869
v -0.0008 7.9679 0.9870
v 0.0095 7.9666 0.9642
v 0.0199 7.9672 0.9640
v 0.0146 7.9637 0.9441
v 0.0068 7.9634 0.9442
v -0.0009 7.9664 0.9642
v -0.0009 7.9633 0.9442
v 0.0412 7.9690 0.9630
v 0.0304 7.9680 0.9636
v 0.0227 7.9641 0.9439
v 0.0311 7.9646 0.9436
v 0.1171 7.9723 0.9829
v 0.1023 7.9733 0.9928
v 0.0877 7.9733 0.9997
v 0.0894 7.9738 0.9745
v 0.0762 7.9734 0.9797
v 0.1028 7.9734 0.9667
v 0.0731 7.9726 1.0043
v 0.0631 7.9724 0.9829
v 0.0523 7.9700 0.9619
v 0.0637 7.9709 0.9597
v 0.0495 7.9657 0.9417
v 0.0400 7.9652 0.9430
v 0.0754 7.9715 0.9560
v 0.0874 7.9715 0.9501
v 0.0594 7.9661 0.9391
v 0.0698 7.9661 0.9349
v 0.1732 7.9526 0.9255
v 0.1625 7.9560 0.9380
v 0.1474 7.9641 0.9546
v 0.1441 7.9590 0.9290
v 0.1305 7.9669 0.9433
v 0.1541 7.9551 0.9171
v 0.1322 7.9697 0.9700
v 0.1166 7.9717 0.9562
v 0.1123 7.9664 0.9317
v 0.0998 7.9704 0.9419
v 0.0807 7.9653 0.9287
v 0.0921 7.9619 0.9210
v 0.1333 7.9550 0.9090
v 0.1246 7.9590 0.9198
v 0.1034 7.9553 0.9114
v 0.1111 7.9518 0.9017
v 0.0075 7.9503 0.9130
v 0.0142 7.9581 0.9270
v 0.0198 7.9581 0.9269
v 0.0110 7.9501 0.9132
v 0.0090 7.9581 0.9272
v 0.0046 7.9506 0.9132
v -0.0009 7.9580 0.9273
v 0.0040 7.9581 0.9273
v 0.0018 7.9506 0.9132
v -0.0009 7.9506 0.9132
v -0.0009 7.9405 0.9000
v 0.0004 7.9405 0.9000
v 0.0018 7.9405 0.9000
v 0.0035 7.9402 0.9001
v 0.0061 7.9394 0.9014
v 0.0269 7.9500 0.9137
v 0.0413 7.9583 0.9247
v 0.0498 7.9581 0.9218
v 0.0336 7.9494 0.9119
v 0.0335 7.9584 0.9264
v 0.0210 7.9503 0.9144
v 0.0263 7.9583 0.9269
v 0.0157 7.9502 0.9141
v 0.0089 7.9396 0.9050
v 0.0054 7.9239 0.8982
v 0.0129 7.9401 0.9065
v 0.0078 7.9244 0.9020
v 0.0113 7.9246 0.9027
v 0.0174 7.9399 0.9065
v 0.0225 7.9391 0.9055
v 0.0153 7.9241 0.9023
v 0.0591 7.9407 0.8995
v 0.0799 7.9486 0.9044
v 0.0873 7.9459 0.8959
v 0.0655 7.9386 0.8920
v 0.0694 7.9541 0.9119
v 0.0500 7.9452 0.9052
v 0.0412 7.9481 0.9090
v 0.0592 7.9571 0.9175
v 0.0286 7.9376 0.9038
v 0.0200 7.9231 0.9014
v 0.0356 7.9350 0.9015
v 0.0255 7.9216 0.9001
v 0.0311 7.9195 0.8968
v 0.0430 7.9315 0.8972
v 0.0480 7.9296 0.8903
v 0.0346 7.9181 0.8905
v 0.0100 7.9041 0.8806
v 0.0073 7.8871 0.8845
v -0.0009 7.8796 0.8964
v 0.0046 7.9077 0.9013
v 0.0071 7.9081 0.9020
v 0.0040 7.8943 0.9032
v 0.0023 7.8930 0.9010
v 0.0101 7.9080 0.9019
v 0.0060 7.8945 0.9034
v 0.0038 7.9065 0.8978
v 0.0023 7.8913 0.8984
v -0.0009 7.8813 0.9038
v 0.0014 7.8848 0.9033
v 0.0026 7.8860 0.9053
v 0.0178 7.9069 0.9008
v 0.0220 7.9059 0.8982
v 0.0142 7.8935 0.9008
v 0.0115 7.8943 0.9029
v 0.0244 7.9048 0.8923
v 0.0158 7.8924 0.8951
v 0.0137 7.9075 0.9015
v 0.0086 7.8945 0.9032
v 0.0051 7.8873 0.9050
v 0.0069 7.8872 0.9048
v -0.0009 7.8827 0.9050
v 0.0069 7.8854 0.9034
v 0.0076 7.8838 0.8978
v -0.0009 7.8807 0.8990
v -0.0497 7.9699 1.0251
v -0.0656 7.9709 1.0227
v -0.0335 7.9690 1.0265
v -0.0172 7.9683 1.0272
v -0.1126 7.9715 1.0049
v -0.1284 7.9699 0.9935
v -0.0970 7.9720 1.0131
v -0.0814 7.9717 1.0189
v -0.1763 7.9533 0.9447
v -0.1853 7.9504 0.9326
v -0.1606 7.9607 0.9621
v -0.1444 7.9667 0.9791
v -0.0307 7.9693 1.0101
v -0.0455 7.9704 1.0091
v -0.0602 7.9716 1.0073
v -0.0391 7.9700 0.9860
v -0.0519 7.9712 0.9849
v -0.0263 7.9689 0.9866
v -0.0322 7.9680 0.9637
v -0.0429 7.9690 0.9630
v -0.0328 7.9646 0.9436
v -0.0244 7.9641 0.9439
v -0.0216 7.9672 0.9640
v -0.0164 7.9637 0.9441
v -0.0112 7.9666 0.9642
v -0.0086 7.9634 0.9442
v -0.0136 7.9681 0.9869
v -0.0158 7.9685 1.0106
v -0.1040 7.9732 0.9929
v -0.1188 7.9723 0.9831
v -0.0911 7.9738 0.9746
v -0.1045 7.9735 0.9668
v -0.0893 7.9733 0.9998
v -0.0779 7.9733 0.9798
v -0.0771 7.9715 0.9561
v -0.0891 7.9715 0.9502
v -0.0715 7.9661 0.9349
v -0.0611 7.9661 0.9392
v -0.0654 7.9709 0.9598
v -0.0512 7.9657 0.9417
v -0.0540 7.9700 0.9619
v -0.0417 7.9652 0.9431
v -0.0648 7.9724 0.9830
v -0.0748 7.9726 1.0044
v -0.1642 7.9560 0.9382
v -0.1750 7.9526 0.9257
v -0.1458 7.9590 0.9291
v -0.1559 7.9550 0.9173
v -0.1492 7.9642 0.9547
v -0.1322 7.9670 0.9434
v -0.1264 7.9590 0.9199
v -0.1351 7.9550 0.9091
v -0.1051 7.9553 0.9115
v -0.1128 7.9518 0.9019
v -0.1141 7.9664 0.9318
v -0.0939 7.9619 0.9211
v -0.1183 7.9718 0.9563
v -0.1015 7.9704 0.9420
v -0.0825 7.9653 0.9288
v -0.1339 7.9697 0.9702
v -0.0216 7.9581 0.9269
v -0.0159 7.9581 0.9271
v -0.0093 7.9503 0.9130
v -0.0128 7.9500 0.9132
v -0.0107 7.9581 0.9272
v -0.0064 7.9505 0.9132
v -0.0078 7.9394 0.9014
v -0.0053 7.9402 0.9001
v -0.0036 7.9405 0.9000
v -0.0022 7.9405 0.9000
v -0.0036 7.9506 0.9132
v -0.0057 7.9581 0.9273
v -0.0515 7.9581 0.9219
v -0.0430 7.9583 0.9248
v -0.0287 7.9500 0.9137
v -0.0353 7.9494 0.9119
v -0.0352 7.9584 0.9264
v -0.0228 7.9503 0.9145
v -0.0243 7.9391 0.9056
v -0.0192 7.9399 0.9065
v -0.0131 7.9247 0.9028
v -0.0171 7.9242 0.9024
v -0.0147 7.9400 0.9065
v -0.0096 7.9246 0.9021
v -0.0071 7.9240 0.8983
v -0.0106 7.9397 0.9051
v -0.0174 7.9502 0.9141
v -0.0281 7.9583 0.9269
v -0.0890 7.9460 0.8960
v -0.0817 7.9487 0.9045
v -0.0609 7.9408 0.8996
v -0.0673 7.9388 0.8921
v -0.0712 7.9541 0.9119
v -0.0517 7.9453 0.9053
v -0.0498 7.9302 0.8904
v -0.0448 7.9317 0.8972
v -0.0329 7.9199 0.8969
v -0.0365 7.9188 0.8906
v -0.0374 7.9351 0.9015
v -0.0273 7.9218 0.9002
v -0.0218 7.9233 0.9015
v -0.0304 7.9376 0.9039
v -0.0430 7.9481 0.9091
v -0.0609 7.9571 0.9175
v -0.0059 7.8952 0.9032
v -0.0091 7.9088 0.9023
v -0.0065 7.9083 0.9014
v -0.0043 7.8936 0.9003
v -0.0120 7.9086 0.9022
v -0.0079 7.8955 0.9036
v -0.0044 7.8863 0.9053
v -0.0032 7.8851 0.9033
v -0.0043 7.8915 0.8978
v -0.0055 7.9070 0.8979
v -0.0161 7.8944 0.9009
v -0.0239 7.9065 0.8985
v -0.0198 7.9075 0.9011
v -0.0134 7.8952 0.9030
v -0.0264 7.9056 0.8925
v -0.0177 7.8932 0.8952
v -0.0094 7.8841 0.8978
v -0.0086 7.8856 0.9034
v -0.0087 7.8876 0.9048
v -0.0069 7.8877 0.9051
v -0.0105 7.8955 0.9034
v -0.0156 7.9082 0.9018
v -0.0016 7.9346 0.8760
v -0.0002 7.9346 0.8760
v -0.0009 7.9347 0.8760
v -0.0031 7.9343 0.8761
v 0.0013 7.9343 0.8761
v -0.0009 7.8738 0.8870
v -0.0027 7.8783 0.8888
v 0.0030 7.8778 0.8894
v -0.0049 7.8777 0.8894
v -0.0038 7.8764 0.8892
v -0.0062 7.9327 0.8771
v 0.0045 7.9327 0.8770
v -0.0093 7.8869 0.8844
v 0.0082 7.9257 0.8817
v -0.0098 7.9256 0.8819
v -0.0115 7.9040 0.8810
v 0.0020 7.8764 0.8894
v -0.0009 7.8739 0.8910
v 0.0009 7.8782 0.8891
v 0.4720 5.7514 0.0199
v 0.5316 5.7568 0.0040
v 0.5600 5.7490 0.0733
v 0.4968 5.7426 0.0826
v 0.6277 5.7670 -0.0197
v 0.6581 5.7621 0.0615
v 0.4976 5.7621 -0.0617
v 0.5902 5.7695 -0.0975
v 0.4420 5.7577 -0.0392
v 0.7036 5.8055 -0.0298
v 0.7341 5.8040 0.0613
v 0.7630 5.8730 -0.0269
v 0.7935 5.8735 0.0727
v 0.6646 5.8048 -0.1181
v 0.7230 5.8705 -0.1242
v 0.5462 5.7705 -0.1702
v 0.6176 5.8027 -0.2015
v 0.6737 5.8667 -0.2165
v 0.5627 5.8001 -0.2772
v 0.6148 5.8624 -0.3007
v 0.4962 5.7710 -0.2356
v 0.4077 5.7622 -0.0939
v 0.4588 5.7657 -0.1224
v 0.4160 5.7685 -0.1769
v 0.3701 5.7658 -0.1430
v 0.3296 5.7691 -0.1857
v 0.3695 5.7714 -0.2238
v 0.4407 5.7719 -0.2919
v 0.3200 5.7743 -0.2628
v 0.3810 5.7730 -0.3386
v 0.2866 5.7722 -0.2218
v 0.5004 5.7979 -0.3428
v 0.5468 5.8583 -0.3740
v 0.4325 5.7963 -0.3975
v 0.4721 5.8549 -0.4351
v 0.3185 5.7741 -0.3765
v 0.3612 5.7953 -0.4418
v 0.3936 5.8524 -0.4845
v 0.2882 5.7948 -0.4765
v 0.3137 5.8508 -0.5231
v 0.2545 5.7752 -0.4063
v 0.2414 5.7747 -0.2514
v 0.2683 5.7767 -0.2947
v 0.2151 5.7786 -0.3198
v 0.1942 5.7767 -0.2747
v 0.1456 5.7782 -0.2918
v 0.1609 5.7800 -0.3384
v 0.1901 5.7760 -0.4285
v 0.1063 5.7809 -0.3507
v 0.1256 5.7764 -0.4436
v 0.0963 5.7792 -0.3032
v 0.2150 5.7946 -0.5024
v 0.2339 5.8500 -0.5521
v 0.1421 5.7947 -0.5201
v 0.1546 5.8498 -0.5721
v 0.0613 5.7762 -0.4511
v 0.0695 5.7946 -0.5299
v 0.0758 5.8497 -0.5834
v -0.0027 5.7943 -0.5316
v -0.0026 5.8497 -0.5863
v -0.0028 5.7759 -0.4510
v 0.0468 5.7804 -0.3090
v 0.0517 5.7818 -0.3560
v -0.0028 5.7827 -0.3548
v -0.0029 5.7815 -0.3094
v 0.3086 5.5664 0.9491
v 0.2604 5.5803 0.9780
v 0.2245 5.5721 0.9237
v 0.2589 5.5593 0.8912
v 0.3786 5.5850 1.0136
v 0.3232 5.5980 1.0437
v 0.3824 5.5543 0.8963
v 0.4580 5.5776 0.9542
v 0.3233 5.5466 0.8417
v 0.4436 5.6312 1.0520
v 0.3862 5.6390 1.0862
v 0.5008 5.7058 1.0810
v 0.4441 5.7063 1.1161
v 0.5238 5.6336 0.9885
v 0.5771 5.7185 1.0168
v 0.5305 5.5842 0.8797
v 0.5954 5.6505 0.9113
v 0.6442 5.7439 0.9402
v 0.6544 5.6792 0.8241
v 0.6993 5.7760 0.8544
v 0.5917 5.6056 0.7939
v 0.3854 5.5454 0.7784
v 0.4505 5.5550 0.8284
v 0.5090 5.5712 0.7485
v 0.4390 5.5593 0.7038
v 0.4804 5.5865 0.6206
v 0.5530 5.6003 0.6589
v 0.6377 5.6365 0.6991
v 0.5806 5.6342 0.5647
v 0.6679 5.6683 0.6003
v 0.5077 5.6201 0.5336
v 0.6988 5.7111 0.7286
v 0.7422 5.8060 0.7609
v 0.7301 5.7381 0.6293
v 0.7753 5.8278 0.6632
v 0.6865 5.6944 0.5024
v 0.7518 5.7575 0.5302
v 0.8003 5.8421 0.5648
v 0.7652 5.7723 0.4335
v 0.8164 5.8533 0.4670
v 0.6970 5.7144 0.4079
v 0.5235 5.6516 0.4478
v 0.5958 5.6646 0.4717
v 0.6029 5.6885 0.3831
v 0.5313 5.6773 0.3661
v 0.5325 5.6986 0.2893
v 0.6031 5.7083 0.2998
v 0.6997 5.7307 0.3174
v 0.5961 5.7248 0.2209
v 0.6943 5.7439 0.2299
v 0.5272 5.7164 0.2169
v 0.7706 5.7843 0.3391
v 0.8242 5.8622 0.3694
v 0.7677 5.7934 0.2459
v 0.8237 5.8681 0.2713
v 0.6804 5.7544 0.1448
v 0.7556 5.7999 0.1534
v 0.8138 5.8718 0.1724
v 0.5153 5.7310 0.1482
v 0.5817 5.7383 0.1456
v 0.7717 5.9483 -0.1208
v 0.8118 5.9517 -0.0153
v 0.8410 5.9536 0.0921
v 0.8429 6.0322 0.0033
v 0.8691 6.0352 0.1165
v 0.8044 6.0284 -0.1084
v 0.8547 6.1098 0.0268
v 0.8780 6.1134 0.1429
v 0.8569 6.1868 0.0529
v 0.8787 6.1904 0.1702
v 0.8180 6.1062 -0.0883
v 0.8207 6.1838 -0.0636
v 0.7680 6.1024 -0.1991
v 0.7537 6.0238 -0.2155
v 0.7706 6.1810 -0.1759
v 0.7051 6.0983 -0.3022
v 0.7076 6.1780 -0.2809
v 0.6906 6.0188 -0.3145
v 0.7209 5.9436 -0.2213
v 0.6588 5.9384 -0.3134
v 0.5863 5.9334 -0.3939
v 0.6159 6.0136 -0.4017
v 0.5062 5.9289 -0.4611
v 0.5327 6.0087 -0.4752
v 0.6305 6.0938 -0.3943
v 0.6333 6.1746 -0.3755
v 0.5469 6.0895 -0.4731
v 0.5502 6.1712 -0.4574
v 0.4446 6.0047 -0.5351
v 0.4576 6.0858 -0.5380
v 0.4613 6.1683 -0.5257
v 0.3658 6.0832 -0.5892
v 0.3693 6.1662 -0.5799
v 0.3546 6.0020 -0.5822
v 0.3361 5.9229 -0.5583
v 0.4218 5.9253 -0.5156
v 0.2506 5.9217 -0.5903
v 0.2647 6.0005 -0.6174
v 0.1657 5.9212 -0.6125
v 0.1752 5.9999 -0.6418
v 0.2734 6.0818 -0.6275
v 0.2763 6.1650 -0.6204
v 0.1811 6.0812 -0.6538
v 0.1832 6.1645 -0.6481
v 0.0862 5.9998 -0.6557
v 0.0892 6.0811 -0.6688
v 0.0903 6.1644 -0.6638
v -0.0023 6.0811 -0.6732
v -0.0022 6.1644 -0.6685
v -0.0024 5.9998 -0.6597
v -0.0025 5.9211 -0.6287
v 0.0814 5.9211 -0.6252
v 0.5423 5.7977 1.1050
v 0.4893 5.7914 1.1399
v 0.5630 5.9033 1.1202
v 0.5158 5.8909 1.1554
v 0.6114 5.8198 1.0414
v 0.6242 5.9316 1.0573
v 0.5684 6.0188 1.1310
v 0.5263 6.0022 1.1655
v 0.5690 6.1345 1.1397
v 0.5302 6.1171 1.1739
v 0.6249 6.0481 1.0694
v 0.6228 6.1589 1.0786
v 0.6788 5.9630 0.9839
v 0.6768 6.0748 0.9979
v 0.6725 6.1775 1.0082
v 0.7251 6.0933 0.9206
v 0.7186 6.1881 0.9337
v 0.7284 5.9892 0.9038
v 0.6722 5.8503 0.9663
v 0.7240 5.8812 0.8831
v 0.7676 5.9064 0.7932
v 0.7730 6.0078 0.8185
v 0.8041 5.9232 0.6994
v 0.8117 6.0194 0.7296
v 0.7690 6.1043 0.8391
v 0.7609 6.1930 0.8564
v 0.8070 6.1105 0.7542
v 0.7978 6.1950 0.7747
v 0.8427 6.0274 0.6378
v 0.8376 6.1149 0.6651
v 0.8285 6.1968 0.6893
v 0.8607 6.1192 0.5720
v 0.8527 6.1994 0.5990
v 0.8644 6.0342 0.5419
v 0.8326 5.9343 0.6036
v 0.8517 5.9434 0.5062
v 0.8624 5.9498 0.4059
v 0.8785 6.0383 0.4416
v 0.8652 5.9531 0.3034
v 0.8851 6.0391 0.3367
v 0.8773 6.1213 0.4729
v 0.8712 6.2001 0.5015
v 0.8870 6.1202 0.3675
v 0.8834 6.1980 0.3966
v 0.8827 6.0377 0.2281
v 0.8881 6.1171 0.2570
v 0.8868 6.1943 0.2854
v 0.8586 5.9541 0.1988
v 0.8547 6.2691 0.0813
v 0.8761 6.2718 0.1987
v 0.8488 6.3623 0.1128
v 0.8701 6.3632 0.2291
v 0.8182 6.2671 -0.0352
v 0.8123 6.3622 -0.0026
v 0.8403 6.4712 0.1451
v 0.8622 6.4690 0.2598
v 0.8328 6.6009 0.1732
v 0.8559 6.5953 0.2868
v 0.8032 6.4744 0.0319
v 0.7943 6.6084 0.0608
v 0.7614 6.3624 -0.1143
v 0.7519 6.4781 -0.0779
v 0.7419 6.6173 -0.0485
v 0.6881 6.4820 -0.1820
v 0.6774 6.6269 -0.1524
v 0.6978 6.3626 -0.2195
v 0.7677 6.2653 -0.1477
v 0.7043 6.2635 -0.2534
v 0.6301 6.2615 -0.3492
v 0.6237 6.3627 -0.3156
v 0.5477 6.2594 -0.4330
v 0.5417 6.3628 -0.4002
v 0.6142 6.4859 -0.2776
v 0.6032 6.6367 -0.2478
v 0.5331 6.4897 -0.3621
v 0.5224 6.6463 -0.3320
v 0.4546 6.3631 -0.4718
v 0.4471 6.4934 -0.4340
v 0.4373 6.6548 -0.4030
v 0.3584 6.4964 -0.4919
v 0.3500 6.6616 -0.4598
v 0.3644 6.3635 -0.5294
v 0.4596 6.2577 -0.5034
v 0.3683 6.2565 -0.5598
v 0.2757 6.2558 -0.6019
v 0.2729 6.3637 -0.5725
v 0.1828 6.2554 -0.6306
v 0.1810 6.3638 -0.6018
v 0.2683 6.4984 -0.5352
v 0.2617 6.6661 -0.5020
v 0.1779 6.4994 -0.5646
v 0.1732 6.6686 -0.5303
v 0.0893 6.3639 -0.6183
v 0.0878 6.4998 -0.5812
v 0.0853 6.6697 -0.5461
v -0.0020 6.5000 -0.5861
v -0.0019 6.6700 -0.5509
v -0.0020 6.3639 -0.6232
v 0.0902 6.2554 -0.6468
v -0.0021 6.2554 -0.6516
v 0.5690 6.2389 1.1425
v 0.5327 6.2246 1.1769
v 0.5690 6.3299 1.1416
v 0.5348 6.3205 1.1759
v 0.6193 6.2560 1.0816
v 0.6160 6.3403 1.0814
v 0.5689 6.4132 1.1385
v 0.5363 6.4081 1.1721
v 0.5696 6.4995 1.1337
v 0.5380 6.4971 1.1660
v 0.6135 6.4197 1.0799
v 0.6123 6.5062 1.0774
v 0.6589 6.3469 1.0148
v 0.6533 6.4259 1.0155
v 0.6501 6.5171 1.0167
v 0.6894 6.4334 0.9521
v 0.6840 6.5324 0.9581
v 0.6980 6.3514 0.9471
v 0.6656 6.2671 1.0128
v 0.7085 6.2727 0.9420
v 0.7487 6.2750 0.8688
v 0.7361 6.3549 0.8794
v 0.7858 6.2758 0.7926
v 0.7731 6.3581 0.8088
v 0.7254 6.4417 0.8898
v 0.7185 6.5491 0.9009
v 0.7619 6.4502 0.8244
v 0.7552 6.5648 0.8400
v 0.8072 6.3619 0.7328
v 0.7969 6.4585 0.7526
v 0.7905 6.5782 0.7713
v 0.8252 6.4645 0.6714
v 0.8193 6.5863 0.6923
v 0.8346 6.3656 0.6486
v 0.8184 6.2773 0.7118
v 0.8443 6.2796 0.6245
v 0.8784 6.2782 0.4251
v 0.8646 6.2801 0.5290
v 0.8562 6.3670 0.5554
v 0.8711 6.3663 0.4534
v 0.8475 6.4671 0.5805
v 0.8420 6.5892 0.6033
v 0.8631 6.4677 0.4805
v 0.8578 6.5904 0.5049
v 0.8691 6.4680 0.3727
v 0.8768 6.3647 0.3438
v 0.8635 6.5919 0.3986
v 0.8832 6.2751 0.3142
v 0.8252 6.7562 0.1890
v 0.8502 6.7474 0.3033
v 0.8157 6.9340 0.1889
v 0.8425 6.9227 0.3042
v 0.7848 6.7683 0.0751
v 0.7732 6.9499 0.0731
v 0.7938 7.1221 0.1863
v 0.8222 7.1098 0.3014
v 0.7604 7.3076 0.1882
v 0.7893 7.2962 0.3012
v 0.7498 7.1397 0.0707
v 0.7169 7.3241 0.0755
v 0.7172 6.9695 -0.0401
v 0.6933 7.1616 -0.0413
v 0.6618 7.3446 -0.0327
v 0.6274 7.1862 -0.1457
v 0.5984 7.3682 -0.1328
v 0.6507 6.9914 -0.1467
v 0.6649 6.7992 -0.1417
v 0.7306 6.7830 -0.0361
v 0.5904 6.8161 -0.2380
v 0.5763 7.0143 -0.2429
v 0.5099 6.8324 -0.3221
v 0.4968 7.0364 -0.3257
v 0.5550 7.2121 -0.2390
v 0.5295 7.3930 -0.2218
v 0.4784 7.2370 -0.3186
v 0.4568 7.4170 -0.2980
v 0.4142 7.0557 -0.3936
v 0.3989 7.2586 -0.3837
v 0.3814 7.4379 -0.3610
v 0.3177 7.2751 -0.4342
v 0.3040 7.4536 -0.4106
v 0.3300 7.0704 -0.4461
v 0.3399 6.8579 -0.4469
v 0.4258 6.8468 -0.3920
v 0.2533 6.8652 -0.4868
v 0.2452 7.0800 -0.4834
v 0.1670 6.8693 -0.5127
v 0.1610 7.0850 -0.5069
v 0.2358 7.2854 -0.4701
v 0.2258 7.4632 -0.4466
v 0.1545 7.2906 -0.4925
v 0.1481 7.4678 -0.4697
v 0.0785 7.0872 -0.5186
v 0.0752 7.2925 -0.5036
v 0.0721 7.4692 -0.4816
v -0.0017 7.2928 -0.5064
v -0.0016 7.4693 -0.4849
v -0.0017 7.0877 -0.5216
v -0.0018 6.8717 -0.5305
v 0.0819 6.8712 -0.5266
v 0.5720 6.6043 1.1253
v 0.5409 6.6032 1.1563
v 0.5762 6.7460 1.1148
v 0.5439 6.7438 1.1455
v 0.6132 6.6154 1.0719
v 0.6167 6.7628 1.0632
v 0.5713 6.9278 1.1050
v 0.5384 6.9212 1.1358
v 0.5616 7.1314 1.1027
v 0.5308 7.1194 1.1314
v 0.6126 6.9496 1.0535
v 0.6009 7.1572 1.0530
v 0.6498 6.7933 1.0096
v 0.6454 6.9847 1.0016
v 0.6329 7.1912 0.9993
v 0.6744 7.0230 0.9511
v 0.6614 7.2250 0.9454
v 0.6804 6.8294 0.9588
v 0.6490 6.6360 1.0154
v 0.6816 6.6627 0.9618
v 0.7156 6.6890 0.9084
v 0.7137 6.8623 0.9067
v 0.7521 6.7117 0.8497
v 0.7500 6.8884 0.8485
v 0.7060 7.0560 0.8988
v 0.6903 7.2530 0.8894
v 0.7400 7.0806 0.8403
v 0.7193 7.2728 0.8291
v 0.7841 6.9057 0.7811
v 0.7708 7.0956 0.7728
v 0.7457 7.2842 0.7624
v 0.7973 7.1008 0.6968
v 0.7694 7.2880 0.6882
v 0.8122 6.9129 0.7040
v 0.7869 6.7287 0.7823
v 0.8158 6.7371 0.7048
v 0.8541 6.7401 0.5201
v 0.8386 6.7393 0.6172
v 0.8345 6.9138 0.6172
v 0.8492 6.9140 0.5209
v 0.8184 7.1009 0.6113
v 0.7886 7.2880 0.6047
v 0.8007 7.2878 0.5116
v 0.8318 7.1007 0.5161
v 0.8530 6.9163 0.4159
v 0.8342 7.1030 0.4123
v 0.8021 7.2900 0.4101
v 0.8591 6.7423 0.4147
v 0.7210 7.4795 0.1951
v 0.7489 7.4708 0.3046
v 0.6739 7.6300 0.2047
v 0.6998 7.6243 0.3099
v 0.6792 7.4924 0.0865
v 0.6353 7.6387 0.1008
v 0.6159 7.7553 0.2148
v 0.6384 7.7520 0.3149
v 0.5468 7.8540 0.2235
v 0.5655 7.8521 0.3184
v 0.5816 7.7604 0.1161
v 0.5177 7.8568 0.1306
v 0.5866 7.6502 0.0018
v 0.5381 7.7676 0.0222
v 0.4801 7.8610 0.0422
v 0.4877 7.7770 -0.0646
v 0.4360 7.8670 -0.0393
v 0.5310 7.6644 -0.0894
v 0.6268 7.5089 -0.0172
v 0.5669 7.5282 -0.1127
v 0.5020 7.5492 -0.1978
v 0.4706 7.6804 -0.1711
v 0.4335 7.5698 -0.2714
v 0.4067 7.6967 -0.2424
v 0.4325 7.7884 -0.1424
v 0.3872 7.8748 -0.1122
v 0.3738 7.8005 -0.2106
v 0.3347 7.8833 -0.1761
v 0.3400 7.7113 -0.3029
v 0.3126 7.8116 -0.2689
v 0.2798 7.8915 -0.2306
v 0.2498 7.8202 -0.3168
v 0.2235 7.8978 -0.2756
v 0.2716 7.7225 -0.3523
v 0.3623 7.5879 -0.3332
v 0.2891 7.6015 -0.3828
v 0.1414 7.6134 -0.4442
v 0.2151 7.6098 -0.4196
v 0.2024 7.7291 -0.3897
v 0.1334 7.7319 -0.4153
v 0.1863 7.8254 -0.3537
v 0.1665 7.9015 -0.3105
v 0.1230 7.8275 -0.3793
v 0.1098 7.9028 -0.3351
v 0.0603 7.8279 -0.3941
v 0.0654 7.7325 -0.4298
v 0.0537 7.9028 -0.3494
v -0.0015 7.9026 -0.3541
v -0.0015 7.8278 -0.3989
v -0.0015 7.7324 -0.4343
v 0.0691 7.6143 -0.4575
v -0.0016 7.6143 -0.4614
v 0.5481 7.3376 1.1009
v 0.5203 7.3214 1.1250
v 0.5153 7.5205 1.0777
v 0.4908 7.5037 1.1013
v 0.5807 7.3629 1.0541
v 0.5457 7.5422 1.0338
v 0.4732 7.6659 1.0527
v 0.4505 7.6509 1.0751
v 0.4268 7.7787 1.0386
v 0.4068 7.7656 1.0593
v 0.5017 7.6838 1.0121
v 0.4510 7.7936 0.9991
v 0.5761 7.5638 0.9820
v 0.5302 7.7010 0.9642
v 0.4749 7.8078 0.9525
v 0.5568 7.7158 0.9128
v 0.4974 7.8202 0.9016
v 0.6050 7.5825 0.9273
v 0.6106 7.3912 1.0001
v 0.6393 7.4172 0.9432
v 0.6666 7.4377 0.8837
v 0.6305 7.5971 0.8707
v 0.6915 7.4518 0.8211
v 0.6520 7.6073 0.8114
v 0.5791 7.7275 0.8587
v 0.5160 7.8300 0.8474
v 0.5971 7.7360 0.8012
v 0.5305 7.8373 0.7900
v 0.6703 7.6138 0.7478
v 0.6124 7.7419 0.7391
v 0.5427 7.8424 0.7282
v 0.6261 7.7455 0.6703
v 0.5538 7.8458 0.6605
v 0.6868 7.6173 0.6774
v 0.7334 7.4632 0.6822
v 0.7135 7.4599 0.7548
v 0.7501 7.4638 0.6008
v 0.7011 7.6188 0.5980
v 0.7106 7.6196 0.5093
v 0.7609 7.4641 0.5101
v 0.6469 7.7488 0.5067
v 0.6384 7.7475 0.5928
v 0.5642 7.8480 0.5850
v 0.5717 7.8496 0.5017
v 0.6481 7.7501 0.4133
v 0.7114 7.6211 0.4126
v 0.5732 7.8508 0.4121
v 0.7617 7.4660 0.4108
v 0.4432 7.9315 0.1442
v 0.4663 7.9297 0.2310
v 0.4809 7.9282 0.3200
v 0.3773 7.9852 0.2380
v 0.3877 7.9837 0.3203
v 0.3606 7.9869 0.1580
v 0.2854 8.0219 0.2450
v 0.2922 8.0205 0.3200
v 0.1973 8.0406 0.2522
v 0.2020 8.0397 0.3200
v 0.2743 8.0235 0.1727
v 0.1901 8.0415 0.1875
v 0.2585 8.0253 0.1052
v 0.3379 7.9889 0.0828
v 0.1794 8.0424 0.1280
v 0.2379 8.0271 0.0448
v 0.1648 8.0429 0.0756
v 0.3096 7.9916 0.0146
v 0.4128 7.9342 0.0620
v 0.3763 7.9380 -0.0133
v 0.2896 7.9489 -0.1379
v 0.3349 7.9431 -0.0801
v 0.2763 7.9948 -0.0450
v 0.2389 7.9984 -0.0959
v 0.2125 8.0289 -0.0071
v 0.1460 8.0429 0.0313
v 0.1830 8.0303 -0.0506
v 0.1237 8.0421 -0.0054
v 0.1508 8.0308 -0.0869
v 0.1988 8.0013 -0.1386
v 0.0991 8.0404 -0.0363
v 0.0736 8.0376 -0.0631
v 0.1174 8.0301 -0.1175
v 0.1572 8.0030 -0.1739
v 0.2418 7.9544 -0.1870
v 0.1925 7.9584 -0.2274
v 0.0939 7.9604 -0.2818
v 0.1430 7.9604 -0.2591
v 0.1158 8.0028 -0.2022
v 0.0754 8.0013 -0.2230
v 0.0534 8.0251 -0.1623
v 0.0845 8.0279 -0.1429
v 0.0489 8.0341 -0.0863
v 0.0270 8.0307 -0.1044
v -0.0015 7.9989 -0.2403
v -0.0014 8.0219 -0.1788
v 0.0249 8.0228 -0.1746
v 0.0364 7.9996 -0.2359
v 0.0099 8.0281 -0.1154
v -0.0014 8.0261 -0.1186
v 0.0458 7.9597 -0.2953
v -0.0015 7.9592 -0.2998
v 0.3921 7.8798 0.9858
v 0.3734 7.8673 1.0244
v 0.3571 7.8552 1.0446
v 0.3124 7.9345 1.0065
v 0.3004 7.9227 1.0264
v 0.3252 7.9451 0.9690
v 0.2454 7.9802 0.9868
v 0.2378 7.9684 1.0066
v 0.1759 8.0040 0.9686
v 0.1726 7.9921 0.9885
v 0.2529 7.9896 0.9507
v 0.1793 8.0131 0.9334
v 0.2591 7.9970 0.9072
v 0.3367 7.9542 0.9242
v 0.1817 8.0198 0.8907
v 0.2664 8.0034 0.8579
v 0.1856 8.0256 0.8420
v 0.3487 7.9621 0.8740
v 0.4098 7.8913 0.9398
v 0.4273 7.9014 0.8890
v 0.4532 7.9151 0.7765
v 0.4419 7.9093 0.8344
v 0.3596 7.9683 0.8193
v 0.3681 7.9727 0.7607
v 0.2740 8.0084 0.8032
v 0.1912 8.0304 0.7874
v 0.2804 8.0120 0.7439
v 0.1963 8.0339 0.7277
v 0.2855 8.0144 0.6806
v 0.3750 7.9757 0.6981
v 0.2003 8.0361 0.6641
v 0.2897 8.0160 0.6137
v 0.2032 8.0374 0.5976
v 0.3812 7.9779 0.6311
v 0.4625 7.9191 0.7145
v 0.4711 7.9220 0.6473
v 0.4852 7.9256 0.4936
v 0.4791 7.9240 0.5737
v 0.3868 7.9796 0.5591
v 0.3909 7.9811 0.4826
v 0.2931 8.0172 0.5434
v 0.2050 8.0382 0.5291
v 0.2952 8.0183 0.4704
v 0.2055 8.0387 0.4594
v 0.2953 8.0193 0.3956
v 0.3918 7.9824 0.4024
v 0.2046 8.0392 0.3894
v 0.4866 7.9270 0.4083
v 0.0562 8.0330 0.2646
v 0.1201 8.0428 0.2590
v 0.1148 8.0422 0.2012
v 0.0522 8.0304 0.2121
v 0.1239 8.0434 0.3207
v 0.0593 8.0353 0.3218
v 0.0081 8.0189 0.3231
v 0.0060 8.0154 0.2687
v -0.0216 7.9973 0.2713
v -0.0202 8.0013 0.3245
v 0.0034 8.0114 0.2196
v -0.0234 7.9928 0.2235
v -0.0257 7.9879 0.1811
v -0.0002 8.0069 0.1758
v -0.0050 8.0019 0.1376
v -0.0287 7.9825 0.1437
v 0.0467 8.0273 0.1651
v 0.0393 8.0237 0.1244
v 0.1071 8.0412 0.1489
v 0.0967 8.0397 0.1033
v 0.0297 8.0195 0.0900
v 0.0831 8.0375 0.0652
v 0.0668 8.0345 0.0335
v 0.0183 8.0147 0.0610
v -0.0112 7.9964 0.1048
v 0.0302 7.9766 0.1110
v -0.0188 7.9906 0.0762
v 0.0352 7.9705 0.0821
v 0.0410 7.9642 0.0554
v -0.0275 7.9845 0.0503
v -0.0371 7.9780 0.0252
v 0.0477 7.9575 0.0293
v 0.0055 8.0096 0.0352
v -0.0083 8.0040 0.0111
v 0.0488 8.0308 0.0063
v 0.0299 8.0265 -0.0182
v -0.0223 7.9978 -0.0114
v 0.0117 8.0219 -0.0403
v -0.0033 8.0175 -0.0571
v -0.0345 7.9909 -0.0289
v -0.0475 7.9704 0.0007
v 0.0551 7.9497 0.0033
v -0.0574 7.9611 -0.0199
v 0.0622 7.9404 -0.0196
v 0.0665 7.9313 -0.0345
v -0.0628 7.9512 -0.0322
v 0.0577 7.9453 -0.0377
v 0.0654 7.9282 -0.0397
v -0.0405 7.9837 -0.0383
v 0.0344 7.9770 -0.0428
v -0.0104 8.0130 -0.0657
v -0.0014 8.0049 -0.0642
v 0.1103 7.9953 0.9743
v 0.1102 8.0071 0.9543
v 0.0530 7.9946 0.9449
v 0.0554 7.9833 0.9648
v 0.1106 8.0165 0.9194
v 0.0512 8.0048 0.9099
v 0.0111 7.9630 0.9577
v 0.0064 7.9723 0.9380
v -0.0187 7.9517 0.9321
v -0.0124 7.9475 0.9507
v 0.0031 7.9825 0.9034
v -0.0229 7.9605 0.8986
v 0.0004 7.9919 0.8615
v 0.0001 8.0009 0.8136
v -0.0274 7.9799 0.8103
v -0.0262 7.9702 0.8575
v 0.0498 8.0130 0.8676
v 0.0507 8.0208 0.8194
v 0.1108 8.0237 0.8770
v 0.1129 8.0301 0.8287
v 0.1173 8.0357 0.7743
v 0.0543 8.0277 0.7654
v 0.1218 8.0398 0.7149
v 0.0582 8.0331 0.7066
v 0.0026 8.0093 0.7602
v 0.0244 7.9889 0.7576
v 0.0058 8.0160 0.7023
v -0.0235 7.9966 0.7005
v -0.0210 8.0025 0.6395
v 0.0087 8.0209 0.6407
v 0.0108 8.0241 0.5760
v -0.0191 8.0065 0.5752
v 0.0614 8.0367 0.6442
v 0.0634 8.0388 0.5791
v 0.1253 8.0425 0.6517
v 0.1276 8.0440 0.5859
v 0.1285 8.0446 0.5188
v 0.1281 8.0444 0.4516
v 0.0634 8.0388 0.4471
v 0.0641 8.0394 0.5129
v 0.0116 8.0251 0.5102
v 0.0160 8.0080 0.5096
v 0.0111 8.0242 0.4451
v 0.0160 8.0071 0.4448
v 0.0168 8.0047 0.3827
v 0.0098 8.0220 0.3823
v 0.0617 8.0373 0.3830
v 0.1265 8.0440 0.3852
v -0.5649 5.7490 0.0739
v -0.5368 5.7567 0.0045
v -0.4775 5.7511 0.0204
v -0.5021 5.7424 0.0831
v -0.5030 5.7620 -0.0612
v -0.4476 5.7574 -0.0388
v -0.6328 5.7670 -0.0191
v -0.5954 5.7695 -0.0969
v -0.6628 5.7623 0.0621
v -0.4644 5.7656 -0.1220
v -0.4134 5.7620 -0.0935
v -0.4216 5.7685 -0.1764
v -0.3759 5.7657 -0.1427
v -0.5516 5.7705 -0.1696
v -0.5017 5.7710 -0.2350
v -0.6697 5.8048 -0.1176
v -0.6228 5.8026 -0.2009
v -0.5680 5.8000 -0.2766
v -0.6788 5.8666 -0.2160
v -0.6199 5.8622 -0.3002
v -0.7280 5.8706 -0.1236
v -0.7387 5.8046 0.0620
v -0.7085 5.8057 -0.0292
v -0.7678 5.8734 -0.0263
v -0.7979 5.8743 0.0734
v -0.3751 5.7714 -0.2234
v -0.3354 5.7690 -0.1854
v -0.3256 5.7743 -0.2625
v -0.2924 5.7721 -0.2216
v -0.4462 5.7719 -0.2914
v -0.3864 5.7730 -0.3382
v -0.2740 5.7767 -0.2944
v -0.2471 5.7746 -0.2512
v -0.2207 5.7786 -0.3196
v -0.1999 5.7766 -0.2745
v -0.3239 5.7741 -0.3761
v -0.2600 5.7752 -0.4060
v -0.4378 5.7962 -0.3971
v -0.3664 5.7952 -0.4415
v -0.2935 5.7947 -0.4762
v -0.3987 5.8523 -0.4841
v -0.3188 5.8508 -0.5228
v -0.4772 5.8548 -0.4346
v -0.5057 5.7978 -0.3423
v -0.5519 5.8582 -0.3735
v -0.1666 5.7800 -0.3382
v -0.1514 5.7781 -0.2916
v -0.1120 5.7809 -0.3506
v -0.1021 5.7792 -0.3031
v -0.1956 5.7760 -0.4283
v -0.1311 5.7764 -0.4435
v -0.0574 5.7818 -0.3559
v -0.0525 5.7804 -0.3090
v -0.0668 5.7762 -0.4510
v -0.1474 5.7947 -0.5200
v -0.0749 5.7946 -0.5298
v -0.0810 5.8497 -0.5834
v -0.1598 5.8497 -0.5719
v -0.2203 5.7946 -0.5021
v -0.2391 5.8500 -0.5518
v -0.2535 5.5673 0.9229
v -0.2874 5.5776 0.9768
v -0.3265 5.5679 0.9478
v -0.2806 5.5582 0.8906
v -0.3880 5.5604 0.8948
v -0.3332 5.5505 0.8410
v -0.3930 5.5902 1.0143
v -0.4614 5.5861 0.9547
v -0.3469 5.5995 1.0442
v -0.4527 5.5632 0.8271
v -0.3907 5.5521 0.7778
v -0.5108 5.5786 0.7474
v -0.4433 5.5657 0.7033
v -0.5314 5.5936 0.8800
v -0.5927 5.6129 0.7939
v -0.5243 5.6438 0.9901
v -0.5942 5.6599 0.9126
v -0.6539 5.6845 0.8246
v -0.6415 5.7506 0.9421
v -0.6980 5.7776 0.8552
v -0.5753 5.7280 1.0192
v -0.4060 5.6448 1.0879
v -0.4540 5.6398 1.0539
v -0.5077 5.7160 1.0835
v -0.4598 5.7150 1.1185
v -0.5546 5.6042 0.6579
v -0.4842 5.5902 0.6203
v -0.5825 5.6342 0.5641
v -0.5114 5.6202 0.5336
v -0.6388 5.6394 0.6988
v -0.6697 5.6672 0.6000
v -0.5986 5.6627 0.4715
v -0.5277 5.6498 0.4480
v -0.6066 5.6873 0.3833
v -0.5360 5.6759 0.3664
v -0.6893 5.6923 0.5024
v -0.7006 5.7136 0.4083
v -0.7317 5.7350 0.6292
v -0.7545 5.7551 0.5305
v -0.7686 5.7721 0.4341
v -0.8026 5.8396 0.5657
v -0.8195 5.8535 0.4682
v -0.7769 5.8233 0.6636
v -0.6992 5.7111 0.7286
v -0.7425 5.8028 0.7610
v -0.6073 5.7082 0.3002
v -0.5374 5.6981 0.2897
v -0.6004 5.7250 0.2215
v -0.5322 5.7162 0.2174
v -0.7037 5.7311 0.3179
v -0.6984 5.7446 0.2306
v -0.5863 5.7385 0.1462
v -0.5204 5.7309 0.1488
v -0.6848 5.7549 0.1454
v -0.7715 5.7946 0.2466
v -0.7598 5.8009 0.1541
v -0.8177 5.8730 0.1731
v -0.8273 5.8697 0.2721
v -0.7743 5.7854 0.3398
v -0.8276 5.8636 0.3704
v -0.8165 5.9521 -0.0147
v -0.7766 5.9483 -0.1202
v -0.8477 6.0324 0.0040
v -0.8093 6.0283 -0.1078
v -0.8735 6.0359 0.1172
v -0.8453 5.9544 0.0928
v -0.7258 5.9434 -0.2208
v -0.6637 5.9383 -0.3129
v -0.7586 6.0236 -0.2151
v -0.6954 6.0185 -0.3140
v -0.8230 6.1061 -0.0877
v -0.7730 6.1021 -0.1987
v -0.7099 6.0979 -0.3019
v -0.7759 6.1805 -0.1754
v -0.7127 6.1774 -0.2807
v -0.8258 6.1836 -0.0628
v -0.8824 6.1140 0.1438
v -0.8595 6.1100 0.0276
v -0.8615 6.1870 0.0538
v -0.8828 6.1909 0.1713
v -0.5912 5.9332 -0.3934
v -0.5111 5.9288 -0.4607
v -0.6207 6.0134 -0.4012
v -0.5375 6.0086 -0.4748
v -0.4268 5.9252 -0.5152
v -0.3410 5.9229 -0.5579
v -0.4494 6.0046 -0.5348
v -0.3594 6.0019 -0.5819
v -0.5515 6.0893 -0.4728
v -0.4623 6.0857 -0.5377
v -0.3704 6.0832 -0.5890
v -0.4657 6.1681 -0.5254
v -0.3737 6.1662 -0.5797
v -0.5548 6.1709 -0.4572
v -0.6351 6.0936 -0.3940
v -0.6381 6.1742 -0.3753
v -0.2556 5.9217 -0.5901
v -0.1707 5.9212 -0.6124
v -0.2695 6.0004 -0.6172
v -0.1800 5.9999 -0.6416
v -0.0864 5.9211 -0.6251
v -0.0910 5.9998 -0.6556
v -0.1857 6.0812 -0.6537
v -0.0939 6.0811 -0.6688
v -0.0948 6.1644 -0.6638
v -0.1876 6.1645 -0.6480
v -0.2780 6.0818 -0.6273
v -0.2807 6.1650 -0.6203
v -0.5023 5.8005 1.1430
v -0.5476 5.8068 1.1082
v -0.6093 5.8260 1.0443
v -0.5677 5.9095 1.1225
v -0.6225 5.9332 1.0592
v -0.5271 5.8983 1.1577
v -0.6698 5.8524 0.9683
v -0.7235 5.8786 0.8841
v -0.6772 5.9599 0.9852
v -0.7285 5.9824 0.9047
v -0.6240 6.0444 1.0703
v -0.6755 6.0660 0.9981
v -0.7249 6.0817 0.9207
v -0.6699 6.1623 1.0066
v -0.7169 6.1713 0.9327
v -0.6209 6.1489 1.0772
v -0.5368 6.0070 1.1672
v -0.5734 6.0212 1.1325
v -0.5727 6.1321 1.1390
v -0.5388 6.1187 1.1738
v -0.7687 5.9008 0.7940
v -0.8060 5.9180 0.7007
v -0.7745 5.9997 0.8198
v -0.8138 6.0129 0.7317
v -0.8348 5.9318 0.6054
v -0.8546 5.9436 0.5082
v -0.8450 6.0242 0.6405
v -0.8673 6.0340 0.5445
v -0.8086 6.1018 0.7565
v -0.8400 6.1107 0.6682
v -0.8635 6.1188 0.5748
v -0.8301 6.1924 0.6926
v -0.8547 6.1991 0.6021
v -0.7987 6.1847 0.7770
v -0.7698 6.0928 0.8400
v -0.7603 6.1781 0.8568
v -0.8659 5.9511 0.4074
v -0.8690 5.9545 0.3043
v -0.8821 6.0393 0.4434
v -0.8892 6.0403 0.3378
v -0.8626 5.9553 0.1995
v -0.8869 6.0387 0.2289
v -0.8909 6.1213 0.3689
v -0.8923 6.1180 0.2580
v -0.8904 6.1952 0.2867
v -0.8863 6.1992 0.3983
v -0.8806 6.1222 0.4749
v -0.8736 6.2011 0.5038
v -0.8797 6.2723 0.2000
v -0.8591 6.2692 0.0825
v -0.8235 6.2668 -0.0343
v -0.8531 6.3624 0.1142
v -0.8177 6.3619 -0.0014
v -0.8730 6.3637 0.2308
v -0.7734 6.2648 -0.1472
v -0.7100 6.2629 -0.2531
v -0.7677 6.3619 -0.1136
v -0.7042 6.3619 -0.2193
v -0.8090 6.4742 0.0334
v -0.7589 6.4777 -0.0770
v -0.6955 6.4814 -0.1816
v -0.7496 6.6171 -0.0473
v -0.6857 6.6266 -0.1518
v -0.8006 6.6084 0.0625
v -0.8643 6.4695 0.2619
v -0.8445 6.4713 0.1469
v -0.8368 6.6010 0.1754
v -0.8572 6.5957 0.2894
v -0.6353 6.2609 -0.3491
v -0.5524 6.2590 -0.4329
v -0.6296 6.3620 -0.3156
v -0.5469 6.3623 -0.4003
v -0.4640 6.2575 -0.5033
v -0.3726 6.2564 -0.5596
v -0.4590 6.3628 -0.4718
v -0.3685 6.3633 -0.5293
v -0.5391 6.4893 -0.3623
v -0.4520 6.4930 -0.4341
v -0.3625 6.4962 -0.4918
v -0.4429 6.6547 -0.4031
v -0.3543 6.6615 -0.4598
v -0.5293 6.6460 -0.3320
v -0.6212 6.4853 -0.2775
v -0.6113 6.6365 -0.2476
v -0.2800 6.2558 -0.6018
v -0.1871 6.2555 -0.6305
v -0.2769 6.3637 -0.5724
v -0.1851 6.3638 -0.6017
v -0.0945 6.2554 -0.6468
v -0.0934 6.3639 -0.6183
v -0.1818 6.4994 -0.5645
v -0.0917 6.4999 -0.5811
v -0.0890 6.6697 -0.5461
v -0.1769 6.6686 -0.5302
v -0.2722 6.4984 -0.5351
v -0.2655 6.6661 -0.5019
v -0.5385 6.2214 1.1750
v -0.5708 6.2302 1.1401
v -0.6166 6.2389 1.0787
v -0.5695 6.3137 1.1381
v -0.6129 6.3166 1.0778
v -0.5382 6.3100 1.1730
v -0.6622 6.2457 1.0102
v -0.7057 6.2517 0.9405
v -0.6550 6.3209 1.0119
v -0.6947 6.3278 0.9456
v -0.6108 6.3911 1.0762
v -0.6493 6.3976 1.0128
v -0.6851 6.4095 0.9511
v -0.6457 6.4891 1.0153
v -0.6785 6.5109 0.9584
v -0.6104 6.4751 1.0745
v -0.5391 6.3894 1.1688
v -0.5695 6.3898 1.1347
v -0.5715 6.4702 1.1303
v -0.5419 6.4705 1.1629
v -0.7471 6.2579 0.8690
v -0.7854 6.2654 0.7950
v -0.7332 6.3372 0.8797
v -0.7707 6.3487 0.8114
v -0.8184 6.2738 0.7154
v -0.8447 6.2798 0.6279
v -0.8049 6.3599 0.7366
v -0.8331 6.3665 0.6523
v -0.7573 6.4430 0.8272
v -0.7924 6.4579 0.7566
v -0.8215 6.4658 0.6752
v -0.7842 6.5791 0.7754
v -0.8135 6.5876 0.6961
v -0.7489 6.5611 0.8434
v -0.7208 6.4254 0.8905
v -0.7126 6.5363 0.9028
v -0.8654 6.2813 0.5316
v -0.8799 6.2794 0.4272
v -0.8551 6.3683 0.5583
v -0.8710 6.3674 0.4557
v -0.8858 6.2760 0.3159
v -0.8781 6.3656 0.3458
v -0.8612 6.4688 0.4832
v -0.8690 6.4689 0.3752
v -0.8621 6.5927 0.4014
v -0.8541 6.5913 0.5079
v -0.8445 6.4683 0.5836
v -0.8370 6.5903 0.6066
v -0.8511 6.7477 0.3060
v -0.8294 6.7564 0.1914
v -0.7916 6.7684 0.0770
v -0.8204 6.9343 0.1914
v -0.7804 6.9503 0.0751
v -0.8440 6.9229 0.3069
v -0.7391 6.7831 -0.0348
v -0.6740 6.7993 -0.1409
v -0.7260 6.9699 -0.0387
v -0.6599 6.9918 -0.1460
v -0.7567 7.1403 0.0726
v -0.7015 7.1622 -0.0401
v -0.6357 7.1870 -0.1451
v -0.6686 7.3455 -0.0317
v -0.6050 7.3691 -0.1323
v -0.7229 7.3248 0.0771
v -0.8242 7.1100 0.3039
v -0.7984 7.1225 0.1887
v -0.7647 7.3081 0.1902
v -0.7915 7.2964 0.3033
v -0.5991 6.8162 -0.2377
v -0.5174 6.8325 -0.3220
v -0.5849 7.0147 -0.2427
v -0.5039 7.0368 -0.3257
v -0.4316 6.8469 -0.3920
v -0.3443 6.8580 -0.4469
v -0.4196 7.0560 -0.3936
v -0.3341 7.0707 -0.4460
v -0.4842 7.2377 -0.3186
v -0.4033 7.2591 -0.3837
v -0.3212 7.2753 -0.4340
v -0.3849 7.4382 -0.3609
v -0.3071 7.4538 -0.4104
v -0.4612 7.4177 -0.2979
v -0.5623 7.2129 -0.2388
v -0.5351 7.3939 -0.2216
v -0.2571 6.8653 -0.4867
v -0.1707 6.8694 -0.5126
v -0.2487 7.0801 -0.4833
v -0.1645 7.0851 -0.5067
v -0.0855 6.8712 -0.5265
v -0.0820 7.0872 -0.5185
v -0.1578 7.2907 -0.4924
v -0.0785 7.2925 -0.5035
v -0.0753 7.4692 -0.4816
v -0.1513 7.4679 -0.4696
v -0.2391 7.2855 -0.4699
v -0.2289 7.4633 -0.4464
v -0.5443 6.5688 1.1541
v -0.5732 6.5708 1.1234
v -0.6104 6.5843 1.0713
v -0.5748 6.7079 1.1151
v -0.6120 6.7324 1.0657
v -0.5461 6.7011 1.1439
v -0.6441 6.6105 1.0165
v -0.6760 6.6450 0.9638
v -0.6448 6.7710 1.0124
v -0.6756 6.8158 0.9606
v -0.6109 6.9218 1.0521
v -0.6423 6.9662 1.0010
v -0.6706 7.0131 0.9499
v -0.6347 7.1785 0.9871
v -0.6600 7.2192 0.9377
v -0.6062 7.1372 1.0367
v -0.5460 6.8770 1.1285
v -0.5740 6.8895 1.1002
v -0.5699 7.1040 1.0822
v -0.5408 7.0872 1.1096
v -0.7095 6.6809 0.9112
v -0.7452 6.7116 0.8532
v -0.7079 6.8578 0.9079
v -0.7431 6.8897 0.8501
v -0.7796 6.7308 0.7859
v -0.8086 6.7384 0.7081
v -0.7770 6.9077 0.7832
v -0.8054 6.9137 0.7061
v -0.7344 7.0815 0.8402
v -0.7654 7.0963 0.7738
v -0.7921 7.1009 0.6981
v -0.7425 7.2842 0.7627
v -0.7665 7.2877 0.6890
v -0.7159 7.2732 0.8283
v -0.7014 7.0534 0.8980
v -0.6871 7.2519 0.8857
v -0.8322 6.7401 0.6203
v -0.8493 6.7407 0.5231
v -0.8286 6.9142 0.6196
v -0.8450 6.9142 0.5234
v -0.8568 6.7428 0.4176
v -0.8513 6.9165 0.4186
v -0.8290 7.1005 0.5181
v -0.8336 7.1030 0.4145
v -0.8024 7.2899 0.4120
v -0.7996 7.2875 0.5131
v -0.8141 7.1008 0.6129
v -0.7864 7.2876 0.6058
v -0.7514 7.4709 0.3063
v -0.7248 7.4800 0.1966
v -0.6840 7.4931 0.0877
v -0.6772 7.6305 0.2059
v -0.6389 7.6393 0.1018
v -0.7023 7.6245 0.3112
v -0.6319 7.5098 -0.0163
v -0.5716 7.5291 -0.1122
v -0.5904 7.6509 0.0025
v -0.5345 7.6649 -0.0889
v -0.5845 7.7607 0.1168
v -0.5409 7.7679 0.0227
v -0.4905 7.7773 -0.0641
v -0.4827 7.8611 0.0427
v -0.4387 7.8671 -0.0388
v -0.5202 7.8569 0.1311
v -0.6408 7.7521 0.3158
v -0.6186 7.7555 0.2156
v -0.5492 7.8541 0.2242
v -0.5678 7.8522 0.3190
v -0.5060 7.5499 -0.1975
v -0.4368 7.5702 -0.2712
v -0.4737 7.6808 -0.1707
v -0.4095 7.6969 -0.2420
v -0.3653 7.5881 -0.3329
v -0.2921 7.6016 -0.3825
v -0.3429 7.7114 -0.3026
v -0.2746 7.7225 -0.3520
v -0.3766 7.8006 -0.2102
v -0.3154 7.8116 -0.2685
v -0.2527 7.8202 -0.3165
v -0.2827 7.8915 -0.2303
v -0.2264 7.8978 -0.2753
v -0.3375 7.8833 -0.1757
v -0.4352 7.7886 -0.1420
v -0.3899 7.8748 -0.1119
v -0.2181 7.6098 -0.4194
v -0.1445 7.6134 -0.4440
v -0.2054 7.7291 -0.3895
v -0.1365 7.7319 -0.4152
v -0.0722 7.6143 -0.4574
v -0.0684 7.7325 -0.4297
v -0.1260 7.8275 -0.3792
v -0.0633 7.8278 -0.3941
v -0.0567 7.9028 -0.3494
v -0.1128 7.9028 -0.3349
v -0.1893 7.8254 -0.3535
v -0.1695 7.9015 -0.3103
v -0.5162 7.3059 1.1018
v -0.5464 7.3248 1.0773
v -0.5841 7.3533 1.0324
v -0.4971 7.5177 1.0753
v -0.5373 7.5397 1.0310
v -0.4685 7.4996 1.0976
v -0.6142 7.3854 0.9817
v -0.6401 7.4149 0.9302
v -0.5721 7.5621 0.9798
v -0.6012 7.5820 0.9260
v -0.4872 7.6842 1.0187
v -0.5235 7.7009 0.9680
v -0.5525 7.7157 0.9147
v -0.4696 7.8079 0.9544
v -0.4954 7.8202 0.9024
v -0.4355 7.7942 1.0034
v -0.4181 7.6514 1.0838
v -0.4463 7.6669 1.0619
v -0.3977 7.7796 1.0449
v -0.3715 7.7660 1.0667
v -0.6657 7.4376 0.8768
v -0.6901 7.4519 0.8188
v -0.6272 7.5972 0.8702
v -0.6499 7.6073 0.8115
v -0.7123 7.4597 0.7546
v -0.7326 7.4627 0.6828
v -0.6695 7.6136 0.7482
v -0.6870 7.6170 0.6780
v -0.5964 7.7360 0.8018
v -0.6130 7.7418 0.7396
v -0.6275 7.7454 0.6708
v -0.5442 7.8424 0.7287
v -0.5557 7.8458 0.6610
v -0.5313 7.8373 0.7904
v -0.5765 7.7275 0.8596
v -0.5155 7.8300 0.8479
v -0.7499 7.4634 0.6018
v -0.7612 7.4638 0.5114
v -0.7020 7.6185 0.5988
v -0.7119 7.6194 0.5103
v -0.7629 7.4659 0.4124
v -0.7132 7.6211 0.4138
v -0.6488 7.7487 0.5074
v -0.6502 7.7501 0.4141
v -0.5754 7.8508 0.4127
v -0.5738 7.8496 0.5023
v -0.6401 7.7474 0.5935
v -0.5662 7.8480 0.5856
v -0.4687 7.9297 0.2315
v -0.4457 7.9315 0.1446
v -0.3797 7.9852 0.2384
v -0.3631 7.9869 0.1584
v -0.3900 7.9837 0.3207
v -0.4832 7.9283 0.3205
v -0.4154 7.9342 0.0625
v -0.3789 7.9380 -0.0129
v -0.3405 7.9889 0.0832
v -0.3123 7.9916 0.0150
v -0.2768 8.0236 0.1729
v -0.2611 8.0253 0.1055
v -0.2406 8.0271 0.0451
v -0.1820 8.0424 0.1282
v -0.1674 8.0429 0.0757
v -0.1926 8.0416 0.1877
v -0.2946 8.0205 0.3203
v -0.2878 8.0219 0.2453
v -0.1998 8.0406 0.2524
v -0.2044 8.0398 0.3202
v -0.3376 7.9431 -0.0797
v -0.2924 7.9489 -0.1376
v -0.2790 7.9949 -0.0447
v -0.2417 7.9984 -0.0956
v -0.2446 7.9544 -0.1867
v -0.1954 7.9585 -0.2272
v -0.2016 8.0014 -0.1383
v -0.1601 8.0030 -0.1737
v -0.1857 8.0303 -0.0504
v -0.1535 8.0308 -0.0868
v -0.1202 8.0301 -0.1174
v -0.1018 8.0404 -0.0362
v -0.0763 8.0376 -0.0630
v -0.1264 8.0421 -0.0053
v -0.2152 8.0289 -0.0068
v -0.1487 8.0429 0.0315
v -0.1459 7.9604 -0.2589
v -0.0968 7.9604 -0.2817
v -0.1187 8.0028 -0.2020
v -0.0783 8.0013 -0.2230
v -0.0487 7.9597 -0.2953
v -0.0393 7.9996 -0.2359
v -0.0277 8.0229 -0.1746
v -0.0127 8.0281 -0.1154
v -0.0563 8.0252 -0.1623
v -0.0298 8.0307 -0.1044
v -0.0873 8.0279 -0.1428
v -0.0517 8.0341 -0.0863
v -0.3435 7.8667 1.0270
v -0.3759 7.8796 0.9875
v -0.2807 7.9321 1.0078
v -0.3068 7.9438 0.9701
v -0.2631 7.9197 1.0280
v -0.3211 7.8540 1.0479
v -0.4056 7.8912 0.9404
v -0.4272 7.9013 0.8893
v -0.3315 7.9538 0.9246
v -0.3492 7.9621 0.8742
v -0.2315 7.9871 0.9515
v -0.2517 7.9961 0.9076
v -0.2665 8.0033 0.8581
v -0.1726 8.0181 0.8909
v -0.1853 8.0253 0.8422
v -0.1557 8.0090 0.9337
v -0.1990 7.9634 1.0076
v -0.2114 7.9760 0.9876
v -0.1405 7.9979 0.9689
v -0.1328 7.9851 0.9889
v -0.4428 7.9093 0.8347
v -0.4547 7.9151 0.7768
v -0.3611 7.9683 0.8195
v -0.3699 7.9727 0.7610
v -0.4643 7.9191 0.7149
v -0.4730 7.9220 0.6478
v -0.3769 7.9757 0.6985
v -0.3832 7.9779 0.6315
v -0.2823 8.0120 0.7442
v -0.2875 8.0143 0.6809
v -0.2917 8.0160 0.6140
v -0.2023 8.0361 0.6644
v -0.2053 8.0375 0.5978
v -0.1983 8.0339 0.7279
v -0.2757 8.0084 0.8034
v -0.1930 8.0304 0.7876
v -0.4812 7.9240 0.5741
v -0.4873 7.9257 0.4941
v -0.3889 7.9796 0.5595
v -0.3931 7.9811 0.4830
v -0.4888 7.9270 0.4089
v -0.3941 7.9824 0.4028
v -0.2974 8.0183 0.4707
v -0.2975 8.0193 0.3959
v -0.2069 8.0392 0.3896
v -0.2077 8.0388 0.4596
v -0.2952 8.0172 0.5437
v -0.2071 8.0383 0.5293
v -0.1173 8.0422 0.2014
v -0.1226 8.0428 0.2591
v -0.0587 8.0330 0.2647
v -0.0547 8.0304 0.2122
v -0.1263 8.0434 0.3208
v -0.0617 8.0353 0.3219
v -0.0993 8.0397 0.1034
v -0.1097 8.0412 0.1490
v -0.0492 8.0273 0.1652
v -0.0418 8.0237 0.1245
v 0.0024 8.0019 0.1376
v -0.0023 8.0069 0.1758
v -0.0058 8.0114 0.2196
v -0.0084 8.0154 0.2688
v -0.0105 8.0189 0.3232
v -0.0695 8.0345 0.0336
v -0.0857 8.0374 0.0653
v -0.0323 8.0195 0.0901
v -0.0209 8.0147 0.0610
v -0.0326 8.0265 -0.0182
v -0.0515 8.0308 0.0064
v -0.0081 8.0095 0.0353
v 0.0056 8.0040 0.0111
v 0.0345 7.9780 0.0252
v 0.0248 7.9845 0.0503
v 0.0162 7.9906 0.0762
v 0.0086 7.9964 0.1047
v 0.0006 8.0175 -0.0571
v -0.0145 8.0219 -0.0403
v 0.0195 7.9978 -0.0114
v 0.0317 7.9909 -0.0289
v 0.0077 8.0130 -0.0658
v 0.0378 7.9837 -0.0383
v 0.0601 7.9511 -0.0323
v 0.0547 7.9610 -0.0200
v 0.0448 7.9704 0.0007
v -0.0176 7.9852 0.9450
v -0.0745 7.9992 0.9544
v -0.0703 7.9864 0.9744
v -0.0158 7.9728 0.9649
v -0.0864 8.0111 0.9195
v -0.0273 7.9983 0.9100
v -0.0402 8.0102 0.8677
v -0.1010 8.0213 0.8772
v -0.1124 8.0297 0.8288
v -0.0503 8.0202 0.8195
v 0.0004 8.0002 0.8136
v 0.0094 7.9885 0.8615
v 0.0207 7.9751 0.9034
v 0.0284 7.9616 0.9380
v 0.0279 7.9512 0.9577
v -0.0560 8.0277 0.7655
v -0.1191 8.0357 0.7745
v -0.1238 8.0398 0.7151
v -0.0601 8.0330 0.7067
v -0.0634 8.0367 0.6442
v -0.1273 8.0425 0.6519
v -0.1297 8.0440 0.5861
v -0.0655 8.0388 0.5791
v -0.0129 8.0241 0.5760
v -0.0107 8.0209 0.6407
v -0.0078 8.0160 0.7023
v -0.0044 8.0092 0.7602
v -0.0656 8.0388 0.4472
v -0.1303 8.0445 0.4517
v -0.1307 8.0446 0.5190
v -0.0663 8.0394 0.5129
v -0.1288 8.0440 0.3853
v -0.0640 8.0373 0.3831
v -0.0122 8.0220 0.3823
v -0.0134 8.0242 0.4451
v -0.0138 8.0251 0.5102
v -0.0650 7.9405 -0.0195
v -0.0692 7.9314 -0.0344
v -0.0681 7.9282 -0.0397
v -0.0181 8.0080 0.5096
v -0.0182 8.0072 0.4449
v -0.0191 8.0047 0.3827
v -0.0578 7.9498 0.0033
v 0.0288 7.9789 0.8103
v -0.0259 7.9890 0.7577
v -0.0378 7.9705 0.0821
v -0.0437 7.9642 0.0555
v -0.0504 7.9575 0.0293
v -0.0371 7.9770 -0.0427
v -0.0604 7.9454 -0.0377
v -0.0328 7.9766 0.1110
v 0.0262 7.9825 0.1437
v 0.0231 7.9879 0.1810
v 0.0209 7.9928 0.2235
v 0.0192 7.9973 0.2713
v 0.0179 8.0013 0.3245
v 0.0371 7.9662 0.8574
v 0.0170 8.0065 0.5752
v 0.0470 7.9524 0.8985
v 0.0530 7.9404 0.9321
v 0.0190 8.0025 0.6395
v 0.0506 7.9351 0.9507
v 0.0215 7.9966 0.7005
v 0.2273 7.9491 0.2489
v 0.2325 7.9477 0.3197
v 0.1843 7.9548 0.2527
v 0.1878 7.9539 0.3199
v 0.2187 7.9508 0.1811
v 0.1784 7.9558 0.1890
v 0.2065 7.9526 0.1185
v 0.1697 7.9568 0.1305
v 0.1906 7.9542 0.0631
v 0.1577 7.9575 0.0792
v 0.1710 7.9552 0.0159
v 0.1424 7.9576 0.0357
v 0.1486 7.9555 -0.0236
v 0.1242 7.9570 -0.0008
v 0.1243 7.9548 -0.0568
v 0.1042 7.9555 -0.0319
v 0.0833 7.9531 -0.0593
v 0.0991 7.9529 -0.0854
v 0.0486 7.9469 -0.1294
v 0.0738 7.9500 -0.1098
v 0.0621 7.9500 -0.0838
v 0.0409 7.9468 -0.1041
v -0.0014 7.9436 -0.1468
v 0.0235 7.9443 -0.1423
v 0.0197 7.9445 -0.1178
v -0.0014 7.9445 -0.1224
v 0.1853 7.9167 0.9530
v 0.1781 7.9166 0.9715
v 0.1522 7.9229 0.9449
v 0.1483 7.9221 0.9660
v 0.1930 7.9220 0.9200
v 0.1583 7.9285 0.9117
v 0.2017 7.9284 0.8812
v 0.1649 7.9352 0.8731
v 0.2098 7.9338 0.8369
v 0.1709 7.9410 0.8289
v 0.2164 7.9380 0.7864
v 0.1760 7.9454 0.7781
v 0.2218 7.9409 0.7299
v 0.1802 7.9486 0.7213
v 0.2263 7.9429 0.6683
v 0.1836 7.9506 0.6597
v 0.2299 7.9442 0.6027
v 0.1863 7.9519 0.5944
v 0.2329 7.9450 0.5341
v 0.1884 7.9526 0.5269
v 0.2347 7.9457 0.4635
v 0.1895 7.9529 0.4580
v 0.2348 7.9466 0.3917
v 0.1894 7.9533 0.3887
v 0.0779 7.9481 0.2671
v 0.1274 7.9554 0.2597
v 0.1245 7.9552 0.2020
v 0.0769 7.9464 0.2147
v 0.1291 7.9557 0.3214
v 0.0785 7.9498 0.3240
v 0.0365 7.9410 0.3264
v 0.0363 7.9382 0.2726
v -0.0012 7.9350 0.2744
v -0.0012 7.9383 0.3271
v 0.0360 7.9351 0.2238
v -0.0013 7.9275 0.1846
v 0.0352 7.9318 0.1802
v 0.0336 7.9283 0.1415
v 0.0747 7.9444 0.1675
v 0.0708 7.9421 0.1260
v 0.1197 7.9548 0.1495
v 0.1125 7.9540 0.1036
v 0.0650 7.9395 0.0900
v 0.1024 7.9527 0.0645
v 0.0900 7.9508 0.0312
v 0.0574 7.9366 0.0585
v 0.0310 7.9247 0.1073
v 0.0274 7.9212 0.0765
v -0.0013 7.9154 0.0828
v 0.0232 7.9182 0.0475
v 0.0185 7.9159 0.0191
v -0.0013 7.9096 0.0251
v 0.0486 7.9338 0.0297
v 0.0390 7.9313 0.0021
v 0.0759 7.9485 0.0019
v 0.0608 7.9458 -0.0251
v 0.0291 7.9292 -0.0246
v 0.0454 7.9429 -0.0503
v 0.0298 7.9404 -0.0720
v 0.0190 7.9276 -0.0484
v 0.0136 7.9144 -0.0092
v 0.0087 7.9132 -0.0352
v -0.0014 7.9066 -0.0307
v -0.0014 7.9060 -0.0508
v 0.0037 7.9131 -0.0541
v -0.0014 7.9071 -0.0573
v 0.0088 7.9277 -0.0648
v -0.0014 7.9302 -0.0692
v 0.0142 7.9396 -0.0867
v -0.0014 7.9414 -0.0910
v 0.1050 7.9225 0.9552
v 0.1078 7.9235 0.9337
v 0.0674 7.9144 0.9252
v 0.0647 7.9131 0.9469
v 0.1118 7.9295 0.9005
v 0.0699 7.9214 0.8915
v 0.0297 7.8989 0.9418
v 0.0317 7.9004 0.9199
v -0.0009 7.8930 0.9186
v 0.0331 7.9084 0.8859
v -0.0009 7.9017 0.8847
v 0.0339 7.9181 0.8466
v 0.0346 7.9267 0.8021
v 0.0717 7.9298 0.8523
v 0.0736 7.9373 0.8078
v 0.1156 7.9370 0.8618
v 0.1192 7.9435 0.8174
v 0.1224 7.9486 0.7666
v 0.0753 7.9434 0.7573
v 0.1251 7.9523 0.7099
v 0.0769 7.9479 0.7012
v 0.0354 7.9338 0.7518
v -0.0010 7.9295 0.7508
v 0.0361 7.9392 0.6965
v -0.0010 7.9357 0.6957
v 0.0366 7.9432 0.6370
v 0.0370 7.9456 0.5743
v -0.0011 7.9433 0.5737
v 0.0782 7.9510 0.6409
v 0.0790 7.9527 0.5776
v 0.1273 7.9548 0.6487
v 0.1290 7.9561 0.5844
v 0.1299 7.9566 0.5184
v 0.1302 7.9565 0.4518
v 0.0793 7.9526 0.4482
v 0.0794 7.9532 0.5129
v 0.0370 7.9462 0.5103
v -0.0011 7.9442 0.5096
v 0.0368 7.9453 0.4466
v -0.0011 7.9433 0.4461
v 0.0366 7.9435 0.3848
v 0.0789 7.9513 0.3848
v 0.1299 7.9561 0.3858
v -0.2212 7.9509 0.1813
v -0.2091 7.9526 0.1187
v -0.1932 7.9542 0.0633
v -0.1723 7.9569 0.1307
v -0.1603 7.9575 0.0793
v -0.1810 7.9559 0.1892
v -0.2349 7.9477 0.3200
v -0.2297 7.9491 0.2491
v -0.1868 7.9548 0.2529
v -0.1902 7.9539 0.3201
v -0.1514 7.9555 -0.0234
v -0.1271 7.9548 -0.0567
v -0.1019 7.9529 -0.0853
v -0.1070 7.9555 -0.0318
v -0.0860 7.9530 -0.0592
v -0.1269 7.9570 -0.0007
v -0.1737 7.9552 0.0161
v -0.1450 7.9576 0.0358
v -0.0264 7.9444 -0.1423
v -0.0225 7.9445 -0.1178
v -0.0514 7.9469 -0.1294
v -0.0437 7.9467 -0.1040
v -0.0766 7.9501 -0.1098
v -0.0649 7.9499 -0.0837
v -0.1948 7.9220 0.9202
v -0.2035 7.9284 0.8814
v -0.2116 7.9338 0.8371
v -0.1667 7.9352 0.8733
v -0.1728 7.9410 0.8290
v -0.1600 7.9285 0.9119
v -0.1798 7.9166 0.9717
v -0.1870 7.9168 0.9532
v -0.1539 7.9229 0.9450
v -0.1500 7.9221 0.9662
v -0.2238 7.9409 0.7302
v -0.2283 7.9429 0.6686
v -0.2320 7.9442 0.6030
v -0.1856 7.9507 0.6599
v -0.1884 7.9519 0.5946
v -0.1822 7.9486 0.7215
v -0.2183 7.9380 0.7866
v -0.1779 7.9455 0.7783
v -0.2369 7.9458 0.4637
v -0.2371 7.9466 0.3919
v -0.1917 7.9533 0.3889
v -0.1917 7.9530 0.4582
v -0.2350 7.9450 0.5344
v -0.1905 7.9526 0.5271
v -0.1270 7.9552 0.2021
v -0.1298 7.9554 0.2598
v -0.0804 7.9482 0.2671
v -0.0793 7.9464 0.2147
v -0.1314 7.9557 0.3215
v -0.0809 7.9498 0.3241
v -0.1151 7.9540 0.1037
v -0.1223 7.9548 0.1497
v -0.0772 7.9444 0.1676
v -0.0734 7.9421 0.1260
v -0.0362 7.9284 0.1415
v -0.0378 7.9319 0.1802
v -0.0385 7.9352 0.2239
v -0.0387 7.9382 0.2726
v -0.0388 7.9410 0.3264
v -0.0927 7.9508 0.0313
v -0.1051 7.9527 0.0646
v -0.0676 7.9395 0.0901
v -0.0601 7.9366 0.0585
v -0.0636 7.9458 -0.0250
v -0.0786 7.9485 0.0020
v -0.0513 7.9339 0.0297
v -0.0417 7.9314 0.0022
v -0.0212 7.9159 0.0191
v -0.0258 7.9182 0.0476
v -0.0300 7.9212 0.0765
v -0.0336 7.9247 0.1074
v -0.0326 7.9404 -0.0719
v -0.0481 7.9429 -0.0502
v -0.0318 7.9292 -0.0245
v -0.0217 7.9276 -0.0484
v -0.0170 7.9396 -0.0867
v -0.0116 7.9277 -0.0648
v -0.0064 7.9131 -0.0541
v -0.0114 7.9132 -0.0352
v -0.0163 7.9144 -0.0092
v -0.0692 7.9144 0.9252
v -0.1096 7.9234 0.9338
v -0.1067 7.9225 0.9553
v -0.0664 7.9131 0.9470
v -0.1136 7.9295 0.9006
v -0.0716 7.9213 0.8915
v -0.0736 7.9298 0.8524
v -0.1175 7.9370 0.8619
v -0.1211 7.9435 0.8175
v -0.0754 7.9373 0.8079
v -0.0365 7.9267 0.8021
v -0.0357 7.9180 0.8466
v -0.0349 7.9084 0.8859
v -0.0334 7.9004 0.9200
v -0.0315 7.8989 0.9419
v -0.0773 7.9434 0.7573
v -0.1243 7.9486 0.7667
v -0.1271 7.9523 0.7100
v -0.0789 7.9479 0.7013
v -0.0803 7.9510 0.6410
v -0.1294 7.9548 0.6488
v -0.1311 7.9562 0.5845
v -0.0811 7.9527 0.5777
v -0.0391 7.9456 0.5743
v -0.0387 7.9431 0.6371
v -0.0381 7.9392 0.6966
v -0.0373 7.9338 0.7519
v -0.0815 7.9526 0.4483
v -0.1325 7.9565 0.4520
v -0.1321 7.9566 0.5185
v -0.0815 7.9532 0.5130
v -0.1322 7.9561 0.3860
v -0.0812 7.9514 0.3849
v -0.0389 7.9435 0.3848
v -0.0391 7.9453 0.4467
v -0.0392 7.9462 0.5103
v -0.0012 7.9412 0.3848
v -0.0014 7.9079 -0.0037
v -0.0009 7.9217 0.8009
v -0.0013 7.9121 0.0538
v -0.0014 7.9149 -0.0598
v -0.0013 7.9193 0.1134
v -0.0013 7.9234 0.1469
v -0.0012 7.9314 0.2270
v -0.0009 7.9122 0.8454
v -0.0010 7.9403 0.6364
v -0.0009 7.8915 0.9403
vt 0.7443 0.0388
vt 0.7200 0.0388
vt 0.7200 0.0038
vt 0.7443 0.0038
vt 0.7443 0.0737
vt 0.7200 0.0737
vt 0.7686 0.0737
vt 0.7686 0.0388
vt 0.7686 0.0038
vt 0.7292 0.0038
vt 0.7292 0.0388
vt 0.7049 0.0388
vt 0.7049 0.0038
vt 0.7292 0.0737
vt 0.7049 0.0737
vt 0.6957 0.0737
vt 0.6957 0.0388
vt 0.6957 0.0038
vt 0.7200 0.1087
vt 0.6957 0.1087
vt 0.7292 0.1087
vt 0.7048 0.1087
vt 0.7291 0.1438
vt 0.7048 0.1438
vt 0.7200 0.1438
vt 0.6956 0.1438
vt 0.7686 0.1087
vt 0.7443 0.1087
vt 0.7443 0.1438
vt 0.7686 0.1438
vt 0.8630 0.0388
vt 0.8394 0.0388
vt 0.8394 0.0038
vt 0.8630 0.0038
vt 0.8158 0.0388
vt 0.8158 0.0038
vt 0.8394 0.0737
vt 0.8158 0.0737
vt 0.8630 0.0737
vt 0.7922 0.0388
vt 0.7922 0.0038
vt 0.7922 0.0737
vt 0.8158 0.1087
vt 0.7922 0.1087
vt 0.7922 0.1438
vt 0.8158 0.1438
vt 0.8630 0.1087
vt 0.8394 0.1087
vt 0.8394 0.1438
vt 0.8630 0.1438
vt 0.9574 0.0038
vt 0.9574 0.0388
vt 0.9338 0.0388
vt 0.9338 0.0038
vt 0.9102 0.0388
vt 0.9102 0.0038
vt 0.9338 0.0737
vt 0.9102 0.0737
vt 0.9574 0.0737
vt 0.8866 0.0388
vt 0.8866 0.0038
vt 0.8866 0.0737
vt 0.9102 0.1087
vt 0.8866 0.1087
vt 0.8866 0.1438
vt 0.9102 0.1438
vt 0.9574 0.1087
vt 0.9338 0.1087
vt 0.9338 0.1438
vt 0.9574 0.1438
vt 0.7686 0.1788
vt 0.7443 0.1788
vt 0.7200 0.1788
vt 0.7443 0.2138
vt 0.7200 0.2138
vt 0.7686 0.2138
vt 0.6956 0.1788
vt 0.7291 0.1788
vt 0.7048 0.1788
vt 0.7291 0.2138
vt 0.7048 0.2138
vt 0.6956 0.2138
vt 0.7200 0.2487
vt 0.6956 0.2487
vt 0.7291 0.2487
vt 0.7048 0.2487
vt 0.7291 0.2837
vt 0.7048 0.2837
vt 0.7200 0.2837
vt 0.6956 0.2837
vt 0.7686 0.2487
vt 0.7443 0.2487
vt 0.7443 0.2837
vt 0.7686 0.2837
vt 0.8630 0.1788
vt 0.8394 0.1788
vt 0.8158 0.1788
vt 0.8394 0.2138
vt 0.8158 0.2138
vt 0.8630 0.2138
vt 0.7922 0.1788
vt 0.7922 0.2138
vt 0.8158 0.2487
vt 0.7922 0.2487
vt 0.7922 0.2837
vt 0.8158 0.2837
vt 0.8630 0.2487
vt 0.8394 0.2487
vt 0.8394 0.2837
vt 0.8630 0.2837
vt 0.9574 0.1788
vt 0.9338 0.1788
vt 0.9102 0.1788
vt 0.9338 0.2138
vt 0.9102 0.2138
vt 0.9574 0.2138
vt 0.8866 0.1788
vt 0.8866 0.2138
vt 0.9102 0.2487
vt 0.8866 0.2487
vt 0.8866 0.2837
vt 0.9102 0.2837
vt 0.9574 0.2487
vt 0.9338 0.2487
vt 0.9338 0.2837
vt 0.9574 0.2837
vt 0.7443 0.3186
vt 0.7200 0.3186
vt 0.7443 0.3536
vt 0.7200 0.3536
vt 0.7686 0.3536
vt 0.7686 0.3186
vt 0.6956 0.3186
vt 0.7291 0.3186
vt 0.7048 0.3186
vt 0.7291 0.3536
vt 0.7048 0.3536
vt 0.6956 0.3536
vt 0.7200 0.3887
vt 0.6956 0.3887
vt 0.7291 0.3887
vt 0.7048 0.3887
vt 0.7291 0.4237
vt 0.7048 0.4237
vt 0.7200 0.4237
vt 0.6956 0.4237
vt 0.7686 0.3887
vt 0.7443 0.3887
vt 0.7443 0.4237
vt 0.7686 0.4237
vt 0.8394 0.3186
vt 0.8158 0.3186
vt 0.8394 0.3536
vt 0.8158 0.3536
vt 0.8630 0.3536
vt 0.8630 0.3186
vt 0.7922 0.3186
vt 0.7922 0.3536
vt 0.8158 0.3887
vt 0.7922 0.3887
vt 0.7922 0.4237
vt 0.8158 0.4237
vt 0.8630 0.3887
vt 0.8394 0.3887
vt 0.8394 0.4237
vt 0.8630 0.4237
vt 0.9338 0.3186
vt 0.9102 0.3186
vt 0.9338 0.3536
vt 0.9102 0.3536
vt 0.9574 0.3536
vt 0.9574 0.3186
vt 0.8866 0.3186
vt 0.8866 0.3536
vt 0.9102 0.3887
vt 0.8866 0.3887
vt 0.8866 0.4237
vt 0.9102 0.4237
vt 0.9574 0.3887
vt 0.9338 0.3887
vt 0.9338 0.4237
vt 0.9574 0.4237
vt 0.7686 0.4587
vt 0.7443 0.4587
vt 0.7200 0.4587
vt 0.7443 0.4936
vt 0.7200 0.4936
vt 0.7686 0.4936
vt 0.6957 0.4587
vt 0.7292 0.4587
vt 0.7048 0.4587
vt 0.7292 0.4936
vt 0.7049 0.4936
vt 0.6957 0.4936
vt 0.7200 0.5286
vt 0.6957 0.5286
vt 0.7292 0.5286
vt 0.7049 0.5286
vt 0.7292 0.5636
vt 0.7049 0.5636
vt 0.7200 0.5636
vt 0.6957 0.5636
vt 0.7686 0.5286
vt 0.7443 0.5286
vt 0.7443 0.5636
vt 0.7686 0.5636
vt 0.8394 0.4587
vt 0.8158 0.4587
vt 0.8394 0.4936
vt 0.8158 0.4936
vt 0.8630 0.4936
vt 0.8630 0.4587
vt 0.7922 0.4587
vt 0.7922 0.4936
vt 0.8158 0.5286
vt 0.7922 0.5286
vt 0.7922 0.5636
vt 0.8158 0.5636
vt 0.8630 0.5286
vt 0.8394 0.5286
vt 0.8394 0.5636
vt 0.8630 0.5636
vt 0.9574 0.4587
vt 0.9338 0.4587
vt 0.9102 0.4587
vt 0.9338 0.4936
vt 0.9102 0.4936
vt 0.9574 0.4936
vt 0.8866 0.4587
vt 0.8866 0.4936
vt 0.9102 0.5286
vt 0.8866 0.5286
vt 0.8866 0.5636
vt 0.9102 0.5636
vt 0.9574 0.5286
vt 0.9338 0.5286
vt 0.9338 0.5636
vt 0.9574 0.5636
vt 0.7443 0.5987
vt 0.7200 0.5987
vt 0.7443 0.6336
vt 0.7201 0.6336
vt 0.7686 0.6336
vt 0.7686 0.5987
vt 0.6957 0.5987
vt 0.7292 0.5987
vt 0.7050 0.5987
vt 0.7293 0.6336
vt 0.7050 0.6336
vt 0.6958 0.6336
vt 0.6958 0.6686
vt 0.7201 0.6686
vt 0.7201 0.7036
vt 0.6958 0.7036
vt 0.7293 0.6686
vt 0.7050 0.6686
vt 0.7051 0.7036
vt 0.7293 0.7036
vt 0.7686 0.6686
vt 0.7444 0.6686
vt 0.7444 0.7036
vt 0.7686 0.7036
vt 0.8630 0.5987
vt 0.8394 0.5987
vt 0.8158 0.5987
vt 0.8394 0.6336
vt 0.8158 0.6336
vt 0.8630 0.6336
vt 0.7922 0.5987
vt 0.7922 0.6336
vt 0.7922 0.6686
vt 0.8158 0.6686
vt 0.8158 0.7036
vt 0.7922 0.7036
vt 0.8394 0.6686
vt 0.8630 0.6686
vt 0.8394 0.7036
vt 0.8630 0.7036
vt 0.9574 0.5987
vt 0.9338 0.5987
vt 0.9102 0.5987
vt 0.9338 0.6336
vt 0.9102 0.6336
vt 0.9574 0.6336
vt 0.8866 0.5987
vt 0.8866 0.6336
vt 0.9102 0.6686
vt 0.8866 0.6686
vt 0.8866 0.7036
vt 0.9102 0.7036
vt 0.9574 0.6686
vt 0.9338 0.6686
vt 0.9338 0.7036
vt 0.9574 0.7036
vt 0.7444 0.7735
vt 0.7444 0.7385
vt 0.7686 0.7385
vt 0.7686 0.7735
vt 0.7201 0.7385
vt 0.7201 0.7735
vt 0.7051 0.7385
vt 0.7294 0.7385
vt 0.7294 0.7735
vt 0.7052 0.7735
vt 0.6959 0.7385
vt 0.6959 0.7735
vt 0.7052 0.8086
vt 0.7294 0.8086
vt 0.7295 0.8436
vt 0.7053 0.8436
vt 0.6960 0.8436
vt 0.6959 0.8086
vt 0.7202 0.8086
vt 0.7202 0.8436
vt 0.7444 0.8436
vt 0.7444 0.8086
vt 0.7686 0.8086
vt 0.7686 0.8436
vt 0.8394 0.7735
vt 0.8394 0.7385
vt 0.8630 0.7385
vt 0.8630 0.7735
vt 0.8158 0.7385
vt 0.8158 0.7735
vt 0.7922 0.7385
vt 0.7922 0.7735
vt 0.7922 0.8086
vt 0.7922 0.8436
vt 0.8158 0.8086
vt 0.8158 0.8436
vt 0.8394 0.8436
vt 0.8394 0.8086
vt 0.8630 0.8086
vt 0.8630 0.8436
vt 0.9338 0.7735
vt 0.9338 0.7385
vt 0.9574 0.7385
vt 0.9574 0.7735
vt 0.9102 0.7385
vt 0.9102 0.7735
vt 0.8866 0.7735
vt 0.8866 0.7385
vt 0.8866 0.8086
vt 0.8866 0.8436
vt 0.9102 0.8086
vt 0.9102 0.8436
vt 0.9338 0.8436
vt 0.9338 0.8086
vt 0.9574 0.8086
vt 0.9574 0.8436
vt 0.8158 0.8785
vt 0.8394 0.8785
vt 0.8394 0.9134
vt 0.8158 0.9134
vt 0.8630 0.8785
vt 0.8630 0.9134
vt 0.7686 0.8785
vt 0.7922 0.8785
vt 0.7922 0.9134
vt 0.7686 0.9134
vt 0.7686 0.9483
vt 0.7922 0.9483
vt 0.7922 0.9833
vt 0.7686 0.9833
vt 0.8158 0.9483
vt 0.7922 0.9483
vt 0.8630 0.9483
vt 0.8394 0.9483
vt 0.8394 0.9833
vt 0.8158 0.9833
vt 0.9102 0.8785
vt 0.9338 0.8785
vt 0.9338 0.9135
vt 0.9102 0.9135
vt 0.9574 0.8785
vt 0.9574 0.9135
vt 0.8866 0.8785
vt 0.8866 0.9135
vt 0.8866 0.9833
vt 0.8866 0.9483
vt 0.9102 0.9485
vt 0.9102 0.9834
vt 0.9338 0.9834
vt 0.9338 0.9485
vt 0.9574 0.9485
vt 0.9574 0.9834
vt 0.7200 0.0038
vt 0.7200 0.0388
vt 0.7443 0.0388
vt 0.7443 0.0038
vt 0.7686 0.0388
vt 0.7686 0.0038
vt 0.7443 0.0737
vt 0.7686 0.0737
vt 0.7200 0.0737
vt 0.7443 0.1087
vt 0.7686 0.1087
vt 0.7443 0.1438
vt 0.7686 0.1438
vt 0.7200 0.1087
vt 0.7200 0.1438
vt 0.6957 0.0737
vt 0.6957 0.1087
vt 0.6956 0.1438
vt 0.7348 0.1087
vt 0.7348 0.1438
vt 0.7591 0.1438
vt 0.7592 0.1087
vt 0.7349 0.0737
vt 0.7592 0.0737
vt 0.7349 0.0388
vt 0.7592 0.0388
vt 0.7592 0.0038
vt 0.7349 0.0038
vt 0.6957 0.0038
vt 0.6957 0.0388
vt 0.8394 0.0038
vt 0.8394 0.0388
vt 0.8630 0.0388
vt 0.8630 0.0038
vt 0.8394 0.0737
vt 0.8630 0.0737
vt 0.8158 0.0388
vt 0.8158 0.0737
vt 0.8158 0.0038
vt 0.8394 0.1087
vt 0.8630 0.1087
vt 0.8394 0.1438
vt 0.8630 0.1438
vt 0.8158 0.1087
vt 0.8158 0.1438
vt 0.7922 0.0737
vt 0.7922 0.1087
vt 0.7922 0.1438
vt 0.7922 0.0038
vt 0.7922 0.0388
vt 0.9338 0.0388
vt 0.9574 0.0388
vt 0.9574 0.0038
vt 0.9338 0.0038
vt 0.9338 0.0737
vt 0.9574 0.0737
vt 0.9102 0.0388
vt 0.9102 0.0737
vt 0.9102 0.0038
vt 0.9338 0.1087
vt 0.9574 0.1087
vt 0.9338 0.1438
vt 0.9574 0.1438
vt 0.9102 0.1087
vt 0.9102 0.1438
vt 0.8866 0.0737
vt 0.8866 0.1087
vt 0.8866 0.1438
vt 0.8866 0.0038
vt 0.8866 0.0388
vt 0.7443 0.1788
vt 0.7686 0.1788
vt 0.7443 0.2138
vt 0.7686 0.2138
vt 0.7200 0.1788
vt 0.7200 0.2138
vt 0.7443 0.2487
vt 0.7686 0.2487
vt 0.7443 0.2837
vt 0.7686 0.2837
vt 0.7200 0.2487
vt 0.7200 0.2837
vt 0.6956 0.2487
vt 0.6956 0.2138
vt 0.6956 0.2837
vt 0.7348 0.2487
vt 0.7348 0.2837
vt 0.7591 0.2837
vt 0.7591 0.2487
vt 0.7348 0.2138
vt 0.7591 0.2138
vt 0.6956 0.1788
vt 0.7348 0.1788
vt 0.7591 0.1788
vt 0.8394 0.1788
vt 0.8630 0.1788
vt 0.8394 0.2138
vt 0.8630 0.2138
vt 0.8158 0.1788
vt 0.8158 0.2138
vt 0.8394 0.2487
vt 0.8630 0.2487
vt 0.8394 0.2837
vt 0.8630 0.2837
vt 0.8158 0.2487
vt 0.8158 0.2837
vt 0.7922 0.2487
vt 0.7922 0.2138
vt 0.7922 0.2837
vt 0.7922 0.1788
vt 0.9338 0.1788
vt 0.9574 0.1788
vt 0.9338 0.2138
vt 0.9574 0.2138
vt 0.9102 0.1788
vt 0.9102 0.2138
vt 0.9338 0.2487
vt 0.9574 0.2487
vt 0.9338 0.2837
vt 0.9574 0.2837
vt 0.9102 0.2487
vt 0.9102 0.2837
vt 0.8866 0.2138
vt 0.8866 0.2487
vt 0.8866 0.2837
vt 0.8866 0.1788
vt 0.7200 0.3186
vt 0.7443 0.3186
vt 0.7686 0.3186
vt 0.7443 0.3536
vt 0.7686 0.3536
vt 0.7200 0.3536
vt 0.7443 0.3887
vt 0.7686 0.3887
vt 0.7443 0.4237
vt 0.7686 0.4237
vt 0.7200 0.3887
vt 0.7200 0.4237
vt 0.6956 0.3887
vt 0.6956 0.3536
vt 0.6956 0.4237
vt 0.7348 0.3887
vt 0.7348 0.4237
vt 0.7591 0.4237
vt 0.7591 0.3887
vt 0.7348 0.3536
vt 0.7591 0.3536
vt 0.6956 0.3186
vt 0.7348 0.3186
vt 0.7591 0.3186
vt 0.8158 0.3186
vt 0.8394 0.3186
vt 0.8630 0.3186
vt 0.8394 0.3536
vt 0.8630 0.3536
vt 0.8158 0.3536
vt 0.8394 0.3887
vt 0.8630 0.3887
vt 0.8394 0.4237
vt 0.8630 0.4237
vt 0.8158 0.3887
vt 0.8158 0.4237
vt 0.7922 0.3887
vt 0.7922 0.3536
vt 0.7922 0.4237
vt 0.7922 0.3186
vt 0.9102 0.3186
vt 0.9338 0.3186
vt 0.9574 0.3186
vt 0.9338 0.3536
vt 0.9574 0.3536
vt 0.9102 0.3536
vt 0.9338 0.3887
vt 0.9574 0.3887
vt 0.9338 0.4237
vt 0.9574 0.4237
vt 0.9102 0.3887
vt 0.9102 0.4237
vt 0.8866 0.3887
vt 0.8866 0.3536
vt 0.8866 0.4237
vt 0.8866 0.3186
vt 0.7443 0.4587
vt 0.7686 0.4587
vt 0.7443 0.4936
vt 0.7686 0.4936
vt 0.7200 0.4587
vt 0.7200 0.4936
vt 0.7443 0.5286
vt 0.7686 0.5286
vt 0.7443 0.5636
vt 0.7686 0.5636
vt 0.7200 0.5286
vt 0.7200 0.5636
vt 0.6957 0.4936
vt 0.6957 0.5286
vt 0.6957 0.5636
vt 0.7349 0.5286
vt 0.7349 0.5636
vt 0.7592 0.5636
vt 0.7592 0.5286
vt 0.7349 0.4936
vt 0.7592 0.4936
vt 0.6957 0.4587
vt 0.7348 0.4587
vt 0.7592 0.4587
vt 0.8158 0.4587
vt 0.8394 0.4587
vt 0.8630 0.4587
vt 0.8394 0.4936
vt 0.8630 0.4936
vt 0.8158 0.4936
vt 0.8394 0.5286
vt 0.8630 0.5286
vt 0.8394 0.5636
vt 0.8630 0.5636
vt 0.8158 0.5286
vt 0.8158 0.5636
vt 0.7922 0.5286
vt 0.7922 0.4936
vt 0.7922 0.5636
vt 0.7922 0.4587
vt 0.9338 0.4587
vt 0.9574 0.4587
vt 0.9338 0.4936
vt 0.9574 0.4936
vt 0.9102 0.4587
vt 0.9102 0.4936
vt 0.9338 0.5286
vt 0.9574 0.5286
vt 0.9338 0.5636
vt 0.9574 0.5636
vt 0.9102 0.5286
vt 0.9102 0.5636
vt 0.8866 0.4936
vt 0.8866 0.5286
vt 0.8866 0.5636
vt 0.8866 0.4587
vt 0.7200 0.5987
vt 0.7443 0.5987
vt 0.7686 0.5987
vt 0.7443 0.6336
vt 0.7686 0.6336
vt 0.7201 0.6336
vt 0.7444 0.6686
vt 0.7686 0.6686
vt 0.7686 0.7036
vt 0.7444 0.7036
vt 0.7201 0.6686
vt 0.7201 0.7036
vt 0.6958 0.6686
vt 0.6958 0.7036
vt 0.7593 0.6686
vt 0.7350 0.6686
vt 0.7351 0.7036
vt 0.7593 0.7036
vt 0.7350 0.6336
vt 0.7593 0.6336
vt 0.6958 0.6336
vt 0.6957 0.5987
vt 0.7350 0.5987
vt 0.7592 0.5987
vt 0.8394 0.5987
vt 0.8630 0.5987
vt 0.8394 0.6336
vt 0.8630 0.6336
vt 0.8158 0.5987
vt 0.8158 0.6336
vt 0.8394 0.6686
vt 0.8630 0.6686
vt 0.8630 0.7036
vt 0.8394 0.7036
vt 0.8158 0.6686
vt 0.8158 0.7036
vt 0.7922 0.6686
vt 0.7922 0.7036
vt 0.7922 0.6336
vt 0.7922 0.5987
vt 0.9338 0.5987
vt 0.9574 0.5987
vt 0.9338 0.6336
vt 0.9574 0.6336
vt 0.9102 0.5987
vt 0.9102 0.6336
vt 0.9338 0.6686
vt 0.9574 0.6686
vt 0.9338 0.7036
vt 0.9574 0.7036
vt 0.9102 0.6686
vt 0.9102 0.7036
vt 0.8866 0.6336
vt 0.8866 0.6686
vt 0.8866 0.7036
vt 0.8866 0.5987
vt 0.7686 0.7385
vt 0.7444 0.7385
vt 0.7444 0.7735
vt 0.7686 0.7735
vt 0.7201 0.7385
vt 0.7201 0.7735
vt 0.7686 0.8086
vt 0.7444 0.8086
vt 0.7444 0.8436
vt 0.7686 0.8436
vt 0.7202 0.8086
vt 0.7202 0.8436
vt 0.7595 0.8436
vt 0.7594 0.8086
vt 0.7352 0.8086
vt 0.7353 0.8436
vt 0.7594 0.7735
vt 0.7352 0.7735
vt 0.6959 0.7735
vt 0.6959 0.8086
vt 0.6960 0.8436
vt 0.7594 0.7385
vt 0.7351 0.7385
vt 0.6959 0.7385
vt 0.8630 0.7385
vt 0.8394 0.7385
vt 0.8394 0.7735
vt 0.8630 0.7735
vt 0.8158 0.7385
vt 0.8158 0.7735
vt 0.8630 0.8086
vt 0.8394 0.8086
vt 0.8394 0.8436
vt 0.8630 0.8436
vt 0.8158 0.8086
vt 0.8158 0.8436
vt 0.7922 0.8436
vt 0.7922 0.8086
vt 0.7922 0.7735
vt 0.7922 0.7385
vt 0.9574 0.7385
vt 0.9338 0.7385
vt 0.9338 0.7735
vt 0.9574 0.7735
vt 0.9102 0.7385
vt 0.9102 0.7735
vt 0.9574 0.8086
vt 0.9338 0.8086
vt 0.9338 0.8436
vt 0.9574 0.8436
vt 0.9102 0.8086
vt 0.9102 0.8436
vt 0.8866 0.8436
vt 0.8866 0.8086
vt 0.8866 0.7735
vt 0.8866 0.7385
vt 0.8394 0.9134
vt 0.8394 0.8785
vt 0.8158 0.8785
vt 0.8158 0.9134
vt 0.8630 0.8785
vt 0.8630 0.9134
vt 0.8630 0.9483
vt 0.7922 0.9134
vt 0.7686 0.9134
vt 0.7922 0.8785
vt 0.7686 0.8785
vt 0.9338 0.9135
vt 0.9338 0.8785
vt 0.9102 0.8785
vt 0.9102 0.9135
vt 0.9574 0.8785
vt 0.9574 0.9135
vt 0.8866 0.9483
vt 0.8866 0.9135
vt 0.8866 0.8785
vt 0.7443 0.5987
vt 0.7443 0.5636
vt 0.7200 0.5636
vt 0.7200 0.5987
vt 0.7443 0.6336
vt 0.7201 0.6336
vt 0.7686 0.6336
vt 0.7686 0.5987
vt 0.7686 0.5636
vt 0.6957 0.5636
vt 0.6957 0.5987
vt 0.7292 0.5987
vt 0.7292 0.5636
vt 0.7049 0.5636
vt 0.7050 0.5987
vt 0.7293 0.6336
vt 0.7050 0.6336
vt 0.6958 0.6336
vt 0.6958 0.6686
vt 0.6958 0.7036
vt 0.7201 0.7036
vt 0.7201 0.6686
vt 0.7293 0.6686
vt 0.7050 0.6686
vt 0.7051 0.7036
vt 0.7293 0.7036
vt 0.7444 0.6686
vt 0.7686 0.6686
vt 0.7444 0.7036
vt 0.7686 0.7036
vt 0.8630 0.5987
vt 0.8630 0.5636
vt 0.8394 0.5636
vt 0.8394 0.5987
vt 0.8158 0.5636
vt 0.8158 0.5987
vt 0.8394 0.6336
vt 0.8158 0.6336
vt 0.8630 0.6336
vt 0.7922 0.5636
vt 0.7922 0.5987
vt 0.7922 0.6336
vt 0.7922 0.6686
vt 0.7922 0.7036
vt 0.8158 0.7036
vt 0.8158 0.6686
vt 0.8394 0.6686
vt 0.8630 0.6686
vt 0.8394 0.7036
vt 0.8630 0.7036
vt 0.9574 0.5987
vt 0.9574 0.5636
vt 0.9338 0.5636
vt 0.9338 0.5987
vt 0.9102 0.5636
vt 0.9102 0.5987
vt 0.9338 0.6336
vt 0.9102 0.6336
vt 0.9574 0.6336
vt 0.8866 0.5636
vt 0.8866 0.5987
vt 0.8866 0.6336
vt 0.9102 0.6686
vt 0.8866 0.6686
vt 0.8866 0.7036
vt 0.9102 0.7036
vt 0.9574 0.6686
vt 0.9338 0.6686
vt 0.9338 0.7036
vt 0.9574 0.7036
vt 0.7444 0.7735
vt 0.7686 0.7735
vt 0.7686 0.7385
vt 0.7444 0.7385
vt 0.7201 0.7385
vt 0.7201 0.7735
vt 0.7051 0.7385
vt 0.7052 0.7735
vt 0.7294 0.7735
vt 0.7294 0.7385
vt 0.6959 0.7385
vt 0.6959 0.7735
vt 0.7052 0.8086
vt 0.7053 0.8436
vt 0.7295 0.8436
vt 0.7294 0.8086
vt 0.6960 0.8436
vt 0.7202 0.8436
vt 0.7202 0.8086
vt 0.6959 0.8086
vt 0.7444 0.8436
vt 0.7686 0.8436
vt 0.7686 0.8086
vt 0.7444 0.8086
vt 0.8394 0.7735
vt 0.8630 0.7735
vt 0.8630 0.7385
vt 0.8394 0.7385
vt 0.8158 0.7385
vt 0.8158 0.7735
vt 0.7922 0.7385
vt 0.7922 0.7735
vt 0.7922 0.8436
vt 0.7922 0.8086
vt 0.8158 0.8436
vt 0.8158 0.8086
vt 0.8394 0.8436
vt 0.8630 0.8436
vt 0.8630 0.8086
vt 0.8394 0.8086
vt 0.9338 0.7735
vt 0.9574 0.7735
vt 0.9574 0.7385
vt 0.9338 0.7385
vt 0.9102 0.7385
vt 0.9102 0.7735
vt 0.8866 0.7735
vt 0.8866 0.7385
vt 0.8866 0.8436
vt 0.8866 0.8086
vt 0.9102 0.8436
vt 0.9102 0.8086
vt 0.9338 0.8436
vt 0.9574 0.8436
vt 0.9574 0.8086
vt 0.9338 0.8086
vt 0.8158 0.8785
vt 0.8158 0.9134
vt 0.8394 0.9134
vt 0.8394 0.8785
vt 0.8630 0.9134
vt 0.8630 0.8785
vt 0.7686 0.8785
vt 0.7686 0.9134
vt 0.7922 0.9134
vt 0.7922 0.8785
vt 0.7686 0.9483
vt 0.7686 0.9833
vt 0.7922 0.9833
vt 0.7922 0.9483
vt 0.7922 0.9483
vt 0.8158 0.9483
vt 0.8394 0.9833
vt 0.8630 0.9833
vt 0.8630 0.9483
vt 0.8394 0.9483
vt 0.8158 0.9833
vt 0.9102 0.8785
vt 0.9102 0.9135
vt 0.9338 0.9135
vt 0.9338 0.8785
vt 0.9574 0.9135
vt 0.9574 0.8785
vt 0.8866 0.9135
vt 0.8866 0.8785
vt 0.8866 0.9483
vt 0.9102 0.9485
vt 0.9338 0.9834
vt 0.9574 0.9834
vt 0.9574 0.9485
vt 0.9338 0.9485
vt 0.7200 0.5636
vt 0.7443 0.5636
vt 0.7443 0.5987
vt 0.7200 0.5987
vt 0.7686 0.5636
vt 0.7686 0.5987
vt 0.7686 0.6336
vt 0.7443 0.6336
vt 0.7201 0.6336
vt 0.7444 0.6686
vt 0.7686 0.6686
vt 0.7686 0.7036
vt 0.7444 0.7036
vt 0.7201 0.7036
vt 0.7201 0.6686
vt 0.6958 0.7036
vt 0.6958 0.6686
vt 0.7593 0.6686
vt 0.7593 0.7036
vt 0.7351 0.7036
vt 0.7350 0.6686
vt 0.7350 0.6336
vt 0.7593 0.6336
vt 0.6958 0.6336
vt 0.6957 0.5987
vt 0.6957 0.5636
vt 0.7350 0.5987
vt 0.7592 0.5987
vt 0.7349 0.5636
vt 0.7592 0.5636
vt 0.8394 0.5636
vt 0.8630 0.5636
vt 0.8630 0.5987
vt 0.8394 0.5987
vt 0.8630 0.6336
vt 0.8394 0.6336
vt 0.8158 0.5987
vt 0.8158 0.6336
vt 0.8158 0.5636
vt 0.8630 0.6686
vt 0.8394 0.6686
vt 0.8630 0.7036
vt 0.8394 0.7036
vt 0.8158 0.7036
vt 0.8158 0.6686
vt 0.7922 0.7036
vt 0.7922 0.6686
vt 0.7922 0.6336
vt 0.7922 0.5636
vt 0.7922 0.5987
vt 0.9338 0.5636
vt 0.9574 0.5636
vt 0.9574 0.5987
vt 0.9338 0.5987
vt 0.9574 0.6336
vt 0.9338 0.6336
vt 0.9102 0.5987
vt 0.9102 0.6336
vt 0.9102 0.5636
vt 0.9574 0.6686
vt 0.9338 0.6686
vt 0.9574 0.7036
vt 0.9338 0.7036
vt 0.9102 0.7036
vt 0.9102 0.6686
vt 0.8866 0.6336
vt 0.8866 0.6686
vt 0.8866 0.7036
vt 0.8866 0.5636
vt 0.8866 0.5987
vt 0.7686 0.7385
vt 0.7686 0.7735
vt 0.7444 0.7735
vt 0.7444 0.7385
vt 0.7201 0.7735
vt 0.7201 0.7385
vt 0.7686 0.8086
vt 0.7686 0.8436
vt 0.7444 0.8436
vt 0.7444 0.8086
vt 0.7202 0.8436
vt 0.7202 0.8086
vt 0.7595 0.8436
vt 0.7353 0.8436
vt 0.7352 0.8086
vt 0.7594 0.8086
vt 0.7352 0.7735
vt 0.7594 0.7735
vt 0.6959 0.8086
vt 0.6959 0.7735
vt 0.6960 0.8436
vt 0.7351 0.7385
vt 0.7594 0.7385
vt 0.6959 0.7385
vt 0.8630 0.7385
vt 0.8630 0.7735
vt 0.8394 0.7735
vt 0.8394 0.7385
vt 0.8158 0.7735
vt 0.8158 0.7385
vt 0.8630 0.8086
vt 0.8630 0.8436
vt 0.8394 0.8436
vt 0.8394 0.8086
vt 0.8158 0.8436
vt 0.8158 0.8086
vt 0.7922 0.8436
vt 0.7922 0.8086
vt 0.7922 0.7735
vt 0.7922 0.7385
vt 0.9574 0.7385
vt 0.9574 0.7735
vt 0.9338 0.7735
vt 0.9338 0.7385
vt 0.9102 0.7735
vt 0.9102 0.7385
vt 0.9574 0.8086
vt 0.9574 0.8436
vt 0.9338 0.8436
vt 0.9338 0.8086
vt 0.9102 0.8436
vt 0.9102 0.8086
vt 0.8866 0.8436
vt 0.8866 0.8086
vt 0.8866 0.7735
vt 0.8866 0.7385
vt 0.8394 0.9134
vt 0.8158 0.9134
vt 0.8158 0.8785
vt 0.8394 0.8785
vt 0.8630 0.8785
vt 0.8630 0.9134
vt 0.7686 0.9134
vt 0.7922 0.9134
vt 0.7686 0.8785
vt 0.7922 0.8785
vt 0.9338 0.9135
vt 0.9102 0.9135
vt 0.9102 0.8785
vt 0.9338 0.8785
vt 0.9574 0.8785
vt 0.9574 0.9135
vt 0.9338 0.9485
vt 0.9102 0.9485
vt 0.8866 0.9483
vt 0.8866 0.9135
vt 0.8866 0.8785
vt 0.3625 0.0038
vt 0.3625 0.0389
vt 0.3388 0.0389
vt 0.3387 0.0038
vt 0.3626 0.0739
vt 0.3389 0.0739
vt 0.3862 0.0389
vt 0.3863 0.0739
vt 0.3862 0.0038
vt 0.3626 0.1090
vt 0.3390 0.1090
vt 0.3627 0.1441
vt 0.3391 0.1441
vt 0.3863 0.1090
vt 0.3863 0.1441
vt 0.4099 0.0739
vt 0.4099 0.1090
vt 0.4100 0.1441
vt 0.4336 0.1090
vt 0.4336 0.1441
vt 0.4336 0.0739
vt 0.4099 0.0038
vt 0.4099 0.0389
vt 0.4336 0.0389
vt 0.4336 0.0038
vt 0.4573 0.0038
vt 0.4573 0.0389
vt 0.4573 0.0739
vt 0.4809 0.0389
vt 0.4809 0.0739
vt 0.4809 0.0038
vt 0.4573 0.1090
vt 0.4573 0.1441
vt 0.4809 0.1090
vt 0.4809 0.1441
vt 0.5046 0.0739
vt 0.5046 0.1090
vt 0.5046 0.1441
vt 0.5283 0.1090
vt 0.5283 0.1441
vt 0.5283 0.0739
vt 0.5046 0.0038
vt 0.5046 0.0389
vt 0.5283 0.0389
vt 0.5283 0.0038
vt 0.5519 0.0038
vt 0.5519 0.0389
vt 0.5519 0.0739
vt 0.5756 0.0389
vt 0.5756 0.0739
vt 0.5756 0.0038
vt 0.5519 0.1090
vt 0.5519 0.1441
vt 0.5756 0.1090
vt 0.5756 0.1441
vt 0.5993 0.0739
vt 0.5993 0.1090
vt 0.5993 0.1441
vt 0.6229 0.1090
vt 0.6229 0.1441
vt 0.6229 0.0739
vt 0.5993 0.0038
vt 0.5993 0.0389
vt 0.6229 0.0389
vt 0.6229 0.0038
vt 0.0786 0.0389
vt 0.0549 0.0389
vt 0.0549 0.0038
vt 0.0786 0.0038
vt 0.0786 0.0739
vt 0.0549 0.0739
vt 0.1023 0.0389
vt 0.1023 0.0739
vt 0.1023 0.0038
vt 0.0786 0.1090
vt 0.0549 0.1090
vt 0.0786 0.1441
vt 0.0549 0.1441
vt 0.1023 0.1090
vt 0.1023 0.1441
vt 0.1259 0.0739
vt 0.1259 0.1090
vt 0.1259 0.1441
vt 0.1496 0.1090
vt 0.1496 0.1441
vt 0.1496 0.0739
vt 0.1259 0.0038
vt 0.1259 0.0389
vt 0.1496 0.0389
vt 0.1496 0.0038
vt 0.1733 0.0038
vt 0.1733 0.0389
vt 0.1733 0.0739
vt 0.1969 0.0389
vt 0.1969 0.0739
vt 0.1969 0.0038
vt 0.1733 0.1090
vt 0.1733 0.1441
vt 0.1969 0.1090
vt 0.1969 0.1441
vt 0.2206 0.0739
vt 0.2206 0.1090
vt 0.2206 0.1441
vt 0.2443 0.1090
vt 0.2443 0.1441
vt 0.2443 0.0739
vt 0.2206 0.0038
vt 0.2206 0.0389
vt 0.2443 0.0389
vt 0.2443 0.0038
vt 0.2679 0.0038
vt 0.2679 0.0389
vt 0.2679 0.0739
vt 0.2915 0.0389
vt 0.2916 0.0739
vt 0.2915 0.0038
vt 0.2679 0.1090
vt 0.2680 0.1441
vt 0.2916 0.1090
vt 0.2917 0.1441
vt 0.3153 0.0739
vt 0.3153 0.1090
vt 0.3154 0.1441
vt 0.3151 0.0038
vt 0.3152 0.0389
vt 0.3863 0.1792
vt 0.3627 0.1792
vt 0.3391 0.1792
vt 0.3627 0.2142
vt 0.3391 0.2142
vt 0.3863 0.2142
vt 0.3627 0.2493
vt 0.3391 0.2493
vt 0.3627 0.2844
vt 0.3391 0.2844
vt 0.3864 0.2493
vt 0.3864 0.2844
vt 0.4100 0.2493
vt 0.4100 0.2142
vt 0.4100 0.2844
vt 0.4336 0.2493
vt 0.4336 0.2844
vt 0.4336 0.2142
vt 0.4100 0.1792
vt 0.4336 0.1792
vt 0.4573 0.1792
vt 0.4573 0.2142
vt 0.4809 0.1792
vt 0.4809 0.2142
vt 0.4573 0.2493
vt 0.4573 0.2844
vt 0.4809 0.2493
vt 0.4809 0.2844
vt 0.5046 0.2142
vt 0.5046 0.2493
vt 0.5046 0.2844
vt 0.5283 0.2493
vt 0.5283 0.2844
vt 0.5283 0.2142
vt 0.5283 0.1792
vt 0.5046 0.1792
vt 0.5519 0.1792
vt 0.5519 0.2142
vt 0.5756 0.1792
vt 0.5756 0.2142
vt 0.5519 0.2493
vt 0.5519 0.2844
vt 0.5756 0.2493
vt 0.5756 0.2844
vt 0.5993 0.2142
vt 0.5993 0.2493
vt 0.5993 0.2844
vt 0.6229 0.2493
vt 0.6229 0.2844
vt 0.6229 0.2142
vt 0.6229 0.1792
vt 0.5993 0.1792
vt 0.0786 0.1792
vt 0.0549 0.1792
vt 0.0786 0.2142
vt 0.0549 0.2142
vt 0.1023 0.1792
vt 0.1023 0.2142
vt 0.0786 0.2493
vt 0.0549 0.2493
vt 0.0786 0.2844
vt 0.0549 0.2844
vt 0.1023 0.2493
vt 0.1023 0.2844
vt 0.1259 0.2142
vt 0.1259 0.2493
vt 0.1259 0.2844
vt 0.1496 0.2493
vt 0.1496 0.2844
vt 0.1496 0.2142
vt 0.1259 0.1792
vt 0.1496 0.1792
vt 0.1733 0.1792
vt 0.1733 0.2142
vt 0.1969 0.1792
vt 0.1969 0.2142
vt 0.1733 0.2493
vt 0.1733 0.2844
vt 0.1969 0.2493
vt 0.1969 0.2844
vt 0.2206 0.2142
vt 0.2206 0.2493
vt 0.2206 0.2844
vt 0.2443 0.2493
vt 0.2443 0.2844
vt 0.2443 0.2142
vt 0.2206 0.1792
vt 0.2443 0.1792
vt 0.2680 0.1792
vt 0.2680 0.2142
vt 0.2917 0.1792
vt 0.2917 0.2142
vt 0.2680 0.2493
vt 0.2680 0.2844
vt 0.2917 0.2493
vt 0.2917 0.2844
vt 0.3154 0.2142
vt 0.3154 0.2493
vt 0.3154 0.2844
vt 0.3154 0.1792
vt 0.3627 0.3195
vt 0.3391 0.3195
vt 0.3627 0.3545
vt 0.3391 0.3545
vt 0.3863 0.3195
vt 0.3863 0.3545
vt 0.3627 0.3896
vt 0.3391 0.3896
vt 0.3627 0.4247
vt 0.3391 0.4247
vt 0.3863 0.3896
vt 0.3863 0.4247
vt 0.4100 0.3545
vt 0.4100 0.3896
vt 0.4100 0.4247
vt 0.4336 0.3896
vt 0.4336 0.4247
vt 0.4336 0.3545
vt 0.4100 0.3195
vt 0.4336 0.3195
vt 0.4573 0.3195
vt 0.4573 0.3545
vt 0.4809 0.3195
vt 0.4809 0.3545
vt 0.4573 0.3896
vt 0.4573 0.4247
vt 0.4809 0.3896
vt 0.4809 0.4247
vt 0.5046 0.3545
vt 0.5046 0.3896
vt 0.5046 0.4247
vt 0.5283 0.3896
vt 0.5283 0.4247
vt 0.5283 0.3545
vt 0.5046 0.3195
vt 0.5283 0.3195
vt 0.5519 0.3195
vt 0.5519 0.3545
vt 0.5756 0.3195
vt 0.5756 0.3545
vt 0.5519 0.3896
vt 0.5519 0.4247
vt 0.5756 0.3896
vt 0.5756 0.4247
vt 0.5993 0.3545
vt 0.5993 0.3896
vt 0.5993 0.4247
vt 0.6229 0.3896
vt 0.6229 0.4247
vt 0.6229 0.3545
vt 0.5993 0.3195
vt 0.6229 0.3195
vt 0.0786 0.3195
vt 0.0549 0.3195
vt 0.0786 0.3545
vt 0.0549 0.3545
vt 0.1023 0.3195
vt 0.1023 0.3545
vt 0.0786 0.3896
vt 0.0549 0.3896
vt 0.0786 0.4247
vt 0.0549 0.4247
vt 0.1023 0.3896
vt 0.1023 0.4247
vt 0.1259 0.3545
vt 0.1259 0.3896
vt 0.1259 0.4247
vt 0.1496 0.3896
vt 0.1496 0.4247
vt 0.1496 0.3545
vt 0.1259 0.3195
vt 0.1496 0.3195
vt 0.1733 0.3195
vt 0.1733 0.3545
vt 0.1969 0.3195
vt 0.1969 0.3545
vt 0.1733 0.3896
vt 0.1733 0.4247
vt 0.1969 0.3896
vt 0.1969 0.4247
vt 0.2206 0.3545
vt 0.2206 0.3896
vt 0.2206 0.4247
vt 0.2443 0.3896
vt 0.2443 0.4247
vt 0.2443 0.3545
vt 0.2206 0.3195
vt 0.2443 0.3195
vt 0.2917 0.3195
vt 0.2680 0.3195
vt 0.2680 0.3545
vt 0.2917 0.3545
vt 0.2680 0.3896
vt 0.2680 0.4247
vt 0.2917 0.3896
vt 0.2917 0.4247
vt 0.3154 0.3896
vt 0.3154 0.3545
vt 0.3154 0.4247
vt 0.3154 0.3195
vt 0.3627 0.4598
vt 0.3391 0.4598
vt 0.3627 0.4948
vt 0.3391 0.4948
vt 0.3863 0.4598
vt 0.3863 0.4948
vt 0.3627 0.5299
vt 0.3391 0.5299
vt 0.3627 0.5650
vt 0.3391 0.5650
vt 0.3863 0.5299
vt 0.3863 0.5650
vt 0.4100 0.4948
vt 0.4100 0.5299
vt 0.4100 0.5650
vt 0.4336 0.5299
vt 0.4336 0.5650
vt 0.4336 0.4948
vt 0.4336 0.4598
vt 0.4100 0.4598
vt 0.4573 0.4598
vt 0.4573 0.4948
vt 0.4809 0.4598
vt 0.4809 0.4948
vt 0.4573 0.5299
vt 0.4573 0.5650
vt 0.4809 0.5299
vt 0.4809 0.5650
vt 0.5046 0.4948
vt 0.5046 0.5299
vt 0.5046 0.5650
vt 0.5283 0.5299
vt 0.5283 0.5650
vt 0.5283 0.4948
vt 0.5283 0.4598
vt 0.5046 0.4598
vt 0.5519 0.4598
vt 0.5519 0.4948
vt 0.5756 0.4598
vt 0.5756 0.4948
vt 0.5519 0.5299
vt 0.5519 0.5650
vt 0.5756 0.5299
vt 0.5756 0.5650
vt 0.5993 0.4948
vt 0.5993 0.5299
vt 0.5993 0.5650
vt 0.6229 0.5299
vt 0.6229 0.5650
vt 0.6229 0.4948
vt 0.6229 0.4598
vt 0.5993 0.4598
vt 0.0786 0.4598
vt 0.0549 0.4598
vt 0.0786 0.4948
vt 0.0549 0.4948
vt 0.1023 0.4598
vt 0.1023 0.4948
vt 0.0786 0.5299
vt 0.0549 0.5299
vt 0.0786 0.5650
vt 0.0549 0.5650
vt 0.1023 0.5299
vt 0.1023 0.5650
vt 0.1259 0.4948
vt 0.1259 0.5299
vt 0.1259 0.5650
vt 0.1496 0.5299
vt 0.1496 0.5650
vt 0.1496 0.4948
vt 0.1259 0.4598
vt 0.1496 0.4598
vt 0.1733 0.4598
vt 0.1733 0.4948
vt 0.1969 0.4598
vt 0.1969 0.4948
vt 0.1733 0.5299
vt 0.1733 0.5650
vt 0.1969 0.5299
vt 0.1969 0.5650
vt 0.2206 0.4948
vt 0.2206 0.5299
vt 0.2206 0.5650
vt 0.2443 0.5299
vt 0.2443 0.5650
vt 0.2443 0.4948
vt 0.2206 0.4598
vt 0.2443 0.4598
vt 0.2917 0.4598
vt 0.2680 0.4598
vt 0.2680 0.4948
vt 0.2917 0.4948
vt 0.2680 0.5299
vt 0.2680 0.5650
vt 0.2917 0.5650
vt 0.2917 0.5299
vt 0.3154 0.4948
vt 0.3154 0.5299
vt 0.3154 0.5650
vt 0.3154 0.4598
vt 0.3627 0.6001
vt 0.3391 0.6001
vt 0.3627 0.6351
vt 0.3391 0.6351
vt 0.3863 0.6001
vt 0.3863 0.6351
vt 0.3627 0.6702
vt 0.3391 0.6702
vt 0.3627 0.7053
vt 0.3391 0.7053
vt 0.3863 0.6702
vt 0.3863 0.7053
vt 0.4100 0.6351
vt 0.4100 0.6702
vt 0.4100 0.7053
vt 0.4336 0.6702
vt 0.4336 0.7053
vt 0.4336 0.6351
vt 0.4100 0.6001
vt 0.4336 0.6001
vt 0.4573 0.6001
vt 0.4573 0.6351
vt 0.4809 0.6001
vt 0.4809 0.6351
vt 0.4573 0.6702
vt 0.4573 0.7053
vt 0.4809 0.6702
vt 0.4809 0.7053
vt 0.5046 0.6351
vt 0.5046 0.6702
vt 0.5046 0.7053
vt 0.5283 0.6702
vt 0.5283 0.7053
vt 0.5283 0.6351
vt 0.5046 0.6001
vt 0.5283 0.6001
vt 0.5756 0.6001
vt 0.5519 0.6001
vt 0.5519 0.6351
vt 0.5756 0.6351
vt 0.5519 0.6702
vt 0.5519 0.7053
vt 0.5756 0.6702
vt 0.5756 0.7053
vt 0.5993 0.6702
vt 0.5993 0.6351
vt 0.5993 0.7053
vt 0.6229 0.7053
vt 0.6229 0.6702
vt 0.6229 0.6351
vt 0.5993 0.6001
vt 0.6229 0.6001
vt 0.0786 0.6001
vt 0.0549 0.6001
vt 0.0786 0.6351
vt 0.0549 0.6351
vt 0.1023 0.6001
vt 0.1023 0.6351
vt 0.0786 0.6702
vt 0.0549 0.6702
vt 0.0786 0.7053
vt 0.0549 0.7053
vt 0.1023 0.6702
vt 0.1023 0.7053
vt 0.1259 0.6351
vt 0.1259 0.6702
vt 0.1259 0.7053
vt 0.1496 0.6702
vt 0.1496 0.7053
vt 0.1496 0.6351
vt 0.1259 0.6001
vt 0.1496 0.6001
vt 0.1733 0.6001
vt 0.1733 0.6351
vt 0.1969 0.6001
vt 0.1969 0.6351
vt 0.1733 0.6702
vt 0.1733 0.7053
vt 0.1969 0.6702
vt 0.1969 0.7053
vt 0.2206 0.6351
vt 0.2206 0.6702
vt 0.2206 0.7053
vt 0.2443 0.6702
vt 0.2443 0.7053
vt 0.2443 0.6351
vt 0.2443 0.6001
vt 0.2206 0.6001
vt 0.2680 0.6001
vt 0.2680 0.6351
vt 0.2917 0.6351
vt 0.2917 0.6001
vt 0.2917 0.6702
vt 0.2680 0.6702
vt 0.2680 0.7053
vt 0.2917 0.7053
vt 0.3154 0.6702
vt 0.3154 0.6351
vt 0.3154 0.7053
vt 0.3154 0.6001
vt 0.3863 0.7405
vt 0.3627 0.7405
vt 0.3391 0.7405
vt 0.3627 0.7754
vt 0.3391 0.7754
vt 0.3863 0.7754
vt 0.3627 0.8105
vt 0.3391 0.8105
vt 0.3627 0.8456
vt 0.3391 0.8456
vt 0.3863 0.8105
vt 0.3863 0.8456
vt 0.4100 0.8105
vt 0.4100 0.7754
vt 0.4100 0.8456
vt 0.4336 0.8105
vt 0.4336 0.8456
vt 0.4336 0.7754
vt 0.4100 0.7405
vt 0.4336 0.7405
vt 0.4809 0.7405
vt 0.4573 0.7405
vt 0.4573 0.7754
vt 0.4809 0.7754
vt 0.4573 0.8105
vt 0.4573 0.8456
vt 0.4809 0.8105
vt 0.4809 0.8456
vt 0.5046 0.8105
vt 0.5046 0.7754
vt 0.5046 0.8456
vt 0.5283 0.8456
vt 0.5283 0.8105
vt 0.5283 0.7754
vt 0.5046 0.7405
vt 0.5283 0.7405
vt 0.5756 0.7405
vt 0.5519 0.7405
vt 0.5519 0.7754
vt 0.5756 0.7754
vt 0.5756 0.8105
vt 0.5519 0.8105
vt 0.5519 0.8456
vt 0.5756 0.8456
vt 0.6229 0.7754
vt 0.6229 0.8105
vt 0.5993 0.8105
vt 0.5993 0.7754
vt 0.5993 0.8456
vt 0.6229 0.8456
vt 0.5993 0.7405
vt 0.6229 0.7405
vt 0.1023 0.7405
vt 0.0786 0.7405
vt 0.0549 0.7405
vt 0.0786 0.7754
vt 0.0549 0.7754
vt 0.1023 0.7754
vt 0.0786 0.8105
vt 0.0549 0.8105
vt 0.0786 0.8456
vt 0.0549 0.8456
vt 0.1023 0.8105
vt 0.1023 0.8456
vt 0.1259 0.8105
vt 0.1259 0.7754
vt 0.1259 0.8456
vt 0.1496 0.8105
vt 0.1496 0.8456
vt 0.1496 0.7754
vt 0.1259 0.7405
vt 0.1496 0.7405
vt 0.1969 0.7405
vt 0.1733 0.7405
vt 0.1733 0.7754
vt 0.1969 0.7754
vt 0.1733 0.8105
vt 0.1733 0.8456
vt 0.1969 0.8105
vt 0.1969 0.8456
vt 0.2206 0.8105
vt 0.2206 0.7754
vt 0.2206 0.8456
vt 0.2443 0.8105
vt 0.2443 0.8456
vt 0.2443 0.7754
vt 0.2206 0.7405
vt 0.2443 0.7405
vt 0.2917 0.7405
vt 0.2680 0.7405
vt 0.2680 0.7754
vt 0.2917 0.7754
vt 0.2680 0.8105
vt 0.2680 0.8456
vt 0.2917 0.8105
vt 0.2917 0.8456
vt 0.3154 0.8105
vt 0.3154 0.7754
vt 0.3154 0.8456
vt 0.3154 0.7405
vt 0.3627 0.9154
vt 0.3627 0.8806
vt 0.3863 0.8806
vt 0.3863 0.9154
vt 0.3391 0.8805
vt 0.3391 0.9154
vt 0.3391 0.9504
vt 0.3627 0.9504
vt 0.3627 0.9854
vt 0.3391 0.9854
vt 0.3863 0.9504
vt 0.3863 0.9854
vt 0.4100 0.9854
vt 0.4100 0.9504
vt 0.4336 0.9505
vt 0.4336 0.9855
vt 0.4100 0.9156
vt 0.4336 0.9156
vt 0.4100 0.8806
vt 0.4336 0.8806
vt 0.4573 0.9156
vt 0.4573 0.8806
vt 0.4809 0.8806
vt 0.4809 0.9156
vt 0.4573 0.9505
vt 0.4573 0.9855
vt 0.4809 0.9507
vt 0.4809 0.9857
vt 0.5046 0.9858
vt 0.5046 0.9507
vt 0.5283 0.9508
vt 0.5283 0.9858
vt 0.5046 0.9157
vt 0.5283 0.9157
vt 0.5046 0.8806
vt 0.5283 0.8806
vt 0.5519 0.9159
vt 0.5519 0.8808
vt 0.5756 0.8808
vt 0.5756 0.9159
vt 0.5519 0.9510
vt 0.5519 0.9861
vt 0.5756 0.9511
vt 0.5756 0.9862
vt 0.5993 0.9864
vt 0.5993 0.9513
vt 0.6229 0.9514
vt 0.6229 0.9867
vt 0.5993 0.9160
vt 0.6229 0.9162
vt 0.5993 0.8808
vt 0.6229 0.8809
vt 0.0549 0.8806
vt 0.0786 0.8806
vt 0.0786 0.9157
vt 0.0549 0.9157
vt 0.1023 0.8806
vt 0.1023 0.9157
vt 0.0549 0.9507
vt 0.0786 0.9507
vt 0.0786 0.9858
vt 0.0549 0.9858
vt 0.1023 0.9508
vt 0.1023 0.9858
vt 0.1259 0.9508
vt 0.1496 0.9508
vt 0.1496 0.9858
vt 0.1259 0.9858
vt 0.1259 0.9157
vt 0.1496 0.9157
vt 0.1259 0.8806
vt 0.1496 0.8806
vt 0.1733 0.8806
vt 0.1733 0.9157
vt 0.1969 0.8806
vt 0.1969 0.9156
vt 0.1733 0.9507
vt 0.1733 0.9858
vt 0.1969 0.9507
vt 0.1969 0.9857
vt 0.2206 0.9855
vt 0.2206 0.9505
vt 0.2443 0.9505
vt 0.2443 0.9855
vt 0.2206 0.9156
vt 0.2443 0.9156
vt 0.2206 0.8806
vt 0.2443 0.8806
vt 0.2680 0.8806
vt 0.2917 0.8806
vt 0.2917 0.9154
vt 0.2680 0.9156
vt 0.2680 0.9505
vt 0.2680 0.9854
vt 0.2917 0.9504
vt 0.2917 0.9854
vt 0.3154 0.9854
vt 0.3154 0.9504
vt 0.3154 0.9154
vt 0.3154 0.8806
vt 0.3388 0.0389
vt 0.3625 0.0389
vt 0.3625 0.0038
vt 0.3387 0.0038
vt 0.3862 0.0389
vt 0.3862 0.0038
vt 0.3626 0.0739
vt 0.3863 0.0739
vt 0.3389 0.0739
vt 0.4099 0.0389
vt 0.4099 0.0038
vt 0.4336 0.0389
vt 0.4336 0.0038
vt 0.4099 0.0739
vt 0.4336 0.0739
vt 0.3863 0.1090
vt 0.4099 0.1090
vt 0.4336 0.1090
vt 0.4100 0.1441
vt 0.4336 0.1441
vt 0.3863 0.1441
vt 0.3390 0.1090
vt 0.3626 0.1090
vt 0.3627 0.1441
vt 0.3391 0.1441
vt 0.4573 0.0389
vt 0.4573 0.0038
vt 0.4809 0.0389
vt 0.4809 0.0038
vt 0.4573 0.0739
vt 0.4809 0.0739
vt 0.5046 0.0389
vt 0.5046 0.0038
vt 0.5283 0.0389
vt 0.5283 0.0038
vt 0.5046 0.0739
vt 0.5283 0.0739
vt 0.4809 0.1090
vt 0.5046 0.1090
vt 0.5283 0.1090
vt 0.5046 0.1441
vt 0.5283 0.1441
vt 0.4809 0.1441
vt 0.4573 0.1090
vt 0.4573 0.1441
vt 0.5519 0.0389
vt 0.5519 0.0038
vt 0.5756 0.0389
vt 0.5756 0.0038
vt 0.5519 0.0739
vt 0.5756 0.0739
vt 0.5993 0.0389
vt 0.5993 0.0038
vt 0.5756 0.1090
vt 0.5993 0.1090
vt 0.5756 0.1441
vt 0.5519 0.1090
vt 0.5519 0.1441
vt 0.0549 0.0038
vt 0.0549 0.0389
vt 0.0786 0.0389
vt 0.0786 0.0038
vt 0.1023 0.0389
vt 0.1023 0.0038
vt 0.0786 0.0739
vt 0.1023 0.0739
vt 0.0549 0.0739
vt 0.1259 0.0389
vt 0.1259 0.0038
vt 0.1496 0.0389
vt 0.1496 0.0038
vt 0.1259 0.0739
vt 0.1496 0.0739
vt 0.1023 0.1090
vt 0.1259 0.1090
vt 0.1496 0.1090
vt 0.1259 0.1441
vt 0.1496 0.1441
vt 0.1023 0.1441
vt 0.0549 0.1090
vt 0.0786 0.1090
vt 0.0786 0.1441
vt 0.0549 0.1441
vt 0.1733 0.0389
vt 0.1733 0.0038
vt 0.1969 0.0389
vt 0.1969 0.0038
vt 0.1733 0.0739
vt 0.1969 0.0739
vt 0.2206 0.0389
vt 0.2206 0.0038
vt 0.2443 0.0389
vt 0.2443 0.0038
vt 0.2206 0.0739
vt 0.2443 0.0739
vt 0.1969 0.1090
vt 0.2206 0.1090
vt 0.2443 0.1090
vt 0.2206 0.1441
vt 0.2443 0.1441
vt 0.1969 0.1441
vt 0.1733 0.1090
vt 0.1733 0.1441
vt 0.2679 0.0389
vt 0.2679 0.0038
vt 0.2915 0.0389
vt 0.2915 0.0038
vt 0.2679 0.0739
vt 0.2916 0.0739
vt 0.3152 0.0389
vt 0.3151 0.0038
vt 0.3153 0.0739
vt 0.2916 0.1090
vt 0.3153 0.1090
vt 0.3154 0.1441
vt 0.2917 0.1441
vt 0.2679 0.1090
vt 0.2680 0.1441
vt 0.3627 0.1792
vt 0.3863 0.1792
vt 0.3627 0.2142
vt 0.3863 0.2142
vt 0.3391 0.2142
vt 0.3391 0.1792
vt 0.4100 0.1792
vt 0.4336 0.1792
vt 0.4100 0.2142
vt 0.4336 0.2142
vt 0.3864 0.2493
vt 0.4100 0.2493
vt 0.4336 0.2493
vt 0.4100 0.2844
vt 0.4336 0.2844
vt 0.3864 0.2844
vt 0.3391 0.2493
vt 0.3627 0.2493
vt 0.3627 0.2844
vt 0.3391 0.2844
vt 0.4573 0.1792
vt 0.4809 0.1792
vt 0.4573 0.2142
vt 0.4809 0.2142
vt 0.5046 0.1792
vt 0.5283 0.1792
vt 0.5046 0.2142
vt 0.5283 0.2142
vt 0.4809 0.2493
vt 0.5046 0.2493
vt 0.5283 0.2493
vt 0.5046 0.2844
vt 0.5283 0.2844
vt 0.4809 0.2844
vt 0.4573 0.2493
vt 0.4573 0.2844
vt 0.5519 0.1792
vt 0.5756 0.1792
vt 0.5519 0.2142
vt 0.5756 0.2142
vt 0.5756 0.2493
vt 0.5993 0.2493
vt 0.5756 0.2844
vt 0.5519 0.2493
vt 0.5519 0.2844
vt 0.0549 0.1792
vt 0.0786 0.1792
vt 0.1023 0.1792
vt 0.0786 0.2142
vt 0.1023 0.2142
vt 0.0549 0.2142
vt 0.1259 0.1792
vt 0.1496 0.1792
vt 0.1259 0.2142
vt 0.1496 0.2142
vt 0.1023 0.2493
vt 0.1259 0.2493
vt 0.1496 0.2493
vt 0.1259 0.2844
vt 0.1496 0.2844
vt 0.1023 0.2844
vt 0.0549 0.2493
vt 0.0786 0.2493
vt 0.0786 0.2844
vt 0.0549 0.2844
vt 0.1733 0.1792
vt 0.1969 0.1792
vt 0.1733 0.2142
vt 0.1969 0.2142
vt 0.2206 0.1792
vt 0.2443 0.1792
vt 0.2206 0.2142
vt 0.2443 0.2142
vt 0.1969 0.2493
vt 0.2206 0.2493
vt 0.2443 0.2493
vt 0.2206 0.2844
vt 0.2443 0.2844
vt 0.1969 0.2844
vt 0.1733 0.2493
vt 0.1733 0.2844
vt 0.2680 0.1792
vt 0.2917 0.1792
vt 0.2680 0.2142
vt 0.2917 0.2142
vt 0.3154 0.1792
vt 0.3154 0.2142
vt 0.2917 0.2493
vt 0.3154 0.2493
vt 0.3154 0.2844
vt 0.2917 0.2844
vt 0.2680 0.2493
vt 0.2680 0.2844
vt 0.3391 0.3195
vt 0.3627 0.3195
vt 0.3863 0.3195
vt 0.3627 0.3545
vt 0.3863 0.3545
vt 0.3391 0.3545
vt 0.4100 0.3195
vt 0.4336 0.3195
vt 0.4100 0.3545
vt 0.4336 0.3545
vt 0.3863 0.3896
vt 0.4100 0.3896
vt 0.4336 0.3896
vt 0.4100 0.4247
vt 0.4336 0.4247
vt 0.3863 0.4247
vt 0.3391 0.3896
vt 0.3627 0.3896
vt 0.3627 0.4247
vt 0.3391 0.4247
vt 0.4573 0.3195
vt 0.4809 0.3195
vt 0.4573 0.3545
vt 0.4809 0.3545
vt 0.5046 0.3195
vt 0.5283 0.3195
vt 0.5046 0.3545
vt 0.5283 0.3545
vt 0.4809 0.3896
vt 0.5046 0.3896
vt 0.5283 0.3896
vt 0.5046 0.4247
vt 0.5283 0.4247
vt 0.4809 0.4247
vt 0.4573 0.3896
vt 0.4573 0.4247
vt 0.5519 0.3195
vt 0.5756 0.3195
vt 0.5519 0.3545
vt 0.5756 0.3545
vt 0.5993 0.3195
vt 0.5756 0.3896
vt 0.5993 0.3896
vt 0.5756 0.4247
vt 0.5519 0.3896
vt 0.5519 0.4247
vt 0.0549 0.3195
vt 0.0786 0.3195
vt 0.1023 0.3195
vt 0.0786 0.3545
vt 0.1023 0.3545
vt 0.0549 0.3545
vt 0.1259 0.3195
vt 0.1496 0.3195
vt 0.1259 0.3545
vt 0.1496 0.3545
vt 0.1023 0.3896
vt 0.1259 0.3896
vt 0.1496 0.3896
vt 0.1259 0.4247
vt 0.1496 0.4247
vt 0.1023 0.4247
vt 0.0549 0.3896
vt 0.0786 0.3896
vt 0.0786 0.4247
vt 0.0549 0.4247
vt 0.1733 0.3195
vt 0.1969 0.3195
vt 0.1733 0.3545
vt 0.1969 0.3545
vt 0.2206 0.3195
vt 0.2443 0.3195
vt 0.2206 0.3545
vt 0.2443 0.3545
vt 0.1969 0.3896
vt 0.2206 0.3896
vt 0.2443 0.3896
vt 0.2206 0.4247
vt 0.2443 0.4247
vt 0.1969 0.4247
vt 0.1733 0.3896
vt 0.1733 0.4247
vt 0.2680 0.3195
vt 0.2917 0.3195
vt 0.2680 0.3545
vt 0.2917 0.3545
vt 0.3154 0.3195
vt 0.3154 0.3545
vt 0.2917 0.3896
vt 0.3154 0.3896
vt 0.3154 0.4247
vt 0.2917 0.4247
vt 0.2680 0.3896
vt 0.2680 0.4247
vt 0.3391 0.4598
vt 0.3627 0.4598
vt 0.3863 0.4598
vt 0.3627 0.4948
vt 0.3863 0.4948
vt 0.3391 0.4948
vt 0.4100 0.4598
vt 0.4336 0.4598
vt 0.4100 0.4948
vt 0.4336 0.4948
vt 0.3863 0.5299
vt 0.4100 0.5299
vt 0.4336 0.5299
vt 0.4100 0.5650
vt 0.4336 0.5650
vt 0.3863 0.5650
vt 0.3391 0.5299
vt 0.3627 0.5299
vt 0.3627 0.5650
vt 0.3391 0.5650
vt 0.4573 0.4598
vt 0.4809 0.4598
vt 0.4573 0.4948
vt 0.4809 0.4948
vt 0.5046 0.4598
vt 0.5283 0.4598
vt 0.5046 0.4948
vt 0.5283 0.4948
vt 0.4809 0.5299
vt 0.5046 0.5299
vt 0.5283 0.5299
vt 0.5046 0.5650
vt 0.5283 0.5650
vt 0.4809 0.5650
vt 0.4573 0.5299
vt 0.4573 0.5650
vt 0.5519 0.4598
vt 0.5756 0.4598
vt 0.5519 0.4948
vt 0.5756 0.4948
vt 0.5756 0.5299
vt 0.5993 0.5299
vt 0.5756 0.5650
vt 0.5519 0.5299
vt 0.5519 0.5650
vt 0.0549 0.4598
vt 0.0786 0.4598
vt 0.1023 0.4598
vt 0.0786 0.4948
vt 0.1023 0.4948
vt 0.0549 0.4948
vt 0.1259 0.4598
vt 0.1496 0.4598
vt 0.1259 0.4948
vt 0.1496 0.4948
vt 0.1023 0.5299
vt 0.1259 0.5299
vt 0.1496 0.5299
vt 0.1259 0.5650
vt 0.1496 0.5650
vt 0.1023 0.5650
vt 0.0549 0.5299
vt 0.0786 0.5299
vt 0.0786 0.5650
vt 0.0549 0.5650
vt 0.1733 0.4598
vt 0.1969 0.4598
vt 0.1733 0.4948
vt 0.1969 0.4948
vt 0.2206 0.4598
vt 0.2443 0.4598
vt 0.2206 0.4948
vt 0.2443 0.4948
vt 0.1969 0.5299
vt 0.2206 0.5299
vt 0.2443 0.5299
vt 0.2206 0.5650
vt 0.2443 0.5650
vt 0.1969 0.5650
vt 0.1733 0.5299
vt 0.1733 0.5650
vt 0.2680 0.4598
vt 0.2917 0.4598
vt 0.2680 0.4948
vt 0.2917 0.4948
vt 0.3154 0.4598
vt 0.3154 0.4948
vt 0.2917 0.5299
vt 0.3154 0.5299
vt 0.3154 0.5650
vt 0.2917 0.5650
vt 0.2680 0.5299
vt 0.2680 0.5650
vt 0.3391 0.6001
vt 0.3627 0.6001
vt 0.3863 0.6001
vt 0.3627 0.6351
vt 0.3863 0.6351
vt 0.3391 0.6351
vt 0.4100 0.6001
vt 0.4336 0.6001
vt 0.4100 0.6351
vt 0.4336 0.6351
vt 0.3863 0.6702
vt 0.4100 0.6702
vt 0.4336 0.6702
vt 0.4100 0.7053
vt 0.4336 0.7053
vt 0.3863 0.7053
vt 0.3391 0.6702
vt 0.3627 0.6702
vt 0.3627 0.7053
vt 0.3391 0.7053
vt 0.4573 0.6001
vt 0.4809 0.6001
vt 0.4573 0.6351
vt 0.4809 0.6351
vt 0.5046 0.6001
vt 0.5283 0.6001
vt 0.5046 0.6351
vt 0.5283 0.6351
vt 0.4809 0.6702
vt 0.5046 0.6702
vt 0.5283 0.6702
vt 0.5046 0.7053
vt 0.5283 0.7053
vt 0.4809 0.7053
vt 0.4573 0.6702
vt 0.4573 0.7053
vt 0.5519 0.6001
vt 0.5756 0.6001
vt 0.5519 0.6351
vt 0.5756 0.6351
vt 0.5993 0.6001
vt 0.5756 0.6702
vt 0.5993 0.6702
vt 0.5756 0.7053
vt 0.5519 0.6702
vt 0.5519 0.7053
vt 0.0549 0.6001
vt 0.0786 0.6001
vt 0.1023 0.6001
vt 0.0786 0.6351
vt 0.1023 0.6351
vt 0.0549 0.6351
vt 0.1259 0.6001
vt 0.1496 0.6001
vt 0.1259 0.6351
vt 0.1496 0.6351
vt 0.1023 0.6702
vt 0.1259 0.6702
vt 0.1496 0.6702
vt 0.1259 0.7053
vt 0.1496 0.7053
vt 0.1023 0.7053
vt 0.0549 0.6702
vt 0.0786 0.6702
vt 0.0786 0.7053
vt 0.0549 0.7053
vt 0.1733 0.6001
vt 0.1969 0.6001
vt 0.1733 0.6351
vt 0.1969 0.6351
vt 0.2206 0.6001
vt 0.2443 0.6001
vt 0.2206 0.6351
vt 0.2443 0.6351
vt 0.1969 0.6702
vt 0.2206 0.6702
vt 0.2443 0.6702
vt 0.2206 0.7053
vt 0.2443 0.7053
vt 0.1969 0.7053
vt 0.1733 0.6702
vt 0.1733 0.7053
vt 0.2680 0.6001
vt 0.2917 0.6001
vt 0.2680 0.6351
vt 0.2917 0.6351
vt 0.3154 0.6001
vt 0.3154 0.6351
vt 0.2917 0.6702
vt 0.3154 0.6702
vt 0.3154 0.7053
vt 0.2917 0.7053
vt 0.2680 0.6702
vt 0.2680 0.7053
vt 0.3627 0.7405
vt 0.3863 0.7405
vt 0.3627 0.7754
vt 0.3863 0.7754
vt 0.3391 0.7754
vt 0.3391 0.7405
vt 0.4100 0.7405
vt 0.4336 0.7405
vt 0.4100 0.7754
vt 0.4336 0.7754
vt 0.3863 0.8105
vt 0.4100 0.8105
vt 0.4336 0.8105
vt 0.4100 0.8456
vt 0.4336 0.8456
vt 0.3863 0.8456
vt 0.3391 0.8105
vt 0.3627 0.8105
vt 0.3627 0.8456
vt 0.3391 0.8456
vt 0.4573 0.7405
vt 0.4809 0.7405
vt 0.4573 0.7754
vt 0.4809 0.7754
vt 0.5046 0.7405
vt 0.5283 0.7405
vt 0.5046 0.7754
vt 0.5283 0.7754
vt 0.4809 0.8105
vt 0.5046 0.8105
vt 0.5283 0.8105
vt 0.5046 0.8456
vt 0.5283 0.8456
vt 0.4809 0.8456
vt 0.4573 0.8105
vt 0.4573 0.8456
vt 0.5519 0.7405
vt 0.5756 0.7405
vt 0.5519 0.7754
vt 0.5756 0.7754
vt 0.5993 0.7405
vt 0.5756 0.8105
vt 0.5756 0.8456
vt 0.5519 0.8105
vt 0.5519 0.8456
vt 0.0786 0.7405
vt 0.1023 0.7405
vt 0.0786 0.7754
vt 0.1023 0.7754
vt 0.0549 0.7754
vt 0.0549 0.7405
vt 0.1259 0.7405
vt 0.1496 0.7405
vt 0.1259 0.7754
vt 0.1496 0.7754
vt 0.1023 0.8105
vt 0.1259 0.8105
vt 0.1496 0.8105
vt 0.1259 0.8456
vt 0.1496 0.8456
vt 0.1023 0.8456
vt 0.0549 0.8105
vt 0.0786 0.8105
vt 0.0786 0.8456
vt 0.0549 0.8456
vt 0.1733 0.7405
vt 0.1969 0.7405
vt 0.1733 0.7754
vt 0.1969 0.7754
vt 0.2206 0.7405
vt 0.2443 0.7405
vt 0.2206 0.7754
vt 0.2443 0.7754
vt 0.1969 0.8105
vt 0.2206 0.8105
vt 0.2443 0.8105
vt 0.2206 0.8456
vt 0.2443 0.8456
vt 0.1969 0.8456
vt 0.1733 0.8105
vt 0.1733 0.8456
vt 0.2680 0.7405
vt 0.2917 0.7405
vt 0.2680 0.7754
vt 0.2917 0.7754
vt 0.3154 0.7405
vt 0.3154 0.7754
vt 0.2917 0.8105
vt 0.3154 0.8105
vt 0.3154 0.8456
vt 0.2917 0.8456
vt 0.2680 0.8105
vt 0.2680 0.8456
vt 0.3863 0.8806
vt 0.3627 0.8806
vt 0.3627 0.9154
vt 0.3863 0.9154
vt 0.3391 0.8805
vt 0.3391 0.9154
vt 0.4336 0.8806
vt 0.4100 0.8806
vt 0.4100 0.9156
vt 0.4336 0.9156
vt 0.4336 0.9505
vt 0.4100 0.9505
vt 0.4100 0.9854
vt 0.4336 0.9855
vt 0.3863 0.9504
vt 0.3863 0.9854
vt 0.3627 0.9854
vt 0.3627 0.9504
vt 0.3391 0.9504
vt 0.3391 0.9854
vt 0.4809 0.8806
vt 0.4573 0.8806
vt 0.4573 0.9156
vt 0.4809 0.9156
vt 0.5283 0.8806
vt 0.5046 0.8806
vt 0.5046 0.9157
vt 0.5283 0.9157
vt 0.5283 0.9508
vt 0.5046 0.9507
vt 0.5046 0.9858
vt 0.5283 0.9858
vt 0.4809 0.9507
vt 0.4809 0.9857
vt 0.4573 0.9855
vt 0.4573 0.9505
vt 0.5756 0.8808
vt 0.5519 0.8808
vt 0.5519 0.9159
vt 0.5756 0.9159
vt 0.6229 0.9162
vt 0.6229 0.8809
vt 0.5993 0.8808
vt 0.5993 0.9160
vt 0.6229 0.9514
vt 0.5993 0.9513
vt 0.5993 0.9864
vt 0.6229 0.9867
vt 0.5756 0.9511
vt 0.5756 0.9862
vt 0.5519 0.9861
vt 0.5519 0.9510
vt 0.0786 0.9157
vt 0.0786 0.8806
vt 0.0549 0.8806
vt 0.0549 0.9157
vt 0.1023 0.8806
vt 0.1023 0.9157
vt 0.1259 0.9157
vt 0.1259 0.8806
vt 0.1496 0.8806
vt 0.1496 0.9157
vt 0.1496 0.9858
vt 0.1496 0.9508
vt 0.1259 0.9508
vt 0.1259 0.9858
vt 0.1023 0.9508
vt 0.1023 0.9858
vt 0.0786 0.9858
vt 0.0786 0.9507
vt 0.0549 0.9507
vt 0.0549 0.9858
vt 0.1733 0.9157
vt 0.1733 0.8806
vt 0.1969 0.8806
vt 0.1969 0.9156
vt 0.2206 0.9156
vt 0.2206 0.8806
vt 0.2443 0.8806
vt 0.2443 0.9156
vt 0.2443 0.9505
vt 0.2206 0.9505
vt 0.2206 0.9855
vt 0.2443 0.9855
vt 0.1969 0.9507
vt 0.1969 0.9857
vt 0.1733 0.9858
vt 0.1733 0.9507
vt 0.2917 0.9154
vt 0.2917 0.8806
vt 0.2680 0.8806
vt 0.2680 0.9156
vt 0.3154 0.8806
vt 0.3154 0.9154
vt 0.3154 0.9504
vt 0.3154 0.9854
vt 0.2917 0.9504
vt 0.2917 0.9854
vt 0.2680 0.9854
vt 0.2680 0.9504
vt 0.3627 0.8105
vt 0.3391 0.8105
vt 0.3391 0.8456
vt 0.3627 0.8456
vt 0.3863 0.8105
vt 0.3863 0.8456
vt 0.4100 0.8105
vt 0.4100 0.8456
vt 0.4336 0.8105
vt 0.4336 0.8456
vt 0.4573 0.8105
vt 0.4573 0.8456
vt 0.4809 0.8105
vt 0.4809 0.8456
vt 0.5046 0.8105
vt 0.5046 0.8456
vt 0.5283 0.8456
vt 0.5283 0.8105
vt 0.5519 0.8456
vt 0.5519 0.8105
vt 0.5756 0.8456
vt 0.5756 0.8105
vt 0.5993 0.8456
vt 0.5993 0.8105
vt 0.6229 0.8456
vt 0.6229 0.8105
vt 0.0786 0.8105
vt 0.0549 0.8105
vt 0.0549 0.8456
vt 0.0786 0.8456
vt 0.1023 0.8105
vt 0.1023 0.8456
vt 0.1259 0.8105
vt 0.1259 0.8456
vt 0.1496 0.8105
vt 0.1496 0.8456
vt 0.1733 0.8105
vt 0.1733 0.8456
vt 0.1969 0.8105
vt 0.1969 0.8456
vt 0.2206 0.8105
vt 0.2206 0.8456
vt 0.2443 0.8105
vt 0.2443 0.8456
vt 0.2680 0.8105
vt 0.2680 0.8456
vt 0.2917 0.8105
vt 0.2917 0.8456
vt 0.3154 0.8105
vt 0.3154 0.8456
vt 0.3627 0.9154
vt 0.3863 0.9154
vt 0.3863 0.8806
vt 0.3627 0.8806
vt 0.3391 0.8805
vt 0.3391 0.9154
vt 0.3391 0.9504
vt 0.3391 0.9854
vt 0.3627 0.9854
vt 0.3627 0.9504
vt 0.3863 0.9854
vt 0.3863 0.9504
vt 0.4100 0.9854
vt 0.4336 0.9855
vt 0.4336 0.9505
vt 0.4100 0.9504
vt 0.4336 0.9156
vt 0.4100 0.9156
vt 0.4336 0.8806
vt 0.4100 0.8806
vt 0.4573 0.9156
vt 0.4809 0.9156
vt 0.4809 0.8806
vt 0.4573 0.8806
vt 0.4573 0.9855
vt 0.4573 0.9505
vt 0.4809 0.9857
vt 0.4809 0.9507
vt 0.5046 0.9858
vt 0.5283 0.9858
vt 0.5283 0.9508
vt 0.5046 0.9507
vt 0.5283 0.9157
vt 0.5046 0.9157
vt 0.5283 0.8806
vt 0.5046 0.8806
vt 0.5519 0.9159
vt 0.5756 0.9159
vt 0.5756 0.8808
vt 0.5519 0.8808
vt 0.5519 0.9861
vt 0.5519 0.9510
vt 0.5756 0.9862
vt 0.5756 0.9511
vt 0.5993 0.9864
vt 0.6229 0.9867
vt 0.6229 0.9514
vt 0.5993 0.9513
vt 0.6229 0.9162
vt 0.5993 0.9160
vt 0.5993 0.8808
vt 0.6229 0.8809
vt 0.0549 0.8806
vt 0.0549 0.9157
vt 0.0786 0.9157
vt 0.0786 0.8806
vt 0.1023 0.9157
vt 0.1023 0.8806
vt 0.0549 0.9507
vt 0.0549 0.9858
vt 0.0786 0.9858
vt 0.0786 0.9507
vt 0.1023 0.9858
vt 0.1023 0.9508
vt 0.1259 0.9508
vt 0.1259 0.9858
vt 0.1496 0.9858
vt 0.1496 0.9508
vt 0.1259 0.9157
vt 0.1496 0.9157
vt 0.1259 0.8806
vt 0.1496 0.8806
vt 0.1733 0.9157
vt 0.1733 0.8806
vt 0.1969 0.9156
vt 0.1969 0.8806
vt 0.1733 0.9858
vt 0.1733 0.9507
vt 0.1969 0.9857
vt 0.1969 0.9507
vt 0.2206 0.9855
vt 0.2443 0.9855
vt 0.2443 0.9505
vt 0.2206 0.9505
vt 0.2206 0.9156
vt 0.2443 0.9156
vt 0.2206 0.8806
vt 0.2443 0.8806
vt 0.2680 0.8806
vt 0.2680 0.9156
vt 0.2917 0.9154
vt 0.2917 0.8806
vt 0.2680 0.9854
vt 0.2680 0.9505
vt 0.2917 0.9854
vt 0.2917 0.9504
vt 0.3154 0.9854
vt 0.3154 0.9504
vt 0.3154 0.9154
vt 0.3154 0.8806
vt 0.4100 0.8456
vt 0.4100 0.8105
vt 0.4336 0.8105
vt 0.4336 0.8456
vt 0.3863 0.8456
vt 0.3863 0.8105
vt 0.3627 0.8456
vt 0.3627 0.8105
vt 0.3391 0.8456
vt 0.3391 0.8105
vt 0.5046 0.8105
vt 0.5283 0.8105
vt 0.5283 0.8456
vt 0.5046 0.8456
vt 0.4809 0.8456
vt 0.4809 0.8105
vt 0.4573 0.8456
vt 0.4573 0.8105
vt 0.5756 0.8105
vt 0.5756 0.8456
vt 0.5519 0.8105
vt 0.5519 0.8456
vt 0.1259 0.8456
vt 0.1259 0.8105
vt 0.1496 0.8105
vt 0.1496 0.8456
vt 0.1023 0.8456
vt 0.1023 0.8105
vt 0.0786 0.8456
vt 0.0786 0.8105
vt 0.0549 0.8456
vt 0.0549 0.8105
vt 0.2206 0.8456
vt 0.2206 0.8105
vt 0.2443 0.8105
vt 0.2443 0.8456
vt 0.1969 0.8456
vt 0.1969 0.8105
vt 0.1733 0.8456
vt 0.1733 0.8105
vt 0.3154 0.8456
vt 0.3154 0.8105
vt 0.2917 0.8456
vt 0.2917 0.8105
vt 0.2680 0.8456
vt 0.2680 0.8105
vt 0.3863 0.8806
vt 0.3863 0.9154
vt 0.3627 0.9154
vt 0.3627 0.8806
vt 0.3391 0.9154
vt 0.3391 0.8805
vt 0.4336 0.8806
vt 0.4336 0.9156
vt 0.4100 0.9156
vt 0.4100 0.8806
vt 0.4100 0.9505
vt 0.4809 0.8806
vt 0.4809 0.9156
vt 0.4573 0.9156
vt 0.4573 0.8806
vt 0.5283 0.8806
vt 0.5283 0.9157
vt 0.5046 0.9157
vt 0.5046 0.8806
vt 0.5756 0.8808
vt 0.5756 0.9159
vt 0.5519 0.9159
vt 0.5519 0.8808
vt 0.0786 0.9157
vt 0.0549 0.9157
vt 0.0549 0.8806
vt 0.0786 0.8806
vt 0.1023 0.8806
vt 0.1023 0.9157
vt 0.1259 0.9157
vt 0.1259 0.8806
vt 0.1496 0.8806
vt 0.1496 0.9157
vt 0.1733 0.9157
vt 0.1733 0.8806
vt 0.1969 0.8806
vt 0.1969 0.9156
vt 0.2206 0.9156
vt 0.2206 0.8806
vt 0.2443 0.8806
vt 0.2443 0.9156
vt 0.2917 0.9154
vt 0.2680 0.9156
vt 0.2680 0.8806
vt 0.2917 0.8806
vt 0.3154 0.9154
vt 0.3154 0.8806
vt 0.2680 0.9504
f 1/1 2/2 3/3 4/4
f 5/5 6/6 2/2 1/1
f 7/7 5/5 1/1 8/8
f 8/8 1/1 4/4 9/9
f 10/10 11/11 12/12 13/13
f 14/14 15/15 12/12 11/11
f 6/6 14/16 11/17 2/2
f 2/2 11/17 10/18 3/3
f 16/19 17/20 14/16 6/6
f 17/21 18/22 15/15 14/14
f 19/23 20/24 18/22 17/21
f 21/25 19/26 17/20 16/19
f 22/27 23/28 5/5 7/7
f 23/28 16/19 6/6 5/5
f 24/29 21/25 16/19 23/28
f 25/30 24/29 23/28 22/27
f 26/31 27/32 28/33 29/34
f 27/32 30/35 31/36 28/33
f 32/37 33/38 30/35 27/32
f 34/39 32/37 27/32 26/31
f 30/35 35/40 36/41 31/36
f 35/40 8/8 9/9 36/41
f 37/42 7/7 8/8 35/40
f 33/38 37/42 35/40 30/35
f 38/43 39/44 37/42 33/38
f 39/44 22/27 7/7 37/42
f 40/45 25/30 22/27 39/44
f 41/46 40/45 39/44 38/43
f 42/47 43/48 32/37 34/39
f 43/48 38/43 33/38 32/37
f 44/49 41/46 38/43 43/48
f 45/50 44/49 43/48 42/47
f 46/51 47/52 48/53 49/54
f 49/54 48/53 50/55 51/56
f 52/57 53/58 50/55 48/53
f 54/59 52/57 48/53 47/52
f 50/55 55/60 56/61 51/56
f 55/60 26/31 29/34 56/61
f 57/62 34/39 26/31 55/60
f 53/58 57/62 55/60 50/55
f 58/63 59/64 57/62 53/58
f 59/64 42/47 34/39 57/62
f 60/65 45/50 42/47 59/64
f 61/66 60/65 59/64 58/63
f 62/67 63/68 52/57 54/59
f 63/68 58/63 53/58 52/57
f 64/69 61/66 58/63 63/68
f 65/70 64/69 63/68 62/67
f 66/71 67/72 24/29 25/30
f 67/72 68/73 21/25 24/29
f 69/74 70/75 68/73 67/72
f 71/76 69/74 67/72 66/71
f 21/25 68/73 72/77 19/26
f 72/78 73/79 20/24 19/23
f 74/80 75/81 73/79 72/78
f 70/75 74/82 72/77 68/73
f 70/75 76/83 77/84 74/82
f 77/85 78/86 75/81 74/80
f 79/87 80/88 78/86 77/85
f 81/89 79/90 77/84 76/83
f 71/76 82/91 83/92 69/74
f 83/92 76/83 70/75 69/74
f 84/93 81/89 76/83 83/92
f 85/94 84/93 83/92 82/91
f 86/95 87/96 44/49 45/50
f 87/96 88/97 41/46 44/49
f 89/98 90/99 88/97 87/96
f 91/100 89/98 87/96 86/95
f 88/97 92/101 40/45 41/46
f 92/101 66/71 25/30 40/45
f 93/102 71/76 66/71 92/101
f 90/99 93/102 92/101 88/97
f 90/99 94/103 95/104 93/102
f 95/104 82/91 71/76 93/102
f 96/105 85/94 82/91 95/104
f 97/106 96/105 95/104 94/103
f 98/107 99/108 89/98 91/100
f 99/108 94/103 90/99 89/98
f 100/109 97/106 94/103 99/108
f 101/110 100/109 99/108 98/107
f 102/111 103/112 64/69 65/70
f 103/112 104/113 61/66 64/69
f 105/114 106/115 104/113 103/112
f 107/116 105/114 103/112 102/111
f 104/113 108/117 60/65 61/66
f 108/117 86/95 45/50 60/65
f 109/118 91/100 86/95 108/117
f 106/115 109/118 108/117 104/113
f 110/119 111/120 109/118 106/115
f 111/120 98/107 91/100 109/118
f 112/121 101/110 98/107 111/120
f 113/122 112/121 111/120 110/119
f 114/123 115/124 105/114 107/116
f 115/124 110/119 106/115 105/114
f 116/125 113/122 110/119 115/124
f 117/126 116/125 115/124 114/123
f 118/127 119/128 81/89 84/93
f 120/129 121/130 119/128 118/127
f 122/131 120/129 118/127 123/132
f 85/94 123/132 118/127 84/93
f 81/89 119/128 124/133 79/90
f 124/134 125/135 80/88 79/87
f 126/136 127/137 125/135 124/134
f 121/130 126/138 124/133 119/128
f 121/130 128/139 129/140 126/138
f 129/141 130/142 127/137 126/136
f 131/143 132/144 130/142 129/141
f 133/145 131/146 129/140 128/139
f 122/131 134/147 135/148 120/129
f 135/148 128/139 121/130 120/129
f 136/149 133/145 128/139 135/148
f 137/150 136/149 135/148 134/147
f 138/151 139/152 97/106 100/109
f 140/153 141/154 139/152 138/151
f 142/155 140/153 138/151 143/156
f 101/110 143/156 138/151 100/109
f 97/106 139/152 144/157 96/105
f 144/157 123/132 85/94 96/105
f 145/158 122/131 123/132 144/157
f 141/154 145/158 144/157 139/152
f 141/154 146/159 147/160 145/158
f 147/160 134/147 122/131 145/158
f 148/161 137/150 134/147 147/160
f 149/162 148/161 147/160 146/159
f 142/155 150/163 151/164 140/153
f 151/164 146/159 141/154 140/153
f 152/165 149/162 146/159 151/164
f 153/166 152/165 151/164 150/163
f 154/167 155/168 113/122 116/125
f 156/169 157/170 155/168 154/167
f 158/171 156/169 154/167 159/172
f 117/126 159/172 154/167 116/125
f 113/122 155/168 160/173 112/121
f 160/173 143/156 101/110 112/121
f 161/174 142/155 143/156 160/173
f 157/170 161/174 160/173 155/168
f 157/170 162/175 163/176 161/174
f 163/176 150/163 142/155 161/174
f 164/177 153/166 150/163 163/176
f 165/178 164/177 163/176 162/175
f 166/179 167/180 156/169 158/171
f 167/180 162/175 157/170 156/169
f 168/181 165/178 162/175 167/180
f 169/182 168/181 167/180 166/179
f 170/183 171/184 136/149 137/150
f 171/184 172/185 133/145 136/149
f 173/186 174/187 172/185 171/184
f 175/188 173/186 171/184 170/183
f 172/185 176/189 131/146 133/145
f 176/190 177/191 132/144 131/143
f 178/192 179/193 177/191 176/190
f 174/187 178/194 176/189 172/185
f 180/195 181/196 178/194 174/187
f 181/197 182/198 179/193 178/192
f 183/199 184/200 182/198 181/197
f 185/201 183/202 181/196 180/195
f 186/203 187/204 173/186 175/188
f 187/204 180/195 174/187 173/186
f 188/205 185/201 180/195 187/204
f 189/206 188/205 187/204 186/203
f 190/207 191/208 149/162 152/165
f 192/209 193/210 191/208 190/207
f 194/211 192/209 190/207 195/212
f 153/166 195/212 190/207 152/165
f 196/213 170/183 137/150 148/161
f 197/214 175/188 170/183 196/213
f 193/210 197/214 196/213 191/208
f 149/162 191/208 196/213 148/161
f 193/210 198/215 199/216 197/214
f 199/216 186/203 175/188 197/214
f 200/217 189/206 186/203 199/216
f 201/218 200/217 199/216 198/215
f 202/219 203/220 192/209 194/211
f 203/220 198/215 193/210 192/209
f 204/221 201/218 198/215 203/220
f 205/222 204/221 203/220 202/219
f 206/223 207/224 168/181 169/182
f 207/224 208/225 165/178 168/181
f 209/226 210/227 208/225 207/224
f 211/228 209/226 207/224 206/223
f 208/225 212/229 164/177 165/178
f 212/229 195/212 153/166 164/177
f 213/230 194/211 195/212 212/229
f 210/227 213/230 212/229 208/225
f 214/231 215/232 213/230 210/227
f 215/232 202/219 194/211 213/230
f 216/233 205/222 202/219 215/232
f 217/234 216/233 215/232 214/231
f 218/235 219/236 209/226 211/228
f 219/236 214/231 210/227 209/226
f 220/237 217/234 214/231 219/236
f 221/238 220/237 219/236 218/235
f 222/239 223/240 185/201 188/205
f 224/241 225/242 223/240 222/239
f 226/243 224/241 222/239 227/244
f 189/206 227/244 222/239 188/205
f 185/201 223/240 228/245 183/202
f 228/246 229/247 184/200 183/199
f 230/248 231/249 229/247 228/246
f 225/242 230/250 228/245 223/240
f 232/251 233/252 234/253 235/254
f 225/242 233/252 232/251 230/250
f 232/255 236/256 231/249 230/248
f 237/257 236/256 232/255 235/258
f 226/243 238/259 239/260 224/241
f 239/260 233/252 225/242 224/241
f 234/253 233/252 239/260 240/261
f 239/260 238/259 241/262 240/261
f 242/263 243/264 204/221 205/222
f 243/264 244/265 201/218 204/221
f 245/266 246/267 244/265 243/264
f 247/268 245/266 243/264 242/263
f 244/265 248/269 200/217 201/218
f 248/269 227/244 189/206 200/217
f 249/270 226/243 227/244 248/269
f 246/267 249/270 248/269 244/265
f 250/271 251/272 252/273 253/274
f 250/271 249/270 246/267 251/272
f 250/271 238/259 226/243 249/270
f 241/262 238/259 250/271 253/274
f 254/275 245/266 247/268 255/276
f 254/275 251/272 246/267 245/266
f 252/273 251/272 254/275 256/277
f 254/275 255/276 257/278 256/277
f 258/279 259/280 220/237 221/238
f 259/280 260/281 217/234 220/237
f 261/282 262/283 260/281 259/280
f 263/284 261/282 259/280 258/279
f 260/281 264/285 216/233 217/234
f 264/285 242/263 205/222 216/233
f 265/286 247/268 242/263 264/285
f 262/283 265/286 264/285 260/281
f 266/287 267/288 265/286 262/283
f 267/288 255/276 247/268 265/286
f 257/278 255/276 267/288 268/289
f 269/290 268/289 267/288 266/287
f 270/291 271/292 261/282 263/284
f 271/292 266/287 262/283 261/282
f 269/290 266/287 271/292 272/293
f 273/294 272/293 271/292 270/291
f 274/295 275/296 276/297 277/298
f 275/296 240/261 241/262 276/297
f 278/299 234/253 240/261 275/296
f 279/300 278/299 275/296 274/295
f 280/301 281/302 282/303 283/304
f 281/305 278/299 279/300 282/306
f 281/305 235/254 234/253 278/299
f 237/257 235/258 281/302 280/301
f 284/307 285/308 669/309 670/310
f 669/311 285/312 286/313 672/314
f 282/306 279/300 286/313 285/312
f 283/304 282/303 285/308 284/307
f 679/315 287/316 288/317 681/318
f 287/316 274/295 277/298 288/317
f 286/313 279/300 274/295 287/316
f 286/313 287/316 679/315 672/314
f 289/319 290/320 291/321 292/322
f 290/320 256/277 257/278 291/321
f 293/323 252/273 256/277 290/320
f 294/324 293/323 290/320 289/319
f 295/325 293/323 294/324 296/326
f 295/325 253/274 252/273 293/323
f 276/297 241/262 253/274 295/325
f 277/298 276/297 295/325 296/326
f 288/317 297/327 298/328 681/318
f 297/327 299/329 300/330 298/328
f 296/326 294/324 299/329 297/327
f 277/298 296/326 297/327 288/317
f 301/331 302/332 303/333 304/334
f 302/332 289/319 292/322 303/333
f 299/329 294/324 289/319 302/332
f 299/329 302/332 301/331 300/330
f 305/335 306/336 307/337 308/338
f 306/336 272/293 273/294 307/337
f 309/339 269/290 272/293 306/336
f 310/340 309/339 306/336 305/335
f 311/341 312/342 309/339 310/340
f 312/342 268/289 269/290 309/339
f 291/321 257/278 268/289 312/342
f 292/322 291/321 312/342 311/341
f 303/333 313/343 314/344 304/334
f 314/344 313/343 315/345 316/346
f 313/343 311/341 310/340 315/345
f 303/333 292/322 311/341 313/343
f 317/347 318/348 319/349 320/350
f 318/348 305/335 308/338 319/349
f 315/345 310/340 305/335 318/348
f 315/345 318/348 317/347 316/346
f 324/351 325/352 326/353 327/354
f 325/352 328/355 329/356 326/353
f 325/352 301/331 304/334 328/355
f 300/330 301/331 325/352 324/351
f 321/357 330/358 331/359 322/360
f 331/359 330/358 324/351 327/354
f 298/328 300/330 324/351 330/358
f 681/318 298/328 330/358 321/357
f 675/361 684/362 685/363 323/364
f 331/359 327/354 686/365 684/366
f 322/360 331/359 684/366 675/361
f 326/353 329/356 333/367 332/368
f 327/354 326/353 332/368 686/365
f 686/365 332/368 334/369 673/370
f 335/371 336/372 337/373 338/374
f 336/372 339/375 340/376 337/373
f 336/372 317/347 320/350 339/375
f 335/371 316/346 317/347 336/372
f 328/355 341/377 342/378 329/356
f 341/377 335/371 338/374 342/378
f 341/377 314/344 316/346 335/371
f 328/355 304/334 314/344 341/377
f 334/379 343/380 344/381 345/382
f 342/378 338/374 344/381 343/380
f 329/356 342/378 343/380 333/367
f 346/383 347/384 348/385 349/386
f 337/373 340/376 348/385 347/384
f 338/374 337/373 347/384 344/381
f 344/381 347/384 346/383 345/382
f 350/387 351/388 352/389 353/390
f 353/390 352/389 354/391 355/392
f 352/389 356/393 357/394 354/391
f 351/388 358/395 356/393 352/389
f 356/393 359/396 360/397 357/394
f 359/396 361/398 362/399 360/397
f 363/400 364/401 361/398 359/396
f 358/395 363/400 359/396 356/393
f 365/402 366/403 363/400 358/395
f 366/403 367/404 364/401 363/400
f 18/405 20/406 367/407 366/408
f 15/409 18/405 366/408 365/410
f 12/411 368/412 369/413 13/414
f 369/415 368/416 351/388 350/387
f 368/416 365/402 358/395 351/388
f 12/411 15/409 365/410 368/412
f 370/417 371/418 372/419 373/420
f 371/418 374/421 375/422 372/419
f 376/423 377/424 374/421 371/418
f 378/425 376/423 371/418 370/417
f 374/421 379/426 380/427 375/422
f 379/426 381/428 382/429 380/427
f 383/430 384/431 381/428 379/426
f 377/424 383/430 379/426 374/421
f 385/432 386/433 383/430 377/424
f 386/433 387/434 384/431 383/430
f 360/397 362/399 387/434 386/433
f 357/394 360/397 386/433 385/432
f 388/435 389/436 376/423 378/425
f 389/436 385/432 377/424 376/423
f 354/391 357/394 385/432 389/436
f 355/392 354/391 389/436 388/435
f 390/437 391/438 392/439 393/440
f 390/437 394/441 395/442 391/438
f 396/443 397/444 394/441 390/437
f 396/443 390/437 393/440 398/445
f 394/441 399/446 400/447 395/442
f 399/446 401/448 402/449 400/447
f 403/450 404/451 401/448 399/446
f 397/444 403/450 399/446 394/441
f 405/452 406/453 403/450 397/444
f 406/453 407/454 404/451 403/450
f 380/427 382/429 407/454 406/453
f 375/422 380/427 406/453 405/452
f 408/455 409/456 396/443 398/445
f 409/456 405/452 397/444 396/443
f 372/419 375/422 405/452 409/456
f 373/420 372/419 409/456 408/455
f 361/398 410/457 411/458 362/399
f 410/457 412/459 413/460 411/458
f 414/461 415/462 412/459 410/457
f 364/401 414/461 410/457 361/398
f 416/463 417/464 413/460 412/459
f 416/463 418/465 419/466 417/464
f 420/467 421/468 418/465 416/463
f 415/462 420/467 416/463 412/459
f 422/469 420/467 415/462 423/470
f 422/469 424/471 421/468 420/467
f 78/472 80/473 424/474 422/475
f 75/476 78/472 422/475 423/477
f 425/478 414/461 364/401 367/404
f 425/478 423/470 415/462 414/461
f 73/479 75/476 423/477 425/480
f 20/406 73/479 425/480 367/407
f 381/428 426/481 427/482 382/429
f 426/481 428/483 429/484 427/482
f 430/485 431/486 428/483 426/481
f 384/431 430/485 426/481 381/428
f 428/483 432/487 433/488 429/484
f 432/487 434/489 435/490 433/488
f 436/491 437/492 434/489 432/487
f 431/486 436/491 432/487 428/483
f 438/493 436/491 431/486 439/494
f 438/493 440/495 437/492 436/491
f 417/464 419/466 440/495 438/493
f 413/460 417/464 438/493 439/494
f 387/434 441/496 430/485 384/431
f 441/496 439/494 431/486 430/485
f 411/458 413/460 439/494 441/496
f 362/399 411/458 441/496 387/434
f 401/448 442/497 443/498 402/449
f 442/497 444/499 445/500 443/498
f 446/501 447/502 444/499 442/497
f 404/451 446/501 442/497 401/448
f 444/499 448/503 449/504 445/500
f 448/503 450/505 451/506 449/504
f 452/507 453/508 450/505 448/503
f 447/502 452/507 448/503 444/499
f 454/509 455/510 452/507 447/502
f 455/510 456/511 453/508 452/507
f 433/488 435/490 456/511 455/510
f 429/484 433/488 455/510 454/509
f 407/454 457/512 446/501 404/451
f 457/512 454/509 447/502 446/501
f 427/482 429/484 454/509 457/512
f 382/429 427/482 457/512 407/454
f 421/468 458/513 459/514 418/465
f 459/514 460/515 419/466 418/465
f 459/514 461/516 462/517 460/515
f 458/513 463/518 461/516 459/514
f 464/519 465/520 462/517 461/516
f 464/519 466/521 467/522 465/520
f 468/523 469/524 466/521 464/519
f 463/518 468/523 464/519 461/516
f 470/525 468/523 463/518 471/526
f 470/525 472/527 469/524 468/523
f 130/528 132/529 472/530 470/531
f 127/532 130/528 470/531 471/533
f 473/534 458/513 421/468 424/471
f 473/534 471/526 463/518 458/513
f 125/535 127/532 471/533 473/536
f 80/473 125/535 473/536 424/474
f 437/492 474/537 475/538 434/489
f 475/538 476/539 435/490 434/489
f 475/538 477/540 478/541 476/539
f 474/537 479/542 477/540 475/538
f 480/543 481/544 478/541 477/540
f 480/543 482/545 483/546 481/544
f 484/547 485/548 482/545 480/543
f 479/542 484/547 480/543 477/540
f 486/549 484/547 479/542 487/550
f 486/549 488/551 485/548 484/547
f 465/520 467/522 488/551 486/549
f 462/517 465/520 486/549 487/550
f 489/552 474/537 437/492 440/495
f 489/552 487/550 479/542 474/537
f 460/515 462/517 487/550 489/552
f 419/466 460/515 489/552 440/495
f 453/508 490/553 491/554 450/505
f 491/554 492/555 451/506 450/505
f 491/554 493/556 494/557 492/555
f 490/553 495/558 493/556 491/554
f 493/556 496/559 497/560 494/557
f 496/559 498/561 499/562 497/560
f 500/563 501/564 498/561 496/559
f 495/558 500/563 496/559 493/556
f 502/565 500/563 495/558 503/566
f 502/565 504/567 501/564 500/563
f 481/544 483/546 504/567 502/565
f 478/541 481/544 502/565 503/566
f 505/568 490/553 453/508 456/511
f 505/568 503/566 495/558 490/553
f 476/539 478/541 503/566 505/568
f 435/490 476/539 505/568 456/511
f 466/521 506/569 507/570 467/522
f 506/569 508/571 509/572 507/570
f 510/573 511/574 508/571 506/569
f 469/524 510/573 506/569 466/521
f 508/571 512/575 513/576 509/572
f 512/575 514/577 515/578 513/576
f 516/579 517/580 514/577 512/575
f 511/574 516/579 512/575 508/571
f 518/581 519/582 516/579 511/574
f 519/582 520/583 517/580 516/579
f 182/584 184/585 520/586 519/587
f 179/588 182/584 519/587 518/589
f 472/527 521/590 510/573 469/524
f 521/590 518/581 511/574 510/573
f 177/591 179/588 518/589 521/592
f 132/529 177/591 521/592 472/530
f 485/548 522/593 523/594 482/545
f 523/594 524/595 483/546 482/545
f 523/594 525/596 526/597 524/595
f 522/593 527/598 525/596 523/594
f 525/596 528/599 529/600 526/597
f 528/599 530/601 531/602 529/600
f 532/603 533/604 530/601 528/599
f 527/598 532/603 528/599 525/596
f 534/605 532/603 527/598 535/606
f 534/605 536/607 533/604 532/603
f 513/576 515/578 536/607 534/605
f 509/572 513/576 534/605 535/606
f 467/522 507/570 537/608 488/551
f 537/608 522/593 485/548 488/551
f 537/608 535/606 527/598 522/593
f 507/570 509/572 535/606 537/608
f 498/561 538/609 539/610 499/562
f 538/609 540/611 541/612 539/610
f 542/613 543/614 540/611 538/609
f 501/564 542/613 538/609 498/561
f 540/611 544/615 545/616 541/612
f 544/615 546/617 547/618 545/616
f 548/619 549/620 546/617 544/615
f 543/614 548/619 544/615 540/611
f 550/621 551/622 548/619 543/614
f 551/622 552/623 549/620 548/619
f 529/600 531/602 552/623 551/622
f 526/597 529/600 551/622 550/621
f 504/567 553/624 542/613 501/564
f 553/624 550/621 543/614 542/613
f 524/595 526/597 550/621 553/624
f 483/546 524/595 553/624 504/567
f 517/580 554/625 555/626 514/577
f 555/626 556/627 515/578 514/577
f 555/626 557/628 558/629 556/627
f 554/625 559/630 557/628 555/626
f 560/631 561/632 558/629 557/628
f 562/633 561/632 560/631 563/634
f 560/631 564/635 565/636 563/634
f 559/630 564/635 560/631 557/628
f 565/636 564/635 566/637 567/638
f 566/639 236/640 237/641 567/642
f 231/643 236/640 566/639 568/644
f 566/637 564/635 559/630 568/645
f 569/646 554/625 517/580 520/583
f 569/646 568/645 559/630 554/625
f 229/647 231/643 568/644 569/648
f 184/585 229/647 569/648 520/586
f 530/601 570/649 571/650 531/602
f 570/649 572/651 573/652 571/650
f 574/653 575/654 572/651 570/649
f 533/604 574/653 570/649 530/601
f 573/652 572/651 576/655 577/656
f 578/657 577/656 576/655 579/658
f 576/655 580/659 581/660 579/658
f 575/654 580/659 576/655 572/651
f 581/660 580/659 582/661 583/662
f 582/661 561/632 562/633 583/662
f 558/629 561/632 582/661 584/663
f 575/654 584/663 582/661 580/659
f 536/607 585/664 574/653 533/604
f 585/664 584/663 575/654 574/653
f 556/627 558/629 584/663 585/664
f 515/578 556/627 585/664 536/607
f 546/617 586/665 587/666 547/618
f 586/665 588/667 589/668 587/666
f 590/669 591/670 588/667 586/665
f 549/620 590/669 586/665 546/617
f 588/667 592/671 593/672 589/668
f 592/671 594/673 595/674 593/672
f 592/671 596/675 597/676 594/673
f 591/670 596/675 592/671 588/667
f 598/677 599/678 596/675 591/670
f 599/678 600/679 597/676 596/675
f 599/678 577/656 578/657 600/679
f 573/652 577/656 599/678 598/677
f 552/623 601/680 590/669 549/620
f 601/680 598/677 591/670 590/669
f 571/650 573/652 598/677 601/680
f 531/602 571/650 601/680 552/623
f 602/681 603/682 604/683 605/684
f 603/682 606/685 607/686 604/683
f 563/634 565/636 606/685 603/682
f 562/633 563/634 603/682 602/681
f 608/687 609/688 678/689 682/690
f 678/689 609/688 610/691 671/692
f 604/683 607/686 610/691 609/688
f 605/684 604/683 609/688 608/687
f 668/693 611/694 284/695 670/696
f 611/694 612/697 283/698 284/695
f 610/691 607/686 612/699 611/700
f 610/691 611/700 668/701 671/692
f 612/697 613/702 280/703 283/698
f 613/702 567/642 237/641 280/703
f 565/636 567/638 613/704 606/685
f 607/686 606/685 613/704 612/699
f 614/705 615/706 616/707 617/708
f 615/706 618/709 619/710 616/707
f 579/658 581/660 618/709 615/706
f 578/657 579/658 615/706 614/705
f 620/711 621/712 622/713 623/714
f 622/713 621/712 624/715 625/716
f 616/707 619/710 624/715 621/712
f 617/708 616/707 621/712 620/711
f 626/717 627/718 608/687 682/690
f 627/718 628/719 605/684 608/687
f 624/715 619/710 628/719 627/718
f 625/716 624/715 627/718 626/717
f 619/710 618/709 629/720 628/719
f 629/720 602/681 605/684 628/719
f 583/662 562/633 602/681 629/720
f 581/660 583/662 629/720 618/709
f 630/721 631/722 632/723 633/724
f 631/722 634/725 635/726 632/723
f 594/673 597/676 634/725 631/722
f 595/674 594/673 631/722 630/721
f 636/727 637/728 638/729 639/730
f 638/729 637/728 640/731 641/732
f 632/723 635/726 640/731 637/728
f 633/724 632/723 637/728 636/727
f 642/733 643/734 620/711 623/714
f 644/735 617/708 620/711 643/734
f 635/726 644/735 643/734 640/731
f 640/731 643/734 642/733 641/732
f 634/725 645/736 644/735 635/726
f 645/736 614/705 617/708 644/735
f 600/679 578/657 614/705 645/736
f 597/676 600/679 645/736 634/725
f 646/737 647/738 648/739 649/740
f 647/738 622/713 625/716 648/739
f 623/714 622/713 647/738 650/741
f 651/742 650/741 647/738 646/737
f 334/369 653/368 674/365 673/370
f 653/368 646/737 649/740 674/365
f 652/743 651/742 646/737 653/368
f 685/363 677/362 676/361 323/364
f 677/362 654/744 680/745 676/361
f 674/365 649/740 654/744 677/362
f 654/744 655/746 683/747 680/745
f 655/746 626/717 682/690 683/747
f 648/739 625/716 626/717 655/746
f 648/739 655/746 654/744 649/740
f 656/748 657/749 658/750 659/751
f 638/729 641/732 658/750 657/749
f 639/730 638/729 657/749 660/752
f 661/753 660/752 657/749 656/748
f 662/385 663/384 346/383 349/386
f 346/383 663/384 664/381 345/382
f 663/384 656/748 659/751 664/381
f 662/385 661/753 656/748 663/384
f 665/754 666/755 651/742 652/743
f 664/381 659/751 666/755 665/754
f 664/381 665/754 334/379 345/382
f 666/755 667/756 650/741 651/742
f 642/733 623/714 650/741 667/756
f 641/732 642/733 667/756 658/750
f 659/751 658/750 667/756 666/755
f 700/757 690/758 689/759 701/760
f 702/761 700/757 701/760 703/762
f 704/763 705/764 700/757 702/761
f 691/765 690/758 700/757 705/764
f 689/759 687/766 706/767 701/760
f 706/768 687/769 688/770 707/771
f 708/772 706/768 707/771 709/773
f 703/762 701/760 706/767 708/774
f 710/775 713/776 712/777 711/778
f 703/762 708/774 710/775 711/778
f 710/779 708/772 709/773 714/780
f 715/781 713/782 710/779 714/780
f 704/763 702/761 717/783 716/784
f 717/783 702/761 703/762 711/778
f 712/777 718/785 717/783 711/778
f 717/783 718/785 719/786 716/784
f 720/787 695/788 694/789 721/790
f 721/790 694/789 693/791 722/792
f 723/793 721/790 722/792 724/794
f 725/795 720/787 721/790 723/793
f 722/792 693/791 692/796 726/797
f 726/797 692/796 691/765 705/764
f 727/798 726/797 705/764 704/763
f 724/794 722/792 726/797 727/798
f 728/799 731/800 730/801 729/802
f 728/799 729/802 724/794 727/798
f 728/799 727/798 704/763 716/784
f 719/786 731/800 728/799 716/784
f 732/803 733/804 725/795 723/793
f 732/803 723/793 724/794 729/802
f 730/801 734/805 732/803 729/802
f 732/803 734/805 735/806 733/804
f 736/807 699/808 698/809 737/810
f 737/810 698/809 697/811 738/812
f 739/813 737/810 738/812 740/814
f 741/815 736/807 737/810 739/813
f 738/812 697/811 696/816 742/817
f 742/817 696/816 695/788 720/787
f 743/818 742/817 720/787 725/795
f 740/814 738/812 742/817 743/818
f 744/819 740/814 743/818 745/820
f 745/820 743/818 725/795 733/804
f 735/806 746/821 745/820 733/804
f 747/822 744/819 745/820 746/821
f 748/823 741/815 739/813 749/824
f 749/824 739/813 740/814 744/819
f 747/822 750/825 749/824 744/819
f 751/826 748/823 749/824 750/825
f 752/827 755/828 754/829 753/830
f 753/830 754/829 719/786 718/785
f 756/831 753/830 718/785 712/777
f 757/832 752/827 753/830 756/831
f 758/833 761/834 760/835 759/836
f 759/837 760/838 757/832 756/831
f 759/837 756/831 712/777 713/776
f 715/781 758/833 759/836 713/782
f 762/839 955/840 954/841 763/842
f 954/843 957/844 764/845 763/846
f 760/838 763/846 764/845 757/832
f 761/834 762/839 763/842 760/835
f 964/847 966/848 766/849 765/850
f 765/850 766/849 755/828 752/827
f 764/845 765/850 752/827 757/832
f 764/845 957/844 964/847 765/850
f 767/851 770/852 769/853 768/854
f 768/854 769/853 735/806 734/805
f 771/855 768/854 734/805 730/801
f 772/856 767/851 768/854 771/855
f 773/857 774/858 772/856 771/855
f 773/857 771/855 730/801 731/800
f 754/829 773/857 731/800 719/786
f 755/828 774/858 773/857 754/829
f 766/849 966/848 776/859 775/860
f 775/860 776/859 778/861 777/862
f 774/858 775/860 777/862 772/856
f 755/828 766/849 775/860 774/858
f 779/863 782/864 781/865 780/866
f 780/866 781/865 770/852 767/851
f 777/862 780/866 767/851 772/856
f 777/862 778/861 779/863 780/866
f 783/867 786/868 785/869 784/870
f 784/870 785/869 751/826 750/825
f 787/871 784/870 750/825 747/822
f 788/872 783/867 784/870 787/871
f 789/873 788/872 787/871 790/874
f 790/874 787/871 747/822 746/821
f 769/853 790/874 746/821 735/806
f 770/852 789/873 790/874 769/853
f 781/865 782/864 792/875 791/876
f 792/875 794/877 793/878 791/876
f 791/876 793/878 788/872 789/873
f 781/865 791/876 789/873 770/852
f 795/879 798/880 797/881 796/882
f 796/882 797/881 786/868 783/867
f 793/878 796/882 783/867 788/872
f 793/878 794/877 795/879 796/882
f 802/883 805/884 804/885 803/886
f 803/886 804/885 807/887 806/888
f 803/886 806/888 782/864 779/863
f 778/861 802/883 803/886 779/863
f 799/889 800/890 809/891 808/892
f 809/891 805/884 802/883 808/892
f 776/859 808/892 802/883 778/861
f 966/848 799/889 808/892 776/859
f 960/893 801/894 970/895 969/896
f 809/891 969/897 971/898 805/884
f 800/890 960/893 969/896 809/891
f 810/899 823/900 812/901 811/902
f 804/885 811/902 812/901 807/887
f 805/884 971/898 811/902 804/885
f 971/898 958/903 810/899 811/902
f 813/904 816/905 815/906 814/907
f 814/907 815/906 818/908 817/909
f 814/907 817/909 798/880 795/879
f 813/904 814/907 795/879 794/877
f 806/888 807/887 820/910 819/911
f 819/911 820/910 816/905 813/904
f 819/911 813/904 794/877 792/875
f 806/888 819/911 792/875 782/864
f 820/910 821/912 822/913 816/905
f 807/887 812/901 821/912 820/910
f 823/914 826/915 825/916 824/917
f 815/906 824/917 825/916 818/908
f 816/905 822/913 824/917 815/906
f 829/918 827/919 840/920 839/921
f 840/920 827/919 828/922 841/923
f 840/920 841/923 843/924 842/925
f 839/921 840/920 842/925 844/926
f 845/927 842/925 843/924 846/928
f 847/929 848/930 845/927 846/928
f 845/927 848/930 850/931 849/932
f 844/926 842/925 845/927 849/932
f 850/931 852/933 851/934 849/932
f 851/935 852/936 715/937 714/938
f 709/939 853/940 851/935 714/938
f 851/934 853/941 844/926 849/932
f 854/942 830/943 829/918 839/921
f 854/942 839/921 844/926 853/941
f 707/944 854/945 853/940 709/939
f 688/946 830/947 854/945 707/944
f 831/948 832/949 856/950 855/951
f 855/951 856/950 858/952 857/953
f 859/954 855/951 857/953 860/955
f 833/956 831/948 855/951 859/954
f 858/952 862/957 861/958 857/953
f 863/959 864/960 861/958 862/957
f 861/958 864/960 866/961 865/962
f 860/955 857/953 861/958 865/962
f 866/961 868/963 867/964 865/962
f 867/964 868/963 847/929 846/928
f 843/924 869/965 867/964 846/928
f 860/955 865/962 867/964 869/965
f 834/966 833/956 859/954 870/967
f 870/967 859/954 860/955 869/965
f 841/923 870/967 869/965 843/924
f 828/922 834/966 870/967 841/923
f 835/968 836/969 872/970 871/971
f 871/971 872/970 874/972 873/973
f 875/974 871/971 873/973 876/975
f 837/976 835/968 871/971 875/974
f 873/973 874/972 878/977 877/978
f 877/978 878/977 880/979 879/980
f 877/978 879/980 882/981 881/982
f 876/975 873/973 877/978 881/982
f 883/983 876/975 881/982 884/984
f 884/984 881/982 882/981 885/985
f 884/984 885/985 863/959 862/957
f 858/952 883/983 884/984 862/957
f 838/986 837/976 875/974 886/987
f 886/987 875/974 876/975 883/983
f 856/950 886/987 883/983 858/952
f 832/949 838/986 886/987 856/950
f 887/988 890/989 889/990 888/991
f 888/991 889/990 892/992 891/993
f 848/930 888/991 891/993 850/931
f 847/929 887/988 888/991 848/930
f 893/994 967/995 963/996 894/997
f 963/996 956/998 895/999 894/997
f 889/990 894/997 895/999 892/992
f 890/989 893/994 894/997 889/990
f 953/1000 955/1001 762/1002 896/1003
f 896/1003 762/1002 761/1004 897/1005
f 895/999 896/1006 897/1007 892/992
f 895/999 956/998 953/1008 896/1006
f 897/1005 761/1004 758/1009 898/1010
f 898/1010 758/1009 715/937 852/936
f 850/931 891/993 898/1011 852/933
f 892/992 897/1007 898/1011 891/993
f 899/1012 902/1013 901/1014 900/1015
f 900/1015 901/1014 904/1016 903/1017
f 864/960 900/1015 903/1017 866/961
f 863/959 899/1012 900/1015 864/960
f 905/1018 908/1019 907/1020 906/1021
f 907/1020 910/1022 909/1023 906/1021
f 901/1014 906/1021 909/1023 904/1016
f 902/1013 905/1018 906/1021 901/1014
f 911/1024 967/995 893/994 912/1025
f 912/1025 893/994 890/989 913/1026
f 909/1023 912/1025 913/1026 904/1016
f 910/1022 911/1024 912/1025 909/1023
f 904/1016 913/1026 914/1027 903/1017
f 914/1027 913/1026 890/989 887/988
f 868/963 914/1027 887/988 847/929
f 866/961 903/1017 914/1027 868/963
f 915/1028 918/1029 917/1030 916/1031
f 916/1031 917/1030 920/1032 919/1033
f 879/980 916/1031 919/1033 882/981
f 880/979 915/1028 916/1031 879/980
f 921/1034 924/1035 923/1036 922/1037
f 923/1036 926/1038 925/1039 922/1037
f 917/1030 922/1037 925/1039 920/1032
f 918/1029 921/1034 922/1037 917/1030
f 927/1040 908/1019 905/1018 928/1041
f 929/1042 928/1041 905/1018 902/1013
f 920/1032 925/1039 928/1041 929/1042
f 925/1039 926/1038 927/1040 928/1041
f 919/1033 920/1032 929/1042 930/1043
f 930/1043 929/1042 902/1013 899/1012
f 885/985 930/1043 899/1012 863/959
f 882/981 919/1033 930/1043 885/985
f 931/1044 934/1045 933/1046 932/1047
f 932/1047 933/1046 910/1022 907/1020
f 908/1019 935/1048 932/1047 907/1020
f 936/1049 931/1044 932/1047 935/1048
f 937/901 823/900 810/899 938/902
f 810/899 958/903 959/898 938/902
f 938/902 959/898 934/1045 931/1044
f 937/901 938/902 931/1044 936/1049
f 970/895 801/894 961/893 962/896
f 962/896 961/893 965/1050 939/1051
f 959/898 962/896 939/1051 934/1045
f 939/1051 965/1050 968/1052 940/1053
f 940/1053 968/1052 967/995 911/1024
f 933/1046 940/1053 911/1024 910/1022
f 933/1046 934/1045 939/1051 940/1053
f 941/1054 944/1055 943/1056 942/1057
f 923/1036 942/1057 943/1056 926/1038
f 924/1035 945/1058 942/1057 923/1036
f 946/1059 941/1054 942/1057 945/1058
f 947/916 826/915 823/914 948/917
f 948/1060 949/1061 944/1055 941/1054
f 947/916 948/917 941/1054 946/1059
f 950/1062 937/901 936/1049 951/1063
f 949/1061 950/1062 951/1063 944/1055
f 951/1063 936/1049 935/1048 952/1064
f 927/1040 952/1064 935/1048 908/1019
f 926/1038 943/1056 952/1064 927/1040
f 944/1055 951/1063 952/1064 943/1056
f 668/693 670/696 955/696 953/693
f 673/370 674/365 959/365 958/370
f 674/365 677/362 962/362 959/365
f 671/692 668/701 953/701 956/692
f 678/689 671/692 956/692 963/689
f 685/363 684/362 969/362 970/363
f 677/362 685/363 970/363 962/362
f 682/690 678/689 963/689 967/690
f 670/310 669/309 954/309 955/310
f 669/311 672/314 957/314 954/311
f 672/314 679/315 964/315 957/314
f 686/365 673/370 958/370 971/365
f 323/364 676/361 961/361 801/364
f 675/361 323/364 801/364 960/361
f 676/361 680/745 965/745 961/361
f 322/360 675/361 960/361 800/360
f 679/315 681/318 966/318 964/315
f 680/745 683/747 968/747 965/745
f 321/357 322/360 800/360 799/357
f 683/747 682/690 967/690 968/747
f 681/318 321/357 799/357 966/318
f 684/362 686/365 971/365 969/362
f 972/1065 973/1066 974/1067 975/1068
f 973/1066 976/1069 977/1070 974/1067
f 978/1071 979/1072 976/1069 973/1066
f 980/1073 978/1071 973/1066 972/1065
f 976/1069 981/1074 982/1075 977/1070
f 981/1074 983/1076 984/1077 982/1075
f 985/1078 986/1079 983/1076 981/1074
f 979/1072 985/1078 981/1074 976/1069
f 987/1080 988/1081 985/1078 979/1072
f 988/1081 989/1082 986/1079 985/1078
f 990/1083 991/1084 989/1082 988/1081
f 992/1085 990/1083 988/1081 987/1080
f 993/1086 994/1087 978/1071 980/1073
f 994/1087 987/1080 979/1072 978/1071
f 995/1088 992/1085 987/1080 994/1087
f 996/1089 995/1088 994/1087 993/1086
f 997/1090 998/1091 995/1088 996/1089
f 998/1091 999/1092 992/1085 995/1088
f 1000/1093 1001/1094 999/1092 998/1091
f 1002/1095 1000/1093 998/1091 997/1090
f 999/1092 1003/1096 990/1083 992/1085
f 1003/1096 1004/1097 991/1084 990/1083
f 1005/1098 1006/1099 1004/1097 1003/1096
f 1001/1094 1005/1098 1003/1096 999/1092
f 1007/1100 1008/1101 1005/1098 1001/1094
f 1008/1101 1009/1102 1006/1099 1005/1098
f 1010/1103 1011/1104 1009/1102 1008/1101
f 1012/1105 1010/1103 1008/1101 1007/1100
f 1013/1106 1014/1107 1000/1093 1002/1095
f 1014/1107 1007/1100 1001/1094 1000/1093
f 1015/1108 1012/1105 1007/1100 1014/1107
f 1016/1109 1015/1108 1014/1107 1013/1106
f 1017/1110 1018/1111 1015/1108 1016/1109
f 1018/1111 1019/1112 1012/1105 1015/1108
f 1020/1113 1021/1114 1019/1112 1018/1111
f 1022/1115 1020/1113 1018/1111 1017/1110
f 1019/1112 1023/1116 1010/1103 1012/1105
f 1023/1116 1024/1117 1011/1104 1010/1103
f 1025/1118 1026/1119 1024/1117 1023/1116
f 1021/1114 1025/1118 1023/1116 1019/1112
f 1027/1120 1028/1121 1025/1118 1021/1114
f 1028/1121 1029/1122 1026/1119 1025/1118
f 1030/1123 1031/1124 1029/1122 1028/1121
f 1030/1123 1028/1121 1027/1120 1032/1125
f 1033/1126 1034/1127 1020/1113 1022/1115
f 1034/1127 1027/1120 1021/1114 1020/1113
f 1035/1128 1032/1125 1027/1120 1034/1127
f 1036/1129 1035/1128 1034/1127 1033/1126
f 1037/1130 1038/1131 1039/1132 1040/1133
f 1037/1130 1041/1134 1042/1135 1038/1131
f 1043/1136 1044/1137 1041/1134 1037/1130
f 1043/1136 1037/1130 1040/1133 1045/1138
f 1041/1134 1046/1139 1047/1140 1042/1135
f 1046/1139 1048/1141 1049/1142 1047/1140
f 1050/1143 1051/1144 1048/1141 1046/1139
f 1044/1137 1050/1143 1046/1139 1041/1134
f 1052/1145 1053/1146 1050/1143 1044/1137
f 1053/1146 1054/1147 1051/1144 1050/1143
f 1055/1148 1056/1149 1054/1147 1053/1146
f 1057/1150 1055/1148 1053/1146 1052/1145
f 1058/1151 1059/1152 1043/1136 1045/1138
f 1059/1152 1052/1145 1044/1137 1043/1136
f 1060/1153 1057/1150 1052/1145 1059/1152
f 1061/1154 1060/1153 1059/1152 1058/1151
f 1062/1155 1063/1156 1060/1153 1061/1154
f 1063/1156 1064/1157 1057/1150 1060/1153
f 1065/1158 1066/1159 1064/1157 1063/1156
f 1067/1160 1065/1158 1063/1156 1062/1155
f 1064/1157 1068/1161 1055/1148 1057/1150
f 1068/1161 1069/1162 1056/1149 1055/1148
f 1070/1163 1071/1164 1069/1162 1068/1161
f 1066/1159 1070/1163 1068/1161 1064/1157
f 1072/1165 1073/1166 1070/1163 1066/1159
f 1073/1166 1074/1167 1071/1164 1070/1163
f 1075/1168 1076/1169 1074/1167 1073/1166
f 1077/1170 1075/1168 1073/1166 1072/1165
f 1078/1171 1079/1172 1065/1158 1067/1160
f 1079/1172 1072/1165 1066/1159 1065/1158
f 1080/1173 1077/1170 1072/1165 1079/1172
f 1081/1174 1080/1173 1079/1172 1078/1171
f 1082/1175 1083/1176 1080/1173 1081/1174
f 1083/1176 1084/1177 1077/1170 1080/1173
f 1085/1178 1086/1179 1084/1177 1083/1176
f 1087/1180 1085/1178 1083/1176 1082/1175
f 1084/1177 1088/1181 1075/1168 1077/1170
f 1088/1181 1089/1182 1076/1169 1075/1168
f 1090/1183 1091/1184 1089/1182 1088/1181
f 1086/1179 1090/1183 1088/1181 1084/1177
f 1092/1185 1093/1186 1090/1183 1086/1179
f 1093/1186 1094/1187 1091/1184 1090/1183
f 982/1075 984/1077 1094/1187 1093/1186
f 977/1070 982/1075 1093/1186 1092/1185
f 1095/1188 1096/1189 1085/1178 1087/1180
f 1096/1189 1092/1185 1086/1179 1085/1178
f 974/1067 977/1070 1092/1185 1096/1189
f 975/1068 974/1067 1096/1189 1095/1188
f 986/1079 1097/1190 1098/1191 983/1076
f 983/1076 1098/1191 1099/1192 984/1077
f 1098/1191 1100/1193 1101/1194 1099/1192
f 1097/1190 1102/1195 1100/1193 1098/1191
f 1100/1193 1103/1196 1104/1197 1101/1194
f 1103/1196 1105/1198 1106/1199 1104/1197
f 1107/1200 1108/1201 1105/1198 1103/1196
f 1102/1195 1107/1200 1103/1196 1100/1193
f 1109/1202 1107/1200 1102/1195 1110/1203
f 1109/1202 1111/1204 1108/1201 1107/1200
f 1112/1205 1113/1206 1111/1204 1109/1202
f 1114/1207 1112/1205 1109/1202 1110/1203
f 989/1082 1115/1208 1097/1190 986/1079
f 1115/1208 1110/1203 1102/1195 1097/1190
f 1116/1209 1114/1207 1110/1203 1115/1208
f 991/1084 1116/1209 1115/1208 989/1082
f 1004/1097 1117/1210 1116/1209 991/1084
f 1117/1210 1118/1211 1114/1207 1116/1209
f 1119/1212 1120/1213 1118/1211 1117/1210
f 1006/1099 1119/1212 1117/1210 1004/1097
f 1121/1214 1112/1205 1114/1207 1118/1211
f 1121/1214 1122/1215 1113/1206 1112/1205
f 1123/1216 1124/1217 1122/1215 1121/1214
f 1120/1213 1123/1216 1121/1214 1118/1211
f 1125/1218 1126/1219 1123/1216 1120/1213
f 1126/1219 1127/1220 1124/1217 1123/1216
f 1128/1221 1129/1222 1127/1220 1126/1219
f 1128/1221 1126/1219 1125/1218 1130/1223
f 1011/1104 1131/1224 1132/1225 1009/1102
f 1009/1102 1132/1225 1119/1212 1006/1099
f 1132/1225 1125/1218 1120/1213 1119/1212
f 1131/1224 1130/1223 1125/1218 1132/1225
f 1024/1117 1133/1226 1131/1224 1011/1104
f 1133/1226 1134/1227 1130/1223 1131/1224
f 1135/1228 1136/1229 1134/1227 1133/1226
f 1135/1228 1133/1226 1024/1117 1026/1119
f 1134/1227 1137/1230 1128/1221 1130/1223
f 1137/1230 1138/1231 1129/1222 1128/1221
f 1139/1232 1140/1233 1138/1231 1137/1230
f 1139/1232 1137/1230 1134/1227 1136/1229
f 1141/1234 1142/1235 1139/1232 1136/1229
f 1142/1235 1143/1236 1140/1233 1139/1232
f 1144/1237 1145/1238 1143/1236 1142/1235
f 1144/1237 1142/1235 1141/1234 1146/1239
f 1147/1240 1148/1241 1029/1122 1031/1124
f 1029/1122 1148/1241 1135/1228 1026/1119
f 1148/1241 1141/1234 1136/1229 1135/1228
f 1147/1240 1146/1239 1141/1234 1148/1241
f 1048/1141 1149/1242 1150/1243 1049/1142
f 1149/1242 1151/1244 1152/1245 1150/1243
f 1153/1246 1154/1247 1151/1244 1149/1242
f 1051/1144 1153/1246 1149/1242 1048/1141
f 1151/1244 1155/1248 1156/1249 1152/1245
f 1155/1248 1157/1250 1158/1251 1156/1249
f 1159/1252 1160/1253 1157/1250 1155/1248
f 1154/1247 1159/1252 1155/1248 1151/1244
f 1161/1254 1162/1255 1159/1252 1154/1247
f 1162/1255 1163/1256 1160/1253 1159/1252
f 1164/1257 1165/1258 1163/1256 1162/1255
f 1166/1259 1164/1257 1162/1255 1161/1254
f 1054/1147 1167/1260 1153/1246 1051/1144
f 1167/1260 1161/1254 1154/1247 1153/1246
f 1168/1261 1166/1259 1161/1254 1167/1260
f 1056/1149 1168/1261 1167/1260 1054/1147
f 1069/1162 1169/1262 1168/1261 1056/1149
f 1169/1262 1170/1263 1166/1259 1168/1261
f 1171/1264 1172/1265 1170/1263 1169/1262
f 1071/1164 1171/1264 1169/1262 1069/1162
f 1170/1263 1173/1266 1164/1257 1166/1259
f 1173/1266 1174/1267 1165/1258 1164/1257
f 1175/1268 1176/1269 1174/1267 1173/1266
f 1172/1265 1175/1268 1173/1266 1170/1263
f 1177/1270 1178/1271 1175/1268 1172/1265
f 1178/1271 1179/1272 1176/1269 1175/1268
f 1180/1273 1181/1274 1179/1272 1178/1271
f 1182/1275 1180/1273 1178/1271 1177/1270
f 1074/1167 1183/1276 1171/1264 1071/1164
f 1183/1276 1177/1270 1172/1265 1171/1264
f 1184/1277 1182/1275 1177/1270 1183/1276
f 1076/1169 1184/1277 1183/1276 1074/1167
f 1089/1182 1185/1278 1184/1277 1076/1169
f 1185/1278 1186/1279 1182/1275 1184/1277
f 1187/1280 1188/1281 1186/1279 1185/1278
f 1091/1184 1187/1280 1185/1278 1089/1182
f 1186/1279 1189/1282 1180/1273 1182/1275
f 1189/1282 1190/1283 1181/1274 1180/1273
f 1191/1284 1192/1285 1190/1283 1189/1282
f 1188/1281 1191/1284 1189/1282 1186/1279
f 1193/1286 1194/1287 1191/1284 1188/1281
f 1194/1287 1195/1288 1192/1285 1191/1284
f 1104/1197 1106/1199 1195/1288 1194/1287
f 1101/1194 1104/1197 1194/1287 1193/1286
f 1094/1187 1196/1289 1187/1280 1091/1184
f 1196/1289 1193/1286 1188/1281 1187/1280
f 1099/1192 1101/1194 1193/1286 1196/1289
f 984/1077 1099/1192 1196/1289 1094/1187
f 1105/1198 1197/1290 1198/1291 1106/1199
f 1197/1290 1199/1292 1200/1293 1198/1291
f 1201/1294 1202/1295 1199/1292 1197/1290
f 1108/1201 1201/1294 1197/1290 1105/1198
f 1203/1296 1204/1297 1200/1293 1199/1292
f 1203/1296 1205/1298 1206/1299 1204/1297
f 1207/1300 1208/1301 1205/1298 1203/1296
f 1202/1295 1207/1300 1203/1296 1199/1292
f 1209/1302 1210/1303 1207/1300 1202/1295
f 1210/1303 1211/1304 1208/1301 1207/1300
f 1212/1305 1213/1306 1211/1304 1210/1303
f 1212/1305 1210/1303 1209/1302 1214/1307
f 1111/1204 1215/1308 1201/1294 1108/1201
f 1215/1308 1209/1302 1202/1295 1201/1294
f 1216/1309 1214/1307 1209/1302 1215/1308
f 1113/1206 1216/1309 1215/1308 1111/1204
f 1122/1215 1217/1310 1216/1309 1113/1206
f 1217/1310 1218/1311 1214/1307 1216/1309
f 1219/1312 1220/1313 1218/1311 1217/1310
f 1124/1217 1219/1312 1217/1310 1122/1215
f 1218/1311 1221/1314 1212/1305 1214/1307
f 1221/1314 1222/1315 1213/1306 1212/1305
f 1223/1316 1224/1317 1222/1315 1221/1314
f 1223/1316 1221/1314 1218/1311 1220/1313
f 1225/1318 1226/1319 1223/1316 1220/1313
f 1226/1319 1227/1320 1224/1317 1223/1316
f 1228/1321 1229/1322 1227/1320 1226/1319
f 1228/1321 1226/1319 1225/1318 1230/1323
f 1127/1220 1231/1324 1219/1312 1124/1217
f 1231/1324 1225/1318 1220/1313 1219/1312
f 1232/1325 1230/1323 1225/1318 1231/1324
f 1129/1222 1232/1325 1231/1324 1127/1220
f 1138/1231 1233/1326 1232/1325 1129/1222
f 1233/1326 1234/1327 1230/1323 1232/1325
f 1235/1328 1236/1329 1234/1327 1233/1326
f 1140/1233 1235/1328 1233/1326 1138/1231
f 1234/1327 1237/1330 1228/1321 1230/1323
f 1237/1330 1238/1331 1229/1322 1228/1321
f 1239/1332 1240/1333 1238/1331 1237/1330
f 1239/1332 1237/1330 1234/1327 1236/1329
f 1241/1334 1242/1335 1239/1332 1236/1329
f 1242/1335 1243/1336 1240/1333 1239/1332
f 1244/1337 1245/1338 1243/1336 1242/1335
f 1244/1337 1242/1335 1241/1334 1246/1339
f 1143/1236 1247/1340 1235/1328 1140/1233
f 1247/1340 1241/1334 1236/1329 1235/1328
f 1248/1341 1246/1339 1241/1334 1247/1340
f 1145/1238 1248/1341 1247/1340 1143/1236
f 1157/1250 1249/1342 1250/1343 1158/1251
f 1249/1342 1251/1344 1252/1345 1250/1343
f 1253/1346 1254/1347 1251/1344 1249/1342
f 1160/1253 1253/1346 1249/1342 1157/1250
f 1251/1344 1255/1348 1256/1349 1252/1345
f 1255/1348 1257/1350 1258/1351 1256/1349
f 1259/1352 1260/1353 1257/1350 1255/1348
f 1254/1347 1259/1352 1255/1348 1251/1344
f 1261/1354 1262/1355 1259/1352 1254/1347
f 1262/1355 1263/1356 1260/1353 1259/1352
f 1264/1357 1265/1358 1263/1356 1262/1355
f 1266/1359 1264/1357 1262/1355 1261/1354
f 1163/1256 1267/1360 1253/1346 1160/1253
f 1267/1360 1261/1354 1254/1347 1253/1346
f 1268/1361 1266/1359 1261/1354 1267/1360
f 1165/1258 1268/1361 1267/1360 1163/1256
f 1174/1267 1269/1362 1268/1361 1165/1258
f 1269/1362 1270/1363 1266/1359 1268/1361
f 1271/1364 1272/1365 1270/1363 1269/1362
f 1176/1269 1271/1364 1269/1362 1174/1267
f 1270/1363 1273/1366 1264/1357 1266/1359
f 1273/1366 1274/1367 1265/1358 1264/1357
f 1275/1368 1276/1369 1274/1367 1273/1366
f 1272/1365 1275/1368 1273/1366 1270/1363
f 1277/1370 1278/1371 1275/1368 1272/1365
f 1278/1371 1279/1372 1276/1369 1275/1368
f 1280/1373 1281/1374 1279/1372 1278/1371
f 1282/1375 1280/1373 1278/1371 1277/1370
f 1179/1272 1283/1376 1271/1364 1176/1269
f 1283/1376 1277/1370 1272/1365 1271/1364
f 1284/1377 1282/1375 1277/1370 1283/1376
f 1181/1274 1284/1377 1283/1376 1179/1272
f 1192/1285 1285/1378 1286/1379 1190/1283
f 1190/1283 1286/1379 1284/1377 1181/1274
f 1286/1379 1287/1380 1282/1375 1284/1377
f 1285/1378 1288/1381 1287/1380 1286/1379
f 1287/1380 1289/1382 1280/1373 1282/1375
f 1289/1382 1290/1383 1281/1374 1280/1373
f 1291/1384 1292/1385 1290/1383 1289/1382
f 1288/1381 1291/1384 1289/1382 1287/1380
f 1293/1386 1291/1384 1288/1381 1294/1387
f 1293/1386 1295/1388 1292/1385 1291/1384
f 1204/1297 1206/1299 1295/1388 1293/1386
f 1200/1293 1204/1297 1293/1386 1294/1387
f 1195/1288 1296/1389 1285/1378 1192/1285
f 1296/1389 1294/1387 1288/1381 1285/1378
f 1198/1291 1200/1293 1294/1387 1296/1389
f 1106/1199 1198/1291 1296/1389 1195/1288
f 1205/1298 1297/1390 1298/1391 1206/1299
f 1297/1390 1299/1392 1300/1393 1298/1391
f 1301/1394 1302/1395 1299/1392 1297/1390
f 1208/1301 1301/1394 1297/1390 1205/1298
f 1299/1392 1303/1396 1304/1397 1300/1393
f 1303/1396 1305/1398 1306/1399 1304/1397
f 1307/1400 1308/1401 1305/1398 1303/1396
f 1302/1395 1307/1400 1303/1396 1299/1392
f 1309/1402 1310/1403 1307/1400 1302/1395
f 1310/1403 1311/1404 1308/1401 1307/1400
f 1312/1405 1313/1406 1311/1404 1310/1403
f 1314/1407 1312/1405 1310/1403 1309/1402
f 1213/1306 1315/1408 1316/1409 1211/1304
f 1211/1304 1316/1409 1301/1394 1208/1301
f 1316/1409 1309/1402 1302/1395 1301/1394
f 1315/1408 1314/1407 1309/1402 1316/1409
f 1222/1315 1317/1410 1315/1408 1213/1306
f 1317/1410 1318/1411 1314/1407 1315/1408
f 1319/1412 1320/1413 1318/1411 1317/1410
f 1224/1317 1319/1412 1317/1410 1222/1315
f 1318/1411 1321/1414 1312/1405 1314/1407
f 1321/1414 1322/1415 1313/1406 1312/1405
f 1323/1416 1324/1417 1322/1415 1321/1414
f 1320/1413 1323/1416 1321/1414 1318/1411
f 1325/1418 1326/1419 1323/1416 1320/1413
f 1326/1419 1327/1420 1324/1417 1323/1416
f 1328/1421 1329/1422 1327/1420 1326/1419
f 1330/1423 1328/1421 1326/1419 1325/1418
f 1331/1424 1332/1425 1227/1320 1229/1322
f 1227/1320 1332/1425 1319/1412 1224/1317
f 1332/1425 1325/1418 1320/1413 1319/1412
f 1331/1424 1330/1423 1325/1418 1332/1425
f 1238/1331 1333/1426 1331/1424 1229/1322
f 1333/1426 1334/1427 1330/1423 1331/1424
f 1335/1428 1336/1429 1334/1427 1333/1426
f 1335/1428 1333/1426 1238/1331 1240/1333
f 1334/1427 1337/1430 1328/1421 1330/1423
f 1337/1430 1338/1431 1329/1422 1328/1421
f 1339/1432 1340/1433 1338/1431 1337/1430
f 1336/1429 1339/1432 1337/1430 1334/1427
f 1341/1434 1342/1435 1339/1432 1336/1429
f 1342/1435 1343/1436 1340/1433 1339/1432
f 1344/1437 1345/1438 1343/1436 1342/1435
f 1344/1437 1342/1435 1341/1434 1346/1439
f 1347/1440 1348/1441 1243/1336 1245/1338
f 1243/1336 1348/1441 1335/1428 1240/1333
f 1348/1441 1341/1434 1336/1429 1335/1428
f 1347/1440 1346/1439 1341/1434 1348/1441
f 1257/1350 1349/1442 1350/1443 1258/1351
f 1349/1442 1351/1444 1352/1445 1350/1443
f 1353/1446 1354/1447 1351/1444 1349/1442
f 1260/1353 1353/1446 1349/1442 1257/1350
f 1351/1444 1355/1448 1356/1449 1352/1445
f 1355/1448 1357/1450 1358/1451 1356/1449
f 1359/1452 1360/1453 1357/1450 1355/1448
f 1354/1447 1359/1452 1355/1448 1351/1444
f 1361/1454 1362/1455 1359/1452 1354/1447
f 1362/1455 1363/1456 1360/1453 1359/1452
f 1364/1457 1365/1458 1363/1456 1362/1455
f 1366/1459 1364/1457 1362/1455 1361/1454
f 1263/1356 1367/1460 1353/1446 1260/1353
f 1367/1460 1361/1454 1354/1447 1353/1446
f 1368/1461 1366/1459 1361/1454 1367/1460
f 1265/1358 1368/1461 1367/1460 1263/1356
f 1274/1367 1369/1462 1368/1461 1265/1358
f 1369/1462 1370/1463 1366/1459 1368/1461
f 1371/1464 1372/1465 1370/1463 1369/1462
f 1276/1369 1371/1464 1369/1462 1274/1367
f 1370/1463 1373/1466 1364/1457 1366/1459
f 1373/1466 1374/1467 1365/1458 1364/1457
f 1375/1468 1376/1469 1374/1467 1373/1466
f 1372/1465 1375/1468 1373/1466 1370/1463
f 1377/1470 1378/1471 1375/1468 1372/1465
f 1378/1471 1379/1472 1376/1469 1375/1468
f 1380/1473 1381/1474 1379/1472 1378/1471
f 1382/1475 1380/1473 1378/1471 1377/1470
f 1279/1372 1383/1476 1371/1464 1276/1369
f 1383/1476 1377/1470 1372/1465 1371/1464
f 1384/1477 1382/1475 1377/1470 1383/1476
f 1281/1374 1384/1477 1383/1476 1279/1372
f 1292/1385 1385/1478 1386/1479 1290/1383
f 1290/1383 1386/1479 1384/1477 1281/1374
f 1386/1479 1387/1480 1382/1475 1384/1477
f 1385/1478 1388/1481 1387/1480 1386/1479
f 1387/1480 1389/1482 1380/1473 1382/1475
f 1389/1482 1390/1483 1381/1474 1380/1473
f 1391/1484 1390/1483 1389/1482 1392/1485
f 1392/1485 1389/1482 1387/1480 1388/1481
f 1393/1486 1394/1487 1392/1485 1388/1481
f 1395/1488 1391/1484 1392/1485 1394/1487
f 1304/1397 1306/1399 1395/1488 1394/1487
f 1304/1397 1394/1487 1393/1486 1300/1393
f 1396/1489 1385/1478 1292/1385 1295/1388
f 1396/1489 1393/1486 1388/1481 1385/1478
f 1298/1391 1300/1393 1393/1486 1396/1489
f 1206/1299 1298/1391 1396/1489 1295/1388
f 1305/1398 1397/1490 1398/1491 1306/1399
f 1397/1490 1399/1492 1400/1493 1398/1491
f 1401/1494 1402/1495 1399/1492 1397/1490
f 1308/1401 1401/1494 1397/1490 1305/1398
f 1399/1492 1403/1496 1404/1497 1400/1493
f 1403/1496 1405/1498 1406/1499 1404/1497
f 1407/1500 1408/1501 1405/1498 1403/1496
f 1402/1495 1407/1500 1403/1496 1399/1492
f 1409/1502 1410/1503 1407/1500 1402/1495
f 1410/1503 1411/1504 1408/1501 1407/1500
f 1412/1505 1413/1506 1411/1504 1410/1503
f 1414/1507 1412/1505 1410/1503 1409/1502
f 1311/1404 1415/1508 1401/1494 1308/1401
f 1415/1508 1409/1502 1402/1495 1401/1494
f 1416/1509 1414/1507 1409/1502 1415/1508
f 1313/1406 1416/1509 1415/1508 1311/1404
f 1322/1415 1417/1510 1416/1509 1313/1406
f 1417/1510 1418/1511 1414/1507 1416/1509
f 1419/1512 1420/1513 1418/1511 1417/1510
f 1324/1417 1419/1512 1417/1510 1322/1415
f 1418/1511 1421/1514 1412/1505 1414/1507
f 1421/1514 1422/1515 1413/1506 1412/1505
f 1423/1516 1424/1517 1422/1515 1421/1514
f 1420/1513 1423/1516 1421/1514 1418/1511
f 1425/1518 1426/1519 1423/1516 1420/1513
f 1426/1519 1427/1520 1424/1517 1423/1516
f 1428/1521 1429/1522 1427/1520 1426/1519
f 1430/1523 1428/1521 1426/1519 1425/1518
f 1327/1420 1431/1524 1419/1512 1324/1417
f 1431/1524 1425/1518 1420/1513 1419/1512
f 1432/1525 1430/1523 1425/1518 1431/1524
f 1329/1422 1432/1525 1431/1524 1327/1420
f 1340/1433 1433/1526 1434/1527 1338/1431
f 1338/1431 1434/1527 1432/1525 1329/1422
f 1434/1527 1435/1528 1430/1523 1432/1525
f 1433/1526 1436/1529 1435/1528 1434/1527
f 1437/1530 1428/1521 1430/1523 1435/1528
f 1437/1530 1438/1531 1429/1522 1428/1521
f 1439/1532 1440/1533 1438/1531 1437/1530
f 1436/1529 1439/1532 1437/1530 1435/1528
f 1441/1534 1439/1532 1436/1529 1442/1535
f 1441/1534 1443/1536 1440/1533 1439/1532
f 1444/1537 1443/1536 1441/1534 1445/1538
f 1446/1539 1445/1538 1441/1534 1442/1535
f 1447/1540 1433/1526 1340/1433 1343/1436
f 1447/1540 1442/1535 1436/1529 1433/1526
f 1448/1541 1446/1539 1442/1535 1447/1540
f 1345/1438 1448/1541 1447/1540 1343/1436
f 1357/1450 1449/1542 1450/1543 1358/1451
f 1449/1542 1451/1544 1452/1545 1450/1543
f 1453/1546 1454/1547 1451/1544 1449/1542
f 1360/1453 1453/1546 1449/1542 1357/1450
f 1451/1544 1455/1548 1456/1549 1452/1545
f 1455/1548 1457/1550 1458/1551 1456/1549
f 1459/1552 1460/1553 1457/1550 1455/1548
f 1454/1547 1459/1552 1455/1548 1451/1544
f 1461/1554 1462/1555 1459/1552 1454/1547
f 1462/1555 1463/1556 1460/1553 1459/1552
f 1464/1557 1465/1558 1463/1556 1462/1555
f 1466/1559 1464/1557 1462/1555 1461/1554
f 1363/1456 1467/1560 1453/1546 1360/1453
f 1467/1560 1461/1554 1454/1547 1453/1546
f 1468/1561 1466/1559 1461/1554 1467/1560
f 1365/1458 1468/1561 1467/1560 1363/1456
f 1374/1467 1469/1562 1468/1561 1365/1458
f 1469/1562 1470/1563 1466/1559 1468/1561
f 1471/1564 1472/1565 1470/1563 1469/1562
f 1376/1469 1471/1564 1469/1562 1374/1467
f 1470/1563 1473/1566 1464/1557 1466/1559
f 1473/1566 1474/1567 1465/1558 1464/1557
f 1475/1568 1476/1569 1474/1567 1473/1566
f 1472/1565 1475/1568 1473/1566 1470/1563
f 1477/1570 1478/1571 1475/1568 1472/1565
f 1478/1571 1479/1572 1476/1569 1475/1568
f 1480/1573 1481/1574 1479/1572 1478/1571
f 1482/1575 1480/1573 1478/1571 1477/1570
f 1483/1576 1484/1577 1379/1472 1381/1474
f 1379/1472 1484/1577 1471/1564 1376/1469
f 1484/1577 1477/1570 1472/1565 1471/1564
f 1483/1576 1482/1575 1477/1570 1484/1577
f 1390/1483 1485/1578 1483/1576 1381/1474
f 1485/1578 1486/1579 1482/1575 1483/1576
f 1487/1580 1486/1579 1485/1578 1488/1581
f 1488/1581 1485/1578 1390/1483 1391/1484
f 1487/1580 1489/1582 1490/1583 1486/1579
f 1490/1583 1480/1573 1482/1575 1486/1579
f 1490/1583 1491/1584 1481/1574 1480/1573
f 1489/1582 1492/1585 1491/1584 1490/1583
f 1493/1586 1489/1582 1487/1580 1494/1587
f 1493/1586 1495/1588 1492/1585 1489/1582
f 1404/1497 1406/1499 1495/1588 1493/1586
f 1400/1493 1404/1497 1493/1586 1494/1587
f 1398/1491 1496/1589 1395/1488 1306/1399
f 1395/1488 1496/1589 1488/1581 1391/1484
f 1496/1589 1494/1587 1487/1580 1488/1581
f 1398/1491 1400/1493 1494/1587 1496/1589
f 1408/1501 1497/1590 1498/1591 1405/1498
f 1498/1591 1499/1592 1406/1499 1405/1498
f 1498/1591 1500/1593 1501/1594 1499/1592
f 1497/1590 1502/1595 1500/1593 1498/1591
f 1503/1596 1504/1597 1501/1594 1500/1593
f 1503/1596 1505/1598 1506/1599 1504/1597
f 1507/1600 1508/1601 1505/1598 1503/1596
f 1502/1595 1507/1600 1503/1596 1500/1593
f 1509/1602 1507/1600 1502/1595 1510/1603
f 1509/1602 1511/1604 1508/1601 1507/1600
f 1512/1605 1513/1606 1511/1604 1509/1602
f 1514/1607 1512/1605 1509/1602 1510/1603
f 1515/1608 1497/1590 1408/1501 1411/1504
f 1515/1608 1510/1603 1502/1595 1497/1590
f 1516/1609 1514/1607 1510/1603 1515/1608
f 1413/1506 1516/1609 1515/1608 1411/1504
f 1424/1517 1517/1610 1518/1611 1422/1515
f 1422/1515 1518/1611 1516/1609 1413/1506
f 1518/1611 1519/1612 1514/1607 1516/1609
f 1517/1610 1520/1613 1519/1612 1518/1611
f 1521/1614 1512/1605 1514/1607 1519/1612
f 1521/1614 1522/1615 1513/1606 1512/1605
f 1523/1616 1524/1617 1522/1615 1521/1614
f 1520/1613 1523/1616 1521/1614 1519/1612
f 1525/1618 1523/1616 1520/1613 1526/1619
f 1525/1618 1527/1620 1524/1617 1523/1616
f 1528/1621 1527/1620 1525/1618 1529/1622
f 1530/1623 1529/1622 1525/1618 1526/1619
f 1427/1520 1531/1624 1517/1610 1424/1517
f 1531/1624 1526/1619 1520/1613 1517/1610
f 1532/1625 1530/1623 1526/1619 1531/1624
f 1429/1522 1532/1625 1531/1624 1427/1520
f 1440/1533 1533/1626 1534/1627 1438/1531
f 1534/1627 1532/1625 1429/1522 1438/1531
f 1534/1627 1535/1628 1530/1623 1532/1625
f 1536/1629 1535/1628 1534/1627 1533/1626
f 1536/1629 1537/1630 1538/1631 1535/1628
f 1538/1631 1529/1622 1530/1623 1535/1628
f 1539/1632 1528/1621 1529/1622 1538/1631
f 1540/1633 1539/1632 1538/1631 1537/1630
f 1541/1634 1542/1635 1543/1636 1544/1637
f 1543/1636 1537/1630 1536/1629 1544/1637
f 1545/1638 1540/1633 1537/1630 1543/1636
f 1546/1639 1545/1638 1543/1636 1542/1635
f 1547/1640 1533/1626 1440/1533 1443/1536
f 1544/1637 1536/1629 1533/1626 1547/1640
f 1541/1634 1544/1637 1547/1640 1548/1641
f 1444/1537 1548/1641 1547/1640 1443/1536
f 1460/1553 1549/1642 1550/1643 1457/1550
f 1457/1550 1550/1643 1551/1644 1458/1551
f 1550/1643 1552/1645 1553/1646 1551/1644
f 1549/1642 1554/1647 1552/1645 1550/1643
f 1555/1648 1556/1649 1553/1646 1552/1645
f 1555/1648 1557/1650 1558/1651 1556/1649
f 1559/1652 1560/1653 1557/1650 1555/1648
f 1554/1647 1559/1652 1555/1648 1552/1645
f 1561/1654 1559/1652 1554/1647 1562/1655
f 1561/1654 1563/1656 1560/1653 1559/1652
f 1564/1657 1565/1658 1563/1656 1561/1654
f 1566/1659 1564/1657 1561/1654 1562/1655
f 1567/1660 1549/1642 1460/1553 1463/1556
f 1567/1660 1562/1655 1554/1647 1549/1642
f 1568/1661 1566/1659 1562/1655 1567/1660
f 1465/1558 1568/1661 1567/1660 1463/1556
f 1476/1569 1569/1662 1570/1663 1474/1567
f 1570/1663 1568/1661 1465/1558 1474/1567
f 1570/1663 1571/1664 1566/1659 1568/1661
f 1569/1662 1572/1665 1571/1664 1570/1663
f 1573/1666 1564/1657 1566/1659 1571/1664
f 1573/1666 1574/1667 1565/1658 1564/1657
f 1575/1668 1576/1669 1574/1667 1573/1666
f 1572/1665 1575/1668 1573/1666 1571/1664
f 1577/1670 1575/1668 1572/1665 1578/1671
f 1577/1670 1579/1672 1576/1669 1575/1668
f 1580/1673 1581/1674 1579/1672 1577/1670
f 1582/1675 1580/1673 1577/1670 1578/1671
f 1583/1676 1569/1662 1476/1569 1479/1572
f 1583/1676 1578/1671 1572/1665 1569/1662
f 1584/1677 1582/1675 1578/1671 1583/1676
f 1481/1574 1584/1677 1583/1676 1479/1572
f 1492/1585 1585/1678 1586/1679 1491/1584
f 1586/1679 1584/1677 1481/1574 1491/1584
f 1586/1679 1587/1680 1582/1675 1584/1677
f 1585/1678 1588/1681 1587/1680 1586/1679
f 1589/1682 1580/1673 1582/1675 1587/1680
f 1589/1682 1590/1683 1581/1674 1580/1673
f 1591/1684 1592/1685 1590/1683 1589/1682
f 1588/1681 1591/1684 1589/1682 1587/1680
f 1593/1686 1591/1684 1588/1681 1594/1687
f 1593/1686 1595/1688 1592/1685 1591/1684
f 1504/1597 1506/1599 1595/1688 1593/1686
f 1501/1594 1504/1597 1593/1686 1594/1687
f 1596/1689 1585/1678 1492/1585 1495/1588
f 1596/1689 1594/1687 1588/1681 1585/1678
f 1499/1592 1501/1594 1594/1687 1596/1689
f 1406/1499 1499/1592 1596/1689 1495/1588
f 1597/1690 1598/1691 1599/1692 1600/1693
f 1598/1691 1505/1598 1508/1601 1599/1692
f 1601/1694 1506/1599 1505/1598 1598/1691
f 1602/1695 1601/1694 1598/1691 1597/1690
f 1603/1696 1604/1697 1605/1698 1606/1699
f 1605/1698 1604/1697 1607/1700 1608/1701
f 1604/1697 1597/1690 1600/1693 1607/1700
f 1603/1696 1602/1695 1597/1690 1604/1697
f 1609/1702 1610/1703 1611/1704 1612/1705
f 1610/1703 1613/1706 1614/1707 1611/1704
f 1607/1700 1600/1693 1613/1706 1610/1703
f 1607/1700 1610/1703 1609/1702 1608/1701
f 1613/1706 1615/1708 1616/1709 1614/1707
f 1615/1708 1511/1604 1513/1606 1616/1709
f 1599/1692 1508/1601 1511/1604 1615/1708
f 1600/1693 1599/1692 1615/1708 1613/1706
f 1617/1710 1618/1711 1619/1712 1620/1713
f 1618/1711 1522/1615 1524/1617 1619/1712
f 1616/1709 1513/1606 1522/1615 1618/1711
f 1614/1707 1616/1709 1618/1711 1617/1710
f 1611/1704 1621/1714 2383/1715 1612/1705
f 2383/1715 1621/1714 1623/1716 2378/1717
f 1621/1714 1617/1710 1620/1713 1623/1716
f 1611/1704 1614/1707 1617/1710 1621/1714
f 2379/1718 1626/1719 1627/1720 2380/1721
f 1626/1719 1629/1722 1630/1723 1627/1720
f 1623/1716 1620/1713 1629/1722 1626/1719
f 1623/1716 1626/1719 2379/1718 2378/1717
f 1629/1722 1631/1724 1632/1725 1630/1723
f 1631/1724 1527/1620 1528/1621 1632/1725
f 1619/1712 1524/1617 1527/1620 1631/1724
f 1620/1713 1619/1712 1631/1724 1629/1722
f 1633/1726 1634/1727 1635/1728 1636/1729
f 1634/1727 1539/1632 1540/1633 1635/1728
f 1632/1725 1528/1621 1539/1632 1634/1727
f 1630/1723 1632/1725 1634/1727 1633/1726
f 1627/1720 1637/1730 2375/1731 2380/1721
f 2375/1731 1637/1730 1639/1732 2369/1733
f 1637/1730 1633/1726 1636/1729 1639/1732
f 1627/1720 1630/1723 1633/1726 1637/1730
f 2370/1734 1642/1735 2382/1736 2371/1737
f 1642/1735 1645/1738 2381/1739 2382/1736
f 1639/1732 1636/1729 1645/1738 1642/1735
f 2369/1733 1639/1732 1642/1735 2370/1734
f 1647/1740 1648/1741 2381/1739 1645/1738
f 1647/1740 1545/1638 1546/1639 1648/1741
f 1635/1728 1540/1633 1545/1638 1647/1740
f 1636/1729 1635/1728 1647/1740 1645/1738
f 1649/1742 1650/1743 1651/1744 1652/1745
f 1650/1743 1653/1746 1654/1747 1651/1744
f 1557/1650 1560/1653 1653/1746 1650/1743
f 1558/1651 1557/1650 1650/1743 1649/1742
f 1655/1748 1656/1749 1657/1750 1658/1751
f 1656/1749 1659/1752 1660/1753 1657/1750
f 1651/1744 1654/1747 1659/1752 1656/1749
f 1652/1745 1651/1744 1656/1749 1655/1748
f 1661/1754 1662/1755 1663/1756 1664/1757
f 1665/1758 1666/1759 1662/1755 1661/1754
f 1654/1747 1665/1758 1661/1754 1659/1752
f 1659/1752 1661/1754 1664/1757 1660/1753
f 1653/1746 1667/1760 1665/1758 1654/1747
f 1667/1760 1668/1761 1666/1759 1665/1758
f 1565/1658 1668/1761 1667/1760 1563/1656
f 1560/1653 1563/1656 1667/1760 1653/1746
f 1668/1761 1669/1762 1670/1763 1666/1759
f 1669/1762 1671/1764 1672/1765 1670/1763
f 1576/1669 1671/1764 1669/1762 1574/1667
f 1565/1658 1574/1667 1669/1762 1668/1761
f 1662/1755 1673/1766 2377/1767 1663/1756
f 1673/1766 1675/1768 1676/1769 2377/1767
f 1670/1763 1672/1765 1675/1768 1673/1766
f 1666/1759 1670/1763 1673/1766 1662/1755
f 1677/1770 1678/1771 1679/1772 1680/1773
f 1681/1774 1682/1775 1679/1772 1678/1771
f 1672/1765 1681/1774 1678/1771 1675/1768
f 1675/1768 1678/1771 1677/1770 1676/1769
f 1671/1764 1683/1776 1681/1774 1672/1765
f 1683/1776 1684/1777 1682/1775 1681/1774
f 1581/1674 1684/1777 1683/1776 1579/1672
f 1683/1776 1671/1764 1576/1669 1579/1672
f 1685/1778 1686/1779 1687/1780 1688/1781
f 1592/1685 1686/1779 1685/1778 1590/1683
f 1685/1778 1684/1777 1581/1674 1590/1683
f 1682/1775 1684/1777 1685/1778 1688/1781
f 1679/1772 1689/1782 2372/1783 1680/1773
f 2372/1783 1689/1782 1691/1784 2373/1785
f 1689/1782 1688/1781 1687/1780 1691/1784
f 1682/1775 1688/1781 1689/1782 1679/1772
f 2374/1786 1694/1787 1603/1696 1606/1699
f 1694/1787 1695/1788 1602/1695 1603/1696
f 1691/1784 1687/1780 1695/1788 1694/1787
f 1691/1784 1694/1787 2374/1786 2373/1785
f 1695/1788 1696/1789 1601/1694 1602/1695
f 1506/1599 1601/1694 1696/1789 1595/1688
f 1696/1789 1686/1779 1592/1685 1595/1688
f 1687/1780 1686/1779 1696/1789 1695/1788
f 1697/1790 1698/1791 1699/1792 1700/1793
f 1698/1791 1701/1794 1702/1795 1699/1792
f 1703/1796 1704/1797 1701/1794 1698/1791
f 1705/1798 1703/1796 1698/1791 1697/1790
f 1701/1794 1706/1799 1707/1800 1702/1795
f 1706/1799 1708/1801 1709/1802 1707/1800
f 1710/1803 1711/1804 1708/1801 1706/1799
f 1704/1797 1710/1803 1706/1799 1701/1794
f 1712/1805 1713/1806 1710/1803 1704/1797
f 1713/1806 1714/1807 1711/1804 1710/1803
f 1715/1808 1716/1809 1714/1807 1713/1806
f 1717/1810 1715/1808 1713/1806 1712/1805
f 1718/1811 1719/1812 1703/1796 1705/1798
f 1719/1812 1712/1805 1704/1797 1703/1796
f 1720/1813 1717/1810 1712/1805 1719/1812
f 1721/1814 1720/1813 1719/1812 1718/1811
f 1708/1801 1722/1815 1723/1816 1709/1802
f 1722/1815 1724/1817 1725/1818 1723/1816
f 1726/1819 1727/1820 1724/1817 1722/1815
f 1711/1804 1726/1819 1722/1815 1708/1801
f 1724/1817 1728/1821 1729/1822 1725/1818
f 1728/1821 1730/1823 1731/1824 1729/1822
f 1732/1825 1733/1826 1730/1823 1728/1821
f 1727/1820 1732/1825 1728/1821 1724/1817
f 1734/1827 1735/1828 1732/1825 1727/1820
f 1735/1828 1736/1829 1733/1826 1732/1825
f 1737/1830 1738/1831 1736/1829 1735/1828
f 1739/1832 1737/1830 1735/1828 1734/1827
f 1714/1807 1740/1833 1726/1819 1711/1804
f 1740/1833 1734/1827 1727/1820 1726/1819
f 1741/1834 1739/1832 1734/1827 1740/1833
f 1716/1809 1741/1834 1740/1833 1714/1807
f 1730/1823 1742/1835 1743/1836 1731/1824
f 1742/1835 1744/1837 1745/1838 1743/1836
f 1746/1839 1747/1840 1744/1837 1742/1835
f 1733/1826 1746/1839 1742/1835 1730/1823
f 1744/1837 1748/1841 1749/1842 1745/1838
f 1748/1841 1035/1128 1036/1129 1749/1842
f 1750/1120 1032/1125 1035/1128 1748/1127
f 1747/1840 1750/1120 1748/1127 1744/1837
f 1751/1843 1752/1844 1750/1120 1747/1840
f 1750/1120 1752/1844 1030/1123 1032/1125
f 1753/1122 1031/1124 1030/1123 1752/1121
f 1754/1845 1753/1122 1752/1121 1751/1843
f 1736/1829 1755/1846 1746/1839 1733/1826
f 1755/1846 1751/1843 1747/1840 1746/1839
f 1756/1847 1754/1845 1751/1843 1755/1846
f 1738/1831 1756/1847 1755/1846 1736/1829
f 1757/1848 1758/1849 1759/1850 1760/1851
f 1760/1851 1759/1850 1761/1852 1762/1853
f 1763/1854 1764/1855 1761/1852 1759/1850
f 1765/1856 1763/1854 1759/1850 1758/1849
f 1761/1852 1766/1857 1767/1858 1762/1853
f 1766/1857 1768/1859 1769/1860 1767/1858
f 1770/1861 1771/1862 1768/1859 1766/1857
f 1764/1855 1770/1861 1766/1857 1761/1852
f 1772/1863 1773/1864 1770/1861 1764/1855
f 1773/1864 1774/1865 1771/1862 1770/1861
f 1775/1866 1776/1867 1774/1865 1773/1864
f 1777/1868 1775/1866 1773/1864 1772/1863
f 1778/1869 1779/1870 1763/1854 1765/1856
f 1779/1870 1772/1863 1764/1855 1763/1854
f 1780/1871 1777/1868 1772/1863 1779/1870
f 1781/1872 1780/1871 1779/1870 1778/1869
f 1768/1859 1782/1873 1783/1874 1769/1860
f 1782/1873 1784/1875 1785/1876 1783/1874
f 1786/1877 1787/1878 1784/1875 1782/1873
f 1771/1862 1786/1877 1782/1873 1768/1859
f 1784/1875 1788/1879 1789/1880 1785/1876
f 1788/1879 1790/1881 1791/1882 1789/1880
f 1792/1883 1793/1884 1790/1881 1788/1879
f 1787/1878 1792/1883 1788/1879 1784/1875
f 1794/1885 1795/1886 1792/1883 1787/1878
f 1795/1886 1796/1887 1793/1884 1792/1883
f 1797/1888 1798/1889 1796/1887 1795/1886
f 1799/1890 1797/1888 1795/1886 1794/1885
f 1774/1865 1800/1891 1786/1877 1771/1862
f 1800/1891 1794/1885 1787/1878 1786/1877
f 1801/1892 1799/1890 1794/1885 1800/1891
f 1776/1867 1801/1892 1800/1891 1774/1865
f 1790/1881 1802/1893 1803/1894 1791/1882
f 1802/1893 1804/1895 1805/1896 1803/1894
f 1806/1897 1807/1898 1804/1895 1802/1893
f 1793/1884 1806/1897 1802/1893 1790/1881
f 1804/1895 1808/1899 1809/1900 1805/1896
f 1808/1899 1697/1790 1700/1793 1809/1900
f 1810/1901 1705/1798 1697/1790 1808/1899
f 1807/1898 1810/1901 1808/1899 1804/1895
f 1811/1902 1812/1903 1810/1901 1807/1898
f 1812/1903 1718/1811 1705/1798 1810/1901
f 1813/1904 1721/1814 1718/1811 1812/1903
f 1814/1905 1813/1904 1812/1903 1811/1902
f 1796/1887 1815/1906 1806/1897 1793/1884
f 1815/1906 1811/1902 1807/1898 1806/1897
f 1816/1907 1814/1905 1811/1902 1815/1906
f 1798/1889 1816/1907 1815/1906 1796/1887
f 1817/1908 1818/1909 1717/1810 1720/1813
f 1819/1910 1820/1911 1818/1909 1817/1908
f 1821/1912 1819/1910 1817/1908 1822/1913
f 1822/1913 1817/1908 1720/1813 1721/1814
f 1818/1909 1823/1914 1715/1808 1717/1810
f 1823/1914 1824/1915 1716/1809 1715/1808
f 1825/1916 1826/1917 1824/1915 1823/1914
f 1820/1911 1825/1916 1823/1914 1818/1909
f 1820/1911 1827/1918 1828/1919 1825/1916
f 1828/1919 1829/1920 1826/1917 1825/1916
f 1830/1921 1831/1922 1829/1920 1828/1919
f 1832/1923 1830/1921 1828/1919 1827/1918
f 1833/1924 1834/1925 1819/1910 1821/1912
f 1834/1925 1827/1918 1820/1911 1819/1910
f 1835/1926 1832/1923 1827/1918 1834/1925
f 1836/1927 1835/1926 1834/1925 1833/1924
f 1824/1915 1837/1928 1741/1834 1716/1809
f 1837/1928 1838/1929 1739/1832 1741/1834
f 1839/1930 1840/1931 1838/1929 1837/1928
f 1826/1917 1839/1930 1837/1928 1824/1915
f 1841/1932 1842/1933 1738/1831 1737/1830
f 1843/1934 1844/1935 1842/1933 1841/1932
f 1840/1931 1843/1934 1841/1932 1838/1929
f 1838/1929 1841/1932 1737/1830 1739/1832
f 1845/1936 1846/1937 1843/1934 1840/1931
f 1843/1934 1846/1937 1847/1938 1844/1935
f 1848/1939 1849/1940 1847/1938 1846/1937
f 1850/1941 1848/1939 1846/1937 1845/1936
f 1826/1917 1829/1920 1851/1942 1839/1930
f 1851/1942 1845/1936 1840/1931 1839/1930
f 1852/1943 1850/1941 1845/1936 1851/1942
f 1831/1922 1852/1943 1851/1942 1829/1920
f 1842/1933 1853/1944 1756/1847 1738/1831
f 1756/1847 1853/1944 1854/1945 1754/1845
f 1855/1946 1856/1947 1854/1945 1853/1944
f 1844/1935 1855/1946 1853/1944 1842/1933
f 1753/1122 1857/1241 1147/1240 1031/1124
f 1858/1234 1146/1239 1147/1240 1857/1241
f 1856/1947 1858/1234 1857/1241 1854/1945
f 1854/1945 1857/1241 1753/1122 1754/1845
f 1859/1948 1860/1949 1858/1234 1856/1947
f 1858/1234 1860/1949 1144/1237 1146/1239
f 1861/1236 1145/1238 1144/1237 1860/1235
f 1862/1950 1861/1236 1860/1235 1859/1948
f 1847/1938 1863/1951 1855/1946 1844/1935
f 1855/1946 1863/1951 1859/1948 1856/1947
f 1864/1952 1862/1950 1859/1948 1863/1951
f 1849/1940 1864/1952 1863/1951 1847/1938
f 1865/1953 1866/1954 1780/1871 1781/1872
f 1866/1954 1867/1955 1777/1868 1780/1871
f 1868/1956 1869/1957 1867/1955 1866/1954
f 1870/1958 1868/1956 1866/1954 1865/1953
f 1867/1955 1871/1959 1775/1866 1777/1868
f 1871/1959 1872/1960 1776/1867 1775/1866
f 1873/1961 1874/1962 1872/1960 1871/1959
f 1869/1957 1873/1961 1871/1959 1867/1955
f 1875/1963 1876/1964 1873/1961 1869/1957
f 1876/1964 1877/1965 1874/1962 1873/1961
f 1878/1966 1879/1967 1877/1965 1876/1964
f 1880/1968 1878/1966 1876/1964 1875/1963
f 1881/1969 1882/1970 1868/1956 1870/1958
f 1882/1970 1875/1963 1869/1957 1868/1956
f 1883/1971 1880/1968 1875/1963 1882/1970
f 1884/1972 1883/1971 1882/1970 1881/1969
f 1872/1960 1885/1973 1801/1892 1776/1867
f 1885/1973 1886/1974 1799/1890 1801/1892
f 1887/1975 1888/1976 1886/1974 1885/1973
f 1874/1962 1887/1975 1885/1973 1872/1960
f 1886/1974 1889/1977 1797/1888 1799/1890
f 1889/1977 1890/1978 1798/1889 1797/1888
f 1891/1979 1892/1980 1890/1978 1889/1977
f 1888/1976 1891/1979 1889/1977 1886/1974
f 1893/1981 1894/1982 1891/1979 1888/1976
f 1894/1982 1895/1983 1892/1980 1891/1979
f 1896/1984 1897/1985 1895/1983 1894/1982
f 1898/1986 1896/1984 1894/1982 1893/1981
f 1877/1965 1899/1987 1887/1975 1874/1962
f 1899/1987 1893/1981 1888/1976 1887/1975
f 1900/1988 1898/1986 1893/1981 1899/1987
f 1879/1967 1900/1988 1899/1987 1877/1965
f 1890/1978 1901/1989 1816/1907 1798/1889
f 1901/1989 1902/1990 1814/1905 1816/1907
f 1903/1991 1904/1992 1902/1990 1901/1989
f 1892/1980 1903/1991 1901/1989 1890/1978
f 1902/1990 1905/1993 1813/1904 1814/1905
f 1905/1993 1822/1913 1721/1814 1813/1904
f 1906/1994 1821/1912 1822/1913 1905/1993
f 1904/1992 1906/1994 1905/1993 1902/1990
f 1907/1995 1908/1996 1906/1994 1904/1992
f 1908/1996 1833/1924 1821/1912 1906/1994
f 1909/1997 1836/1927 1833/1924 1908/1996
f 1910/1998 1909/1997 1908/1996 1907/1995
f 1895/1983 1911/1999 1903/1991 1892/1980
f 1911/1999 1907/1995 1904/1992 1903/1991
f 1912/2000 1910/1998 1907/1995 1911/1999
f 1897/1985 1912/2000 1911/1999 1895/1983
f 1913/2001 1914/2002 1835/1926 1836/1927
f 1914/2002 1915/2003 1832/1923 1835/1926
f 1916/2004 1917/2005 1915/2003 1914/2002
f 1918/2006 1916/2004 1914/2002 1913/2001
f 1915/2003 1919/2007 1830/1921 1832/1923
f 1919/2007 1920/2008 1831/1922 1830/1921
f 1921/2009 1922/2010 1920/2008 1919/2007
f 1917/2005 1921/2009 1919/2007 1915/2003
f 1923/2011 1924/2012 1921/2009 1917/2005
f 1921/2009 1924/2012 1925/2013 1922/2010
f 1926/2014 1927/2015 1925/2013 1924/2012
f 1928/2016 1926/2014 1924/2012 1923/2011
f 1918/2006 1929/2017 1930/2018 1916/2004
f 1930/2018 1923/2011 1917/2005 1916/2004
f 1931/2019 1928/2016 1923/2011 1930/2018
f 1932/2020 1931/2019 1930/2018 1929/2017
f 1920/2008 1933/2021 1852/1943 1831/1922
f 1933/2021 1934/2022 1850/1941 1852/1943
f 1935/2023 1936/2024 1934/2022 1933/2021
f 1922/2010 1935/2023 1933/2021 1920/2008
f 1934/2022 1937/2025 1848/1939 1850/1941
f 1937/2025 1938/2026 1849/1940 1848/1939
f 1939/2027 1940/2028 1938/2026 1937/2025
f 1936/2024 1939/2027 1937/2025 1934/2022
f 1941/2029 1942/2030 1939/2027 1936/2024
f 1939/2027 1942/2030 1943/2031 1940/2028
f 1944/2032 1945/2033 1943/2031 1942/2030
f 1946/2034 1944/2032 1942/2030 1941/2029
f 1925/2013 1947/2035 1935/2023 1922/2010
f 1935/2023 1947/2035 1941/2029 1936/2024
f 1948/2036 1946/2034 1941/2029 1947/2035
f 1927/2015 1948/2036 1947/2035 1925/2013
f 1938/2026 1949/2037 1864/1952 1849/1940
f 1949/2037 1950/2038 1862/1950 1864/1952
f 1951/2039 1952/2040 1950/2038 1949/2037
f 1940/2028 1951/2039 1949/2037 1938/2026
f 1950/2038 1953/2041 1861/1236 1862/1950
f 1953/2041 1248/1341 1145/1238 1861/1236
f 1954/1334 1246/1339 1248/1341 1953/1340
f 1952/2040 1954/1334 1953/1340 1950/2038
f 1955/2042 1956/2043 1954/1334 1952/2040
f 1954/1334 1956/2043 1244/1337 1246/1339
f 1957/1336 1245/1338 1244/1337 1956/1335
f 1958/2044 1957/1336 1956/1335 1955/2042
f 1943/2031 1959/2045 1951/2039 1940/2028
f 1951/2039 1959/2045 1955/2042 1952/2040
f 1960/2046 1958/2044 1955/2042 1959/2045
f 1945/2033 1960/2046 1959/2045 1943/2031
f 1961/2047 1962/2048 1883/1971 1884/1972
f 1962/2048 1963/2049 1880/1968 1883/1971
f 1964/2050 1965/2051 1963/2049 1962/2048
f 1966/2052 1964/2050 1962/2048 1961/2047
f 1963/2049 1967/2053 1878/1966 1880/1968
f 1967/2053 1968/2054 1879/1967 1878/1966
f 1969/2055 1970/2056 1968/2054 1967/2053
f 1965/2051 1969/2055 1967/2053 1963/2049
f 1971/2057 1972/2058 1969/2055 1965/2051
f 1972/2058 1973/2059 1970/2056 1969/2055
f 1974/2060 1975/2061 1973/2059 1972/2058
f 1976/2062 1974/2060 1972/2058 1971/2057
f 1977/2063 1978/2064 1964/2050 1966/2052
f 1978/2064 1971/2057 1965/2051 1964/2050
f 1979/2065 1976/2062 1971/2057 1978/2064
f 1980/2066 1979/2065 1978/2064 1977/2063
f 1968/2054 1981/2067 1900/1988 1879/1967
f 1981/2067 1982/2068 1898/1986 1900/1988
f 1983/2069 1984/2070 1982/2068 1981/2067
f 1970/2056 1983/2069 1981/2067 1968/2054
f 1982/2068 1985/2071 1896/1984 1898/1986
f 1985/2071 1986/2072 1897/1985 1896/1984
f 1987/2073 1988/2074 1986/2072 1985/2071
f 1984/2070 1987/2073 1985/2071 1982/2068
f 1989/2075 1990/2076 1987/2073 1984/2070
f 1990/2076 1991/2077 1988/2074 1987/2073
f 1992/2078 1993/2079 1991/2077 1990/2076
f 1994/2080 1992/2078 1990/2076 1989/2075
f 1973/2059 1995/2081 1983/2069 1970/2056
f 1995/2081 1989/2075 1984/2070 1983/2069
f 1996/2082 1994/2080 1989/2075 1995/2081
f 1975/2061 1996/2082 1995/2081 1973/2059
f 1997/2083 1998/2084 1910/1998 1912/2000
f 1999/2085 2000/2086 1998/2084 1997/2083
f 1988/2074 1999/2085 1997/2083 1986/2072
f 1986/2072 1997/2083 1912/2000 1897/1985
f 1998/2084 2001/2087 1909/1997 1910/1998
f 2001/2087 1913/2001 1836/1927 1909/1997
f 2002/2088 1918/2006 1913/2001 2001/2087
f 2000/2086 2002/2088 2001/2087 1998/2084
f 2000/2086 2003/2089 2004/2090 2002/2088
f 2004/2090 1929/2017 1918/2006 2002/2088
f 2005/2091 1932/2020 1929/2017 2004/2090
f 2006/2092 2005/2091 2004/2090 2003/2089
f 1991/2077 2007/2093 1999/2085 1988/2074
f 2007/2093 2003/2089 2000/2086 1999/2085
f 2008/2094 2006/2092 2003/2089 2007/2093
f 1993/2079 2008/2094 2007/2093 1991/2077
f 2009/2095 2010/2096 1931/2019 1932/2020
f 2010/2096 2011/2097 1928/2016 1931/2019
f 2012/2098 2013/2099 2011/2097 2010/2096
f 2014/2100 2012/2098 2010/2096 2009/2095
f 2015/2101 2016/2102 1927/2015 1926/2014
f 2017/2103 2018/2104 2016/2102 2015/2101
f 2013/2099 2017/2103 2015/2101 2011/2097
f 2011/2097 2015/2101 1926/2014 1928/2016
f 2019/2105 2020/2106 2017/2103 2013/2099
f 2020/2106 2021/2107 2018/2104 2017/2103
f 2022/2108 2023/2109 2021/2107 2020/2106
f 2024/2110 2022/2108 2020/2106 2019/2105
f 2025/2111 2026/2112 2012/2098 2014/2100
f 2026/2112 2019/2105 2013/2099 2012/2098
f 2027/2113 2024/2110 2019/2105 2026/2112
f 2028/2114 2027/2113 2026/2112 2025/2111
f 2016/2102 2029/2115 1948/2036 1927/2015
f 2029/2115 2030/2116 1946/2034 1948/2036
f 2031/2117 2032/2118 2030/2116 2029/2115
f 2018/2104 2031/2117 2029/2115 2016/2102
f 1944/2032 2033/2119 2034/2120 1945/2033
f 2035/2121 2036/2122 2034/2120 2033/2119
f 2032/2118 2035/2121 2033/2119 2030/2116
f 2030/2116 2033/2119 1944/2032 1946/2034
f 2037/2123 2038/2124 2035/2121 2032/2118
f 2038/2124 2039/2125 2036/2122 2035/2121
f 2040/2126 2041/2127 2039/2125 2038/2124
f 2042/2128 2040/2126 2038/2124 2037/2123
f 2021/2107 2043/2129 2031/2117 2018/2104
f 2043/2129 2037/2123 2032/2118 2031/2117
f 2044/2130 2042/2128 2037/2123 2043/2129
f 2023/2109 2044/2130 2043/2129 2021/2107
f 2034/2120 2045/2131 1960/2046 1945/2033
f 1960/2046 2045/2131 2046/2132 1958/2044
f 2047/2133 2048/2134 2046/2132 2045/2131
f 2036/2122 2047/2133 2045/2131 2034/2120
f 1957/1336 2049/1441 1347/1440 1245/1338
f 2050/1434 1346/1439 1347/1440 2049/1441
f 2048/2134 2050/1434 2049/1441 2046/2132
f 2046/2132 2049/1441 1957/1336 1958/2044
f 2051/2135 2052/2136 2050/1434 2048/2134
f 2050/1434 2052/2136 1344/1437 1346/1439
f 2053/1436 1345/1438 1344/1437 2052/1435
f 2054/2137 2053/1436 2052/1435 2051/2135
f 2039/2125 2055/2138 2047/2133 2036/2122
f 2055/2138 2051/2135 2048/2134 2047/2133
f 2056/2139 2054/2137 2051/2135 2055/2138
f 2041/2127 2056/2139 2055/2138 2039/2125
f 2057/2140 2058/2141 1979/2065 1980/2066
f 2058/2141 2059/2142 1976/2062 1979/2065
f 2060/2143 2061/2144 2059/2142 2058/2141
f 2062/2145 2060/2143 2058/2141 2057/2140
f 2059/2142 2063/2146 1974/2060 1976/2062
f 2063/2146 2064/2147 1975/2061 1974/2060
f 2065/2148 2066/2149 2064/2147 2063/2146
f 2061/2144 2065/2148 2063/2146 2059/2142
f 2067/2150 2068/2151 2065/2148 2061/2144
f 2068/2151 2069/2152 2066/2149 2065/2148
f 2070/2153 2071/2154 2069/2152 2068/2151
f 2072/2155 2070/2153 2068/2151 2067/2150
f 2073/2156 2074/2157 2060/2143 2062/2145
f 2074/2157 2067/2150 2061/2144 2060/2143
f 2075/2158 2072/2155 2067/2150 2074/2157
f 2076/2159 2075/2158 2074/2157 2073/2156
f 2064/2147 2077/2160 1996/2082 1975/2061
f 2077/2160 2078/2161 1994/2080 1996/2082
f 2079/2162 2080/2163 2078/2161 2077/2160
f 2066/2149 2079/2162 2077/2160 2064/2147
f 2078/2161 2081/2164 1992/2078 1994/2080
f 2081/2164 2082/2165 1993/2079 1992/2078
f 2083/2166 2084/2167 2082/2165 2081/2164
f 2080/2163 2083/2166 2081/2164 2078/2161
f 2085/2168 2086/2169 2083/2166 2080/2163
f 2086/2169 2087/2170 2084/2167 2083/2166
f 2088/2171 2089/2172 2087/2170 2086/2169
f 2090/2173 2088/2171 2086/2169 2085/2168
f 2069/2152 2091/2174 2079/2162 2066/2149
f 2091/2174 2085/2168 2080/2163 2079/2162
f 2092/2175 2090/2173 2085/2168 2091/2174
f 2071/2154 2092/2175 2091/2174 2069/2152
f 2093/2176 2094/2177 2006/2092 2008/2094
f 2095/2178 2096/2179 2094/2177 2093/2176
f 2084/2167 2095/2178 2093/2176 2082/2165
f 2082/2165 2093/2176 2008/2094 1993/2079
f 2006/2092 2094/2177 2097/2180 2005/2091
f 2097/2180 2009/2095 1932/2020 2005/2091
f 2098/2181 2014/2100 2009/2095 2097/2180
f 2096/2179 2098/2181 2097/2180 2094/2177
f 2099/2182 2100/2183 2098/2181 2096/2179
f 2098/2181 2100/2183 2025/2111 2014/2100
f 2101/2184 2028/2114 2025/2111 2100/2183
f 2099/2182 2102/2185 2101/2184 2100/2183
f 2087/2170 2103/2186 2095/2178 2084/2167
f 2095/2178 2103/2186 2099/2182 2096/2179
f 2103/2186 2104/2187 2102/2185 2099/2182
f 2089/2172 2104/2187 2103/2186 2087/2170
f 2105/2188 2106/2189 2027/2113 2028/2114
f 2106/2189 2107/2190 2024/2110 2027/2113
f 2108/2191 2109/2192 2107/2190 2106/2189
f 2110/2193 2108/2191 2106/2189 2105/2188
f 2107/2190 2111/2194 2022/2108 2024/2110
f 2111/2194 2112/2195 2023/2109 2022/2108
f 2113/2196 2114/2197 2112/2195 2111/2194
f 2109/2192 2113/2196 2111/2194 2107/2190
f 2115/2198 2116/2199 2113/2196 2109/2192
f 2116/2199 2117/2200 2114/2197 2113/2196
f 2118/2201 2119/2202 2117/2200 2116/2199
f 2120/2203 2118/2201 2116/2199 2115/2198
f 2121/2204 2122/2205 2108/2191 2110/2193
f 2122/2205 2115/2198 2109/2192 2108/2191
f 2123/2206 2120/2203 2115/2198 2122/2205
f 2124/2207 2123/2206 2122/2205 2121/2204
f 2112/2195 2125/2208 2044/2130 2023/2109
f 2125/2208 2126/2209 2042/2128 2044/2130
f 2127/2210 2128/2211 2126/2209 2125/2208
f 2114/2197 2127/2210 2125/2208 2112/2195
f 2126/2209 2129/2212 2040/2126 2042/2128
f 2129/2212 2130/2213 2041/2127 2040/2126
f 2131/2214 2132/2215 2130/2213 2129/2212
f 2128/2211 2131/2214 2129/2212 2126/2209
f 2133/2216 2134/2217 2131/2214 2128/2211
f 2134/2217 2135/2218 2132/2215 2131/2214
f 2136/2219 2137/2220 2135/2218 2134/2217
f 2138/2221 2136/2219 2134/2217 2133/2216
f 2117/2200 2139/2222 2127/2210 2114/2197
f 2139/2222 2133/2216 2128/2211 2127/2210
f 2140/2223 2138/2221 2133/2216 2139/2222
f 2119/2202 2140/2223 2139/2222 2117/2200
f 2141/2224 2142/2225 2054/2137 2056/2139
f 2143/2226 2144/2227 2142/2225 2141/2224
f 2132/2215 2143/2226 2141/2224 2130/2213
f 2130/2213 2141/2224 2056/2139 2041/2127
f 2054/2137 2142/2225 2145/2228 2053/1436
f 2145/2228 1448/1541 1345/1438 2053/1436
f 2146/1535 1446/1539 1448/1541 2145/1540
f 2144/2227 2146/1535 2145/1540 2142/2225
f 2144/2227 2147/2229 2148/2230 2146/1535
f 2148/2230 1445/1538 1446/1539 2146/1535
f 2148/2230 2149/1536 1444/1537 1445/1538
f 2150/2231 2149/1536 2148/2230 2147/2229
f 2132/2215 2135/2218 2151/2232 2143/2226
f 2151/2232 2147/2229 2144/2227 2143/2226
f 2152/2233 2150/2231 2147/2229 2151/2232
f 2137/2220 2152/2233 2151/2232 2135/2218
f 2153/2234 2154/2235 2075/2158 2076/2159
f 2154/2235 2155/2236 2072/2155 2075/2158
f 2156/2237 2157/2238 2155/2236 2154/2235
f 2158/2239 2156/2237 2154/2235 2153/2234
f 2155/2236 2159/2240 2070/2153 2072/2155
f 2159/2240 2160/2241 2071/2154 2070/2153
f 2161/2242 2162/2243 2160/2241 2159/2240
f 2157/2238 2161/2242 2159/2240 2155/2236
f 2163/2244 2164/2245 2161/2242 2157/2238
f 2164/2245 2165/2246 2162/2243 2161/2242
f 2166/2247 2167/2248 2165/2246 2164/2245
f 2168/2249 2166/2247 2164/2245 2163/2244
f 2169/2250 2170/2251 2156/2237 2158/2239
f 2170/2251 2163/2244 2157/2238 2156/2237
f 2171/2252 2168/2249 2163/2244 2170/2251
f 2172/2253 2171/2252 2170/2251 2169/2250
f 2160/2241 2173/2254 2092/2175 2071/2154
f 2173/2254 2174/2255 2090/2173 2092/2175
f 2175/2256 2176/2257 2174/2255 2173/2254
f 2162/2243 2175/2256 2173/2254 2160/2241
f 2088/2171 2177/2258 2178/2259 2089/2172
f 2179/2260 2180/2261 2178/2259 2177/2258
f 2176/2257 2179/2260 2177/2258 2174/2255
f 2174/2255 2177/2258 2088/2171 2090/2173
f 2181/2262 2182/2263 2179/2260 2176/2257
f 2182/2263 2183/2264 2180/2261 2179/2260
f 2184/2265 2185/2266 2183/2264 2182/2263
f 2186/2267 2184/2265 2182/2263 2181/2262
f 2165/2246 2187/2268 2175/2256 2162/2243
f 2187/2268 2181/2262 2176/2257 2175/2256
f 2188/2269 2186/2267 2181/2262 2187/2268
f 2167/2248 2188/2269 2187/2268 2165/2246
f 2178/2259 2189/2270 2104/2187 2089/2172
f 2104/2187 2189/2270 2190/2271 2102/2185
f 2189/2270 2191/2272 2192/2273 2190/2271
f 2180/2261 2191/2272 2189/2270 2178/2259
f 2101/2184 2193/2274 2105/2188 2028/2114
f 2194/2275 2110/2193 2105/2188 2193/2274
f 2192/2273 2194/2275 2193/2274 2190/2271
f 2190/2271 2193/2274 2101/2184 2102/2185
f 2192/2273 2195/2276 2196/2277 2194/2275
f 2196/2277 2121/2204 2110/2193 2194/2275
f 2197/2278 2124/2207 2121/2204 2196/2277
f 2198/2279 2197/2278 2196/2277 2195/2276
f 2199/2280 2195/2276 2192/2273 2191/2272
f 2200/2281 2198/2279 2195/2276 2199/2280
f 2185/2266 2200/2281 2199/2280 2183/2264
f 2180/2261 2183/2264 2199/2280 2191/2272
f 2201/2282 2202/2283 2120/2203 2123/2206
f 2203/2284 2204/2285 2202/2283 2201/2282
f 2205/2286 2203/2284 2201/2282 2206/2287
f 2124/2207 2206/2287 2201/2282 2123/2206
f 2120/2203 2202/2283 2207/2288 2118/2201
f 2207/2288 2208/2289 2119/2202 2118/2201
f 2209/2290 2210/2291 2208/2289 2207/2288
f 2204/2285 2209/2290 2207/2288 2202/2283
f 2204/2285 2211/2292 2212/2293 2209/2290
f 2212/2293 2213/2294 2210/2291 2209/2290
f 2214/2295 2215/2296 2213/2294 2212/2293
f 2216/2297 2214/2295 2212/2293 2211/2292
f 2205/2286 2217/2298 2218/2299 2203/2284
f 2218/2299 2211/2292 2204/2285 2203/2284
f 2219/2300 2216/2297 2211/2292 2218/2299
f 2220/2301 2219/2300 2218/2299 2217/2298
f 2221/2302 2222/2303 2138/2221 2140/2223
f 2223/2304 2224/2305 2222/2303 2221/2302
f 2210/2291 2223/2304 2221/2302 2208/2289
f 2208/2289 2221/2302 2140/2223 2119/2202
f 2222/2303 2225/2306 2136/2219 2138/2221
f 2225/2306 2226/2307 2137/2220 2136/2219
f 2227/2308 2228/2309 2226/2307 2225/2306
f 2224/2305 2227/2308 2225/2306 2222/2303
f 2224/2305 2229/2310 2230/2311 2227/2308
f 2230/2311 2231/2312 2228/2309 2227/2308
f 2230/2311 2232/2313 2233/2314 2231/2312
f 2234/2315 2232/2313 2230/2311 2229/2310
f 2210/2291 2213/2294 2235/2316 2223/2304
f 2235/2316 2229/2310 2224/2305 2223/2304
f 2236/2317 2234/2315 2229/2310 2235/2316
f 2215/2296 2236/2317 2235/2316 2213/2294
f 2237/2318 2238/2319 2150/2231 2152/2233
f 2237/2318 2239/2320 2240/2321 2238/2319
f 2228/2309 2239/2320 2237/2318 2226/2307
f 2137/2220 2226/2307 2237/2318 2152/2233
f 2150/2231 2238/2319 2241/2322 2149/1536
f 2241/2322 1548/1641 1444/1537 2149/1536
f 2241/2322 2242/1637 1541/1634 1548/1641
f 2238/2319 2240/2321 2242/1637 2241/2322
f 2243/1636 1542/1635 1541/1634 2242/1637
f 2243/1636 2244/1638 1546/1639 1542/1635
f 2245/2323 2246/2324 2244/1638 2243/1636
f 2240/2321 2245/2323 2243/1636 2242/1637
f 2247/2325 2245/2323 2240/2321 2239/2320
f 2247/2325 2248/2326 2246/2324 2245/2323
f 2231/2312 2233/2314 2248/2326 2247/2325
f 2228/2309 2231/2312 2247/2325 2239/2320
f 2249/2327 2250/2328 2168/2249 2171/2252
f 2251/2329 2252/2330 2250/2328 2249/2327
f 2253/2331 2251/2329 2249/2327 2254/2332
f 2254/2332 2249/2327 2171/2252 2172/2253
f 2168/2249 2250/2328 2255/2333 2166/2247
f 2255/2333 2256/2334 2167/2248 2166/2247
f 2257/2335 2258/2336 2256/2334 2255/2333
f 2252/2330 2257/2335 2255/2333 2250/2328
f 2252/2330 2259/2337 2260/2338 2257/2335
f 2260/2338 2261/2339 2258/2336 2257/2335
f 2262/2340 2263/2341 2261/2339 2260/2338
f 2264/2342 2262/2340 2260/2338 2259/2337
f 2253/2331 2265/2343 2266/2344 2251/2329
f 2266/2344 2259/2337 2252/2330 2251/2329
f 2267/2345 2264/2342 2259/2337 2266/2344
f 2268/2346 2267/2345 2266/2344 2265/2343
f 2269/2347 2270/2348 2186/2267 2188/2269
f 2271/2349 2272/2350 2270/2348 2269/2347
f 2258/2336 2271/2349 2269/2347 2256/2334
f 2167/2248 2256/2334 2269/2347 2188/2269
f 2186/2267 2270/2348 2273/2351 2184/2265
f 2273/2351 2274/2352 2185/2266 2184/2265
f 2275/2353 2276/2354 2274/2352 2273/2351
f 2272/2350 2275/2353 2273/2351 2270/2348
f 2272/2350 2277/2355 2278/2356 2275/2353
f 2278/2356 2279/2357 2276/2354 2275/2353
f 2280/2358 2281/2359 2279/2357 2278/2356
f 2282/2360 2280/2358 2278/2356 2277/2355
f 2258/2336 2261/2339 2283/2361 2271/2349
f 2283/2361 2277/2355 2272/2350 2271/2349
f 2284/2362 2282/2360 2277/2355 2283/2361
f 2263/2341 2284/2362 2283/2361 2261/2339
f 2285/2363 2286/2364 2198/2279 2200/2281
f 2287/2365 2288/2366 2286/2364 2285/2363
f 2276/2354 2287/2365 2285/2363 2274/2352
f 2185/2266 2274/2352 2285/2363 2200/2281
f 2198/2279 2286/2364 2289/2367 2197/2278
f 2289/2367 2206/2287 2124/2207 2197/2278
f 2290/2368 2205/2286 2206/2287 2289/2367
f 2288/2366 2290/2368 2289/2367 2286/2364
f 2288/2366 2291/2369 2292/2370 2290/2368
f 2292/2370 2217/2298 2205/2286 2290/2368
f 2293/2371 2220/2301 2217/2298 2292/2370
f 2294/2372 2293/2371 2292/2370 2291/2369
f 2276/2354 2279/2357 2295/2373 2287/2365
f 2295/2373 2291/2369 2288/2366 2287/2365
f 2296/2374 2294/2372 2291/2369 2295/2373
f 2281/2359 2296/2374 2295/2373 2279/2357
f 2297/2375 2298/2376 2299/2377 2300/2378
f 2298/2376 2301/2379 2302/2380 2299/2377
f 2219/2300 2220/2301 2301/2379 2298/2376
f 2216/2297 2219/2300 2298/2376 2297/2375
f 2303/2381 2304/2382 2305/2383 2306/2384
f 2304/2382 2297/2375 2300/2378 2305/2383
f 2214/2295 2216/2297 2297/2375 2304/2382
f 2215/2296 2214/2295 2304/2382 2303/2381
f 2307/2385 2308/2386 2385/2387 2384/2388
f 2385/2387 2308/2386 2309/2389 2386/2390
f 2305/2383 2300/2378 2309/2389 2308/2386
f 2306/2384 2305/2383 2308/2386 2307/2385
f 2387/2391 2310/2392 2311/2393 2388/2394
f 2299/2377 2302/2380 2311/2393 2310/2392
f 2300/2378 2299/2377 2310/2392 2309/2389
f 2309/2389 2310/2392 2387/2391 2386/2390
f 2312/2395 2313/2396 2314/2397 2315/2398
f 2313/2396 2303/2381 2306/2384 2314/2397
f 2236/2317 2215/2296 2303/2381 2313/2396
f 2234/2315 2236/2317 2313/2396 2312/2395
f 2316/2399 2317/2400 2318/2401 2319/2402
f 2317/2400 2312/2395 2315/2398 2318/2401
f 2232/2313 2234/2315 2312/2395 2317/2400
f 2233/2314 2232/2313 2317/2400 2316/2399
f 2320/2403 2321/2404 1625/2405 1628/2406
f 1625/2405 2321/2404 2322/2407 1624/2408
f 2318/2401 2315/2398 2322/2407 2321/2404
f 2319/2402 2318/2401 2321/2404 2320/2403
f 1622/2409 2323/2410 2307/2385 2384/2388
f 2314/2397 2306/2384 2307/2385 2323/2410
f 2315/2398 2314/2397 2323/2410 2322/2407
f 2322/2407 2323/2410 1622/2409 1624/2408
f 2324/2411 2325/2412 2326/2413 2327/2414
f 2325/2412 2316/2399 2319/2402 2326/2413
f 2248/2326 2233/2314 2316/2399 2325/2412
f 2246/2324 2248/2326 2325/2412 2324/2411
f 1646/2415 1648/2416 2328/2417 2329/2418
f 2328/2417 2324/2411 2327/2414 2329/2418
f 2244/1638 2246/2324 2324/2411 2328/2417
f 1546/1639 2244/1638 2328/1740 1648/1741
f 1643/2419 2330/2420 1641/2421 1644/2422
f 2330/2420 2331/2423 1640/2424 1641/2421
f 2329/2418 2327/2414 2331/2423 2330/2420
f 1646/2415 2329/2418 2330/2420 1643/2419
f 1638/2425 2332/2426 2320/2403 1628/2406
f 2326/2413 2319/2402 2320/2403 2332/2426
f 2327/2414 2326/2413 2332/2426 2331/2423
f 2331/2423 2332/2426 1638/2425 1640/2424
f 2333/2427 2334/2428 2335/2429 2336/2430
f 2334/2428 2267/2345 2268/2346 2335/2429
f 2337/2431 2264/2342 2267/2345 2334/2428
f 2338/2432 2337/2431 2334/2428 2333/2427
f 2339/2433 2340/2434 2337/2431 2338/2432
f 2340/2434 2262/2340 2264/2342 2337/2431
f 2340/2434 2341/2435 2263/2341 2262/2340
f 2342/2436 2341/2435 2340/2434 2339/2433
f 2376/2437 2343/2438 2344/2439 2389/2440
f 2389/2440 2344/2439 2345/2441 2391/2442
f 2344/2439 2339/2433 2338/2432 2345/2441
f 2343/2438 2342/2436 2339/2433 2344/2439
f 2392/2443 2346/2444 2347/2445 2394/2446
f 2346/2444 2333/2427 2336/2430 2347/2445
f 2345/2441 2338/2432 2333/2427 2346/2444
f 2391/2442 2345/2441 2346/2444 2392/2443
f 2348/2447 2349/2448 2341/2435 2342/2436
f 2349/2448 2284/2362 2263/2341 2341/2435
f 2349/2448 2350/2449 2282/2360 2284/2362
f 2351/2450 2350/2449 2349/2448 2348/2447
f 2352/2451 2353/2452 2350/2449 2351/2450
f 2282/2360 2350/2449 2353/2452 2280/2358
f 2353/2452 2354/2453 2281/2359 2280/2358
f 2355/2454 2354/2453 2353/2452 2352/2451
f 2356/2455 2357/2456 2393/2457 2390/2458
f 2393/2457 2357/2456 2358/2459 2395/2460
f 2357/2456 2352/2451 2351/2450 2358/2459
f 2356/2455 2355/2454 2352/2451 2357/2456
f 1674/2461 2359/2462 2343/2438 2376/2437
f 2359/2462 2348/2447 2342/2436 2343/2438
f 2358/2459 2351/2450 2348/2447 2359/2462
f 2395/2460 2358/2459 2359/2462 1674/2461
f 2360/2463 2361/2464 2362/2465 2363/2466
f 2362/2465 2354/2453 2355/2454 2363/2466
f 2281/2359 2354/2453 2362/2465 2296/2374
f 2362/2465 2361/2464 2294/2372 2296/2374
f 2301/2379 2364/2467 2365/2468 2302/2380
f 2364/2467 2361/2464 2360/2463 2365/2468
f 2294/2372 2361/2464 2364/2467 2293/2371
f 2364/2467 2301/2379 2220/2301 2293/2371
f 2311/2393 2366/2469 1693/2470 2388/2394
f 1693/2470 2366/2469 2367/2471 1692/2472
f 2365/2468 2360/2463 2367/2471 2366/2469
f 2302/2380 2365/2468 2366/2469 2311/2393
f 1690/2473 2368/2474 2356/2455 2390/2458
f 2368/2474 2363/2466 2355/2454 2356/2455
f 2360/2463 2363/2466 2368/2474 2367/2471
f 2367/2471 2368/2474 1690/2473 1692/2472
f 2396/2475 2397/2476 2399/2477 2398/2478
f 2400/2479 2396/2475 2398/2478 2401/2480
f 2402/2481 2400/2479 2401/2480 2403/2482
f 2404/2483 2402/2481 2403/2482 2405/2484
f 2406/2485 2404/2483 2405/2484 2407/2486
f 2408/2487 2406/2485 2407/2486 2409/2488
f 2410/2489 2408/2487 2409/2488 2411/2490
f 2412/2491 2413/2492 2410/2489 2411/2490
f 2416/2493 2415/2494 2413/2492 2412/2491
f 2417/2495 2414/2496 2415/2494 2416/2493
f 2420/2497 2419/2498 2414/2496 2417/2495
f 2421/2499 2418/2500 2419/2498 2420/2497
f 2422/2501 2423/2502 2425/2503 2424/2504
f 2426/2505 2422/2501 2424/2504 2427/2506
f 2428/2507 2426/2505 2427/2506 2429/2508
f 2430/2509 2428/2507 2429/2508 2431/2510
f 2432/2511 2430/2509 2431/2510 2433/2512
f 2434/2513 2432/2511 2433/2512 2435/2514
f 2436/2515 2434/2513 2435/2514 2437/2516
f 2438/2517 2436/2515 2437/2516 2439/2518
f 2440/2519 2438/2517 2439/2518 2441/2520
f 2442/2521 2440/2519 2441/2520 2443/2522
f 2444/2523 2442/2521 2443/2522 2445/2524
f 2397/2476 2444/2523 2445/2524 2399/2477
f 2446/2525 2449/2526 2448/2527 2447/2528
f 2447/2528 2448/2527 2401/2480 2398/2478
f 2450/2529 2447/2528 2398/2478 2399/2477
f 2451/2530 2446/2525 2447/2528 2450/2529
f 2452/2531 2455/2532 2454/2533 2453/2534
f 2454/2533 2662/2535 2456/2536 2453/2534
f 2453/2534 2456/2536 2449/2526 2446/2525
f 2452/2531 2453/2534 2446/2525 2451/2530
f 2457/2537 2661/2538 2459/2539 2458/2540
f 2458/2540 2459/2539 2461/2541 2460/2542
f 2456/2536 2458/2540 2460/2542 2449/2526
f 2456/2536 2662/2535 2457/2537 2458/2540
f 2460/2542 2461/2541 2463/2543 2462/2544
f 2462/2544 2463/2543 2405/2484 2403/2482
f 2448/2527 2462/2544 2403/2482 2401/2480
f 2449/2526 2460/2542 2462/2544 2448/2527
f 2464/2545 2467/2546 2466/2547 2465/2548
f 2465/2548 2466/2547 2409/2488 2407/2486
f 2463/2543 2465/2548 2407/2486 2405/2484
f 2461/2541 2464/2545 2465/2548 2463/2543
f 2459/2539 2661/2538 2660/2549 2468/2550
f 2660/2549 2470/2551 2469/2552 2468/2550
f 2468/2550 2469/2552 2467/2546 2464/2545
f 2459/2539 2468/2550 2464/2545 2461/2541
f 2658/2553 2473/2554 2472/2555 2471/2556
f 2471/2556 2472/2555 2475/2557 2474/2558
f 2469/2552 2471/2556 2474/2558 2467/2546
f 2469/2552 2470/2551 2658/2553 2471/2556
f 2474/2558 2475/2557 2477/2559 2476/2560
f 2476/2560 2477/2559 2412/2491 2411/2490
f 2466/2547 2476/2560 2411/2490 2409/2488
f 2467/2546 2474/2558 2476/2560 2466/2547
f 2478/2561 2481/2562 2480/2563 2479/2564
f 2479/2564 2480/2563 2417/2495 2416/2493
f 2477/2559 2479/2564 2416/2493 2412/2491
f 2475/2557 2478/2561 2479/2564 2477/2559
f 2472/2555 2473/2554 2656/2565 2482/2566
f 2656/2565 2484/2567 2483/2568 2482/2566
f 2482/2566 2483/2568 2481/2562 2478/2561
f 2472/2555 2482/2566 2478/2561 2475/2557
f 2485/2569 2487/2570 2659/2571 2486/2572
f 2486/2572 2659/2571 2489/2573 2488/2574
f 2483/2568 2486/2572 2488/2574 2481/2562
f 2484/2567 2485/2569 2486/2572 2483/2568
f 2490/2575 2488/2574 2489/2573 2491/2576
f 2490/2575 2491/2576 2421/2499 2420/2497
f 2480/2563 2490/2575 2420/2497 2417/2495
f 2481/2562 2488/2574 2490/2575 2480/2563
f 2492/2577 2495/2578 2494/2579 2493/2580
f 2493/2580 2494/2579 2497/2581 2496/2582
f 2424/2504 2493/2580 2496/2582 2427/2506
f 2425/2503 2492/2577 2493/2580 2424/2504
f 2498/2583 2665/2584 2500/2585 2499/2586
f 2499/2586 2500/2585 2502/2587 2501/2588
f 2494/2579 2499/2586 2501/2588 2497/2581
f 2495/2578 2498/2583 2499/2586 2494/2579
f 2503/2589 2663/2590 2657/2591 2504/2592
f 2505/2593 2503/2589 2504/2592 2506/2594
f 2497/2581 2501/2588 2503/2589 2505/2593
f 2501/2588 2502/2587 2663/2590 2503/2589
f 2496/2582 2497/2581 2505/2593 2507/2595
f 2507/2595 2505/2593 2506/2594 2508/2596
f 2431/2510 2429/2508 2507/2595 2508/2596
f 2427/2506 2496/2582 2507/2595 2429/2508
f 2508/2596 2506/2594 2510/2597 2509/2598
f 2509/2598 2510/2597 2512/2599 2511/2600
f 2435/2514 2433/2512 2509/2598 2511/2600
f 2431/2510 2508/2596 2509/2598 2433/2512
f 2504/2592 2657/2591 2514/2601 2513/2602
f 2513/2602 2514/2601 2516/2603 2515/2604
f 2510/2597 2513/2602 2515/2604 2512/2599
f 2506/2594 2504/2592 2513/2602 2510/2597
f 2664/2605 2519/2606 2518/2607 2517/2608
f 2520/2609 2517/2608 2518/2607 2521/2610
f 2512/2599 2515/2604 2517/2608 2520/2609
f 2515/2604 2516/2603 2664/2605 2517/2608
f 2511/2600 2512/2599 2520/2609 2522/2611
f 2522/2611 2520/2609 2521/2610 2523/2612
f 2439/2518 2437/2516 2522/2611 2523/2612
f 2522/2611 2437/2516 2435/2514 2511/2600
f 2524/2613 2527/2614 2526/2615 2525/2616
f 2443/2522 2441/2520 2524/2613 2525/2616
f 2524/2613 2441/2520 2439/2518 2523/2612
f 2521/2610 2527/2614 2524/2613 2523/2612
f 2518/2607 2519/2606 2529/2617 2528/2618
f 2529/2617 2531/2619 2530/2620 2528/2618
f 2528/2618 2530/2620 2526/2615 2527/2614
f 2521/2610 2518/2607 2528/2618 2527/2614
f 2655/2621 2455/2532 2452/2531 2532/2622
f 2532/2622 2452/2531 2451/2530 2533/2623
f 2530/2620 2532/2622 2533/2623 2526/2615
f 2530/2620 2531/2619 2655/2621 2532/2622
f 2533/2623 2451/2530 2450/2529 2534/2624
f 2399/2477 2445/2524 2534/2624 2450/2529
f 2534/2624 2445/2524 2443/2522 2525/2616
f 2526/2615 2533/2623 2534/2624 2525/2616
f 2538/2625 2536/2626 2537/2627 2539/2628
f 2540/2629 2535/2630 2536/2626 2538/2625
f 2543/2631 2542/2632 2535/2630 2540/2629
f 2544/2633 2541/2634 2542/2632 2543/2631
f 2546/2635 2547/2636 2549/2637 2548/2638
f 2550/2639 2545/2640 2546/2635 2548/2638
f 2552/2641 2551/2642 2545/2640 2550/2639
f 2539/2628 2537/2627 2551/2642 2552/2641
f 2553/2498 2418/2500 2421/2499 2554/2497
f 2555/2643 2553/2498 2554/2497 2556/2644
f 2557/2645 2555/2643 2556/2644 2558/2646
f 2547/2636 2557/2645 2558/2646 2549/2637
f 2562/2647 2560/2648 2561/2649 2563/2650
f 2564/2651 2559/2652 2560/2648 2562/2647
f 2567/2653 2566/2654 2559/2652 2564/2651
f 2568/2655 2565/2656 2566/2654 2567/2653
f 2572/2657 2570/2658 2571/2659 2573/2660
f 2574/2661 2569/2662 2570/2658 2572/2657
f 2576/2663 2575/2664 2569/2662 2574/2661
f 2563/2650 2561/2649 2575/2664 2576/2663
f 2579/2665 2578/2666 2541/2634 2544/2633
f 2580/2667 2577/2668 2578/2666 2579/2665
f 2582/2669 2581/2670 2577/2668 2580/2667
f 2573/2660 2571/2659 2581/2670 2582/2669
f 2583/2671 2586/2672 2585/2673 2584/2674
f 2584/2674 2585/2673 2588/2675 2587/2676
f 2543/2631 2584/2674 2587/2676 2544/2633
f 2540/2629 2583/2671 2584/2674 2543/2631
f 2589/2677 2592/2678 2591/2679 2590/2680
f 2590/2680 2591/2679 2586/2672 2583/2671
f 2538/2625 2590/2680 2583/2671 2540/2629
f 2539/2628 2589/2677 2590/2680 2538/2625
f 2593/2539 2661/2538 2457/2537 2594/2681
f 2457/2537 2662/2535 2595/2536 2594/2681
f 2591/2679 2594/2681 2595/2536 2586/2672
f 2592/2678 2593/2539 2594/2681 2591/2679
f 2454/2533 2455/2532 2597/2531 2596/2534
f 2585/2673 2596/2534 2597/2531 2588/2675
f 2586/2672 2595/2536 2596/2534 2585/2673
f 2595/2536 2662/2535 2454/2533 2596/2534
f 2598/2682 2601/2683 2600/2684 2599/2685
f 2599/2685 2600/2684 2592/2678 2589/2677
f 2552/2641 2599/2685 2589/2677 2539/2628
f 2550/2639 2598/2682 2599/2685 2552/2641
f 2602/2686 2605/2687 2604/2688 2603/2689
f 2603/2689 2604/2688 2601/2683 2598/2682
f 2548/2638 2603/2689 2598/2682 2550/2639
f 2549/2637 2602/2686 2603/2689 2548/2638
f 2606/2555 2473/2554 2658/2553 2607/2556
f 2658/2553 2470/2551 2608/2552 2607/2556
f 2604/2688 2607/2556 2608/2552 2601/2683
f 2605/2687 2606/2555 2607/2556 2604/2688
f 2660/2549 2661/2538 2593/2539 2609/2550
f 2600/2684 2609/2550 2593/2539 2592/2678
f 2601/2683 2608/2552 2609/2550 2600/2684
f 2608/2552 2470/2551 2660/2549 2609/2550
f 2610/2690 2613/2691 2612/2692 2611/2693
f 2611/2693 2612/2692 2605/2687 2602/2686
f 2558/2646 2611/2693 2602/2686 2549/2637
f 2556/2644 2610/2690 2611/2693 2558/2646
f 2489/2573 2615/2574 2614/2575 2491/2576
f 2614/2575 2615/2574 2613/2691 2610/2690
f 2554/2497 2614/2575 2610/2690 2556/2644
f 2421/2499 2491/2576 2614/2575 2554/2497
f 2659/2571 2487/2570 2485/2569 2616/2572
f 2616/2572 2485/2569 2484/2567 2617/2568
f 2615/2574 2616/2572 2617/2568 2613/2691
f 2489/2573 2659/2571 2616/2572 2615/2574
f 2656/2565 2473/2554 2606/2555 2618/2566
f 2612/2692 2618/2566 2606/2555 2605/2687
f 2613/2691 2617/2568 2618/2566 2612/2692
f 2617/2568 2484/2567 2656/2565 2618/2566
f 2619/2694 2622/2695 2621/2696 2620/2697
f 2620/2697 2621/2696 2568/2655 2567/2653
f 2623/2698 2620/2697 2567/2653 2564/2651
f 2624/2699 2619/2694 2620/2697 2623/2698
f 2625/2700 2624/2699 2623/2698 2626/2701
f 2626/2701 2623/2698 2564/2651 2562/2647
f 2626/2701 2562/2647 2563/2650 2627/2702
f 2628/2703 2625/2700 2626/2701 2627/2702
f 2657/2591 2663/2590 2630/2589 2629/2592
f 2663/2590 2502/2587 2631/2588 2630/2589
f 2630/2589 2631/2588 2624/2699 2625/2700
f 2629/2592 2630/2589 2625/2700 2628/2703
f 2500/2585 2665/2584 2633/2583 2632/2586
f 2632/2586 2633/2583 2622/2695 2619/2694
f 2631/2588 2632/2586 2619/2694 2624/2699
f 2502/2587 2500/2585 2632/2586 2631/2588
f 2634/2704 2628/2703 2627/2702 2635/2705
f 2635/2705 2627/2702 2563/2650 2576/2663
f 2635/2705 2576/2663 2574/2661 2636/2706
f 2637/2707 2634/2704 2635/2705 2636/2706
f 2638/2708 2637/2707 2636/2706 2639/2709
f 2574/2661 2572/2657 2639/2709 2636/2706
f 2639/2709 2572/2657 2573/2660 2640/2710
f 2641/2711 2638/2708 2639/2709 2640/2710
f 2642/2607 2519/2606 2664/2605 2643/2608
f 2664/2605 2516/2603 2644/2604 2643/2608
f 2643/2608 2644/2604 2637/2707 2638/2708
f 2642/2607 2643/2608 2638/2708 2641/2711
f 2514/2601 2657/2591 2629/2592 2645/2602
f 2645/2602 2629/2592 2628/2703 2634/2704
f 2644/2604 2645/2602 2634/2704 2637/2707
f 2516/2603 2514/2601 2645/2602 2644/2604
f 2646/2712 2649/2713 2648/2714 2647/2715
f 2648/2714 2649/2713 2641/2711 2640/2710
f 2573/2660 2582/2669 2648/2714 2640/2710
f 2648/2714 2582/2669 2580/2667 2647/2715
f 2587/2676 2588/2675 2651/2716 2650/2717
f 2650/2717 2651/2716 2646/2712 2647/2715
f 2580/2667 2579/2665 2650/2717 2647/2715
f 2650/2717 2579/2665 2544/2633 2587/2676
f 2597/2531 2455/2532 2655/2621 2652/2622
f 2655/2621 2531/2619 2653/2620 2652/2622
f 2651/2716 2652/2622 2653/2620 2646/2712
f 2588/2675 2597/2531 2652/2622 2651/2716
f 2529/2617 2519/2606 2642/2607 2654/2718
f 2654/2718 2642/2607 2641/2711 2649/2713
f 2646/2712 2653/2620 2654/2718 2649/2713
f 2653/2620 2531/2619 2529/2617 2654/2718