# https://github.com/mikedh/trimesh
mtllib material.mtl

o tree.028
usemtl Bark_NormalTree
v -0.25916973 -0.23508860 -0.07866291
v -0.25961631 -0.23508860 -0.05186674
v -0.21942206 -0.03367076 -0.00363363
v -0.22433470 -0.03545712 -0.09652702
v -0.24755805 -0.23508860 -0.10277946
v -0.22701432 -0.23508860 -0.12153678
v -0.19977153 0.17444614 -0.01033267
v -0.19709192 0.17132001 -0.09206099
v -0.25023767 -0.23508860 -0.02462396
v -0.25961631 -0.23508860 -0.05186674
v -0.18101421 -0.03233099 0.07139566
v -0.17163555 0.17712589 0.06112378
v -0.21942206 -0.03367076 -0.00363363
v -0.18503364 -0.23508860 0.07675490
v -0.18949967 -0.23508860 0.05755096
v -0.21584924 -0.23508860 0.02137614
v -0.19977153 -0.23508860 0.03968685
v -0.23415997 -0.23508860 -0.00006081
v -0.25023767 -0.23508860 -0.02462396
v -0.21584924 -0.23508860 0.02137614
v -0.18949967 -0.23508860 0.05755096
v -0.18101421 -0.03233099 0.07139566
v -0.19977153 -0.23508860 0.03968685
v -0.17163555 0.17712589 0.06112378
v -0.18190742 0.38568938 -0.02015793
v -0.16047048 0.38881550 0.04727911
v -0.19709192 0.17132001 -0.09206099
v -0.17520838 0.38211644 -0.09340080
v -0.17163555 0.65007826 -0.03534243
v -0.16359670 0.64605874 -0.10456587
v -0.15957728 0.88063692 -0.05365315
v -0.15019862 0.87527763 -0.11662415
v -0.13769374 1.11108393 -0.13627467
v -0.10241211 1.10527827 -0.18316797
v -0.11045097 0.87081174 -0.16619706
v -0.16359670 0.64605874 -0.10456587
v -0.11759661 0.64293261 -0.15592520
v -0.17520838 0.38211644 -0.09340080
v -0.16359670 0.64605874 -0.10456587
v -0.12340245 0.37899032 -0.14565333
v -0.17520838 0.38211644 -0.09340080
v -0.13367431 0.16908707 -0.14431352
v -0.14260637 -0.03635030 -0.14609994
v -0.22701432 -0.23508860 -0.12153678
v -0.20066474 -0.23508860 -0.13404166
v -0.17297536 -0.23508860 -0.14208051
v -0.14751900 -0.23508860 -0.14743974
v -0.12652867 -0.23508860 -0.15413879
v -0.08008197 -0.03724347 -0.19745926
v -0.12652867 -0.23508860 -0.15413879
v -0.11045097 -0.23508860 -0.16485725
v -0.09705288 -0.23508860 -0.18182816
v -0.08410140 -0.23508860 -0.20371170
v -0.06891690 -0.23508860 -0.22782826
v -0.04971298 -0.23508860 -0.24971179
v -0.02604303 -0.23508860 -0.26534289
v -0.00014006 -0.03769006 -0.24837199
v -0.00014006 -0.23508860 -0.27114873
v 0.00075314 0.16506754 -0.22514864
v -0.07382953 0.16685390 -0.19031362
v -0.12340245 0.37899032 -0.14565333
v -0.06668389 0.37675737 -0.18674079
v -0.11759661 0.64293261 -0.15592520
v -0.06668389 0.37675737 -0.18674079
v -0.06311106 0.64069967 -0.19477965
v 0.00298616 0.63935968 -0.21621658
v 0.00253955 0.37497080 -0.21264376
v -0.07382953 0.16685390 -0.19031362
v 0.00075314 0.16506754 -0.22514864
v 0.07533582 0.16596072 -0.18986701
v 0.07176299 0.37586420 -0.18674079
v 0.00298616 0.63935968 -0.21621658
v 0.07176299 0.37586420 -0.18674079
v 0.06908338 0.64025308 -0.19477965
v 0.12356892 0.64293261 -0.15592520
v 0.12848156 0.37720396 -0.14565333
v 0.13518060 0.16730049 -0.14431352
v 0.08024845 -0.03679689 -0.19745926
v 0.07533582 0.16596072 -0.18986701
v 0.14277285 -0.03590371 -0.14609994
v 0.22450117 -0.03501053 -0.09652702
v 0.19859820 0.16908707 -0.09206099
v 0.12848156 0.37720396 -0.14565333
v 0.17984088 0.37943691 -0.09340080
v 0.17760787 0.65007826 -0.03578903
v 0.18653992 0.38300984 -0.01971133
v 0.16956902 0.64561215 -0.10456587
v 0.16420978 0.88197669 -0.05365315
v 0.17760787 0.65007826 -0.03578903
v 0.15483112 0.87617103 -0.11662415
v 0.15349131 1.11510345 -0.07821630
v 0.14366605 1.10885098 -0.13627467
v 0.14947189 1.40807492 -0.11081831
v 0.15349131 1.11510345 -0.07821630
v 0.13964663 1.40226904 -0.16619706
v 0.14053983 1.66498321 -0.14118730
v 0.14947189 1.40807492 -0.11081831
v 0.10123878 1.65381815 -0.23452730
v 0.12937476 1.92445939 -0.17825534
v 0.09275333 1.91061480 -0.26489629
v 0.00477257 1.90436233 -0.30151772
v 0.00700558 1.64890545 -0.27472155
v 0.10659802 1.39735634 -0.21130395
v 0.14366605 1.10885098 -0.13627467
v 0.10838443 1.10393828 -0.18272137
v 0.06059792 1.39467680 -0.24211955
v 0.06015132 1.10081216 -0.21576998
v 0.10838443 1.10393828 -0.18272137
v 0.00566577 1.39378362 -0.25507103
v 0.00298616 1.09947239 -0.23006127
v 0.11508347 0.87170492 -0.16619706
v 0.12356892 0.64293261 -0.15592520
v 0.17984088 0.37943691 -0.09340080
v 0.12848156 0.37720396 -0.14565333
v 0.18653992 0.38300984 -0.01971133
v 0.20127782 0.17221319 -0.01033267
v 0.22450117 -0.03501053 -0.09652702
v 0.19859820 0.16908707 -0.09206099
v 0.21958853 -0.03367076 -0.00363363
v 0.23432643 -0.23508860 -0.00006081
v 0.25040413 -0.23508860 -0.02462396
v 0.25978280 -0.23508860 -0.05186674
v 0.25933619 -0.23508860 -0.07866291
v 0.22450117 -0.03501053 -0.09652702
v 0.24772451 -0.23508860 -0.10277946
v 0.22450117 -0.03501053 -0.09652702
v 0.24772451 -0.23508860 -0.10277946
v 0.22718078 -0.23508860 -0.12153678
v 0.20083122 -0.23508860 -0.13404166
v 0.17314184 -0.23508860 -0.14208051
v 0.14277285 -0.03590371 -0.14609994
v 0.14723887 -0.23508860 -0.14743974
v 0.12624854 -0.23508860 -0.15413879
v 0.08024845 -0.03679689 -0.19745926
v 0.11017084 -0.23508860 -0.16485725
v 0.09721936 -0.23508860 -0.18182816
v 0.11017084 -0.23508860 -0.16485725
v 0.00075314 0.16506754 -0.22514864
v 0.08426787 -0.23508860 -0.20371170
v 0.09721936 -0.23508860 -0.18182816
v 0.06908338 -0.23508860 -0.22782826
v 0.04987945 -0.23508860 -0.24971179
v 0.02620950 -0.23508860 -0.26534289
v -0.00014006 -0.03769006 -0.24837199
v -0.00014006 -0.03769006 -0.24837199
v -0.18503364 -0.23508860 0.07675490
v -0.18637345 -0.23508860 0.09953163
v -0.18101421 -0.03233099 0.07139566
v -0.18637345 -0.23508860 0.09953163
v -0.18905307 -0.23508860 0.12632780
v -0.18949967 -0.23508860 0.15535700
v -0.16806273 -0.03099101 0.16428905
v -0.18414043 -0.23508860 0.18393958
v -0.16806273 -0.03099101 0.16428905
v -0.14841221 0.17980543 0.13883268
v -0.17163555 0.17712589 0.06112378
v -0.08767422 -0.03009783 0.20850272
v -0.07829556 0.18114519 0.17992014
v 0.00075314 0.18025201 0.17545411
v 0.00253955 0.39328161 0.15580359
v -0.06936350 0.39372820 0.15312397
v 0.07444261 0.39238843 0.15312397
v 0.00298616 0.65990344 0.13302685
v 0.07086979 0.65990344 0.12766762
v 0.00253955 0.39328161 0.15580359
v -0.06489748 0.65990344 0.12766762
v 0.00209295 0.89492821 0.10399766
v 0.00298616 0.65990344 0.13302685
v 0.07086979 0.65990344 0.12766762
v 0.06461735 0.89448162 0.09640542
v 0.12937476 0.65767049 0.09059957
v 0.13696701 0.39015549 0.11471612
v 0.11865629 0.89180208 0.06201699
v 0.06461735 0.89448162 0.09640542
v 0.00298616 1.13252087 0.06916263
v 0.06104453 1.13073451 0.06067719
v 0.11061744 1.12716180 0.02852179
v 0.11865629 0.89180208 0.06201699
v 0.06104453 1.13073451 0.06067719
v 0.10793782 1.42013326 -0.00943947
v 0.06104453 1.42415256 0.02137614
v 0.00566577 1.42593892 0.02986158
v -0.05507221 1.13207428 0.06067719
v -0.04926638 1.42549233 0.02092953
v 0.00700558 1.68106086 -0.00899286
v 0.10168538 1.67659486 -0.04695410
v 0.13696701 1.41432738 -0.05677937
v 0.14053983 1.66498321 -0.14118730
v 0.14947189 1.40807492 -0.11081831
v 0.14053983 1.12135592 -0.02149774
v 0.14902529 0.88688939 0.00663824
v 0.15349131 1.11510345 -0.07821630
v 0.16420978 0.88197669 -0.05365315
v 0.15929715 0.65365097 0.02896838
v 0.17760787 0.65007826 -0.03578903
v 0.11865629 0.89180208 0.06201699
v 0.16554959 0.38658255 0.04772570
v 0.13696701 0.39015549 0.11471612
v 0.17760787 0.65007826 -0.03578903
v 0.16554959 0.38658255 0.04772570
v 0.18653992 0.38300984 -0.01971133
v 0.17358844 0.17489273 0.06112378
v 0.13696701 0.39015549 0.11471612
v 0.18653992 0.38300984 -0.01971133
v 0.20127782 0.17221319 -0.01033267
v 0.14991849 0.17801907 0.13883268
v 0.18118069 -0.03233099 0.07139566
v 0.20127782 0.17221319 -0.01033267
v 0.21958853 -0.03367076 -0.00363363
v 0.16778261 -0.03054442 0.16428905
v 0.08784070 -0.03009783 0.20850272
v 0.07980185 0.18025201 0.17992014
v 0.07444261 0.39238843 0.15312397
v -0.00014006 -0.03009783 0.19063861
v -0.01979059 -0.23508860 0.20091049
v -0.00014006 -0.23508860 0.19778425
v -0.04167413 -0.23508860 0.20984254
v -0.12384905 -0.23508860 0.23172607
v -0.15019862 -0.23508860 0.22458042
v -0.17074235 -0.23508860 0.20805613
v -0.16806273 -0.03099101 0.16428905
v -0.18414043 -0.23508860 0.18393958
v -0.17074235 -0.23508860 0.20805613
v -0.09526647 -0.23508860 0.22949307
v -0.12384905 -0.23508860 0.23172607
v -0.06713049 -0.23508860 0.22100760
v -0.04167413 -0.23508860 0.20984254
v -0.08767422 -0.03009783 0.20850272
v -0.00014006 -0.23508860 0.19778425
v 0.01995706 -0.23508860 0.20091049
v 0.08784070 -0.03009783 0.20850272
v 0.04184060 -0.23508860 0.20984254
v 0.06685036 -0.23508860 0.22100760
v 0.04184060 -0.23508860 0.20984254
v 0.09498634 -0.23508860 0.22949307
v 0.12401553 -0.23508860 0.23172607
v 0.17090883 -0.23508860 0.20805613
v 0.16778261 -0.03054442 0.16428905
v 0.15036509 -0.23508860 0.22458042
v 0.12401553 -0.23508860 0.23172607
v 0.18386031 -0.23508860 0.18393958
v 0.18921954 -0.23508860 0.15535700
v 0.18118069 -0.03233099 0.07139566
v 0.18877294 -0.23508860 0.12632780
v 0.18609332 -0.23508860 0.09953163
v 0.18877294 -0.23508860 0.12632780
v 0.18520012 -0.23508860 0.07675490
v 0.18609332 -0.23508860 0.09953163
v 0.18921954 -0.23508860 0.05755096
v 0.19993801 -0.23508860 0.03968685
v 0.21601571 -0.23508860 0.02137614
v 0.08516108 1.58492970 -0.24435256
v 0.04273381 1.66185698 -0.27025553
v 0.04496682 1.68820650 -0.23631371
v 0.08784070 1.60469181 -0.20951754
v 0.04630663 1.71902214 -0.20817773
v -0.03899451 1.68865309 -0.23229428
v -0.03988772 1.71991532 -0.20371170
v 0.08292807 1.56795865 -0.27427495
v 0.04273381 1.66185698 -0.27025553
v 0.04139400 1.63952686 -0.30017792
v 0.08069505 1.54920147 -0.30598375
v 0.04005419 1.61585687 -0.33277992
v -0.03854791 1.61496369 -0.33054691
v -0.03854791 1.63908027 -0.29705170
v -0.03854791 1.66141039 -0.26668270
v 0.04496682 1.68820650 -0.23631371
v -0.03854791 1.66141039 -0.26668270
v -0.03899451 1.68865309 -0.23229428
v 0.08784070 1.60469181 -0.20951754
v 0.04630663 1.71902214 -0.20817773
v 0.09141352 1.62434228 -0.17244950
v -0.03854791 1.63908027 -0.29705170
v -0.07829556 1.58448311 -0.23765352
v -0.07695575 1.56706547 -0.26846911
v -0.03854791 1.61496369 -0.33054691
v -0.07695575 1.56706547 -0.26846911
v -0.07606255 1.54741489 -0.30151772
v -0.03810131 1.58001700 -0.37922662
v -0.07516934 1.51883231 -0.34841102
v -0.07472274 1.48533725 -0.39843054
v -0.03497509 1.43129821 -0.36314892
v -0.03497509 1.45720126 -0.32116825
v -0.03497509 1.43129821 -0.36314892
v 0.04139400 1.45898761 -0.32250806
v 0.04094740 1.43353137 -0.36359552
v 0.07756883 1.38753116 -0.59582901
v 0.07712223 1.48980314 -0.39887714
v 0.04273381 1.32857964 -0.56947943
v 0.06729697 1.31384176 -0.78384882
v 0.03335515 1.25578341 -0.76017883
v 0.04853965 1.24372507 -0.96918896
v 0.01593764 1.18834626 -0.94462584
v -0.05239260 1.18879285 -0.93837338
v 0.03335515 1.25578341 -0.76017883
v -0.03765470 1.25578341 -0.75481960
v -0.06936350 1.38351185 -0.59493581
v -0.07472274 1.31384176 -0.77313035
v -0.03095566 1.32634669 -0.56903284
v -0.07472274 1.48533725 -0.39843054
v -0.06936350 1.38351185 -0.59493581
v 0.04094740 1.43353137 -0.36359552
v 0.04273381 1.32857964 -0.56947943
v -0.03765470 1.25578341 -0.75481960
v 0.03335515 1.25578341 -0.76017883
v 0.04139400 1.45898761 -0.32250806
v 0.07712223 1.48980314 -0.39887714
v 0.07846204 1.52195865 -0.35064404
v 0.04273381 1.47819160 -0.28544002
v 0.07846204 1.52195865 -0.35064404
v -0.03497509 1.45720126 -0.32116825
v -0.03586829 1.47685184 -0.28320701
v 0.08069505 1.54920147 -0.30598375
v 0.04318041 1.48935655 -0.25998366
v -0.03586829 1.47685184 -0.28320701
v 0.08292807 1.56795865 -0.27427495
v -0.03676150 1.48890996 -0.25685744
v 0.04318041 1.48935655 -0.25998366
v 0.04407362 1.49828877 -0.23631371
v 0.08516108 1.58492970 -0.24435256
v -0.03765470 1.49784218 -0.23274089
v 0.04496682 1.50632760 -0.20951754
v -0.07606255 1.54741489 -0.30151772
v -0.03497509 1.45720126 -0.32116825
v -0.03586829 1.47685184 -0.28320701
v -0.07516934 1.51883231 -0.34841102
v -0.03854791 1.50632760 -0.20549811
v -0.07829556 1.58448311 -0.23765352
v -0.07695575 1.56706547 -0.26846911
v -0.03854791 1.50632760 -0.20549811
v 0.04496682 1.50632760 -0.20951754
v 0.04586003 1.50364784 -0.18584759
v -0.04033432 1.50409443 -0.18138156
v -0.07963537 1.60513840 -0.20103209
v -0.07829556 1.58448311 -0.23765352
v -0.08142178 1.62523557 -0.16262424
v -0.03899451 1.68865309 -0.23229428
v -0.03988772 1.71991532 -0.20371170
v -0.03854791 1.66141039 -0.26668270
v 0.08784070 1.60469181 -0.20951754
v 0.09141352 1.62434228 -0.17244950
v 0.04496682 1.50632760 -0.20951754
v 0.08784070 1.60469181 -0.20951754
v 0.04407362 1.49828877 -0.23631371
v 0.23432643 -0.23508860 -0.00006081
v 0.21958853 -0.03367076 -0.00363363
v 0.21601571 -0.23508860 0.02137614
v -0.06043145 0.89403503 0.09640542
v 0.00298616 1.13252087 0.06916263
v -0.11402379 0.89090891 0.06201699
v -0.12340245 0.65767049 0.09059957
v -0.06936350 0.39372820 0.15312397
v -0.13233450 0.39194184 0.11471612
v -0.07829556 0.18114519 0.17992014
v -0.14841221 0.17980543 0.13883268
v -0.16047048 0.38881550 0.04727911
v -0.15332484 0.65409756 0.02896838
v -0.17163555 0.65007826 -0.03534243
v -0.14439278 0.88599621 0.00663824
v -0.14439278 0.88599621 0.00663824
v -0.14751900 1.11733640 -0.07821630
v -0.15019862 0.87527763 -0.11662415
v -0.13769374 1.11108393 -0.13627467
v -0.13769374 1.41164763 -0.11126491
v -0.12786848 1.40539538 -0.16619706
v -0.12786848 1.40539538 -0.16619706
v -0.09481987 1.40003609 -0.21130395
v -0.10241211 1.10527827 -0.18316797
v -0.08722762 1.65381815 -0.23452730
v -0.08722762 1.65381815 -0.23452730
v -0.04881977 1.39601657 -0.24256615
v -0.12697527 1.66498321 -0.14118730
v -0.12786848 1.40539538 -0.16619706
v -0.11982963 1.92222645 -0.17780874
v -0.08320819 1.90927492 -0.26489629
v -0.08320819 1.90927492 -0.26489629
v 0.00477257 1.90436233 -0.30151772
v -0.04881977 1.39601657 -0.24256615
v -0.05417901 1.10170534 -0.21576998
v -0.09481987 1.40003609 -0.21130395
v -0.05909164 0.86813198 -0.20147869
v -0.11045097 0.87081174 -0.16619706
v -0.05909164 0.86813198 -0.20147869
v -0.11759661 0.64293261 -0.15592520
v 0.00298616 1.09947239 -0.23006127
v -0.05909164 0.86813198 -0.20147869
v 0.00209295 0.86679222 -0.21844960
v -0.06311106 0.64069967 -0.19477965
v 0.00298616 0.63935968 -0.21621658
v 0.00298616 0.63935968 -0.21621658
v 0.06372414 0.86857857 -0.20147869
v 0.00209295 0.86679222 -0.21844960
v 0.10838443 1.10393828 -0.18272137
v 0.06908338 0.64025308 -0.19477965
v 0.06372414 0.86857857 -0.20147869
v 0.12356892 0.64293261 -0.15592520
v -0.01755757 2.13838217 -0.36046930
v -0.02336341 2.13882876 -0.40021695
v 0.04452022 2.21117850 -0.41361504
v 0.05211247 2.21698427 -0.37252758
v 0.03335515 2.20224639 -0.47747924
v -0.03229547 2.13659581 -0.46274136
v -0.09615967 2.20537262 -0.45961513
v -0.08812082 2.21430473 -0.39307131
v -0.01711097 2.29156696 -0.37833341
v -0.02247021 2.28263496 -0.41629466
v -0.08365479 2.22011050 -0.34975083
v 0.04452022 2.21117850 -0.41361504
v 0.05211247 2.21698427 -0.37252758
v -0.02247021 2.28263496 -0.41629466
v 0.03335515 2.20224639 -0.47747924
v -0.02247021 2.28263496 -0.41629466
v -0.03095566 2.26968343 -0.47747924
v -0.09615967 2.20537262 -0.45961513
v -0.08812082 2.21430473 -0.39307131
v -0.10598494 2.19510074 -0.53687744
v -0.04122752 2.25717861 -0.55116873
v 0.02174348 2.19197451 -0.55161532
v 0.03335515 2.20224639 -0.47747924
v -0.04122752 2.25717861 -0.55116873
v -0.00326628 2.18080945 -0.78295559
v 0.02174348 2.19197451 -0.55161532
v -0.06221786 2.24244062 -0.77848959
v -0.06221786 2.24244062 -0.77848959
v -0.12340245 2.18348910 -0.77491676
v -0.10598494 2.19510074 -0.53687744
v -0.04301394 2.12945017 -0.53687744
v -0.06489748 2.12185793 -0.77938277
v -0.03229547 2.13659581 -0.46274136
v -0.09615967 2.20537262 -0.45961513
v -0.04301394 2.12945017 -0.53687744
v -0.03229547 2.13659581 -0.46274136
v 0.02174348 2.19197451 -0.55161532
v 0.03335515 2.20224639 -0.47747924
v -0.13099470 2.19867357 -0.96070355
v -0.12340245 2.18348910 -0.77491676
v -0.07650915 2.14150840 -0.97231519
v -0.13858694 2.22904261 -1.09959699
v -0.08856743 2.17812981 -1.12014075
v -0.07650915 2.14150840 -0.97231519
v -0.03408188 2.22814933 -1.11165528
v -0.01845078 2.19599392 -0.96740255
v -0.06489748 2.12185793 -0.77938277
v -0.01845078 2.19599392 -0.96740255
v -0.00326628 2.18080945 -0.78295559
v -0.04301394 2.12945017 -0.53687744
v 0.02174348 2.19197451 -0.55161532
v -0.08410140 2.27950872 -1.09111158
v -0.15198503 2.26209120 -1.20019432
v -0.10196551 2.30898448 -1.19483503
v -0.05641202 2.26432425 -1.22163125
v -0.03408188 2.22814933 -1.11165528
v -0.10196551 2.30898448 -1.19483503
v -0.08856743 2.17812981 -1.12014075
v -0.13858694 2.22904261 -1.09959699
v -0.10687814 2.21698427 -1.22699043
v -0.16984914 2.28710096 -1.27388372
v -0.15198503 2.26209120 -1.20019432
v -0.12876168 2.24646014 -1.30157312
v -0.15198503 2.26209120 -1.20019432
v -0.12518886 2.33310106 -1.27522360
v -0.08410140 2.29201355 -1.30291300
v -0.05641202 2.26432425 -1.22163125
v -0.12518886 2.33310106 -1.27522360
v -0.12518886 2.33310106 -1.27522360
v -0.18771326 2.30094566 -1.33149558
v -0.14885881 2.34471271 -1.33998099
v -0.10955776 2.30585825 -1.36097134
v -0.12518886 2.33310106 -1.27522360
v -0.08410140 2.29201355 -1.30291300
v -0.20021814 2.30317860 -1.38017522
v -0.18771326 2.30094566 -1.33149558
v -0.16627632 2.34381953 -1.39134028
v -0.20245115 2.29781942 -1.42260251
v -0.17163555 2.33578071 -1.42930156
v -0.13412092 2.30317860 -1.43689380
v -0.13322771 2.30541166 -1.42304910
v -0.16716953 2.32774177 -1.45386473
v -0.13322771 2.30541166 -1.42304910
v -0.16627632 2.34381953 -1.39134028
v -0.12652867 2.30809130 -1.39982580
v -0.16627632 2.34381953 -1.39134028
v -0.10955776 2.30585825 -1.36097134
v -0.13188790 2.30183884 -1.44895203
v -0.13412092 2.30317860 -1.43689380
v -0.15913068 2.32238259 -1.46636956
v -0.17163555 2.33578071 -1.42930156
v -0.19262589 2.29112037 -1.45699097
v -0.20245115 2.29781942 -1.42260251
v -0.19262589 2.29112037 -1.45699097
v -0.16359670 2.26789708 -1.41635004
v -0.15957728 2.26655720 -1.44002003
v -0.15957728 2.26655720 -1.44002003
v -0.13412092 2.30317860 -1.43689380
v -0.13322771 2.30541166 -1.42304910
v -0.16047048 2.26745038 -1.38866074
v -0.16359670 2.26789708 -1.41635004
v -0.12652867 2.30809130 -1.39982580
v -0.14841221 2.26209120 -1.35248582
v -0.10955776 2.30585825 -1.36097134
v -0.16047048 2.26745038 -1.38866074
v -0.20245115 2.29781942 -1.42260251
v -0.20021814 2.30317860 -1.38017522
v -0.16359670 2.26789708 -1.41635004
v -0.20021814 2.30317860 -1.38017522
v -0.14841221 2.26209120 -1.35248582
v -0.18771326 2.30094566 -1.33149558
v -0.18771326 2.30094566 -1.33149558
v -0.12876168 2.24646014 -1.30157312
v -0.16984914 2.28710096 -1.27388372
v -0.10687814 2.21698427 -1.22699043
v -0.08410140 2.29201355 -1.30291300
v -0.05641202 2.26432425 -1.22163125
v -0.12876168 2.24646014 -1.30157312
v -0.10955776 2.30585825 -1.36097134
v -0.14841221 2.26209120 -1.35248582
v -0.08856743 2.17812981 -1.12014075
v -0.03408188 2.22814933 -1.11165528
v -0.10687814 2.21698427 -1.22699043
v 0.42591906 1.47015278 -0.43594518
v 0.50407455 1.50409443 -0.41272183
v 0.51077360 1.47863819 -0.38994509
v 0.42815206 1.44067702 -0.41272183
v 0.48844343 1.53357041 -0.40200336
v 0.40984136 1.50186149 -0.42388690
v 0.50407455 1.50409443 -0.41272183
v 0.40984136 1.50186149 -0.42388690
v 0.30890912 1.42951185 -0.48373168
v 0.29417121 1.46345372 -0.47078022
v 0.19011275 1.40405539 -0.54134346
v 0.17805447 1.44023021 -0.52571235
v 0.30890912 1.42951185 -0.48373168
v 0.30667609 1.39735634 -0.46140154
v 0.18386031 1.36966715 -0.51990653
v 0.17805447 1.44023021 -0.52571235
v 0.12222912 1.39869632 -0.57439207
v 0.11463687 1.43710409 -0.55518814
v 0.19011275 1.40405539 -0.54134346
v 0.11553007 1.36296810 -0.55206193
v 0.07846204 1.39556998 -0.59627560
v 0.12222912 1.39869632 -0.57439207
v 0.07086979 1.35850199 -0.57260566
v 0.03112214 1.39110409 -0.62262518
v 0.02129687 1.35224952 -0.59716881
v 0.07846204 1.39556998 -0.59627560
v 0.11463687 1.43710409 -0.55518814
v 0.07220960 1.43621091 -0.57349887
v 0.07220960 1.43621091 -0.57349887
v 0.03112214 1.39110409 -0.62262518
v 0.02174348 1.43665750 -0.59493581
v 0.11553007 1.36296810 -0.55206193
v 0.05881151 1.36162811 -0.52705217
v 0.10213199 1.36564763 -0.51052785
v 0.16599619 1.37145351 -0.48283848
v 0.15393792 1.40762833 -0.46765398
v 0.09900577 1.40539538 -0.48775112
v 0.05881151 1.36162811 -0.52705217
v 0.10213199 1.36564763 -0.51052785
v 0.06372414 1.40628856 -0.49623656
v 0.00700558 1.35760881 -0.54491629
v 0.07086979 1.35850199 -0.57260566
v 0.02129687 1.35224952 -0.59716881
v 0.02620950 1.41298762 -0.49489677
v 0.09900577 1.40539538 -0.48775112
v 0.07042319 1.44380314 -0.51901332
v 0.10525821 1.44112361 -0.51008127
v 0.11463687 1.43710409 -0.55518814
v 0.07220960 1.43621091 -0.57349887
v 0.17805447 1.44023021 -0.52571235
v 0.16019036 1.44201679 -0.48909092
v 0.15393792 1.40762833 -0.46765398
v 0.09900577 1.40539538 -0.48775112
v 0.16019036 1.44201679 -0.48909092
v 0.29417121 1.46345372 -0.47078022
v 0.17805447 1.44023021 -0.52571235
v 0.27720030 1.46524008 -0.43505197
v 0.40984136 1.50186149 -0.42388690
v 0.29417121 1.46345372 -0.47078022
v 0.39599666 1.50409443 -0.38949848
v 0.27541389 1.43263798 -0.41272183
v 0.16019036 1.44201679 -0.48909092
v 0.15393792 1.40762833 -0.46765398
v 0.16599619 1.37145351 -0.48283848
v 0.27541389 1.43263798 -0.41272183
v 0.29015180 1.39869632 -0.42567331
v 0.29015180 1.39869632 -0.42567331
v 0.39822969 1.47461867 -0.36627514
v 0.18386031 1.36966715 -0.51990653
v 0.11553007 1.36296810 -0.55206193
v 0.41430739 1.44290996 -0.37788681
v 0.42815206 1.44067702 -0.41272183
v 0.29015180 1.39869632 -0.42567331
v 0.30667609 1.39735634 -0.46140154
v 0.30890912 1.42951185 -0.48373168
v 0.42591906 1.47015278 -0.43594518
v 0.51077360 1.47863819 -0.38994509
v 0.50228813 1.48265750 -0.35644987
v 0.59830776 1.51749254 -0.37386739
v 0.59116211 1.54160923 -0.39575092
v 0.57821064 1.57019182 -0.38503246
v 0.48844343 1.53357041 -0.40200336
v 0.66395839 1.54428877 -0.36582853
v 0.59294852 1.52240524 -0.34126538
v 0.65904575 1.54920147 -0.33501294
v 0.57955041 1.55098783 -0.33099351
v 0.48710366 1.51213347 -0.34528480
v 0.39822969 1.47461867 -0.36627514
v 0.50228813 1.48265750 -0.35644987
v 0.39599666 1.50409443 -0.38949848
v 0.39822969 1.47461867 -0.36627514
v 0.47995799 1.53758971 -0.36806155
v 0.57240477 1.57510430 -0.35287705
v 0.48710366 1.51213347 -0.34528480
v 0.59294852 1.52240524 -0.34126538
v 0.64743404 1.57689087 -0.32474107
v 0.65904575 1.54920147 -0.33501294
v 0.59830776 1.51749254 -0.37386739
v 0.51077360 1.47863819 -0.38994509
v 0.66395839 1.54428877 -0.36582853
v 0.65770592 1.56751206 -0.38681887
v 0.64654087 1.59531311 -0.37654700
v 0.57821064 1.57019182 -0.38503246
v 0.65770592 1.56751206 -0.38681887
v 0.70995844 1.56393935 -0.35689648
v 0.70549244 1.58582287 -0.37565380
v 0.69343415 1.61094428 -0.36672174
v 0.70549244 1.58582287 -0.37565380
v 0.64654087 1.59531311 -0.37654700
v 0.73630802 1.63014816 -0.35377026
v 0.70549244 1.58582287 -0.37565380
v 0.75238573 1.60915781 -0.36091590
v 0.75774496 1.58894900 -0.34260519
v 0.70995844 1.56393935 -0.35689648
v 0.75238573 1.60915781 -0.36091590
v 0.78320131 1.61407051 -0.33054691
v 0.77426925 1.62925498 -0.34975083
v 0.74702649 1.59073557 -0.31714882
v 0.77158966 1.61496369 -0.30732356
v 0.79838583 1.64488604 -0.32429447
v 0.77158966 1.61496369 -0.30732356
v 0.78811395 1.64711910 -0.30241093
v 0.77158966 1.61496369 -0.30732356
v 0.76533719 1.65605110 -0.30017792
v 0.75149255 1.63059475 -0.30285753
v 0.74256049 1.64577922 -0.32206146
v 0.75327896 1.66319675 -0.31982844
v 0.72558956 1.63193463 -0.32831390
v 0.75417214 1.64533263 -0.34528480
v 0.73630802 1.63014816 -0.35377026
v 0.73094879 1.61228405 -0.31000318
v 0.77158966 1.61496369 -0.30732356
v 0.75774496 1.58894900 -0.34260519
v 0.70191962 1.56706547 -0.32876050
v 0.70995844 1.56393935 -0.35689648
v 0.66395839 1.54428877 -0.36582853
v 0.70191962 1.56706547 -0.32876050
v 0.68986133 1.59207534 -0.31982844
v 0.64743404 1.57689087 -0.32474107
v 0.57240477 1.57510430 -0.35287705
v 0.57955041 1.55098783 -0.33099351
v 0.64162822 1.59977922 -0.34573141
v 0.64743404 1.57689087 -0.32474107
v 0.68539533 1.61407051 -0.33858576
v 0.73094879 1.61228405 -0.31000318
v 0.72558956 1.63193463 -0.32831390
v 0.74702649 1.59073557 -0.31714882
v 0.68986133 1.59207534 -0.31982844
v 0.72558956 1.63193463 -0.32831390
v 0.73630802 1.63014816 -0.35377026
v 0.69343415 1.61094428 -0.36672174
v 0.64162822 1.59977922 -0.34573141
v 0.64654087 1.59531311 -0.37654700
v 0.68539533 1.61407051 -0.33858576
v 0.57240477 1.57510430 -0.35287705
v 0.64654087 1.59531311 -0.37654700
v 0.57821064 1.57019182 -0.38503246
v 0.47995799 1.53758971 -0.36806155
v 0.57821064 1.57019182 -0.38503246
v 0.48844343 1.53357041 -0.40200336
v 0.39599666 1.50409443 -0.38949848
v 0.40984136 1.50186149 -0.42388690
v 0.05121926 1.17718131 -1.84553536
v 0.09275333 1.19057943 -1.87769076
v 0.11820969 1.16021027 -1.86429276
v 0.07756883 1.14368603 -1.83124407
v 0.02799592 1.17271520 -1.79328289
v 0.06015132 1.13832674 -1.79417607
v 0.01995706 1.16110345 -1.75487502
v 0.02799592 1.17271520 -1.79328289
v 0.04094740 1.21648226 -1.78345760
v 0.05479209 1.12760839 -1.76336043
v 0.03201534 1.20397732 -1.73388467
v 0.00789879 1.14457921 -1.71825361
v 0.02040367 1.18923944 -1.69637009
v -0.02113040 1.13252087 -1.65036998
v -0.00237308 1.18164721 -1.64099128
v 0.04675323 1.18789967 -1.62089422
v 0.06640376 1.19504532 -1.67493315
v 0.06640376 1.19504532 -1.67493315
v 0.03201534 1.20397732 -1.73388467
v 0.07846204 1.21335613 -1.72182644
v 0.07846204 1.21335613 -1.72182644
v 0.08560768 1.22630765 -1.77452560
v 0.11776309 1.19236578 -1.77497219
v 0.11329706 1.17986085 -1.73031185
v 0.11329706 1.17986085 -1.73031185
v 0.10034558 1.15663756 -1.67537974
v 0.04675323 1.18789967 -1.62089422
v 0.07712223 1.14547239 -1.61062234
v 0.07712223 1.14547239 -1.61062234
v 0.03380175 1.19459873 -1.56551542
v 0.06595716 1.14904532 -1.55836977
v 0.03469496 1.20442391 -1.46592297
v 0.06774357 1.15574438 -1.46726284
v 0.03380175 1.19459873 -1.56551542
v -0.02247021 1.18968603 -1.56774847
v -0.02381001 1.19995802 -1.46324332
v 0.03603477 1.20442391 -1.36275770
v -0.02425662 1.19995802 -1.36677711
v 0.02531630 1.20978320 -1.25691289
v -0.03676150 1.20487072 -1.26629148
v 0.01147161 1.24595802 -1.12014075
v -0.05417901 1.24238530 -1.12427186
v -0.06489748 1.14815214 -1.26316525
v -0.05060618 1.14502580 -1.36990334
v -0.04926638 1.14681216 -1.46145697
v -0.04926638 1.14681216 -1.46145697
v -0.01621777 1.09857921 -1.46324332
v -0.01621777 1.09455969 -1.36901016
v -0.01621777 1.09455969 -1.36901016
v -0.03095566 1.09634605 -1.25021384
v -0.01621777 1.09857921 -1.46324332
v 0.04452022 1.09902580 -1.36499075
v 0.04228721 1.10304511 -1.46592297
v 0.06774357 1.15574438 -1.46726284
v 0.07042319 1.15395780 -1.36186452
v 0.06595716 1.14904532 -1.55836977
v 0.04184060 1.09813263 -1.55345718
v -0.01443135 1.09321993 -1.55524354
v -0.01621777 1.09857921 -1.46324332
v 0.04184060 1.09813263 -1.55345718
v 0.00879199 1.09009358 -1.63965151
v 0.05836491 1.09634605 -1.61955435
v 0.07712223 1.14547239 -1.61062234
v 0.06595716 1.14904532 -1.55836977
v 0.05836491 1.09634605 -1.61955435
v 0.10034558 1.15663756 -1.67537974
v 0.08784070 1.11197733 -1.69726327
v 0.04139400 1.10617145 -1.71870020
v 0.08784070 1.11197733 -1.69726327
v 0.00879199 1.09009358 -1.63965151
v 0.00789879 1.14457921 -1.71825361
v 0.01995706 1.16110345 -1.75487502
v 0.06015132 1.13832674 -1.79417607
v 0.10123878 1.13698698 -1.75130220
v 0.10481160 1.14815214 -1.78479737
v 0.11776309 1.19236578 -1.77497219
v 0.11329706 1.17986085 -1.73031185
v 0.10034558 1.15663756 -1.67537974
v 0.05479209 1.12760839 -1.76336043
v 0.04139400 1.10617145 -1.71870020
v -0.02113040 1.13252087 -1.65036998
v -0.04658676 1.13921992 -1.56238918
v -0.02113040 1.13252087 -1.65036998
v -0.04926638 1.14681216 -1.46145697
v -0.01621777 1.09857921 -1.46324332
v -0.00237308 1.18164721 -1.64099128
v -0.02247021 1.18968603 -1.56774847
v 0.54024936 2.14954723 -0.05320654
v 0.54739501 2.20626580 -0.11975037
v 0.32141400 2.20581921 -0.15994462
v 0.30622950 2.14597440 -0.09072118
v 0.24727791 2.21251827 -0.17468252
v 0.33034605 2.13480935 -0.21934280
v 0.25576337 2.13972205 -0.23452730
v 0.56079312 2.13927546 -0.17512912
v 0.54739501 2.20626580 -0.11975037
v 0.74479349 2.15937252 -0.14609994
v 0.73005561 2.22189697 -0.09474061
v 0.73005561 2.22189697 -0.09474061
v 0.89038599 2.18482886 -0.13180864
v 0.74524008 2.10712005 -0.08223573
v 0.87698793 2.24378049 -0.08312893
v 0.88368699 2.19554733 -0.02283755
v 0.73050220 2.16964440 -0.03087640
v 0.73050220 2.16964440 -0.03087640
v 0.54024936 2.14954723 -0.05320654
v 0.89708505 2.13659581 -0.07151726
v 1.00527461 2.20715909 -0.12689601
v 1.01465320 2.16249875 -0.07017745
v 0.87698793 2.24378049 -0.08312893
v 0.89038599 2.18482886 -0.13180864
v 0.99544932 2.26298438 -0.08134252
v 1.09727482 2.22368333 -0.12466300
v 1.08968248 2.27593590 -0.08223573
v 1.17141081 2.23529497 -0.12019697
v 1.16247881 2.28352813 -0.08089592
v 1.16247881 2.28352813 -0.08089592
v 1.22946926 2.24467367 -0.11126491
v 1.21562456 2.28888731 -0.07553669
v 1.21562456 2.25226591 -0.03042980
v 1.16247881 2.28352813 -0.08089592
v 1.16605163 2.24422708 -0.03221621
v 1.08968248 2.27593590 -0.08223573
v 1.09727482 2.23440179 -0.02953659
v 1.08968248 2.27593590 -0.08223573
v 1.00438143 2.21832415 -0.02462396
v 0.87698793 2.24378049 -0.08312893
v 0.88368699 2.19554733 -0.02283755
v 1.10486706 2.18214933 -0.07196386
v 1.09727482 2.22368333 -0.12466300
v 1.17453705 2.19599392 -0.07107066
v 1.22946926 2.24467367 -0.11126491
v 1.17141081 2.23529497 -0.12019697
v 1.22902256 2.20805227 -0.06615803
v 1.27144985 2.25494555 -0.09920664
v 1.27100326 2.22145038 -0.05767257
v 1.25135279 2.26030473 -0.02641037
v 1.21562456 2.25226591 -0.03042980
v 1.27100326 2.22145038 -0.05767257
v 1.27814890 2.27013002 -0.02239095
v 1.30137231 2.23618826 -0.04963372
v 1.29869266 2.26566402 -0.08893477
v 1.30137231 2.23618826 -0.04963372
v 1.27144985 2.25494555 -0.09920664
v 1.25179938 2.29380001 -0.06794444
v 1.27546926 2.29960578 -0.06169200
v 1.31566360 2.27504272 -0.08178913
v 1.29869266 2.26566402 -0.08893477
v 1.29467325 2.30585825 -0.05677937
v 1.30137231 2.23618826 -0.04963372
v 1.32280924 2.25047955 -0.04516769
v 1.30181890 2.28129508 -0.02015793
v 1.32280924 2.25047955 -0.04516769
v 1.32593548 2.29067378 -0.02283755
v 1.33397430 2.25985814 -0.04516769
v 1.32682866 2.28084849 -0.07687649
v 1.33397430 2.25985814 -0.04516769
v 1.31566360 2.27504272 -0.08178913
v 1.31834313 2.31166413 -0.05499296
v 1.33888689 2.29112037 -0.04963372
v 1.29467325 2.30585825 -0.05677937
v 1.32682866 2.28084849 -0.07687649
v 1.32593548 2.29067378 -0.02283755
v 1.33888689 2.29112037 -0.04963372
v 1.30181890 2.28129508 -0.02015793
v 1.29467325 2.30585825 -0.05677937
v 1.27546926 2.29960578 -0.06169200
v 1.27814890 2.27013002 -0.02239095
v 1.27814890 2.27013002 -0.02239095
v 1.25179938 2.29380001 -0.06794444
v 1.25135279 2.26030473 -0.02641037
v 1.21562456 2.28888731 -0.07553669
v 1.21562456 2.25226591 -0.03042980
v 1.25179938 2.29380001 -0.06794444
v 1.21562456 2.28888731 -0.07553669
v 1.22946926 2.24467367 -0.11126491
v -0.11938302 2.27682908 -0.19031362
v -0.18726665 2.27727567 -0.16932328
v -0.22165509 2.33265447 -0.25998366
v -0.15466465 2.33801365 -0.28410021
v -0.05998484 2.27504272 -0.20817773
v -0.09571307 2.34337294 -0.30598375
v -0.11938302 2.27682908 -0.19031362
v -0.19753852 2.38981964 -0.16843008
v -0.13590733 2.39785846 -0.18763400
v -0.18726665 2.27727567 -0.16932328
v -0.28373287 2.38222740 -0.14118730
v -0.19753852 2.38981964 -0.16843008
v -0.28239307 2.27414943 -0.13895429
v -0.31365527 2.32640201 -0.22872146
v -0.22165509 2.33265447 -0.25998366
v -0.54008293 2.33578071 -0.13493486
v -0.50748088 2.28754755 -0.05275994
v -0.70532595 2.34694576 -0.05409975
v -0.67272396 2.30183884 0.02092953
v -0.50167506 2.38803317 -0.05767257
v -0.28239307 2.27414943 -0.13895429
v -0.28373287 2.38222740 -0.14118730
v -0.22165509 2.33265447 -0.25998366
v -0.19753852 2.38981964 -0.16843008
v -0.31365527 2.32640201 -0.22872146
v -0.31365527 2.32640201 -0.22872146
v -0.50167506 2.38803317 -0.05767257
v -0.54008293 2.33578071 -0.13493486
v -0.54008293 2.33578071 -0.13493486
v -0.66959772 2.39517882 0.01735670
v -0.70532595 2.34694576 -0.05409975
v -0.50748088 2.28754755 -0.05275994
v -0.50167506 2.38803317 -0.05767257
v -0.80179217 2.39830505 0.06514322
v -0.66959772 2.39517882 0.01735670
v -0.80715140 2.31255731 0.06826943
v -0.89435061 2.41214975 0.08032772
v -0.91802061 2.33712048 0.08658016
v -0.80179217 2.39830505 0.06514322
v -0.82456892 2.35409141 -0.00497344
v -0.91355450 2.37106224 0.01557029
v -0.91355450 2.37106224 0.01557029
v -0.94928272 2.43492646 0.08568695
v -0.98143813 2.40589729 0.02852179
v -1.02788482 2.43894587 0.04906552
v -0.98903036 2.45904304 0.09729863
v -0.94928272 2.43492646 0.08568695
v -0.91802061 2.33712048 0.08658016
v -0.89435061 2.41214975 0.08032772
v -0.98947706 2.37597494 0.09372580
v -0.94928272 2.43492646 0.08568695
v -1.02341882 2.40411093 0.10355107
v -1.03235093 2.47378092 0.11382292
v -0.98903036 2.45904304 0.09729863
v -1.04530235 2.41661575 0.11069671
v -1.02788482 2.43894587 0.04906552
v -1.03235093 2.47378092 0.11382292
v -1.05244799 2.45145080 0.06380340
v -1.05244799 2.45145080 0.06380340
v -1.05602082 2.45368386 0.07228887
v -1.06941893 2.47601397 0.11337633
v -1.05602082 2.45368386 0.07228887
v -1.08147716 2.47824692 0.10176466
v -1.07433152 2.42420799 0.10667727
v -1.09755492 2.43849928 0.08434713
v -1.09755492 2.43849928 0.08434713
v -1.08638986 2.46172268 0.07675490
v -1.04530235 2.41661575 0.11069671
v -1.05244799 2.45145080 0.06380340
v -1.06941893 2.47601397 0.11337633
v -1.03235093 2.47378092 0.11382292
v -1.05602082 2.45368386 0.07228887
v -1.08147716 2.47824692 0.10176466
v -1.08638986 2.46172268 0.07675490
v -1.02341882 2.40411093 0.10355107
v -1.05244799 2.45145080 0.06380340
v -1.02788482 2.43894587 0.04906552
v -0.98947706 2.37597494 0.09372580
v -1.02341882 2.40411093 0.10355107
v -0.98143813 2.40589729 0.02852179
v -0.91802061 2.33712048 0.08658016
v -0.98947706 2.37597494 0.09372580
v -0.91355450 2.37106224 0.01557029
v -0.91802061 2.33712048 0.08658016
v -0.82456892 2.35409141 -0.00497344
v -0.67272396 2.30183884 0.02092953
v -0.80715140 2.31255731 0.06826943
v 0.04318041 1.97626538 -0.88299463
v 0.05077266 1.96331386 -0.90353838
v 0.02576290 1.96063432 -0.91202380
v 0.01638424 1.97313914 -0.89326650
v 0.03692797 1.99189644 -0.86602374
v 0.00655898 1.98966349 -0.87540239
v 0.04318041 1.97626538 -0.88299463
v 0.00611238 1.94812939 -0.88299463
v 0.01638424 1.97313914 -0.89326650
v 0.01817065 1.93607115 -0.90666456
v 0.01638424 1.97313914 -0.89326650
v -0.00817891 1.96733327 -0.85753828
v 0.00655898 1.98966349 -0.87540239
v -0.02157700 2.00350819 -0.82448964
v -0.00549930 2.02494513 -0.84592658
v 0.01995706 2.06826559 -0.80439252
v 0.02799592 2.02583831 -0.83699452
v -0.01577116 2.06781900 -0.81377117
v 0.02799592 2.02583831 -0.83699452
v 0.00655898 1.98966349 -0.87540239
v 0.03692797 1.99189644 -0.86602374
v -0.00549930 2.02494513 -0.84592658
v -0.03363528 2.04548878 -0.79010123
v 0.00968520 2.12409088 -0.76285847
v 0.01995706 2.06826559 -0.80439252
v -0.02827604 2.12275111 -0.77357694
v -0.00326628 2.16115898 -0.73829530
v 0.00968520 2.12409088 -0.76285847
v -0.03408188 2.14731428 -0.75883906
v -0.06087805 2.13480935 -0.72847007
v -0.03765470 2.16383852 -0.75214001
v -0.05462561 2.12007147 -0.73516907
v -0.02827604 2.12275111 -0.77357694
v -0.05462561 2.12007147 -0.73516907
v -0.04703336 2.09908112 -0.74812059
v -0.01577116 2.06781900 -0.81377117
v -0.02827604 2.12275111 -0.77357694
v -0.00862552 2.03209077 -0.76643130
v -0.02068379 2.08568312 -0.72177101
v 0.00164635 1.99055667 -0.80260611
v -0.02157700 2.00350819 -0.82448964
v 0.01370462 1.95572162 -0.83699452
v -0.00817891 1.96733327 -0.85753828
v 0.02665611 1.93651774 -0.86647033
v 0.00611238 1.94812939 -0.88299463
v 0.03826778 1.92356622 -0.89505292
v 0.01817065 1.93607115 -0.90666456
v 0.04273381 1.92133327 -0.91202380
v 0.02352989 1.93383809 -0.91872285
v 0.02978233 1.95661480 -0.92184909
v 0.05077266 1.96331386 -0.90353838
v 0.02978233 1.95661480 -0.92184909
v 0.05345228 1.95840126 -0.91693644
v 0.05345228 1.95840126 -0.91693644
v 0.03201534 1.95304198 -0.93033455
v 0.05389888 1.95393526 -0.92988791
v 0.02978233 1.95661480 -0.92184909
v 0.02576290 1.93294492 -0.92542191
v 0.02710271 1.93160504 -0.93033455
v 0.04407362 1.92088657 -0.92184909
v 0.03290855 1.94768280 -0.94015979
v 0.02710271 1.93160504 -0.93033455
v 0.03201534 1.95304198 -0.93033455
v 0.05255907 1.94768280 -0.94105302
v 0.03648137 1.93249833 -0.94998508
v 0.03022893 1.92624586 -0.93569379
v 0.05255907 1.93651774 -0.94730543
v 0.04541343 1.92445939 -0.93971320
v 0.05255907 1.94768280 -0.94105302
v 0.03648137 1.93249833 -0.94998508
v 0.05255907 1.93651774 -0.94730543
v 0.02352989 1.93383809 -0.91872285
v 0.04407362 1.92088657 -0.92184909
v 0.06149113 1.93651774 -0.91113062
v 0.04273381 1.92133327 -0.91202380
v 0.06104453 1.93383809 -0.92452868
v 0.04273381 1.92133327 -0.91202380
v 0.05836491 1.94053715 -0.89326650
v 0.03826778 1.92356622 -0.89505292
v 0.05613189 1.93249833 -0.93167432
v 0.05255907 1.94768280 -0.94105302
v 0.05389888 1.95393526 -0.92988791
v 0.05255907 1.93651774 -0.94730543
v 0.05613189 1.93249833 -0.93167432
v 0.04228721 1.92624586 -0.92452868
v 0.04541343 1.92445939 -0.93971320
v 0.05613189 1.93249833 -0.93167432
v 0.04407362 1.92088657 -0.92184909
v 0.06149113 1.93651774 -0.91113062
v 0.06104453 1.93383809 -0.92452868
v 0.05345228 1.95840126 -0.91693644
v 0.05836491 1.94053715 -0.89326650
v 0.05077266 1.96331386 -0.90353838
v 0.03826778 1.92356622 -0.89505292
v 0.04943285 1.95393526 -0.86647033
v 0.02665611 1.93651774 -0.86647033
v 0.05836491 1.94053715 -0.89326650
v 0.05077266 1.96331386 -0.90353838
v 0.04318041 1.97626538 -0.88299463
v 0.04139400 1.97090609 -0.84235375
v 0.04318041 1.97626538 -0.88299463
v 0.03692797 1.99189644 -0.86602374
v 0.01370462 1.95572162 -0.83699452
v 0.01370462 1.95572162 -0.83699452
v 0.03246194 2.00440137 -0.81019835
v 0.00164635 1.99055667 -0.80260611
v 0.03692797 1.99189644 -0.86602374
v 0.02799592 2.02583831 -0.83699452
v 0.02486970 2.04593537 -0.77536335
v 0.01995706 2.06826559 -0.80439252
v -0.00862552 2.03209077 -0.76643130
v 0.01459783 2.10086759 -0.73114966
v -0.02068379 2.08568312 -0.72177101
v -0.05462561 2.12007147 -0.73516907
v -0.03363528 2.11605205 -0.69810108
v -0.06087805 2.13480935 -0.72847007
v -0.04569355 2.13525594 -0.68113014
v -0.07204312 2.15356675 -0.72266419
v -0.03765470 2.16383852 -0.75214001
v -0.04256733 2.18304251 -0.74722736
v -0.03408188 2.14731428 -0.75883906
v -0.00326628 2.16115898 -0.73829530
v -0.06266446 2.15937252 -0.65612038
v -0.02872265 2.19376098 -0.63825627
v -0.01309155 2.16517839 -0.67487773
v -0.03363528 2.11605205 -0.69810108
v -0.01309155 2.16517839 -0.67487773
v -0.00058667 2.14016864 -0.69854766
v -0.01309155 2.16517839 -0.67487773
v -0.00326628 2.16115898 -0.73829530
v -0.01532456 2.18616874 -0.72355742
v -0.02872265 2.19376098 -0.63825627
v -0.03408188 2.21787756 -0.70703313
v -0.22165509 2.30407189 -0.61905236
v -0.21138321 2.31613013 -0.65746020
v -0.18369383 2.31702331 -0.64986794
v -0.19173268 2.30541166 -0.61235330
v -0.18414043 2.33488742 -0.60610086
v -0.17833460 2.34292635 -0.63914947
v -0.17654819 2.33265447 -0.67621750
v -0.21138321 2.31613013 -0.65746020
v -0.20111134 2.33265447 -0.68514955
v -0.17342197 2.35364482 -0.66058641
v -0.19217929 2.37463506 -0.67041167
v -0.19619871 2.36704282 -0.66013982
v -0.16984914 2.36525647 -0.67353791
v -0.21361624 2.35364482 -0.67532432
v -0.22299488 2.34203307 -0.65165435
v -0.20111134 2.33265447 -0.68514955
v -0.17074235 2.35096518 -0.69318843
v -0.17654819 2.33265447 -0.67621750
v -0.19307249 2.35185836 -0.70212049
v -0.18860646 2.37150893 -0.70926613
v -0.16806273 2.37061565 -0.70078067
v -0.17074235 2.35096518 -0.69318843
v -0.20245115 2.37686811 -0.69274184
v -0.18860646 2.37150893 -0.70926613
v -0.20647059 2.36659624 -0.68827579
v -0.19619871 2.36704282 -0.66013982
v -0.19217929 2.37463506 -0.67041167
v -0.20245115 2.35855741 -0.64048930
v -0.22299488 2.34203307 -0.65165435
v -0.18860646 2.38937305 -0.70703313
v -0.16984914 2.38981964 -0.69988749
v -0.16806273 2.37061565 -0.70078067
v -0.16940254 2.37597494 -0.67934373
v -0.17029575 2.38535353 -0.68023696
v -0.16984914 2.36525647 -0.67353791
v -0.19039287 2.37954776 -0.67398450
v -0.19217929 2.37463506 -0.67041167
v -0.16940254 2.37597494 -0.67934373
v -0.17029575 2.38535353 -0.68023696
v -0.19039287 2.37954776 -0.67398450
v -0.20066474 2.38446035 -0.69229520
v -0.20245115 2.37686811 -0.69274184
v -0.18860646 2.38937305 -0.70703313
v -0.19039287 2.37954776 -0.67398450
v -0.20245115 2.37686811 -0.69274184
v -0.18726665 2.37954776 -0.67934373
v -0.20066474 2.38446035 -0.69229520
v -0.19217929 2.37463506 -0.67041167
v -0.19039287 2.37954776 -0.67398450
v -0.20647059 2.36659624 -0.68827579
v -0.20111134 2.33265447 -0.68514955
v -0.21361624 2.35364482 -0.67532432
v -0.19307249 2.35185836 -0.70212049
v -0.20066474 2.38446035 -0.69229520
v -0.19396570 2.40277105 -0.69318843
v -0.18726665 2.37954776 -0.67934373
v -0.18905307 2.39562541 -0.67934373
v -0.19396570 2.40277105 -0.69318843
v -0.18905307 2.39562541 -0.67934373
v -0.17833460 2.40455752 -0.68693596
v -0.16984914 2.38981964 -0.69988749
v -0.18905307 2.39562541 -0.67934373
v -0.17833460 2.40455752 -0.68693596
v -0.17386857 2.39026623 -0.67845055
v -0.18905307 2.39562541 -0.67934373
v -0.18726665 2.37954776 -0.67934373
v -0.18905307 2.39562541 -0.67934373
v -0.17029575 2.38535353 -0.68023696
v -0.19039287 2.37954776 -0.67398450
v -0.16984914 2.38981964 -0.69988749
v -0.17386857 2.39026623 -0.67845055
v -0.11357719 6.77367314 -0.35064404
v -0.06802370 6.77858584 -0.39575092
v -0.03899451 6.39808005 -0.41361504
v -0.08946063 6.39138100 -0.36448873
v 0.00253955 5.95761814 -0.43281896
v -0.05105279 5.95002590 -0.38011982
v -0.02291681 6.77858584 -0.34975083
v 0.01013180 6.40209957 -0.36314892
v -0.06802370 6.77858584 -0.39575092
v 0.00253955 5.95761814 -0.43281896
v 0.01013180 6.40209957 -0.36314892
v 0.05568529 5.95940449 -0.37878002
v 0.02442309 5.59988927 -0.46140154
v 0.08248146 5.59497658 -0.40289657
v 0.01504443 5.24026230 -0.48328510
v 0.02442309 5.59988927 -0.46140154
v 0.07890864 5.23847583 -0.41897427
v 0.00655898 4.82358181 -0.48462489
v 0.01504443 5.24026230 -0.48328510
v 0.07444261 4.82626145 -0.41629466
v -0.04926638 5.24249524 -0.41942087
v -0.06132465 4.82626145 -0.41674126
v -0.06132465 4.82626145 -0.41674126
v 0.01102501 4.48952283 -0.47971227
v -0.06311106 4.48907624 -0.40602279
v 0.00655898 4.82358181 -0.48462489
v 0.08471448 4.49309565 -0.40557619
v 0.01683084 4.15847854 -0.48149868
v 0.09632615 4.15892513 -0.40111016
v 0.07220960 3.77038066 -0.44934328
v 0.01236482 3.77082725 -0.47435304
v -0.06311106 4.48907624 -0.40602279
v -0.06355767 4.16071154 -0.40155676
v 0.01102501 4.48952283 -0.47971227
v 0.01236482 3.77082725 -0.47435304
v -0.04703336 3.77350686 -0.44978987
v -0.06355767 4.16071154 -0.40155676
v 0.01683084 4.15847854 -0.48149868
v -0.07204312 3.77752630 -0.39039169
v -0.05864504 3.45909846 -0.43192575
v -0.08544121 3.46579750 -0.36761495
v -0.05864504 3.47204994 -0.30375074
v -0.08544121 3.46579750 -0.36761495
v -0.04747996 3.77975930 -0.33054691
v -0.06355767 4.16071154 -0.40155676
v 0.01638424 4.16115813 -0.32161485
v 0.01236482 3.77975930 -0.30553715
v 0.01638424 4.16115813 -0.32161485
v 0.01057840 4.49220247 -0.33188672
v -0.06132465 4.82626145 -0.41674126
v 0.00611238 4.82849440 -0.34885763
v -0.06177126 3.15272891 -0.40602279
v -0.09035384 3.15898135 -0.33679935
v -0.05864504 3.45909846 -0.43192575
v 0.00566577 3.45641884 -0.45827534
v 0.00789879 3.15138909 -0.43460537
v -0.06177126 2.79991267 -0.37476059
v 0.01147161 2.79723302 -0.40468298
v -0.06891690 2.51408685 -0.34930423
v 0.00968520 2.50816938 -0.38190624
v -0.07963537 2.17232404 -0.30419734
v 0.00432596 2.16607157 -0.33903236
v -0.06891690 2.51408685 -0.34930423
v -0.10151891 2.52525191 -0.27204194
v -0.09169365 2.80705831 -0.30241093
v -0.06177126 2.79991267 -0.37476059
v -0.09035384 3.15898135 -0.33679935
v -0.06177126 2.81420396 -0.22961467
v -0.06891690 2.53507720 -0.19433304
v -0.10151891 2.52525191 -0.27204194
v 0.01102501 2.81733019 -0.19969228
v 0.00923860 2.53775678 -0.16217764
v -0.08008197 2.20135321 -0.13850769
v 0.08784070 2.53195096 -0.19388644
v 0.00432596 2.20671239 -0.10456587
v 0.08828730 2.20046003 -0.13850769
v 0.08784070 2.53195096 -0.19388644
v 0.11999610 2.52123249 -0.27159533
v 0.12312232 2.18616874 -0.22157582
v 0.12312232 2.18616874 -0.22157582
v 0.09319993 1.93785751 -0.09072118
v 0.12937476 1.92445939 -0.17825534
v 0.14053983 1.66498321 -0.14118730
v 0.09319993 1.93785751 -0.09072118
v 0.00477257 1.94232351 -0.05543956
v -0.08812082 1.67659486 -0.04695410
v -0.08365479 1.93607115 -0.09072118
v 0.00432596 2.20671239 -0.10456587
v 0.08828730 2.20046003 -0.13850769
v -0.08365479 1.93607115 -0.09072118
v -0.11447039 2.18661533 -0.22157582
v -0.11982963 1.92222645 -0.17780874
v -0.06891690 2.53507720 -0.19433304
v -0.11447039 2.18661533 -0.22157582
v 0.00432596 2.16607157 -0.33903236
v 0.00477257 1.90436233 -0.30151772
v 0.09275333 1.91061480 -0.26489629
v 0.08828730 2.17187745 -0.30419734
v 0.12312232 2.18616874 -0.22157582
v 0.12937476 1.92445939 -0.17825534
v -0.08812082 1.67659486 -0.04695410
v -0.08365479 1.93607115 -0.09072118
v -0.09615967 1.42281280 -0.00988607
v -0.10419853 1.12894815 0.02852179
v -0.13412092 1.12358886 -0.02194435
v -0.12563546 1.41790010 -0.05722597
v -0.13769374 1.41164763 -0.11126491
v -0.14751900 1.11733640 -0.07821630
v -0.06043145 0.89403503 0.09640542
v -0.05507221 1.13207428 0.06067719
v 0.00611238 4.82849440 -0.34885763
v 0.01459783 5.24070889 -0.35511007
v -0.06132465 4.82626145 -0.41674126
v -0.03452848 5.59676293 -0.40334317
v 0.01504443 5.24026230 -0.48328510
v 0.08248146 5.59497658 -0.40289657
v 0.07890864 5.23847583 -0.41897427
v 0.02352989 5.59229704 -0.34439160
v 0.05568529 5.95940449 -0.37878002
v 0.08248146 5.59497658 -0.40289657
v 0.00164635 5.95181226 -0.32608088
v -0.03452848 5.59676293 -0.40334317
v 0.01459783 5.24070889 -0.35511007
v -0.08946063 6.39138100 -0.36448873
v -0.04033432 6.39584711 -0.31357600
v -0.11357719 6.77367314 -0.35064404
v -0.06847030 6.77367314 -0.30509055
v 0.01013180 6.40209957 -0.36314892
v 0.05568529 5.95940449 -0.37878002
v -0.04033432 6.39584711 -0.31357600
v -0.02291681 6.77858584 -0.34975083
v -0.06847030 6.77367314 -0.30509055
v -0.00326628 0.99943336 -0.90353838
v -0.01487796 0.95209337 -0.94149961
v 0.01459783 0.94182160 -0.94015979
v -0.02336341 0.97308372 -0.96382973
v -0.01264494 1.01997711 -0.92810150
v 0.02844252 0.98960796 -0.90175197
v 0.00343276 0.91011268 -0.97052878
v -0.02470322 0.92038467 -0.97142202
v -0.02470322 0.92038467 -0.97142202
v -0.00415949 0.89046232 -0.99509195
v -0.02961585 0.89939432 -0.99643177
v -0.00951872 0.87215151 -1.02144153
v 0.01549104 0.90252044 -1.01027642
v 0.00923860 0.88554962 -1.03260659
v 0.00611238 0.87751079 -1.05002412
v 0.00119975 0.89894773 -1.05940276
v 0.00343276 0.90698655 -1.04555806
v 0.00879199 0.92351079 -1.02635412
v 0.00923860 0.88554962 -1.03260659
v 0.02352989 0.92083126 -0.98973272
v 0.00879199 0.92351079 -1.02635412
v 0.01593764 0.94137501 -1.00938324
v -0.00415949 0.89046232 -0.99509195
v 0.00343276 0.91011268 -0.97052878
v 0.01549104 0.90252044 -1.01027642
v 0.00343276 0.91011268 -0.97052878
v 0.03603477 0.95209337 -0.96115014
v 0.05077266 1.00032653 -0.92363550
v 0.02844252 0.98960796 -0.90175197
v 0.02754931 0.97308372 -0.98303366
v 0.04139400 1.02087029 -0.94819867
v 0.06372414 1.05034605 -0.88790727
v 0.05300567 1.06955004 -0.91648985
v 0.02844252 0.98960796 -0.90175197
v 0.06372414 1.05034605 -0.88790727
v 0.04005419 1.03828771 -0.86423733
v 0.07310280 1.12626862 -0.84146057
v 0.04764644 1.11331709 -0.81689740
v 0.01102501 1.11778299 -0.82314987
v 0.04764644 1.11331709 -0.81689740
v 0.00521917 1.04543335 -0.86870333
v -0.00326628 0.99943336 -0.90353838
v 0.06372414 1.05034605 -0.88790727
v 0.05300567 1.06955004 -0.91648985
v 0.06149113 1.14368603 -0.87316939
v 0.07399601 1.20710366 -0.80037311
v 0.06193773 1.22184154 -0.83520811
v 0.04764644 1.11331709 -0.81689740
v 0.07399601 1.20710366 -0.80037311
v 0.04764644 1.19415214 -0.77447012
v 0.06104453 1.26516201 -0.77447012
v 0.03603477 1.24327848 -0.75124677
v 0.07399601 1.20710366 -0.80037311
v 0.06193773 1.22184154 -0.83520811
v 0.05255907 1.27096788 -0.81779064
v 0.03603477 1.24327848 -0.75124677
v 0.04764644 1.30223000 -0.75526624
v 0.02397649 1.27454060 -0.73338266
v -0.00639250 1.24863777 -0.76509147
v 0.00164635 1.22720083 -0.77134394
v 0.02397649 1.27454060 -0.73338266
v 0.01057840 1.31116200 -0.70256708
v -0.00639250 1.24863777 -0.76509147
v -0.01934399 1.27454060 -0.75839242
v -0.00639250 1.24863777 -0.76509147
v 0.02397649 1.27454060 -0.73338266
v 0.03201534 1.34555046 -0.72489725
v 0.04764644 1.30223000 -0.75526624
v 0.05255907 1.27096788 -0.81779064
v 0.04318041 1.30356977 -0.80796535
v 0.04318041 1.30356977 -0.80796535
v 0.02844252 1.34108457 -0.79903329
v 0.04764644 1.30223000 -0.75526624
v 0.00164635 1.22720083 -0.77134394
v 0.04764644 1.19415214 -0.77447012
v 0.00923860 1.19504532 -0.78295559
v 0.00923860 1.19504532 -0.78295559
v 0.04764644 1.11331709 -0.81689740
v 0.01102501 1.11778299 -0.82314987
v -0.00058667 1.13520062 -0.85485863
v -0.00281968 1.20933661 -0.81779064
v 0.00164635 1.22720083 -0.77134394
v -0.00326628 1.23300649 -0.81109158
v -0.00549930 1.06463734 -0.89728592
v 0.00521917 1.04543335 -0.86870333
v -0.00058667 1.13520062 -0.85485863
v 0.02308328 1.22273472 -0.84369358
v -0.00281968 1.20933661 -0.81779064
v 0.02442309 1.14770555 -0.87942180
v 0.06149113 1.14368603 -0.87316939
v 0.06193773 1.22184154 -0.83520811
v 0.02219008 1.25489024 -0.83386834
v 0.05255907 1.27096788 -0.81779064
v -0.00281968 1.20933661 -0.81779064
v -0.00326628 1.23300649 -0.81109158
v 0.02263668 1.27588037 -0.82984887
v -0.00237308 1.24863777 -0.80885858
v -0.00058667 1.26516201 -0.80975176
v 0.02219008 1.25489024 -0.83386834
v 0.05255907 1.27096788 -0.81779064
v 0.04318041 1.30356977 -0.80796535
v 0.02263668 1.27588037 -0.82984887
v 0.04318041 1.30356977 -0.80796535
v 0.02844252 1.34108457 -0.79903329
v 0.02397649 1.29821070 -0.82850911
v -0.01934399 1.27454060 -0.75839242
v -0.00058667 1.26516201 -0.80975176
v -0.00326628 1.23300649 -0.81109158
v 0.00164635 1.22720083 -0.77134394
v 0.00968520 2.50816938 -0.38190624
v 0.08784070 2.51140720 -0.34885763
v 0.08828730 2.17187745 -0.30419734
v 0.00432596 2.16607157 -0.33903236
v 0.11999610 2.52123249 -0.27159533
v 0.12312232 2.18616874 -0.22157582
v 0.08784070 2.51140720 -0.34885763
v 0.11419026 2.80750490 -0.30196433
v 0.08426787 2.80035926 -0.37476059
v 0.01147161 2.79723302 -0.40468298
v 0.10570481 3.16255417 -0.33724595
v 0.11419026 2.80750490 -0.30196433
v 0.07712223 3.15540853 -0.40602279
v 0.09677275 3.46535090 -0.36761495
v 0.10570481 3.16255417 -0.33724595
v 0.06997658 3.45909846 -0.43147915
v 0.00566577 3.45641884 -0.45827534
v 0.07712223 3.15540853 -0.40602279
v 0.08426787 2.80035926 -0.37476059
v 0.01147161 2.79723302 -0.40468298
v 0.09677275 3.77306027 -0.38949848
v 0.07220960 3.77038066 -0.44934328
v 0.01236482 3.77082725 -0.47435304
v 0.09677275 3.46535090 -0.36761495
v 0.06997658 3.47160334 -0.30330414
v 0.07712223 3.16880661 -0.26802251
v 0.10570481 3.16255417 -0.33724595
v 0.08382127 2.81465055 -0.22961467
v 0.11419026 2.80750490 -0.30196433
v 0.11999610 2.52123249 -0.27159533
v 0.08382127 2.81465055 -0.22961467
v 0.00745218 3.17014641 -0.23943993
v 0.07712223 3.16880661 -0.26802251
v -0.06177126 3.16612700 -0.26802251
v -0.05864504 3.47204994 -0.30375074
v 0.00566577 3.47428296 -0.27695457
v 0.01236482 3.77975930 -0.30553715
v -0.04747996 3.77975930 -0.33054691
v 0.07176299 3.77663310 -0.33010031
v 0.01638424 4.16115813 -0.32161485
v 0.09632615 4.15892513 -0.40111016
v 0.09677275 3.77306027 -0.38949848
v 0.09677275 3.46535090 -0.36761495
v 0.09677275 3.77306027 -0.38949848
v 0.09632615 4.15892513 -0.40111016
v 0.00566577 3.47428296 -0.27695457
v 0.06997658 3.47160334 -0.30330414
v 0.04853965 1.24372507 -0.96918896
v 0.01281142 1.29955047 -0.98749972
v 0.03022893 1.37145351 -0.80215952
v 0.06729697 1.31384176 -0.78384882
v 0.04586003 1.19415214 -1.10004363
v 0.04853965 1.24372507 -0.96918896
v 0.01147161 1.24595802 -1.12014075
v 0.47727837 1.84987682 -0.63959609
v 0.45941426 1.85389623 -0.64361550
v 0.45718126 1.84853694 -0.63825627
v 0.47370555 1.83915835 -0.63468344
v 0.45941426 1.85389623 -0.64361550
v 0.45137541 1.85166317 -0.65746020
v 0.44780259 1.84675058 -0.65567379
v 0.45048220 1.84183788 -0.63334365
v 0.44065694 1.84049811 -0.65210097
v 0.47370555 1.83915835 -0.63468344
v 0.46611332 1.82843988 -0.62798442
v 0.46611332 1.82843988 -0.62798442
v 0.43842394 1.83335247 -0.62575139
v 0.47236576 1.81370189 -0.64227571
v 0.48174443 1.82754659 -0.64897474
v 0.45852106 1.79985730 -0.63334365
v 0.45360844 1.81727471 -0.61905236
v 0.43842394 1.83335247 -0.62575139
v 0.42055983 1.82308059 -0.61547954
v 0.43485112 1.80476989 -0.60744069
v 0.38483160 1.80655624 -0.59895522
v 0.39822969 1.78601259 -0.58957657
v 0.34776355 1.79315824 -0.58332413
v 0.37500634 1.80610965 -0.62307177
v 0.33883149 1.79315824 -0.61101351
v 0.35982184 1.76904166 -0.57215905
v 0.36294805 1.74537167 -0.58823675
v 0.30131686 1.72348814 -0.56903284
v 0.29863724 1.74894449 -0.55206193
v 0.35982184 1.76904166 -0.57215905
v 0.28836539 1.77484754 -0.56456681
v 0.34776355 1.79315824 -0.58332413
v 0.40224910 1.76502225 -0.60476107
v 0.39197725 1.76412907 -0.62932421
v 0.35401599 1.74581826 -0.61592613
v 0.43485112 1.80476989 -0.60744069
v 0.43887053 1.78511931 -0.62173198
v 0.43887053 1.78511931 -0.62173198
v 0.45360844 1.81727471 -0.61905236
v 0.45852106 1.79985730 -0.63334365
v 0.42859868 1.78422613 -0.64450871
v 0.40224910 1.76502225 -0.60476107
v 0.39197725 1.76412907 -0.62932421
v 0.44824920 1.79851742 -0.65388738
v 0.43887053 1.78511931 -0.62173198
v 0.46298708 1.81236212 -0.66103303
v 0.47236576 1.81370189 -0.64227571
v 0.47281235 1.82620682 -0.66639226
v 0.46298708 1.81236212 -0.66103303
v 0.44690938 1.82531365 -0.66594567
v 0.45584144 1.83558552 -0.66951849
v 0.46298708 1.81236212 -0.66103303
v 0.43351130 1.81459518 -0.66013982
v 0.44065694 1.84049811 -0.65210097
v 0.42859868 1.83201270 -0.64629512
v 0.44690938 1.82531365 -0.66594567
v 0.44780259 1.84675058 -0.65567379
v 0.45584144 1.83558552 -0.66951849
v 0.44065694 1.84049811 -0.65210097
v 0.45137541 1.85166317 -0.65746020
v 0.45584144 1.83558552 -0.66951849
v 0.46075408 1.84541070 -0.67175149
v 0.45137541 1.85166317 -0.65746020
v 0.46120067 1.85344964 -0.67085826
v 0.47817158 1.84139129 -0.66996508
v 0.47281235 1.82620682 -0.66639226
v 0.48665702 1.84362435 -0.65388738
v 0.47504537 1.86104187 -0.67041167
v 0.47817158 1.84139129 -0.66996508
v 0.48129779 1.86506128 -0.65612038
v 0.47325896 1.86148846 -0.64272230
v 0.46343370 1.86416811 -0.65746020
v 0.45941426 1.85389623 -0.64361550
v 0.46343370 1.86416811 -0.65746020
v 0.47504537 1.86104187 -0.67041167
v 0.46343370 1.86416811 -0.65746020
v 0.46120067 1.85344964 -0.67085826
v 0.46343370 1.86416811 -0.65746020
v 0.46075408 1.84541070 -0.67175149
v 0.46120067 1.85344964 -0.67085826
v 0.47817158 1.84139129 -0.66996508
v 0.45584144 1.83558552 -0.66951849
v 0.46075408 1.84541070 -0.67175149
v 0.68896815 2.03744995 -0.08625515
v 0.67735645 2.01556643 -0.11171152
v 0.62778352 2.05620725 -0.12555620
v 0.64028840 2.07898406 -0.09831343
v 0.62376411 2.06871218 -0.06571142
v 0.68896815 2.03744995 -0.08625515
v 0.67378363 2.02717808 -0.05588616
v 0.67378363 2.02717808 -0.05588616
v 0.71844391 2.01422666 -0.07866291
v 0.70638562 2.00440137 -0.05052693
v 0.73228861 1.95840126 -0.04829391
v 0.69164774 1.97626538 -0.05543956
v 0.74122067 1.98653726 -0.04472109
v 0.74970614 1.99680914 -0.07107066
v 0.71844391 2.01422666 -0.07866291
v 0.74970614 1.99680914 -0.07107066
v 0.71129826 1.99234303 -0.10054645
v 0.74613331 1.97492561 -0.09116779
v 0.73541484 1.95125562 -0.07687649
v 0.69477397 1.96911973 -0.08670176
v 0.67735645 2.01556643 -0.11171152
v 0.69477397 1.96911973 -0.08670176
v 0.65547292 1.99189644 -0.09697362
v 0.62778352 2.05620725 -0.12555620
v 0.65547292 1.99189644 -0.09697362
v 0.60322040 2.03209077 -0.11037171
v 0.76846343 1.99144985 -0.06839104
v 0.74613331 1.97492561 -0.09116779
v 0.76757025 1.97090609 -0.08670176
v 0.76489061 1.94768280 -0.07285707
v 0.73541484 1.95125562 -0.07687649
v 0.76757025 1.97090609 -0.08670176
v 0.28032654 1.77574072 -0.59448919
v 0.28300615 1.75028437 -0.61146010
v 0.21780212 1.73465320 -0.59761542
v 0.21646232 1.76144942 -0.57975131
v 0.21646232 1.76144942 -0.57975131
v 0.13473399 1.72170179 -0.58332413
v 0.13518060 1.75073096 -0.56501340
v 0.13518060 1.75073096 -0.56501340
v 0.03201534 1.71544932 -0.56769302
v 0.03514156 1.74626496 -0.54848911
v 0.21780212 1.73465320 -0.59761542
v 0.22584097 1.70607062 -0.58377072
v 0.14053983 1.69177933 -0.56813964
v 0.03201534 1.71544932 -0.56769302
v 0.13473399 1.72170179 -0.58332413
v 0.03469496 1.68374050 -0.55072211
v 0.03514156 1.74626496 -0.54848911
v -0.09303345 1.71946873 -0.54893570
v 0.03469496 1.68374050 -0.55072211
v -0.09303345 1.68597356 -0.53062500
v -0.08678101 1.75162414 -0.52928517
v -0.16404331 1.72840084 -0.53643082
v -0.15153843 1.76144942 -0.51633371
v -0.09303345 1.71946873 -0.54893570
v -0.09303345 1.68597356 -0.53062500
v -0.16359670 1.69356579 -0.51767350
v -0.15153843 1.76144942 -0.51633371
v -0.20915021 1.73465320 -0.52839197
v -0.19396570 1.76993484 -0.50650844
v -0.16359670 1.69356579 -0.51767350
v -0.20915021 1.69803179 -0.50874144
v -0.26184934 1.74090567 -0.52124632
v -0.26140273 1.70205121 -0.49980939
v -0.20915021 1.69803179 -0.50874144
v -0.24398523 1.70339108 -0.45112969
v -0.19351909 1.69669203 -0.46720739
v -0.16359670 1.69356579 -0.51767350
v -0.15109182 1.69222592 -0.47881907
v -0.13322771 1.72527461 -0.45872193
v -0.16448991 1.73242025 -0.44532384
v -0.24398523 1.70339108 -0.45112969
v -0.19217929 1.74403190 -0.42299370
v -0.09303345 1.68597356 -0.53062500
v -0.08678101 1.68463368 -0.49311036
v 0.04094740 1.68240074 -0.51499388
v 0.14053983 1.69177933 -0.56813964
v 0.03469496 1.68374050 -0.55072211
v 0.14679227 1.69043956 -0.53419782
v 0.14679227 1.69043956 -0.53419782
v 0.14723887 1.71946873 -0.51588709
v 0.04362702 1.71321626 -0.49623656
v -0.08678101 1.68463368 -0.49311036
v 0.04362702 1.71321626 -0.49623656
v -0.08052858 1.71678909 -0.47390642
v -0.15109182 1.69222592 -0.47881907
v -0.08052858 1.75028437 -0.49177054
v 0.04094740 1.74492508 -0.51320747
v 0.14723887 1.71946873 -0.51588709
v 0.14143304 1.74983778 -0.53107159
v -0.08052858 1.75028437 -0.49177054
v 0.03514156 1.74626496 -0.54848911
v -0.08678101 1.75162414 -0.52928517
v -0.08052858 1.71678909 -0.47390642
v -0.13367431 1.76010955 -0.47747924
v -0.13322771 1.72527461 -0.45872193
v -0.13367431 1.76010955 -0.47747924
v -0.08678101 1.75162414 -0.52928517
v -0.15153843 1.76144942 -0.51633371
v -0.16493651 1.76859507 -0.46497436
v -0.15153843 1.76144942 -0.51633371
v -0.19396570 1.76993484 -0.50650844
v -0.19262589 1.78288636 -0.44398404
v -0.19396570 1.76993484 -0.50650844
v -0.24532502 1.78109990 -0.49266374
v -0.16448991 1.73242025 -0.44532384
v -0.19262589 1.78288636 -0.44398404
v -0.19217929 1.74403190 -0.42299370
v -0.13322771 1.72527461 -0.45872193
v -0.16493651 1.76859507 -0.46497436
v -0.13367431 1.76010955 -0.47747924
v 0.03826778 1.58180335 -0.38056643
v 0.03737458 1.54428877 -0.43415877
v -0.03854791 1.54205582 -0.43371217
v -0.03810131 1.58001700 -0.37922662
v -0.03452848 1.44246338 -0.62128536
v -0.07472274 1.48533725 -0.39843054
v -0.03854791 1.54205582 -0.43371217
v -0.03810131 1.58001700 -0.37922662
v 0.03737458 1.54428877 -0.43415877
v 0.03916099 1.44469632 -0.62173198
v 0.07712223 1.48980314 -0.39887714
v 0.03826778 1.58180335 -0.38056643
v 0.07846204 1.52195865 -0.35064404
v -0.03854791 1.61496369 -0.33054691
v 0.07846204 1.52195865 -0.35064404
v 0.08069505 1.54920147 -0.30598375
v -0.04078092 1.37145351 -0.79680029
v -0.03452848 1.44246338 -0.62128536
v -0.07472274 1.31384176 -0.77313035
v -0.03452848 1.44246338 -0.62128536
v 0.03022893 1.37145351 -0.80215952
v -0.05551882 1.29999706 -0.98124725
v 0.01281142 1.29955047 -0.98749972
v -0.05417901 1.24238530 -1.12427186
v 0.01147161 1.24595802 -1.12014075
v 0.05970472 1.15797732 -1.24440796
v 0.04586003 1.19415214 -1.10004363
v 0.07042319 1.15395780 -1.36186452
v 0.05970472 1.15797732 -1.24440796
v 0.03603477 1.20442391 -1.36275770
v 0.06774357 1.15574438 -1.46726284
v 0.07042319 1.15395780 -1.36186452
v 0.06729697 1.31384176 -0.78384882
v 0.03916099 1.44469632 -0.62173198
v 0.07756883 1.38753116 -0.59582901
v 0.07712223 1.48980314 -0.39887714
v -0.10375192 1.26962812 -0.78786823
v -0.18414043 1.23702601 -0.83342170
v -0.18414043 1.26784154 -0.85575187
v -0.10419853 1.30178341 -0.81153817
v -0.20334436 1.23702601 -0.80037311
v -0.12340245 1.27007471 -0.75303318
v -0.07204312 1.28213283 -0.77223712
v -0.10419853 1.30178341 -0.81153817
v -0.06981011 1.31696788 -0.79456729
v -0.25023767 1.23970555 -0.89415968
v -0.25068426 1.21022979 -0.87316939
v -0.33419900 1.18343378 -0.88835386
v -0.27033478 1.20978320 -0.84235375
v -0.31410186 1.18432696 -0.91693644
v -0.20379096 1.29910388 -0.84503340
v -0.12474226 1.33438552 -0.80037311
v -0.10419853 1.30178341 -0.81153817
v -0.25023767 1.23970555 -0.89415968
v -0.20379096 1.29910388 -0.84503340
v -0.26944158 1.26918153 -0.88433445
v -0.12474226 1.33438552 -0.80037311
v -0.07740236 1.35269611 -0.77714977
v -0.06981011 1.31696788 -0.79456729
v -0.04480035 1.36386128 -0.76375165
v -0.09214025 1.35626904 -0.73427589
v -0.05819843 1.37011374 -0.71149913
v -0.00460609 1.37547281 -0.74946036
v -0.02068379 1.38887093 -0.67755732
v -0.04480035 1.36386128 -0.76375165
v -0.02738284 1.33617187 -0.78072259
v -0.04837317 1.32634669 -0.78652841
v -0.02738284 1.33617187 -0.78072259
v -0.07740236 1.35269611 -0.77714977
v -0.14439278 1.33483210 -0.76553806
v -0.12474226 1.33438552 -0.80037311
v -0.09526647 1.32188058 -0.71149913
v -0.06355767 1.33349234 -0.68872238
v -0.05819843 1.37011374 -0.71149913
v -0.02961585 1.35046316 -0.65344076
v -0.14394618 1.30267659 -0.74231472
v -0.22299488 1.29910388 -0.81198476
v -0.22299488 1.26828813 -0.78965464
v -0.20334436 1.23702601 -0.80037311
v -0.12340245 1.27007471 -0.75303318
v -0.09526647 1.32188058 -0.71149913
v -0.12340245 1.27007471 -0.75303318
v -0.08276159 1.28391941 -0.73159625
v -0.28864551 1.26873472 -0.85351886
v -0.22299488 1.26828813 -0.78965464
v -0.28909210 1.23925896 -0.83252852
v -0.20379096 1.29910388 -0.84503340
v -0.26944158 1.26918153 -0.88433445
v -0.22299488 1.29910388 -0.81198476
v -0.20379096 1.29910388 -0.84503340
v -0.14439278 1.33483210 -0.76553806
v -0.26944158 1.26918153 -0.88433445
v -0.35116991 1.23970555 -0.89862574
v -0.33151939 1.24104553 -0.92720832
v -0.39091755 1.22094837 -0.93390738
v -0.35295632 1.21112297 -0.87942180
v -0.39449037 1.19325896 -0.91827626
v -0.36948061 1.22273472 -0.95802390
v -0.35206312 1.19727827 -0.96606278
v -0.31276207 1.21290954 -0.93614038
v -0.31276207 1.21290954 -0.93614038
v -0.25023767 1.23970555 -0.89415968
v -0.31410186 1.18432696 -0.91693644
v -0.35563594 1.16958908 -0.94998508
v -0.39181076 1.18298697 -1.00223760
v -0.39716999 1.15619097 -0.98973272
v -0.41905354 1.15351121 -0.96874237
v -0.37707288 1.16735592 -0.92631509
v -0.37707288 1.16735592 -0.92631509
v -0.33419900 1.18343378 -0.88835386
v -0.25068426 1.21022979 -0.87316939
v -0.31276207 1.21290954 -0.93614038
v -0.25023767 1.23970555 -0.89415968
v -0.27033478 1.20978320 -0.84235375
v -0.18414043 1.23702601 -0.83342170
v -0.20334436 1.23702601 -0.80037311
v -0.41414090 1.17852108 -1.02635412
v -0.39181076 1.18298697 -1.00223760
v -0.42217975 1.15217145 -1.01697548
v -0.44406330 1.14949191 -0.99866477
v -0.41905354 1.15351121 -0.96874237
v -0.46371383 1.15083168 -1.02501436
v -0.44227689 1.15351121 -1.04153865
v -0.48157794 1.15619097 -1.04779106
v -0.46192742 1.15842391 -1.06386876
v -0.45120895 1.18164721 -1.06744159
v -0.43289822 1.17807449 -1.04734447
v -0.44450989 1.19995802 -1.03707259
v -0.46014100 1.20174438 -1.05493671
v -0.48023812 1.19951143 -1.03930565
v -0.48783035 1.20129779 -1.04868429
v -0.47219929 1.20442391 -1.06565517
v -0.46728665 1.18700650 -1.07994647
v -0.45120895 1.18164721 -1.06744159
v -0.46192742 1.15842391 -1.06386876
v -0.47800512 1.16646274 -1.07816005
v -0.48425753 1.19370555 -1.09111158
v -0.49318959 1.17405497 -1.08843193
v -0.49095659 1.17673473 -1.03573282
v -0.49854882 1.18075403 -1.04645129
v -0.49899547 1.20442391 -1.05850953
v -0.50792752 1.18522014 -1.05582994
v -0.50524788 1.17003567 -1.07101441
v -0.49363623 1.16333661 -1.06118917
v -0.50792752 1.18522014 -1.05582994
v -0.49095659 1.17673473 -1.03573282
v -0.49363623 1.16333661 -1.06118917
v -0.48157794 1.15619097 -1.04779106
v -0.47577212 1.17271520 -1.01429589
v -0.48157794 1.15619097 -1.04779106
v -0.46371383 1.15083168 -1.02501436
v -0.45835459 1.17271520 -0.99017931
v -0.47577212 1.17271520 -1.01429589
v -0.44406330 1.14949191 -0.99866477
v -0.43557783 1.17762790 -0.96070355
v -0.45835459 1.17271520 -0.99017931
v -0.41905354 1.15351121 -0.96874237
v -0.37707288 1.16735592 -0.92631509
v -0.42977201 1.20487072 -0.97320843
v -0.39091755 1.22094837 -0.93390738
v -0.35295632 1.21112297 -0.87942180
v -0.33419900 1.18343378 -0.88835386
v -0.35116991 1.23970555 -0.89862574
v -0.28909210 1.23925896 -0.83252852
v -0.28864551 1.26873472 -0.85351886
v -0.22299488 1.26828813 -0.78965464
v -0.27033478 1.20978320 -0.84235375
v -0.20334436 1.23702601 -0.80037311
v -0.45076236 1.19906484 -0.99955795
v -0.43557783 1.17762790 -0.96070355
v -0.45835459 1.17271520 -0.99017931
v -0.46594683 1.19727827 -1.02054830
v -0.45835459 1.17271520 -0.99017931
v -0.47577212 1.17271520 -1.01429589
v -0.48023812 1.19951143 -1.03930565
v -0.47577212 1.17271520 -1.01429589
v -0.42887881 1.20174438 -1.01786871
v -0.45076236 1.19906484 -0.99955795
v -0.41414090 1.17852108 -1.02635412
v -0.42217975 1.15217145 -1.01697548
v -0.44227689 1.15351121 -1.04153865
v -0.40788846 1.20755025 -0.99419872
v -0.42887881 1.20174438 -1.01786871
v -0.39181076 1.18298697 -1.00223760
v -0.35206312 1.19727827 -0.96606278
v -0.61466556 1.45898761 -0.71775160
v -0.60930633 1.44246338 -0.68872238
v -0.57804415 1.47551185 -0.67353791
v -0.58206357 1.49382266 -0.70435349
v -0.54544216 1.51124008 -0.65478059
v -0.54990816 1.53133725 -0.68738261
v -0.54544216 1.51124008 -0.65478059
v -0.55080140 1.45184197 -0.67889714
v -0.51596635 1.48757019 -0.65969320
v -0.60662674 1.40048268 -0.70122725
v -0.58474321 1.41968667 -0.69363502
v -0.62895685 1.42102644 -0.69676125
v -0.62761708 1.37993892 -0.70703313
v -0.60662674 1.40048268 -0.70122725
v -0.64950061 1.39824974 -0.70256708
v -0.65753943 1.40852151 -0.72847007
v -0.64950061 1.39824974 -0.70256708
v -0.63610250 1.43397796 -0.72400401
v -0.61779179 1.42102644 -0.74544095
v -0.64101514 1.39646316 -0.74812059
v -0.61466556 1.45898761 -0.71775160
v -0.62895685 1.42102644 -0.69676125
v -0.59322862 1.44648268 -0.74097495
v -0.61779179 1.42102644 -0.74544095
v -0.55794704 1.48176432 -0.72847007
v -0.58206357 1.49382266 -0.70435349
v -0.59322862 1.44648268 -0.74097495
v -0.57491792 1.42191962 -0.72579042
v -0.53874310 1.45586149 -0.71239237
v -0.53874310 1.45586149 -0.71239237
v -0.52266540 1.52017230 -0.71194572
v -0.50167506 1.49292948 -0.69497484
v -0.48202453 1.56885183 -0.68872238
v -0.45880118 1.54116264 -0.67041167
v -0.51239352 1.57912382 -0.66371264
v -0.43736425 1.63059475 -0.65835341
v -0.48202453 1.56885183 -0.68872238
v -0.45880118 1.54116264 -0.67041167
v -0.41190790 1.60290535 -0.63780968
v -0.47085947 1.63952686 -0.63289703
v -0.54990816 1.53133725 -0.68738261
v -0.50792752 1.55768688 -0.62977083
v -0.54544216 1.51124008 -0.65478059
v -0.51596635 1.48757019 -0.65969320
v -0.47487888 1.53401700 -0.63334365
v -0.51239352 1.57912382 -0.66371264
v -0.46594683 1.61675005 -0.59672222
v -0.42173316 1.66051721 -0.64584853
v -0.43736425 1.63059475 -0.65835341
v -0.43334483 1.67927450 -0.61190671
v -0.42664578 1.65337156 -0.57573187
v -0.39270396 1.67302203 -0.56233378
v -0.40252922 1.70205121 -0.59984842
v -0.43334483 1.67927450 -0.61190671
v -0.41324769 1.68016768 -0.63959609
v -0.35965535 1.72795414 -0.58466393
v -0.41324769 1.68016768 -0.63959609
v -0.34491747 1.69579874 -0.54089685
v -0.35965535 1.72795414 -0.58466393
v -0.39270396 1.67302203 -0.56233378
v -0.34491747 1.69579874 -0.54089685
v -0.37260685 1.64220640 -0.58779016
v -0.40922828 1.63774040 -0.62709121
v -0.41682052 1.65426474 -0.62530480
v -0.39493699 1.62880839 -0.58823675
v -0.41056808 1.61585687 -0.59091637
v -0.40744187 1.62300252 -0.63021742
v -0.41056808 1.61585687 -0.59091637
v -0.41324769 1.68016768 -0.63959609
v -0.42173316 1.66051721 -0.64584853
v -0.40520884 1.70294438 -0.63513006
v -0.35965535 1.72795414 -0.58466393
v -0.41190790 1.60290535 -0.63780968
v -0.40744187 1.62300252 -0.63021742
v -0.40922828 1.63774040 -0.62709121
v -0.41056808 1.61585687 -0.59091637
v -0.41190790 1.60290535 -0.63780968
v -0.42932539 1.59441993 -0.59940183
v -0.41682052 1.65426474 -0.62530480
v -0.39493699 1.62880839 -0.58823675
v -0.40520884 1.70294438 -0.63513006
v -0.41324769 1.68016768 -0.63959609
v -0.37260685 1.64220640 -0.58779016
v -0.39493699 1.62880839 -0.58823675
v -0.00415949 2.12364429 -0.26266328
v -0.01041193 2.13570263 -0.31044978
v 0.06238433 2.22457650 -0.31982844
v 0.07354941 2.23216885 -0.26489629
v -0.07784896 2.22725615 -0.29481868
v -0.07204312 2.23395520 -0.23720692
v -0.01041193 2.13570263 -0.31044978
v -0.08365479 2.22011050 -0.34975083
v -0.07784896 2.22725615 -0.29481868
v -0.01755757 2.13838217 -0.36046930
v -0.01041193 2.30407189 -0.33144012
v -0.08812082 2.21430473 -0.39307131
v -0.01041193 2.13570263 -0.31044978
v 0.05211247 2.21698427 -0.37252758
v 0.05211247 2.21698427 -0.37252758
v -0.01711097 2.29156696 -0.37833341
v 0.06238433 2.22457650 -0.31982844
v -0.00460609 2.32104272 -0.29079926
v -0.07784896 2.22725615 -0.29481868
v -0.07204312 2.23395520 -0.23720692
v 0.06238433 2.22457650 -0.31982844
v -0.00460609 2.32104272 -0.29079926
v 0.07354941 2.23216885 -0.26489629
v -0.63565591 2.14776087 -0.17512912
v -0.64369479 2.14552781 -0.16530386
v -0.64592779 2.16517839 -0.16307084
v -0.64280155 2.16875122 -0.16843008
v -0.64190838 2.15445993 -0.15279898
v -0.62895685 2.14597440 -0.15235238
v -0.64190838 2.15445993 -0.15279898
v -0.62895685 2.14597440 -0.15235238
v -0.63565591 2.14776087 -0.17512912
v -0.62270444 2.14552781 -0.15547860
v -0.62583067 2.15222687 -0.18138156
v -0.61600538 2.14731428 -0.15726501
v -0.61198597 2.15892593 -0.18495438
v -0.63565591 2.17455699 -0.17244950
v -0.62583067 2.18214933 -0.17512912
v -0.59680145 2.16696475 -0.18584759
v -0.61198597 2.15892593 -0.18495438
v -0.61243256 2.19242110 -0.17512912
v -0.57625774 2.17812981 -0.18450778
v -0.59456845 2.20492603 -0.17334271
v -0.54946157 2.19376098 -0.18093496
v -0.57134510 2.22145038 -0.16887668
v -0.51596635 2.21653768 -0.17378931
v -0.54946157 2.19376098 -0.18093496
v -0.54186934 2.24512026 -0.16173103
v -0.50346147 2.26209120 -0.11081831
v -0.50524788 2.27772226 -0.15101257
v -0.54097611 2.22993579 -0.12421640
v -0.54856834 2.17946969 -0.14609994
v -0.51507317 2.20135321 -0.13672128
v -0.57045192 2.20760568 -0.13448826
v -0.57134510 2.22145038 -0.16887668
v -0.54186934 2.24512026 -0.16173103
v -0.57045192 2.20760568 -0.13448826
v -0.57134510 2.22145038 -0.16887668
v -0.59278204 2.19197451 -0.14118730
v -0.59456845 2.20492603 -0.17334271
v -0.60975297 2.18170263 -0.14565333
v -0.59278204 2.19197451 -0.14118730
v -0.59412186 2.15624628 -0.15637180
v -0.57447133 2.16517839 -0.15279898
v -0.60975297 2.18170263 -0.14565333
v -0.60707333 2.15044051 -0.15771161
v -0.62136462 2.17366381 -0.14788635
v -0.62583067 2.18214933 -0.17512912
v -0.63565591 2.17455699 -0.17244950
v -0.62627726 2.16964440 -0.14877955
v -0.62583067 2.18214933 -0.17512912
v -0.62583067 2.15222687 -0.18138156
v -0.64280155 2.16875122 -0.16843008
v -0.63565591 2.14776087 -0.17512912
v -0.61600538 2.14731428 -0.15726501
v -0.60707333 2.15044051 -0.15771161
v -0.59412186 2.15624628 -0.15637180
v -0.61198597 2.15892593 -0.18495438
v -0.64280155 2.16875122 -0.16843008
v -0.62627726 2.16964440 -0.14877955
v -0.63118991 2.16517839 -0.15011936
v -0.62270444 2.14552781 -0.15547860
v -0.61600538 2.14731428 -0.15726501
v -0.74998624 1.54428877 -1.09155817
v -0.69728713 1.52374501 -1.12103393
v -0.62806367 1.51927912 -0.99330554
v -0.79286011 1.56215299 -1.17429138
v -0.74462700 1.54339559 -1.20644678
v -0.66066567 1.57465771 -1.13365045
v -0.59367527 1.57287135 -1.01429589
v -0.68478225 1.54071606 -0.96382973
v -0.68478225 1.54071606 -0.96382973
v -0.55258781 1.53267701 -0.86647033
v -0.61109274 1.55634711 -0.83208193
v -0.74596682 1.60826464 -1.08530570
v -0.79286011 1.56215299 -1.17429138
v -0.78616105 1.62166275 -1.16312621
v -0.78616105 1.62166275 -1.16312621
v -0.82903493 1.58001700 -1.23815549
v -0.82233592 1.63640063 -1.22743702
v -0.86119033 1.59441993 -1.29889348
v -0.82903493 1.58001700 -1.23815549
v -0.85672433 1.64801228 -1.29219453
v -0.87682144 1.60335205 -1.35516546
v -0.87369521 1.65292487 -1.34935969
v -0.87994768 1.61496369 -1.41143745
v -0.87637485 1.66007051 -1.39982580
v -0.83126798 1.58582287 -1.36633052
v -0.81697669 1.57689087 -1.32524311
v -0.86119033 1.59441993 -1.29889348
v -0.78437464 1.56259958 -1.27031090
v -0.82903493 1.58001700 -1.23815549
v -0.83618057 1.59709958 -1.41233063
v -0.80491840 1.63952686 -1.42304910
v -0.80625822 1.63104134 -1.40116557
v -0.83126798 1.61139087 -1.44403944
v -0.83126798 1.58582287 -1.36633052
v -0.80625822 1.63104134 -1.40116557
v -0.80000575 1.62478898 -1.36722381
v -0.80000575 1.62478898 -1.36722381
v -0.78526787 1.62032287 -1.33462171
v -0.81697669 1.57689087 -1.32524311
v -0.75043282 1.60826464 -1.27968960
v -0.78437464 1.56259958 -1.27031090
v -0.70845218 1.59118216 -1.21537879
v -0.66066567 1.57465771 -1.13365045
v -0.74462700 1.54339559 -1.20644678
v -0.79286011 1.56215299 -1.17429138
v -0.16047048 1.71321626 -0.39307131
v -0.31186886 1.63416757 -0.56456681
v -0.28685910 1.69177933 -0.61190671
v -0.13635393 1.77261448 -0.44532384
v -0.31186886 1.63416757 -0.56456681
v -0.41280110 1.63282781 -0.75615942
v -0.43959725 1.57644428 -0.71373213
v -0.43959725 1.57644428 -0.71373213
v -0.52311199 1.58850241 -0.90130533
v -0.55258781 1.53267701 -0.86647033
v -0.55258781 1.53267701 -0.86647033
v -0.62806367 1.51927912 -0.99330554
v -0.61109274 1.55634711 -0.83208193
v -0.43959725 1.57644428 -0.71373213
v -0.49854882 1.60245876 -0.67487773
v -0.37305344 1.66141039 -0.52303273
v -0.38600493 1.73643967 -0.54491629
v -0.50882070 1.67480850 -0.69363502
v -0.50882070 1.67480850 -0.69363502
v -0.61823838 1.62702193 -0.84592658
v -0.49854882 1.60245876 -0.67487773
v -0.56375286 1.64667251 -0.88880045
v -0.61823838 1.62702193 -0.84592658
v -0.45567495 1.69356579 -0.74410113
v -0.38600493 1.73643967 -0.54491629
v -0.33241259 1.75475037 -0.59984842
v -0.33241259 1.75475037 -0.59984842
v -0.24175220 1.81772141 -0.37744021
v -0.37305344 1.66141039 -0.52303273
v -0.18682005 1.83692529 -0.43549858
v -0.22522791 1.74135226 -0.35109064
v -0.20200455 1.84451753 -0.33054691
v -0.18994627 1.76278919 -0.30866337
v -0.20200455 1.84451753 -0.33054691
v -0.14573259 1.86506128 -0.38860528
v -0.09705288 1.79717765 -0.40066356
v -0.13635393 1.77261448 -0.44532384
v -0.05998484 1.81816800 -0.36046930
v -0.10911116 1.89096422 -0.34751782
v -0.03363528 1.83290588 -0.33188672
v -0.05998484 1.81816800 -0.36046930
v -0.08410140 1.90972151 -0.31938184
v -0.00862552 1.84630399 -0.30553715
v -0.06087805 1.92803222 -0.29392548
v 0.02085027 1.86148846 -0.27427495
v -0.03452848 1.94946915 -0.26534289
v -0.11982963 1.90168269 -0.22916806
v -0.14260637 1.88560504 -0.25730404
v -0.06087805 1.92803222 -0.29392548
v -0.09392666 1.92133327 -0.19656606
v -0.11581020 1.79762424 -0.21443017
v -0.03452848 1.94946915 -0.26534289
v -0.09214025 1.80566307 -0.18361457
v -0.06802370 1.94321680 -0.16441065
v -0.06936350 1.80655624 -0.15235238
v -0.09214025 1.80566307 -0.18361457
v -0.00817891 1.75609014 -0.21532338
v -0.02916925 1.76323578 -0.24077974
v -0.11581020 1.79762424 -0.21443017
v -0.05194599 1.75966296 -0.26757591
v -0.13590733 1.78958542 -0.24077974
v -0.07204312 1.75430378 -0.29079926
v -0.07204312 1.75430378 -0.29079926
v -0.03363528 1.83290588 -0.33188672
v -0.00862552 1.84630399 -0.30553715
v -0.02916925 1.76323578 -0.24077974
v 0.02085027 1.86148846 -0.27427495
v -0.05998484 1.81816800 -0.36046930
v -0.03363528 1.83290588 -0.33188672
v -0.09392666 1.74671154 -0.31625562
v -0.15779087 1.77931354 -0.26891572
v -0.13590733 1.78958542 -0.24077974
v -0.11982963 1.90168269 -0.22916806
v -0.14260637 1.88560504 -0.25730404
v -0.15779087 1.77931354 -0.26891572
v -0.12563546 1.73331343 -0.35287705
v -0.13635393 1.77261448 -0.44532384
v -0.09705288 1.79717765 -0.40066356
v -0.16047048 1.71321626 -0.39307131
v -0.18994627 1.76278919 -0.30866337
v -0.16672292 1.86863411 -0.28767304
v -0.09392666 1.74671154 -0.31625562
v -0.09705288 1.79717765 -0.40066356
v -0.05998484 1.81816800 -0.36046930
v -0.31186886 1.63416757 -0.56456681
v -0.22522791 1.74135226 -0.35109064
v -0.14260637 1.88560504 -0.25730404
v -0.13590733 1.78958542 -0.24077974
v -0.16672292 1.86863411 -0.28767304
v -0.10911116 1.89096422 -0.34751782
v -0.08410140 1.90972151 -0.31938184
v -0.14573259 1.86506128 -0.38860528
v -0.20200455 1.84451753 -0.33054691
v 0.37500634 1.80610965 -0.62307177
v 0.37857916 1.78467272 -0.63825627
v 0.34240432 1.76948825 -0.62709121
v 0.33883149 1.79315824 -0.61101351
v 0.33883149 1.79315824 -0.61101351
v 0.28300615 1.75028437 -0.61146010
v 0.21780212 1.73465320 -0.59761542
v 0.29327800 1.72393473 -0.59850863
v 0.23254002 1.70517744 -0.55161532
v 0.14053983 1.69177933 -0.56813964
v 0.23120021 1.73242025 -0.53419782
v 0.30131686 1.72348814 -0.56903284
v 0.35401599 1.74581826 -0.61592613
v 0.30131686 1.72348814 -0.56903284
v 0.29327800 1.72393473 -0.59850863
v 0.36294805 1.74537167 -0.58823675
v 0.14143304 1.74983778 -0.53107159
v 0.14723887 1.71946873 -0.51588709
v 0.22316136 1.76055625 -0.54804249
v 0.29863724 1.74894449 -0.55206193
v 0.22316136 1.76055625 -0.54804249
v 0.28836539 1.77484754 -0.56456681
v 0.21646232 1.76144942 -0.57975131
v 0.13518060 1.75073096 -0.56501340
v 0.22316136 1.76055625 -0.54804249
v 0.04094740 1.74492508 -0.51320747
v 0.13518060 1.75073096 -0.56501340
v 0.03514156 1.74626496 -0.54848911
v 0.28032654 1.77574072 -0.59448919
v 0.21646232 1.76144942 -0.57975131
v 0.28836539 1.77484754 -0.56456681
v 0.33883149 1.79315824 -0.61101351
v 0.28032654 1.77574072 -0.59448919
v 0.34776355 1.79315824 -0.58332413
v -0.06623728 6.81610042 -0.35600327
v -0.08186838 6.81744019 -0.37163437
v -0.08231499 6.82279948 -0.35511007
v -0.08186838 6.81744019 -0.37163437
v -0.09749948 6.81386726 -0.35644987
v -0.08231499 6.82279948 -0.35511007
v -0.09749948 6.81386726 -0.35644987
v -0.08186838 6.81252749 -0.34081877
v -0.08231499 6.82279948 -0.35511007
v -0.08186838 6.81252749 -0.34081877
v -0.06623728 6.81610042 -0.35600327
v -0.08231499 6.82279948 -0.35511007
v 0.78275472 1.97269256 -0.08625515
v 0.78766736 1.97269256 -0.08714836
v 0.79391978 1.95527503 -0.07821630
v 0.79391978 1.95527503 -0.07821630
v 0.78230813 1.95170221 -0.07464348
v 0.79838583 1.96018762 -0.08268233
v 0.80329848 1.97313914 -0.09072118
v 0.79659942 1.98698385 -0.08670176
v 0.80329848 1.97313914 -0.09072118
v 0.79302660 1.98966349 -0.07955611
v 0.81267712 1.98341102 -0.08223573
v 0.80329848 1.97313914 -0.09072118
v 0.81357030 1.96644009 -0.08000271
v 0.80329848 1.97313914 -0.09072118
v 0.79838583 1.96018762 -0.08268233
v 0.80329848 1.97313914 -0.09072118
v 0.81267712 1.98341102 -0.08223573
v 0.80999748 1.98519738 -0.07017745
v 0.81223053 1.96554691 -0.07107066
v 0.81267712 1.98341102 -0.08223573
v 0.79302660 1.98966349 -0.07955611
v 0.80195865 1.98385761 -0.05856578
v 0.78766736 1.99011008 -0.07375028
v 0.81223053 1.96554691 -0.07107066
v 0.80999748 1.98519738 -0.07017745
v 0.80597807 1.96242068 -0.06124540
v 0.78230813 1.95170221 -0.07464348
v 0.79391978 1.95527503 -0.07821630
v 0.78900719 1.95750809 -0.05186674
v 0.76489061 1.94768280 -0.07285707
v 0.78230813 1.95170221 -0.07464348
v 0.76355078 1.95348867 -0.04606090
v 0.76578384 1.98073138 -0.04338128
v 0.78498772 1.98117797 -0.04918712
v 0.76355078 1.95348867 -0.04606090
v 0.74122067 1.98653726 -0.04472109
v 0.76578384 1.98073138 -0.04338128
v 0.76846343 1.99144985 -0.06839104
v 0.76578384 1.98073138 -0.04338128
v 0.77650231 1.99011008 -0.06973085
v 0.78498772 1.98117797 -0.04918712
v 0.77471590 1.97179938 -0.08536195
v 0.78275472 1.97269256 -0.08625515
v 0.77471590 1.97179938 -0.08536195
v 0.78230813 1.95170221 -0.07464348
v 0.76757025 1.97090609 -0.08670176
v 0.78230813 1.95170221 -0.07464348
v 0.76489061 1.94768280 -0.07285707
v 0.77650231 1.99011008 -0.06973085
v 0.77471590 1.97179938 -0.08536195
v 0.79302660 1.98966349 -0.07955611
v 0.78275472 1.97269256 -0.08625515
v 0.78766736 1.97269256 -0.08714836
v 0.78498772 1.98117797 -0.04918712
v 0.77650231 1.99011008 -0.06973085
v 0.80195865 1.98385761 -0.05856578
v 0.80597807 1.96242068 -0.06124540
v 0.80195865 1.98385761 -0.05856578
v 0.79391978 1.95527503 -0.07821630
v 0.81223053 1.96554691 -0.07107066
v 0.79838583 1.96018762 -0.08268233
v -0.57491792 2.11158605 0.07228887
v -0.59010245 2.11471229 0.07541507
v -0.59322862 2.10979959 0.07139566
v -0.57536451 2.10667335 0.06960925
v -0.59010245 2.11471229 0.07541507
v -0.59680145 2.12721711 0.06826943
v -0.60171409 2.12051806 0.05978399
v -0.57491792 2.11158605 0.07228887
v -0.57983057 2.12855699 0.07139566
v -0.59680145 2.12721711 0.06826943
v -0.57983057 2.12855699 0.07139566
v -0.58876262 2.13614922 0.05844417
v -0.57983057 2.12855699 0.07139566
v -0.57357810 2.13302299 0.05576455
v -0.57983057 2.12855699 0.07139566
v -0.59233545 2.12855699 0.04638590
v -0.57357810 2.13302299 0.05576455
v -0.57447133 2.12543076 0.04504608
v -0.60171409 2.12051806 0.05978399
v -0.58876262 2.13614922 0.05844417
v -0.59635486 2.11426570 0.03745385
v -0.59233545 2.12855699 0.04638590
v -0.57715092 2.11024618 0.03566743
v -0.57357810 2.13302299 0.05576455
v -0.56643245 2.11426570 0.05665775
v -0.56687910 2.12051806 0.06246361
v -0.57491792 2.11158605 0.07228887
v -0.57536451 2.10667335 0.06960925
v -0.56687910 2.12051806 0.06246361
v -0.57357810 2.13302299 0.05576455
v -0.57983057 2.12855699 0.07139566
v -0.57491792 2.11158605 0.07228887
v -0.57983057 2.12855699 0.07139566
v -0.56732569 2.10310053 0.05085193
v -0.57536451 2.10667335 0.06960925
v -0.57447133 2.12543076 0.04504608
v -0.57670433 2.10086759 0.06826943
v -0.56821887 2.08568312 0.05263834
v -0.57715092 2.09059571 0.07094905
v -0.56732569 2.10310053 0.05085193
v -0.57715092 2.11024618 0.03566743
v -0.56821887 2.08568312 0.05263834
v -0.58027716 2.08478983 0.03522082
v -0.56687910 2.07407136 0.05621117
v -0.57715092 2.09059571 0.07094905
v -0.57715092 2.08568312 0.07407528
v -0.57983057 2.05888689 0.04325967
v -0.55750040 2.05799371 0.07050246
v -0.56821887 2.03700337 0.06201699
v -0.57715092 2.08568312 0.07407528
v -0.56777228 2.07049854 0.08970637
v -0.56687910 2.07407136 0.05621117
v -0.58027716 2.08478983 0.03522082
v -0.56821887 2.08568312 0.05263834
v -0.56821887 2.03700337 0.06201699
v -0.52847123 2.04057619 0.09149278
v -0.53740328 2.01556643 0.08524034
v -0.55482081 2.00306149 0.10131804
v -0.58965580 2.02851795 0.07273546
v -0.58965580 2.02851795 0.07273546
v -0.57983057 2.05888689 0.04325967
v -0.60260732 2.05576066 0.04817231
v -0.61243256 2.06737230 0.06603643
v -0.60260732 2.05576066 0.04817231
v -0.59992768 2.04102278 0.09193939
v -0.55482081 2.00306149 0.10131804
v -0.56375286 2.01511984 0.12364818
v -0.55482081 2.04012960 0.12990062
v -0.58920921 2.06201312 0.10042483
v -0.61243256 2.06737230 0.06603643
v -0.59992768 2.08255688 0.07898790
v -0.56777228 2.07049854 0.08970637
v -0.55482081 2.04012960 0.12990062
v -0.53740328 2.05263442 0.11382292
v -0.51105370 2.02092561 0.15491038
v -0.49765564 2.03744995 0.13392006
v -0.55482081 2.04012960 0.12990062
v -0.51998576 1.99368290 0.14865794
v -0.44406330 1.99457608 0.17545411
v -0.49765564 2.03744995 0.13392006
v -0.43155842 2.01244020 0.15267738
v -0.45433518 1.96599350 0.16875508
v -0.34983009 1.95706150 0.19644446
v -0.44406330 1.99457608 0.17545411
v -0.36099517 1.92669245 0.18929881
v -0.26140273 1.92311963 0.21788139
v -0.34983009 1.95706150 0.19644446
v -0.27078140 1.88917787 0.21073575
v -0.33732521 1.97581879 0.17277449
v -0.24845126 1.94410997 0.19153181
v -0.34983009 1.95706150 0.19644446
v -0.12563546 1.88426517 0.25048342
v -0.26140273 1.92311963 0.21788139
v -0.13188790 1.84764376 0.24378436
v -0.12697527 1.83379906 0.20894934
v -0.26720858 1.87622634 0.17724052
v -0.06400427 1.82084753 0.22056101
v -0.11581020 1.85657576 0.18125996
v -0.05998484 1.84630399 0.18706578
v -0.06489748 1.83424565 0.25852224
v -0.12697527 1.83379906 0.20894934
v -0.05864504 1.87220693 0.26566789
v -0.06489748 1.83424565 0.25852224
v -0.11447039 1.90704198 0.22279401
v -0.05015958 1.89677010 0.23485230
v -0.12563546 1.88426517 0.25048342
v -0.01577116 1.86506128 0.27593976
v -0.02247021 1.82531365 0.26834753
v -0.05864504 1.87220693 0.26566789
v -0.05015958 1.89677010 0.23485230
v -0.01577116 1.86506128 0.27593976
v -0.00728571 1.89096422 0.24155133
v -0.24845126 1.94410997 0.19153181
v -0.11447039 1.90704198 0.22279401
v -0.26140273 1.92311963 0.21788139
v -0.25425708 1.89721669 0.15133756
v -0.11581020 1.85657576 0.18125996
v -0.26720858 1.87622634 0.17724052
v -0.34670388 1.93428468 0.13436665
v -0.35965535 1.91508080 0.15848320
v -0.24487843 1.93115845 0.15848320
v -0.33553880 1.96465373 0.14151229
v -0.44049048 1.97313914 0.11650254
v -0.35965535 1.91508080 0.15848320
v -0.45254877 1.95482844 0.13927929
v -0.36099517 1.92669245 0.18929881
v -0.26720858 1.87622634 0.17724052
v -0.27078140 1.88917787 0.21073575
v -0.42977201 2.00172173 0.12364818
v -0.43155842 2.01244020 0.15267738
v -0.33732521 1.97581879 0.17277449
v -0.24487843 1.93115845 0.15848320
v -0.33732521 1.97581879 0.17277449
v -0.24845126 1.94410997 0.19153181
v -0.25425708 1.89721669 0.15133756
v -0.10955776 1.89319728 0.18795899
v -0.05328580 1.88426517 0.19421143
v -0.05998484 1.84630399 0.18706578
v -0.01755757 1.88024575 0.19287164
v -0.05015958 1.89677010 0.23485230
v -0.00728571 1.89096422 0.24155133
v -0.24845126 1.94410997 0.19153181
v -0.11447039 1.90704198 0.22279401
v -0.05328580 1.88426517 0.19421143
v -0.11447039 1.90704198 0.22279401
v -0.05015958 1.89677010 0.23485230
v -0.01755757 1.88024575 0.19287164
v -0.02470322 1.84049811 0.18572599
v 0.02129687 1.87801270 0.18125996
v -0.00728571 1.89096422 0.24155133
v 0.04541343 1.88426517 0.24869698
v 0.01325802 1.83558552 0.17366770
v 0.02978233 1.79941060 0.23261927
v -0.02470322 1.84049811 0.18572599
v -0.02157700 1.81146894 0.22681345
v -0.02157700 1.81146894 0.22681345
v -0.05998484 1.84630399 0.18706578
v -0.06489748 1.83424565 0.25852224
v -0.06400427 1.82084753 0.22056101
v -0.02247021 1.82531365 0.26834753
v 0.02978233 1.79941060 0.23261927
v 0.02620950 1.81459518 0.28174559
v 0.03246194 1.85702246 0.29023105
v -0.01577116 1.86506128 0.27593976
v -0.00728571 1.89096422 0.24155133
v 0.04541343 1.88426517 0.24869698
v 0.51881243 2.01690620 0.16250264
v 0.52104548 2.02673149 0.23931833
v 0.49201626 2.04370242 0.23574551
v 0.48710366 2.03611019 0.16786188
v 0.54694842 2.04146937 0.16160944
v 0.50318137 2.02851795 0.05487134
v 0.53355036 2.05442089 0.05442475
v 0.51970566 2.08970253 0.06603643
v 0.49246290 2.12141134 -0.03578903
v 0.50541437 2.08568312 -0.05409975
v 0.53310372 2.07585783 0.16562885
v 0.53310372 2.07585783 0.16562885
v 0.54694842 2.04861501 0.23529889
v 0.53355036 2.07943065 0.22904645
v 0.51881243 2.01690620 0.16250264
v 0.52104548 2.02673149 0.23931833
v 0.54471542 2.06692571 0.30318252
v 0.52059884 2.04727524 0.31077476
v 0.47057935 2.04816842 0.06692963
v 0.53355036 2.05442089 0.05442475
v 0.47370555 2.05844030 -0.05320654
v 0.50541437 2.08568312 -0.05409975
v 0.47370555 2.05844030 -0.05320654
v 0.44824920 2.08211029 -0.10769209
v 0.47995799 2.11203264 -0.11260472
v 0.46923952 2.14597440 -0.08625515
v 0.50541437 2.08568312 -0.05409975
v 0.49246290 2.12141134 -0.03578903
v 0.42904527 2.09729476 -0.14297372
v 0.46254049 2.12945017 -0.15056596
v 0.44824920 2.08211029 -0.10769209
v 0.41877342 2.09684817 -0.07509008
v 0.40135589 2.11024618 -0.09920664
v 0.41743359 2.14999393 -0.07866291
v 0.40135589 2.11024618 -0.09920664
v 0.43261809 2.13570263 -0.05945898
v 0.44110356 2.07675100 -0.03400262
v 0.45271523 2.11560547 -0.02328415
v 0.44824920 2.08211029 -0.10769209
v 0.47370555 2.05844030 -0.05320654
v 0.41877342 2.09684817 -0.07509008
v 0.47057935 2.04816842 0.06692963
v 0.45271523 2.11560547 -0.02328415
v 0.48085120 2.08568312 0.07362866
v 0.45271523 2.11560547 -0.02328415
v 0.51970566 2.08970253 0.06603643
v 0.49246290 2.12141134 -0.03578903
v 0.43261809 2.13570263 -0.05945898
v 0.45271523 2.11560547 -0.02328415
v 0.46923952 2.14597440 -0.08625515
v 0.47370555 2.05844030 -0.05320654
v 0.50318137 2.02851795 0.05487134
v -0.01845078 2.19599392 -0.96740255
v -0.07293633 2.25315909 -0.95579090
v -0.06221786 2.24244062 -0.77848959
v -0.00326628 2.18080945 -0.78295559
v -0.13099470 2.19867357 -0.96070355
v -0.07293633 2.25315909 -0.95579090
v -0.03408188 2.22814933 -1.11165528
v -0.08410140 2.27950872 -1.09111158
v -0.07293633 2.25315909 -0.95579090
v -0.13858694 2.22904261 -1.09959699
v -0.08410140 2.27950872 -1.09111158
v 0.23030700 2.15088710 -0.10411927
v 0.24727791 2.21251827 -0.17468252
v 0.18520012 2.22055709 -0.18718740
v 0.16465639 2.15445993 -0.11528434
v 0.30622950 2.14597440 -0.09072118
v 0.23030700 2.15088710 -0.10411927
v 0.32141400 2.20581921 -0.15994462
v 0.18520012 2.22055709 -0.18718740
v 0.25576337 2.13972205 -0.23452730
v 0.19189916 2.14329487 -0.24881859
v 0.16465639 2.15445993 -0.11528434
v 0.14634567 2.22680956 -0.19522625
v 0.12222912 2.15669287 -0.12153678
v 0.19189916 2.14329487 -0.24881859
v 0.15081170 2.14552781 -0.25864385
v 0.12222912 2.15669287 -0.12153678
v 0.09811256 2.23574167 -0.20505151
v 0.06819017 2.15937252 -0.13002223
v 0.25576337 2.13972205 -0.23452730
v 0.18296710 2.07407136 -0.17378931
v 0.24281188 2.07675100 -0.16351745
v 0.33034605 2.13480935 -0.21934280
v 0.25576337 2.13972205 -0.23452730
v 0.31516156 2.07496465 -0.15011936
v 0.18296710 2.07407136 -0.17378931
v 0.23030700 2.15088710 -0.10411927
v 0.16465639 2.15445993 -0.11528434
v 0.24281188 2.07675100 -0.16351745
v 0.30622950 2.14597440 -0.09072118
v 0.31516156 2.07496465 -0.15011936
v 0.31516156 2.07496465 -0.15011936
v 0.54024936 2.14954723 -0.05320654
v 0.55320089 2.08300347 -0.10858530
v 0.14545246 2.07049854 -0.18048835
v 0.18296710 2.07407136 -0.17378931
v 0.19189916 2.14329487 -0.24881859
v 0.15081170 2.14552781 -0.25864385
v 0.12222912 2.15669287 -0.12153678
v 0.09900577 2.06379948 -0.18763400
v 0.06819017 2.15937252 -0.13002223
v 0.14545246 2.07049854 -0.18048835
v 0.09900577 2.06379948 -0.18763400
v 0.09811256 2.14820746 -0.27114873
v 0.09811256 2.23574167 -0.20505151
v 0.14634567 2.22680956 -0.19522625
v 0.09811256 2.14820746 -0.27114873
v 0.05389888 2.24913967 -0.21532338
v 0.04318041 2.15133369 -0.28454682
v 0.09811256 2.23574167 -0.20505151
v 0.05791831 2.04816842 -0.19299323
v 0.04318041 2.15133369 -0.28454682
v 0.09900577 2.06379948 -0.18763400
v -0.01666437 0.93244279 -1.02724736
v -0.02113040 0.91502538 -1.04734447
v -0.03944111 0.90162727 -1.03573282
v -0.03631489 0.92038467 -1.01250948
v -0.03944111 0.89135550 -1.05404353
v -0.02157700 0.90609338 -1.06118917
v -0.03720810 0.88733597 -1.06565517
v -0.03944111 0.89135550 -1.05404353
v -0.03452848 0.86991856 -1.04421824
v -0.02113040 0.90162727 -1.06833482
v -0.03274207 0.86679222 -1.06118917
v -0.03586829 0.88465644 -1.07682029
v -0.03140226 0.86545245 -1.07503387
v -0.02113040 0.89805455 -1.07816005
v -0.03452848 0.88376326 -1.08351929
v -0.03586829 0.88465644 -1.07682029
v -0.02068379 0.89626798 -1.08530570
v -0.00326628 0.89046232 -1.08619893
v -0.02113040 0.89805455 -1.07816005
v -0.00192647 0.89224867 -1.07771346
v -0.00192647 0.89224867 -1.07771346
v -0.00058667 0.89537480 -1.06699500
v -0.00058667 0.89537480 -1.06699500
v -0.02157700 0.90609338 -1.06118917
v 0.00119975 0.89894773 -1.05940276
v -0.02113040 0.91502538 -1.04734447
v 0.00343276 0.90698655 -1.04555806
v 0.00343276 0.90698655 -1.04555806
v -0.01666437 0.93244279 -1.02724736
v 0.00879199 0.92351079 -1.02635412
v -0.02068379 0.89626798 -1.08530570
v -0.03318867 0.88242328 -1.08977175
v -0.02157700 0.89224867 -1.09468440
v -0.01934399 0.87438445 -1.09825722
v -0.00594590 0.88688939 -1.09557758
v -0.01934399 0.87438445 -1.09825722
v -0.00594590 0.88688939 -1.09557758
v -0.02068379 0.89626798 -1.08530570
v -0.00326628 0.89046232 -1.08619893
v -0.03095566 0.86589904 -1.08217952
v -0.03452848 0.88376326 -1.08351929
v -0.03140226 0.86545245 -1.07503387
v -0.01309155 0.86009316 -1.08307270
v -0.01264494 0.85919998 -1.07458723
v -0.03140226 0.86545245 -1.07503387
v -0.01219834 0.86009316 -1.05984935
v 0.00387936 0.87438445 -1.06252900
v 0.00253955 0.87259809 -1.07592705
v 0.00611238 0.87751079 -1.05002412
v -0.01130513 0.86321950 -1.04243183
v -0.00951872 0.87215151 -1.02144153
v -0.03274207 0.86679222 -1.06118917
v -0.03944111 0.89135550 -1.05404353
v -0.03363528 0.88019033 -1.02278130
v -0.03452848 0.86991856 -1.04421824
v -0.02961585 0.89939432 -0.99643177
v -0.00415949 0.89046232 -0.99509195
v -0.03631489 0.92038467 -1.01250948
v -0.03229547 0.94092842 -0.99151913
v -0.01175174 0.95164678 -1.01027642
v -0.03631489 0.92038467 -1.01250948
v -0.01666437 0.93244279 -1.02724736
v -0.03944111 0.90162727 -1.03573282
v -0.02961585 0.89939432 -0.99643177
v 0.00879199 0.92351079 -1.02635412
v -0.01175174 0.95164678 -1.01027642
v 0.01593764 0.94137501 -1.00938324
v -0.03229547 0.94092842 -0.99151913
v -0.01487796 0.95209337 -0.94149961
v -0.02336341 0.97308372 -0.96382973
v -0.00237308 0.98335571 -0.98437348
v -0.01175174 0.95164678 -1.01027642
v 0.00968520 1.03069547 -0.95043167
v -0.01264494 1.01997711 -0.92810150
v -0.00326628 0.99943336 -0.90353838
v -0.00549930 1.06463734 -0.89728592
v 0.01817065 1.07669569 -0.92095585
v 0.00968520 1.03069547 -0.95043167
v 0.04139400 1.02087029 -0.94819867
v 0.01817065 1.07669569 -0.92095585
v 0.05300567 1.06955004 -0.91648985
v 0.02754931 0.97308372 -0.98303366
v 0.00968520 1.03069547 -0.95043167
v 0.01593764 0.94137501 -1.00938324
v -0.01175174 0.95164678 -1.01027642
v 0.02442309 1.14770555 -0.87942180
v 0.01817065 1.07669569 -0.92095585
v -0.00549930 1.06463734 -0.89728592
v 0.11463687 1.86372141 0.37687198
v 0.14813208 1.85970200 0.57159082
v 0.14857868 1.78556601 0.57337723
v 0.11419026 1.78601259 0.37195939
v 0.07935524 1.76234260 0.58856175
v 0.04050080 1.76189601 0.38133803
v 0.11419026 1.78601259 0.37195939
v 0.08918051 1.89141081 0.14508512
v 0.08739409 1.81102235 0.13034724
v 0.04050080 1.76189601 0.38133803
v 0.03603477 1.82263400 0.59660058
v -0.00460609 1.82486706 0.39160991
v 0.11954950 1.88694481 0.75168348
v 0.07846204 1.88292540 0.58588211
v 0.18475351 1.86506128 0.73605231
v 0.07846204 1.88292540 0.58588211
v 0.11463687 1.86372141 0.37687198
v 0.04139400 1.88783799 0.38848368
v 0.03603477 1.82263400 0.59660058
v 0.11954950 1.88694481 0.75168348
v 0.07980185 1.82977965 0.76508148
v 0.14813208 1.85970200 0.57159082
v 0.18609332 1.79449801 0.73962513
v 0.14857868 1.78556601 0.57337723
v 0.18609332 1.79449801 0.73962513
v 0.07935524 1.76234260 0.58856175
v 0.12088931 1.77261448 0.75793584
v 0.21824873 1.80521648 0.88030510
v 0.15661753 1.78467272 0.89638275
v 0.23834585 1.82040095 1.00222766
v 0.17894768 1.80075048 1.01383931
v 0.24415169 1.84541070 1.10583952
v 0.18743313 1.82620682 1.11298516
v 0.23834585 1.82040095 1.00222766
v 0.23700605 1.88381858 0.99329555
v 0.24191868 1.90346916 1.08797541
v 0.21735552 1.87265352 0.87539240
v 0.21824873 1.80521648 0.88030510
v 0.18475351 1.86506128 0.73605231
v 0.21735552 1.87265352 0.87539240
v 0.24191868 1.90346916 1.08797541
v 0.24102547 1.88203222 1.18533480
v 0.23879246 1.93160504 1.15675222
v 0.23745265 1.92445939 1.23937373
v 0.18743313 1.86461470 1.19337362
v 0.23611284 1.96331386 1.20230573
v 0.23209341 1.98117797 1.28850007
v 0.23387983 1.99993537 1.24964561
v 0.18787973 1.91374093 1.25321843
v 0.20127782 1.98877020 1.30681077
v 0.20931667 2.02360525 1.32646124
v 0.20395744 2.03209077 1.32244183
v 0.18341370 2.00574114 1.29117971
v 0.20931667 2.02360525 1.32646124
v 0.21154968 2.03298395 1.33048076
v 0.18430691 1.94455656 1.14737352
v 0.18386031 1.91954680 1.08484917
v 0.18386031 1.91954680 1.08484917
v 0.23700605 1.88381858 0.99329555
v 0.17626806 1.90302246 0.99910143
v 0.15438452 1.89319728 0.88879051
v 0.11686988 1.83915835 0.90174203
v 0.14053983 1.85166317 1.01160625
v 0.14053983 1.85166317 1.01160625
v 0.18386031 1.91954680 1.08484917
v 0.14991849 1.87176034 1.10003364
v 0.21735552 1.87265352 0.87539240
v 0.18475351 1.86506128 0.73605231
v 0.11954950 1.88694481 0.75168348
v 0.07980185 1.82977965 0.76508148
v 0.11686988 1.83915835 0.90174203
v 0.49826872 2.11292582 0.36526033
v 0.50407455 2.12900358 0.34382340
v 0.50139496 2.10801323 0.32149323
v 0.49424931 2.08478983 0.33891075
v 0.50050172 2.09104230 0.29112423
v 0.49335608 2.06245971 0.30318252
v 0.51970566 2.07273159 0.34828940
v 0.49826872 2.11292582 0.36526033
v 0.52193866 2.10220735 0.37463898
v 0.53131731 2.12900358 0.33980398
v 0.53087072 2.10979959 0.31970682
v 0.50050172 2.09104230 0.29112423
v 0.53221054 2.09372194 0.29112423
v 0.53265713 2.13793558 0.34560981
v 0.51032701 2.14418805 0.35230886
v 0.50809396 2.13927546 0.37642539
v 0.49826872 2.11292582 0.36526033
v 0.51970566 2.16294534 0.37910503
v 0.51836584 2.16071239 0.35677486
v 0.53176395 2.17545027 0.37285257
v 0.51836584 2.16071239 0.35677486
v 0.52551148 2.16830463 0.35454186
v 0.51836584 2.16071239 0.35677486
v 0.53578336 2.15356675 0.35275545
v 0.53622995 2.14910064 0.34962922
v 0.54784165 2.16428522 0.37865839
v 0.54560860 2.17991627 0.35722145
v 0.55722030 2.16830463 0.36347392
v 0.52551148 2.16830463 0.35454186
v 0.53176395 2.17545027 0.37285257
v 0.53221054 2.17053757 0.35052245
v 0.52551148 2.16830463 0.35454186
v 0.53578336 2.15356675 0.35275545
v 0.55141447 2.14999393 0.36436710
v 0.55722030 2.16830463 0.36347392
v 0.53578336 2.15356675 0.35275545
v 0.54784165 2.16473181 0.35007581
v 0.55141447 2.14999393 0.36436710
v 0.54784165 2.16473181 0.35007581
v 0.54560860 2.17991627 0.35722145
v 0.54784165 2.16473181 0.35007581
v 0.53221054 2.17053757 0.35052245
v 0.54784165 2.16473181 0.35007581
v 0.53578336 2.15356675 0.35275545
v 0.54784165 2.16473181 0.35007581
v -0.50792752 1.18522014 -1.05582994
v -0.51239352 1.18655991 -1.05940276
v -0.51016052 1.17271520 -1.07414064
v -0.50524788 1.17003567 -1.07101441
v -0.51641294 1.18611332 -1.06342217
v -0.51016052 1.17271520 -1.07414064
v -0.51462652 1.20487072 -1.06565517
v -0.51641294 1.18611332 -1.06342217
v -0.50658770 1.20576390 -1.06297558
v -0.52311199 1.20174438 -1.06699500
v -0.51641294 1.18611332 -1.06342217
v -0.49944205 1.21112297 -1.08083970
v -0.51462652 1.20487072 -1.06565517
v -0.51194693 1.21067638 -1.08307270
v -0.49720905 1.19727827 -1.09513099
v -0.48693718 1.20889002 -1.07592705
v -0.48425753 1.19370555 -1.09111158
v -0.47219929 1.20442391 -1.06565517
v -0.48783035 1.20129779 -1.04868429
v -0.48425753 1.19370555 -1.09111158
v -0.48693718 1.20889002 -1.07592705
v -0.50658770 1.20576390 -1.06297558
v -0.50792752 1.18522014 -1.05582994
v -0.51239352 1.18655991 -1.05940276
v -0.48693718 1.20889002 -1.07592705
v -0.49899547 1.20442391 -1.05850953
v -0.49944205 1.21112297 -1.08083970
v -0.50926729 1.19817166 -1.09647081
v -0.49720905 1.19727827 -1.09513099
v -0.51284011 1.18030744 -1.09245134
v -0.51953917 1.19593850 -1.09602417
v -0.50301488 1.17807449 -1.09200476
v -0.51284011 1.18030744 -1.09245134
v -0.49720905 1.19727827 -1.09513099
v -0.51016052 1.17271520 -1.07414064
v -0.51284011 1.18030744 -1.09245134
v -0.49318959 1.17405497 -1.08843193
v -0.48425753 1.19370555 -1.09111158
v -0.50301488 1.17807449 -1.09200476
v -0.51016052 1.17271520 -1.07414064
v -0.50524788 1.17003567 -1.07101441
v -0.52311199 1.20174438 -1.06699500
v -0.51462652 1.20487072 -1.06565517
v -0.52445181 1.20621049 -1.08351929
v -0.52668481 1.18432696 -1.07949988
v -0.51641294 1.18611332 -1.06342217
v -0.52668481 1.18432696 -1.07949988
v -0.51016052 1.17271520 -1.07414064
v -0.52668481 1.18432696 -1.07949988
v -0.17476177 2.29022719 -1.47976767
v -0.14751900 2.26968343 -1.46235015
v -0.14662580 2.29558637 -1.47619485
v -0.19262589 2.29112037 -1.45699097
v -0.13188790 2.30183884 -1.44895203
v -0.14662580 2.29558637 -1.47619485
v -0.13412092 2.30317860 -1.43689380
v -0.14662580 2.29558637 -1.47619485
v -0.16716953 2.32774177 -1.45386473
v -0.17476177 2.29022719 -1.47976767
v -0.15913068 2.32238259 -1.46636956
v 0.11463687 1.15261804 -1.80802077
v 0.13696701 1.16378320 -1.82677806
v 0.12982136 1.19772507 -1.80310818
v 0.12535534 1.19504532 -1.79908866
v 0.10481160 1.14815214 -1.78479737
v 0.11463687 1.15261804 -1.80802077
v 0.11820969 1.16021027 -1.86429276
v 0.13696701 1.16378320 -1.82677806
v 0.07756883 1.14368603 -1.83124407
v -0.19977153 2.29781942 -0.56278040
v -0.19128608 2.32997483 -0.55920758
v -0.19932493 2.32774177 -0.49623656
v -0.21852885 2.34828553 -0.56278040
v -0.22880073 2.34783894 -0.50070259
v -0.20870359 2.29335342 -0.49802298
v -0.25827652 2.29067378 -0.42210049
v -0.22076188 2.29246014 -0.41540145
v -0.24398523 2.29201355 -0.50338221
v -0.25604349 2.32550883 -0.50516862
v -0.27122799 2.32640201 -0.42522671
v -0.27122799 2.32640201 -0.42522671
v -0.27882025 2.29290683 -0.32027504
v -0.29266493 2.33042142 -0.32518768
v -0.26140273 2.35587777 -0.31982844
v -0.29266493 2.33042142 -0.32518768
v -0.24175220 2.35007200 -0.42076068
v -0.25604349 2.32550883 -0.50516862
v -0.22880073 2.34783894 -0.50070259
v -0.24443182 2.32729519 -0.56813964
v -0.24398523 2.29201355 -0.50338221
v -0.23237356 2.29647966 -0.56813964
v -0.19977153 2.29781942 -0.56278040
v -0.20870359 2.29335342 -0.49802298
v -0.23237356 2.29647966 -0.56813964
v -0.19173268 2.30541166 -0.61235330
v -0.23326676 2.33265447 -0.61637274
v -0.22299488 2.34203307 -0.65165435
v -0.21138321 2.31613013 -0.65746020
v -0.24443182 2.32729519 -0.56813964
v -0.22880073 2.34783894 -0.50070259
v -0.21852885 2.34828553 -0.56278040
v -0.21852885 2.34828553 -0.56278040
v -0.24443182 2.32729519 -0.56813964
v -0.21004341 2.35185836 -0.60833389
v -0.21004341 2.35185836 -0.60833389
v -0.22299488 2.34203307 -0.65165435
v -0.20245115 2.35855741 -0.64048930
v -0.19128608 2.32997483 -0.55920758
v -0.18414043 2.33488742 -0.60610086
v -0.21004341 2.35185836 -0.60833389
v -0.21852885 2.34828553 -0.56278040
v -0.18414043 2.33488742 -0.60610086
v -0.20245115 2.35855741 -0.64048930
v -0.21004341 2.35185836 -0.60833389
v 0.69164774 1.97626538 -0.05543956
v 0.70638562 2.00440137 -0.05052693
v 0.67378363 2.02717808 -0.05588616
v 0.65323992 1.99948867 -0.06258520
v 0.52149207 2.10712005 -0.14163391
v 0.60322040 2.03209077 -0.11037171
v 0.60098735 2.03968301 -0.07330367
v 0.51791925 2.11605205 -0.10277946
v -0.03676150 1.85166317 0.14955115
v -0.00460609 1.82486706 0.39160991
v 0.04139400 1.88783799 0.38848368
v 0.01236482 1.91642057 0.15669679
v 0.03603477 1.82263400 0.59660058
v -0.04435374 1.86818752 0.07407528
v 0.01236482 1.91642057 0.15669679
v 0.00521917 1.93562456 0.07764810
v -0.05194599 1.88069234 0.00842465
v -0.04435374 1.86818752 0.07407528
v -0.00103327 1.95304198 0.01065766
v 0.07935524 1.92445939 0.00083240
v 0.08337467 1.90927492 0.06737622
v 0.08203486 1.82486706 0.05933737
v 0.07801543 1.83335247 -0.00140061
v 0.07667563 1.93473127 -0.04204147
v 0.07622902 1.83781847 -0.03980846
v -0.01041193 1.80834271 -0.06973085
v 0.07354941 1.84183788 -0.08804157
v -0.00594590 1.80789612 -0.02641037
v -0.01041193 1.80834271 -0.06973085
v -0.05685862 1.88873117 -0.03355602
v -0.06400427 1.89810987 -0.08804157
v -0.01487796 1.80030389 -0.10590568
v -0.06400427 1.89810987 -0.08804157
v -0.07159652 1.90704198 -0.14520673
v 0.07354941 1.84183788 -0.08804157
v -0.01487796 1.80030389 -0.10590568
v 0.07176299 1.83960494 -0.13493486
v 0.07399601 1.94768280 -0.09608042
v 0.07667563 1.93473127 -0.04204147
v -0.00103327 1.95304198 0.01065766
v 0.07935524 1.92445939 0.00083240
v -0.00505269 1.96465373 -0.03176961
v -0.05685862 1.88873117 -0.03355602
v -0.05194599 1.88069234 0.00842465
v -0.06400427 1.89810987 -0.08804157
v -0.05685862 1.88873117 -0.03355602
v -0.01041193 1.97983820 -0.08536195
v 0.07399601 1.94768280 -0.09608042
v 0.07131639 1.96331386 -0.15011936
v -0.01532456 1.99993537 -0.13672128
v -0.07159652 1.90704198 -0.14520673
v -0.06400427 1.89810987 -0.08804157
v -0.01532456 1.99993537 -0.13672128
v 0.07131639 1.96331386 -0.15011936
v 0.07354941 1.84183788 -0.08804157
v 0.07176299 1.83960494 -0.13493486
v -0.27882025 2.29290683 -0.32027504
v -0.25827652 2.29067378 -0.42210049
v -0.22076188 2.29246014 -0.41540145
v -0.23951920 2.29469319 -0.31134299
v -0.28998531 2.29469319 -0.25864385
v -0.27882025 2.29290683 -0.32027504
v -0.24487843 2.29647966 -0.26132347
v -0.23282014 2.33756706 -0.26444969
v -0.24487843 2.29647966 -0.26132347
v -0.22880073 2.33354765 -0.31134299
v -0.23951920 2.29469319 -0.31134299
v -0.21049000 2.32908165 -0.41450824
v -0.24175220 2.35007200 -0.42076068
v -0.26140273 2.35587777 -0.31982844
v -0.23282014 2.33756706 -0.26444969
v -0.26140273 2.35587777 -0.31982844
v -0.27122799 2.36034377 -0.26043026
v -0.22969394 2.34024671 -0.23318749
v -0.27480081 2.36436329 -0.21844960
v -0.23282014 2.33756706 -0.26444969
v -0.22969394 2.34024671 -0.23318749
v -0.24398523 2.29737284 -0.22648845
v -0.21406282 2.34471271 -0.19567285
v -0.23326676 2.29826601 -0.18004175
v -0.27480081 2.36436329 -0.21844960
v -0.27480081 2.36882929 -0.15949802
v -0.22076188 2.29246014 -0.41540145
v -0.19932493 2.32774177 -0.49623656
v -0.22880073 2.34783894 -0.50070259
v -0.24175220 2.35007200 -0.42076068
v -0.05060618 1.13520062 -1.08753875
v 0.01504443 1.13877333 -1.08351929
v 0.01593764 1.18834626 -0.94462584
v -0.05239260 1.18879285 -0.93837338
v 0.04586003 1.19415214 -1.10004363
v 0.01504443 1.13877333 -1.08351929
v 0.05970472 1.15797732 -1.24440796
v 0.03156874 1.10125875 -1.24083514
v 0.04452022 1.09902580 -1.36499075
v -0.05060618 1.13520062 -1.08753875
v -0.01621777 1.09455969 -1.36901016
v -0.08499460 1.18700650 -1.10763587
v -0.06489748 1.14815214 -1.26316525
v -0.05060618 1.13520062 -1.08753875
v -0.08812082 1.24461825 -0.95668408
v -0.08499460 1.18700650 -1.10763587
v -0.05239260 1.18879285 -0.93837338
v -0.08812082 1.24461825 -0.95668408
v -0.03676150 1.20487072 -1.26629148
v -0.15466465 2.33801365 -0.28410021
v -0.22165509 2.33265447 -0.25998366
v -0.19753852 2.38981964 -0.16843008
v -0.09571307 2.34337294 -0.30598375
v -0.13590733 2.39785846 -0.18763400
v -0.08231499 2.40589729 -0.20415831
v -0.05998484 2.27504272 -0.20817773
v -0.08231499 2.40589729 -0.20415831
v -0.08231499 2.40589729 -0.20415831
v 0.00209295 2.26521743 -0.22604184
v -0.02604303 2.41750893 -0.22112921
v -0.09571307 2.34337294 -0.30598375
v -0.02827604 2.35007200 -0.33144012
v -0.02827604 2.35007200 -0.33144012
v -0.08231499 2.40589729 -0.20415831
v -0.09571307 2.34337294 -0.30598375
v -0.47532547 2.24913967 -0.16396405
v -0.51596635 2.21653768 -0.17378931
v -0.54186934 2.24512026 -0.16173103
v -0.50524788 2.27772226 -0.15101257
v -0.51507317 2.20135321 -0.13672128
v -0.47353906 2.23350862 -0.12376979
v -0.51596635 2.21653768 -0.17378931
v -0.54856834 2.17946969 -0.14609994
v -0.54946157 2.19376098 -0.18093496
v -0.57447133 2.16517839 -0.15279898
v -0.54856834 2.17946969 -0.14609994
v -0.59412186 2.15624628 -0.15637180
v -0.59680145 2.16696475 -0.18584759
v 0.42815206 1.99591585 -0.34126538
v 0.44155015 1.99770231 -0.34483820
v 0.43619091 2.00172173 -0.36582853
v 0.42457924 2.00082855 -0.36493533
v 0.43172489 1.97224597 -0.33903236
v 0.40805495 1.99546926 -0.33858576
v 0.40894815 1.96911973 -0.33590614
v 0.44824920 1.97671197 -0.34305179
v 0.44155015 1.99770231 -0.34483820
v 0.46030747 1.98296443 -0.34751782
v 0.45003562 2.00038196 -0.34796442
v 0.44288997 2.00350819 -0.36716834
v 0.43619091 2.00172173 -0.36582853
v 0.45003562 2.00038196 -0.34796442
v 0.46789973 1.99591585 -0.35243045
v 0.46030747 1.98296443 -0.34751782
v 0.45003562 2.00038196 -0.34796442
v 0.46075408 2.00395478 -0.36493533
v 0.44690938 1.96733327 -0.36359552
v 0.45986088 1.97537220 -0.36627514
v 0.44914241 1.98743044 -0.37833341
v 0.43931715 1.98296443 -0.37744021
v 0.44690938 1.96733327 -0.36359552
v 0.43083168 1.96197409 -0.36091590
v 0.44690938 1.96733327 -0.36359552
v 0.42636565 1.97983820 -0.37699360
v 0.40939474 1.95840126 -0.36002270
v 0.43083168 1.96197409 -0.36091590
v 0.40894815 1.96911973 -0.33590614
v 0.40850154 1.97805174 -0.37788681
v 0.37321993 2.00350819 -0.36806155
v 0.40760833 2.00082855 -0.36448873
v 0.37366652 1.97849843 -0.38235284
v 0.34017132 2.00931396 -0.37520719
v 0.37321993 2.00350819 -0.36806155
v 0.33972470 1.98162456 -0.39128490
v 0.28747218 2.02315866 -0.39351791
v 0.28523915 1.99368290 -0.41138202
v 0.33972470 1.98162456 -0.39128490
v 0.27005466 1.97045950 -0.39128490
v 0.32945285 1.95840126 -0.37118777
v 0.28523915 1.99368290 -0.41138202
v 0.20797686 1.99055667 -0.41897427
v 0.22852059 2.01422666 -0.43862481
v 0.16644280 2.07943065 -0.45559572
v 0.16063696 2.04772183 -0.47747924
v 0.23209341 2.04459560 -0.41897427
v 0.28747218 2.02315866 -0.39351791
v 0.28523915 1.99368290 -0.41138202
v 0.22852059 2.01422666 -0.43862481
v 0.20797686 1.99055667 -0.41897427
v 0.13562720 2.02449843 -0.45827534
v 0.16063696 2.04772183 -0.47747924
v 0.08873390 2.13168311 -0.50382883
v 0.16644280 2.07943065 -0.45559572
v 0.08069505 2.09908112 -0.52839197
v 0.04764644 2.16562498 -0.52839197
v 0.08873390 2.13168311 -0.50382883
v 0.03469496 2.13525594 -0.55742117
v 0.01995706 2.19018815 -0.54312988
v 0.04764644 2.16562498 -0.52839197
v 0.00521917 2.15892593 -0.57617849
v -0.06355767 2.16115898 -0.57215905
v -0.02916925 2.18661533 -0.59940183
v -0.02514982 2.13302299 -0.55295514
v -0.02157700 2.14374146 -0.50114921
v -0.05239260 2.16875122 -0.50338221
v -0.01264494 2.20046003 -0.48685792
v 0.01013180 2.17634345 -0.49177054
v 0.00611238 2.11024618 -0.53643082
v 0.00521917 2.15892593 -0.57617849
v 0.08069505 2.09908112 -0.52839197
v 0.00611238 2.11024618 -0.53643082
v 0.05166587 2.07630442 -0.50963465
v 0.04228721 2.09416853 -0.47345983
v 0.00432596 2.12364429 -0.49266374
v 0.12624854 2.04191596 -0.42478011
v 0.13562720 2.02449843 -0.45827534
v 0.16063696 2.04772183 -0.47747924
v 0.08069505 2.09908112 -0.52839197
v -0.02514982 2.13302299 -0.55295514
v 0.00611238 2.11024618 -0.53643082
v 0.00432596 2.12364429 -0.49266374
v 0.01013180 2.17634345 -0.49177054
v 0.03112214 2.15713957 -0.48641130
v 0.03112214 2.15713957 -0.48641130
v 0.04764644 2.16562498 -0.52839197
v 0.01995706 2.19018815 -0.54312988
v -0.01264494 2.20046003 -0.48685792
v -0.01532456 2.22234356 -0.55965417
v 0.01013180 2.17634345 -0.49177054
v 0.04228721 2.09416853 -0.47345983
v 0.06506395 2.12855699 -0.47033360
v 0.12624854 2.04191596 -0.42478011
v 0.14500586 2.07585783 -0.42299370
v 0.19949141 2.00708102 -0.38726547
v 0.21422930 2.04057619 -0.38726547
v 0.12624854 2.04191596 -0.42478011
v 0.19949141 2.00708102 -0.38726547
v 0.20797686 1.99055667 -0.41897427
v 0.20797686 1.99055667 -0.41897427
v 0.26246242 1.98519738 -0.36136251
v 0.27005466 1.97045950 -0.39128490
v 0.32364700 1.97224597 -0.34305179
v 0.33034605 2.00350819 -0.34528480
v 0.27318089 2.01779948 -0.36270231
v 0.26246242 1.98519738 -0.36136251
v 0.21422930 2.04057619 -0.38726547
v 0.19949141 2.00708102 -0.38726547
v 0.28747218 2.02315866 -0.39351791
v 0.23209341 2.04459560 -0.41897427
v 0.27318089 2.01779948 -0.36270231
v 0.34017132 2.00931396 -0.37520719
v 0.28747218 2.02315866 -0.39351791
v 0.33034605 2.00350819 -0.34528480
v 0.37321993 2.00350819 -0.36806155
v 0.36964710 1.99770231 -0.34037217
v 0.36830728 1.96911973 -0.33724595
v 0.32364700 1.97224597 -0.34305179
v 0.36964710 1.99770231 -0.34037217
v 0.40894815 1.96911973 -0.33590614
v 0.40805495 1.99546926 -0.33858576
v 0.40760833 2.00082855 -0.36448873
v 0.37321993 2.00350819 -0.36806155
v 0.40805495 1.99546926 -0.33858576
v 0.42457924 2.00082855 -0.36493533
v 0.40760833 2.00082855 -0.36448873
v 0.42815206 1.99591585 -0.34126538
v 0.32945285 1.95840126 -0.37118777
v 0.37054031 1.95750809 -0.36359552
v 0.37366652 1.97849843 -0.38235284
v 0.33972470 1.98162456 -0.39128490
v 0.37054031 1.95750809 -0.36359552
v 0.40939474 1.95840126 -0.36002270
v 0.14991849 1.87176034 1.10003364
v 0.15215151 1.90302246 1.16970374
v 0.18430691 1.94455656 1.14737352
v 0.18386031 1.91954680 1.08484917
v 0.18520012 1.97581879 1.19471350
v 0.18430691 1.94455656 1.14737352
v 0.15572433 1.94500315 1.22552903
v 0.39912289 2.16339193 -0.10813869
v 0.41743359 2.14999393 -0.07866291
v 0.45182203 2.16428522 -0.11885716
v 0.42234624 2.17723663 -0.15547860
v -0.66870455 1.39110409 -0.72891666
v -0.65932584 1.38395844 -0.70524672
v -0.64950061 1.39824974 -0.70256708
v -0.65753943 1.40852151 -0.72847007
v -0.64101514 1.39646316 -0.74812059
v -0.66870455 1.39110409 -0.72891666
v -0.65262684 1.38083210 -0.74767395
v -0.65262684 1.38083210 -0.74767395
v -0.67585019 1.37636621 -0.72891666
v -0.66021908 1.36788058 -0.74588754
v -0.67942301 1.36430786 -0.72847007
v -0.66602490 1.37145351 -0.70658649
v -0.67004431 1.36118152 -0.70837290
v -0.67585019 1.37636621 -0.72891666
v -0.66870455 1.39110409 -0.72891666
v -0.66423849 1.35850199 -0.74454777
v -0.68076278 1.35448247 -0.72847007
v -0.66736472 1.34689023 -0.74097495
v -0.66736472 1.34689023 -0.74097495
v -0.68031619 1.34778363 -0.72891666
v -0.65218020 1.34108457 -0.73293607
v -0.66781131 1.33617187 -0.72802343
v -0.68031619 1.34778363 -0.72891666
v -0.66781131 1.33617187 -0.72802343
v -0.67227737 1.35135634 -0.70971272
v -0.67361714 1.34242434 -0.71328555
v -0.65619967 1.33840482 -0.71551855
v -0.65262684 1.34599705 -0.71283896
v -0.67361714 1.34242434 -0.71328555
v -0.66781131 1.33617187 -0.72802343
v -0.68031619 1.34778363 -0.72891666
v -0.66781131 1.33617187 -0.72802343
v -0.65619967 1.33840482 -0.71551855
v -0.66781131 1.33617187 -0.72802343
v -0.66736472 1.34689023 -0.74097495
v -0.64905402 1.34599705 -0.73338266
v -0.65262684 1.34599705 -0.71283896
v -0.65619967 1.33840482 -0.71551855
v -0.64905402 1.34599705 -0.73338266
v -0.64905402 1.35269611 -0.71149913
v -0.64548120 1.35135634 -0.73382930
v -0.66423849 1.35850199 -0.74454777
v -0.64548120 1.35135634 -0.73382930
v -0.64548120 1.35135634 -0.73382930
v -0.64101514 1.35760881 -0.73472248
v -0.63788891 1.36877376 -0.70881954
v -0.64458796 1.35984175 -0.71015931
v -0.63386950 1.36654081 -0.73516907
v -0.67942301 1.36430786 -0.72847007
v -0.67585019 1.37636621 -0.72891666
v -0.66423849 1.35850199 -0.74454777
v -0.68076278 1.35448247 -0.72847007
v -0.67227737 1.35135634 -0.70971272
v -0.67227737 1.35135634 -0.70971272
v -0.65262684 1.34599705 -0.71283896
v -0.64905402 1.35269611 -0.71149913
v -0.67004431 1.36118152 -0.70837290
v -0.64458796 1.35984175 -0.71015931
v -0.59814127 2.09372194 0.07228887
v -0.59546168 2.10488700 0.06960925
v -0.60528691 2.11203264 0.05442475
v -0.61019956 2.09282876 0.05487134
v -0.60126750 2.08836265 0.03611402
v -0.59635486 2.11426570 0.03745385
v -0.58027716 2.08478983 0.03522082
v -0.60260732 2.05576066 0.04817231
v -0.60126750 2.08836265 0.03611402
v -0.61019956 2.09282876 0.05487134
v -0.60260732 2.05576066 0.04817231
v -0.59992768 2.08255688 0.07898790
v -0.59814127 2.09372194 0.07228887
v -0.57715092 2.09059571 0.07094905
v -0.57715092 2.08568312 0.07407528
v -0.59992768 2.08255688 0.07898790
v -0.58920921 2.06201312 0.10042483
v -0.56777228 2.07049854 0.08970637
v -0.57670433 2.10086759 0.06826943
v -0.57715092 2.09059571 0.07094905
v -0.57536451 2.10667335 0.06960925
v -0.57670433 2.10086759 0.06826943
v -0.59322862 2.10979959 0.07139566
v -0.59546168 2.10488700 0.06960925
v -0.60528691 2.11203264 0.05442475
v -0.59233545 2.12855699 0.04638590
v 0.40850154 1.97805174 -0.37788681
v 0.40939474 1.95840126 -0.36002270
v 0.37054031 1.95750809 -0.36359552
v 0.37366652 1.97849843 -0.38235284
v 0.48710366 2.03611019 0.16786188
v 0.49603572 2.07273159 0.16964829
v 0.48085120 2.08568312 0.07362866
v 0.47057935 2.04816842 0.06692963
v 0.49201626 2.04370242 0.23574551
v 0.49960854 2.07630442 0.22949307
v 0.49335608 2.06245971 0.30318252
v 0.52059884 2.04727524 0.31077476
v 0.51970566 2.07273159 0.34828940
v 0.54248242 2.08791606 0.33623116
v 0.54471542 2.06692571 0.30318252
v 0.53355036 2.07943065 0.22904645
v 0.53221054 2.09372194 0.29112423
v 0.49960854 2.07630442 0.22949307
v 0.49201626 2.04370242 0.23574551
v 0.50050172 2.09104230 0.29112423
v 0.53355036 2.07943065 0.22904645
v 0.49603572 2.07273159 0.16964829
v 0.53310372 2.07585783 0.16562885
v 0.48085120 2.08568312 0.07362866
v 0.49603572 2.07273159 0.16964829
v 0.51970566 2.08970253 0.06603643
v 0.53087072 2.10979959 0.31970682
v 0.54248242 2.11247923 0.35900787
v 0.53131731 2.12900358 0.33980398
v 0.53131731 2.12900358 0.33980398
v 0.54426883 2.12900358 0.36481374
v 0.53265713 2.13793558 0.34560981
v 0.54426883 2.12900358 0.36481374
v 0.52193866 2.10220735 0.37463898
v 0.52908430 2.12989676 0.38401762
v 0.53265713 2.13793558 0.34560981
v 0.54873483 2.14418805 0.36749333
v 0.53622995 2.14910064 0.34962922
v 0.53846295 2.15222687 0.38535745
v 0.54426883 2.12900358 0.36481374
v 0.51970566 2.16294534 0.37910503
v 0.53846295 2.15222687 0.38535745
v 0.55141447 2.14999393 0.36436710
v 0.54784165 2.16428522 0.37865839
v 0.54873483 2.14418805 0.36749333
v 0.52908430 2.12989676 0.38401762
v 0.54248242 2.11247923 0.35900787
v 0.54248242 2.08791606 0.33623116
v 0.53221054 2.09372194 0.29112423
v 0.54471542 2.06692571 0.30318252
v 0.53087072 2.10979959 0.31970682
v -0.01532456 2.22234356 -0.55965417
v 0.01995706 2.19018815 -0.54312988
v 0.00521917 2.15892593 -0.57617849
v -0.80000575 1.66141039 -1.46011720
v -0.80089899 1.66409003 -1.46681615
v -0.81429704 1.69445897 -1.47485508
v -0.82099610 1.69133274 -1.44984532
v -0.00817891 1.75609014 -0.21532338
v -0.02916925 1.76323578 -0.24077974
v 0.02085027 1.86148846 -0.27427495
v 0.05300567 1.87711952 -0.24077974
v 0.79883242 1.68463368 -0.34796442
v 0.79302660 1.70249780 -0.34349839
v 0.79347319 1.69758520 -0.32831390
v 0.79972565 1.68150745 -0.33992557
v 0.77471590 1.70696391 -0.34349839
v 0.77337607 1.70115803 -0.32608088
v 0.79302660 1.70249780 -0.34349839
v 0.79749260 1.68597356 -0.35689648
v 0.79883242 1.68463368 -0.34796442
v 0.79302660 1.70249780 -0.35600327
v 0.78141490 1.69088615 -0.36627514
v 0.79302660 1.70249780 -0.34349839
v 0.77650231 1.70651721 -0.35644987
v 0.77471590 1.70696391 -0.34349839
v 0.79302660 1.70249780 -0.35600327
v 0.78141490 1.69088615 -0.36627514
v 0.76444402 1.69490556 -0.35868289
v 0.78141490 1.69088615 -0.36627514
v 0.76891002 1.67838132 -0.35957609
v 0.78141490 1.69088615 -0.36627514
v 0.77471590 1.70696391 -0.34349839
v 0.75953137 1.68820650 -0.33456633
v 0.76131778 1.69356579 -0.34751782
v 0.77650231 1.70651721 -0.35644987
v 0.76131778 1.69356579 -0.34751782
v 0.76444402 1.69490556 -0.35868289
v 0.76444402 1.69490556 -0.35868289
v 0.76891002 1.67838132 -0.35957609
v 0.76712361 1.67570168 -0.35198385
v 0.76578384 1.67212886 -0.34617801
v 0.75685178 1.67391521 -0.32429447
v 0.76355078 1.66096380 -0.34215858
v 0.78632754 1.66900262 -0.34841102
v 0.79883242 1.68463368 -0.34796442
v 0.79972565 1.68150745 -0.33992557
v 0.79749260 1.68597356 -0.35689648
v 0.78543436 1.67391521 -0.35868289
v 0.76891002 1.67838132 -0.35957609
v 0.76712361 1.67570168 -0.35198385
v 0.78543436 1.67391521 -0.35868289
v 0.78141490 1.69088615 -0.36627514
v 0.76891002 1.67838132 -0.35957609
v 0.78141490 1.69088615 -0.36627514
v 0.78632754 1.66051721 -0.34483820
v 0.78632754 1.66900262 -0.34841102
v 0.80017224 1.66810944 -0.32965370
v 0.79302660 1.67882791 -0.31178959
v 0.78811395 1.64711910 -0.30241093
v 0.79838583 1.64488604 -0.32429447
v 0.78588095 1.65158510 -0.34439160
v 0.78632754 1.66051721 -0.34483820
v 0.76355078 1.66096380 -0.34215858
v 0.78632754 1.66051721 -0.34483820
v 0.76578384 1.67212886 -0.34617801
v 0.76355078 1.66096380 -0.34215858
v 0.78632754 1.66900262 -0.34841102
v 0.77426925 1.62925498 -0.34975083
v 0.78320131 1.61407051 -0.33054691
v 0.78588095 1.65158510 -0.34439160
v 0.76355078 1.66096380 -0.34215858
v 0.75417214 1.64533263 -0.34528480
v 0.78588095 1.65158510 -0.34439160
v 0.75417214 1.64533263 -0.34528480
v 0.73630802 1.63014816 -0.35377026
v -0.50346147 2.26209120 -0.11081831
v -0.54097611 2.22993579 -0.12421640
v -0.51507317 2.20135321 -0.13672128
v -0.47353906 2.23350862 -0.12376979
v 0.19636519 2.01601302 1.25768443
v 0.23387983 1.99993537 1.24964561
v 0.23611284 1.96331386 1.20230573
v 0.18520012 1.97581879 1.19471350
v 0.45182203 2.16428522 -0.11885716
v 0.46923952 2.14597440 -0.08625515
v 0.47995799 2.11203264 -0.11260472
v 0.46254049 2.12945017 -0.15056596
v -0.17833460 2.34292635 -0.63914947
v -0.17342197 2.35364482 -0.66058641
v -0.19619871 2.36704282 -0.66013982
v -0.20245115 2.35855741 -0.64048930
v 1.17453705 2.19599392 -0.07107066
v 1.16605163 2.24422708 -0.03221621
v 1.09727482 2.23440179 -0.02953659
v 1.01465320 2.16249875 -0.07017745
v 1.09727482 2.22368333 -0.12466300
v 1.00438143 2.21832415 -0.02462396
v 0.88368699 2.19554733 -0.02283755
v 1.01465320 2.16249875 -0.07017745
v 0.74524008 2.10712005 -0.08223573
v 0.88368699 2.19554733 -0.02283755
v 0.73050220 2.16964440 -0.03087640
v 0.74479349 2.15937252 -0.14609994
v 0.55320089 2.08300347 -0.10858530
v 0.56079312 2.13927546 -0.17512912
v 0.54024936 2.14954723 -0.05320654
v 0.56079312 2.13927546 -0.17512912
v 0.31516156 2.07496465 -0.15011936
v 0.33034605 2.13480935 -0.21934280
v 0.54248242 2.14686769 -0.09474061
v 0.62376411 2.06871218 -0.06571142
v 0.64028840 2.07898406 -0.09831343
v 0.56123971 2.15669287 -0.12912903
v -0.01309155 0.86009316 -1.08307270
v -0.00237308 0.87125833 -1.09155817
v 0.00075314 0.87215151 -1.08485911
v 0.18743313 1.82620682 1.11298516
v 0.14991849 1.87176034 1.10003364
v 0.14053983 1.85166317 1.01160625
v 0.15661753 1.78467272 0.89638275
v 0.11686988 1.83915835 0.90174203
v 0.12088931 1.77261448 0.75793584
v 0.15661753 1.78467272 0.89638275
v 0.07980185 1.82977965 0.76508148
v 0.07935524 1.76234260 0.58856175
v 0.12088931 1.77261448 0.75793584
v 0.03603477 1.82263400 0.59660058
v 0.15215151 1.90302246 1.16970374
v 0.18743313 1.86461470 1.19337362
v 0.24102547 1.88203222 1.18533480
v 0.24415169 1.84541070 1.10583952
v 0.15572433 1.94500315 1.22552903
v 0.15215151 1.90302246 1.16970374
v 0.18787973 1.91374093 1.25321843
v 0.18341370 2.00574114 1.29117971
v 0.15572433 1.94500315 1.22552903
v -0.57804415 1.47551185 -0.67353791
v -0.60930633 1.44246338 -0.68872238
v -0.58474321 1.41968667 -0.69363502
v -0.55080140 1.45184197 -0.67889714
v 0.22673418 2.01377996 1.31484960
v 0.20931667 2.02360525 1.32646124
v 0.20127782 1.98877020 1.30681077
v 0.23209341 1.98117797 1.28850007
v 0.21914193 2.03119749 1.32869430
v 0.20931667 2.02360525 1.32646124
v 0.21154968 2.03298395 1.33048076
v 0.23387983 1.99993537 1.24964561
v 0.22673418 2.01377996 1.31484960
v 0.22941380 2.02807125 1.29385925
v -0.06623728 6.81610042 -0.35600327
v -0.08186838 6.81252749 -0.34081877
v -0.06847030 6.77367314 -0.30509055
v -0.02291681 6.77858584 -0.34975083
v 0.46254049 2.12945017 -0.15056596
v 0.42904527 2.09729476 -0.14297372
v 0.40582192 2.12632393 -0.17557572
v 0.43261809 2.14999393 -0.18227477
v 0.07444261 4.82626145 -0.41629466
v 0.01057840 4.49220247 -0.33188672
v 0.08471448 4.49309565 -0.40557619
v 0.01638424 4.16115813 -0.32161485
v 0.09632615 4.15892513 -0.40111016
v 0.07890864 5.23847583 -0.41897427
v 0.01459783 5.24070889 -0.35511007
v 0.00611238 4.82849440 -0.34885763
v 0.07444261 4.82626145 -0.41629466
v -0.05417901 1.24238530 -1.12427186
v -0.08499460 1.18700650 -1.10763587
v -0.08812082 1.24461825 -0.95668408
v -0.05551882 1.29999706 -0.98124725
v 0.60322040 2.03209077 -0.11037171
v 0.65547292 1.99189644 -0.09697362
v 0.65323992 1.99948867 -0.06258520
v 0.60098735 2.03968301 -0.07330367
v 0.65547292 1.99189644 -0.09697362
v 0.69164774 1.97626538 -0.05543956
v 0.69477397 1.96911973 -0.08670176
v 0.69477397 1.96911973 -0.08670176
v 0.73228861 1.95840126 -0.04829391
v 0.73541484 1.95125562 -0.07687649
v 0.76355078 1.95348867 -0.04606090
v 0.76489061 1.94768280 -0.07285707
v -0.36948061 1.22273472 -0.95802390
v -0.40788846 1.20755025 -0.99419872
v -0.42977201 1.20487072 -0.97320843
v -0.27882025 2.29290683 -0.32027504
v -0.28998531 2.29469319 -0.25864385
v -0.30561642 2.33444083 -0.26043026
v -0.30561642 2.33444083 -0.26043026
v -0.29489795 2.29513978 -0.21532338
v -0.31231545 2.33667389 -0.21576998
v -0.27122799 2.36034377 -0.26043026
v -0.29266493 2.33042142 -0.32518768
v -0.26140273 2.35587777 -0.31982844
v -0.27480081 2.36436329 -0.21844960
v -0.27122799 2.36034377 -0.26043026
v -0.31231545 2.33667389 -0.21576998
v -0.27480081 2.36882929 -0.15949802
v -0.31231545 2.33667389 -0.21576998
v -0.31990771 2.33890683 -0.15726501
v -0.29489795 2.29513978 -0.21532338
v -0.24398523 2.29737284 -0.22648845
v -0.29802416 2.29469319 -0.15681840
v -0.23326676 2.29826601 -0.18004175
v -0.31990771 2.33890683 -0.15726501
v 0.18520012 1.97581879 1.19471350
v 0.23879246 1.93160504 1.15675222
v 0.18430691 1.94455656 1.14737352
v 0.21154968 2.03968301 1.32512147
v 0.22003514 2.03878972 1.32288842
v 0.22941380 2.02807125 1.29385925
v 0.20708366 2.03700337 1.30368454
v 0.20708366 2.03700337 1.30368454
v 0.23387983 1.99993537 1.24964561
v 0.19636519 2.01601302 1.25768443
v 0.18341370 2.00574114 1.29117971
v 0.20395744 2.03209077 1.32244183
v 0.20708366 2.03700337 1.30368454
v 0.21154968 2.03298395 1.33048076
v 0.22941380 2.02807125 1.29385925
v 0.21914193 2.03119749 1.32869430
v 0.22673418 2.01377996 1.31484960
v 0.06238433 1.21960860 -1.83660335
v 0.02799592 1.17271520 -1.79328289
v 0.08560768 1.22630765 -1.77452560
v 0.06238433 1.21960860 -1.83660335
v 0.09945237 1.22854060 -1.81293336
v 0.08560768 1.22407449 -1.85402088
v 0.10391840 1.22809401 -1.81650619
v 0.12982136 1.19772507 -1.80310818
v 0.12535534 1.19504532 -1.79908866
v 0.08560768 1.22407449 -1.85402088
v 0.05121926 1.17718131 -1.84553536
v 0.09275333 1.19057943 -1.87769076
v 0.08203486 1.82486706 0.05933737
v 0.00298616 1.79896401 0.06514322
v -0.00237308 1.80521648 0.00887125
v 0.07801543 1.83335247 -0.00140061
v -0.00594590 1.80789612 -0.02641037
v -0.05194599 1.88069234 0.00842465
v -0.05685862 1.88873117 -0.03355602
v 0.07622902 1.83781847 -0.03980846
v -0.00237308 1.80521648 0.00887125
v 0.08918051 1.89141081 0.14508512
v 0.00521917 1.93562456 0.07764810
v 0.04139400 1.88783799 0.38848368
v 0.11463687 1.86372141 0.37687198
v 0.00298616 1.79896401 0.06514322
v 0.00923860 1.78645918 0.13347344
v 0.11419026 1.78601259 0.37195939
v 0.04050080 1.76189601 0.38133803
v 0.08739409 1.81102235 0.13034724
v -0.00460609 1.82486706 0.39160991
v -0.03676150 1.85166317 0.14955115
v 0.04050080 1.76189601 0.38133803
v 0.00298616 1.79896401 0.06514322
v -0.03676150 1.85166317 0.14955115
v -0.04435374 1.86818752 0.07407528
v -0.00237308 1.80521648 0.00887125
v -0.05194599 1.88069234 0.00842465
v -0.51596635 1.98251785 0.12141518
v -0.45254877 1.95482844 0.13927929
v -0.45433518 1.96599350 0.16875508
v -0.35965535 1.91508080 0.15848320
v -0.36099517 1.92669245 0.18929881
v -0.56375286 2.01511984 0.12364818
v -0.51998576 1.99368290 0.14865794
v -0.50256829 1.99904208 0.10042483
v -0.53740328 2.01556643 0.08524034
v -0.49363623 2.02628490 0.10667727
v -0.52847123 2.04057619 0.09149278
v -0.56777228 2.07049854 0.08970637
v -0.53740328 2.05263442 0.11382292
v -0.49363623 2.02628490 0.10667727
v -0.53740328 2.05263442 0.11382292
v -0.49765564 2.03744995 0.13392006
v -0.49363623 2.02628490 0.10667727
v -0.43155842 2.01244020 0.15267738
v -0.50256829 1.99904208 0.10042483
v -0.44049048 1.97313914 0.11650254
v -0.49363623 2.02628490 0.10667727
v -0.45254877 1.95482844 0.13927929
v 0.15572433 1.94500315 1.22552903
v 0.18341370 2.00574114 1.29117971
v 0.19636519 2.01601302 1.25768443
v 0.18520012 1.97581879 1.19471350
v 0.54784165 2.13212981 -0.15815821
v 0.62778352 2.05620725 -0.12555620
v 0.60322040 2.03209077 -0.11037171
v 0.52149207 2.10712005 -0.14163391
v -0.80000575 1.62478898 -1.36722381
v -0.80625822 1.63104134 -1.40116557
v -0.83126798 1.67034239 -1.39312675
v -0.82590875 1.66632298 -1.35695193
v -0.78526787 1.62032287 -1.33462171
v -0.80983104 1.66409003 -1.31407806
v -0.75043282 1.60826464 -1.27968960
v -0.80983104 1.66409003 -1.31407806
v -0.77365617 1.65381815 -1.25334007
v -0.70845218 1.59118216 -1.21537879
v -0.75043282 1.60826464 -1.27968960
v -0.73390853 1.63952686 -1.18902926
v -0.78616105 1.62166275 -1.16312621
v -0.74596682 1.60826464 -1.08530570
v -0.69058807 1.62702193 -1.11165528
v -0.68522884 1.60826464 -0.96695596
v -0.62895685 1.62836181 -0.99821819
v -0.59367527 1.57287135 -1.01429589
v -0.66066567 1.57465771 -1.13365045
v -0.66066567 1.57465771 -1.13365045
v -0.73390853 1.63952686 -1.18902926
v -0.70845218 1.59118216 -1.21537879
v -0.61823838 1.62702193 -0.84592658
v -0.61109274 1.55634711 -0.83208193
v -0.62895685 1.62836181 -0.99821819
v -0.52311199 1.58850241 -0.90130533
v -0.59367527 1.57287135 -1.01429589
v -0.56375286 1.64667251 -0.88880045
v -0.41280110 1.63282781 -0.75615942
v -0.52311199 1.58850241 -0.90130533
v -0.45567495 1.69356579 -0.74410113
v -0.28685910 1.69177933 -0.61190671
v -0.33241259 1.75475037 -0.59984842
v -0.13635393 1.77261448 -0.44532384
v -0.28685910 1.69177933 -0.61190671
v -0.62761708 1.37993892 -0.70703313
v -0.63788891 1.36877376 -0.70881954
v -0.63386950 1.36654081 -0.73516907
v -0.62270444 1.37859916 -0.73516907
v -0.64101514 1.35760881 -0.73472248
v -0.66021908 1.36788058 -0.74588754
v -0.64458796 1.35984175 -0.71015931
v -0.64905402 1.35269611 -0.71149913
v -0.62270444 1.37859916 -0.73516907
v -0.61779179 1.42102644 -0.74544095
v -0.59992768 1.40048268 -0.73114966
v -0.61779179 1.42102644 -0.74544095
v -0.57491792 1.42191962 -0.72579042
v -0.55080140 1.45184197 -0.67889714
v -0.58474321 1.41968667 -0.69363502
v -0.51596635 1.48757019 -0.65969320
v -0.53874310 1.45586149 -0.71239237
v -0.47487888 1.53401700 -0.63334365
v -0.45880118 1.54116264 -0.67041167
v -0.51596635 1.48757019 -0.65969320
v -0.60662674 1.40048268 -0.70122725
v -0.62761708 1.37993892 -0.70703313
v -0.59992768 1.40048268 -0.73114966
v -0.58474321 1.41968667 -0.69363502
v -0.60662674 1.40048268 -0.70122725
v -0.57491792 1.42191962 -0.72579042
v 0.42859868 1.83201270 -0.64629512
v 0.41028795 1.82218741 -0.63780968
v 0.44065694 1.84049811 -0.65210097
v 0.42859868 1.83201270 -0.64629512
v 0.45048220 1.84183788 -0.63334365
v -0.62136462 2.17366381 -0.14788635
v -0.62627726 2.16964440 -0.14877955
v -0.61600538 2.14731428 -0.15726501
v -0.60707333 2.15044051 -0.15771161
v 0.12535534 1.19504532 -1.79908866
v 0.09945237 1.22854060 -1.81293336
v 0.11776309 1.19236578 -1.77497219
v 0.00075314 0.87215151 -1.08485911
v -0.00326628 0.89046232 -1.08619893
v -0.00192647 0.89224867 -1.07771346
v 0.00387936 0.87438445 -1.06252900
v -0.00192647 0.89224867 -1.07771346
v -0.00058667 0.89537480 -1.06699500
v 0.00611238 0.87751079 -1.05002412
v -0.00058667 0.89537480 -1.06699500
v 0.42859868 1.83201270 -0.64629512
v 0.43351130 1.81459518 -0.66013982
v 0.41430739 1.80253683 -0.65210097
v 0.41028795 1.82218741 -0.63780968
v 0.44824920 1.79851742 -0.65388738
v 0.43351130 1.81459518 -0.66013982
v 0.37857916 1.78467272 -0.63825627
v 0.42859868 1.78422613 -0.64450871
v 0.39197725 1.76412907 -0.62932421
v 0.34240432 1.76948825 -0.62709121
v 0.41028795 1.82218741 -0.63780968
v 0.37500634 1.80610965 -0.62307177
v 0.42457924 2.00082855 -0.36493533
v 0.43619091 2.00172173 -0.36582853
v 0.40760833 2.00082855 -0.36448873
v 0.40850154 1.97805174 -0.37788681
v 0.43619091 2.00172173 -0.36582853
v 0.44914241 1.98743044 -0.37833341
v 0.44288997 2.00350819 -0.36716834
v -0.80491840 1.63952686 -1.42304910
v -0.80179217 1.65113851 -1.44314626
v -0.82501551 1.68195415 -1.42930156
v -0.82858834 1.67480850 -1.41233063
v -0.80625822 1.63104134 -1.40116557
v -0.83126798 1.67034239 -1.39312675
v -0.83126798 1.61139087 -1.44403944
v -0.82546210 1.62657534 -1.46592297
v -0.80179217 1.65113851 -1.44314626
v -0.80491840 1.63952686 -1.42304910
v -0.80000575 1.66141039 -1.46011720
v -0.82278251 1.63684722 -1.47798131
v -0.80089899 1.66409003 -1.46681615
v -0.82278251 1.63684722 -1.47798131
v -0.82099610 1.67123568 -1.49405896
v -0.86342338 1.64265310 -1.46636956
v -0.83126798 1.61139087 -1.44403944
v -0.87101562 1.62925498 -1.44627250
v -0.87101562 1.62925498 -1.44627250
v -0.83618057 1.59709958 -1.41233063
v -0.87994768 1.61496369 -1.41143745
v -0.87637485 1.66007051 -1.39982580
v -0.86967580 1.66855603 -1.42662192
v -0.86967580 1.66855603 -1.42662192
v -0.86342338 1.64265310 -1.46636956
v -0.86297674 1.67659486 -1.44403944
v -0.86297674 1.67659486 -1.44403944
v -0.85761751 1.65158510 -1.47887449
v -0.82546210 1.62657534 -1.46592297
v -0.82278251 1.63684722 -1.47798131
v -0.85627774 1.68552697 -1.46190356
v -0.84868545 1.65515792 -1.49316578
v -0.84377286 1.68909979 -1.49137932
v -0.82278251 1.63684722 -1.47798131
v -0.82099610 1.67123568 -1.49405896
v -0.84868545 1.65515792 -1.49316578
v -0.82278251 1.63684722 -1.47798131
v -0.84377286 1.68909979 -1.49137932
v -0.82099610 1.67123568 -1.49405896
v -0.81429704 1.69445897 -1.47485508
v -0.82099610 1.69133274 -1.44984532
v -0.80089899 1.66409003 -1.46681615
v -0.82099610 1.67123568 -1.49405896
v -0.85627774 1.68552697 -1.46190356
v -0.82501551 1.68195415 -1.42930156
v -0.86967580 1.66855603 -1.42662192
v -0.82858834 1.67480850 -1.41233063
v -0.82858834 1.67480850 -1.41233063
v -0.87637485 1.66007051 -1.39982580
v -0.83126798 1.67034239 -1.39312675
v -0.80983104 1.66409003 -1.31407806
v -0.82233592 1.63640063 -1.22743702
v -0.77365617 1.65381815 -1.25334007
v -0.78616105 1.62166275 -1.16312621
v -0.73390853 1.63952686 -1.18902926
v -0.50524788 2.27772226 -0.15101257
v -0.50346147 2.26209120 -0.11081831
v -0.43155842 2.32506224 -0.08893477
v -0.43423801 2.34069330 -0.13225525
v 0.71844391 2.01422666 -0.07866291
v 0.71129826 1.99234303 -0.10054645
v 0.67735645 2.01556643 -0.11171152
v 0.68896815 2.03744995 -0.08625515
v -0.03452848 0.88376326 -1.08351929
v -0.03140226 0.86545245 -1.07503387
v -0.03586829 0.88465644 -1.07682029
v 0.13696701 1.41432738 -0.05677937
v 0.15349131 1.11510345 -0.07821630
v -0.43155842 2.01244020 0.15267738
v -0.44406330 1.99457608 0.17545411
v -0.34983009 1.95706150 0.19644446
v -0.33732521 1.97581879 0.17277449
v 0.76712361 1.67570168 -0.35198385
v 0.78632754 1.66900262 -0.34841102
v 0.76578384 1.67212886 -0.34617801
v 0.03290855 1.45273515 -0.51945991
v 0.07042319 1.44380314 -0.51901332
v 0.07220960 1.43621091 -0.57349887
v 0.02174348 1.43665750 -0.59493581
v -0.04703336 3.77350686 -0.44978987
v 0.00566577 3.45641884 -0.45827534
v -0.28909210 1.23925896 -0.83252852
v -0.35295632 1.21112297 -0.87942180
v -0.33419900 1.18343378 -0.88835386
v -0.27033478 1.20978320 -0.84235375
v -0.42932539 1.59441993 -0.59940183
v -0.47487888 1.53401700 -0.63334365
v -0.41190790 1.60290535 -0.63780968
v -0.05105279 5.95002590 -0.38011982
v 0.02442309 5.59988927 -0.46140154
v -0.03452848 5.59676293 -0.40334317
v 0.60098735 2.03968301 -0.07330367
v 0.62376411 2.06871218 -0.06571142
v 0.54248242 2.14686769 -0.09474061
v 0.51791925 2.11605205 -0.10277946
v 0.45584144 1.99546926 -0.37788681
v 0.47057935 1.99189644 -0.36940136
v 0.44914241 1.98743044 -0.37833341
v 0.47057935 1.99189644 -0.36940136
v 0.46075408 2.00395478 -0.36493533
v 0.46789973 1.99591585 -0.35243045
v 0.46075408 2.00395478 -0.36493533
v 0.46789973 1.99591585 -0.35243045
v 0.46030747 1.98296443 -0.34751782
v 0.47057935 1.99189644 -0.36940136
v 0.78811395 1.64711910 -0.30241093
v 0.79302660 1.67882791 -0.31178959
v 0.77114307 1.68150745 -0.30910997
v 0.75327896 1.66319675 -0.31982844
v 0.75685178 1.67391521 -0.32429447
v 0.77337607 1.70115803 -0.32608088
v 0.75953137 1.68820650 -0.33456633
v 0.79302660 1.67882791 -0.31178959
v 0.77114307 1.68150745 -0.30910997
v 0.79347319 1.69758520 -0.32831390
v 0.79972565 1.68150745 -0.33992557
v 0.80017224 1.66810944 -0.32965370
v 0.75685178 1.67391521 -0.32429447
v 0.76355078 1.66096380 -0.34215858
v 0.74256049 1.64577922 -0.32206146
v 0.76355078 1.66096380 -0.34215858
v 0.75417214 1.64533263 -0.34528480
v -0.47353906 2.23350862 -0.12376979
v -0.47532547 2.24913967 -0.16396405
v -0.40118943 2.31121754 -0.14565333
v -0.39806320 2.29558637 -0.10233286
v 0.00164635 1.99055667 -0.80260611
v 0.02486970 2.04593537 -0.77536335
v -0.00862552 2.03209077 -0.76643130
v 1.17453705 2.19599392 -0.07107066
v 1.22902256 2.20805227 -0.06615803
v 1.21562456 2.25226591 -0.03042980
v 0.10391840 1.22809401 -1.81650619
v 0.13071457 1.21112297 -1.85357429
v 0.08560768 1.22407449 -1.85402088
v 0.13696701 1.16378320 -1.82677806
v 0.13071457 1.21112297 -1.85357429
v 0.12982136 1.19772507 -1.80310818
v -0.39270396 1.67302203 -0.56233378
v -0.39493699 1.62880839 -0.58823675
v -0.37260685 1.64220640 -0.58779016
v 0.05791831 2.04816842 -0.19299323
v 0.09900577 2.06379948 -0.18763400
v 0.06819017 2.15937252 -0.13002223
v 0.01102501 2.16160557 -0.13806108
v 0.48665702 1.84362435 -0.65388738
v 0.48129779 1.86506128 -0.65612038
v 0.47325896 1.86148846 -0.64272230
v 0.47727837 1.84987682 -0.63959609
v 0.48665702 1.84362435 -0.65388738
v 0.06372414 1.40628856 -0.49623656
v 0.07042319 1.44380314 -0.51901332
v 0.03290855 1.45273515 -0.51945991
v 0.02620950 1.41298762 -0.49489677
v -0.00058667 2.14016864 -0.69854766
v 0.00968520 2.12409088 -0.76285847
v -0.00326628 2.16115898 -0.73829530
v -0.02068379 2.08568312 -0.72177101
v -0.03363528 2.11605205 -0.69810108
v 0.01459783 2.10086759 -0.73114966
v 0.02486970 2.04593537 -0.77536335
v 0.01995706 2.06826559 -0.80439252
v 0.00968520 2.12409088 -0.76285847
v -0.06847030 6.77367314 -0.30509055
v -0.08186838 6.81252749 -0.34081877
v -0.09749948 6.81386726 -0.35644987
v -0.11357719 6.77367314 -0.35064404
v 0.65323992 1.99948867 -0.06258520
v 0.62376411 2.06871218 -0.06571142
v 0.60098735 2.03968301 -0.07330367
v 0.40135589 2.11024618 -0.09920664
v 0.41743359 2.14999393 -0.07866291
v 0.39912289 2.16339193 -0.10813869
v 0.38527819 2.13480935 -0.13002223
v -0.40118943 2.31121754 -0.14565333
v -0.47532547 2.24913967 -0.16396405
v -0.50524788 2.27772226 -0.15101257
v -0.43423801 2.34069330 -0.13225525
v -0.46594683 1.61675005 -0.59672222
v -0.50792752 1.55768688 -0.62977083
v -0.47487888 1.53401700 -0.63334365
v -0.42932539 1.59441993 -0.59940183
v -0.42664578 1.65337156 -0.57573187
v -0.42932539 1.59441993 -0.59940183
v -0.41056808 1.61585687 -0.59091637
v -0.47085947 1.63952686 -0.63289703
v -0.42664578 1.65337156 -0.57573187
v -0.57045192 2.20760568 -0.13448826
v -0.59278204 2.19197451 -0.14118730
v -0.57447133 2.16517839 -0.15279898
v -0.54856834 2.17946969 -0.14609994
v -0.09749948 6.81386726 -0.35644987
v -0.08186838 6.81744019 -0.37163437
v -0.06802370 6.77858584 -0.39575092
v -0.11357719 6.77367314 -0.35064404
v 0.39599666 1.50409443 -0.38949848
v 0.27720030 1.46524008 -0.43505197
v 0.27541389 1.43263798 -0.41272183
v -0.43155842 2.32506224 -0.08893477
v -0.50346147 2.26209120 -0.11081831
v -0.47353906 2.23350862 -0.12376979
v -0.39806320 2.29558637 -0.10233286
v 0.06506395 2.12855699 -0.47033360
v 0.08873390 2.13168311 -0.50382883
v 0.04764644 2.16562498 -0.52839197
v 0.40582192 2.12632393 -0.17557572
v 0.42904527 2.09729476 -0.14297372
v 0.40135589 2.11024618 -0.09920664
v 0.38527819 2.13480935 -0.13002223
v -0.06355767 1.33349234 -0.68872238
v -0.09526647 1.32188058 -0.71149913
v -0.08276159 1.28391941 -0.73159625
v -0.05417901 1.29061846 -0.71819819
v -0.65932584 1.38395844 -0.70524672
v -0.63788891 1.36877376 -0.70881954
v -0.62761708 1.37993892 -0.70703313
v 0.06506395 2.12855699 -0.47033360
v 0.14500586 2.07585783 -0.42299370
v 0.16644280 2.07943065 -0.45559572
v 0.08873390 2.13168311 -0.50382883
v 0.14500586 2.07585783 -0.42299370
v 0.21422930 2.04057619 -0.38726547
v 0.23209341 2.04459560 -0.41897427
v 0.16644280 2.07943065 -0.45559572
v -0.80179217 1.65113851 -1.44314626
v -0.80000575 1.66141039 -1.46011720
v -0.82099610 1.69133274 -1.44984532
v -0.82501551 1.68195415 -1.42930156
v 0.04407362 1.92088657 -0.92184909
v 0.05613189 1.93249833 -0.93167432
v 0.04228721 1.92624586 -0.92452868
v 0.03022893 1.92624586 -0.93569379
v 0.02710271 1.93160504 -0.93033455
v 0.03648137 1.93249833 -0.94998508
v 0.04541343 1.92445939 -0.93971320
v 0.04228721 1.92624586 -0.92452868
v 0.04541343 1.92445939 -0.93971320
v 0.09275333 1.19057943 -1.87769076
v 0.13071457 1.21112297 -1.85357429
v 0.11820969 1.16021027 -1.86429276
v 0.13071457 1.21112297 -1.85357429
v 0.13696701 1.16378320 -1.82677806
v 0.11820969 1.16021027 -1.86429276
v 0.42055983 1.82308059 -0.61547954
v 0.41028795 1.82218741 -0.63780968
v 0.37500634 1.80610965 -0.62307177
v 0.42234624 2.17723663 -0.15547860
v 0.45182203 2.16428522 -0.11885716
v 0.46254049 2.12945017 -0.15056596
v 0.43261809 2.14999393 -0.18227477
v 0.53622995 2.14910064 0.34962922
v 0.53578336 2.15356675 0.35275545
v 0.55141447 2.14999393 0.36436710
v 0.54873483 2.14418805 0.36749333
v -0.52266540 1.52017230 -0.71194572
v -0.55794704 1.48176432 -0.72847007
v -0.54990816 1.53133725 -0.68738261
v 0.43261809 2.13570263 -0.05945898
v 0.46923952 2.14597440 -0.08625515
v 0.45182203 2.16428522 -0.11885716
v 0.00075314 0.87215151 -1.08485911
v -0.00237308 0.87125833 -1.09155817
v -0.00594590 0.88688939 -1.09557758
v -0.00326628 0.89046232 -1.08619893
v -0.01309155 0.86009316 -1.08307270
v 0.00253955 0.87259809 -1.07592705
v -0.00594590 0.88688939 -1.09557758
v -0.01934399 0.87438445 -1.09825722
v -0.84377286 1.68909979 -1.49137932
v -0.81429704 1.69445897 -1.47485508
v -0.82099610 1.67123568 -1.49405896
v 0.06819017 2.15937252 -0.13002223
v 0.09811256 2.23574167 -0.20505151
v 0.05389888 2.24913967 -0.21532338
v 0.01102501 2.16160557 -0.13806108
v -0.03452848 1.94946915 -0.26534289
v -0.09392666 1.92133327 -0.19656606
v -0.06802370 1.94321680 -0.16441065
v -0.01130513 1.97626538 -0.24122634
v -1.05602082 2.45368386 0.07228887
v -1.07433152 2.42420799 0.10667727
v -1.07433152 2.42420799 0.10667727
v -1.09755492 2.43849928 0.08434713
v -1.05602082 2.45368386 0.07228887
v -1.09755492 2.43849928 0.08434713
v -1.08638986 2.46172268 0.07675490
v -0.05149939 1.28927848 -0.76375165
v -0.07204312 1.28213283 -0.77223712
v -0.03006245 1.29642412 -0.75749924
v -0.02738284 1.33617187 -0.78072259
v -0.12340245 1.27007471 -0.75303318
v -0.08276159 1.28391941 -0.73159625
v -0.10375192 1.26962812 -0.78786823
v -0.08276159 1.28391941 -0.73159625
v -0.05417901 1.29061846 -0.71819819
v -0.07204312 1.28213283 -0.77223712
v -0.05417901 1.29061846 -0.71819819
v -0.03006245 1.29642412 -0.75749924
v -0.01845078 1.29731730 -0.70212049
v 1.32593548 2.29067378 -0.02283755
v 1.33397430 2.25985814 -0.04516769
v 1.33888689 2.29112037 -0.04963372
v 1.32682866 2.28084849 -0.07687649
v 1.33888689 2.29112037 -0.04963372
v -0.15913068 2.32238259 -1.46636956
v -0.13188790 2.30183884 -1.44895203
v -0.14662580 2.29558637 -1.47619485
v 0.53846295 2.15222687 0.38535745
v 0.54784165 2.16428522 0.37865839
v 0.53176395 2.17545027 0.37285257
v 0.51970566 2.16294534 0.37910503
v -0.52445181 1.20621049 -1.08351929
v -0.51953917 1.19593850 -1.09602417
v -0.52668481 1.18432696 -1.07949988
v -0.51953917 1.19593850 -1.09602417
v -0.51194693 1.21067638 -1.08307270
v -0.51284011 1.18030744 -1.09245134
v -0.52668481 1.18432696 -1.07949988
v -0.51284011 1.18030744 -1.09245134
v -0.51016052 1.17271520 -1.07414064
v -0.52668481 1.18432696 -1.07949988
v 0.02397649 1.29821070 -0.82850911
v 0.02844252 1.34108457 -0.79903329
v 0.02263668 1.27588037 -0.82984887
v 0.22003514 2.03878972 1.32288842
v 0.21154968 2.03298395 1.33048076
v 0.21914193 2.03119749 1.32869430
v 0.21154968 2.03298395 1.33048076
v 0.21154968 2.03968301 1.32512147
v -0.00237308 0.87125833 -1.09155817
v -0.01309155 0.86009316 -1.08307270
v -0.01934399 0.87438445 -1.09825722
v -0.03095566 0.86589904 -1.08217952
v -0.01934399 0.87438445 -1.09825722
v -0.03095566 0.86589904 -1.08217952
v -0.03318867 0.88242328 -1.08977175
v -0.01934399 0.87438445 -1.09825722
v 0.03603477 0.95209337 -0.96115014
v 0.02352989 0.92083126 -0.98973272
v 0.01593764 0.94137501 -1.00938324
v 0.02754931 0.97308372 -0.98303366
v 0.13071457 1.21112297 -1.85357429
v 0.09275333 1.19057943 -1.87769076
v 0.08560768 1.22407449 -1.85402088
v 0.00700558 1.64890545 -0.27472155
v 0.06059792 1.39467680 -0.24211955
v 0.05300567 1.87711952 -0.24077974
v -0.01130513 1.97626538 -0.24122634
v -0.01532456 2.18616874 -0.72355742
v -0.00326628 2.16115898 -0.73829530
v -0.03765470 2.16383852 -0.75214001
v -0.04256733 2.18304251 -0.74722736
v 0.47325896 1.86148846 -0.64272230
v 0.45941426 1.85389623 -0.64361550
v 0.47727837 1.84987682 -0.63959609
v 0.45137541 1.85166317 -0.65746020
v 0.46343370 1.86416811 -0.65746020
v 0.46120067 1.85344964 -0.67085826
v 0.45137541 1.85166317 -0.65746020
v 0.46343370 1.86416811 -0.65746020
v -0.41056808 1.61585687 -0.59091637
v -0.39493699 1.62880839 -0.58823675
v -0.42664578 1.65337156 -0.57573187
v -0.19396570 1.76993484 -0.50650844
v -0.26184934 1.74090567 -0.52124632
v -0.24532502 1.78109990 -0.49266374
v -0.50524788 1.17003567 -1.07101441
v -0.49318959 1.17405497 -1.08843193
v -0.47800512 1.16646274 -1.07816005
v -0.49363623 1.16333661 -1.06118917
v -0.49363623 1.16333661 -1.06118917
v -0.46192742 1.15842391 -1.06386876
v -0.48157794 1.15619097 -1.04779106
v -0.06802370 6.77858584 -0.39575092
v -0.08186838 6.81744019 -0.37163437
v -0.06623728 6.81610042 -0.35600327
v -0.02291681 6.77858584 -0.34975083
v -0.65932584 1.38395844 -0.70524672
v -0.66602490 1.37145351 -0.70658649
v -0.64458796 1.35984175 -0.71015931
v -0.63788891 1.36877376 -0.70881954
v -0.18726665 2.37954776 -0.67934373
v -0.19039287 2.37954776 -0.67398450
v -0.17386857 2.39026623 -0.67845055
v 0.44288997 2.00350819 -0.36716834
v 0.46075408 2.00395478 -0.36493533
v 0.45584144 1.99546926 -0.37788681
v 0.44914241 1.98743044 -0.37833341
v 0.51032701 2.14418805 0.35230886
v 0.51836584 2.16071239 0.35677486
v 0.53622995 2.14910064 0.34962922
v 0.53265713 2.13793558 0.34560981
v -0.62895685 2.14597440 -0.15235238
v -0.62270444 2.14552781 -0.15547860
v -0.63118991 2.16517839 -0.15011936
v -0.64592779 2.16517839 -0.16307084
v -0.64280155 2.16875122 -0.16843008
v -0.62895685 2.14597440 -0.15235238
v -0.63118991 2.16517839 -0.15011936
v -0.64190838 2.15445993 -0.15279898
v -0.63118991 2.16517839 -0.15011936
v -0.64592779 2.16517839 -0.16307084
v -0.64190838 2.15445993 -0.15279898
v -0.17074235 2.35096518 -0.69318843
v -0.16984914 2.36525647 -0.67353791
v -0.17342197 2.35364482 -0.66058641
v -0.17654819 2.33265447 -0.67621750
v 0.13071457 1.21112297 -1.85357429
v 0.10391840 1.22809401 -1.81650619
v 0.12982136 1.19772507 -1.80310818
v 0.79838583 1.96018762 -0.08268233
v 0.79391978 1.95527503 -0.07821630
v 0.78766736 1.97269256 -0.08714836
v 0.64028840 2.07898406 -0.09831343
v 0.62778352 2.05620725 -0.12555620
v 0.54784165 2.13212981 -0.15815821
v 0.56123971 2.15669287 -0.12912903
v 0.44288997 2.00350819 -0.36716834
v 0.45003562 2.00038196 -0.34796442
v 0.46075408 2.00395478 -0.36493533
v -0.02961585 1.35046316 -0.65344076
v -0.06355767 1.33349234 -0.68872238
v -0.05417901 1.29061846 -0.71819819
v -0.01845078 1.29731730 -0.70212049
v -0.03408188 2.21787756 -0.70703313
v -0.01532456 2.18616874 -0.72355742
v -0.04256733 2.18304251 -0.74722736
v -0.68522884 1.60826464 -0.96695596
v -0.74596682 1.60826464 -1.08530570
v -0.74998624 1.54428877 -1.09155817
v -0.68478225 1.54071606 -0.96382973
v -0.70532595 2.34694576 -0.05409975
v -0.82456892 2.35409141 -0.00497344
v -0.66959772 2.39517882 0.01735670
v 0.05255907 1.93651774 -0.94730543
v 0.05613189 1.93249833 -0.93167432
v 0.04541343 1.92445939 -0.93971320
vt 0.45315000 0.00024003
vt 0.46877000 0.00024003
vt 0.50000000 0.15226001
vt 0.43753001 0.15226001
vt 0.43753001 0.00024003
vt 0.42190999 0.00024003
vt 0.50000000 0.31467998
vt 0.43753001 0.31467998
vt 0.48438001 0.00024003
vt 0.46877000 0.00024003
vt 0.56247002 0.15226001
vt 0.56247002 0.31467998
vt 0.50000000 0.15226001
vt 0.56247002 0.00024003
vt 0.54685003 0.00024003
vt 0.51561999 0.00024003
vt 0.53122997 0.00024003
vt 0.50000000 0.00024003
vt 0.48438001 0.00024003
vt 0.51561999 0.00024003
vt 0.54685003 0.00024003
vt 0.56247002 0.15226001
vt 0.53122997 0.00024003
vt 0.56247002 0.31467998
vt 0.50000000 0.48712999
vt 0.56247002 0.48712999
vt 0.43753001 0.31467998
vt 0.43753001 0.48712999
vt 0.50000000 0.70985001
vt 0.43753001 0.70985001
vt 0.50000000 0.91188002
vt 0.43753001 0.91188002
vt 0.43753001 1.12607002
vt 0.37505999 1.12607002
vt 0.37505999 0.91188002
vt 0.43753001 0.70985001
vt 0.37505999 0.70985001
vt 0.43753001 0.48712999
vt 0.43753001 0.70985001
vt 0.37505999 0.48712999
vt 0.43753001 0.48712999
vt 0.37505999 0.31467998
vt 0.37505999 0.15226001
vt 0.42190999 0.00024003
vt 0.40630001 0.00024003
vt 0.39067999 0.00024003
vt 0.37505999 0.00024003
vt 0.35944000 0.00024003
vt 0.31259000 0.15226001
vt 0.35944000 0.00024003
vt 0.34382999 0.00024003
vt 0.32821000 0.00024003
vt 0.31259000 0.00024003
vt 0.29697001 0.00024003
vt 0.28136000 0.00024003
vt 0.26574001 0.00024003
vt 0.25012001 0.15226001
vt 0.25012001 0.00024003
vt 0.25012001 0.31467998
vt 0.31259000 0.31467998
vt 0.37505999 0.48712999
vt 0.31259000 0.48712999
vt 0.37505999 0.70985001
vt 0.31259000 0.48712999
vt 0.31259000 0.70985001
vt 0.25012001 0.70985001
vt 0.25012001 0.48712999
vt 0.31259000 0.31467998
vt 0.25012001 0.31467998
vt 0.18765000 0.31467998
vt 0.18765000 0.48712999
vt 0.25012001 0.70985001
vt 0.18765000 0.48712999
vt 0.18765000 0.70985001
vt 0.12518001 0.70985001
vt 0.12518001 0.48712999
vt 0.12518001 0.31467998
vt 0.18765000 0.15226001
vt 0.18765000 0.31467998
vt 0.12518001 0.15226001
vt 0.06271000 0.15226001
vt 0.06271000 0.31467998
vt 0.12518001 0.48712999
vt 0.06271000 0.48712999
vt 0.00024000 0.70985001
vt 0.00024000 0.48712999
vt 0.06271000 0.70985001
vt 0.00024000 0.91188002
vt 0.00024000 0.70985001
vt 0.06271000 0.91188002
vt 0.00024000 1.12607002
vt 0.06271000 1.12607002
vt 0.00024000 1.40152001
vt 0.00024000 1.12607002
vt 0.06271000 1.40152001
vt 0.00024000 1.65041006
vt 0.00024000 1.40152001
vt 0.12518001 1.65041006
vt 0.00024000 1.91400003
vt 0.12518001 1.91400003
vt 0.25012001 1.91400003
vt 0.25012001 1.65041006
vt 0.12518001 1.40152001
vt 0.06271000 1.12607002
vt 0.12518001 1.12607002
vt 0.18765000 1.40152001
vt 0.18765000 1.12607002
vt 0.12518001 1.12607002
vt 0.25012001 1.40152001
vt 0.25012001 1.12607002
vt 0.12518001 0.91188002
vt 0.12518001 0.70985001
vt 0.06271000 0.48712999
vt 0.12518001 0.48712999
vt 0.00024000 0.48712999
vt 0.00024000 0.31467998
vt 0.06271000 0.15226001
vt 0.06271000 0.31467998
vt 0.00024000 0.15226001
vt 0.00024000 0.00024003
vt 0.01586000 0.00024003
vt 0.03148000 0.00024003
vt 0.04710000 0.00024003
vt 0.06271000 0.15226001
vt 0.06271000 0.00024003
vt 0.06271000 0.15226001
vt 0.06271000 0.00024003
vt 0.07833000 0.00024003
vt 0.09395000 0.00024003
vt 0.10957000 0.00024003
vt 0.12518001 0.15226001
vt 0.12518001 0.00024003
vt 0.14080000 0.00024003
vt 0.18765000 0.15226001
vt 0.15642001 0.00024003
vt 0.17204000 0.00024003
vt 0.15642001 0.00024003
vt 0.25012001 0.31467998
vt 0.18765000 0.00024003
vt 0.17204000 0.00024003
vt 0.20327000 0.00024003
vt 0.21889000 0.00024003
vt 0.23450001 0.00024003
vt 0.25012001 0.15226001
vt 0.25012001 0.15226001
vt 0.56247002 0.00024003
vt 0.57809001 0.00024003
vt 0.56247002 0.15226001
vt 0.57809001 0.00024003
vt 0.59369999 0.00024003
vt 0.60931998 0.00024003
vt 0.62493998 0.15226001
vt 0.62493998 0.00024003
vt 0.62493998 0.15226001
vt 0.62493998 0.31467998
vt 0.56247002 0.31467998
vt 0.68741000 0.15226001
vt 0.68741000 0.31467998
vt 0.74988002 0.31467998
vt 0.74988002 0.48712999
vt 0.68741000 0.48712999
vt 0.81234998 0.48712999
vt 0.74988002 0.70985001
vt 0.81234998 0.70985001
vt 0.74988002 0.48712999
vt 0.68741000 0.70985001
vt 0.74988002 0.91188002
vt 0.74988002 0.70985001
vt 0.81234998 0.70985001
vt 0.81234998 0.91188002
vt 0.87481999 0.70985001
vt 0.87481999 0.48712999
vt 0.87481999 0.91188002
vt 0.81234998 0.91188002
vt 0.74988002 1.12607002
vt 0.81234998 1.12607002
vt 0.87481999 1.12607002
vt 0.87481999 0.91188002
vt 0.81234998 1.12607002
vt 0.87481999 1.40152001
vt 0.81234998 1.40152001
vt 0.74988002 1.40152001
vt 0.68741000 1.12607002
vt 0.68741000 1.40152001
vt 0.74988002 1.65041006
vt 0.87481999 1.65041006
vt 0.93729001 1.40152001
vt 0.99975997 1.65041006
vt 0.99975997 1.40152001
vt 0.93729001 1.12607002
vt 0.93729001 0.91188002
vt 0.99975997 1.12607002
vt 0.99975997 0.91188002
vt 0.93729001 0.70985001
vt 0.99975997 0.70985001
vt 0.87481999 0.91188002
vt 0.93729001 0.48712999
vt 0.87481999 0.48712999
vt 0.99975997 0.70985001
vt 0.93729001 0.48712999
vt 0.99975997 0.48712999
vt 0.93729001 0.31467998
vt 0.87481999 0.48712999
vt 0.99975997 0.48712999
vt 0.99975997 0.31467998
vt 0.87481999 0.31467998
vt 0.93729001 0.15226001
vt 0.99975997 0.31467998
vt 0.99975997 0.15226001
vt 0.87481999 0.15226001
vt 0.81234998 0.15226001
vt 0.81234998 0.31467998
vt 0.81234998 0.48712999
vt 0.74988002 0.15226001
vt 0.73426002 0.00024003
vt 0.74988002 0.00024003
vt 0.71864003 0.00024003
vt 0.67179000 0.00024003
vt 0.65617001 0.00024003
vt 0.64055997 0.00024003
vt 0.62493998 0.15226001
vt 0.62493998 0.00024003
vt 0.64055997 0.00024003
vt 0.68741000 0.00024003
vt 0.67179000 0.00024003
vt 0.70302999 0.00024003
vt 0.71864003 0.00024003
vt 0.68741000 0.15226001
vt 0.74988002 0.00024003
vt 0.76550001 0.00024003
vt 0.81234998 0.15226001
vt 0.78110999 0.00024003
vt 0.79672998 0.00024003
vt 0.78110999 0.00024003
vt 0.81234998 0.00024003
vt 0.82796001 0.00024003
vt 0.85920000 0.00024003
vt 0.87481999 0.15226001
vt 0.84358001 0.00024003
vt 0.82796001 0.00024003
vt 0.87481999 0.00024003
vt 0.89042997 0.00024003
vt 0.93729001 0.15226001
vt 0.90605003 0.00024003
vt 0.92167002 0.00024003
vt 0.90605003 0.00024003
vt 0.93729001 0.00024003
vt 0.92167002 0.00024003
vt 0.95289999 0.00024003
vt 0.96851999 0.00024003
vt 0.98413998 0.00024003
vt 0.99975997 1.61547995
vt 0.83317000 1.60327005
vt 0.83317000 1.51969004
vt 0.99975997 1.53167999
vt 0.83317000 1.42991996
vt 0.66658998 1.50878000
vt 0.66658998 1.42576003
vt 0.99975997 1.69344997
vt 0.83317000 1.60327005
vt 0.83317000 1.68190002
vt 0.99975997 1.76803994
vt 0.83317000 1.75852001
vt 0.66658998 1.74767995
vt 0.66658998 1.66907001
vt 0.66658998 1.59068000
vt 0.83317000 1.51969004
vt 0.66658998 1.59068000
vt 0.66658998 1.50878000
vt 0.99975997 1.53167999
vt 0.83317000 1.42991996
vt 0.99975997 1.43289006
vt 0.66658998 1.66907001
vt 0.50000000 1.56292999
vt 0.50000000 1.65303004
vt 0.66658998 1.74767995
vt 0.50000000 1.65303004
vt 0.50000000 1.74046004
vt 0.66658998 1.83396995
vt 0.50000000 1.83253002
vt 0.50000000 1.92373002
vt 0.33340999 1.92373002
vt 0.33340999 1.83778000
vt 0.33340999 1.92373002
vt 0.16683000 1.84403002
vt 0.16683000 1.92373002
vt 0.00024000 2.22227001
vt 0.00024000 1.92373002
vt 0.16683000 2.22227001
vt 0.00024000 2.49166989
vt 0.16683000 2.49166989
vt 0.00024000 2.76640010
vt 0.16683000 2.76640010
vt 0.33340999 2.76640010
vt 0.16683000 2.49166989
vt 0.33340999 2.49166989
vt 0.50000000 2.22227001
vt 0.50000000 2.49166989
vt 0.33340999 2.22227001
vt 0.50000000 1.92373002
vt 0.50000000 2.22227001
vt 0.16683000 1.92373002
vt 0.16683000 2.22227001
vt 0.33340999 2.49166989
vt 0.16683000 2.49166989
vt 0.16683000 1.84403002
vt 0.00024000 1.92373002
vt 0.00024000 1.84440005
vt 0.16683000 1.76580000
vt 0.00024000 1.84440005
vt 0.33340999 1.83778000
vt 0.33340999 1.74887002
vt 0.00024000 1.76803994
vt 0.16683000 1.69094002
vt 0.33340999 1.74887002
vt 0.00024000 1.69344997
vt 0.33340999 1.66057003
vt 0.16683000 1.69094002
vt 0.16683000 1.61535001
vt 0.00024000 1.61547995
vt 0.33340999 1.56664002
vt 0.16683000 1.53696001
vt 0.50000000 1.74046004
vt 0.33340999 1.83778000
vt 0.33340999 1.74887002
vt 0.50000000 1.83253002
vt 0.33340999 1.46121001
vt 0.50000000 1.56292999
vt 0.50000000 1.65303004
vt 0.33340999 1.46121001
vt 0.16683000 1.53696001
vt 0.16683000 1.45736003
vt 0.33340999 1.34342003
vt 0.50000000 1.46499002
vt 0.50000000 1.56292999
vt 0.50000000 1.35769999
vt 0.66658998 1.50878000
vt 0.66658998 1.42576003
vt 0.66658998 1.59068000
vt 0.00024000 1.53167999
vt 0.00024000 1.43289006
vt 0.16683000 1.53696001
vt 0.00024000 1.53167999
vt 0.16683000 1.61535001
vt 0.99975997 0.00024003
vt 0.99975997 0.15226001
vt 0.98413998 0.00024003
vt 0.68741000 0.91188002
vt 0.74988002 1.12607002
vt 0.62493998 0.91188002
vt 0.62493998 0.70985001
vt 0.68741000 0.48712999
vt 0.62493998 0.48712999
vt 0.68741000 0.31467998
vt 0.62493998 0.31467998
vt 0.56247002 0.48712999
vt 0.56247002 0.70985001
vt 0.50000000 0.70985001
vt 0.56247002 0.91188002
vt 0.56247002 0.91188002
vt 0.50000000 1.12607002
vt 0.43753001 0.91188002
vt 0.43753001 1.12607002
vt 0.50000000 1.40152001
vt 0.43753001 1.40152001
vt 0.43753001 1.40152001
vt 0.37505999 1.40152001
vt 0.37505999 1.12607002
vt 0.37505999 1.65041006
vt 0.37505999 1.65041006
vt 0.31259000 1.40152001
vt 0.50000000 1.65041006
vt 0.43753001 1.40152001
vt 0.50000000 1.91400003
vt 0.37505999 1.91400003
vt 0.37505999 1.91400003
vt 0.25012001 1.91400003
vt 0.31259000 1.40152001
vt 0.31259000 1.12607002
vt 0.37505999 1.40152001
vt 0.31259000 0.91188002
vt 0.37505999 0.91188002
vt 0.31259000 0.91188002
vt 0.37505999 0.70985001
vt 0.25012001 1.12607002
vt 0.31259000 0.91188002
vt 0.25012001 0.91188002
vt 0.31259000 0.70985001
vt 0.25012001 0.70985001
vt 0.25012001 0.70985001
vt 0.18765000 0.91188002
vt 0.25012001 0.91188002
vt 0.12518001 1.12607002
vt 0.18765000 0.70985001
vt 0.18765000 0.91188002
vt 0.12518001 0.70985001
vt 0.25012001 2.28072000
vt 0.25012001 2.38872004
vt 0.00024000 2.39532995
vt 0.00024000 2.29050994
vt 0.00024000 2.50533009
vt 0.25012001 2.50219989
vt 0.50000000 2.50168991
vt 0.50000000 2.39169002
vt 0.74988002 2.29046988
vt 0.74988002 2.39440989
vt 0.50000000 2.29023004
vt 0.99975997 2.39532995
vt 0.99975997 2.29050994
vt 0.74988002 2.39440989
vt 0.99975997 2.50533009
vt 0.74988002 2.39440989
vt 0.74988002 2.50443006
vt 0.50000000 2.50168991
vt 0.50000000 2.39169002
vt 0.50000000 2.61788988
vt 0.74988002 2.61788988
vt 0.99975997 2.61788988
vt 0.99975997 2.50533009
vt 0.74988002 2.61788988
vt 0.99975997 2.96625996
vt 0.99975997 2.61788988
vt 0.74988002 2.96625996
vt 0.74988002 2.96625996
vt 0.50000000 2.96625996
vt 0.50000000 2.61788988
vt 0.25012001 2.61788988
vt 0.25012001 2.96625996
vt 0.25012001 2.50219989
vt 0.50000000 2.50168991
vt 0.25012001 2.61788988
vt 0.25012001 2.50219989
vt 0.00024000 2.61788988
vt 0.00024000 2.50533009
vt 0.50000000 3.24943995
vt 0.50000000 2.96625996
vt 0.25012001 3.24943995
vt 0.50000000 3.47703004
vt 0.25012001 3.47703004
vt 0.25012001 3.24943995
vt 0.00024000 3.47703004
vt 0.00024000 3.24943995
vt 0.25012001 2.96625996
vt 0.00024000 3.24943995
vt 0.00024000 2.96625996
vt 0.25012001 2.61788988
vt 0.00024000 2.61788988
vt 0.74988002 3.47703004
vt 0.50000000 3.65761995
vt 0.74988002 3.65761995
vt 0.99975997 3.65761995
vt 0.99975997 3.47703004
vt 0.74988002 3.65761995
vt 0.25012001 3.47703004
vt 0.50000000 3.47703004
vt 0.25012001 3.65761995
vt 0.50000000 3.79885006
vt 0.50000000 3.65761995
vt 0.25012001 3.79885006
vt 0.50000000 3.65761995
vt 0.74988002 3.79885006
vt 0.99975997 3.79885006
vt 0.99975997 3.65761995
vt 0.74988002 3.79885006
vt 0.74988002 3.79885006
vt 0.50000000 3.90741992
vt 0.74988002 3.90741992
vt 0.99975997 3.90741992
vt 0.74988002 3.79885006
vt 0.99975997 3.79885006
vt 0.50000000 3.98923993
vt 0.50000000 3.90741992
vt 0.74988002 3.98923993
vt 0.50000000 4.04952002
vt 0.74988002 4.04952002
vt 0.99975997 4.09635019
vt 0.99975997 4.04952002
vt 0.74988002 4.09635019
vt 0.99975997 4.04952002
vt 0.74988002 3.98923993
vt 0.99975997 3.98923993
vt 0.74988002 3.98923993
vt 0.99975997 3.90741992
vt 0.99975997 4.13592005
vt 0.99975997 4.09635019
vt 0.74988002 4.13592005
vt 0.74988002 4.04952002
vt 0.50000000 4.09635019
vt 0.50000000 4.04952002
vt 0.50000000 4.09635019
vt 0.25012001 4.04952002
vt 0.25012001 4.09635019
vt 0.25012001 4.09635019
vt 0.00024000 4.09635019
vt 0.00024000 4.04952002
vt 0.25012001 3.98923993
vt 0.25012001 4.04952002
vt 0.00024000 3.98923993
vt 0.25012001 3.90741992
vt 0.00024000 3.90741992
vt 0.25012001 3.98923993
vt 0.50000000 4.04952002
vt 0.50000000 3.98923993
vt 0.25012001 4.04952002
vt 0.50000000 3.98923993
vt 0.25012001 3.90741992
vt 0.50000000 3.90741992
vt 0.50000000 3.90741992
vt 0.25012001 3.79885006
vt 0.50000000 3.79885006
vt 0.25012001 3.65761995
vt 0.00024000 3.79885006
vt 0.00024000 3.65761995
vt 0.25012001 3.79885006
vt 0.00024000 3.90741992
vt 0.25012001 3.90741992
vt 0.25012001 3.47703004
vt 0.00024000 3.47703004
vt 0.25012001 3.65761995
vt 0.83317000 2.91000009
vt 0.83317000 3.07963991
vt 0.66658998 3.07963991
vt 0.66658998 2.91000009
vt 0.99975997 3.07963991
vt 0.99975997 2.91000009
vt 0.83317000 3.07963991
vt 0.99975997 2.91000009
vt 0.83317000 2.66963005
vt 0.99975997 2.66963005
vt 0.83317000 2.43368006
vt 0.99975997 2.43368006
vt 0.83317000 2.66963005
vt 0.66658998 2.66963005
vt 0.66658998 2.43368006
vt 0.99975997 2.43368006
vt 0.83317000 2.33785009
vt 0.99975997 2.34787989
vt 0.83317000 2.43368006
vt 0.66658998 2.33318996
vt 0.83317000 2.26635003
vt 0.83317000 2.33785009
vt 0.66658998 2.25759006
vt 0.83317000 2.18560004
vt 0.66658998 2.17495990
vt 0.83317000 2.26635003
vt 0.99975997 2.34787989
vt 0.99975997 2.28188992
vt 0.99975997 2.28188992
vt 0.83317000 2.18560004
vt 0.99975997 2.20250010
vt 0.66658998 2.33318996
vt 0.50000000 2.25484991
vt 0.50000000 2.33483005
vt 0.50000000 2.43368006
vt 0.33340999 2.43368006
vt 0.33340999 2.34229994
vt 0.50000000 2.25484991
vt 0.50000000 2.33483005
vt 0.33340999 2.26095009
vt 0.50000000 2.16263008
vt 0.66658998 2.25759006
vt 0.66658998 2.17495990
vt 0.33340999 2.15837002
vt 0.33340999 2.34229994
vt 0.16683000 2.28748989
vt 0.16683000 2.35167003
vt 0.00024000 2.34787989
vt 0.00024000 2.28188992
vt 0.00024000 2.43368006
vt 0.16683000 2.43368006
vt 0.33340999 2.43368006
vt 0.33340999 2.34229994
vt 0.16683000 2.43368006
vt 0.00024000 2.66963005
vt 0.00024000 2.43368006
vt 0.16683000 2.66963005
vt 0.00024000 2.91000009
vt 0.00024000 2.66963005
vt 0.16683000 2.91000009
vt 0.33340999 2.66963005
vt 0.16683000 2.43368006
vt 0.33340999 2.43368006
vt 0.50000000 2.43368006
vt 0.33340999 2.66963005
vt 0.50000000 2.66963005
vt 0.50000000 2.66963005
vt 0.33340999 2.91000009
vt 0.66658998 2.43368006
vt 0.66658998 2.33318996
vt 0.50000000 2.91000009
vt 0.66658998 2.91000009
vt 0.50000000 2.66963005
vt 0.66658998 2.66963005
vt 0.83317000 2.66963005
vt 0.83317000 2.91000009
vt 0.66658998 3.07963991
vt 0.50000000 3.07963991
vt 0.66658998 3.26241994
vt 0.83317000 3.26241994
vt 0.99975997 3.26241994
vt 0.99975997 3.07963991
vt 0.66658998 3.39818001
vt 0.50000000 3.26241994
vt 0.50000000 3.39818001
vt 0.33340999 3.26241994
vt 0.33340999 3.07963991
vt 0.33340999 2.91000009
vt 0.50000000 3.07963991
vt 0.16683000 2.91000009
vt 0.33340999 2.91000009
vt 0.16683000 3.07963991
vt 0.16683000 3.26241994
vt 0.33340999 3.07963991
vt 0.50000000 3.26241994
vt 0.33340999 3.39818001
vt 0.50000000 3.39818001
vt 0.66658998 3.26241994
vt 0.66658998 3.07963991
vt 0.66658998 3.39818001
vt 0.83317000 3.39818001
vt 0.99975997 3.39818001
vt 0.99975997 3.26241994
vt 0.83317000 3.39818001
vt 0.66658998 3.49189997
vt 0.83317000 3.49189997
vt 0.99975997 3.49189997
vt 0.83317000 3.49189997
vt 0.99975997 3.39818001
vt 0.99975997 3.59016991
vt 0.83317000 3.49189997
vt 0.83317000 3.59016991
vt 0.66658998 3.59016991
vt 0.66658998 3.49189997
vt 0.83317000 3.59016991
vt 0.66658998 3.64980006
vt 0.83317000 3.64980006
vt 0.50000000 3.59016991
vt 0.50000000 3.64980006
vt 0.66658998 3.70507002
vt 0.50000000 3.64980006
vt 0.50000000 3.70507002
vt 0.50000000 3.64980006
vt 0.33340999 3.70507002
vt 0.33340999 3.64980006
vt 0.16683000 3.64980006
vt 0.16683000 3.70507002
vt 0.16683000 3.59016991
vt 0.00024000 3.64980006
vt 0.00024000 3.59016991
vt 0.33340999 3.59016991
vt 0.50000000 3.64980006
vt 0.66658998 3.59016991
vt 0.50000000 3.49189997
vt 0.66658998 3.49189997
vt 0.66658998 3.39818001
vt 0.50000000 3.49189997
vt 0.33340999 3.49189997
vt 0.33340999 3.39818001
vt 0.16683000 3.26241994
vt 0.33340999 3.26241994
vt 0.16683000 3.39818001
vt 0.33340999 3.39818001
vt 0.16683000 3.49189997
vt 0.33340999 3.59016991
vt 0.16683000 3.59016991
vt 0.50000000 3.59016991
vt 0.33340999 3.49189997
vt 0.16683000 3.59016991
vt 0.00024000 3.59016991
vt 0.00024000 3.49189997
vt 0.16683000 3.39818001
vt 0.00024000 3.39818001
vt 0.16683000 3.49189997
vt 0.16683000 3.26241994
vt 0.00024000 3.39818001
vt 0.00024000 3.26241994
vt 0.16683000 3.07963991
vt 0.00024000 3.26241994
vt 0.00024000 3.07963991
vt 0.16683000 2.91000009
vt 0.00024000 2.91000009
vt 0.50000000 4.11625004
vt 0.50000000 4.16816998
vt 0.33340999 4.16816998
vt 0.33340999 4.11625004
vt 0.50000000 4.04768991
vt 0.33340999 4.04768991
vt 0.50000000 3.97579002
vt 0.50000000 4.04768991
vt 0.66658998 4.04768991
vt 0.33340999 3.97579002
vt 0.66658998 3.97579002
vt 0.50000000 3.89269996
vt 0.66658998 3.89269996
vt 0.50000000 3.77812004
vt 0.66658998 3.77812004
vt 0.83317000 3.77812004
vt 0.83317000 3.89269996
vt 0.83317000 3.89269996
vt 0.66658998 3.97579002
vt 0.83317000 3.97579002
vt 0.83317000 3.97579002
vt 0.83317000 4.04768991
vt 0.99975997 4.04768991
vt 0.99975997 3.97579002
vt 0.99975997 3.97579002
vt 0.99975997 3.89269996
vt 0.83317000 3.77812004
vt 0.99975997 3.77812004
vt 0.99975997 3.77812004
vt 0.83317000 3.66544008
vt 0.99975997 3.66544008
vt 0.83317000 3.51896000
vt 0.99975997 3.51896000
vt 0.83317000 3.66544008
vt 0.66658998 3.66544008
vt 0.66658998 3.51896000
vt 0.83317000 3.37153006
vt 0.66658998 3.37153006
vt 0.83317000 3.20534992
vt 0.66658998 3.20534992
vt 0.83317000 2.98090005
vt 0.66658998 2.98090005
vt 0.50000000 3.20534992
vt 0.50000000 3.37153006
vt 0.50000000 3.51896000
vt 0.50000000 3.51896000
vt 0.33340999 3.51896000
vt 0.33340999 3.37153006
vt 0.33340999 3.37153006
vt 0.33340999 3.20534992
vt 0.33340999 3.51896000
vt 0.16683000 3.37153006
vt 0.16683000 3.51896000
vt 0.00024000 3.51896000
vt 0.00024000 3.37153006
vt 0.00024000 3.66544008
vt 0.16683000 3.66544008
vt 0.33340999 3.66544008
vt 0.33340999 3.51896000
vt 0.16683000 3.66544008
vt 0.33340999 3.77812004
vt 0.16683000 3.77812004
vt 0.00024000 3.77812004
vt 0.00024000 3.66544008
vt 0.16683000 3.77812004
vt 0.00024000 3.89269996
vt 0.16683000 3.89269996
vt 0.33340999 3.89269996
vt 0.16683000 3.89269996
vt 0.33340999 3.77812004
vt 0.50000000 3.89269996
vt 0.50000000 3.97579002
vt 0.33340999 4.04768991
vt 0.16683000 3.97579002
vt 0.16683000 4.04768991
vt 0.00024000 4.04768991
vt 0.00024000 3.97579002
vt 0.00024000 3.89269996
vt 0.33340999 3.97579002
vt 0.33340999 3.89269996
vt 0.50000000 3.77812004
vt 0.50000000 3.66544008
vt 0.50000000 3.77812004
vt 0.50000000 3.51896000
vt 0.33340999 3.51896000
vt 0.66658998 3.77812004
vt 0.66658998 3.66544008
vt 0.99975997 2.87034988
vt 0.74988002 2.87034988
vt 0.74988002 2.52627993
vt 0.99975997 2.52627993
vt 0.74988002 2.41235995
vt 0.50000000 2.52627993
vt 0.50000000 2.41037011
vt 0.50000000 2.87034988
vt 0.74988002 2.87034988
vt 0.50000000 3.15543008
vt 0.74988002 3.15543008
vt 0.74988002 3.15543008
vt 0.50000000 3.38940001
vt 0.25012001 3.15543008
vt 0.74988002 3.38940001
vt 0.99975997 3.38940001
vt 0.99975997 3.15543008
vt 0.99975997 3.15543008
vt 0.99975997 2.87034988
vt 0.25012001 3.38940001
vt 0.50000000 3.57943010
vt 0.25012001 3.57943010
vt 0.74988002 3.38940001
vt 0.50000000 3.38940001
vt 0.74988002 3.57943010
vt 0.50000000 3.73194003
vt 0.74988002 3.73194003
vt 0.50000000 3.85272002
vt 0.74988002 3.85272002
vt 0.74988002 3.85272002
vt 0.50000000 3.94692993
vt 0.74988002 3.94692993
vt 0.99975997 3.94692993
vt 0.74988002 3.85272002
vt 0.99975997 3.85272002
vt 0.74988002 3.73194003
vt 0.99975997 3.73194003
vt 0.74988002 3.73194003
vt 0.99975997 3.57943010
vt 0.74988002 3.38940001
vt 0.99975997 3.38940001
vt 0.25012001 3.73194003
vt 0.50000000 3.73194003
vt 0.25012001 3.85272002
vt 0.50000000 3.94692993
vt 0.50000000 3.85272002
vt 0.25012001 3.94692993
vt 0.50000000 4.01922989
vt 0.25012001 4.01922989
vt 0.00024000 4.01922989
vt 0.00024000 3.94692993
vt 0.25012001 4.01922989
vt 0.00024000 4.07370996
vt 0.25012001 4.07370996
vt 0.50000000 4.07370996
vt 0.25012001 4.07370996
vt 0.50000000 4.01922989
vt 0.74988002 4.01922989
vt 0.74988002 4.07370996
vt 0.50000000 4.11731005
vt 0.50000000 4.07370996
vt 0.74988002 4.11731005
vt 0.25012001 4.07370996
vt 0.25012001 4.11731005
vt 0.00024000 4.11731005
vt 0.25012001 4.11731005
vt 0.00024000 4.15460014
vt 0.25012001 4.15460014
vt 0.50000000 4.15460014
vt 0.25012001 4.15460014
vt 0.50000000 4.11731005
vt 0.74988002 4.15460014
vt 0.62493998 6.29043007
vt 0.74988002 4.11731005
vt 0.50000000 4.15460014
vt 0.99975997 4.15460014
vt 0.87481999 6.29043007
vt 0.99975997 4.11731005
vt 0.74988002 4.11731005
vt 0.74988002 4.07370996
vt 0.99975997 4.07370996
vt 0.99975997 4.07370996
vt 0.74988002 4.01922989
vt 0.99975997 4.01922989
vt 0.74988002 3.94692993
vt 0.99975997 3.94692993
vt 0.74988002 4.01922989
vt 0.74988002 3.94692993
vt 0.50000000 3.94692993
vt 0.33340999 2.46621990
vt 0.33340999 2.59461999
vt 0.00024000 2.59369993
vt 0.00024000 2.46195006
vt 0.33340999 2.33559990
vt 0.00024000 2.32921004
vt 0.33340999 2.46621990
vt 0.66658998 2.59814000
vt 0.66658998 2.46853995
vt 0.33340999 2.59461999
vt 0.66658998 2.73689008
vt 0.66658998 2.59814000
vt 0.33340999 2.73689008
vt 0.00024000 2.73689008
vt 0.00024000 2.59369993
vt 0.00024000 3.09723997
vt 0.33340999 3.09723997
vt 0.00024000 3.38139009
vt 0.33340999 3.38139009
vt 0.66658998 3.09723997
vt 0.33340999 2.73689008
vt 0.66658998 2.73689008
vt 0.99975997 2.59369993
vt 0.66658998 2.59814000
vt 0.99975997 2.73689008
vt 0.99975997 2.73689008
vt 0.66658998 3.09723997
vt 0.99975997 3.09723997
vt 0.99975997 3.09723997
vt 0.66658998 3.38139009
vt 0.99975997 3.38139009
vt 0.33340999 3.09723997
vt 0.66658998 3.09723997
vt 0.66658998 3.60162997
vt 0.66658998 3.38139009
vt 0.33340999 3.60162997
vt 0.66658998 3.76876998
vt 0.33340999 3.76876998
vt 0.66658998 3.60162997
vt 0.99975997 3.60162997
vt 0.99975997 3.76876998
vt 0.99975997 3.76876998
vt 0.66658998 3.89321995
vt 0.99975997 3.89321995
vt 0.99975997 3.98423004
vt 0.66658998 3.98423004
vt 0.66658998 3.89321995
vt 0.33340999 3.76876998
vt 0.66658998 3.76876998
vt 0.33340999 3.89321995
vt 0.66658998 3.89321995
vt 0.33340999 3.98423004
vt 0.66658998 4.04863977
vt 0.66658998 3.98423004
vt 0.33340999 4.04863977
vt 0.99975997 3.98423004
vt 0.66658998 4.04863977
vt 0.99975997 4.04863977
vt 0.99975997 4.04863977
vt 0.99975997 4.09201002
vt 0.66658998 4.09201002
vt 0.99975997 4.09201002
vt 0.66658998 4.12514019
vt 0.33340999 4.09201002
vt 0.33340999 4.12514019
vt 0.33340999 4.12514019
vt 0.50000000 6.44963980
vt 0.33340999 4.04863977
vt 0.00024000 4.04863977
vt 0.66658998 4.09201002
vt 0.66658998 4.04863977
vt 0.99975997 4.12514019
vt 0.66658998 4.12514019
vt 0.83317000 6.44963980
vt 0.33340999 3.98423004
vt 0.00024000 4.04863977
vt 0.00024000 3.98423004
vt 0.33340999 3.89321995
vt 0.33340999 3.98423004
vt 0.00024000 3.89321995
vt 0.33340999 3.76876998
vt 0.33340999 3.89321995
vt 0.00024000 3.76876998
vt 0.33340999 3.76876998
vt 0.00024000 3.60162997
vt 0.33340999 3.38139009
vt 0.33340999 3.60162997
vt 0.99975997 3.38614011
vt 0.99975997 3.44499993
vt 0.79984999 3.44499993
vt 0.79984999 3.38614011
vt 0.99975997 3.32484007
vt 0.79984999 3.32484007
vt 0.99975997 3.38614011
vt 0.59995002 3.38614011
vt 0.79984999 3.38614011
vt 0.59995002 3.44499993
vt 0.79984999 3.38614011
vt 0.59995002 3.32484007
vt 0.79984999 3.32484007
vt 0.59995002 3.23023009
vt 0.79984999 3.23023009
vt 0.99975997 3.12515998
vt 0.99975997 3.23023009
vt 0.79984999 3.12515998
vt 0.99975997 3.23023009
vt 0.79984999 3.32484007
vt 0.99975997 3.32484007
vt 0.79984999 3.23023009
vt 0.59995002 3.12515998
vt 0.99975997 2.99331999
vt 0.99975997 3.12515998
vt 0.79984999 2.99331999
vt 0.99975997 2.91076994
vt 0.99975997 2.99331999
vt 0.79984999 2.92277002
vt 0.59995002 2.86984992
vt 0.79984999 2.85402989
vt 0.59995002 2.93068004
vt 0.79984999 2.99331999
vt 0.59995002 2.93068004
vt 0.59995002 2.99331999
vt 0.79984999 3.12515998
vt 0.79984999 2.99331999
vt 0.40005001 3.12515998
vt 0.40005001 2.99331999
vt 0.40005001 3.23023009
vt 0.59995002 3.23023009
vt 0.40005001 3.32484007
vt 0.59995002 3.32484007
vt 0.40005001 3.38614011
vt 0.59995002 3.38614011
vt 0.40005001 3.44499993
vt 0.59995002 3.44499993
vt 0.40005001 3.47624993
vt 0.59995002 3.47624993
vt 0.79984999 3.47624993
vt 0.99975997 3.44499993
vt 0.79984999 3.47624993
vt 0.99975997 3.47624993
vt 0.99975997 3.47624993
vt 0.79984999 3.49887991
vt 0.99975997 3.49887991
vt 0.79984999 3.47624993
vt 0.59995002 3.49887991
vt 0.59995002 3.51640010
vt 0.40005001 3.49887991
vt 0.79984999 3.51640010
vt 0.59995002 3.51640010
vt 0.79984999 3.49887991
vt 0.99975997 3.51640010
vt 0.79984999 3.53084993
vt 0.59995002 3.53084993
vt 0.99975997 3.53084993
vt 0.89980000 6.35703993
vt 0.99975997 3.51640010
vt 0.79984999 3.53084993
vt 0.99975997 3.53084993
vt 0.59995002 3.47624993
vt 0.40005001 3.49887991
vt 0.20015000 3.47624993
vt 0.40005001 3.47624993
vt 0.20015000 3.49887991
vt 0.40005001 3.47624993
vt 0.20015000 3.44499993
vt 0.40005001 3.44499993
vt 0.20015000 3.51640010
vt 0.00024000 3.51640010
vt 0.00024000 3.49887991
vt 0.00024000 3.53084993
vt 0.20015000 3.53084993
vt 0.40005001 3.53084993
vt 0.30010000 6.35703993
vt 0.20015000 3.51640010
vt 0.40005001 3.51640010
vt 0.20015000 3.47624993
vt 0.20015000 3.49887991
vt 0.00024000 3.47624993
vt 0.20015000 3.44499993
vt 0.00024000 3.44499993
vt 0.40005001 3.44499993
vt 0.20015000 3.38614011
vt 0.40005001 3.38614011
vt 0.20015000 3.44499993
vt 0.00024000 3.44499993
vt 0.00024000 3.38614011
vt 0.20015000 3.32484007
vt 0.00024000 3.38614011
vt 0.00024000 3.32484007
vt 0.40005001 3.32484007
vt 0.40005001 3.32484007
vt 0.20015000 3.23023009
vt 0.40005001 3.23023009
vt 0.00024000 3.32484007
vt 0.00024000 3.23023009
vt 0.20015000 3.12515998
vt 0.00024000 3.12515998
vt 0.40005001 3.12515998
vt 0.20015000 2.99331999
vt 0.40005001 2.99331999
vt 0.59995002 2.93068004
vt 0.40005001 2.93184996
vt 0.59995002 2.86984992
vt 0.40005001 2.87634993
vt 0.59995002 2.80226994
vt 0.79984999 2.85402989
vt 0.79984999 2.76796007
vt 0.79984999 2.92277002
vt 0.99975997 2.91076994
vt 0.40005001 2.81180000
vt 0.20015000 2.79428005
vt 0.20015000 2.85957003
vt 0.40005001 2.93184996
vt 0.20015000 2.85957003
vt 0.20015000 2.91926003
vt 0.20015000 2.85957003
vt 0.00024000 2.91076994
vt 0.00024000 2.83170009
vt 0.20015000 2.79428005
vt 0.00024000 2.72580004
vt 0.59995002 3.49265003
vt 0.59995002 3.56812000
vt 0.40005001 3.56812000
vt 0.40005001 3.49265003
vt 0.20015000 3.49265003
vt 0.20015000 3.56812000
vt 0.40005001 3.62545991
vt 0.59995002 3.56812000
vt 0.59995002 3.62545991
vt 0.20015000 3.62545991
vt 0.00024000 3.66813993
vt 0.00024000 3.62545991
vt 0.20015000 3.66813993
vt 0.79984999 3.62545991
vt 0.79984999 3.56812000
vt 0.59995002 3.62545991
vt 0.40005001 3.66813993
vt 0.40005001 3.62545991
vt 0.59995002 3.66813993
vt 0.59995002 3.69919991
vt 0.40005001 3.69919991
vt 0.40005001 3.66813993
vt 0.79984999 3.69919991
vt 0.59995002 3.69919991
vt 0.79984999 3.66813993
vt 0.99975997 3.62545991
vt 0.99975997 3.66813993
vt 0.99975997 3.56812000
vt 0.79984999 3.56812000
vt 0.59995002 3.72357011
vt 0.40005001 3.72357011
vt 0.40005001 3.69919991
vt 0.20015000 3.69919991
vt 0.20015000 3.72357011
vt 0.20015000 3.66813993
vt 0.00024000 3.69919991
vt 0.00024000 3.66813993
vt 0.20015000 3.69919991
vt 0.20015000 3.72357011
vt 0.00024000 3.69919991
vt 0.79984999 3.72357011
vt 0.79984999 3.69919991
vt 0.59995002 3.72357011
vt 0.99975997 3.72357011
vt 0.79984999 3.69919991
vt 0.99975997 3.74403000
vt 0.79984999 3.72357011
vt 0.99975997 3.66813993
vt 0.99975997 3.69919991
vt 0.79984999 3.66813993
vt 0.59995002 3.62545991
vt 0.79984999 3.62545991
vt 0.59995002 3.66813993
vt 0.79984999 3.74403000
vt 0.59995002 3.74403000
vt 0.99975997 3.74403000
vt 0.89980000 6.43134022
vt 0.59995002 3.74403000
vt 0.69989997 6.43134022
vt 0.40005001 3.74403000
vt 0.40005001 3.72357011
vt 0.50000000 6.43134022
vt 0.40005001 3.74403000
vt 0.20015000 3.74403000
vt 0.30010000 6.43134022
vt 0.00024000 3.74403000
vt 0.10020000 6.43134022
vt 0.20015000 3.72357011
vt 0.00024000 3.72357011
vt 0.40005001 3.72357011
vt 0.20015000 3.74403000
vt 0.50000000 8.49217987
vt 0.25012001 8.49217987
vt 0.25012001 7.86018991
vt 0.50000000 7.86018991
vt 0.25012001 7.15036011
vt 0.50000000 7.15036011
vt 0.00024000 8.49217987
vt 0.00024000 7.86018991
vt 0.25012001 8.49217987
vt 0.25012001 7.15036011
vt 0.00024000 7.86018991
vt 0.00024000 7.15036011
vt 0.25012001 6.58971024
vt 0.00024000 6.58971024
vt 0.25012001 6.05739021
vt 0.25012001 6.58971024
vt 0.00024000 6.05739021
vt 0.25012001 5.46142006
vt 0.25012001 6.05739021
vt 0.00024000 5.46142006
vt 0.50000000 6.05739021
vt 0.50000000 5.46142006
vt 0.50000000 5.46142006
vt 0.25012001 4.99201012
vt 0.50000000 4.99201012
vt 0.25012001 5.46142006
vt 0.00024000 4.99201012
vt 0.25012001 4.54707003
vt 0.00024000 4.54707003
vt 0.12518001 4.05040979
vt 0.25012001 4.05040979
vt 0.50000000 4.99201012
vt 0.50000000 4.54707003
vt 0.25012001 4.99201012
vt 0.25012001 4.05040979
vt 0.37505999 4.05040979
vt 0.50000000 4.54707003
vt 0.25012001 4.54707003
vt 0.50000000 4.05040979
vt 0.37505999 3.66037989
vt 0.50000000 3.66037989
vt 0.62493998 3.66037989
vt 0.50000000 3.66037989
vt 0.62493998 4.05040979
vt 0.50000000 4.54707003
vt 0.74988002 4.54707003
vt 0.74988002 4.05040979
vt 0.74988002 4.54707003
vt 0.74988002 4.99201012
vt 0.50000000 5.46142006
vt 0.74988002 5.46142006
vt 0.37505999 3.29122996
vt 0.50000000 3.29122996
vt 0.37505999 3.66037989
vt 0.25012001 3.66037989
vt 0.25012001 3.29122996
vt 0.37505999 2.88020992
vt 0.25012001 2.88020992
vt 0.37505999 2.55842996
vt 0.25012001 2.55842996
vt 0.37505999 2.19058990
vt 0.25012001 2.19058990
vt 0.37505999 2.55842996
vt 0.50000000 2.55842996
vt 0.50000000 2.88020992
vt 0.37505999 2.88020992
vt 0.50000000 3.29122996
vt 0.62493998 2.88020992
vt 0.62493998 2.55842996
vt 0.50000000 2.55842996
vt 0.74988002 2.88020992
vt 0.74988002 2.55842996
vt 0.62493998 2.19058990
vt 0.87481999 2.55842996
vt 0.74988002 2.19058990
vt 0.87481999 2.19058990
vt 0.87481999 2.55842996
vt 0.99975997 2.55842996
vt 0.99975997 2.19058990
vt 0.99975997 2.19058990
vt 0.87481999 1.91400003
vt 0.99975997 1.91400003
vt 0.99975997 1.65041006
vt 0.87481999 1.91400003
vt 0.74988002 1.91400003
vt 0.62493998 1.65041006
vt 0.62493998 1.91400003
vt 0.74988002 2.19058990
vt 0.87481999 2.19058990
vt 0.62493998 1.91400003
vt 0.50000000 2.19058990
vt 0.50000000 1.91400003
vt 0.62493998 2.55842996
vt 0.50000000 2.19058990
vt 0.25012001 2.19058990
vt 0.25012001 1.91400003
vt 0.12518001 1.91400003
vt 0.12518001 2.19058990
vt 0.00024000 2.19058990
vt 0.00024000 1.91400003
vt 0.62493998 1.65041006
vt 0.62493998 1.91400003
vt 0.62493998 1.40152001
vt 0.62493998 1.12607002
vt 0.56247002 1.12607002
vt 0.56247002 1.40152001
vt 0.50000000 1.40152001
vt 0.50000000 1.12607002
vt 0.68741000 0.91188002
vt 0.68741000 1.12607002
vt 0.74988002 5.46142006
vt 0.74988002 6.05739021
vt 0.50000000 5.46142006
vt 0.50000000 6.58971024
vt 0.25012001 6.05739021
vt 0.99975997 6.58971024
vt 0.99975997 6.05739021
vt 0.74988002 6.58971024
vt 0.99975997 7.15036011
vt 0.99975997 6.58971024
vt 0.74988002 7.15036011
vt 0.50000000 6.58971024
vt 0.74988002 6.05739021
vt 0.50000000 7.86018991
vt 0.74988002 7.86018991
vt 0.50000000 8.49217987
vt 0.74988002 8.49217987
vt 0.99975997 7.86018991
vt 0.99975997 7.15036011
vt 0.74988002 7.86018991
vt 0.99975997 8.49217987
vt 0.74988002 8.49217987
vt 0.50000000 3.07920003
vt 0.50000000 3.19448996
vt 0.33340999 3.19448996
vt 0.66658998 3.19448996
vt 0.66658998 3.07920003
vt 0.33340999 3.07920003
vt 0.33340999 3.27788997
vt 0.50000000 3.27788997
vt 0.50000000 3.27788997
vt 0.33340999 3.33470011
vt 0.50000000 3.33470011
vt 0.33340999 3.39335990
vt 0.16683000 3.33470011
vt 0.16683000 3.39335990
vt 0.16683000 3.43342996
vt 0.00024000 3.43342996
vt 0.00024000 3.39335990
vt 0.00024000 3.33470011
vt 0.16683000 3.39335990
vt 0.16683000 3.27788997
vt 0.00024000 3.33470011
vt 0.00024000 3.27788997
vt 0.33340999 3.33470011
vt 0.33340999 3.27788997
vt 0.16683000 3.33470011
vt 0.33340999 3.27788997
vt 0.16683000 3.19448996
vt 0.16683000 3.07920003
vt 0.33340999 3.07920003
vt 0.00024000 3.19448996
vt 0.00024000 3.07920003
vt 0.16683000 2.97094989
vt 0.00024000 2.97094989
vt 0.33340999 3.07920003
vt 0.16683000 2.97094989
vt 0.33340999 2.97094989
vt 0.16683000 2.81589007
vt 0.33340999 2.81589007
vt 0.50000000 2.81589007
vt 0.33340999 2.81589007
vt 0.50000000 2.97094989
vt 0.50000000 3.07920003
vt 0.16683000 2.97094989
vt 0.00024000 2.97094989
vt 0.00024000 2.81589007
vt 0.16683000 2.66148996
vt 0.00024000 2.66148996
vt 0.33340999 2.81589007
vt 0.16683000 2.66148996
vt 0.33340999 2.66148996
vt 0.16683000 2.57771993
vt 0.33340999 2.59534001
vt 0.16683000 2.66148996
vt 0.00024000 2.66148996
vt 0.00024000 2.57457995
vt 0.33340999 2.59534001
vt 0.16683000 2.51232004
vt 0.33340999 2.54314995
vt 0.50000000 2.55432010
vt 0.50000000 2.60452008
vt 0.33340999 2.54314995
vt 0.33340999 2.48475003
vt 0.50000000 2.55432010
vt 0.50000000 2.49872994
vt 0.50000000 2.55432010
vt 0.33340999 2.54314995
vt 0.16683000 2.43647003
vt 0.16683000 2.51232004
vt 0.00024000 2.57457995
vt 0.00024000 2.49337006
vt 0.00024000 2.49337006
vt 0.00024000 2.38385010
vt 0.16683000 2.51232004
vt 0.50000000 2.60452008
vt 0.33340999 2.66148996
vt 0.50000000 2.66148996
vt 0.50000000 2.66148996
vt 0.33340999 2.81589007
vt 0.50000000 2.81589007
vt 0.66658998 2.81589007
vt 0.66658998 2.66148996
vt 0.50000000 2.60452008
vt 0.66658998 2.59793997
vt 0.66658998 2.97094989
vt 0.50000000 2.97094989
vt 0.66658998 2.81589007
vt 0.83317000 2.66148996
vt 0.66658998 2.66148996
vt 0.83317000 2.81589007
vt 0.99975997 2.81589007
vt 0.99975997 2.66148996
vt 0.83317000 2.58899999
vt 0.99975997 2.57457995
vt 0.66658998 2.66148996
vt 0.66658998 2.59793997
vt 0.83317000 2.52061009
vt 0.66658998 2.53574991
vt 0.66658998 2.46602011
vt 0.83317000 2.58899999
vt 0.99975997 2.57457995
vt 0.99975997 2.49337006
vt 0.83317000 2.52061009
vt 0.99975997 2.49337006
vt 0.99975997 2.38385010
vt 0.83317000 2.43610001
vt 0.50000000 2.49872994
vt 0.66658998 2.46602011
vt 0.66658998 2.59793997
vt 0.50000000 2.60452008
vt 0.25012001 2.55842996
vt 0.12518001 2.55842996
vt 0.12518001 2.19058990
vt 0.25012001 2.19058990
vt 0.00024000 2.55842996
vt 0.00024000 2.19058990
vt 0.12518001 2.55842996
vt 0.00024000 2.88020992
vt 0.12518001 2.88020992
vt 0.25012001 2.88020992
vt 0.00024000 3.29122996
vt 0.00024000 2.88020992
vt 0.12518001 3.29122996
vt 0.00024000 3.66037989
vt 0.00024000 3.29122996
vt 0.12518001 3.66037989
vt 0.25012001 3.66037989
vt 0.12518001 3.29122996
vt 0.12518001 2.88020992
vt 0.25012001 2.88020992
vt 0.00024000 4.05040979
vt 0.12518001 4.05040979
vt 0.25012001 4.05040979
vt 0.99975997 3.66037989
vt 0.87481999 3.66037989
vt 0.87481999 3.29122996
vt 0.99975997 3.29122996
vt 0.87481999 2.88020992
vt 0.99975997 2.88020992
vt 0.99975997 2.55842996
vt 0.87481999 2.88020992
vt 0.74988002 3.29122996
vt 0.87481999 3.29122996
vt 0.62493998 3.29122996
vt 0.62493998 3.66037989
vt 0.74988002 3.66037989
vt 0.74988002 4.05040979
vt 0.62493998 4.05040979
vt 0.87481999 4.05040979
vt 0.74988002 4.54707003
vt 0.99975997 4.54707003
vt 0.99975997 4.05040979
vt 0.99975997 3.66037989
vt 0.99975997 4.05040979
vt 0.99975997 4.54707003
vt 0.74988002 3.66037989
vt 0.87481999 3.66037989
vt 0.99975997 2.76640010
vt 0.83317000 2.76640010
vt 0.83317000 2.49166989
vt 0.99975997 2.49166989
vt 0.99975997 2.98090005
vt 0.99975997 2.76640010
vt 0.83317000 2.98090005
vt 0.33340999 3.75663996
vt 0.16683000 3.75663996
vt 0.16683000 3.73148990
vt 0.33340999 3.73148990
vt 0.16683000 3.75663996
vt 0.00024000 3.75663996
vt 0.00024000 3.73148990
vt 0.16683000 3.70165992
vt 0.00024000 3.70165992
vt 0.33340999 3.73148990
vt 0.33340999 3.70165992
vt 0.33340999 3.70165992
vt 0.16683000 3.66265011
vt 0.50000000 3.70165992
vt 0.50000000 3.73148990
vt 0.50000000 3.66265011
vt 0.33340999 3.66265011
vt 0.16683000 3.66265011
vt 0.16683000 3.61249995
vt 0.33340999 3.61249995
vt 0.16683000 3.52555990
vt 0.33340999 3.52555990
vt 0.16683000 3.44028997
vt 0.00024000 3.52555990
vt 0.00024000 3.44028997
vt 0.33340999 3.44028997
vt 0.50000000 3.44028997
vt 0.50000000 3.31369996
vt 0.33340999 3.31369996
vt 0.33340999 3.44028997
vt 0.16683000 3.31369996
vt 0.16683000 3.44028997
vt 0.50000000 3.52555990
vt 0.66658998 3.52555990
vt 0.66658998 3.44028997
vt 0.33340999 3.61249995
vt 0.50000000 3.61249995
vt 0.50000000 3.61249995
vt 0.33340999 3.66265011
vt 0.50000000 3.66265011
vt 0.66658998 3.61249995
vt 0.50000000 3.52555990
vt 0.66658998 3.52555990
vt 0.66658998 3.66265011
vt 0.50000000 3.61249995
vt 0.66658998 3.70165992
vt 0.50000000 3.70165992
vt 0.66658998 3.73148990
vt 0.66658998 3.70165992
vt 0.83317000 3.70165992
vt 0.83317000 3.73148990
vt 0.66658998 3.70165992
vt 0.83317000 3.66265011
vt 0.99975997 3.70165992
vt 0.99975997 3.66265011
vt 0.83317000 3.70165992
vt 0.99975997 3.73148990
vt 0.83317000 3.73148990
vt 0.99975997 3.70165992
vt 0.99975997 3.75663996
vt 0.83317000 3.73148990
vt 0.83317000 3.75663996
vt 0.99975997 3.75663996
vt 0.83317000 3.77855992
vt 0.66658998 3.75663996
vt 0.66658998 3.73148990
vt 0.50000000 3.75663996
vt 0.66658998 3.77855992
vt 0.66658998 3.75663996
vt 0.50000000 3.77855992
vt 0.33340999 3.77855992
vt 0.41670999 6.11122990
vt 0.16683000 3.77855992
vt 0.25012001 6.11122990
vt 0.66658998 3.77855992
vt 0.58328998 6.11122990
vt 0.83317000 3.77855992
vt 0.74988002 6.11122990
vt 0.83317000 3.75663996
vt 0.83317000 3.77855992
vt 0.66658998 3.75663996
vt 0.83317000 3.73148990
vt 0.83317000 3.75663996
vt 0.40005001 3.21421003
vt 0.20015000 3.21421003
vt 0.20015000 3.08860993
vt 0.40005001 3.08860993
vt 0.59995002 3.08860993
vt 0.40005001 3.21421003
vt 0.59995002 3.21421003
vt 0.59995002 3.21421003
vt 0.40005001 3.29738998
vt 0.59995002 3.29738998
vt 0.79984999 3.37997007
vt 0.79984999 3.29738998
vt 0.59995002 3.37997007
vt 0.40005001 3.37997007
vt 0.40005001 3.29738998
vt 0.40005001 3.37997007
vt 0.20015000 3.29738998
vt 0.20015000 3.37997007
vt 0.00024000 3.37997007
vt 0.00024000 3.29738998
vt 0.20015000 3.21421003
vt 0.00024000 3.29738998
vt 0.00024000 3.21421003
vt 0.20015000 3.08860993
vt 0.00024000 3.21421003
vt 0.00024000 3.08860993
vt 0.40005001 3.43204999
vt 0.20015000 3.37997007
vt 0.20015000 3.43204999
vt 0.00024000 3.43204999
vt 0.00024000 3.37997007
vt 0.20015000 3.43204999
vt 0.99975997 3.31369996
vt 0.83317000 3.31369996
vt 0.83317000 3.18115997
vt 0.99975997 3.18115997
vt 0.99975997 3.18115997
vt 0.83317000 3.02118993
vt 0.99975997 3.02118993
vt 0.99975997 3.02118993
vt 0.83317000 2.82971001
vt 0.99975997 2.82971001
vt 0.83317000 3.18115997
vt 0.66658998 3.18115997
vt 0.66658998 3.02118993
vt 0.83317000 2.82971001
vt 0.83317000 3.02118993
vt 0.66658998 2.82971001
vt 0.99975997 2.82971001
vt 0.83317000 2.60224009
vt 0.66658998 2.82971001
vt 0.66658998 2.60224009
vt 0.99975997 2.60224009
vt 0.83317000 2.50901008
vt 0.99975997 2.51931000
vt 0.83317000 2.60224009
vt 0.66658998 2.60224009
vt 0.66658998 2.50479007
vt 0.99975997 2.51931000
vt 0.83317000 2.43913007
vt 0.99975997 2.45637989
vt 0.66658998 2.50479007
vt 0.66658998 2.43141007
vt 0.83317000 2.35823011
vt 0.66658998 2.35033989
vt 0.66658998 2.43141007
vt 0.50000000 2.33991003
vt 0.50000000 2.42934990
vt 0.66658998 2.50479007
vt 0.50000000 2.50663996
vt 0.33340999 2.51388001
vt 0.33340999 2.43510008
vt 0.50000000 2.33991003
vt 0.33340999 2.33484006
vt 0.66658998 2.60224009
vt 0.50000000 2.60224009
vt 0.50000000 2.82971001
vt 0.66658998 3.02118993
vt 0.66658998 2.82971001
vt 0.50000000 3.02118993
vt 0.50000000 3.02118993
vt 0.33340999 3.02118993
vt 0.33340999 2.82971001
vt 0.50000000 2.60224009
vt 0.33340999 2.82971001
vt 0.33340999 2.60224009
vt 0.50000000 2.50663996
vt 0.16683000 2.60224009
vt 0.16683000 2.82971001
vt 0.33340999 3.02118993
vt 0.16683000 3.02118993
vt 0.16683000 2.60224009
vt 0.00024000 2.82971001
vt 0.00024000 2.60224009
vt 0.33340999 2.60224009
vt 0.16683000 2.52308011
vt 0.33340999 2.51388001
vt 0.16683000 2.52308011
vt 0.00024000 2.60224009
vt 0.00024000 2.51931000
vt 0.16683000 2.46130991
vt 0.00024000 2.51931000
vt 0.00024000 2.45637989
vt 0.16683000 2.39542007
vt 0.00024000 2.45637989
vt 0.00024000 2.38088012
vt 0.33340999 2.43510008
vt 0.16683000 2.39542007
vt 0.33340999 2.33484006
vt 0.33340999 2.51388001
vt 0.16683000 2.46130991
vt 0.16683000 2.52308011
vt 0.83317000 1.83940995
vt 0.83317000 1.92373002
vt 0.66658998 1.92373002
vt 0.66658998 1.83396995
vt 0.66658998 2.22227001
vt 0.50000000 1.92373002
vt 0.66658998 1.92373002
vt 0.66658998 1.83396995
vt 0.83317000 1.92373002
vt 0.83317000 2.22227001
vt 0.99975997 1.92373002
vt 0.83317000 1.83940995
vt 0.99975997 1.84440005
vt 0.66658998 1.74767995
vt 0.99975997 1.84440005
vt 0.99975997 1.76803994
vt 0.66658998 2.49166989
vt 0.66658998 2.22227001
vt 0.50000000 2.49166989
vt 0.66658998 2.22227001
vt 0.83317000 2.49166989
vt 0.66658998 2.76640010
vt 0.83317000 2.76640010
vt 0.66658998 2.98090005
vt 0.83317000 2.98090005
vt 0.99975997 3.20534992
vt 0.99975997 2.98090005
vt 0.99975997 3.37153006
vt 0.99975997 3.20534992
vt 0.83317000 3.37153006
vt 0.99975997 3.51896000
vt 0.99975997 3.37153006
vt 0.99975997 2.49166989
vt 0.83317000 2.22227001
vt 0.99975997 2.22227001
vt 0.99975997 1.92373002
vt 0.83317000 2.59735990
vt 0.83317000 2.77051997
vt 0.66658998 2.77051997
vt 0.66658998 2.59735990
vt 0.99975997 2.77051997
vt 0.99975997 2.59735990
vt 0.83317000 2.52592993
vt 0.66658998 2.59735990
vt 0.66658998 2.53394008
vt 0.66658998 2.91901994
vt 0.83317000 2.91901994
vt 0.99975997 3.06806993
vt 0.99975997 2.91901994
vt 0.83317000 3.06806993
vt 0.50000000 2.77051997
vt 0.50000000 2.59735990
vt 0.66658998 2.59735990
vt 0.66658998 2.91901994
vt 0.50000000 2.77051997
vt 0.50000000 2.91901994
vt 0.50000000 2.59735990
vt 0.50000000 2.53014994
vt 0.66658998 2.53394008
vt 0.50000000 2.48323989
vt 0.33340999 2.51558995
vt 0.33340999 2.45038009
vt 0.50000000 2.44035006
vt 0.33340999 2.37428999
vt 0.50000000 2.48323989
vt 0.66658998 2.42852998
vt 0.66658998 2.48139000
vt 0.66658998 2.42852998
vt 0.50000000 2.53014994
vt 0.33340999 2.59735990
vt 0.50000000 2.59735990
vt 0.16683000 2.51044011
vt 0.16683000 2.44005990
vt 0.33340999 2.45038009
vt 0.16683000 2.35795999
vt 0.16683000 2.59735990
vt 0.33340999 2.77051997
vt 0.16683000 2.77051997
vt 0.00024000 2.77051997
vt 0.00024000 2.59735990
vt 0.16683000 2.51044011
vt 0.00024000 2.59735990
vt 0.00024000 2.51348996
vt 0.33340999 2.91901994
vt 0.16683000 2.77051997
vt 0.16683000 2.91901994
vt 0.50000000 2.77051997
vt 0.50000000 2.91901994
vt 0.33340999 2.77051997
vt 0.50000000 2.77051997
vt 0.33340999 2.59735990
vt 0.50000000 2.91901994
vt 0.33340999 3.06806993
vt 0.50000000 3.06806993
vt 0.33340999 3.17198992
vt 0.16683000 3.06806993
vt 0.16683000 3.17198992
vt 0.50000000 3.17198992
vt 0.66658998 3.17198992
vt 0.66658998 3.06806993
vt 0.66658998 3.06806993
vt 0.66658998 2.91901994
vt 0.83317000 3.06806993
vt 0.83317000 3.17198992
vt 0.66658998 3.28249002
vt 0.83317000 3.28249002
vt 0.99975997 3.28249002
vt 0.99975997 3.17198992
vt 0.99975997 3.17198992
vt 0.99975997 3.06806993
vt 0.83317000 2.91901994
vt 0.66658998 3.06806993
vt 0.66658998 2.91901994
vt 0.99975997 2.91901994
vt 0.83317000 2.77051997
vt 0.99975997 2.77051997
vt 0.66658998 3.35092998
vt 0.66658998 3.28249002
vt 0.83317000 3.35092998
vt 0.99975997 3.35092998
vt 0.99975997 3.28249002
vt 0.99975997 3.40731001
vt 0.83317000 3.40731001
vt 0.99975997 3.46070004
vt 0.83317000 3.46070004
vt 0.66658998 3.46070004
vt 0.66658998 3.40731001
vt 0.50000000 3.40731001
vt 0.50000000 3.46070004
vt 0.33340999 3.46070004
vt 0.33340999 3.49649000
vt 0.50000000 3.49649000
vt 0.66658998 3.49649000
vt 0.66658998 3.46070004
vt 0.83317000 3.46070004
vt 0.83317000 3.49649000
vt 0.66658998 3.53256989
vt 0.83317000 3.53256989
vt 0.16683000 3.46070004
vt 0.16683000 3.49649000
vt 0.33340999 3.53256989
vt 0.16683000 3.53256989
vt 0.00024000 3.53256989
vt 0.00024000 3.49649000
vt 0.16683000 3.53256989
vt 0.16683000 3.46070004
vt 0.00024000 3.49649000
vt 0.00024000 3.46070004
vt 0.16683000 3.40731001
vt 0.00024000 3.46070004
vt 0.00024000 3.40731001
vt 0.16683000 3.35092998
vt 0.16683000 3.40731001
vt 0.00024000 3.35092998
vt 0.16683000 3.28249002
vt 0.16683000 3.35092998
vt 0.00024000 3.28249002
vt 0.00024000 3.17198992
vt 0.33340999 3.28249002
vt 0.33340999 3.17198992
vt 0.16683000 3.06806993
vt 0.00024000 3.06806993
vt 0.33340999 3.06806993
vt 0.16683000 2.91901994
vt 0.33340999 2.91901994
vt 0.16683000 2.77051997
vt 0.00024000 2.91901994
vt 0.00024000 2.77051997
vt 0.33340999 3.35092998
vt 0.16683000 3.28249002
vt 0.16683000 3.35092998
vt 0.33340999 3.40731001
vt 0.16683000 3.35092998
vt 0.16683000 3.40731001
vt 0.33340999 3.46070004
vt 0.16683000 3.40731001
vt 0.50000000 3.35092998
vt 0.33340999 3.35092998
vt 0.66658998 3.35092998
vt 0.83317000 3.35092998
vt 0.83317000 3.40731001
vt 0.50000000 3.28249002
vt 0.50000000 3.35092998
vt 0.66658998 3.28249002
vt 0.66658998 3.17198992
vt 0.40005001 3.26846004
vt 0.20015000 3.26846004
vt 0.20015000 3.17266989
vt 0.40005001 3.17266989
vt 0.20015000 3.07115006
vt 0.40005001 3.07115006
vt 0.20015000 3.07115006
vt 0.00024000 3.17266989
vt 0.00024000 3.07115006
vt 0.00024000 3.33243990
vt 0.00024000 3.26846004
vt 0.20015000 3.33243990
vt 0.00024000 3.39696002
vt 0.00024000 3.33243990
vt 0.20015000 3.39696002
vt 0.40005001 3.39696002
vt 0.20015000 3.39696002
vt 0.40005001 3.33243990
vt 0.59995002 3.33243990
vt 0.59995002 3.39696002
vt 0.40005001 3.26846004
vt 0.20015000 3.33243990
vt 0.59995002 3.26846004
vt 0.59995002 3.33243990
vt 0.59995002 3.17266989
vt 0.40005001 3.17266989
vt 0.59995002 3.26846004
vt 0.79984999 3.26846004
vt 0.79984999 3.17266989
vt 0.79984999 3.17266989
vt 0.59995002 3.07115006
vt 0.79984999 3.07115006
vt 0.59995002 2.94759011
vt 0.79984999 2.94759011
vt 0.40005001 2.94759011
vt 0.59995002 2.79856992
vt 0.59995002 2.94759011
vt 0.79984999 2.94759011
vt 0.79984999 2.79856992
vt 0.40005001 2.79856992
vt 0.40005001 3.07115006
vt 0.20015000 2.94759011
vt 0.20015000 3.07115006
vt 0.00024000 3.07115006
vt 0.00024000 2.94759011
vt 0.40005001 2.94759011
vt 0.20015000 2.79856992
vt 0.59995002 2.74880004
vt 0.59995002 2.79856992
vt 0.40005001 2.73305011
vt 0.20015000 2.71267009
vt 0.20015000 2.64126992
vt 0.40005001 2.69250989
vt 0.40005001 2.73305011
vt 0.59995002 2.71060991
vt 0.40005001 2.65054989
vt 0.59995002 2.71060991
vt 0.20015000 2.55996990
vt 0.40005001 2.65054989
vt 0.20015000 2.64126992
vt 0.20015000 2.55996990
vt 0.00024000 2.52842999
vt 0.79984999 2.68739009
vt 0.79984999 2.62294006
vt 0.99975997 2.64327002
vt 0.99975997 2.72248006
vt 0.79984999 2.74053001
vt 0.99975997 2.72248006
vt 0.59995002 2.71060991
vt 0.59995002 2.74880004
vt 0.59995002 2.67504001
vt 0.40005001 2.65054989
vt 0.79984999 2.79856992
vt 0.79984999 2.74053001
vt 0.79984999 2.68739009
vt 0.99975997 2.72248006
vt 0.79984999 2.79856992
vt 0.99975997 2.79856992
vt 0.79984999 2.62294006
vt 0.99975997 2.64327002
vt 0.59995002 2.67504001
vt 0.59995002 2.71060991
vt 0.99975997 2.52842999
vt 0.99975997 2.64327002
vt 0.25012001 2.02933002
vt 0.25012001 2.16057992
vt 0.00024000 2.17567992
vt 0.00024000 2.04778004
vt 0.50000000 2.18207002
vt 0.50000000 2.06816006
vt 0.25012001 2.16057992
vt 0.50000000 2.29023004
vt 0.50000000 2.18207002
vt 0.25012001 2.28072000
vt 0.74988002 2.17621994
vt 0.50000000 2.39169002
vt 0.25012001 2.16057992
vt 0.00024000 2.29050994
vt 0.99975997 2.29050994
vt 0.74988002 2.29046988
vt 0.99975997 2.17567992
vt 0.74988002 2.05263996
vt 0.50000000 2.18207002
vt 0.50000000 2.06816006
vt 0.99975997 2.17567992
vt 0.74988002 2.05263996
vt 0.99975997 2.04778004
vt 0.74988002 3.54720998
vt 0.74988002 3.56197000
vt 0.50000000 3.56197000
vt 0.50000000 3.54720998
vt 0.62493998 6.46109009
vt 0.99975997 3.56197000
vt 0.87481999 6.46109009
vt 0.99975997 3.56197000
vt 0.74988002 3.54720998
vt 0.99975997 3.54720998
vt 0.74988002 3.52927995
vt 0.99975997 3.52927995
vt 0.74988002 3.50593996
vt 0.50000000 3.52927995
vt 0.50000000 3.50593996
vt 0.74988002 3.47323990
vt 0.74988002 3.50593996
vt 0.50000000 3.47323990
vt 0.74988002 3.42861009
vt 0.50000000 3.42861009
vt 0.74988002 3.36901999
vt 0.50000000 3.36901999
vt 0.74988002 3.29088998
vt 0.74988002 3.36901999
vt 0.50000000 3.29088998
vt 0.25012001 3.19015002
vt 0.50000000 3.19015002
vt 0.25012001 3.29088998
vt 0.00024000 3.36901999
vt 0.00024000 3.29088998
vt 0.25012001 3.36901999
vt 0.50000000 3.36901999
vt 0.50000000 3.29088998
vt 0.25012001 3.36901999
vt 0.50000000 3.36901999
vt 0.25012001 3.42861009
vt 0.50000000 3.42861009
vt 0.25012001 3.47323990
vt 0.25012001 3.42861009
vt 0.00024000 3.47323990
vt 0.00024000 3.42861009
vt 0.25012001 3.47323990
vt 0.00024000 3.50593996
vt 0.25012001 3.50593996
vt 0.50000000 3.50593996
vt 0.50000000 3.52927995
vt 0.25012001 3.52927995
vt 0.50000000 3.50593996
vt 0.74988002 3.52927995
vt 0.50000000 3.54720998
vt 0.74988002 3.54720998
vt 0.99975997 3.52927995
vt 0.99975997 3.50593996
vt 0.99975997 3.47323990
vt 0.74988002 3.50593996
vt 0.50000000 3.54720998
vt 0.25012001 3.52927995
vt 0.25012001 3.54720998
vt 0.00024000 3.54720998
vt 0.00024000 3.52927995
vt 0.40005001 3.55701995
vt 0.20015000 3.55701995
vt 0.20015000 3.34452009
vt 0.40005001 3.70456004
vt 0.20015000 3.70456004
vt 0.00024000 3.55701995
vt 0.00024000 3.34452009
vt 0.40005001 3.34452009
vt 0.40005001 3.34452009
vt 0.20015000 3.13239002
vt 0.40005001 3.13239002
vt 0.59995002 3.55701995
vt 0.40005001 3.70456004
vt 0.59995002 3.70456004
vt 0.59995002 3.70456004
vt 0.40005001 3.82848001
vt 0.59995002 3.82848001
vt 0.40005001 3.94314003
vt 0.40005001 3.82848001
vt 0.59995002 3.94314003
vt 0.40005001 4.02629995
vt 0.59995002 4.02629995
vt 0.40005001 4.10549021
vt 0.59995002 4.10549021
vt 0.20015000 4.02629995
vt 0.20015000 3.94314003
vt 0.40005001 3.94314003
vt 0.20015000 3.82848001
vt 0.40005001 3.82848001
vt 0.20015000 4.10549021
vt 0.00024000 4.15740013
vt 0.00024000 4.10549021
vt 0.20015000 4.15740013
vt 0.20015000 4.02629995
vt 0.00024000 4.10549021
vt 0.00024000 4.02629995
vt 0.00024000 4.02629995
vt 0.00024000 3.94314003
vt 0.20015000 3.94314003
vt 0.00024000 3.82848001
vt 0.20015000 3.82848001
vt 0.00024000 3.70456004
vt 0.00024000 3.55701995
vt 0.20015000 3.70456004
vt 0.40005001 3.70456004
vt 0.20015000 2.22417998
vt 0.20015000 2.55931997
vt 0.00024000 2.55931997
vt 0.00024000 2.22417998
vt 0.20015000 2.55931997
vt 0.00024000 2.85043001
vt 0.20015000 2.85043001
vt 0.20015000 2.85043001
vt 0.00024000 3.13239002
vt 0.20015000 3.13239002
vt 0.20015000 3.13239002
vt 0.20015000 3.34452009
vt 0.40005001 3.13239002
vt 0.20015000 2.85043001
vt 0.40005001 2.85043001
vt 0.40005001 2.55931997
vt 0.59995002 2.55931997
vt 0.59995002 2.85043001
vt 0.59995002 2.85043001
vt 0.59995002 3.13239002
vt 0.40005001 2.85043001
vt 0.79984999 3.13239002
vt 0.59995002 3.13239002
vt 0.79984999 2.85043001
vt 0.59995002 2.55931997
vt 0.79984999 2.55931997
vt 0.79984999 2.55931997
vt 0.59995002 2.22417998
vt 0.40005001 2.55931997
vt 0.79984999 2.22417998
vt 0.40005001 2.22417998
vt 0.59995002 2.12540007
vt 0.40005001 2.12539005
vt 0.59995002 2.12540007
vt 0.79984999 2.12858009
vt 0.99975997 2.13126993
vt 0.99975997 2.22417998
vt 0.99975997 2.04086995
vt 0.79984999 2.03529000
vt 0.99975997 1.95332003
vt 0.99975997 2.04086995
vt 0.79984999 1.94640994
vt 0.99975997 1.86206996
vt 0.79984999 1.85482001
vt 0.99975997 1.76358998
vt 0.79984999 1.75630999
vt 0.59995002 1.84794998
vt 0.59995002 1.93859994
vt 0.79984999 1.85482001
vt 0.59995002 1.75235999
vt 0.40005001 1.81979001
vt 0.79984999 1.75630999
vt 0.40005001 1.70348001
vt 0.59995002 1.65240002
vt 0.40005001 1.57384002
vt 0.40005001 1.70348001
vt 0.20015000 1.66554999
vt 0.20015000 1.76337004
vt 0.40005001 1.81979001
vt 0.20015000 1.85876000
vt 0.40005001 1.92472005
vt 0.20015000 1.94885004
vt 0.20015000 1.94885004
vt 0.00024000 1.95332003
vt 0.00024000 1.86206996
vt 0.20015000 1.76337004
vt 0.00024000 1.76358998
vt 0.00024000 2.04086995
vt 0.00024000 1.95332003
vt 0.20015000 2.03733993
vt 0.40005001 2.02415991
vt 0.40005001 1.92472005
vt 0.59995002 1.84794998
vt 0.59995002 1.93859994
vt 0.40005001 2.02415991
vt 0.20015000 2.13016009
vt 0.00024000 2.22417998
vt 0.00024000 2.13126993
vt 0.20015000 2.22417998
vt 0.40005001 2.12539005
vt 0.59995002 2.02854991
vt 0.20015000 2.03733993
vt 0.00024000 2.13126993
vt 0.00024000 2.04086995
vt 0.20015000 2.55931997
vt 0.40005001 2.22417998
vt 0.59995002 1.93859994
vt 0.40005001 1.92472005
vt 0.59995002 2.02854991
vt 0.79984999 2.03529000
vt 0.79984999 1.94640994
vt 0.79984999 2.12858009
vt 0.59995002 2.12540007
vt 0.99975997 3.52555990
vt 0.83317000 3.52555990
vt 0.83317000 3.44028997
vt 0.99975997 3.44028997
vt 0.99975997 3.44028997
vt 0.83317000 3.31369996
vt 0.83317000 3.18115997
vt 0.66658998 3.31369996
vt 0.50000000 3.18115997
vt 0.66658998 3.02118993
vt 0.33340999 3.18115997
vt 0.50000000 3.31369996
vt 0.66658998 3.44028997
vt 0.50000000 3.31369996
vt 0.66658998 3.31369996
vt 0.50000000 3.44028997
vt 0.16683000 3.02118993
vt 0.33340999 3.02118993
vt 0.16683000 3.18115997
vt 0.33340999 3.31369996
vt 0.16683000 3.18115997
vt 0.16683000 3.31369996
vt 0.00024000 3.18115997
vt 0.00024000 3.02118993
vt 0.16683000 3.18115997
vt 0.16683000 2.82971001
vt 0.00024000 3.02118993
vt 0.00024000 2.82971001
vt 0.00024000 3.31369996
vt 0.00024000 3.18115997
vt 0.16683000 3.31369996
vt 0.00024000 3.44028997
vt 0.00024000 3.31369996
vt 0.16683000 3.44028997
vt 0.00024000 9.28431034
vt 0.25012001 9.28431034
vt 0.12518001 9.21615982
vt 0.25012001 9.28431034
vt 0.50000000 9.28431034
vt 0.37505999 9.21615982
vt 0.50000000 9.28431034
vt 0.74988002 9.28431034
vt 0.62493998 9.21615982
vt 0.74988002 9.28431034
vt 0.99975997 9.28431034
vt 0.87481999 9.21615982
vt 0.20015000 3.51284003
vt 0.20015000 3.52746010
vt 0.00024000 3.49552011
vt 0.00024000 3.49552011
vt 0.00024000 3.46518993
vt 0.00024000 3.52746010
vt 0.10020000 6.31094980
vt 0.40005001 3.52746010
vt 0.30010000 6.31094980
vt 0.40005001 3.51284003
vt 0.59995002 3.52746010
vt 0.50000000 6.31094980
vt 0.79984999 3.52746010
vt 0.69989997 6.31094980
vt 0.99975997 3.52746010
vt 0.89980000 6.31094980
vt 0.59995002 3.52746010
vt 0.59995002 3.51284003
vt 0.79984999 3.51284003
vt 0.59995002 3.52746010
vt 0.40005001 3.51284003
vt 0.59995002 3.49552011
vt 0.40005001 3.49552011
vt 0.79984999 3.51284003
vt 0.59995002 3.51284003
vt 0.79984999 3.49552011
vt 0.99975997 3.46518993
vt 0.99975997 3.49552011
vt 0.79984999 3.46518993
vt 0.99975997 3.43204999
vt 0.99975997 3.46518993
vt 0.79984999 3.43204999
vt 0.59995002 3.43204999
vt 0.59995002 3.46518993
vt 0.79984999 3.43204999
vt 0.59995002 3.37997007
vt 0.59995002 3.43204999
vt 0.40005001 3.43204999
vt 0.59995002 3.43204999
vt 0.40005001 3.46518993
vt 0.59995002 3.46518993
vt 0.20015000 3.46518993
vt 0.20015000 3.49552011
vt 0.20015000 3.46518993
vt 0.00024000 3.46518993
vt 0.20015000 3.43204999
vt 0.00024000 3.46518993
vt 0.00024000 3.43204999
vt 0.40005001 3.46518993
vt 0.20015000 3.46518993
vt 0.40005001 3.51284003
vt 0.20015000 3.51284003
vt 0.20015000 3.52746010
vt 0.59995002 3.46518993
vt 0.40005001 3.46518993
vt 0.59995002 3.49552011
vt 0.79984999 3.49552011
vt 0.59995002 3.49552011
vt 0.99975997 3.51284003
vt 0.79984999 3.51284003
vt 0.99975997 3.52746010
vt 0.99975997 3.79021001
vt 0.83317000 3.79021001
vt 0.83317000 3.76834011
vt 0.99975997 3.76834011
vt 0.83317000 3.79021001
vt 0.66658998 3.79021001
vt 0.66658998 3.76834011
vt 0.99975997 3.79021001
vt 0.91645998 6.15774012
vt 0.66658998 3.79021001
vt 0.74988002 6.15774012
vt 0.50000000 3.79021001
vt 0.58328998 6.15774012
vt 0.33340999 3.79021001
vt 0.41670999 6.15774012
vt 0.50000000 3.76834011
vt 0.33340999 3.79021001
vt 0.33340999 3.76834011
vt 0.66658998 3.76834011
vt 0.50000000 3.79021001
vt 0.50000000 3.74348998
vt 0.50000000 3.76834011
vt 0.33340999 3.74348998
vt 0.33340999 3.79021001
vt 0.16683000 3.76834011
vt 0.16683000 3.79021001
vt 0.00024000 3.79021001
vt 0.00024000 3.76834011
vt 0.16683000 3.79021001
vt 0.33340999 3.79021001
vt 0.25012001 6.15774012
vt 0.00024000 3.79021001
vt 0.08354000 6.15774012
vt 0.16683000 3.74348998
vt 0.00024000 3.76834011
vt 0.33340999 3.76834011
vt 0.00024000 3.74348998
vt 0.16683000 3.70444989
vt 0.00024000 3.70444989
vt 0.16683000 3.74348998
vt 0.33340999 3.74348998
vt 0.16683000 3.70444989
vt 0.33340999 3.70444989
vt 0.16683000 3.66277003
vt 0.00024000 3.70444989
vt 0.00024000 3.66277003
vt 0.33340999 3.66277003
vt 0.16683000 3.59978008
vt 0.33340999 3.59978008
vt 0.00024000 3.66277003
vt 0.00024000 3.59978008
vt 0.16683000 3.66277003
vt 0.33340999 3.70444989
vt 0.16683000 3.70444989
vt 0.33340999 3.59978008
vt 0.16683000 3.50535011
vt 0.33340999 3.50535011
vt 0.50000000 3.50535011
vt 0.50000000 3.59978008
vt 0.50000000 3.59978008
vt 0.33340999 3.66277003
vt 0.50000000 3.66277003
vt 0.66658998 3.66277003
vt 0.50000000 3.66277003
vt 0.66658998 3.59978008
vt 0.50000000 3.50535011
vt 0.66658998 3.50535011
vt 0.83317000 3.50535011
vt 0.83317000 3.59978008
vt 0.66658998 3.66277003
vt 0.83317000 3.66277003
vt 0.99975997 3.59978008
vt 0.83317000 3.50535011
vt 0.99975997 3.50535011
vt 0.83317000 3.41202998
vt 0.99975997 3.41202998
vt 0.83317000 3.50535011
vt 0.66658998 3.41202998
vt 0.83317000 3.27416992
vt 0.99975997 3.41202998
vt 0.99975997 3.27416992
vt 0.66658998 3.27416992
vt 0.83317000 3.08033991
vt 0.83317000 3.27416992
vt 0.66658998 3.08033991
vt 0.83317000 2.89727998
vt 0.83317000 3.08033991
vt 0.66658998 2.89727998
vt 0.99975997 3.08033991
vt 0.99975997 2.89727998
vt 0.83317000 3.08033991
vt 0.83317000 2.63355994
vt 0.83317000 2.89727998
vt 0.66658998 2.63355994
vt 0.50000000 2.63355994
vt 0.50000000 2.89727998
vt 0.50000000 2.53990006
vt 0.33340999 2.63355994
vt 0.33340999 2.54557991
vt 0.66658998 2.53846002
vt 0.50000000 2.63355994
vt 0.83317000 2.54122996
vt 0.66658998 2.53846002
vt 0.99975997 2.63355994
vt 0.99975997 2.54929996
vt 0.83317000 2.63355994
vt 0.83317000 2.47066998
vt 0.66658998 2.46655989
vt 0.83317000 2.54122996
vt 0.99975997 2.54929996
vt 0.83317000 2.47066998
vt 0.99975997 2.48371005
vt 0.99975997 2.89727998
vt 0.99975997 2.63355994
vt 0.83317000 2.89727998
vt 0.33340999 2.89727998
vt 0.33340999 2.63355994
vt 0.50000000 2.89727998
vt 0.33340999 3.08033991
vt 0.50000000 3.08033991
vt 0.16683000 2.89727998
vt 0.16683000 3.08033991
vt 0.33340999 3.27416992
vt 0.50000000 3.08033991
vt 0.50000000 3.27416992
vt 0.66658998 3.08033991
vt 0.50000000 2.89727998
vt 0.66658998 2.89727998
vt 0.16683000 3.27416992
vt 0.00024000 3.27416992
vt 0.00024000 3.08033991
vt 0.16683000 2.89727998
vt 0.00024000 3.08033991
vt 0.00024000 2.89727998
vt 0.33340999 2.89727998
vt 0.16683000 2.63355994
vt 0.16683000 2.55320001
vt 0.33340999 2.54557991
vt 0.16683000 2.49071002
vt 0.00024000 2.54929996
vt 0.00024000 2.48371005
vt 0.00024000 2.89727998
vt 0.00024000 2.63355994
vt 0.16683000 2.55320001
vt 0.00024000 2.63355994
vt 0.00024000 2.54929996
vt 0.16683000 2.49071002
vt 0.33340999 2.46822000
vt 0.16683000 2.42307997
vt 0.00024000 2.48371005
vt 0.00024000 2.40370989
vt 0.33340999 2.37030005
vt 0.50000000 2.37886000
vt 0.33340999 2.46822000
vt 0.50000000 2.46486998
vt 0.50000000 2.46486998
vt 0.33340999 2.54557991
vt 0.66658998 2.53846002
vt 0.50000000 2.53990006
vt 0.66658998 2.46655989
vt 0.50000000 2.37886000
vt 0.66658998 2.38765001
vt 0.83317000 2.38831997
vt 0.83317000 2.47066998
vt 0.99975997 2.48371005
vt 0.99975997 2.40370989
vt 0.59995002 3.18809009
vt 0.59995002 3.32009006
vt 0.40005001 3.32009006
vt 0.40005001 3.18809009
vt 0.79984999 3.18809009
vt 0.59995002 2.99310994
vt 0.79984999 2.99310994
vt 0.99975997 2.99310994
vt 0.99975997 2.78870010
vt 0.79984999 2.78870010
vt 0.99975997 3.18809009
vt 0.99975997 3.18809009
vt 0.79984999 3.32009006
vt 0.99975997 3.32009006
vt 0.59995002 3.18809009
vt 0.59995002 3.32009006
vt 0.79984999 3.45369005
vt 0.59995002 3.45369005
vt 0.40005001 2.99310994
vt 0.79984999 2.99310994
vt 0.59995002 2.78870010
vt 0.79984999 2.78870010
vt 0.59995002 2.78870010
vt 0.59995002 2.69229007
vt 0.79984999 2.69578004
vt 0.99975997 2.70931005
vt 0.79984999 2.78870010
vt 0.99975997 2.78870010
vt 0.59995002 2.61377001
vt 0.79984999 2.62384009
vt 0.59995002 2.69229007
vt 0.40005001 2.69954991
vt 0.40005001 2.61668992
vt 0.20015000 2.64296007
vt 0.40005001 2.61668992
vt 0.20015000 2.71080995
vt 0.40005001 2.78870010
vt 0.20015000 2.78870010
vt 0.59995002 2.69229007
vt 0.59995002 2.78870010
vt 0.40005001 2.69954991
vt 0.40005001 2.99310994
vt 0.20015000 2.78870010
vt 0.20015000 2.99310994
vt 0.20015000 2.78870010
vt 0.00024000 2.99310994
vt 0.00024000 2.78870010
vt 0.20015000 2.71080995
vt 0.20015000 2.78870010
vt 0.00024000 2.70931005
vt 0.59995002 2.78870010
vt 0.59995002 2.99310994
vt 0.99975997 3.24943995
vt 0.74988002 3.24943995
vt 0.74988002 2.96625996
vt 0.99975997 2.96625996
vt 0.50000000 3.24943995
vt 0.74988002 3.24943995
vt 0.99975997 3.47703004
vt 0.74988002 3.47703004
vt 0.74988002 3.24943995
vt 0.50000000 3.47703004
vt 0.74988002 3.47703004
vt 0.99975997 2.41367006
vt 0.74988002 2.41235995
vt 0.74988002 2.30124998
vt 0.99975997 2.30558991
vt 0.99975997 2.52627993
vt 0.99975997 2.41367006
vt 0.74988002 2.52627993
vt 0.74988002 2.30124998
vt 0.50000000 2.41037011
vt 0.50000000 2.29887009
vt 0.99975997 2.30558991
vt 0.74988002 2.19598007
vt 0.99975997 2.20322990
vt 0.50000000 2.29887009
vt 0.50000000 2.19526005
vt 0.99975997 2.20322990
vt 0.74988002 2.08014011
vt 0.99975997 2.09307003
vt 0.50000000 2.41037011
vt 0.25012001 2.29735994
vt 0.25012001 2.41090012
vt 0.50000000 2.52627993
vt 0.50000000 2.41037011
vt 0.25012001 2.52627993
vt 0.25012001 2.29735994
vt 0.00024000 2.41367006
vt 0.00024000 2.30558991
vt 0.25012001 2.41090012
vt 0.00024000 2.52627993
vt 0.25012001 2.52627993
vt 0.25012001 2.52627993
vt 0.00024000 2.87034988
vt 0.25012001 2.87034988
vt 0.25012001 2.18803000
vt 0.25012001 2.29735994
vt 0.50000000 2.29887009
vt 0.50000000 2.19526005
vt 0.00024000 2.20322990
vt 0.25012001 2.06617999
vt 0.00024000 2.09307003
vt 0.25012001 2.18803000
vt 0.25012001 2.06617999
vt 0.50000000 2.08413005
vt 0.74988002 2.08014011
vt 0.74988002 2.19598007
vt 0.50000000 2.08413005
vt 0.74988002 1.95460999
vt 0.50000000 1.96705997
vt 0.74988002 2.08014011
vt 0.25012001 1.93178999
vt 0.50000000 1.96705997
vt 0.25012001 2.06617999
vt 0.83317000 3.33470011
vt 0.83317000 3.39335990
vt 0.66658998 3.39335990
vt 0.66658998 3.33470011
vt 0.66658998 3.43342996
vt 0.83317000 3.43342996
vt 0.66658998 3.45990992
vt 0.66658998 3.43342996
vt 0.50000000 3.43342996
vt 0.83317000 3.45990992
vt 0.50000000 3.45990992
vt 0.66658998 3.48618007
vt 0.50000000 3.48618007
vt 0.83317000 3.48618007
vt 0.66658998 3.50277996
vt 0.66658998 3.48618007
vt 0.83317000 3.50277996
vt 0.99975997 3.50277996
vt 0.83317000 3.48618007
vt 0.99975997 3.48618007
vt 0.99975997 3.48618007
vt 0.99975997 3.45990992
vt 0.99975997 3.45990992
vt 0.83317000 3.43342996
vt 0.99975997 3.43342996
vt 0.83317000 3.39335990
vt 0.99975997 3.39335990
vt 0.99975997 3.39335990
vt 0.83317000 3.33470011
vt 0.99975997 3.33470011
vt 0.83317000 3.50277996
vt 0.66658998 3.51740003
vt 0.83317000 3.51740003
vt 0.74988002 5.98720980
vt 0.99975997 3.51740003
vt 0.91645998 5.98720980
vt 0.99975997 3.51740003
vt 0.83317000 3.50277996
vt 0.99975997 3.50277996
vt 0.50000000 3.50277996
vt 0.66658998 3.50277996
vt 0.50000000 3.48618007
vt 0.33340999 3.50277996
vt 0.33340999 3.48618007
vt 0.50000000 3.48618007
vt 0.33340999 3.45990992
vt 0.16683000 3.45990992
vt 0.16683000 3.48618007
vt 0.16683000 3.43342996
vt 0.33340999 3.43342996
vt 0.33340999 3.39335990
vt 0.50000000 3.45990992
vt 0.66658998 3.43342996
vt 0.50000000 3.39335990
vt 0.50000000 3.43342996
vt 0.50000000 3.33470011
vt 0.33340999 3.33470011
vt 0.66658998 3.33470011
vt 0.66658998 3.27788997
vt 0.83317000 3.27788997
vt 0.66658998 3.33470011
vt 0.83317000 3.33470011
vt 0.66658998 3.39335990
vt 0.50000000 3.33470011
vt 0.99975997 3.33470011
vt 0.83317000 3.27788997
vt 0.99975997 3.27788997
vt 0.66658998 3.27788997
vt 0.50000000 3.19448996
vt 0.66658998 3.19448996
vt 0.83317000 3.19448996
vt 0.83317000 3.27788997
vt 0.83317000 3.07920003
vt 0.66658998 3.07920003
vt 0.50000000 3.07920003
vt 0.66658998 2.97094989
vt 0.83317000 2.97094989
vt 0.83317000 3.07920003
vt 0.99975997 3.07920003
vt 0.83317000 2.97094989
vt 0.99975997 2.97094989
vt 0.99975997 3.19448996
vt 0.83317000 3.07920003
vt 0.99975997 3.27788997
vt 0.83317000 3.27788997
vt 0.83317000 2.81589007
vt 0.83317000 2.97094989
vt 0.66658998 2.97094989
vt 0.59995002 2.59826994
vt 0.59995002 2.89377999
vt 0.40005001 2.89377999
vt 0.40005001 2.59826994
vt 0.20015000 2.89377999
vt 0.20015000 2.59826994
vt 0.40005001 2.59826994
vt 0.59995002 2.25586009
vt 0.40005001 2.25586009
vt 0.20015000 2.59826994
vt 0.00024000 2.89377999
vt 0.00024000 2.59826994
vt 0.79984999 3.14734006
vt 0.79984999 2.89377999
vt 0.59995002 3.14734006
vt 0.79984999 2.89377999
vt 0.59995002 2.59826994
vt 0.79984999 2.59826994
vt 0.99975997 2.89377999
vt 0.79984999 3.14734006
vt 0.99975997 3.14734006
vt 0.59995002 2.89377999
vt 0.40005001 3.14734006
vt 0.40005001 2.89377999
vt 0.40005001 3.14734006
vt 0.20015000 2.89377999
vt 0.20015000 3.14734006
vt 0.40005001 3.36345005
vt 0.20015000 3.36345005
vt 0.40005001 3.54621005
vt 0.20015000 3.54621005
vt 0.40005001 3.69948006
vt 0.20015000 3.69948006
vt 0.40005001 3.54621005
vt 0.59995002 3.54621005
vt 0.59995002 3.69948006
vt 0.59995002 3.36345005
vt 0.40005001 3.36345005
vt 0.59995002 3.14734006
vt 0.59995002 3.36345005
vt 0.59995002 3.69948006
vt 0.40005001 3.82698011
vt 0.59995002 3.82698011
vt 0.40005001 3.93223000
vt 0.20015000 3.82698011
vt 0.59995002 3.93223000
vt 0.40005001 4.01839018
vt 0.59995002 4.01839018
vt 0.20015000 3.93223000
vt 0.20015000 4.01839018
vt 0.20015000 4.08816004
vt 0.00024000 4.08816004
vt 0.00024000 4.01839018
vt 0.20015000 4.08816004
vt 0.00024000 4.14376020
vt 0.79984999 3.82698011
vt 0.79984999 3.69948006
vt 0.79984999 3.69948006
vt 0.59995002 3.54621005
vt 0.79984999 3.54621005
vt 0.79984999 3.36345005
vt 0.99975997 3.36345005
vt 0.99975997 3.54621005
vt 0.99975997 3.54621005
vt 0.79984999 3.69948006
vt 0.99975997 3.69948006
vt 0.59995002 3.36345005
vt 0.59995002 3.14734006
vt 0.79984999 3.14734006
vt 0.99975997 3.14734006
vt 0.99975997 3.36345005
vt 0.40005001 3.60014009
vt 0.20015000 3.60014009
vt 0.20015000 3.53126001
vt 0.40005001 3.53126001
vt 0.20015000 3.45369005
vt 0.40005001 3.45369005
vt 0.59995002 3.53126001
vt 0.40005001 3.60014009
vt 0.59995002 3.60014009
vt 0.00024000 3.60014009
vt 0.00024000 3.53126001
vt 0.20015000 3.45369005
vt 0.00024000 3.45369005
vt 0.00024000 3.64459991
vt 0.20015000 3.64459991
vt 0.40005001 3.64459991
vt 0.40005001 3.60014009
vt 0.40005001 3.68593001
vt 0.20015000 3.68593001
vt 0.40005001 3.71023989
vt 0.20015000 3.68593001
vt 0.20015000 3.71023989
vt 0.20015000 3.68593001
vt 0.00024000 3.71023989
vt 0.00024000 3.68593001
vt 0.59995002 3.71023989
vt 0.40005001 3.73107004
vt 0.59995002 3.73107004
vt 0.20015000 3.71023989
vt 0.40005001 3.71023989
vt 0.20015000 3.73107004
vt 0.20015000 3.71023989
vt 0.00024000 3.71023989
vt 0.79984999 3.73107004
vt 0.59995002 3.73107004
vt 0.99975997 3.73107004
vt 0.89980000 6.27431011
vt 0.79984999 3.73107004
vt 0.69989997 6.27431011
vt 0.40005001 3.73107004
vt 0.50000000 6.27431011
vt 0.20015000 3.73107004
vt 0.30010000 6.27431011
vt 0.00024000 3.73107004
vt 0.10020000 6.27431011
vt 0.16683000 3.53256989
vt 0.16683000 3.55318999
vt 0.00024000 3.55318999
vt 0.00024000 3.53256989
vt 0.16683000 3.56905007
vt 0.00024000 3.55318999
vt 0.33340999 3.56905007
vt 0.16683000 3.56905007
vt 0.33340999 3.55318999
vt 0.33340999 3.58260012
vt 0.16683000 3.56905007
vt 0.50000000 3.55318999
vt 0.33340999 3.56905007
vt 0.50000000 3.56905007
vt 0.66658998 3.55318999
vt 0.50000000 3.53256989
vt 0.66658998 3.53256989
vt 0.50000000 3.49649000
vt 0.33340999 3.49649000
vt 0.66658998 3.53256989
vt 0.50000000 3.53256989
vt 0.33340999 3.55318999
vt 0.16683000 3.53256989
vt 0.16683000 3.55318999
vt 0.50000000 3.53256989
vt 0.33340999 3.53256989
vt 0.50000000 3.55318999
vt 0.66658998 3.56905007
vt 0.66658998 3.55318999
vt 0.83317000 3.58260012
vt 0.66658998 3.58260012
vt 0.83317000 3.55318999
vt 0.83317000 3.56905007
vt 0.66658998 3.55318999
vt 0.99975997 3.56905007
vt 0.83317000 3.56905007
vt 0.83317000 3.53256989
vt 0.66658998 3.53256989
vt 0.83317000 3.55318999
vt 0.99975997 3.55318999
vt 0.99975997 3.53256989
vt 0.33340999 3.58260012
vt 0.33340999 3.56905007
vt 0.50000000 3.58260012
vt 0.41670999 5.96729994
vt 0.16683000 3.58260012
vt 0.25012001 5.96729994
vt 0.00024000 3.58260012
vt 0.08354000 5.96729994
vt 0.50000000 4.13592005
vt 0.25012001 4.13592005
vt 0.37505999 6.35704994
vt 0.50000000 4.09635019
vt 0.00024000 4.13592005
vt 0.12518001 6.35704994
vt 0.00024000 4.09635019
vt 0.62493998 6.35704994
vt 0.74988002 4.09635019
vt 0.50000000 4.13592005
vt 0.74988002 4.13592005
vt 0.16683000 4.11625004
vt 0.16683000 4.16816998
vt 0.00024000 4.16816998
vt 0.00024000 4.11625004
vt 0.16683000 4.04768991
vt 0.16683000 4.11625004
vt 0.33340999 4.16816998
vt 0.16683000 4.16816998
vt 0.33340999 4.11625004
vt 0.40005001 3.39505005
vt 0.20015000 3.39505005
vt 0.20015000 3.27080011
vt 0.00024000 3.39505005
vt 0.00024000 3.27080011
vt 0.40005001 3.27080011
vt 0.59995002 3.11478996
vt 0.40005001 3.11478996
vt 0.59995002 3.27080011
vt 0.79984999 3.27080011
vt 0.79984999 3.11478996
vt 0.79984999 3.11478996
vt 0.59995002 2.92126012
vt 0.79984999 2.92126012
vt 0.99975997 2.92126012
vt 0.79984999 2.92126012
vt 0.99975997 3.11478996
vt 0.79984999 3.27080011
vt 0.99975997 3.27080011
vt 0.79984999 3.39505005
vt 0.59995002 3.27080011
vt 0.59995002 3.39505005
vt 0.40005001 3.39505005
vt 0.40005001 3.27080011
vt 0.59995002 3.39505005
vt 0.40005001 3.49265003
vt 0.79984999 3.49265003
vt 0.79984999 3.56812000
vt 0.59995002 3.56812000
vt 0.79984999 3.39505005
vt 0.99975997 3.27080011
vt 0.99975997 3.39505005
vt 0.99975997 3.39505005
vt 0.79984999 3.39505005
vt 0.99975997 3.49265003
vt 0.99975997 3.49265003
vt 0.79984999 3.56812000
vt 0.99975997 3.56812000
vt 0.20015000 3.39505005
vt 0.20015000 3.49265003
vt 0.00024000 3.49265003
vt 0.00024000 3.39505005
vt 0.20015000 3.49265003
vt 0.00024000 3.56812000
vt 0.00024000 3.49265003
vt 0.79984999 3.29738998
vt 0.59995002 3.29738998
vt 0.59995002 3.21421003
vt 0.79984999 3.21421003
vt 0.99975997 2.95374990
vt 0.99975997 3.08860993
vt 0.79984999 3.08860993
vt 0.79984999 2.95374990
vt 0.99975997 2.25586009
vt 0.99975997 2.59826994
vt 0.79984999 2.59826994
vt 0.79984999 2.25586009
vt 0.99975997 2.89377999
vt 0.99975997 2.15674996
vt 0.79984999 2.25586009
vt 0.79984999 2.15296006
vt 0.99975997 2.06473994
vt 0.99975997 2.15674996
vt 0.79984999 2.05595994
vt 0.59995002 2.04647994
vt 0.59995002 2.14847994
vt 0.40005001 2.14797997
vt 0.40005001 2.04104996
vt 0.59995002 1.95548999
vt 0.40005001 1.94035006
vt 0.20015000 1.86828995
vt 0.40005001 1.82625997
vt 0.20015000 1.96629000
vt 0.20015000 1.86828995
vt 0.00024000 1.97889996
vt 0.00024000 1.88732004
vt 0.20015000 1.76735997
vt 0.00024000 1.88732004
vt 0.00024000 1.78504002
vt 0.40005001 1.82625997
vt 0.20015000 1.76735997
vt 0.40005001 1.70010996
vt 0.59995002 1.85652006
vt 0.59995002 1.95548999
vt 0.79984999 2.05595994
vt 0.59995002 2.04647994
vt 0.79984999 1.96723998
vt 0.99975997 1.97889996
vt 0.99975997 2.06473994
vt 0.99975997 1.88732004
vt 0.99975997 1.97889996
vt 0.79984999 1.87040997
vt 0.59995002 1.85652006
vt 0.59995002 1.75392997
vt 0.79984999 1.76682997
vt 0.99975997 1.78504002
vt 0.99975997 1.88732004
vt 0.79984999 1.76682997
vt 0.59995002 1.75392997
vt 0.40005001 1.82625997
vt 0.40005001 1.70010996
vt 0.59995002 2.92126012
vt 0.59995002 3.11478996
vt 0.40005001 3.11478996
vt 0.40005001 2.92126012
vt 0.59995002 2.82697010
vt 0.59995002 2.92126012
vt 0.40005001 2.83247995
vt 0.20015000 2.84307003
vt 0.40005001 2.83247995
vt 0.20015000 2.92126012
vt 0.40005001 2.92126012
vt 0.20015000 3.11478996
vt 0.00024000 3.11478996
vt 0.00024000 2.92126012
vt 0.20015000 2.84307003
vt 0.00024000 2.92126012
vt 0.00024000 2.84212995
vt 0.20015000 2.77451992
vt 0.00024000 2.77698994
vt 0.20015000 2.84307003
vt 0.20015000 2.77451992
vt 0.40005001 2.75000000
vt 0.20015000 2.69195008
vt 0.40005001 2.64264011
vt 0.00024000 2.77698994
vt 0.00024000 2.69431996
vt 0.40005001 3.11478996
vt 0.20015000 3.27080011
vt 0.00024000 3.27080011
vt 0.00024000 3.11478996
vt 0.33340999 2.98090005
vt 0.16683000 2.98090005
vt 0.16683000 2.76640010
vt 0.33340999 2.76640010
vt 0.00024000 2.98090005
vt 0.16683000 2.98090005
vt 0.00024000 3.20534992
vt 0.16683000 3.20534992
vt 0.16683000 3.37153006
vt 0.33340999 2.98090005
vt 0.33340999 3.37153006
vt 0.50000000 2.98090005
vt 0.50000000 3.20534992
vt 0.33340999 2.98090005
vt 0.50000000 2.76640010
vt 0.50000000 2.98090005
vt 0.33340999 2.76640010
vt 0.50000000 2.76640010
vt 0.66658998 3.20534992
vt 0.99975997 2.46195006
vt 0.99975997 2.59369993
vt 0.66658998 2.59814000
vt 0.99975997 2.32921004
vt 0.66658998 2.46853995
vt 0.66658998 2.33656001
vt 0.33340999 2.33559990
vt 0.66658998 2.33656001
vt 0.66658998 2.33656001
vt 0.33340999 2.19295001
vt 0.66658998 2.19226003
vt 0.00024000 2.32921004
vt 0.00024000 2.18531990
vt 0.99975997 2.18531990
vt 0.66658998 2.33656001
vt 0.99975997 2.32921004
vt 0.74988002 3.19015002
vt 0.74988002 3.29088998
vt 0.50000000 3.29088998
vt 0.50000000 3.19015002
vt 0.99975997 3.29088998
vt 0.99975997 3.19015002
vt 0.74988002 3.29088998
vt 0.99975997 3.36901999
vt 0.74988002 3.36901999
vt 0.99975997 3.42861009
vt 0.99975997 3.36901999
vt 0.99975997 3.47323990
vt 0.74988002 3.47323990
vt 0.20015000 3.65475988
vt 0.20015000 3.68568993
vt 0.00024000 3.68568993
vt 0.00024000 3.65475988
vt 0.40005001 3.65475988
vt 0.20015000 3.61292005
vt 0.40005001 3.61292005
vt 0.40005001 3.68568993
vt 0.20015000 3.68568993
vt 0.40005001 3.71053004
vt 0.20015000 3.71053004
vt 0.00024000 3.71053004
vt 0.00024000 3.68568993
vt 0.20015000 3.71053004
vt 0.40005001 3.73147988
vt 0.40005001 3.71053004
vt 0.20015000 3.73147988
vt 0.30010000 6.33464003
vt 0.59995002 3.68568993
vt 0.59995002 3.71053004
vt 0.79984999 3.71053004
vt 0.79984999 3.68568993
vt 0.59995002 3.68568993
vt 0.59995002 3.65475988
vt 0.59995002 3.68568993
vt 0.79984999 3.65475988
vt 0.59995002 3.61292005
vt 0.59995002 3.65475988
vt 0.40005001 3.61292005
vt 0.79984999 3.61292005
vt 0.99975997 3.53591990
vt 0.99975997 3.61292005
vt 0.79984999 3.53591990
vt 0.99975997 3.45725989
vt 0.99975997 3.53591990
vt 0.79984999 3.45725989
vt 0.99975997 3.33726001
vt 0.79984999 3.33726001
vt 0.79984999 3.45725989
vt 0.59995002 3.33726001
vt 0.59995002 3.45725989
vt 0.79984999 3.33726001
vt 0.59995002 3.20623994
vt 0.79984999 3.20623994
vt 0.99975997 3.04355001
vt 0.79984999 3.04355001
vt 0.99975997 3.20623994
vt 0.99975997 3.33726001
vt 0.79984999 3.33726001
vt 0.79984999 3.20623994
vt 0.59995002 3.20623994
vt 0.59995002 3.04355001
vt 0.79984999 3.04355001
vt 0.99975997 2.84371996
vt 0.99975997 3.04355001
vt 0.79984999 2.84371996
vt 0.99975997 2.76462007
vt 0.99975997 2.84371996
vt 0.79984999 2.75382996
vt 0.99975997 2.69959998
vt 0.99975997 2.76462007
vt 0.79984999 2.68282008
vt 0.59995002 2.58756995
vt 0.79984999 2.59991002
vt 0.59995002 2.67352009
vt 0.40005001 2.67232990
vt 0.40005001 2.57009006
vt 0.20015000 2.61888003
vt 0.20015000 2.69647002
vt 0.59995002 2.74956989
vt 0.79984999 2.68282008
vt 0.79984999 2.84371996
vt 0.59995002 2.74956989
vt 0.59995002 2.84371996
vt 0.40005001 2.84371996
vt 0.40005001 2.75416994
vt 0.40005001 3.04355001
vt 0.59995002 3.04355001
vt 0.79984999 3.04355001
vt 0.79984999 2.84371996
vt 0.59995002 2.67352009
vt 0.59995002 2.74956989
vt 0.40005001 2.75416994
vt 0.20015000 2.69647002
vt 0.20015000 2.76485991
vt 0.20015000 2.76485991
vt 0.00024000 2.76462007
vt 0.00024000 2.69959998
vt 0.20015000 2.61888003
vt 0.00024000 2.61960006
vt 0.20015000 2.69647002
vt 0.40005001 2.84371996
vt 0.20015000 2.84371996
vt 0.40005001 3.04355001
vt 0.20015000 3.04355001
vt 0.40005001 3.20623994
vt 0.20015000 3.20623994
vt 0.40005001 3.04355001
vt 0.40005001 3.20623994
vt 0.59995002 3.20623994
vt 0.59995002 3.20623994
vt 0.40005001 3.33726001
vt 0.59995002 3.33726001
vt 0.40005001 3.45725989
vt 0.20015000 3.45725989
vt 0.20015000 3.33726001
vt 0.40005001 3.33726001
vt 0.20015000 3.20623994
vt 0.40005001 3.20623994
vt 0.00024000 3.33726001
vt 0.00024000 3.20623994
vt 0.20015000 3.33726001
vt 0.00024000 3.45725989
vt 0.00024000 3.33726001
vt 0.20015000 3.45725989
vt 0.00024000 3.53591990
vt 0.20015000 3.53591990
vt 0.40005001 3.53591990
vt 0.40005001 3.45725989
vt 0.20015000 3.53591990
vt 0.40005001 3.61292005
vt 0.20015000 3.61292005
vt 0.00024000 3.61292005
vt 0.00024000 3.53591990
vt 0.20015000 3.61292005
vt 0.00024000 3.65475988
vt 0.00024000 3.61292005
vt 0.20015000 3.65475988
vt 0.59995002 3.45725989
vt 0.59995002 3.53591990
vt 0.79984999 3.53591990
vt 0.79984999 3.45725989
vt 0.59995002 3.53591990
vt 0.59995002 3.61292005
vt 0.99975997 3.69948006
vt 0.99975997 3.82698011
vt 0.79984999 3.82698011
vt 0.79984999 3.69948006
vt 0.79984999 3.93223000
vt 0.79984999 3.82698011
vt 0.99975997 3.93223000
vt 0.20015000 2.56659007
vt 0.20015000 2.64296007
vt 0.00024000 2.64631009
vt 0.00024000 2.56999993
vt 0.40005001 3.43349004
vt 0.20015000 3.43349004
vt 0.20015000 3.39696002
vt 0.40005001 3.39696002
vt 0.59995002 3.39696002
vt 0.40005001 3.43349004
vt 0.59995002 3.43349004
vt 0.59995002 3.43349004
vt 0.40005001 3.46150994
vt 0.59995002 3.46150994
vt 0.40005001 3.48264003
vt 0.20015000 3.46150994
vt 0.20015000 3.48264003
vt 0.40005001 3.46150994
vt 0.40005001 3.43349004
vt 0.59995002 3.48264003
vt 0.40005001 3.50024009
vt 0.59995002 3.50024009
vt 0.59995002 3.51536989
vt 0.40005001 3.51536989
vt 0.79984999 3.51536989
vt 0.69989997 6.12836981
vt 0.40005001 3.51536989
vt 0.50000000 6.12836981
vt 0.20015000 3.50024009
vt 0.20015000 3.51536989
vt 0.00024000 3.51536989
vt 0.00024000 3.50024009
vt 0.20015000 3.51536989
vt 0.10020000 6.12836981
vt 0.40005001 3.51536989
vt 0.30010000 6.12836981
vt 0.99975997 3.51536989
vt 0.89980000 6.12836981
vt 0.59995002 3.50024009
vt 0.79984999 3.50024009
vt 0.99975997 3.50024009
vt 0.99975997 3.51536989
vt 0.79984999 3.50024009
vt 0.99975997 3.48264003
vt 0.79984999 3.48264003
vt 0.59995002 3.48264003
vt 0.79984999 3.48264003
vt 0.79984999 3.48264003
vt 0.79984999 3.46150994
vt 0.99975997 3.43349004
vt 0.99975997 3.46150994
vt 0.79984999 3.43349004
vt 0.40005001 3.48264003
vt 0.40005001 3.46150994
vt 0.59995002 3.48264003
vt 0.40005001 3.50024009
vt 0.20015000 3.50024009
vt 0.20015000 3.50024009
vt 0.00024000 3.50024009
vt 0.00024000 3.48264003
vt 0.20015000 3.48264003
vt 0.00024000 3.46150994
vt 0.83317000 3.70444989
vt 0.83317000 3.74348998
vt 0.66658998 3.74348998
vt 0.66658998 3.70444989
vt 0.50000000 3.70444989
vt 0.50000000 3.74348998
vt 0.33340999 3.70444989
vt 0.50000000 3.66277003
vt 0.50000000 3.70444989
vt 0.66658998 3.70444989
vt 0.50000000 3.66277003
vt 0.83317000 3.66277003
vt 0.83317000 3.70444989
vt 0.99975997 3.70444989
vt 0.99975997 3.66277003
vt 0.83317000 3.66277003
vt 0.83317000 3.59978008
vt 0.99975997 3.59978008
vt 0.99975997 3.74348998
vt 0.99975997 3.70444989
vt 0.99975997 3.76834011
vt 0.99975997 3.74348998
vt 0.83317000 3.76834011
vt 0.83317000 3.74348998
vt 0.66658998 3.74348998
vt 0.50000000 3.76834011
vt 0.79984999 3.61292005
vt 0.59995002 3.61292005
vt 0.59995002 3.53591990
vt 0.79984999 3.53591990
vt 0.40005001 3.18809009
vt 0.20015000 3.18809009
vt 0.20015000 2.99310994
vt 0.40005001 2.99310994
vt 0.40005001 3.32009006
vt 0.20015000 3.32009006
vt 0.40005001 3.45369005
vt 0.59995002 3.45369005
vt 0.59995002 3.53126001
vt 0.79984999 3.53126001
vt 0.79984999 3.45369005
vt 0.99975997 3.32009006
vt 0.99975997 3.45369005
vt 0.20015000 3.32009006
vt 0.40005001 3.32009006
vt 0.20015000 3.45369005
vt 0.00024000 3.32009006
vt 0.20015000 3.18809009
vt 0.00024000 3.18809009
vt 0.20015000 2.99310994
vt 0.20015000 3.18809009
vt 0.00024000 2.99310994
vt 0.99975997 3.53126001
vt 0.79984999 3.60014009
vt 0.99975997 3.60014009
vt 0.99975997 3.60014009
vt 0.79984999 3.64459991
vt 0.99975997 3.64459991
vt 0.79984999 3.64459991
vt 0.59995002 3.60014009
vt 0.59995002 3.64459991
vt 0.99975997 3.64459991
vt 0.79984999 3.68593001
vt 0.99975997 3.68593001
vt 0.59995002 3.68593001
vt 0.79984999 3.64459991
vt 0.40005001 3.68593001
vt 0.59995002 3.68593001
vt 0.79984999 3.71023989
vt 0.59995002 3.71023989
vt 0.79984999 3.68593001
vt 0.59995002 3.64459991
vt 0.79984999 3.60014009
vt 0.79984999 3.53126001
vt 0.99975997 3.45369005
vt 0.79984999 3.45369005
vt 0.99975997 3.53126001
vt 0.99975997 2.61960006
vt 0.99975997 2.69959998
vt 0.79984999 2.68282008
vt 0.99975997 4.23440981
vt 0.99975997 4.26603985
vt 0.79984999 4.26603985
vt 0.79984999 4.23440981
vt 0.20015000 1.66554999
vt 0.20015000 1.76337004
vt 0.00024000 1.76358998
vt 0.00024000 1.64921999
vt 0.66658998 3.80259991
vt 0.50000000 3.80259991
vt 0.50000000 3.77839994
vt 0.66658998 3.77839994
vt 0.33340999 3.80259991
vt 0.33340999 3.77839994
vt 0.50000000 3.80259991
vt 0.66658998 3.82434011
vt 0.66658998 3.80259991
vt 0.50000000 3.82434011
vt 0.58328998 5.97954988
vt 0.50000000 3.80259991
vt 0.33340999 3.82434011
vt 0.33340999 3.80259991
vt 0.50000000 3.82434011
vt 0.41670999 5.97954988
vt 0.16683000 3.82434011
vt 0.25012001 5.97954988
vt 0.00024000 3.82434011
vt 0.08354000 5.97954988
vt 0.33340999 3.80259991
vt 0.16683000 3.77839994
vt 0.16683000 3.80259991
vt 0.33340999 3.82434011
vt 0.16683000 3.80259991
vt 0.16683000 3.82434011
vt 0.16683000 3.82434011
vt 0.00024000 3.82434011
vt 0.00024000 3.80259991
vt 0.00024000 3.77839994
vt 0.16683000 3.74248004
vt 0.00024000 3.74248004
vt 0.83317000 3.80259991
vt 0.66658998 3.80259991
vt 0.66658998 3.77839994
vt 0.66658998 3.82434011
vt 0.83317000 3.82434011
vt 0.99975997 3.82434011
vt 0.99975997 3.80259991
vt 0.83317000 3.82434011
vt 0.74988002 5.97954988
vt 0.99975997 3.82434011
vt 0.91645998 5.97954988
vt 0.83317000 3.74248004
vt 0.83317000 3.77839994
vt 0.66658998 3.74248004
vt 0.50000000 3.74248004
vt 0.50000000 3.70507002
vt 0.66658998 3.70507002
vt 0.83317000 3.70507002
vt 0.83317000 3.74248004
vt 0.99975997 3.74248004
vt 0.83317000 3.74248004
vt 0.99975997 3.77839994
vt 0.99975997 3.74248004
vt 0.83317000 3.77839994
vt 0.83317000 3.64980006
vt 0.66658998 3.64980006
vt 0.83317000 3.70507002
vt 0.99975997 3.70507002
vt 0.99975997 3.64980006
vt 0.83317000 3.70507002
vt 0.99975997 3.64980006
vt 0.99975997 3.59016991
vt 0.25012001 3.19015002
vt 0.25012001 3.29088998
vt 0.00024000 3.29088998
vt 0.00024000 3.19015002
vt 0.79984999 4.01839018
vt 0.59995002 4.01839018
vt 0.59995002 3.93223000
vt 0.79984999 3.93223000
vt 0.99975997 2.64631009
vt 0.99975997 2.70931005
vt 0.79984999 2.69578004
vt 0.79984999 2.62384009
vt 0.20015000 3.56812000
vt 0.20015000 3.62545991
vt 0.00024000 3.62545991
vt 0.00024000 3.56812000
vt 0.25012001 3.85272002
vt 0.00024000 3.85272002
vt 0.00024000 3.73194003
vt 0.25012001 3.57943010
vt 0.50000000 3.73194003
vt 0.00024000 3.57943010
vt 0.00024000 3.38940001
vt 0.25012001 3.57943010
vt 0.25012001 3.15543008
vt 0.00024000 3.38940001
vt 0.00024000 3.15543008
vt 0.50000000 3.15543008
vt 0.25012001 2.87034988
vt 0.50000000 2.87034988
vt 0.00024000 2.87034988
vt 0.50000000 2.87034988
vt 0.25012001 2.52627993
vt 0.50000000 2.52627993
vt 0.59995002 2.95374990
vt 0.59995002 3.08860993
vt 0.40005001 3.08860993
vt 0.40005001 2.95374990
vt 0.33340999 3.51740003
vt 0.16683000 3.51740003
vt 0.16683000 3.50277996
vt 0.20015000 3.69948006
vt 0.00024000 3.69948006
vt 0.00024000 3.54621005
vt 0.20015000 3.36345005
vt 0.00024000 3.36345005
vt 0.20015000 3.14734006
vt 0.20015000 3.36345005
vt 0.00024000 3.14734006
vt 0.20015000 2.89377999
vt 0.20015000 3.14734006
vt 0.00024000 2.89377999
vt 0.00024000 3.82698011
vt 0.20015000 3.82698011
vt 0.40005001 3.82698011
vt 0.40005001 3.69948006
vt 0.00024000 3.93223000
vt 0.00024000 3.82698011
vt 0.20015000 3.93223000
vt 0.00024000 4.01839018
vt 0.00024000 3.93223000
vt 0.20015000 3.17266989
vt 0.20015000 3.26846004
vt 0.00024000 3.26846004
vt 0.00024000 3.17266989
vt 0.40005001 4.08816004
vt 0.20015000 4.08816004
vt 0.20015000 4.01839018
vt 0.40005001 4.01839018
vt 0.40005001 4.14376020
vt 0.20015000 4.08816004
vt 0.20015000 4.14376020
vt 0.59995002 4.01839018
vt 0.40005001 4.08816004
vt 0.59995002 4.08816004
vt 0.99975997 9.28431034
vt 0.74988002 9.28431034
vt 0.74988002 8.49217987
vt 0.99975997 8.49217987
vt 0.79984999 2.62384009
vt 0.59995002 2.61377001
vt 0.59995002 2.52367997
vt 0.79984999 2.54066992
vt 0.99975997 5.46142006
vt 0.74988002 4.99201012
vt 0.99975997 4.99201012
vt 0.74988002 4.54707003
vt 0.99975997 4.54707003
vt 0.99975997 6.05739021
vt 0.74988002 6.05739021
vt 0.74988002 5.46142006
vt 0.99975997 5.46142006
vt 0.66658998 2.98090005
vt 0.50000000 2.98090005
vt 0.50000000 2.76640010
vt 0.66658998 2.76640010
vt 0.99975997 3.08860993
vt 0.99975997 3.21421003
vt 0.79984999 3.21421003
vt 0.79984999 3.08860993
vt 0.99975997 3.21421003
vt 0.79984999 3.29738998
vt 0.99975997 3.29738998
vt 0.99975997 3.29738998
vt 0.79984999 3.37997007
vt 0.99975997 3.37997007
vt 0.79984999 3.43204999
vt 0.99975997 3.43204999
vt 0.50000000 3.17198992
vt 0.50000000 3.28249002
vt 0.33340999 3.28249002
vt 0.59995002 2.92126012
vt 0.59995002 2.82697010
vt 0.79984999 2.83060002
vt 0.79984999 2.83060002
vt 0.59995002 2.74885988
vt 0.79984999 2.75746989
vt 0.99975997 2.84212995
vt 0.79984999 2.92126012
vt 0.99975997 2.92126012
vt 0.99975997 2.77698994
vt 0.99975997 2.84212995
vt 0.79984999 2.75746989
vt 0.99975997 2.69431996
vt 0.79984999 2.75746989
vt 0.79984999 2.66616011
vt 0.59995002 2.74885988
vt 0.40005001 2.75000000
vt 0.59995002 2.65499997
vt 0.40005001 2.64264011
vt 0.79984999 2.66616011
vt 0.79984999 3.93223000
vt 0.59995002 3.82698011
vt 0.79984999 3.82698011
vt 0.79984999 4.14376020
vt 0.59995002 4.14376020
vt 0.59995002 4.08816004
vt 0.79984999 4.08816004
vt 0.79984999 4.08816004
vt 0.59995002 4.01839018
vt 0.79984999 4.01839018
vt 0.99975997 4.01839018
vt 0.99975997 4.08816004
vt 0.79984999 4.08816004
vt 0.99975997 4.14376020
vt 0.59995002 4.08816004
vt 0.40005001 4.14376020
vt 0.40005001 4.08816004
vt 0.66658998 4.11625004
vt 0.50000000 4.04768991
vt 0.83317000 4.04768991
vt 0.66658998 4.11625004
vt 0.83317000 4.11625004
vt 0.66658998 4.16816998
vt 0.83317000 4.16816998
vt 0.99975997 4.16816998
vt 0.99975997 4.11625004
vt 0.66658998 4.16816998
vt 0.50000000 4.11625004
vt 0.50000000 4.16816998
vt 0.40005001 2.14797997
vt 0.20015000 2.15395999
vt 0.20015000 2.05632997
vt 0.40005001 2.04104996
vt 0.20015000 1.96629000
vt 0.00024000 2.06473994
vt 0.00024000 1.97889996
vt 0.40005001 1.94035006
vt 0.20015000 2.05632997
vt 0.59995002 2.25586009
vt 0.79984999 2.15296006
vt 0.79984999 2.59826994
vt 0.59995002 2.59826994
vt 0.20015000 2.15395999
vt 0.20015000 2.25586009
vt 0.40005001 2.59826994
vt 0.20015000 2.59826994
vt 0.40005001 2.25586009
vt 0.00024000 2.59826994
vt 0.00024000 2.25586009
vt 0.20015000 2.59826994
vt 0.20015000 2.15395999
vt 0.00024000 2.25586009
vt 0.00024000 2.15674996
vt 0.20015000 2.05632997
vt 0.00024000 2.06473994
vt 0.50000000 3.41202998
vt 0.50000000 3.27416992
vt 0.66658998 3.27416992
vt 0.50000000 3.08033991
vt 0.66658998 3.08033991
vt 0.66658998 3.50535011
vt 0.66658998 3.41202998
vt 0.33340999 3.41202998
vt 0.33340999 3.50535011
vt 0.16683000 3.41202998
vt 0.16683000 3.50535011
vt 0.00024000 3.59978008
vt 0.00024000 3.50535011
vt 0.16683000 3.41202998
vt 0.00024000 3.50535011
vt 0.00024000 3.41202998
vt 0.16683000 3.41202998
vt 0.00024000 3.27416992
vt 0.33340999 3.41202998
vt 0.33340999 3.27416992
vt 0.16683000 3.41202998
vt 0.50000000 3.27416992
vt 0.99975997 3.93223000
vt 0.99975997 4.01839018
vt 0.79984999 4.01839018
vt 0.79984999 3.93223000
vt 0.20015000 2.95374990
vt 0.20015000 3.08860993
vt 0.00024000 3.08860993
vt 0.00024000 2.95374990
vt 0.99975997 4.02629995
vt 0.99975997 4.10549021
vt 0.79984999 4.10549021
vt 0.79984999 4.02629995
vt 0.99975997 3.94314003
vt 0.79984999 3.94314003
vt 0.99975997 3.82848001
vt 0.79984999 3.94314003
vt 0.79984999 3.82848001
vt 0.99975997 3.70456004
vt 0.99975997 3.82848001
vt 0.79984999 3.70456004
vt 0.59995002 3.70456004
vt 0.59995002 3.55701995
vt 0.79984999 3.55701995
vt 0.59995002 3.34452009
vt 0.79984999 3.34452009
vt 0.99975997 3.34452009
vt 0.99975997 3.55701995
vt 0.99975997 3.55701995
vt 0.79984999 3.70456004
vt 0.99975997 3.70456004
vt 0.59995002 3.13239002
vt 0.40005001 3.13239002
vt 0.79984999 3.34452009
vt 0.99975997 3.13239002
vt 0.99975997 3.34452009
vt 0.79984999 3.13239002
vt 0.99975997 2.85043001
vt 0.99975997 3.13239002
vt 0.79984999 2.85043001
vt 0.99975997 2.55931997
vt 0.79984999 2.55931997
vt 0.99975997 2.22417998
vt 0.99975997 2.55931997
vt 0.99975997 3.39696002
vt 0.99975997 3.43349004
vt 0.79984999 3.43349004
vt 0.79984999 3.39696002
vt 0.79984999 3.46150994
vt 0.59995002 3.46150994
vt 0.99975997 3.46150994
vt 0.99975997 3.48264003
vt 0.79984999 3.39696002
vt 0.59995002 3.33243990
vt 0.79984999 3.33243990
vt 0.59995002 3.33243990
vt 0.79984999 3.26846004
vt 0.99975997 3.17266989
vt 0.99975997 3.26846004
vt 0.99975997 3.07115006
vt 0.79984999 3.17266989
vt 0.99975997 2.94759011
vt 0.79984999 2.94759011
vt 0.99975997 3.07115006
vt 0.99975997 3.33243990
vt 0.99975997 3.39696002
vt 0.79984999 3.33243990
vt 0.99975997 3.26846004
vt 0.99975997 3.33243990
vt 0.79984999 3.26846004
vt 0.00024000 3.66265011
vt 0.00024000 3.61249995
vt 0.00024000 3.70165992
vt 0.00024000 3.66265011
vt 0.16683000 3.70165992
vt 0.25012001 3.50593996
vt 0.25012001 3.52927995
vt 0.00024000 3.52927995
vt 0.00024000 3.50593996
vt 0.99975997 4.11625004
vt 0.83317000 4.11625004
vt 0.99975997 4.04768991
vt 0.16683000 3.50277996
vt 0.00024000 3.50277996
vt 0.00024000 3.48618007
vt 0.16683000 3.45990992
vt 0.00024000 3.48618007
vt 0.00024000 3.45990992
vt 0.16683000 3.43342996
vt 0.00024000 3.45990992
vt 0.99975997 3.66265011
vt 0.83317000 3.66265011
vt 0.83317000 3.61249995
vt 0.99975997 3.61249995
vt 0.66658998 3.66265011
vt 0.83317000 3.66265011
vt 0.83317000 3.52555990
vt 0.66658998 3.61249995
vt 0.66658998 3.52555990
vt 0.83317000 3.44028997
vt 0.99975997 3.61249995
vt 0.99975997 3.52555990
vt 0.99975997 3.65475988
vt 0.99975997 3.68568993
vt 0.99975997 3.61292005
vt 0.79984999 3.61292005
vt 0.99975997 3.68568993
vt 0.79984999 3.71053004
vt 0.99975997 3.71053004
vt 0.99975997 4.15740013
vt 0.99975997 4.19880009
vt 0.79984999 4.19880009
vt 0.79984999 4.15740013
vt 0.99975997 4.10549021
vt 0.79984999 4.10549021
vt 0.20015000 4.15740013
vt 0.20015000 4.19880009
vt 0.00024000 4.19880009
vt 0.00024000 4.15740013
vt 0.00024000 4.23440981
vt 0.20015000 4.23440981
vt 0.00024000 4.26603985
vt 0.20015000 4.26603985
vt 0.10020000 6.11312008
vt 0.40005001 4.19880009
vt 0.20015000 4.15740013
vt 0.40005001 4.15740013
vt 0.40005001 4.15740013
vt 0.20015000 4.10549021
vt 0.40005001 4.10549021
vt 0.59995002 4.10549021
vt 0.59995002 4.15740013
vt 0.59995002 4.15740013
vt 0.40005001 4.19880009
vt 0.59995002 4.19880009
vt 0.59995002 4.19880009
vt 0.40005001 4.23440981
vt 0.20015000 4.19880009
vt 0.20015000 4.23440981
vt 0.59995002 4.23440981
vt 0.40005001 4.26603985
vt 0.59995002 4.26603985
vt 0.20015000 4.26603985
vt 0.30010000 6.11312008
vt 0.40005001 4.26603985
vt 0.20015000 4.26603985
vt 0.59995002 4.26603985
vt 0.50000000 6.11312008
vt 0.79984999 4.26603985
vt 0.79984999 4.23440981
vt 0.99975997 4.26603985
vt 0.89980000 6.11312008
vt 0.59995002 4.23440981
vt 0.79984999 4.19880009
vt 0.59995002 4.15740013
vt 0.79984999 4.15740013
vt 0.79984999 4.15740013
vt 0.59995002 4.10549021
vt 0.79984999 4.10549021
vt 0.79984999 3.94314003
vt 0.59995002 3.82848001
vt 0.79984999 3.82848001
vt 0.59995002 3.70456004
vt 0.79984999 3.70456004
vt 0.50000000 3.19015002
vt 0.25012001 3.19015002
vt 0.25012001 3.06210995
vt 0.50000000 3.06210995
vt 0.40005001 3.29738998
vt 0.20015000 3.29738998
vt 0.20015000 3.21421003
vt 0.40005001 3.21421003
vt 0.66658998 3.50277996
vt 0.50000000 3.48618007
vt 0.66658998 3.48618007
vt 0.93729001 1.40152001
vt 0.99975997 1.12607002
vt 0.99975997 3.27416992
vt 0.83317000 3.27416992
vt 0.83317000 3.08033991
vt 0.99975997 3.08033991
vt 0.99975997 3.80259991
vt 0.83317000 3.77839994
vt 0.99975997 3.77839994
vt 0.16683000 2.21963000
vt 0.16683000 2.28748989
vt 0.00024000 2.28188992
vt 0.00024000 2.20250010
vt 0.37505999 4.05040979
vt 0.25012001 3.66037989
vt 0.16683000 2.91901994
vt 0.16683000 3.06806993
vt 0.00024000 3.06806993
vt 0.00024000 2.91901994
vt 0.99975997 2.79856992
vt 0.99975997 2.94759011
vt 0.79984999 2.79856992
vt 0.50000000 7.15036011
vt 0.25012001 6.58971024
vt 0.50000000 6.58971024
vt 0.79984999 3.08860993
vt 0.59995002 3.08860993
vt 0.59995002 2.95374990
vt 0.79984999 2.95374990
vt 0.79984999 3.73147988
vt 0.59995002 3.73147988
vt 0.79984999 3.71053004
vt 0.59995002 3.73147988
vt 0.69989997 6.33464003
vt 0.40005001 3.73147988
vt 0.50000000 6.33464003
vt 0.40005001 3.73147988
vt 0.40005001 3.71053004
vt 0.59995002 3.73147988
vt 0.50000000 3.70507002
vt 0.50000000 3.74248004
vt 0.33340999 3.74248004
vt 0.16683000 3.70507002
vt 0.16683000 3.74248004
vt 0.33340999 3.77839994
vt 0.16683000 3.77839994
vt 0.50000000 3.74248004
vt 0.33340999 3.74248004
vt 0.50000000 3.77839994
vt 0.66658998 3.77839994
vt 0.66658998 3.74248004
vt 0.16683000 3.74248004
vt 0.00024000 3.70507002
vt 0.16683000 3.64980006
vt 0.00024000 3.70507002
vt 0.00024000 3.64980006
vt 0.99975997 3.19015002
vt 0.74988002 3.19015002
vt 0.74988002 3.06210995
vt 0.99975997 3.06210995
vt 0.40005001 3.23023009
vt 0.20015000 3.12515998
vt 0.40005001 3.12515998
vt 0.25012001 3.85272002
vt 0.25012001 3.94692993
vt 0.00024000 3.94692993
vt 0.83317000 4.16816998
vt 0.66658998 4.21868992
vt 0.66658998 4.16816998
vt 0.16683000 4.16816998
vt 0.00024000 4.21868992
vt 0.00024000 4.16816998
vt 0.20015000 2.64126992
vt 0.00024000 2.64327002
vt 0.00024000 2.52842999
vt 0.25012001 1.93178999
vt 0.25012001 2.06617999
vt 0.00024000 2.09307003
vt 0.00024000 1.97171998
vt 0.50000000 3.75663996
vt 0.50000000 3.77855992
vt 0.33340999 3.77855992
vt 0.33340999 3.75663996
vt 0.50000000 3.75663996
vt 0.33340999 2.26095009
vt 0.16683000 2.28748989
vt 0.16683000 2.21963000
vt 0.33340999 2.15837002
vt 0.20015000 2.91926003
vt 0.00024000 2.99331999
vt 0.00024000 2.91076994
vt 0.40005001 2.99331999
vt 0.40005001 2.93184996
vt 0.20015000 2.99331999
vt 0.20015000 3.12515998
vt 0.00024000 3.12515998
vt 0.00024000 2.99331999
vt 0.74988002 8.49217987
vt 0.74988002 9.28431034
vt 0.50000000 9.28431034
vt 0.50000000 8.49217987
vt 0.79984999 3.21421003
vt 0.59995002 3.08860993
vt 0.79984999 3.08860993
vt 0.40005001 2.61668992
vt 0.20015000 2.64296007
vt 0.20015000 2.56659007
vt 0.40005001 2.51206994
vt 0.74988002 3.06210995
vt 0.74988002 3.19015002
vt 0.50000000 3.19015002
vt 0.50000000 3.06210995
vt 0.20015000 2.79856992
vt 0.20015000 2.94759011
vt 0.00024000 2.94759011
vt 0.00024000 2.79856992
vt 0.20015000 2.71267009
vt 0.00024000 2.79856992
vt 0.00024000 2.72248006
vt 0.40005001 2.79856992
vt 0.20015000 2.71267009
vt 0.25012001 3.36901999
vt 0.25012001 3.42861009
vt 0.00024000 3.42861009
vt 0.00024000 3.36901999
vt 0.50000000 9.28431034
vt 0.25012001 9.28431034
vt 0.25012001 8.49217987
vt 0.50000000 8.49217987
vt 0.16683000 2.91000009
vt 0.16683000 2.66963005
vt 0.33340999 2.66963005
vt 0.25012001 3.06210995
vt 0.25012001 3.19015002
vt 0.00024000 3.19015002
vt 0.00024000 3.06210995
vt 0.20015000 2.84371996
vt 0.00024000 2.84371996
vt 0.00024000 2.76462007
vt 0.59995002 2.52367997
vt 0.59995002 2.61377001
vt 0.40005001 2.61668992
vt 0.40005001 2.51206994
vt 0.16683000 2.44005990
vt 0.16683000 2.51044011
vt 0.00024000 2.51348996
vt 0.00024000 2.43399000
vt 0.20015000 3.43349004
vt 0.00024000 3.43349004
vt 0.00024000 3.39696002
vt 0.20015000 2.84371996
vt 0.20015000 3.04355001
vt 0.00024000 3.04355001
vt 0.00024000 2.84371996
vt 0.20015000 3.04355001
vt 0.20015000 3.20623994
vt 0.00024000 3.20623994
vt 0.00024000 3.04355001
vt 0.99975997 4.19880009
vt 0.99975997 4.23440981
vt 0.79984999 4.23440981
vt 0.79984999 4.19880009
vt 0.40005001 3.51640010
vt 0.20015000 3.51640010
vt 0.40005001 3.53084993
vt 0.59995002 3.53084993
vt 0.59995002 3.51640010
vt 0.79984999 3.53084993
vt 0.69989997 6.35703993
vt 0.40005001 3.53084993
vt 0.50000000 6.35703993
vt 0.50000000 4.16816998
vt 0.33340999 4.21868992
vt 0.33340999 4.16816998
vt 0.16683000 4.21868992
vt 0.16683000 4.16816998
vt 0.33340999 4.16816998
vt 0.16683000 3.61249995
vt 0.00024000 3.61249995
vt 0.00024000 3.52555990
vt 0.99975997 2.56999993
vt 0.99975997 2.64631009
vt 0.79984999 2.62384009
vt 0.79984999 2.54066992
vt 0.99975997 3.68593001
vt 0.99975997 3.71023989
vt 0.79984999 3.71023989
vt 0.79984999 3.68593001
vt 0.59995002 3.07115006
vt 0.59995002 3.17266989
vt 0.40005001 3.07115006
vt 0.20015000 2.71080995
vt 0.00024000 2.70931005
vt 0.00024000 2.64631009
vt 0.16683000 3.50277996
vt 0.16683000 3.51740003
vt 0.00024000 3.51740003
vt 0.00024000 3.50277996
vt 0.33340999 3.50277996
vt 0.16683000 3.48618007
vt 0.00024000 3.51740003
vt 0.08354000 5.98720980
vt 0.59995002 4.26603985
vt 0.79984999 4.26603985
vt 0.69989997 6.11312008
vt 0.99975997 2.09307003
vt 0.74988002 2.08014011
vt 0.74988002 1.95460999
vt 0.99975997 1.97171998
vt 0.79984999 1.75630999
vt 0.59995002 1.75235999
vt 0.59995002 1.65240002
vt 0.79984999 1.64962006
vt 0.00024000 4.09201002
vt 0.33340999 4.09201002
vt 0.33340999 4.09201002
vt 0.33340999 4.12514019
vt 0.00024000 4.12514019
vt 0.33340999 4.12514019
vt 0.16683000 6.44963980
vt 0.83317000 2.45928001
vt 0.83317000 2.52592993
vt 0.83317000 2.37752008
vt 0.66658998 2.42852998
vt 0.99975997 2.59735990
vt 0.99975997 2.51348996
vt 0.83317000 2.59735990
vt 0.99975997 2.51348996
vt 0.99975997 2.43399000
vt 0.83317000 2.52592993
vt 0.99975997 2.43399000
vt 0.83317000 2.37752008
vt 0.99975997 2.32807994
vt 0.00024000 4.15460014
vt 0.25012001 4.15460014
vt 0.12518001 6.29043007
vt 0.50000000 4.15460014
vt 0.37505999 6.29043007
vt 0.74988002 4.13592005
vt 0.99975997 4.13592005
vt 0.87481999 6.35704994
vt 0.59995002 3.68593001
vt 0.59995002 3.71023989
vt 0.40005001 3.71023989
vt 0.40005001 3.68593001
vt 0.50000000 3.58260012
vt 0.66658998 3.58260012
vt 0.58328998 5.96729994
vt 0.66658998 3.58260012
vt 0.50000000 3.56905007
vt 0.83317000 3.58260012
vt 0.74988002 5.96729994
vt 0.83317000 3.58260012
vt 0.99975997 3.58260012
vt 0.91645998 5.96729994
vt 0.83317000 2.43610001
vt 0.99975997 2.38385010
vt 0.83317000 2.52061009
vt 0.59995002 4.14376020
vt 0.40005001 4.18722010
vt 0.40005001 4.14376020
vt 0.59995002 4.18722010
vt 0.79984999 4.14376020
vt 0.16683000 3.51740003
vt 0.33340999 3.51740003
vt 0.25012001 5.98720980
vt 0.50000000 3.51740003
vt 0.41670999 5.98720980
vt 0.50000000 3.51740003
vt 0.66658998 3.51740003
vt 0.58328998 5.98720980
vt 0.16683000 3.19448996
vt 0.16683000 3.27788997
vt 0.00024000 3.27788997
vt 0.00024000 3.19448996
vt 0.50000000 4.21868992
vt 0.50000000 4.16816998
vt 0.66658998 4.16816998
vt 0.25012001 1.65041006
vt 0.18765000 1.40152001
vt 0.99975997 1.64921999
vt 0.79984999 1.64962006
vt 0.99975997 2.83170009
vt 0.99975997 2.91076994
vt 0.79984999 2.85402989
vt 0.79984999 2.76796007
vt 0.33340999 3.77855992
vt 0.16683000 3.77855992
vt 0.33340999 3.75663996
vt 0.00024000 3.77855992
vt 0.08354000 6.11122990
vt 0.83317000 3.77855992
vt 0.99975997 3.77855992
vt 0.91645998 6.11122990
vt 0.00024000 2.72248006
vt 0.00024000 2.64327002
vt 0.20015000 2.71267009
vt 0.99975997 2.45637989
vt 0.83317000 2.35823011
vt 0.99975997 2.38088012
vt 0.99975997 3.53256989
vt 0.83317000 3.53256989
vt 0.83317000 3.49649000
vt 0.99975997 3.49649000
vt 0.99975997 3.49649000
vt 0.83317000 3.46070004
vt 0.99975997 3.46070004
vt 0.25012001 8.49217987
vt 0.25012001 9.28431034
vt 0.00024000 9.28431034
vt 0.00024000 8.49217987
vt 0.20015000 3.43349004
vt 0.20015000 3.46150994
vt 0.00024000 3.46150994
vt 0.00024000 3.43349004
vt 0.00024000 3.74403000
vt 0.00024000 3.72357011
vt 0.20015000 3.74403000
vt 0.99975997 3.73147988
vt 0.89980000 6.33464003
vt 0.79984999 3.73147988
vt 0.79984999 3.71053004
vt 0.20015000 3.64459991
vt 0.20015000 3.68593001
vt 0.00024000 3.68593001
vt 0.00024000 3.64459991
vt 0.00024000 3.56197000
vt 0.00024000 3.54720998
vt 0.25012001 3.56197000
vt 0.50000000 3.56197000
vt 0.50000000 3.54720998
vt 0.00024000 3.56197000
vt 0.25012001 3.56197000
vt 0.12518001 6.46109009
vt 0.25012001 3.56197000
vt 0.50000000 3.56197000
vt 0.37505999 6.46109009
vt 0.40005001 3.66813993
vt 0.20015000 3.66813993
vt 0.20015000 3.62545991
vt 0.40005001 3.62545991
vt 0.83317000 4.21868992
vt 0.83317000 4.16816998
vt 0.99975997 4.16816998
vt 0.00024000 3.52746010
vt 0.00024000 3.51284003
vt 0.20015000 3.52746010
vt 0.40005001 3.08860993
vt 0.20015000 3.08860993
vt 0.20015000 2.95374990
vt 0.40005001 2.95374990
vt 0.00024000 3.73147988
vt 0.20015000 3.73147988
vt 0.10020000 6.33464003
vt 0.16683000 2.35795999
vt 0.16683000 2.44005990
vt 0.00024000 2.43399000
vt 0.00024000 2.32807994
vt 0.99975997 2.72580004
vt 0.99975997 2.83170009
vt 0.79984999 2.76796007
vt 0.59995002 3.34452009
vt 0.59995002 3.55701995
vt 0.40005001 3.55701995
vt 0.40005001 3.34452009
vt 0.99975997 3.38139009
vt 0.99975997 3.60162997
vt 0.66658998 3.38139009
vt 0.00024000 3.53084993
vt 0.20015000 3.53084993
vt 0.10020000 6.35703993
f 1/1 2/2 3/3
f 1/1 3/3 4/4
f 1/1 4/4 5/5
f 5/5 4/4 6/6
f 4/4 3/3 7/7
f 4/4 7/7 8/8
f 9/9 3/3 10/10
f 11/11 12/12 7/7
f 11/11 7/7 13/13
f 14/14 11/11 15/15
f 16/16 17/17 13/13
f 18/18 13/13 19/19
f 13/13 18/18 20/20
f 21/21 22/22 13/13
f 21/21 13/13 23/23
f 24/24 25/25 7/7
f 25/25 24/24 26/26
f 7/7 25/25 27/27
f 27/27 25/25 28/28
f 28/28 25/25 29/29
f 28/28 29/29 30/30
f 30/30 29/29 31/31
f 30/30 31/31 32/32
f 33/33 34/34 32/32
f 32/32 34/34 35/35
f 32/32 35/35 36/36
f 36/36 35/35 37/37
f 38/38 39/39 37/37
f 38/38 37/37 40/40
f 41/41 40/40 27/27
f 27/27 40/40 42/42
f 27/27 42/42 4/4
f 4/4 42/42 43/43
f 4/4 43/43 44/44
f 44/44 43/43 45/45
f 45/45 43/43 46/46
f 46/46 43/43 47/47
f 47/47 43/43 48/48
f 43/43 42/42 49/49
f 43/43 49/49 50/50
f 50/50 49/49 51/51
f 51/51 49/49 52/52
f 52/52 49/49 53/53
f 53/53 49/49 54/54
f 54/54 49/49 55/55
f 55/55 49/49 56/56
f 56/56 49/49 57/57
f 56/56 57/57 58/58
f 57/57 49/49 59/59
f 59/59 49/49 60/60
f 60/60 49/49 42/42
f 60/60 42/42 61/61
f 60/60 61/61 62/62
f 63/63 64/64 61/61
f 64/64 63/63 65/65
f 66/66 62/62 65/65
f 62/62 66/66 67/67
f 62/62 67/67 68/68
f 68/68 67/67 69/69
f 69/69 67/67 70/70
f 70/70 67/67 71/71
f 72/72 73/73 67/67
f 73/73 72/72 74/74
f 73/73 74/74 75/75
f 73/73 75/75 76/76
f 73/73 76/76 70/70
f 70/70 76/76 77/77
f 78/78 79/79 77/77
f 78/78 77/77 80/80
f 80/80 77/77 81/81
f 81/81 77/77 82/82
f 82/82 77/77 83/83
f 82/82 83/83 84/84
f 85/85 86/86 84/84
f 85/85 84/84 87/87
f 88/88 89/89 87/87
f 88/88 87/87 90/90
f 88/88 90/90 91/91
f 91/91 90/90 92/92
f 93/93 94/94 92/92
f 93/93 92/92 95/95
f 96/96 97/97 95/95
f 96/96 95/95 98/98
f 96/96 98/98 99/99
f 99/99 98/98 100/100
f 100/100 98/98 101/101
f 101/101 98/98 102/102
f 98/98 95/95 103/103
f 103/103 95/95 104/104
f 103/103 104/104 105/105
f 98/98 103/103 106/106
f 106/106 103/103 107/107
f 107/107 103/103 108/108
f 106/106 107/107 109/109
f 109/109 107/107 110/110
f 108/108 104/104 90/90
f 108/108 90/90 111/111
f 111/111 90/90 87/87
f 111/111 87/87 112/112
f 113/113 75/75 87/87
f 75/75 113/113 114/114
f 115/115 82/82 113/113
f 82/82 115/115 116/116
f 117/117 118/118 116/116
f 117/117 116/116 119/119
f 120/120 121/121 119/119
f 119/119 121/121 122/122
f 119/119 122/122 123/123
f 119/119 123/123 124/124
f 125/125 126/126 123/123
f 127/127 128/128 126/126
f 126/126 128/128 80/80
f 80/80 128/128 129/129
f 130/130 131/131 129/129
f 132/132 80/80 130/130
f 80/80 132/132 133/133
f 134/134 131/131 133/133
f 134/134 133/133 135/135
f 136/136 134/134 137/137
f 138/138 134/134 57/57
f 134/134 138/138 70/70
f 139/139 134/134 140/140
f 134/134 139/139 141/141
f 134/134 141/141 142/142
f 134/134 142/142 143/143
f 134/134 143/143 144/144
f 145/145 143/143 58/58
f 146/146 147/147 148/148
f 149/149 150/150 148/148
f 148/148 150/150 151/151
f 148/148 151/151 152/152
f 153/153 154/154 151/151
f 155/155 148/148 154/154
f 148/148 155/155 156/156
f 155/155 154/154 157/157
f 155/155 157/157 158/158
f 158/158 157/157 159/159
f 158/158 159/159 160/160
f 158/158 160/160 161/161
f 162/162 163/163 160/160
f 163/163 162/162 164/164
f 165/165 163/163 161/161
f 161/161 163/163 166/166
f 167/167 166/166 168/168
f 167/167 168/168 169/169
f 167/167 169/169 170/170
f 171/171 169/169 162/162
f 171/171 162/162 172/172
f 169/169 171/171 173/173
f 169/169 173/173 174/174
f 175/175 167/167 174/174
f 175/175 174/174 176/176
f 177/177 174/174 178/178
f 174/174 177/177 179/179
f 179/179 177/177 180/180
f 179/179 180/180 181/181
f 179/179 181/181 182/182
f 179/179 182/182 175/175
f 175/175 182/182 183/183
f 183/183 182/182 184/184
f 184/184 182/182 185/185
f 185/185 182/182 181/181
f 185/185 181/181 186/186
f 186/186 181/181 180/180
f 186/186 180/180 187/187
f 186/186 187/187 188/188
f 188/188 187/187 189/189
f 187/187 180/180 190/190
f 190/190 180/180 177/177
f 190/190 177/177 191/191
f 191/191 177/177 173/173
f 190/190 191/191 192/192
f 192/192 191/191 193/193
f 193/193 191/191 194/194
f 193/193 194/194 195/195
f 194/194 191/191 196/196
f 194/194 196/196 171/171
f 194/194 171/171 197/197
f 197/197 171/171 198/198
f 199/199 194/194 200/200
f 199/199 200/200 201/201
f 202/202 200/200 203/203
f 200/200 202/202 204/204
f 204/204 202/202 205/205
f 202/202 203/203 206/206
f 202/202 206/206 207/207
f 202/202 207/207 208/208
f 208/208 207/207 209/209
f 207/207 206/206 210/210
f 210/210 206/206 211/211
f 211/211 206/206 212/212
f 212/212 206/206 172/172
f 212/212 172/172 213/213
f 212/212 213/213 165/165
f 212/212 165/165 159/159
f 212/212 159/159 211/211
f 211/211 159/159 214/214
f 214/214 159/159 157/157
f 214/214 157/157 215/215
f 214/214 215/215 216/216
f 215/215 157/157 217/217
f 218/218 157/157 219/219
f 219/219 157/157 220/220
f 220/220 157/157 221/221
f 222/222 223/223 221/221
f 224/224 157/157 225/225
f 157/157 224/224 226/226
f 227/227 228/228 226/226
f 229/229 230/230 214/214
f 214/214 230/230 231/231
f 231/231 230/230 232/232
f 233/233 231/231 234/234
f 231/231 233/233 235/235
f 231/231 235/235 236/236
f 237/237 238/238 211/211
f 237/237 211/211 239/239
f 239/239 211/211 240/240
f 241/241 210/210 237/237
f 210/210 241/241 242/242
f 210/210 242/242 243/243
f 243/243 242/242 244/244
f 245/245 243/243 246/246
f 247/247 243/243 248/248
f 243/243 247/247 249/249
f 243/243 249/249 209/209
f 209/209 249/249 250/250
f 209/209 250/250 251/251
f 252/252 253/253 254/254
f 252/252 254/254 255/255
f 256/256 254/254 257/257
f 256/256 257/257 258/258
f 259/259 260/260 252/252
f 260/260 259/259 261/261
f 261/261 259/259 262/262
f 261/261 262/262 263/263
f 261/261 263/263 264/264
f 261/261 264/264 265/265
f 261/261 265/265 260/260
f 260/260 265/265 266/266
f 267/267 260/260 268/268
f 267/267 268/268 269/269
f 270/270 267/267 271/271
f 270/270 271/271 272/272
f 273/273 274/274 268/268
f 274/274 273/273 275/275
f 276/276 277/277 273/273
f 277/277 276/276 278/278
f 278/278 276/276 279/279
f 278/278 279/279 280/280
f 281/281 282/282 280/280
f 280/280 282/282 283/283
f 284/284 285/285 283/283
f 285/285 284/284 286/286
f 287/287 288/288 286/286
f 287/287 286/286 289/289
f 287/287 289/289 290/290
f 290/290 289/289 291/291
f 290/290 291/291 292/292
f 292/292 291/291 293/293
f 294/294 293/293 295/295
f 294/294 295/295 296/296
f 297/297 298/298 296/296
f 297/297 296/296 299/299
f 300/300 299/299 284/284
f 299/299 300/300 301/301
f 302/302 282/282 299/299
f 302/302 299/299 303/303
f 303/303 299/299 304/304
f 303/303 304/304 305/305
f 306/306 302/302 307/307
f 306/306 307/307 308/308
f 309/309 306/306 310/310
f 306/306 309/309 311/311
f 311/311 309/309 312/312
f 309/309 310/310 313/313
f 309/309 313/313 314/314
f 309/309 314/314 315/315
f 314/314 313/313 316/316
f 315/315 314/314 317/317
f 312/312 317/317 278/278
f 318/318 319/319 317/317
f 319/319 318/318 316/316
f 319/319 316/316 320/320
f 317/317 319/319 321/321
f 321/321 319/319 322/322
f 317/317 321/321 277/277
f 317/317 277/277 323/323
f 324/324 325/325 323/323
f 324/324 323/323 326/326
f 321/321 322/322 327/327
f 328/328 329/329 321/321
f 328/328 321/321 330/330
f 331/331 332/332 330/330
f 330/330 332/332 333/333
f 334/334 327/327 333/333
f 327/327 334/334 335/335
f 334/334 333/333 336/336
f 334/334 336/336 337/337
f 337/337 336/336 338/338
f 334/334 337/337 339/339
f 334/334 339/339 328/328
f 340/340 341/341 332/332
f 340/340 332/332 342/342
f 343/343 342/342 320/320
f 320/320 342/342 344/344
f 345/345 346/346 347/347
f 348/348 166/166 167/167
f 348/348 167/167 349/349
f 348/348 349/349 183/183
f 166/166 348/348 350/350
f 166/166 350/350 351/351
f 166/166 351/351 352/352
f 352/352 351/351 353/353
f 352/352 353/353 354/354
f 354/354 353/353 155/155
f 353/353 26/26 156/156
f 353/353 156/156 355/355
f 353/353 351/351 356/356
f 356/356 351/351 357/357
f 357/357 351/351 350/350
f 356/356 357/357 358/358
f 356/356 358/358 25/25
f 358/358 357/357 31/31
f 31/31 357/357 359/359
f 357/357 350/350 360/360
f 361/361 31/31 360/360
f 31/31 361/361 362/362
f 362/362 361/361 363/363
f 363/363 361/361 364/364
f 363/363 364/364 365/365
f 366/366 367/367 363/363
f 363/363 367/367 368/368
f 369/369 367/367 365/365
f 370/370 371/371 367/367
f 372/372 373/373 364/364
f 373/373 372/372 369/369
f 369/369 372/372 374/374
f 369/369 374/374 375/375
f 376/376 377/377 369/369
f 369/369 377/377 102/102
f 369/369 102/102 378/378
f 378/378 102/102 109/109
f 378/378 109/109 379/379
f 378/378 379/379 380/380
f 380/380 379/379 368/368
f 368/368 379/379 381/381
f 368/368 381/381 382/382
f 383/383 65/65 382/382
f 382/382 65/65 384/384
f 379/379 109/109 385/385
f 379/379 385/385 386/386
f 386/386 385/385 387/387
f 388/388 381/381 387/387
f 388/388 387/387 389/389
f 390/390 387/387 74/74
f 74/74 387/387 391/391
f 392/392 385/385 391/391
f 391/391 385/385 107/107
f 391/391 107/107 393/393
f 391/391 393/393 111/111
f 394/394 395/395 111/111
f 394/394 111/111 396/396
f 397/397 398/398 399/399
f 397/397 399/399 400/400
f 399/399 398/398 401/401
f 401/401 398/398 402/402
f 402/402 398/398 403/403
f 403/403 398/398 404/404
f 405/405 406/406 404/404
f 405/405 404/404 407/407
f 408/408 405/405 409/409
f 405/405 408/408 410/410
f 411/411 412/412 408/408
f 412/412 411/411 413/413
f 412/412 413/413 414/414
f 412/412 414/414 415/415
f 414/414 413/413 416/416
f 416/416 413/413 417/417
f 418/418 413/413 419/419
f 413/413 418/418 420/420
f 421/421 420/420 422/422
f 420/420 421/421 423/423
f 424/424 425/425 420/420
f 420/420 425/425 426/426
f 426/426 425/425 427/427
f 427/427 425/425 428/428
f 429/429 430/430 426/426
f 429/429 426/426 431/431
f 432/432 431/431 433/433
f 432/432 433/433 434/434
f 435/435 428/428 436/436
f 428/428 435/435 437/437
f 437/437 435/435 438/438
f 437/437 438/438 439/439
f 440/440 439/439 441/441
f 440/440 441/441 442/442
f 443/443 440/440 444/444
f 443/443 444/444 445/445
f 446/446 428/428 445/445
f 446/446 445/445 447/447
f 448/448 449/449 438/438
f 449/449 448/448 450/450
f 451/451 448/448 452/452
f 448/448 451/451 453/453
f 454/454 455/455 449/449
f 454/454 449/449 456/456
f 457/457 456/456 458/458
f 456/456 457/457 459/459
f 460/460 450/450 457/457
f 457/457 450/450 461/461
f 462/462 450/450 463/463
f 450/450 462/462 464/464
f 465/465 466/466 457/457
f 466/466 465/465 467/467
f 468/468 467/467 469/469
f 468/468 469/469 470/470
f 471/471 472/472 467/467
f 471/471 467/467 473/473
f 471/471 473/473 474/474
f 474/474 473/473 475/475
f 476/476 475/475 477/477
f 475/475 476/476 478/478
f 479/479 475/475 480/480
f 479/479 480/480 481/481
f 482/482 467/467 481/481
f 481/481 467/467 483/483
f 484/484 478/478 485/485
f 478/478 484/484 486/486
f 487/487 478/478 488/488
f 487/487 488/488 489/489
f 490/490 491/491 489/489
f 491/491 490/490 492/492
f 493/493 494/494 491/491
f 491/491 494/494 495/495
f 496/496 497/497 495/495
f 496/496 495/495 498/498
f 499/499 498/498 500/500
f 498/498 499/499 501/501
f 502/502 501/501 503/503
f 501/501 502/502 504/504
f 505/505 501/501 506/506
f 505/505 506/506 507/507
f 508/508 506/506 509/509
f 508/508 509/509 510/510
f 511/511 509/509 512/512
f 511/511 512/512 513/513
f 514/514 515/515 512/512
f 515/515 514/514 516/516
f 517/517 513/513 518/518
f 513/513 517/517 519/519
f 520/520 521/521 522/522
f 520/520 522/522 523/523
f 524/524 520/520 525/525
f 520/520 524/524 526/526
f 527/527 520/520 528/528
f 527/527 528/528 529/529
f 530/530 531/531 529/529
f 530/530 529/529 532/532
f 530/530 532/532 533/533
f 530/530 533/533 534/534
f 535/535 530/530 536/536
f 535/535 536/536 537/537
f 538/538 534/534 536/536
f 536/536 534/534 539/539
f 540/540 541/541 539/539
f 540/540 539/539 542/542
f 543/543 542/542 544/544
f 542/542 543/543 545/545
f 546/546 536/536 545/545
f 546/546 545/545 547/547
f 548/548 545/545 549/549
f 548/548 549/549 550/550
f 551/551 552/552 542/542
f 552/552 551/551 553/553
f 554/554 555/555 553/553
f 553/553 555/555 556/556
f 557/557 558/558 556/556
f 557/557 556/556 559/559
f 560/560 552/552 559/559
f 561/561 557/557 560/560
f 561/561 560/560 562/562
f 560/560 559/559 563/563
f 564/564 565/565 559/559
f 565/565 564/564 566/566
f 565/565 566/566 567/567
f 565/565 567/567 568/568
f 567/567 566/566 569/569
f 569/569 566/566 570/570
f 571/571 566/566 572/572
f 566/566 571/571 573/573
f 574/574 575/575 573/573
f 574/574 573/573 576/576
f 577/577 578/578 576/576
f 577/577 576/576 579/579
f 580/580 576/576 581/581
f 580/580 581/581 582/582
f 583/583 584/584 571/571
f 584/584 583/583 585/585
f 586/586 587/587 584/584
f 533/533 586/586 583/583
f 533/533 583/583 588/588
f 588/588 554/554 558/558
f 588/588 558/558 589/589
f 587/587 586/586 590/590
f 591/591 590/590 592/592
f 591/591 592/592 593/593
f 594/594 523/523 593/593
f 523/523 594/594 595/595
f 596/596 590/590 523/523
f 590/590 596/596 597/597
f 598/598 596/596 526/526
f 598/598 526/526 599/599
f 599/599 526/526 600/600
f 600/600 526/526 601/601
f 602/602 603/603 598/598
f 603/603 602/602 604/604
f 605/605 597/597 603/603
f 597/597 605/605 606/606
f 607/607 590/590 606/606
f 606/606 590/590 608/608
f 609/609 610/610 606/606
f 609/609 606/606 611/611
f 612/612 611/611 605/605
f 605/605 611/611 613/613
f 614/614 615/615 605/605
f 615/615 614/614 616/616
f 617/617 614/614 608/608
f 617/617 608/608 618/618
f 619/619 617/617 599/599
f 619/619 599/599 620/620
f 620/620 599/599 621/621
f 621/621 599/599 622/622
f 623/623 624/624 619/619
f 624/624 623/623 625/625
f 626/626 627/627 620/620
f 626/626 620/620 628/628
f 629/629 630/630 626/626
f 630/630 629/629 631/631
f 630/630 631/631 632/632
f 630/630 632/632 633/633
f 634/634 635/635 632/632
f 635/635 634/634 636/636
f 632/632 635/635 637/637
f 637/637 635/635 638/638
f 639/639 640/640 635/635
f 640/640 639/639 641/641
f 642/642 641/641 643/643
f 642/642 643/643 644/644
f 644/644 643/643 645/645
f 645/645 643/643 646/646
f 644/644 645/645 647/647
f 647/647 645/645 648/648
f 647/647 648/648 649/649
f 644/644 647/647 650/650
f 644/644 650/650 637/637
f 644/644 637/637 651/651
f 652/652 637/637 653/653
f 652/652 653/653 654/654
f 654/654 653/653 604/604
f 654/654 604/604 655/655
f 656/656 657/657 604/604
f 604/604 657/657 658/658
f 659/659 660/660 658/658
f 659/659 658/658 661/661
f 662/662 657/657 661/661
f 661/661 657/657 663/663
f 663/663 657/657 664/664
f 663/663 664/664 665/665
f 666/666 664/664 653/653
f 653/653 664/664 667/667
f 668/668 669/669 663/663
f 663/663 669/669 670/670
f 671/671 670/670 672/672
f 670/670 671/671 673/673
f 674/674 661/661 675/675
f 674/674 675/675 676/676
f 677/677 674/674 678/678
f 677/677 678/678 679/679
f 680/680 611/611 679/679
f 680/680 679/679 681/681
f 682/682 683/683 684/684
f 682/682 684/684 685/685
f 682/682 685/685 686/686
f 686/686 685/685 687/687
f 688/688 689/689 687/687
f 689/689 688/688 690/690
f 688/688 687/687 691/691
f 690/690 688/688 692/692
f 692/692 688/688 693/693
f 692/692 693/693 694/694
f 694/694 693/693 695/695
f 694/694 695/695 696/696
f 694/694 696/696 697/697
f 694/694 697/697 698/698
f 699/699 700/700 694/694
f 700/700 699/699 701/701
f 702/702 690/690 700/700
f 690/690 702/702 703/703
f 703/703 702/702 704/704
f 704/704 702/702 705/705
f 706/706 702/702 698/698
f 706/706 698/698 707/707
f 707/707 698/698 708/708
f 707/707 708/708 709/709
f 710/710 708/708 711/711
f 710/710 711/711 712/712
f 712/712 711/711 713/713
f 712/712 713/713 714/714
f 715/715 716/716 713/713
f 713/713 716/716 717/717
f 713/713 717/717 718/718
f 718/718 717/717 719/719
f 718/718 719/719 720/720
f 720/720 719/719 721/721
f 720/720 721/721 722/722
f 722/722 721/721 723/723
f 721/721 719/719 724/724
f 724/724 719/719 725/725
f 725/725 719/719 717/717
f 725/725 717/717 726/726
f 727/727 717/717 716/716
f 728/728 725/725 727/727
f 725/725 728/728 729/729
f 724/724 725/725 730/730
f 724/724 730/730 731/731
f 732/732 733/733 730/730
f 733/733 732/732 734/734
f 733/733 734/734 735/735
f 733/733 735/735 736/736
f 735/735 734/734 737/737
f 737/737 734/734 738/738
f 739/739 734/734 740/740
f 734/734 739/739 741/741
f 741/741 739/739 742/742
f 741/741 742/742 743/743
f 744/744 745/745 741/741
f 744/744 741/741 746/746
f 747/747 744/744 743/743
f 747/747 743/743 748/748
f 749/749 750/750 743/743
f 749/749 743/743 751/751
f 752/752 691/691 749/749
f 691/691 752/752 753/753
f 754/754 755/755 691/691
f 755/755 754/754 756/756
f 755/755 756/756 757/757
f 755/755 757/757 758/758
f 755/755 758/758 748/748
f 748/748 758/758 759/759
f 755/755 748/748 760/760
f 760/760 748/748 761/761
f 762/762 693/693 761/761
f 762/762 761/761 751/751
f 763/763 764/764 751/751
f 763/763 751/751 739/739
f 763/763 739/739 765/765
f 765/765 739/739 766/766
f 767/767 762/762 763/763
f 767/767 763/763 768/768
f 716/716 763/763 727/727
f 711/711 767/767 716/716
f 767/767 711/711 697/697
f 769/769 770/770 771/771
f 769/769 771/771 772/772
f 773/773 771/771 774/774
f 773/773 774/774 775/775
f 774/774 771/771 776/776
f 776/776 771/771 777/777
f 778/778 776/776 770/770
f 778/778 770/770 779/779
f 780/780 781/781 778/778
f 778/778 781/781 782/782
f 781/781 780/780 783/783
f 783/783 780/780 784/784
f 784/784 780/780 785/785
f 786/786 780/780 777/777
f 786/786 777/777 787/787
f 782/782 781/781 788/788
f 788/788 781/781 789/789
f 788/788 789/789 790/790
f 791/791 789/789 792/792
f 789/789 791/791 793/793
f 789/789 793/793 794/794
f 794/794 793/793 795/795
f 794/794 795/795 796/796
f 796/796 795/795 797/797
f 798/798 799/799 796/796
f 799/799 798/798 800/800
f 801/801 800/800 802/802
f 801/801 802/802 803/803
f 803/803 802/802 804/804
f 803/803 804/804 805/805
f 806/806 793/793 805/805
f 805/805 793/793 807/807
f 807/807 793/793 808/808
f 807/807 808/808 809/809
f 810/810 811/811 796/796
f 810/810 796/796 812/812
f 813/813 812/812 814/814
f 812/812 813/813 815/815
f 815/815 813/813 816/816
f 815/815 816/816 817/817
f 815/815 817/817 818/818
f 815/815 818/818 819/819
f 820/820 821/821 818/818
f 821/821 820/820 822/822
f 823/823 824/824 820/820
f 823/823 820/820 825/825
f 826/826 823/823 816/816
f 823/823 826/826 827/827
f 828/828 829/829 827/827
f 828/828 827/827 830/830
f 831/831 823/823 828/828
f 831/831 828/828 832/832
f 833/833 821/821 831/831
f 833/833 831/831 834/834
f 835/835 833/833 832/832
f 835/835 832/832 836/836
f 837/837 838/838 832/832
f 837/837 832/832 839/839
f 840/840 841/841 837/837
f 842/842 840/840 843/843
f 842/842 843/843 828/828
f 844/844 845/845 840/840
f 844/844 840/840 830/830
f 844/844 830/830 846/846
f 847/847 848/848 846/846
f 846/846 848/848 849/849
f 850/850 848/848 851/851
f 850/850 851/851 852/852
f 853/853 854/854 852/852
f 853/853 852/852 855/855
f 856/856 855/855 816/816
f 856/856 816/816 857/857
f 858/858 859/859 860/860
f 858/858 860/860 861/861
f 862/862 861/861 863/863
f 861/861 862/862 864/864
f 865/865 864/864 866/866
f 864/864 865/865 867/867
f 868/868 867/867 869/869
f 867/867 868/868 870/870
f 867/867 870/870 871/871
f 867/867 871/871 872/872
f 871/871 870/870 873/873
f 873/873 870/870 874/874
f 873/873 874/874 875/875
f 875/875 874/874 876/876
f 877/877 874/874 878/878
f 877/877 878/878 879/879
f 880/880 879/879 881/881
f 879/879 880/880 882/882
f 883/883 884/884 879/879
f 884/884 883/883 885/885
f 886/886 887/887 884/884
f 887/887 886/886 888/888
f 889/889 887/887 876/876
f 887/887 889/889 890/890
f 891/891 876/876 892/892
f 876/876 891/891 893/893
f 894/894 895/895 893/893
f 894/894 893/893 896/896
f 894/894 896/896 897/897
f 894/894 897/897 898/898
f 899/899 900/900 894/894
f 900/900 899/899 901/901
f 902/902 903/903 901/901
f 901/901 903/903 904/904
f 905/905 906/906 904/904
f 905/905 904/904 907/907
f 908/908 903/903 907/907
f 907/907 903/903 909/909
f 910/910 909/909 911/911
f 909/909 910/910 912/912
f 913/913 914/914 903/903
f 914/914 913/913 915/915
f 916/916 917/917 914/914
f 918/918 914/914 919/919
f 920/920 921/921 918/918
f 921/921 920/920 922/922
f 923/923 920/920 924/924
f 925/925 921/921 926/926
f 921/921 925/925 927/927
f 927/927 925/925 928/928
f 929/929 930/930 927/927
f 930/930 929/929 931/931
f 932/932 925/925 933/933
f 932/932 933/933 934/934
f 935/935 936/936 934/934
f 935/935 934/934 937/937
f 938/938 939/939 937/937
f 938/938 937/937 940/940
f 941/941 940/940 893/893
f 893/893 940/940 942/942
f 943/943 942/942 875/875
f 942/942 943/943 944/944
f 945/945 946/946 947/947
f 945/945 947/947 948/948
f 949/949 948/948 950/950
f 948/948 949/949 951/951
f 952/952 953/953 947/947
f 952/952 947/947 954/954
f 955/955 952/952 956/956
f 955/955 956/956 957/957
f 957/957 956/956 958/958
f 957/957 958/958 959/959
f 960/960 961/961 959/959
f 960/960 959/959 962/962
f 963/963 964/964 959/959
f 964/964 963/963 965/965
f 966/966 958/958 967/967
f 966/966 967/967 962/962
f 968/968 969/969 962/962
f 968/968 962/962 970/970
f 971/971 972/972 970/970
f 971/971 970/970 973/973
f 974/974 975/975 973/973
f 974/974 973/973 976/976
f 977/977 978/978 973/973
f 978/978 977/977 979/979
f 980/980 979/979 981/981
f 979/979 980/980 967/967
f 979/979 967/967 982/982
f 979/979 982/982 983/983
f 982/982 967/967 984/984
f 984/984 967/967 985/985
f 984/984 985/985 986/986
f 986/986 985/985 987/987
f 988/988 986/986 956/956
f 988/988 956/956 989/989
f 988/988 989/989 990/990
f 990/990 989/989 954/954
f 991/991 992/992 990/990
f 992/992 991/991 993/993
f 993/993 991/991 994/994
f 994/994 991/991 947/947
f 995/995 996/996 947/947
f 996/996 995/995 997/997
f 998/998 999/999 996/996
f 999/999 998/998 1000/1000
f 1001/1001 999/999 993/993
f 993/993 999/999 1002/1002
f 1003/1003 1004/1004 1002/1002
f 1005/1005 1006/1006 1002/1002
f 1005/1005 1002/1002 1007/1007
f 1005/1005 1007/1007 1000/1000
f 1005/1005 1000/1000 1008/1008
f 1009/1009 1003/1003 1005/1005
f 1003/1003 1009/1009 1010/1010
f 1011/1011 1012/1012 1009/1009
f 1013/1013 1014/1014 1005/1005
f 1014/1014 1013/1013 1015/1015
f 1016/1016 1002/1002 1017/1017
f 1016/1016 1017/1017 992/992
f 1018/1018 1019/1019 1017/1017
f 1018/1018 1017/1017 1020/1020
f 1021/1021 1018/1018 1022/1022
f 1021/1021 1022/1022 1023/1023
f 1024/1024 1025/1025 1020/1020
f 1020/1020 1025/1025 1026/1026
f 1027/1027 1025/1025 1028/1028
f 1029/1029 1030/1030 1028/1028
f 1031/1031 1032/1032 1029/1029
f 1033/1033 1034/1034 1026/1026
f 1033/1033 1026/1026 1035/1035
f 1036/1036 1018/1018 1035/1035
f 1036/1036 1035/1035 1037/1037
f 1038/1038 1036/1036 1039/1039
f 1038/1038 1039/1039 1040/1040
f 1041/1041 1042/1042 1039/1039
f 1039/1039 1042/1042 1043/1043
f 1044/1044 1039/1039 1045/1045
f 1044/1044 1045/1045 1046/1046
f 1039/1039 1044/1044 988/988
f 988/988 1044/1044 1047/1047
f 1048/1048 1044/1044 1049/1049
f 1048/1048 1049/1049 1050/1050
f 1049/1049 1044/1044 1051/1051
f 1049/1049 1051/1051 1052/1052
f 1049/1049 1052/1052 1053/1053
f 1053/1053 1052/1052 1054/1054
f 1055/1055 1053/1053 1056/1056
f 1055/1055 1056/1056 1057/1057
f 1058/1058 979/979 1057/1057
f 1058/1058 1057/1057 1059/1059
f 1060/1060 978/978 1059/1059
f 1060/1060 1059/1059 1061/1061
f 1060/1060 1061/1061 1062/1062
f 1060/1060 1062/1062 1063/1063
f 1063/1063 1062/1062 1064/1064
f 1065/1065 1063/1063 1066/1066
f 1062/1062 1061/1061 1067/1067
f 1067/1067 1061/1061 1068/1068
f 1068/1068 1061/1061 1069/1069
f 1070/1070 1071/1071 1061/1061
f 1071/1071 1070/1070 1072/1072
f 1073/1073 1072/1072 1074/1074
f 1073/1073 1074/1074 1075/1075
f 1076/1076 1069/1069 1075/1075
f 1076/1076 1075/1075 1077/1077
f 1078/1078 1079/1079 1080/1080
f 1078/1078 1080/1080 1081/1081
f 1081/1081 1080/1080 1082/1082
f 1082/1082 1080/1080 1083/1083
f 1083/1083 1080/1080 1084/1084
f 1084/1084 1080/1080 1085/1085
f 1084/1084 1085/1085 1086/1086
f 1083/1083 1084/1084 1087/1087
f 1088/1088 1089/1089 1087/1087
f 1088/1088 1087/1087 1090/1090
f 1091/1091 1085/1085 1092/1092
f 1085/1085 1091/1091 1093/1093
f 1094/1094 1095/1095 1093/1093
f 1094/1094 1093/1093 1096/1096
f 1097/1097 1098/1098 1096/1096
f 1096/1096 1098/1098 1099/1099
f 1100/1100 1101/1101 1096/1096
f 1100/1100 1096/1096 1102/1102
f 1103/1103 1104/1104 1102/1102
f 1103/1103 1102/1102 1091/1091
f 1103/1103 1091/1091 1105/1105
f 1105/1105 1091/1091 1106/1106
f 1107/1107 1108/1108 1101/1101
f 1101/1101 1108/1108 1109/1109
f 1109/1109 1108/1108 1110/1110
f 1110/1110 1108/1108 1111/1111
f 1109/1109 1110/1110 1112/1112
f 1109/1109 1112/1112 1099/1099
f 1113/1113 1114/1114 1112/1112
f 1113/1113 1112/1112 1115/1115
f 1116/1116 1117/1117 1110/1110
f 1118/1118 1101/1101 1119/1119
f 1101/1101 1118/1118 1120/1120
f 1121/1121 1118/1118 1122/1122
f 1123/1123 1124/1124 1121/1121
f 1125/1125 1126/1126 1119/1119
f 1125/1125 1119/1119 1127/1127
f 1128/1128 1129/1129 1127/1127
f 1128/1128 1127/1127 1130/1130
f 1131/1131 1132/1132 1120/1120
f 1133/1133 1134/1134 1131/1131
f 1135/1135 1131/1131 1136/1136
f 1137/1137 1120/1120 1135/1135
f 1120/1120 1137/1137 1138/1138
f 1139/1139 1137/1137 1132/1132
f 1140/1140 1141/1141 1138/1138
f 1141/1141 1140/1140 1142/1142
f 1143/1143 1141/1141 1144/1144
f 1145/1145 1141/1141 1146/1146
f 1147/1147 1148/1148 1145/1145
f 1149/1149 1150/1150 1151/1151
f 1149/1149 1151/1151 1152/1152
f 1152/1152 1151/1151 1153/1153
f 1152/1152 1153/1153 1154/1154
f 1155/1155 1156/1156 1151/1151
f 1155/1155 1151/1151 1157/1157
f 1158/1158 1151/1151 1159/1159
f 1158/1158 1159/1159 1160/1160
f 1158/1158 1160/1160 1161/1161
f 1161/1161 1160/1160 1162/1162
f 1163/1163 1164/1164 1162/1162
f 1163/1163 1162/1162 1165/1165
f 1166/1166 1167/1167 1165/1165
f 1166/1166 1165/1165 1168/1168
f 1169/1169 1163/1163 1166/1166
f 1169/1169 1166/1166 1170/1170
f 1171/1171 1166/1166 1172/1172
f 1171/1171 1172/1172 1173/1173
f 1174/1174 1168/1168 1172/1172
f 1172/1172 1168/1168 1175/1175
f 1172/1172 1175/1175 1176/1176
f 1176/1176 1175/1175 1177/1177
f 1176/1176 1177/1177 1178/1178
f 1176/1176 1178/1178 1179/1179
f 1180/1180 1176/1176 1181/1181
f 1176/1176 1180/1180 1182/1182
f 1183/1183 1184/1184 1176/1176
f 1185/1185 1186/1186 1184/1184
f 1185/1185 1184/1184 1187/1187
f 1187/1187 1184/1184 1188/1188
f 1187/1187 1188/1188 1189/1189
f 1190/1190 1187/1187 1191/1191
f 1187/1187 1190/1190 1192/1192
f 1187/1187 1192/1192 1193/1193
f 1193/1193 1192/1192 1194/1194
f 1194/1194 1192/1192 1195/1195
f 1196/1196 1173/1173 1193/1193
f 1173/1173 1196/1196 1197/1197
f 1173/1173 1197/1197 1198/1198
f 1198/1198 1197/1197 1199/1199
f 1200/1200 1201/1201 1189/1189
f 1200/1200 1189/1189 1202/1202
f 1200/1200 1202/1202 1203/1203
f 1200/1200 1203/1203 1204/1204
f 1200/1200 1204/1204 1205/1205
f 1205/1205 1204/1204 1206/1206
f 1205/1205 1206/1206 1207/1207
f 1207/1207 1206/1206 1208/1208
f 1209/1209 1208/1208 1210/1210
f 1208/1208 1209/1209 1211/1211
f 1212/1212 1207/1207 1209/1209
f 1207/1207 1212/1212 1213/1213
f 1207/1207 1213/1213 1214/1214
f 1214/1214 1213/1213 1215/1215
f 1214/1214 1215/1215 1200/1200
f 1215/1215 1213/1213 1216/1216
f 1216/1216 1213/1213 1217/1217
f 1217/1217 1213/1213 1218/1218
f 1216/1216 1217/1217 1219/1219
f 1219/1219 1217/1217 1220/1220
f 1220/1220 1217/1217 1221/1221
f 1219/1219 1220/1220 1222/1222
f 1220/1220 1221/1221 1223/1223
f 1220/1220 1223/1223 1224/1224
f 1220/1220 1224/1224 1225/1225
f 1226/1226 1222/1222 1224/1224
f 1226/1226 1224/1224 1227/1227
f 1228/1228 1224/1224 1229/1229
f 1228/1228 1229/1229 1230/1230
f 1230/1230 1229/1229 186/186
f 1230/1230 186/186 1231/1231
f 1232/1232 1233/1233 186/186
f 186/186 1233/1233 185/185
f 185/185 1233/1233 1234/1234
f 1234/1234 1233/1233 1235/1235
f 1236/1236 1233/1233 1229/1229
f 1236/1236 1229/1229 1237/1237
f 1238/1238 1233/1233 1223/1223
f 1238/1238 1223/1223 1221/1221
f 1239/1239 1235/1235 1221/1221
f 1235/1235 1239/1239 1240/1240
f 1239/1239 1221/1221 1212/1212
f 1212/1212 1221/1221 1241/1241
f 1239/1239 1212/1212 1209/1209
f 1242/1242 1209/1209 375/375
f 1242/1242 375/375 1240/1240
f 375/375 1209/1209 1243/1243
f 375/375 1243/1243 1244/1244
f 1245/1245 377/377 1243/1243
f 1245/1245 1243/1243 1246/1246
f 1247/1247 100/100 1246/1246
f 100/100 1247/1247 1248/1248
f 1249/1249 1250/1250 1240/1240
f 1249/1249 1240/1240 372/372
f 184/184 185/185 1249/1249
f 184/184 1249/1249 1251/1251
f 184/184 1251/1251 183/183
f 183/183 1251/1251 1252/1252
f 1252/1252 1251/1251 1253/1253
f 1253/1253 1251/1251 1254/1254
f 1254/1254 1251/1251 1234/1234
f 1254/1254 1234/1234 372/372
f 1254/1254 372/372 1255/1255
f 1254/1254 1255/1255 1253/1253
f 1253/1253 1255/1255 1256/1256
f 1252/1252 1253/1253 360/360
f 360/360 1253/1253 361/361
f 1252/1252 360/360 350/350
f 1252/1252 350/350 1257/1257
f 1252/1252 1257/1257 1258/1258
f 1259/1259 1260/1260 1169/1169
f 1259/1259 1169/1169 1261/1261
f 1262/1262 1263/1263 1169/1169
f 1263/1263 1262/1262 1164/1164
f 1264/1264 1260/1260 1265/1265
f 1260/1260 1264/1264 1266/1266
f 1267/1267 1266/1266 1268/1268
f 1266/1266 1267/1267 1269/1269
f 1266/1266 1269/1269 1154/1154
f 1266/1266 1154/1154 1270/1270
f 1266/1266 1270/1270 1271/1271
f 1271/1271 1270/1270 1169/1169
f 1154/1154 1269/1269 1272/1272
f 1272/1272 1269/1269 1273/1273
f 1272/1272 1273/1273 1274/1274
f 1274/1274 1273/1273 1275/1275
f 1276/1276 1269/1269 1277/1277
f 1269/1269 1276/1276 1278/1278
f 1278/1278 1276/1276 1279/1279
f 1278/1278 1279/1279 1280/1280
f 1281/1281 1282/1282 1283/1283
f 1282/1282 1281/1281 1284/1284
f 1284/1284 1281/1281 1285/1285
f 1281/1281 1283/1283 1286/1286
f 1283/1283 1282/1282 1287/1287
f 1287/1287 1282/1282 1288/1288
f 1289/1289 1290/1290 1287/1287
f 1290/1290 1289/1289 1291/1291
f 1292/1292 1293/1293 1290/1290
f 1293/1293 1292/1292 1294/1294
f 1295/1295 1296/1296 1294/1294
f 1294/1294 1296/1296 1297/1297
f 1298/1298 1293/1293 1297/1297
f 1297/1297 1293/1293 1299/1299
f 1300/1300 1293/1293 1301/1301
f 1300/1300 1301/1301 1302/1302
f 1303/1303 1300/1300 1304/1304
f 1300/1300 1303/1303 1305/1305
f 1306/1306 1300/1300 1307/1307
f 1306/1306 1307/1307 1283/1283
f 1283/1283 1307/1307 1308/1308
f 1283/1283 1308/1308 1309/1309
f 1308/1308 1307/1307 1310/1310
f 1308/1308 1310/1310 1311/1311
f 1308/1308 1311/1311 1312/1312
f 1312/1312 1311/1311 1313/1313
f 1314/1314 1308/1308 1315/1315
f 1314/1314 1315/1315 1316/1316
f 1316/1316 1315/1315 1317/1317
f 1316/1316 1317/1317 1318/1318
f 1319/1319 1316/1316 1320/1320
f 1316/1316 1319/1319 1321/1321
f 1316/1316 1321/1321 1286/1286
f 1286/1286 1321/1321 1322/1322
f 1323/1323 1324/1324 1317/1317
f 1317/1317 1324/1324 1325/1325
f 1317/1317 1325/1325 1326/1326
f 1326/1326 1325/1325 1327/1327
f 1328/1328 1317/1317 1329/1329
f 1328/1328 1329/1329 1330/1330
f 1330/1330 1329/1329 1331/1331
f 1330/1330 1331/1331 1332/1332
f 1333/1333 1334/1334 1331/1331
f 1331/1331 1334/1334 1335/1335
f 1336/1336 1331/1331 1337/1337
f 1336/1336 1337/1337 1338/1338
f 1339/1339 1340/1340 1336/1336
f 1339/1339 1336/1336 1341/1341
f 1342/1342 1343/1343 1341/1341
f 1344/1344 1345/1345 1342/1342
f 1346/1346 1347/1347 1342/1342
f 1347/1347 1346/1346 1348/1348
f 1349/1349 1348/1348 1331/1331
f 1348/1348 1349/1349 1350/1350
f 1351/1351 1352/1352 1347/1347
f 1351/1351 1347/1347 1353/1353
f 1354/1354 1355/1355 1336/1336
f 1355/1355 1354/1354 1356/1356
f 1357/1357 1358/1358 1355/1355
f 1358/1358 1357/1357 1359/1359
f 1360/1360 1359/1359 1356/1356
f 1360/1360 1356/1356 1361/1361
f 1362/1362 1361/1361 1357/1357
f 1361/1361 1362/1362 1363/1363
f 1364/1364 1365/1365 1359/1359
f 1364/1364 1359/1359 1366/1366
f 1367/1367 1366/1366 1368/1368
f 1366/1366 1367/1367 1369/1369
f 1369/1369 1367/1367 1370/1370
f 1370/1370 1367/1367 1371/1371
f 1371/1371 1367/1367 1372/1372
f 1371/1371 1372/1372 1373/1373
f 1372/1372 1367/1367 1374/1374
f 1372/1372 1374/1374 1375/1375
f 1376/1376 1372/1372 1377/1377
f 1376/1376 1377/1377 1378/1378
f 1379/1379 1375/1375 1377/1377
f 1380/1380 1379/1379 1381/1381
f 1382/1382 1383/1383 1379/1379
f 1383/1383 1382/1382 1384/1384
f 1385/1385 1382/1382 1378/1378
f 1386/1386 1387/1387 1377/1377
f 1386/1386 1377/1377 1339/1339
f 1339/1339 1377/1377 1388/1388
f 1339/1339 1388/1388 1389/1389
f 1390/1390 1391/1391 1392/1392
f 1390/1390 1392/1392 1393/1393
f 1392/1392 1391/1391 1394/1394
f 1392/1392 1394/1394 1395/1395
f 1396/1396 1397/1397 1394/1394
f 1397/1397 1396/1396 1398/1398
f 1399/1399 1398/1398 1391/1391
f 1399/1399 1391/1391 1208/1208
f 1400/1400 1401/1401 1398/1398
f 1400/1400 1398/1398 1402/1402
f 1403/1403 1404/1404 1402/1402
f 1403/1403 1402/1402 1405/1405
f 1405/1405 1402/1402 1406/1406
f 1406/1406 1402/1402 1204/1204
f 1407/1407 1408/1408 1204/1204
f 1204/1204 1408/1408 1409/1409
f 1403/1403 1405/1405 1410/1410
f 1410/1410 1405/1405 1411/1411
f 1410/1410 1411/1411 1177/1177
f 1412/1412 1405/1405 1203/1203
f 1405/1405 1412/1412 1178/1178
f 1413/1413 1414/1414 1415/1415
f 1413/1413 1415/1415 1416/1416
f 1416/1416 1415/1415 1417/1417
f 1416/1416 1417/1417 1418/1418
f 1418/1418 1417/1417 1222/1222
f 1418/1418 1222/1222 1419/1419
f 1420/1420 1219/1219 1222/1222
f 1219/1219 1420/1420 1421/1421
f 1421/1421 1420/1420 1422/1422
f 1219/1219 1421/1421 1216/1216
f 1216/1216 1421/1421 1423/1423
f 1216/1216 1423/1423 1215/1215
f 1215/1215 1423/1423 1189/1189
f 1189/1189 1423/1423 1424/1424
f 1424/1424 1423/1423 1425/1425
f 1425/1425 1423/1423 1421/1421
f 1424/1424 1425/1425 1426/1426
f 1424/1424 1426/1426 1427/1427
f 1426/1426 1425/1425 1414/1414
f 1426/1426 1414/1414 1428/1428
f 1426/1426 1428/1428 1429/1429
f 1429/1429 1428/1428 1430/1430
f 1428/1428 1414/1414 1431/1431
f 1431/1431 1414/1414 1432/1432
f 1433/1433 1434/1434 1428/1428
f 1435/1435 1421/1421 1415/1415
f 1435/1435 1415/1415 1436/1436
f 1437/1437 1438/1438 1439/1439
f 1437/1437 1439/1439 1440/1440
f 1441/1441 1438/1438 1442/1442
f 1438/1438 1441/1441 1443/1443
f 1444/1444 1445/1445 1446/1446
f 1444/1444 1446/1446 1447/1447
f 1448/1448 1449/1449 1446/1446
f 1446/1446 1449/1449 1450/1450
f 1446/1446 1450/1450 1451/1451
f 1451/1451 1450/1450 1452/1452
f 1446/1446 1451/1451 1453/1453
f 1453/1453 1451/1451 1454/1454
f 1455/1455 1451/1451 1456/1456
f 1457/1457 1453/1453 1455/1455
f 1453/1453 1457/1457 1458/1458
f 1457/1457 1455/1455 1459/1459
f 1459/1459 1455/1455 1460/1460
f 1460/1460 1455/1455 1456/1456
f 1461/1461 1462/1462 1460/1460
f 1460/1460 1462/1462 1463/1463
f 1463/1463 1462/1462 1464/1464
f 1463/1463 1464/1464 1465/1465
f 1465/1465 1464/1464 1466/1466
f 1466/1466 1464/1464 1467/1467
f 1466/1466 1467/1467 1468/1468
f 1465/1465 1466/1466 1469/1469
f 1465/1465 1469/1469 1470/1470
f 1470/1470 1469/1469 1471/1471
f 1471/1471 1469/1469 1472/1472
f 1473/1473 1474/1474 1472/1472
f 1474/1474 1473/1473 1475/1475
f 1465/1465 1470/1470 1476/1476
f 1476/1476 1470/1470 1477/1477
f 1477/1477 1470/1470 1478/1478
f 1465/1465 1476/1476 1479/1479
f 1479/1479 1476/1476 1480/1480
f 1481/1481 1482/1482 1479/1479
f 1482/1482 1481/1481 1483/1483
f 1484/1484 1480/1480 1485/1485
f 1484/1484 1485/1485 1486/1486
f 1487/1487 1488/1488 1484/1484
f 1488/1488 1487/1487 1459/1459
f 1459/1459 1487/1487 1489/1489
f 1459/1459 1489/1489 1490/1490
f 1491/1491 1490/1490 1492/1492
f 1490/1490 1491/1491 1458/1458
f 1493/1493 1494/1494 1491/1491
f 1493/1493 1491/1491 1495/1495
f 1493/1493 1495/1495 1496/1496
f 1496/1496 1495/1495 1487/1487
f 1497/1497 1496/1496 1498/1498
f 1496/1496 1497/1497 1499/1499
f 1500/1500 1501/1501 1499/1499
f 1500/1500 1499/1499 1502/1502
f 1503/1503 1504/1504 1500/1500
f 1504/1504 1503/1503 1505/1505
f 1506/1506 1507/1507 1505/1505
f 1508/1508 1458/1458 1509/1509
f 1458/1458 1508/1508 1510/1510
f 1511/1511 1510/1510 1512/1512
f 1510/1510 1511/1511 1513/1513
f 1514/1514 1513/1513 1515/1515
f 1516/1516 1514/1514 1517/1517
f 1518/1518 1519/1519 1513/1513
f 1520/1520 1521/1521 1518/1518
f 1522/1522 1523/1523 1518/1518
f 1522/1522 1518/1518 1524/1524
f 1525/1525 1524/1524 1509/1509
f 1524/1524 1525/1525 1526/1526
f 1527/1527 1528/1528 1529/1529
f 1527/1527 1529/1529 1530/1530
f 1531/1531 1532/1532 1530/1530
f 1532/1532 1531/1531 1533/1533
f 1534/1534 1535/1535 1532/1532
f 1535/1535 1534/1534 1536/1536
f 1537/1537 1536/1536 1538/1538
f 1536/1536 1537/1537 1539/1539
f 1536/1536 1539/1539 1540/1540
f 1536/1536 1540/1540 1541/1541
f 1542/1542 1543/1543 1541/1541
f 1543/1543 1542/1542 1544/1544
f 1543/1543 1544/1544 1545/1545
f 1543/1543 1545/1545 1546/1546
f 1547/1547 1543/1543 1548/1548
f 1547/1547 1548/1548 1549/1549
f 1550/1550 1547/1547 1551/1551
f 1550/1550 1551/1551 1552/1552
f 1553/1553 1554/1554 1542/1542
f 1554/1554 1553/1553 1555/1555
f 1556/1556 1557/1557 1544/1544
f 1556/1556 1544/1544 1558/1558
f 1559/1559 1560/1560 1561/1561
f 1559/1559 1561/1561 1562/1562
f 1563/1563 1561/1561 1564/1564
f 1563/1563 1564/1564 1565/1565
f 1566/1566 1564/1564 1567/1567
f 1566/1566 1567/1567 1568/1568
f 1569/1569 1570/1570 1564/1564
f 1564/1564 1570/1570 1571/1571
f 1572/1572 1573/1573 1571/1571
f 1572/1572 1571/1571 1574/1574
f 1575/1575 1572/1572 1576/1576
f 1576/1576 1572/1572 1577/1577
f 1576/1576 1577/1577 1578/1578
f 1575/1575 1576/1576 1579/1579
f 1579/1579 1576/1576 1580/1580
f 1579/1579 1580/1580 1581/1581
f 1582/1582 1583/1583 1580/1580
f 1580/1580 1583/1583 1584/1584
f 1585/1585 1580/1580 1586/1586
f 1585/1585 1586/1586 1587/1587
f 1586/1586 1580/1580 1588/1588
f 1586/1586 1588/1588 1589/1589
f 1586/1586 1589/1589 1590/1590
f 1590/1590 1589/1589 1591/1591
f 1592/1592 1593/1593 1591/1591
f 1593/1593 1592/1592 1594/1594
f 1595/1595 1594/1594 1589/1589
f 1594/1594 1595/1595 1596/1596
f 1594/1594 1596/1596 1597/1597
f 1594/1594 1597/1597 1598/1598
f 1594/1594 1598/1598 1599/1599
f 1599/1599 1598/1598 1600/1600
f 1601/1601 1596/1596 1588/1588
f 1596/1596 1601/1601 1602/1602
f 1602/1602 1601/1601 1574/1574
f 1602/1602 1574/1574 1603/1603
f 1604/1604 1603/1603 1605/1605
f 1603/1603 1604/1604 1606/1606
f 1607/1607 1608/1608 1603/1603
f 1603/1603 1608/1608 1609/1609
f 1610/1610 1603/1603 1611/1611
f 1610/1610 1611/1611 1612/1612
f 1610/1610 1612/1612 1613/1613
f 1613/1613 1612/1612 1597/1597
f 1614/1614 1612/1612 1609/1609
f 1614/1614 1609/1609 1615/1615
f 1616/1616 1615/1615 1611/1611
f 1615/1615 1616/1616 1617/1617
f 1618/1618 1615/1615 1619/1619
f 1618/1618 1619/1619 1620/1620
f 1621/1621 1614/1614 1622/1622
f 1621/1621 1622/1622 1623/1623
f 1624/1624 1614/1614 1625/1625
f 1624/1624 1625/1625 1626/1626
f 1627/1627 1624/1624 1628/1628
f 1627/1627 1628/1628 1629/1629
f 1630/1630 1627/1627 1631/1631
f 1630/1630 1631/1631 1632/1632
f 1633/1633 1627/1627 1634/1634
f 1633/1633 1634/1634 1635/1635
f 1636/1636 1637/1637 1633/1633
f 1637/1637 1636/1636 1638/1638
f 1639/1639 1640/1640 1641/1641
f 1639/1639 1641/1641 1642/1642
f 1643/1643 1644/1644 1641/1641
f 1644/1644 1643/1643 297/297
f 1645/1645 1644/1644 326/326
f 1645/1645 326/326 1646/1646
f 1647/1647 1643/1643 1645/1645
f 1643/1643 1647/1647 1648/1648
f 1649/1649 1647/1647 1650/1650
f 1649/1649 1650/1650 1651/1651
f 263/263 1650/1650 1646/1646
f 263/263 1646/1646 1652/1652
f 1650/1650 263/263 1653/1653
f 1653/1653 263/263 1654/1654
f 1655/1655 297/297 1656/1656
f 297/297 1655/1655 1657/1657
f 1658/1658 1648/1648 1655/1655
f 1655/1655 1648/1648 1659/1659
f 1655/1655 1659/1659 1660/1660
f 1660/1660 1659/1659 1661/1661
f 1660/1660 1661/1661 1662/1662
f 1662/1662 1661/1661 1663/1663
f 1664/1664 1663/1663 1665/1665
f 1663/1663 1664/1664 720/720
f 1666/1666 720/720 1667/1667
f 720/720 1666/1666 1668/1668
f 1669/1669 713/713 1668/1668
f 1669/1669 1668/1668 1670/1670
f 1671/1671 1659/1659 1672/1672
f 1671/1671 1672/1672 1673/1673
f 1673/1673 1672/1672 1640/1640
f 1673/1673 1640/1640 1674/1674
f 1675/1675 1676/1676 1677/1677
f 1675/1675 1677/1677 1678/1678
f 1676/1676 1675/1675 1679/1679
f 1679/1679 1675/1675 1680/1680
f 1681/1681 1675/1675 1682/1682
f 1681/1681 1682/1682 1683/1683
f 1677/1677 1676/1676 1684/1684
f 1684/1684 1676/1676 1685/1685
f 1686/1686 1685/1685 1687/1687
f 1685/1685 1686/1686 1688/1688
f 1689/1689 1690/1690 1677/1677
f 1677/1677 1690/1690 1691/1691
f 1692/1692 1693/1693 1677/1677
f 1693/1693 1692/1692 1694/1694
f 1695/1695 1696/1696 1691/1691
f 1691/1691 1696/1696 1697/1697
f 1698/1698 1696/1696 1699/1699
f 1698/1698 1699/1699 1700/1700
f 1701/1701 1700/1700 1702/1702
f 1700/1700 1701/1701 1703/1703
f 1703/1703 1701/1701 1704/1704
f 1705/1705 1703/1703 1706/1706
f 1703/1703 1705/1705 1707/1707
f 1708/1708 1699/1699 1707/1707
f 1708/1708 1707/1707 1709/1709
f 1699/1699 1708/1708 1710/1710
f 1699/1699 1710/1710 1711/1711
f 1699/1699 1711/1711 1712/1712
f 1712/1712 1711/1711 1713/1713
f 1712/1712 1713/1713 1702/1702
f 1710/1710 1708/1708 1714/1714
f 1714/1714 1708/1708 1715/1715
f 1714/1714 1715/1715 1716/1716
f 1714/1714 1716/1716 1717/1717
f 1714/1714 1717/1717 1718/1718
f 1719/1719 1714/1714 1720/1720
f 1719/1719 1720/1720 1721/1721
f 1722/1722 1723/1723 1715/1715
f 1723/1723 1722/1722 1724/1724
f 1725/1725 1726/1726 1722/1722
f 1725/1725 1722/1722 1727/1727
f 1728/1728 1727/1727 1709/1709
f 1709/1709 1727/1727 1729/1729
f 1730/1730 1731/1731 1722/1722
f 1731/1731 1730/1730 1732/1732
f 1731/1731 1732/1732 1733/1733
f 1731/1731 1733/1733 1734/1734
f 1734/1734 1733/1733 1735/1735
f 1733/1733 1732/1732 1736/1736
f 1736/1736 1732/1732 1737/1737
f 1737/1737 1732/1732 1738/1738
f 1732/1732 1730/1730 1739/1739
f 1739/1739 1730/1730 1740/1740
f 1741/1741 1737/1737 1739/1739
f 1737/1737 1741/1741 1742/1742
f 1737/1737 1742/1742 1743/1743
f 1743/1743 1742/1742 1744/1744
f 1744/1744 1742/1742 1745/1745
f 1745/1745 1742/1742 1746/1746
f 1742/1742 1741/1741 1747/1747
f 1747/1747 1741/1741 1748/1748
f 1749/1749 1741/1741 1750/1750
f 1749/1749 1750/1750 1751/1751
f 1752/1752 1749/1749 1753/1753
f 1752/1752 1753/1753 1754/1754
f 1755/1755 1756/1756 1744/1744
f 1755/1755 1744/1744 1757/1757
f 1757/1757 1744/1744 1758/1758
f 1758/1758 1744/1744 1759/1759
f 1757/1757 1758/1758 1760/1760
f 1757/1757 1760/1760 1761/1761
f 1761/1761 1760/1760 1762/1762
f 1761/1761 1762/1762 1763/1763
f 1761/1761 1763/1763 1764/1764
f 1761/1761 1764/1764 1765/1765
f 1765/1765 1764/1764 1766/1766
f 1766/1766 1764/1764 1767/1767
f 1766/1766 1767/1767 1768/1768
f 1768/1768 1767/1767 1769/1769
f 1769/1769 1767/1767 1770/1770
f 1770/1770 1767/1767 1771/1771
f 1771/1771 1767/1767 1772/1772
f 1771/1771 1772/1772 1773/1773
f 1771/1771 1773/1773 1774/1774
f 1771/1771 1774/1774 1775/1775
f 1775/1775 1774/1774 1776/1776
f 1768/1768 1769/1769 1777/1777
f 1777/1777 1769/1769 1778/1778
f 1778/1778 1769/1769 1779/1779
f 1778/1778 1779/1779 1780/1780
f 1781/1781 1782/1782 1778/1778
f 1781/1781 1778/1778 1783/1783
f 1784/1784 1778/1778 1785/1785
f 1784/1784 1785/1785 1786/1786
f 1787/1787 1784/1784 1788/1788
f 1787/1787 1788/1788 1789/1789
f 1790/1790 1791/1791 1789/1789
f 1790/1790 1789/1789 1792/1792
f 1793/1793 1794/1794 1792/1792
f 1793/1793 1792/1792 1795/1795
f 1793/1793 1795/1795 1735/1735
f 1735/1735 1795/1795 1796/1796
f 1793/1793 1735/1735 1797/1797
f 1797/1797 1735/1735 1798/1798
f 1735/1735 1796/1796 1799/1799
f 1799/1799 1796/1796 1800/1800
f 1801/1801 1799/1799 1802/1802
f 1801/1801 1802/1802 1803/1803
f 1804/1804 1802/1802 1805/1805
f 1804/1804 1805/1805 1806/1806
f 1807/1807 1808/1808 1797/1797
f 1808/1808 1807/1807 1809/1809
f 1810/1810 1811/1811 1807/1807
f 1811/1811 1810/1810 1812/1812
f 1813/1813 1814/1814 1810/1810
f 1814/1814 1813/1813 1777/1777
f 1766/1766 1768/1768 1810/1810
f 1766/1766 1810/1810 1815/1815
f 1815/1815 1810/1810 1816/1816
f 1766/1766 1815/1815 1765/1765
f 1765/1765 1815/1815 1817/1817
f 1765/1765 1817/1817 1818/1818
f 1765/1765 1818/1818 1819/1819
f 1820/1820 1756/1756 1817/1817
f 1820/1820 1817/1817 1821/1821
f 1820/1820 1821/1821 1816/1816
f 1820/1820 1816/1816 1797/1797
f 1822/1822 1820/1820 1736/1736
f 1822/1822 1736/1736 1823/1823
f 1824/1824 1825/1825 1826/1826
f 1824/1824 1826/1826 1827/1827
f 1827/1827 1826/1826 1828/1828
f 1827/1827 1828/1828 1829/1829
f 1830/1830 1826/1826 1831/1831
f 1830/1830 1831/1831 1832/1832
f 1833/1833 1834/1834 1825/1825
f 1833/1833 1825/1825 1835/1835
f 1836/1836 1837/1837 1835/1835
f 1836/1836 1835/1835 1838/1838
f 1839/1839 1840/1840 1835/1835
f 1839/1839 1835/1835 1841/1841
f 1839/1839 1841/1841 1842/1842
f 1839/1839 1842/1842 1843/1843
f 1844/1844 1841/1841 1825/1825
f 1825/1825 1841/1841 1845/1845
f 1846/1846 1847/1847 1841/1841
f 1846/1846 1841/1841 1824/1824
f 1848/1848 1824/1824 1849/1849
f 1824/1824 1848/1848 1850/1850
f 1850/1850 1848/1848 1851/1851
f 1851/1851 1848/1848 1852/1852
f 1853/1853 1848/1848 1854/1854
f 1853/1853 1854/1854 1855/1855
f 1855/1855 1854/1854 1856/1856
f 1856/1856 1854/1854 1829/1829
f 1855/1855 1856/1856 1857/1857
f 1856/1856 1829/1829 1858/1858
f 1859/1859 1860/1860 1858/1858
f 1861/1861 1856/1856 1859/1859
f 1861/1861 1859/1859 1862/1862
f 1859/1859 1858/1858 1863/1863
f 1864/1864 1865/1865 1858/1858
f 1865/1865 1864/1864 1866/1866
f 1865/1865 1866/1866 1867/1867
f 1865/1865 1867/1867 1868/1868
f 1869/1869 1865/1865 1870/1870
f 1869/1869 1870/1870 1863/1863
f 1871/1871 1872/1872 1863/1863
f 1871/1871 1863/1863 1873/1873
f 1874/1874 1875/1875 1873/1873
f 1873/1873 1875/1875 1876/1876
f 1877/1877 1876/1876 1871/1871
f 1871/1871 1876/1876 1878/1878
f 1879/1879 1880/1880 1876/1876
f 1881/1881 1882/1882 1876/1876
f 1881/1881 1876/1876 1883/1883
f 1884/1884 1883/1883 1885/1885
f 1886/1886 1878/1878 1887/1887
f 1888/1888 1889/1889 1886/1886
f 1890/1890 1886/1886 1891/1891
f 1892/1892 1886/1886 1893/1893
f 1894/1894 1892/1892 1895/1895
f 1896/1896 1872/1872 1893/1893
f 1896/1896 1893/1893 1897/1897
f 1898/1898 1897/1897 1871/1871
f 1899/1899 1900/1900 1897/1897
f 1900/1900 1899/1899 1901/1901
f 1902/1902 1903/1903 1898/1898
f 1904/1904 1902/1902 1905/1905
f 1906/1906 1907/1907 1902/1902
f 1908/1908 1909/1909 1910/1910
f 1908/1908 1910/1910 1911/1911
f 1912/1912 1908/1908 1913/1913
f 1908/1908 1912/1912 1914/1914
f 1915/1915 1914/1914 1916/1916
f 1914/1914 1915/1915 1917/1917
f 1915/1915 1916/1916 1918/1918
f 1915/1915 1918/1918 405/405
f 1917/1917 1915/1915 1919/1919
f 1917/1917 1919/1919 398/398
f 1920/1920 1917/1917 1921/1921
f 1920/1920 1921/1921 1910/1910
f 1922/1922 1923/1923 1918/1918
f 1922/1922 1918/1918 1924/1924
f 1925/1925 1918/1918 1926/1926
f 1925/1925 1926/1926 1927/1927
f 1928/1928 1918/1918 1929/1929
f 1928/1928 1929/1929 1930/1930
f 1931/1931 1932/1932 1933/1933
f 1931/1931 1933/1933 1934/1934
f 1933/1933 1932/1932 1935/1935
f 1936/1936 1937/1937 1932/1932
f 1938/1938 1932/1932 1939/1939
f 1938/1938 1939/1939 1940/1940
f 1940/1940 1939/1939 1941/1941
f 1940/1940 1941/1941 1942/1942
f 1943/1943 1941/1941 1944/1944
f 1943/1943 1944/1944 1945/1945
f 1946/1946 1947/1947 1945/1945
f 1946/1946 1945/1945 1948/1948
f 1946/1946 1948/1948 1949/1949
f 1949/1949 1948/1948 1950/1950
f 1949/1949 1950/1950 1951/1951
f 1951/1951 1950/1950 1952/1952
f 1953/1953 1954/1954 1952/1952
f 1953/1953 1952/1952 1955/1955
f 1956/1956 1957/1957 1955/1955
f 1956/1956 1955/1955 1958/1958
f 1959/1959 1960/1960 1958/1958
f 1959/1959 1958/1958 1961/1961
f 1962/1962 1958/1958 1963/1963
f 1958/1958 1962/1962 1964/1964
f 1965/1965 1950/1950 1964/1964
f 1964/1964 1950/1950 1966/1966
f 1967/1967 1948/1948 1966/1966
f 1966/1966 1948/1948 1968/1968
f 1969/1969 1968/1968 1970/1970
f 1969/1969 1970/1970 1971/1971
f 1972/1972 1973/1973 1970/1970
f 1973/1973 1972/1972 1974/1974
f 1974/1974 1972/1972 1975/1975
f 1975/1975 1972/1972 1948/1948
f 1976/1976 1977/1977 1974/1974
f 1976/1976 1974/1974 1978/1978
f 1979/1979 1980/1980 1976/1976
f 1980/1980 1979/1979 1981/1981
f 1982/1982 1979/1979 1943/1943
f 1982/1982 1943/1943 1983/1983
f 1984/1984 1983/1983 1946/1946
f 1946/1946 1983/1983 1985/1985
f 1986/1986 1987/1987 1976/1976
f 1987/1987 1986/1986 1988/1988
f 1987/1987 1988/1988 1989/1989
f 1987/1987 1989/1989 1990/1990
f 1991/1991 1992/1992 1993/1993
f 1992/1992 1991/1991 1994/1994
f 1992/1992 1994/1994 1995/1995
f 1993/1993 1992/1992 1996/1996
f 1993/1993 1996/1996 1997/1997
f 1991/1991 1993/1993 1998/1998
f 1999/1999 1993/1993 2000/2000
f 1999/1999 2000/2000 2001/2001
f 2002/2002 2003/2003 1991/1991
f 2003/2003 2002/2002 2004/2004
f 2005/2005 2006/2006 2003/2003
f 2006/2006 2005/2005 2007/2007
f 2008/2008 2009/2009 2007/2007
f 2008/2008 2007/2007 2010/2010
f 2008/2008 2010/2010 2011/2011
f 2011/2011 2010/2010 2012/2012
f 2011/2011 2012/2012 2013/2013
f 2013/2013 2012/2012 2014/2014
f 2011/2011 2013/2013 2015/2015
f 2011/2011 2015/2015 2016/2016
f 2011/2011 2016/2016 2017/2017
f 2018/2018 2008/2008 2016/2016
f 2008/2008 2018/2018 2019/2019
f 2015/2015 2013/2013 2020/2020
f 2021/2021 2022/2022 2020/2020
f 2021/2021 2020/2020 2023/2023
f 2024/2024 2020/2020 2025/2025
f 2024/2024 2025/2025 2026/2026
f 2027/2027 2016/2016 2024/2024
f 2016/2016 2027/2027 2028/2028
f 2029/2029 2028/2028 2018/2018
f 2018/2018 2028/2028 2030/2030
f 2031/2031 2030/2030 1995/1995
f 1995/1995 2030/2030 2032/2032
f 2033/2033 1992/1992 2032/2032
f 2032/2032 1992/1992 2034/2034
f 2006/2006 2018/2018 2034/2034
f 2006/2006 2034/2034 2035/2035
f 2036/2036 2037/2037 2038/2038
f 2036/2036 2038/2038 2039/2039
f 2040/2040 2041/2041 2038/2038
f 2041/2041 2040/2040 2042/2042
f 2043/2043 2044/2044 2041/2041
f 2044/2044 2043/2043 2045/2045
f 2046/2046 1997/1997 2044/2044
f 1997/1997 2046/2046 2047/2047
f 2048/2048 2046/2046 2049/2049
f 2048/2048 2049/2049 2050/2050
f 2050/2050 2049/2049 2040/2040
f 2050/2050 2040/2040 2051/2051
f 2050/2050 2051/2051 2052/2052
f 2050/2050 2052/2052 2053/2053
f 2054/2054 2055/2055 2048/2048
f 2054/2054 2048/2048 2056/2056
f 2057/2057 2058/2058 2054/2054
f 2057/2057 2054/2054 2059/2059
f 2059/2059 2054/2054 2060/2060
f 2059/2059 2060/2060 2061/2061
f 2062/2062 2060/2060 2063/2063
f 2063/2063 2060/2060 2064/2064
f 2062/2062 2063/2063 2065/2065
f 2063/2063 2064/2064 2066/2066
f 2063/2063 2066/2066 2067/2067
f 2067/2067 2066/2066 2068/2068
f 2065/2065 2063/2063 2069/2069
f 2065/2065 2069/2069 2070/2070
f 2065/2065 2070/2070 2071/2071
f 2065/2065 2071/2071 2072/2072
f 2071/2071 2070/2070 2073/2073
f 2073/2073 2070/2070 2074/2074
f 2075/2075 2076/2076 2074/2074
f 2075/2075 2074/2074 2077/2077
f 2075/2075 2077/2077 2078/2078
f 2078/2078 2077/2077 2079/2079
f 2078/2078 2079/2079 2080/2080
f 2080/2080 2079/2079 2081/2081
f 2079/2079 2077/2077 2082/2082
f 2082/2082 2077/2077 2083/2083
f 2084/2084 2082/2082 2085/2085
f 2085/2085 2082/2082 2086/2086
f 2084/2084 2085/2085 2087/2087
f 2085/2085 2086/2086 2088/2088
f 2085/2085 2088/2088 2089/2089
f 2089/2089 2088/2088 2090/2090
f 2091/2091 2092/2092 2090/2090
f 2092/2092 2091/2091 2093/2093
f 2094/2094 2093/2093 2088/2088
f 2093/2093 2094/2094 2095/2095
f 2096/2096 2095/2095 2086/2086
f 2095/2095 2096/2096 2097/2097
f 2098/2098 2099/2099 2095/2095
f 2095/2095 2099/2099 2100/2100
f 2095/2095 2100/2100 2101/2101
f 2101/2101 2100/2100 2102/2102
f 2103/2103 2104/2104 2097/2097
f 2103/2103 2097/2097 2105/2105
f 2105/2105 2097/2097 2106/2106
f 2106/2106 2097/2097 2107/2107
f 2108/2108 2107/2107 2094/2094
f 2107/2107 2108/2108 2109/2109
f 2110/2110 2068/2068 2105/2105
f 2105/2105 2068/2068 2111/2111
f 2112/2112 2113/2113 2111/2111
f 2112/2112 2111/2111 2114/2114
f 2114/2114 2111/2111 2066/2066
f 2066/2066 2111/2111 2115/2115
f 2116/2116 2115/2115 2110/2110
f 2115/2115 2116/2116 2069/2069
f 2117/2117 2111/2111 2118/2118
f 2117/2117 2118/2118 2119/2119
f 2120/2120 2114/2114 2064/2064
f 2064/2064 2114/2114 2121/2121
f 2122/2122 2110/2110 2123/2123
f 2110/2110 2122/2122 2124/2124
f 2124/2124 2122/2122 2125/2125
f 2125/2125 2122/2122 2126/2126
f 2127/2127 2124/2124 2074/2074
f 2124/2124 2127/2127 2128/2128
f 2129/2129 2130/2130 2131/2131
f 2129/2129 2131/2131 2132/2132
f 2133/2133 2131/2131 2134/2134
f 2133/2133 2134/2134 1559/1559
f 2135/2135 2134/2134 2136/2136
f 2135/2135 2136/2136 1570/1570
f 1570/1570 2136/2136 2137/2137
f 2137/2137 2136/2136 1471/1471
f 1570/1570 2137/2137 1606/1606
f 1570/1570 1606/1606 2138/2138
f 1606/1606 2137/2137 2139/2139
f 1606/1606 2139/2139 1616/1616
f 2139/2139 2137/2137 1472/1472
f 1472/1472 2137/2137 2140/2140
f 2141/2141 2136/2136 1560/1560
f 2141/2141 1560/1560 2131/2131
f 2142/2142 2143/2143 2141/2141
f 2142/2142 2141/2141 2144/2144
f 2145/2145 2146/2146 2139/2139
f 2145/2145 2139/2139 2147/2147
f 2148/2148 2149/2149 2139/2139
f 2149/2149 2148/2148 2150/2150
f 2151/2151 2152/2152 2145/2145
f 2151/2151 2145/2145 2153/2153
f 2154/2154 2145/2145 2155/2155
f 2154/2154 2155/2155 2156/2156
f 2157/2157 2158/2158 2153/2153
f 2157/2157 2153/2153 2159/2159
f 2160/2160 2161/2161 2159/2159
f 2160/2160 2159/2159 2162/2162
f 2163/2163 2164/2164 2165/2165
f 2166/2166 2167/2167 2168/2168
f 2169/2169 2170/2170 2171/2171
f 2172/2172 2173/2173 2174/2174
f 2175/2175 2176/2176 2177/2177
f 2178/2178 2179/2179 2175/2175
f 2180/2180 2176/2176 2181/2181
f 2182/2182 2183/2183 2176/2176
f 2182/2182 2176/2176 2184/2184
f 2185/2185 2186/2186 2182/2182
f 2187/2187 2188/2188 2185/2185
f 2189/2189 2190/2190 2187/2187
f 2191/2191 2192/2192 2187/2187
f 2187/2187 2192/2192 2193/2193
f 2194/2194 2182/2182 2192/2192
f 2192/2192 2182/2182 2195/2195
f 2192/2192 2195/2195 2196/2196
f 2196/2196 2195/2195 2197/2197
f 2198/2198 2199/2199 2196/2196
f 2198/2198 2196/2196 2200/2200
f 2201/2201 2202/2202 2200/2200
f 2201/2201 2200/2200 2203/2203
f 2204/2204 2205/2205 2203/2203
f 2204/2204 2203/2203 2206/2206
f 2206/2206 2203/2203 2207/2207
f 2207/2207 2203/2203 2208/2208
f 2209/2209 2207/2207 2210/2210
f 2209/2209 2210/2210 1537/1537
f 2211/2211 2212/2212 2210/2210
f 2210/2210 2212/2212 1540/1540
f 2213/2213 2214/2214 2212/2212
f 2214/2214 2213/2213 2215/2215
f 2216/2216 2214/2214 2197/2197
f 2216/2216 2197/2197 2217/2217
f 2218/2218 2217/2217 2219/2219
f 2220/2220 2218/2218 2221/2221
f 2220/2220 2221/2221 2222/2222
f 2223/2223 2220/2220 2212/2212
f 2220/2220 2223/2223 2224/2224
f 2225/2225 2226/2226 2197/2197
f 2226/2226 2225/2225 2227/2227
f 2228/2228 2197/2197 2229/2229
f 2197/2197 2228/2228 2230/2230
f 2231/2231 2232/2232 2228/2228
f 2231/2231 2228/2228 2203/2203
f 2233/2233 2193/2193 2231/2231
f 2234/2234 2233/2233 2187/2187
f 2187/2187 2233/2233 2235/2235
f 2236/2236 2237/2237 2238/2238
f 2236/2236 2238/2238 2239/2239
f 2240/2240 2241/2241 2238/2238
f 2238/2238 2241/2241 2242/2242
f 2243/2243 2244/2244 2237/2237
f 2245/2245 2237/2237 2246/2246
f 2247/2247 2241/2241 2248/2248
f 2249/2249 2247/2247 2250/2250
f 2251/2251 2247/2247 2252/2252
f 2251/2251 2252/2252 2253/2253
f 2254/2254 2241/2241 2251/2251
f 2251/2251 2241/2241 2255/2255
f 2256/2256 2257/2257 2253/2253
f 2256/2256 2253/2253 2258/2258
f 2259/2259 2260/2260 2253/2253
f 2260/2260 2259/2259 2261/2261
f 2262/2262 2263/2263 2260/2260
f 2262/2262 2260/2260 2264/2264
f 2265/2265 2266/2266 2264/2264
f 2267/2267 2264/2264 2268/2268
f 2269/2269 2260/2260 2270/2270
f 2260/2260 2269/2269 2271/2271
f 2271/2271 2269/2269 2258/2258
f 2269/2269 2270/2270 2272/2272
f 2273/2273 2272/2272 2274/2274
f 2272/2272 2273/2273 2275/2275
f 2276/2276 2269/2269 2277/2277
f 2276/2276 2277/2277 2278/2278
f 2279/2279 2277/2277 2280/2280
f 2279/2279 2280/2280 2281/2281
f 2282/2282 2279/2279 2283/2283
f 2282/2282 2283/2283 2284/2284
f 2285/2285 2286/2286 2283/2283
f 2285/2285 2283/2283 2287/2287
f 2288/2288 2287/2287 2282/2282
f 2287/2287 2288/2288 2289/2289
f 2290/2290 2283/2283 2291/2291
f 2290/2290 2291/2291 2292/2292
f 2293/2293 2284/2284 2292/2292
f 2284/2284 2293/2293 2294/2294
f 2295/2295 2296/2296 2284/2284
f 2296/2296 2295/2295 2297/2297
f 2298/2298 2299/2299 2294/2294
f 2298/2298 2294/2294 2300/2300
f 2300/2300 2294/2294 2301/2301
f 2300/2300 2301/2301 2302/2302
f 2300/2300 2302/2302 2303/2303
f 2300/2300 2303/2303 2304/2304
f 2300/2300 2304/2304 2305/2305
f 2305/2305 2304/2304 2306/2306
f 2307/2307 2304/2304 2308/2308
f 2307/2307 2308/2308 2309/2309
f 2310/2310 2311/2311 2309/2309
f 2310/2310 2309/2309 2312/2312
f 2310/2310 2312/2312 2302/2302
f 2310/2310 2302/2302 2313/2313
f 2310/2310 2313/2313 2314/2314
f 2310/2310 2314/2314 2315/2315
f 2315/2315 2314/2314 2316/2316
f 2314/2314 2313/2313 2317/2317
f 2318/2318 2319/2319 2317/2317
f 2318/2318 2317/2317 2320/2320
f 2321/2321 2322/2322 2320/2320
f 2321/2321 2320/2320 2323/2323
f 2324/2324 2321/2321 2325/2325
f 2321/2321 2324/2324 2326/2326
f 2327/2327 2328/2328 2323/2323
f 2327/2327 2323/2323 2329/2329
f 2329/2329 2323/2323 2330/2330
f 2330/2330 2323/2323 2331/2331
f 2332/2332 2330/2330 2333/2333
f 2332/2332 2333/2333 2334/2334
f 2335/2335 2329/2329 2332/2332
f 2332/2332 2329/2329 2336/2336
f 2327/2327 2329/2329 2337/2337
f 2337/2337 2329/2329 2338/2338
f 2339/2339 2337/2337 2340/2340
f 2337/2337 2339/2339 2341/2341
f 2342/2342 2338/2338 2343/2343
f 2338/2338 2342/2342 2344/2344
f 2345/2345 2344/2344 2346/2346
f 2345/2345 2346/2346 2347/2347
f 2348/2348 2327/2327 2349/2349
f 2327/2327 2348/2348 2350/2350
f 2351/2351 2352/2352 2336/2336
f 2351/2351 2336/2336 2353/2353
f 2351/2351 2353/2353 2354/2354
f 2354/2354 2353/2353 2355/2355
f 2351/2351 2354/2354 2356/2356
f 2356/2356 2354/2354 2357/2357
f 2357/2357 2354/2354 2358/2358
f 2358/2358 2354/2354 2359/2359
f 2358/2358 2359/2359 2360/2360
f 2361/2361 2359/2359 2362/2362
f 2361/2361 2362/2362 2363/2363
f 2357/2357 2358/2358 2364/2364
f 2357/2357 2364/2364 2365/2365
f 2357/2357 2365/2365 2366/2366
f 2367/2367 2357/2357 2368/2368
f 2367/2367 2368/2368 2369/2369
f 2370/2370 2367/2367 2371/2371
f 2370/2370 2371/2371 2333/2333
f 2333/2333 2371/2371 2372/2372
f 2333/2333 2372/2372 2373/2373
f 2374/2374 2372/2372 2375/2375
f 2374/2374 2375/2375 2376/2376
f 2377/2377 2371/2371 2356/2356
f 2371/2371 2377/2377 2378/2378
f 2379/2379 2371/2371 2380/2380
f 2379/2379 2380/2380 2381/2381
f 2382/2382 2373/2373 2379/2379
f 2373/2373 2382/2382 2383/2383
f 2383/2383 2382/2382 2384/2384
f 2384/2384 2382/2382 2385/2385
f 2384/2384 2385/2385 2386/2386
f 2383/2383 2384/2384 2387/2387
f 2388/2388 2389/2389 2387/2387
f 2389/2389 2388/2388 2390/2390
f 2391/2391 2392/2392 2389/2389
f 2392/2392 2391/2391 2332/2332
f 2393/2393 2394/2394 2391/2391
f 2393/2393 2391/2391 2395/2395
f 2395/2395 2391/2391 2396/2396
f 2395/2395 2396/2396 2397/2397
f 2395/2395 2397/2397 2398/2398
f 2395/2395 2398/2398 2399/2399
f 2399/2399 2398/2398 2400/2400
f 2400/2400 2398/2398 2401/2401
f 2402/2402 2403/2403 2404/2404
f 2402/2402 2404/2404 2405/2405
f 2406/2406 2402/2402 2407/2407
f 2406/2406 2407/2407 2408/2408
f 2406/2406 2408/2408 2409/2409
f 2409/2409 2408/2408 2410/2410
f 2410/2410 2408/2408 2411/2411
f 2406/2406 2409/2409 2412/2412
f 2413/2413 2414/2414 2406/2406
f 2414/2414 2413/2413 2415/2415
f 2406/2406 2414/2414 2416/2416
f 2416/2416 2414/2414 2417/2417
f 2417/2417 2414/2414 2418/2418
f 2417/2417 2418/2418 2419/2419
f 2407/2407 2416/2416 2405/2405
f 2407/2407 2405/2405 2420/2420
f 2421/2421 2407/2407 2422/2422
f 2421/2421 2422/2422 2423/2423
f 2424/2424 2425/2425 2423/2423
f 2423/2423 2425/2425 2426/2426
f 2427/2427 2428/2428 2426/2426
f 2428/2428 2427/2427 2429/2429
f 2430/2430 2431/2431 2426/2426
f 2430/2430 2426/2426 2432/2432
f 2430/2430 2432/2432 2433/2433
f 2430/2430 2433/2433 2434/2434
f 2435/2435 2436/2436 2433/2433
f 2435/2435 2433/2433 2437/2437
f 2437/2437 2433/2433 2438/2438
f 2437/2437 2438/2438 2439/2439
f 2440/2440 2441/2441 2438/2438
f 2440/2440 2438/2438 2442/2442
f 2443/2443 2444/2444 2438/2438
f 2444/2444 2443/2443 2445/2445
f 2446/2446 2445/2445 2447/2447
f 2446/2446 2447/2447 2448/2448
f 2449/2449 2450/2450 2448/2448
f 2449/2449 2448/2448 2451/2451
f 2452/2452 2420/2420 2438/2438
f 2420/2420 2452/2452 2453/2453
f 2454/2454 2455/2455 2456/2456
f 2454/2454 2456/2456 2457/2457
f 2458/2458 436/436 2456/2456
f 2458/2458 2456/2456 2459/2459
f 2460/2460 2459/2459 2454/2454
f 2459/2459 2460/2460 2461/2461
f 2462/2462 2463/2463 2458/2458
f 2463/2463 2462/2462 2464/2464
f 2465/2465 2466/2466 2467/2467
f 2465/2465 2467/2467 2468/2468
f 2469/2469 2466/2466 2470/2470
f 2466/2466 2469/2469 2471/2471
f 2472/2472 2466/2466 2473/2473
f 2472/2472 2473/2473 2474/2474
f 2475/2475 2472/2472 2476/2476
f 2475/2475 2476/2476 2477/2477
f 2476/2476 2472/2472 2478/2478
f 2476/2476 2478/2478 2479/2479
f 2480/2480 2476/2476 2481/2481
f 2480/2480 2481/2481 2482/2482
f 2483/2483 2484/2484 2478/2478
f 2484/2484 2483/2483 2485/2485
f 2486/2486 2485/2485 2487/2487
f 2485/2485 2486/2486 2488/2488
f 2489/2489 2485/2485 2490/2490
f 2489/2489 2490/2490 2491/2491
f 2492/2492 2493/2493 2490/2490
f 2493/2493 2492/2492 2494/2494
f 2495/2495 2496/2496 2493/2493
f 2496/2496 2495/2495 2497/2497
f 2498/2498 2499/2499 2491/2491
f 2499/2499 2498/2498 2500/2500
f 2500/2500 2498/2498 2501/2501
f 2498/2498 2491/2491 2502/2502
f 2503/2503 2502/2502 2504/2504
f 2502/2502 2503/2503 2505/2505
f 2506/2506 2479/2479 2498/2498
f 2479/2479 2506/2506 2507/2507
f 2508/2508 2509/2509 2479/2479
f 2508/2508 2479/2479 2510/2510
f 2511/2511 2510/2510 2512/2512
f 2510/2510 2511/2511 2513/2513
f 2514/2514 2515/2515 2507/2507
f 2514/2514 2507/2507 2516/2516
f 2517/2517 2518/2518 2519/2519
f 2517/2517 2519/2519 2520/2520
f 2519/2519 2518/2518 2521/2521
f 2521/2521 2518/2518 2522/2522
f 2523/2523 2524/2524 2522/2522
f 2525/2525 2521/2521 2523/2523
f 2523/2523 2522/2522 2526/2526
f 2525/2525 2523/2523 2527/2527
f 2523/2523 2526/2526 2528/2528
f 2523/2523 2528/2528 2527/2527
f 2527/2527 2528/2528 2529/2529
f 2528/2528 2526/2526 2530/2530
f 2531/2531 2532/2532 2530/2530
f 2531/2531 2530/2530 2533/2533
f 2534/2534 2533/2533 2535/2535
f 2534/2534 2535/2535 2536/2536
f 2537/2537 2535/2535 2526/2526
f 2537/2537 2526/2526 2538/2538
f 2539/2539 2526/2526 2540/2540
f 2539/2539 2540/2540 2541/2541
f 2541/2541 2540/2540 2542/2542
f 2541/2541 2542/2542 2543/2543
f 2544/2544 2542/2542 2545/2545
f 2544/2544 2545/2545 2546/2546
f 2547/2547 2548/2548 2531/2531
f 2548/2548 2547/2547 2549/2549
f 2548/2548 2549/2549 2550/2550
f 2551/2551 2552/2552 2549/2549
f 2553/2553 2549/2549 2554/2554
f 2553/2553 2554/2554 2555/2555
f 2556/2556 2557/2557 2548/2548
f 2558/2558 2556/2556 2559/2559
f 2558/2558 2559/2559 2560/2560
f 2561/2561 2560/2560 2527/2527
f 2527/2527 2560/2560 2562/2562
f 2562/2562 2560/2560 2563/2563
f 2563/2563 2560/2560 2564/2564
f 2562/2562 2563/2563 2565/2565
f 2562/2562 2565/2565 2566/2566
f 2566/2566 2565/2565 1299/1299
f 2566/2566 1299/1299 2567/2567
f 2562/2562 2566/2566 2525/2525
f 2562/2562 2525/2525 2568/2568
f 2569/2569 2525/2525 2570/2570
f 2569/2569 2570/2570 2519/2519
f 2571/2571 2566/2566 2570/2570
f 2570/2570 2566/2566 1292/1292
f 2570/2570 1292/1292 2572/2572
f 2572/2572 1292/1292 2573/2573
f 2574/2574 2572/2572 1289/1289
f 2574/2574 1289/1289 2575/2575
f 2576/2576 2577/2577 2575/2575
f 2577/2577 2576/2576 2578/2578
f 2579/2579 2580/2580 2577/2577
f 2580/2580 2579/2579 2570/2570
f 2581/2581 2578/2578 2582/2582
f 2581/2581 2582/2582 2583/2583
f 2584/2584 1289/1289 2585/2585
f 2584/2584 2585/2585 2586/2586
f 2587/2587 2588/2588 2584/2584
f 2587/2587 2584/2584 1284/1284
f 2587/2587 1284/1284 2589/2589
f 2589/2589 1284/1284 2590/2590
f 2591/2591 1365/1365 2590/2590
f 2590/2590 1365/1365 2592/2592
f 2590/2590 2592/2592 2593/2593
f 2590/2590 2593/2593 2594/2594
f 2595/2595 2594/2594 2596/2596
f 2595/2595 2596/2596 2597/2597
f 2598/2598 2599/2599 2595/2595
f 2599/2599 2598/2598 2587/2587
f 2587/2587 2598/2598 2600/2600
f 2587/2587 2600/2600 2601/2601
f 2602/2602 1370/1370 2597/2597
f 2602/2602 2597/2597 2603/2603
f 2602/2602 2603/2603 2604/2604
f 2602/2602 2604/2604 1366/1366
f 2605/2605 2606/2606 2607/2607
f 2605/2605 2607/2607 2608/2608
f 2609/2609 2610/2610 2607/2607
f 2607/2607 2610/2610 2611/2611
f 2612/2612 2605/2605 2611/2611
f 2612/2612 2611/2611 2613/2613
f 2614/2614 2609/2609 2615/2615
f 2614/2614 2615/2615 2616/2616
f 2617/2617 2606/2606 2618/2618
f 2606/2606 2617/2617 2619/2619
f 2620/2620 2606/2606 2621/2621
f 2620/2620 2621/2621 2622/2622
f 2623/2623 2624/2624 2620/2620
f 2624/2624 2623/2623 2625/2625
f 2626/2626 2619/2619 2627/2627
f 2626/2626 2627/2627 2628/2628
f 2629/2629 2630/2630 2628/2628
f 2630/2630 2629/2629 2631/2631
f 2632/2632 2631/2631 2627/2627
f 2631/2631 2632/2632 2633/2633
f 2633/2633 2632/2632 2634/2634
f 2633/2633 2634/2634 2635/2635
f 2636/2636 2637/2637 2635/2635
f 2636/2636 2635/2635 2638/2638
f 2636/2636 2638/2638 2639/2639
f 2636/2636 2639/2639 2640/2640
f 2639/2639 2638/2638 2641/2641
f 2641/2641 2638/2638 2642/2642
f 2643/2643 2642/2642 2627/2627
f 2642/2642 2643/2643 2644/2644
f 2645/2645 2646/2646 2636/2636
f 2646/2646 2645/2645 2647/2647
f 2646/2646 2647/2647 2648/2648
f 2646/2646 2648/2648 2649/2649
f 2648/2648 2647/2647 2650/2650
f 2648/2648 2650/2650 2651/2651
f 2651/2651 2650/2650 2652/2652
f 2648/2648 2651/2651 2653/2653
f 2648/2648 2653/2653 2649/2649
f 2653/2653 2651/2651 2654/2654
f 2655/2655 2656/2656 2654/2654
f 2654/2654 2656/2656 2657/2657
f 2658/2658 2659/2659 2656/2656
f 2660/2660 2647/2647 2640/2640
f 2660/2660 2640/2640 2661/2661
f 2662/2662 2640/2640 2663/2663
f 2662/2662 2663/2663 2664/2664
f 2664/2664 2663/2663 2641/2641
f 2664/2664 2641/2641 2665/2665
f 2664/2664 2665/2665 2666/2666
f 2664/2664 2666/2666 2667/2667
f 2668/2668 2669/2669 2664/2664
f 2669/2669 2668/2668 2670/2670
f 2671/2671 2672/2672 2665/2665
f 2665/2665 2672/2672 2673/2673
f 2665/2665 2673/2673 2674/2674
f 2665/2665 2674/2674 2675/2675
f 2676/2676 2677/2677 2678/2678
f 2676/2676 2678/2678 2679/2679
f 2679/2679 2678/2678 2680/2680
f 2679/2679 2680/2680 2681/2681
f 2682/2682 2683/2683 2679/2679
f 2683/2683 2682/2682 2684/2684
f 2678/2678 2677/2677 2685/2685
f 2678/2678 2685/2685 2686/2686
f 2678/2678 2686/2686 2687/2687
f 2687/2687 2686/2686 2688/2688
f 2685/2685 2677/2677 2689/2689
f 2689/2689 2677/2677 2690/2690
f 2690/2690 2677/2677 2691/2691
f 2691/2691 2677/2677 2692/2692
f 2690/2690 2691/2691 2693/2693
f 2690/2690 2693/2693 2694/2694
f 2695/2695 2696/2696 2693/2693
f 2696/2696 2695/2695 2697/2697
f 2698/2698 2697/2697 2699/2699
f 2698/2698 2699/2699 2700/2700
f 2701/2701 2702/2702 2695/2695
f 2702/2702 2701/2701 2703/2703
f 2704/2704 2705/2705 2702/2702
f 2704/2704 2702/2702 2706/2706
f 2707/2707 2706/2706 2708/2708
f 2709/2709 2710/2710 2701/2701
f 2711/2711 2712/2712 2709/2709
f 2713/2713 2714/2714 2710/2710
f 2715/2715 2710/2710 2716/2716
f 2717/2717 2715/2715 2718/2718
f 2719/2719 2717/2717 2720/2720
f 2721/2721 2722/2722 2723/2723
f 2721/2721 2723/2723 2724/2724
f 2725/2725 2726/2726 2722/2722
f 2727/2727 2728/2728 2722/2722
f 2727/2727 2722/2722 2729/2729
f 2730/2730 2731/2731 2727/2727
f 2732/2732 2733/2733 2729/2729
f 2733/2733 2732/2732 2734/2734
f 2735/2735 2732/2732 2736/2736
f 2735/2735 2736/2736 2737/2737
f 2738/2738 2736/2736 1779/1779
f 2738/2738 1779/1779 2739/2739
f 2740/2740 2738/2738 1771/1771
f 2738/2738 2740/2740 2741/2741
f 2742/2742 2743/2743 1779/1779
f 2743/2743 2742/2742 2744/2744
f 2745/2745 2742/2742 2746/2746
f 2742/2742 2745/2745 2747/2747
f 2748/2748 2747/2747 2749/2749
f 2747/2747 2748/2748 2734/2734
f 2750/2750 2751/2751 2748/2748
f 2752/2752 2753/2753 2748/2748
f 2752/2752 2748/2748 2754/2754
f 2755/2755 2756/2756 2752/2752
f 2757/2757 2754/2754 2758/2758
f 2754/2754 2757/2757 2759/2759
f 2759/2759 2757/2757 2760/2760
f 2760/2760 2757/2757 2761/2761
f 2762/2762 2763/2763 2734/2734
f 2762/2762 2734/2734 2764/2764
f 2762/2762 2764/2764 2765/2765
f 2766/2766 2762/2762 2767/2767
f 2768/2768 2766/2766 2769/2769
f 2770/2770 2771/2771 492/492
f 2771/2771 2770/2770 2772/2772
f 2770/2770 492/492 2773/2773
f 492/492 2771/2771 2774/2774
f 2774/2774 2771/2771 2775/2775
f 492/492 2774/2774 2776/2776
f 2777/2777 2770/2770 486/486
f 2778/2778 2779/2779 2773/2773
f 2779/2779 2778/2778 2780/2780
f 2781/2781 2782/2782 2783/2783
f 2781/2781 2783/2783 2784/2784
f 2785/2785 2784/2784 757/757
f 2784/2784 2785/2785 2786/2786
f 2787/2787 2788/2788 2781/2781
f 2787/2787 2781/2781 2789/2789
f 2789/2789 2781/2781 756/756
f 2789/2789 756/756 687/687
f 2790/2790 2791/2791 2792/2792
f 2792/2792 2791/2791 2793/2793
f 2792/2792 2793/2793 2794/2794
f 2790/2790 2792/2792 2795/2795
f 2796/2796 2795/2795 2797/2797
f 2795/2795 2796/2796 2798/2798
f 2798/2798 2796/2796 2799/2799
f 2799/2799 2796/2796 2800/2800
f 2801/2801 2796/2796 2802/2802
f 2801/2801 2802/2802 2803/2803
f 2804/2804 2801/2801 2805/2805
f 2801/2801 2804/2804 2806/2806
f 2801/2801 2806/2806 2807/2807
f 2807/2807 2806/2806 2808/2808
f 2809/2809 2810/2810 2807/2807
f 2810/2810 2809/2809 2811/2811
f 2812/2812 2798/2798 2811/2811
f 2798/2798 2812/2812 2813/2813
f 2814/2814 2815/2815 2812/2812
f 2815/2815 2814/2814 1078/1078
f 1078/1078 2814/2814 2816/2816
f 1078/1078 2816/2816 2817/2817
f 1078/1078 2817/2817 2818/2818
f 2816/2816 2814/2814 2819/2819
f 2820/2820 2819/2819 2807/2807
f 2819/2819 2820/2820 2821/2821
f 2822/2822 2816/2816 2823/2823
f 2816/2816 2822/2822 2824/2824
f 2825/2825 2826/2826 2816/2816
f 2826/2826 2825/2825 2827/2827
f 2828/2828 2812/2812 1081/1081
f 2828/2828 1081/1081 2829/2829
f 2830/2830 2831/2831 2828/2828
f 2830/2830 2828/2828 2832/2832
f 2833/2833 2832/2832 1083/1083
f 2832/2832 2833/2833 2834/2834
f 2835/2835 2836/2836 2837/2837
f 2835/2835 2837/2837 2838/2838
f 2839/2839 2840/2840 2841/2841
f 2839/2839 2841/2841 2842/2842
f 2843/2843 2844/2844 2845/2845
f 2843/2843 2845/2845 2846/2846
f 2845/2845 2844/2844 2620/2620
f 2620/2620 2844/2844 2847/2847
f 2848/2848 2843/2843 2849/2849
f 2848/2848 2849/2849 2850/2850
f 2851/2851 2852/2852 2850/2850
f 2851/2851 2850/2850 2853/2853
f 2853/2853 2850/2850 2854/2854
f 2854/2854 2850/2850 2855/2855
f 2854/2854 2855/2855 2856/2856
f 2854/2854 2856/2856 2857/2857
f 2854/2854 2857/2857 2858/2858
f 2858/2858 2857/2857 2859/2859
f 2860/2860 2861/2861 2859/2859
f 2860/2860 2859/2859 2862/2862
f 2863/2863 2862/2862 2864/2864
f 2863/2863 2864/2864 2865/2865
f 2866/2866 2860/2860 2867/2867
f 2866/2866 2867/2867 2868/2868
f 2869/2869 2860/2860 2870/2870
f 2869/2869 2870/2870 2871/2871
f 2872/2872 2859/2859 2869/2869
f 2859/2859 2872/2872 2873/2873
f 2874/2874 2875/2875 2873/2873
f 2874/2874 2873/2873 2876/2876
f 2874/2874 2876/2876 2877/2877
f 2874/2874 2877/2877 2878/2878
f 2879/2879 2880/2880 2876/2876
f 2879/2879 2876/2876 2881/2881
f 2881/2881 2876/2876 2882/2882
f 2882/2882 2876/2876 2858/2858
f 2881/2881 2882/2882 2883/2883
f 2881/2881 2883/2883 2884/2884
f 2885/2885 2886/2886 2881/2881
f 2885/2885 2881/2881 2887/2887
f 2888/2888 2882/2882 2889/2889
f 2888/2888 2889/2889 2890/2890
f 2891/2891 2892/2892 2893/2893
f 2891/2891 2893/2893 2894/2894
f 2895/2895 2896/2896 2894/2894
f 2895/2895 2894/2894 2897/2897
f 2898/2898 2899/2899 2894/2894
f 2898/2898 2894/2894 2900/2900
f 2901/2901 2893/2893 2900/2900
f 2900/2900 2893/2893 2902/2902
f 2900/2900 2902/2902 2903/2903
f 2900/2900 2903/2903 2904/2904
f 2905/2905 2900/2900 2906/2906
f 2905/2905 2906/2906 2907/2907
f 2908/2908 2907/2907 2909/2909
f 2907/2907 2908/2908 2910/2910
f 2911/2911 2899/2899 2905/2905
f 2899/2899 2911/2911 2912/2912
f 2912/2912 2911/2911 2913/2913
f 2912/2912 2913/2913 2914/2914
f 2913/2913 2911/2911 2915/2915
f 2913/2913 2915/2915 2916/2916
f 2917/2917 2795/2795 2902/2902
f 2902/2902 2795/2795 2918/2918
f 2902/2902 2918/2918 2919/2919
f 2902/2902 2919/2919 2920/2920
f 2921/2921 2922/2922 2923/2923
f 2921/2921 2923/2923 2924/2924
f 2925/2925 292/292 2923/2923
f 2925/2925 2923/2923 2926/2926
f 2927/2927 2925/2925 2922/2922
f 2927/2927 2922/2922 2928/2928
f 2927/2927 2928/2928 736/736
f 736/736 2928/2928 2929/2929
f 2928/2928 2922/2922 731/731
f 731/731 2922/2922 2930/2930
f 2928/2928 731/731 2931/2931
f 2928/2928 2931/2931 733/733
f 2932/2932 2933/2933 731/731
f 2932/2932 731/731 2934/2934
f 2935/2935 2936/2936 2934/2934
f 2935/2935 2934/2934 2937/2937
f 1657/1657 2937/2937 296/296
f 2937/2937 1657/1657 2938/2938
f 2939/2939 724/724 2936/2936
f 2939/2939 2936/2936 723/723
f 2940/2940 2941/2941 2942/2942
f 2940/2940 2942/2942 866/866
f 2943/2943 2940/2940 2944/2944
f 2943/2943 2944/2944 2945/2945
f 2946/2946 2947/2947 2944/2944
f 2946/2946 2944/2944 864/864
f 2948/2948 2946/2946 2949/2949
f 2948/2948 2949/2949 2950/2950
f 2949/2949 2946/2946 2951/2951
f 2949/2949 2951/2951 2952/2952
f 2953/2953 2954/2954 2950/2950
f 2954/2954 2953/2953 2955/2955
f 2956/2956 2957/2957 2958/2958
f 2956/2956 2958/2958 2959/2959
f 2960/2960 2956/2956 2961/2961
f 2956/2956 2960/2960 2962/2962
f 2963/2963 2957/2957 2960/2960
f 2957/2957 2963/2963 2964/2964
f 2965/2965 2964/2964 2966/2966
f 2964/2964 2965/2965 1949/1949
f 1949/1949 2965/2965 2967/2967
f 1949/1949 2967/2967 2968/2968
f 2969/2969 2970/2970 2971/2971
f 2969/2969 2971/2971 2972/2972
f 2973/2973 2969/2969 2974/2974
f 2973/2973 2974/2974 2975/2975
f 2969/2969 2973/2973 2976/2976
f 2969/2969 2976/2976 2977/2977
f 2977/2977 2976/2976 2978/2978
f 2977/2977 2978/2978 2979/2979
f 2980/2980 2981/2981 2977/2977
f 2980/2980 2977/2977 2982/2982
f 2983/2983 2982/2982 2984/2984
f 2985/2985 2983/2983 2986/2986
f 2987/2987 2984/2984 2976/2976
f 2984/2984 2987/2987 2988/2988
f 2988/2988 2987/2987 2989/2989
f 2989/2989 2987/2987 2990/2990
f 2991/2991 2992/2992 2990/2990
f 2993/2993 2976/2976 2992/2992
f 2992/2992 2976/2976 2973/2973
f 2990/2990 2992/2992 2994/2994
f 2994/2994 2992/2992 2995/2995
f 2996/2996 2973/2973 2995/2995
f 2995/2995 2973/2973 2997/2997
f 2994/2994 2995/2995 2998/2998
f 2999/2999 3000/3000 2998/2998
f 2999/2999 2998/2998 3001/3001
f 3002/3002 3003/3003 3001/3001
f 3002/3002 3001/3001 3004/3004
f 3002/3002 3004/3004 3005/3005
f 3005/3005 3004/3004 3006/3006
f 3007/3007 3008/3008 3006/3006
f 3008/3008 3007/3007 3009/3009
f 3010/3010 3008/3008 3011/3011
f 3010/3010 3011/3011 3012/3012
f 3013/3013 3012/3012 3014/3014
f 3012/3012 3013/3013 3015/3015
f 3016/3016 3017/3017 3015/3015
f 3015/3015 3017/3017 3018/3018
f 3019/3019 3020/3020 3012/3012
f 3012/3012 3020/3020 3021/3021
f 3022/3022 3023/3023 3021/3021
f 3022/3022 3021/3021 3024/3024
f 3025/3025 3026/3026 3024/3024
f 3025/3025 3024/3024 3027/3027
f 3028/3028 3029/3029 3027/3027
f 3028/3028 3027/3027 3030/3030
f 3031/3031 3032/3032 3030/3030
f 3031/3031 3030/3030 3033/3033
f 3031/3031 3033/3033 3034/3034
f 3031/3031 3034/3034 3035/3035
f 3035/3035 3034/3034 3036/3036
f 3036/3036 3034/3034 3037/3037
f 3038/3038 3033/3033 3027/3027
f 3027/3027 3033/3033 3039/3039
f 3040/3040 3041/3041 3027/3027
f 3041/3041 3040/3040 3042/3042
f 3041/3041 3042/3042 3043/3043
f 3041/3041 3043/3043 3044/3044
f 3043/3043 3042/3042 3045/3045
f 3045/3045 3042/3042 3046/3046
f 3046/3046 3042/3042 3047/3047
f 3047/3047 3042/3042 3048/3048
f 3049/3049 3044/3044 3034/3034
f 3044/3044 3049/3049 3050/3050
f 3051/3051 3052/3052 3034/3034
f 3052/3052 3051/3051 3053/3053
f 3054/3054 3055/3055 3052/3052
f 3052/3052 3055/3055 3056/3056
f 3057/3057 3056/3056 3058/3058
f 3056/3056 3057/3057 3059/3059
f 3060/3060 3054/3054 3051/3051
f 3054/3054 3060/3060 3061/3061
f 3061/3061 3060/3060 3062/3062
f 3061/3061 3062/3062 3063/3063
f 3064/3064 3065/3065 3063/3063
f 3064/3064 3063/3063 3066/3066
f 3067/3067 3066/3066 3046/3046
f 3067/3067 3046/3046 3068/3068
f 3069/3069 3070/3070 3067/3067
f 3070/3070 3069/3069 3071/3071
f 3070/3070 3071/3071 3072/3072
f 3072/3072 3071/3071 3009/3009
f 3073/3073 3074/3074 3072/3072
f 3072/3072 3074/3074 3075/3075
f 3075/3075 3074/3074 3076/3076
f 3075/3075 3076/3076 3077/3077
f 3078/3078 3079/3079 3076/3076
f 3078/3078 3076/3076 3080/3080
f 3081/3081 3082/3082 3074/3074
f 3081/3081 3074/3074 3083/3083
f 3081/3081 3083/3083 3084/3084
f 3084/3084 3083/3083 3085/3085
f 3086/3086 3083/3083 3087/3087
f 3083/3083 3086/3086 3088/3088
f 3088/3088 3086/3086 3089/3089
f 3088/3088 3089/3089 3090/3090
f 3091/3091 3092/3092 3088/3088
f 3091/3091 3088/3088 3093/3093
f 3094/3094 3095/3095 3093/3093
f 3094/3094 3093/3093 3096/3096
f 3097/3097 3098/3098 3086/3086
f 3097/3097 3086/3086 3072/3072
f 3099/3099 3097/3097 3100/3100
f 3097/3097 3099/3099 3101/3101
f 3101/3101 2997/2997 3086/3086
f 2997/2997 3101/3101 3102/3102
f 3103/3103 3104/3104 3105/3105
f 3103/3103 3105/3105 3106/3106
f 3107/3107 3108/3108 3104/3104
f 3107/3107 3104/3104 3109/3109
f 3110/3110 3111/3111 3112/3112
f 3110/3110 3112/3112 3113/3113
f 3114/3114 3115/3115 3116/3116
f 3114/3114 3116/3116 3117/3117
f 3118/3118 3119/3119 3117/3117
f 3119/3119 3118/3118 3120/3120
f 3121/3121 3122/3122 3119/3119
f 3122/3122 3121/3121 3123/3123
f 3124/3124 3125/3125 3122/3122
f 3125/3125 3124/3124 3126/3126
f 3127/3127 3125/3125 3115/3115
f 3127/3127 3115/3115 3128/3128
f 3129/3129 3130/3130 3124/3124
f 3130/3130 3129/3129 3131/3131
f 3132/3132 3133/3133 3130/3130
f 3134/3134 3135/3135 3132/3132
f 3136/3136 3132/3132 3137/3137
f 3138/3138 3130/3130 3136/3136
f 3138/3138 3136/3136 3139/3139
f 3140/3140 3141/3141 3138/3138
f 3140/3140 3138/3138 3142/3142
f 3140/3140 3142/3142 3143/3143
f 3144/3144 3145/3145 3142/3142
f 3146/3146 3147/3147 3134/3134
f 3148/3148 3149/3149 3134/3134
f 3150/3150 3151/3151 3134/3134
f 3150/3150 3134/3134 3152/3152
f 3150/3150 3152/3152 3153/3153
f 3153/3153 3152/3152 3154/3154
f 3155/3155 3152/3152 3148/3148
f 3152/3152 3155/3155 3156/3156
f 3157/3157 3155/3155 3123/3123
f 3157/3157 3123/3123 3158/3158
f 3159/3159 3160/3160 3158/3158
f 3159/3159 3158/3158 3161/3161
f 3162/3162 3163/3163 3123/3123
f 3162/3162 3123/3123 3164/3164
f 3165/3165 3126/3126 3162/3162
f 3126/3126 3165/3165 3166/3166
f 3167/3167 3168/3168 3126/3126
f 3126/3126 3168/3168 3169/3169
f 3170/3170 3169/3169 3125/3125
f 3125/3125 3169/3169 3171/3171
f 3172/3172 3173/3173 3174/3174
f 3172/3172 3174/3174 3175/3175
f 3175/3175 3174/3174 3176/3176
f 3176/3176 3174/3174 3177/3177
f 3176/3176 3177/3177 2258/2258
f 3176/3176 2258/2258 3178/3178
f 3179/3179 3178/3178 2282/2282
f 3178/3178 3179/3179 3180/3180
f 3181/3181 3180/3180 3182/3182
f 3181/3181 3182/3182 2305/2305
f 3181/3181 2305/2305 3183/3183
f 3181/3181 3183/3183 3184/3184
f 3185/3185 3172/3172 3183/3183
f 3185/3185 3183/3183 3186/3186
f 3187/3187 3188/3188 3186/3186
f 3186/3186 3188/3188 3189/3189
f 3190/3190 3184/3184 3191/3191
f 3184/3184 3190/3190 3173/3173
f 3192/3192 3173/3173 3193/3193
f 3173/3173 3192/3192 3194/3194
f 3195/3195 3194/3194 2242/2242
f 3195/3195 2242/2242 3174/3174
f 3196/3196 2242/2242 3177/3177
f 3177/3177 2242/2242 3197/3197
f 3198/3198 3199/3199 3200/3200
f 3198/3198 3200/3200 3201/3201
f 3202/3202 3203/3203 3204/3204
f 3202/3202 3204/3204 3205/3205
f 3206/3206 3203/3203 2405/2405
f 3203/3203 3206/3206 3207/3207
f 3208/3208 3206/3206 2417/2417
f 3208/3208 2417/2417 3209/3209
f 3208/3208 3209/3209 2679/2679
f 2679/2679 3209/3209 3210/3210
f 3210/3210 3209/3209 3211/3211
f 3211/3211 3209/3209 3212/3212
f 3213/3213 3212/3212 2414/2414
f 3212/3212 3213/3213 3214/3214
f 3215/3215 3216/3216 3208/3208
f 3215/3215 3208/3208 3217/3217
f 3207/3207 3217/3217 2688/2688
f 3207/3207 2688/2688 3218/3218
f 3207/3207 3218/3218 3219/3219
f 3219/3219 3218/3218 3220/3220
f 3221/3221 3222/3222 3220/3220
f 3221/3221 3220/3220 3223/3223
f 3224/3224 3225/3225 3211/3211
f 3225/3225 3224/3224 3226/3226
f 3227/3227 3228/3228 3225/3225
f 3228/3228 3227/3227 3229/3229
f 3230/3230 3231/3231 3225/3225
f 3231/3231 3230/3230 3232/3232
f 3233/3233 3234/3234 3230/3230
f 3234/3234 3233/3233 3235/3235
f 3236/3236 3232/3232 3234/3234
f 3234/3234 3232/3232 3237/3237
f 3238/3238 2691/2691 3232/3232
f 3238/3238 3232/3232 3239/3239
f 3240/3240 3241/3241 3239/3239
f 3240/3240 3239/3239 3242/3242
f 3243/3243 2691/2691 3231/3231
f 3231/3231 2691/2691 2676/2676
f 3244/3244 3231/3231 3210/3210
f 3244/3244 3210/3210 3245/3245
f 3246/3246 3245/3245 3247/3247
f 3245/3245 3246/3246 3248/3248
f 3249/3249 3250/3250 3251/3251
f 3249/3249 3251/3251 3032/3032
f 3252/3252 3253/3253 3254/3254
f 3252/3252 3254/3254 3255/3255
f 3256/3256 3257/3257 3258/3258
f 3256/3256 3258/3258 3259/3259
f 3260/3260 3261/3261 3262/3262
f 3260/3260 3262/3262 3263/3263
f 3264/3264 3265/3265 3262/3262
f 3264/3264 3262/3262 3266/3266
f 3267/3267 3266/3266 3268/3268
f 3266/3266 3267/3267 3269/3269
f 3269/3269 3267/3267 3270/3270
f 3271/3271 3269/3269 3272/3272
f 3271/3271 3272/3272 3273/3273
f 3274/3274 3275/3275 3272/3272
f 3276/3276 3272/3272 3277/3277
f 3278/3278 3276/3276 3279/3279
f 3280/3280 3281/3281 3265/3265
f 3281/3281 3280/3280 3282/3282
f 3283/3283 3284/3284 3280/3280
f 3284/3284 3283/3283 3285/3285
f 3286/3286 3287/3287 3284/3284
f 3284/3284 3287/3287 3288/3288
f 3284/3284 3288/3288 3281/3281
f 3281/3281 3288/3288 3289/3289
f 3281/3281 3289/3289 3290/3290
f 3290/3290 3289/3289 3291/3291
f 3292/3292 3293/3293 3294/3294
f 3293/3293 3292/3292 3295/3295
f 3295/3295 3292/3292 3296/3296
f 3297/3297 3292/3292 3298/3298
f 3292/3292 3297/3297 3299/3299
f 3300/3300 3295/3295 3299/3299
f 3301/3301 3302/3302 3299/3299
f 3303/3303 3304/3304 3294/3294
f 3303/3303 3294/3294 3305/3305
f 3306/3306 3307/3307 3305/3305
f 3305/3305 3307/3307 3308/3308
f 3305/3305 3308/3308 3309/3309
f 3305/3305 3309/3309 3310/3310
f 3311/3311 3312/3312 3309/3309
f 3313/3313 3312/3312 3314/3314
f 3312/3312 3313/3313 3315/3315
f 3316/3316 3308/3308 3317/3317
f 3308/3308 3316/3316 3318/3318
f 3319/3319 3316/3316 3320/3320
f 3316/3316 3319/3319 3321/3321
f 3322/3322 3316/3316 631/631
f 3322/3322 631/631 3323/3323
f 3324/3324 3325/3325 3326/3326
f 3324/3324 3326/3326 3327/3327
f 3328/3328 3329/3329 3330/3330
f 3328/3328 3330/3330 3331/3331
f 3332/3332 3333/3333 3334/3334
f 3332/3332 3334/3334 3335/3335
f 3336/3336 3337/3337 3338/3338
f 3336/3336 3338/3338 3339/3339
f 3340/3340 3341/3341 810/810
f 810/810 3341/3341 3342/3342
f 810/810 3342/3342 3343/3343
f 810/810 3343/3343 3344/3344
f 3344/3344 3343/3343 789/789
f 3343/3343 3342/3342 3345/3345
f 3346/3346 788/788 3345/3345
f 3345/3345 788/788 3347/3347
f 3348/3348 788/788 3349/3349
f 3348/3348 3349/3349 3350/3350
f 3351/3351 3348/3348 3352/3352
f 3351/3351 3352/3352 3353/3353
f 3352/3352 782/782 3350/3350
f 3352/3352 3350/3350 3354/3354
f 3355/3355 3352/3352 3356/3356
f 3355/3355 3356/3356 3357/3357
f 3358/3358 3359/3359 3360/3360
f 3358/3358 3360/3360 3361/3361
f 3362/3362 3363/3363 3364/3364
f 3365/3365 3366/3366 2635/2635
f 2635/2635 3366/3366 3367/3367
f 2635/2635 3367/3367 3368/3368
f 3368/3368 3367/3367 3369/3369
f 3370/3370 3371/3371 3369/3369
f 3370/3370 3369/3369 3372/3372
f 3373/3373 3374/3374 3372/3372
f 3373/3373 3372/3372 3375/3375
f 3376/3376 3366/3366 3365/3365
f 3376/3376 3365/3365 3377/3377
f 3378/3378 3365/3365 3379/3379
f 3365/3365 3378/3378 2649/2649
f 3380/3380 3381/3381 2649/2649
f 3380/3380 2649/2649 3382/3382
f 3383/3383 3382/3382 2654/2654
f 3382/3382 3383/3383 3384/3384
f 3385/3385 3386/3386 3387/3387
f 3385/3385 3387/3387 3388/3388
f 3389/3389 3390/3390 3391/3391
f 3389/3389 3391/3391 3392/3392
f 3393/3393 3394/3394 3389/3389
f 3394/3394 3393/3393 3395/3395
f 3396/3396 3397/3397 3392/3392
f 3397/3397 3396/3396 3398/3398
f 3399/3399 3400/3400 3401/3401
f 3399/3399 3401/3401 3402/3402
f 3403/3403 3404/3404 3405/3405
f 3403/3403 3405/3405 3406/3406
f 3407/3407 1259/1259 3408/3408
f 3407/3407 3408/3408 3409/3409
f 3409/3409 3408/3408 3410/3410
f 3409/3409 3410/3410 3411/3411
f 3412/3412 3413/3413 3414/3414
f 3412/3412 3414/3414 3415/3415
f 3416/3416 3417/3417 3418/3418
f 3416/3416 3418/3418 3419/3419
f 3419/3419 3418/3418 298/298
f 3419/3419 298/298 1655/1655
f 3420/3420 3421/3421 3422/3422
f 3420/3420 3422/3422 3423/3423
f 3424/3424 3425/3425 3422/3422
f 3425/3425 3424/3424 3426/3426
f 3427/3427 3428/3428 3425/3425
f 3428/3428 3427/3427 3429/3429
f 3428/3428 3429/3429 3430/3430
f 3430/3430 3429/3429 3431/3431
f 3432/3432 3433/3433 3434/3434
f 3432/3432 3434/3434 1733/1733
f 3435/3435 3436/3436 2803/2803
f 2803/2803 3436/3436 3437/3437
f 3438/3438 3436/3436 3439/3439
f 3438/3438 3439/3439 3440/3440
f 3441/3441 3442/3442 3438/3438
f 3442/3442 3441/3441 3443/3443
f 3444/3444 3445/3445 3438/3438
f 3444/3444 3438/3438 3446/3446
f 3447/3447 3444/3444 3448/3448
f 3447/3447 3448/3448 3449/3449
f 3450/3450 3436/3436 2897/2897
f 3450/3450 2897/2897 3451/3451
f 3450/3450 3451/3451 3452/3452
f 3450/3450 3452/3452 3446/3446
f 3452/3452 3451/3451 3453/3453
f 3446/3446 3452/3452 3454/3454
f 3455/3455 2650/2650 3456/3456
f 3455/3455 3456/3456 3457/3457
f 3458/3458 3459/3459 3460/3460
f 3458/3458 3460/3460 3461/3461
f 3462/3462 3460/3460 3463/3463
f 3462/3462 3463/3463 3464/3464
f 3465/3465 3461/3461 3464/3464
f 3461/3461 3465/3465 3466/3466
f 3467/3467 3466/3466 3458/3458
f 3458/3458 3466/3466 3468/3468
f 3469/3469 3459/3459 3470/3470
f 3469/3469 3470/3470 3471/3471
f 3472/3472 682/682 3473/3473
f 3472/3472 3473/3473 690/690
f 3474/3474 3475/3475 690/690
f 3475/3475 3474/3474 3476/3476
f 3477/3477 3472/3472 3476/3476
f 3477/3477 3476/3476 3478/3478
f 3478/3478 3476/3476 3479/3479
f 3479/3479 3476/3476 3480/3480
f 3481/3481 3482/3482 3472/3472
f 3482/3482 3481/3481 3483/3483
f 3484/3484 3485/3485 3486/3486
f 3484/3484 3486/3486 3487/3487
f 3488/3488 3486/3486 3489/3489
f 3488/3488 3489/3489 3490/3490
f 3491/3491 3487/3487 3488/3488
f 3488/3488 3487/3487 3492/3492
f 2855/2855 2613/2613 3484/3484
f 2613/2613 2855/2855 3493/3493
f 3493/3493 2855/2855 2849/2849
f 2849/2849 2855/2855 3494/3494
f 3493/3493 2849/2849 3495/3495
f 3493/3493 3495/3495 3496/3496
f 3497/3497 2856/2856 2613/2613
f 3497/3497 2613/2613 3498/3498
f 3499/3499 3500/3500 3498/3498
f 3499/3499 3498/3498 3501/3501
f 3502/3502 3503/3503 3498/3498
f 3502/3502 3498/3498 3504/3504
f 3505/3505 3498/3498 3506/3506
f 3505/3505 3506/3506 3507/3507
f 3508/3508 3497/3497 3507/3507
f 3508/3508 3507/3507 3509/3509
f 3510/3510 3511/3511 2313/2313
f 2313/2313 3511/3511 3512/3512
f 3512/3512 3511/3511 3513/3513
f 3512/3512 3513/3513 3514/3514
f 3515/3515 3510/3510 3516/3516
f 3510/3510 3515/3515 2301/2301
f 3510/3510 2301/2301 2292/2292
f 3510/3510 2292/2292 3517/3517
f 3518/3518 3519/3519 3517/3517
f 3519/3519 3518/3518 3520/3520
f 3521/3521 3522/3522 3520/3520
f 3521/3521 3520/3520 2283/2283
f 3523/3523 3520/3520 3524/3524
f 3523/3523 3524/3524 3525/3525
f 3526/3526 3525/3525 2364/2364
f 2364/2364 3525/3525 3527/3527
f 3528/3528 2364/2364 3529/3529
f 2364/2364 3528/3528 3530/3530
f 3531/3531 3510/3510 3528/3528
f 3531/3531 3528/3528 2358/2358
f 3532/3532 3533/3533 3534/3534
f 3532/3532 3534/3534 3535/3535
f 3536/3536 3537/3537 3538/3538
f 3536/3536 3538/3538 3539/3539
f 3540/3540 3541/3541 3542/3542
f 3540/3540 3542/3542 3543/3543
f 3540/3540 3543/3543 3544/3544
f 3544/3544 3543/3543 3545/3545
f 3546/3546 3544/3544 3547/3547
f 3546/3546 3547/3547 3548/3548
f 3549/3549 3550/3550 3548/3548
f 3549/3549 3548/3548 3551/3551
f 3552/3552 3553/3553 3551/3551
f 3551/3551 3553/3553 3554/3554
f 3554/3554 3553/3553 3555/3555
f 3554/3554 3555/3555 3556/3556
f 3554/3554 3556/3556 3557/3557
f 3554/3554 3557/3557 3558/3558
f 3559/3559 3560/3560 3554/3554
f 3560/3560 3559/3559 3561/3561
f 3562/3562 3555/3555 1998/1998
f 3562/3562 1998/1998 3563/3563
f 3555/3555 3562/3562 3564/3564
f 3564/3564 3562/3562 2057/2057
f 3565/3565 3566/3566 3564/3564
f 3565/3565 3564/3564 3567/3567
f 3568/3568 3569/3569 3567/3567
f 3568/3568 3567/3567 3570/3570
f 3568/3568 3570/3570 3571/3571
f 3571/3571 3570/3570 3572/3572
f 3573/3573 3572/3572 2065/2065
f 3572/3572 3573/3573 3574/3574
f 3575/3575 3576/3576 3577/3577
f 3575/3575 3577/3577 3578/3578
f 3578/3578 3577/3577 1843/1843
f 1843/1843 3577/3577 3121/3121
f 3121/3121 3577/3577 3579/3579
f 3121/3121 3579/3579 3580/3580
f 3581/3581 3154/3154 3579/3579
f 3154/3154 3581/3581 3582/3582
f 3583/3583 1843/1843 3584/3584
f 3583/3583 3584/3584 3585/3585
f 3586/3586 1850/1850 3585/3585
f 3585/3585 1850/1850 3587/3587
f 3588/3588 3589/3589 3587/3587
f 3588/3588 3587/3587 1853/1853
f 3590/3590 3588/3588 3591/3591
f 3590/3590 3591/3591 1855/1855
f 3592/3592 1855/1855 3593/3593
f 1855/1855 3592/3592 3594/3594
f 3595/3595 3596/3596 3583/3583
f 3595/3595 3583/3583 3597/3597
f 3598/3598 3599/3599 3597/3597
f 3598/3598 3597/3597 3600/3600
f 3601/3601 1462/1462 1456/1456
f 1462/1462 3601/3601 3602/3602
f 3603/3603 3604/3604 1456/1456
f 3603/3603 1456/1456 3605/3605
f 3606/3606 3607/3607 3608/3608
f 3606/3606 3608/3608 3609/3609
f 3610/3610 3611/3611 703/703
f 3610/3610 703/703 3612/3612
f 3613/3613 3614/3614 2564/2564
f 2564/2564 3614/3614 3615/3615
f 3616/3616 2564/2564 3617/3617
f 3616/3616 3617/3617 3618/3618
f 3619/3619 3616/3616 3620/3620
f 3619/3619 3620/3620 1296/1296
f 3621/3621 3622/3622 3623/3623
f 3621/3621 3623/3623 3624/3624
f 3625/3625 1484/1484 3623/3623
f 3625/3625 3623/3623 3626/3626
f 3627/3627 3623/3623 3628/3628
f 3627/3627 3628/3628 3629/3629
f 3630/3630 3629/3629 1478/1478
f 3629/3629 3630/3630 2130/2130
f 3631/3631 3623/3623 2130/2130
f 3631/3631 2130/2130 3632/3632
f 3633/3633 3634/3634 2990/2990
f 3633/3633 2990/2990 2994/2994
f 3633/3633 2994/2994 3635/3635
f 3635/3635 2994/2994 3636/3636
f 3637/3637 3638/3638 2990/2990
f 3638/3638 3637/3637 3639/3639
f 3640/3640 3641/3641 3642/3642
f 3640/3640 3642/3642 3643/3643
f 3640/3640 3643/3643 3644/3644
f 3644/3644 3643/3643 3645/3645
f 3646/3646 3647/3647 3648/3648
f 3646/3646 3648/3648 3649/3649
f 3648/3648 3647/3647 3650/3650
f 3650/3650 3647/3647 3651/3651
f 3652/3652 3650/3650 3653/3653
f 3652/3652 3653/3653 3654/3654
f 3655/3655 3647/3647 3656/3656
f 3655/3655 3656/3656 3657/3657
f 3658/3658 3656/3656 3659/3659
f 3658/3658 3659/3659 3660/3660
f 3661/3661 3662/3662 3657/3657
f 3661/3661 3657/3657 2013/2013
f 3663/3663 3664/3664 3657/3657
f 3664/3664 3663/3663 3665/3665
f 3666/3666 3667/3667 3664/3664
f 3664/3664 3667/3667 3668/3668
f 3668/3668 3667/3667 3669/3669
f 3667/3667 3666/3666 3670/3670
f 3667/3667 3670/3670 3671/3671
f 3671/3671 3670/3670 3672/3672
f 3673/3673 3671/3671 3674/3674
f 3675/3675 3676/3676 3667/3667
f 3677/3677 3678/3678 3675/3675
f 3679/3679 3677/3677 3670/3670
f 3679/3679 3670/3670 3680/3680
f 3681/3681 3682/3682 3679/3679
f 3683/3683 3665/3665 3680/3680
f 3680/3680 3665/3665 3684/3684
f 3684/3684 3665/3665 3685/3685
f 3684/3684 3685/3685 3686/3686
f 3687/3687 3685/3685 3688/3688
f 3687/3687 3688/3688 3689/3689
f 3689/3689 3661/3661 2012/2012
f 3689/3689 2012/2012 3543/3543
f 3543/3543 2012/2012 2010/2010
f 3543/3543 2010/2010 3690/3690
f 3690/3690 2010/2010 3691/3691
f 3690/3690 3691/3691 3692/3692
f 3692/3692 3691/3691 3693/3693
f 3692/3692 3693/3693 3694/3694
f 3695/3695 3696/3696 3697/3697
f 3695/3695 3697/3697 3698/3698
f 3699/3699 3700/3700 3701/3701
f 3699/3699 3701/3701 3702/3702
f 3703/3703 2556/2556 3704/3704
f 3703/3703 3704/3704 3705/3705
f 3706/3706 190/190 189/189
f 189/189 190/190 3707/3707
f 3708/3708 3709/3709 3710/3710
f 3708/3708 3710/3710 3711/3711
f 3712/3712 3713/3713 3714/3714
f 3715/3715 3716/3716 3717/3717
f 3715/3715 3717/3717 3718/3718
f 3719/3719 1179/1179 1202/1202
f 1202/1202 1179/1179 3720/3720
f 3721/3721 3722/3722 3723/3723
f 3721/3721 3723/3723 3724/3724
f 3725/3725 3726/3726 1861/1861
f 3725/3725 1861/1861 3727/3727
f 3728/3728 1158/1158 3729/3729
f 3728/3728 3729/3729 3730/3730
f 3731/3731 3732/3732 3733/3733
f 3731/3731 3733/3733 3734/3734
f 3735/3735 3736/3736 2988/2988
f 3735/3735 2988/2988 3737/3737
f 3738/3738 3735/3735 3739/3739
f 3740/3740 3736/3736 3741/3741
f 3742/3742 3743/3743 2988/2988
f 3742/3742 2988/2988 3744/3744
f 3745/3745 3746/3746 3747/3747
f 3745/3745 3747/3747 643/643
f 643/643 3747/3747 3748/3748
f 3748/3748 3747/3747 3749/3749
f 3749/3749 3747/3747 3750/3750
f 3749/3749 3750/3750 3751/3751
f 3752/3752 3750/3750 3753/3753
f 3750/3750 3752/3752 3754/3754
f 3755/3755 3754/3754 3746/3746
f 3755/3755 3746/3746 3756/3756
f 3757/3757 3758/3758 3748/3748
f 3759/3759 3748/3748 3760/3760
f 3759/3759 3760/3760 3761/3761
f 3762/3762 3763/3763 3764/3764
f 3762/3762 3764/3764 3765/3765
f 3766/3766 1049/1049 3767/3767
f 3766/3766 3767/3767 3768/3768
f 3769/3769 3770/3770 3771/3771
f 3769/3769 3771/3771 3341/3341
f 3772/3772 3773/3773 3774/3774
f 3775/3775 3776/3776 3777/3777
f 3778/3778 1874/1874 3779/3779
f 3778/3778 3779/3779 3780/3780
f 3781/3781 3782/3782 3783/3783
f 3781/3781 3783/3783 3784/3784
f 3785/3785 3786/3786 3787/3787
f 3785/3785 3787/3787 3788/3788
f 3789/3789 3788/3788 1458/1458
f 1458/1458 3788/3788 1447/1447
f 3790/3790 3791/3791 3792/3792
f 3790/3790 3792/3792 3793/3793
f 3794/3794 1056/1056 3795/3795
f 3794/3794 3795/3795 3796/3796
f 3797/3797 3794/3794 3798/3798
f 3794/3794 3797/3797 3799/3799
f 3800/3800 3801/3801 3799/3799
f 3799/3799 3801/3801 3802/3802
f 3803/3803 3804/3804 3805/3805
f 3803/3803 3805/3805 3806/3806
f 3807/3807 1533/1533 3808/3808
f 3807/3807 3808/3808 3809/3809
f 3810/3810 3811/3811 3812/3812
f 3810/3810 3812/3812 3813/3813
f 3814/3814 3815/3815 3816/3816
f 3814/3814 3816/3816 3817/3817
f 3818/3818 3819/3819 3820/3820
f 3818/3818 3820/3820 3821/3821
f 3822/3822 3818/3818 3823/3823
f 3822/3822 3823/3823 3824/3824
f 3825/3825 3818/3818 3826/3826
f 3825/3825 3826/3826 1873/1873
f 3827/3827 3828/3828 3829/3829
f 3827/3827 3829/3829 3830/3830
f 3831/3831 3832/3832 3833/3833
f 3831/3831 3833/3833 3834/3834
f 3835/3835 3836/3836 607/607
f 607/607 3836/3836 3837/3837
f 3838/3838 3839/3839 3840/3840
f 3838/3838 3840/3840 3841/3841
f 3842/3842 3843/3843 3054/3054
f 3054/3054 3843/3843 3844/3844
f 3845/3845 3846/3846 3847/3847
f 3845/3845 3847/3847 3848/3848
f 3849/3849 3850/3850 3851/3851
f 3849/3849 3851/3851 3852/3852
f 3853/3853 3854/3854 1840/1840
f 1840/1840 3854/3854 3855/3855
f 3856/3856 3857/3857 3858/3858
f 3856/3856 3858/3858 3859/3859
f 3860/3860 3861/3861 3862/3862
f 3860/3860 3862/3862 3863/3863
f 3864/3864 3865/3865 3866/3866
f 3864/3864 3866/3866 3867/3867
f 3868/3868 3869/3869 1034/1034
f 3870/3870 3868/3868 3871/3871
f 3872/3872 1010/1010 3868/3868
f 3873/3873 3874/3874 1010/1010
f 3875/3875 1010/1010 3876/3876
f 3877/3877 3878/3878 3879/3879
f 3880/3880 3881/3881 3882/3882
f 3883/3883 3884/3884 1464/1464
f 1464/1464 3884/3884 3885/3885
f 3886/3886 3887/3887 3888/3888
f 3886/3886 3888/3888 3889/3889
f 3890/3890 3891/3891 3892/3892
f 3890/3890 3892/3892 3893/3893
f 3894/3894 3895/3895 1849/1849
f 3894/3894 1849/1849 3896/3896
f 3897/3897 3898/3898 2435/2435
f 2435/2435 3898/3898 3899/3899
f 3900/3900 3901/3901 3902/3902
f 3900/3900 3902/3902 3903/3903
f 3904/3904 3900/3900 3905/3905
f 3904/3904 3905/3905 2560/2560
f 3906/3906 3901/3901 3907/3907
f 3908/3908 3909/3909 3910/3910
f 3911/3911 3912/3912 3913/3913
f 3911/3911 3913/3913 3914/3914
f 3915/3915 3916/3916 3917/3917
f 3915/3915 3917/3917 3918/3918
f 3919/3919 926/926 3920/3920
f 3921/3921 3922/3922 3919/3919
f 3923/3923 3924/3924 3925/3925
f 3926/3926 3927/3927 1683/1683
f 3926/3926 1683/1683 1705/1705
f 1705/1705 1683/1683 1696/1696
f 3926/3926 1705/1705 3928/3928
f 3928/3928 1705/1705 3929/3929
f 3930/3930 3927/3927 3931/3931
f 3927/3927 3930/3930 3932/3932
f 3933/3933 3926/3926 3934/3934
f 3926/3926 3933/3933 3935/3935
f 3936/3936 3926/3926 3937/3937
f 3936/3936 3937/3937 3938/3938
f 3939/3939 3940/3940 3941/3941
f 3942/3942 3943/3943 3940/3940
f 3944/3944 3945/3945 3946/3946
f 3947/3947 3948/3948 3949/3949
f 3947/3947 3949/3949 3950/3950
f 3951/3951 3952/3952 3953/3953
f 3954/3954 3951/3951 3955/3955
f 3954/3954 3955/3955 2748/2748
f 3956/3956 3957/3957 3954/3954
f 3958/3958 3959/3959 3960/3960
f 3961/3961 3962/3962 3963/3963
f 3964/3964 3965/3965 3966/3966
f 3967/3967 3964/3964 3968/3968
f 3969/3969 3970/3970 3971/3971
f 3972/3972 3973/3973 3970/3970
f 3974/3974 3975/3975 3976/3976
f 3977/3977 3978/3978 3979/3979
f 3977/3977 3979/3979 3980/3980
f 3981/3981 3982/3982 3983/3983
f 3984/3984 98/98 3985/3985
f 3984/3984 3985/3985 109/109
f 3986/3986 2080/2080 2087/2087
f 3986/3986 2087/2087 3987/3987
f 3988/3988 3989/3989 3990/3990
f 3988/3988 3990/3990 3991/3991
f 3992/3992 3993/3993 3994/3994
f 3995/3995 3993/3993 3996/3996
f 3997/3997 3998/3998 3999/3999
f 4000/4000 4001/4001 4002/4002
f 4003/4003 1586/1586 4004/4004
f 4003/4003 4004/4004 4005/4005
f 4006/4006 4007/4007 4008/4008
f 4006/4006 4008/4008 4009/4009
f 4010/4010 4008/4008 4011/4011
f 4010/4010 4011/4011 4012/4012
f 4013/4013 4014/4014 4015/4015
f 4013/4013 4015/4015 4016/4016
f 4017/4017 4018/4018 4019/4019
f 4017/4017 4019/4019 4020/4020
f 4021/4021 4022/4022 4023/4023
f 4024/4024 4025/4025 4026/4026
f 4024/4024 4026/4026 4027/4027
f 4028/4028 4029/4029 4030/4030
f 4028/4028 4030/4030 4031/4031
f 4032/4032 4033/4033 4034/4034
f 4035/4035 4034/4034 4036/4036
f 4037/4037 4038/4038 4039/4039
f 4040/4040 4041/4041 4042/4042
f 4043/4043 4044/4044 4045/4045
f 4043/4043 4045/4045 4046/4046
f 4047/4047 4048/4048 4049/4049
f 4050/4050 4051/4051 4052/4052
f 4053/4053 4054/4054 4055/4055
f 4053/4053 4055/4055 4056/4056
f 4057/4057 4058/4058 4059/4059
f 4060/4060 4061/4061 4062/4062
f 4060/4060 4062/4062 4063/4063
f 4064/4064 4065/4065 4066/4066
f 4067/4067 4068/4068 4069/4069
f 4067/4067 4069/4069 4070/4070
f 4071/4071 4072/4072 896/896
f 4071/4071 896/896 4073/4073
f 4074/4074 4075/4075 4076/4076

o tree.028_1
usemtl Leaves_Pine
v -0.43111181 4.50068799 -1.10406305
v -0.65307343 3.85255558 -0.44755687
v -0.38957776 4.33131380 -0.37342078
v -0.24487843 4.75480500 -0.80260611
v 0.21244289 4.94416460 -0.71641178
v 0.52551148 4.58688233 -1.15464080
v -0.24487843 4.75480500 -0.80260611
v -0.12206264 5.01696082 -0.56322699
v 0.33927811 4.33265362 -1.45654438
v -0.43111181 4.50068799 -1.10406305
v -0.65262684 4.29290598 -1.42260251
v -0.16448991 4.18706112 -1.64590398
v -0.76383094 3.96911894 -1.09379117
v -0.87592826 4.16428436 -1.70932150
v -0.76383094 3.96911894 -1.09379117
v -0.96759343 3.89721584 -1.43868026
v -0.57893733 4.09952697 -1.84508877
v -1.18553561 4.04459480 -2.08145330
v -0.16448991 4.18706112 -1.64590398
v -0.87592826 4.16428436 -1.70932150
v -1.18553561 4.04459480 -2.08145330
v -0.38957776 4.33131380 -0.37342078
v -0.18503364 4.83296051 -0.37699360
v -0.04078092 5.26225736 -0.37476059
v -0.06087805 5.20364078 -0.31536241
v -0.12206264 5.01696082 -0.56322699
v 0.21244289 4.94416460 -0.71641178
v -0.04078092 5.26225736 -0.37476059
v 0.18609332 5.21257290 -0.47837245
v -0.28909210 6.22613797 -0.36359552
v -0.03586829 6.26811867 -0.22336223
v 0.05345228 6.45881815 -0.35734308
v -0.11848982 6.43023557 -0.45246949
v -0.13814034 6.06346283 -0.04025506
v -0.03586829 6.26811867 -0.22336223
v 0.10347180 6.11928823 -0.27382835
v 0.18296710 5.72091866 -0.15637180
v -0.24979105 5.86383157 0.21207554
v 0.24191868 5.33951970 0.03432761
v -0.35384953 5.69992831 0.49477513
v -0.24979105 5.86383157 0.21207554
v -0.10821795 5.43777238 0.40590120
v -0.43468466 5.59676293 0.76552807
v -0.23237356 5.38060721 0.69217361
v -0.52981105 5.49895684 1.13040269
v -0.43468466 5.59676293 0.76552807
v -0.72363665 5.63874363 0.29067764
v -0.43468466 5.59676293 0.76552807
v -0.65977249 5.55924835 0.64126086
v -0.83350098 5.76691866 -0.11037171
v -0.72363665 5.63874363 0.29067764
v -0.24979105 5.86383157 0.21207554
v -0.24979105 5.86383157 0.21207554
v -0.72185024 5.96655014 -0.36270231
v -0.28909210 6.22613797 -0.36359552
v -0.56911210 6.16807963 -0.86959657
v -0.86967580 6.09249222 -0.63334365
v -0.92784579 6.21943891 -0.27695457
v -0.66066567 6.36860429 -0.30732356
v -0.41726713 6.55215813 -0.32876050
v -0.32616015 6.35163346 -0.89103350
v -0.21361624 6.30161395 -0.03980846
v -0.14707240 6.63210000 -0.21175055
v -0.66066567 6.36860429 -0.30732356
v -0.34893688 5.98530754 0.13525986
v -0.92784579 6.21943891 -0.27695457
v -0.92784579 6.21943891 -0.27695457
v -0.77186976 6.02773461 -0.05543956
v -1.17838997 6.12688047 -0.24167294
v -1.05021505 5.96878309 -0.05945898
v -1.51378872 6.04068613 -0.18942041
v -0.86967580 6.09249222 -0.63334365
v -1.14310844 6.04961835 -0.45827534
v -1.51378872 6.04068613 -0.18942041
v -0.14707240 6.63210000 -0.21175055
v -0.23549976 6.74107103 -0.33724595
v -0.09839269 6.91792581 -0.33903236
v -0.07025671 6.88309077 -0.29928471
v -0.23549976 6.74107103 -0.33724595
v -0.19575211 6.65398352 -0.58153772
v -0.09839269 6.91792581 -0.33903236
v -0.07159652 6.85897429 -0.50472203
v -0.32616015 6.35163346 -0.89103350
v -0.41726713 6.55215813 -0.32876050
v 0.05389888 6.90184817 -0.23095448
v -0.18324723 6.85763453 -0.02417736
v -0.08946063 6.76697408 0.06737622
v 0.15036509 6.81252749 -0.13895429
v 0.10570481 6.70802256 0.08434713
v 0.27050127 6.67274092 0.11292971
v 0.36160825 6.68926516 0.03343441
v 0.25665657 6.73660514 -0.04650750
v 0.36160825 6.68926516 0.03343441
v 0.36473446 6.58743977 -0.06526482
v 0.26782166 6.61825529 -0.16575046
v 0.25665657 6.73660514 -0.04650750
v -0.08588781 7.04788720 -0.33054691
v -0.13680053 7.00635310 -0.30910997
v -0.10643154 6.96883851 -0.27650797
v -0.07606255 7.03582907 -0.32027504
v -0.20066474 6.96481921 -0.28097399
v -0.10643154 6.96883851 -0.27650797
v -0.15734426 6.97285803 -0.38011982
v -0.24755805 6.88755688 -0.44398404
v -0.08588781 7.04788720 -0.33054691
v -0.09973250 7.02511050 -0.37878002
v -0.13680053 7.00635310 -0.30910997
v -0.20066474 6.96481921 -0.28097399
v -0.32660674 6.85316842 -0.40646939
v -0.27971346 6.93043075 -0.24345936
v -0.32660674 6.85316842 -0.40646939
v -0.36233497 6.90810063 -0.20192529
v -0.39225737 6.85942088 -0.30553715
v -0.17252876 6.79912938 -0.12823582
v -0.30874263 6.84244984 -0.14431352
v -0.43557783 6.90140158 -0.16351745
v -0.39225737 6.85942088 -0.30553715
v -0.45388854 6.87147923 -0.22648845
v -0.53115087 6.90363452 -0.11215812
v -0.39181076 6.84736254 -0.11617755
v -0.53115087 6.90363452 -0.11215812
v -0.27971346 6.93043075 -0.24345936
v -0.13054809 6.87907146 -0.20594472
v -0.20066474 6.96481921 -0.28097399
v -0.10643154 6.96883851 -0.27650797
v -0.43959725 3.82173997 -0.35600327
v -0.02202360 3.85568179 -0.14565333
v 0.13875342 4.14642025 -0.36806155
v -0.14394618 4.12319690 -0.51052785
v -0.20289775 3.54529281 0.15580359
v -1.16409868 3.46624411 -0.32786729
v -1.35613793 3.16612700 0.08479375
v -0.39449037 3.24517570 0.56846464
v -1.17705020 2.95131104 0.72310090
v -0.56777228 3.00133054 1.02991695
v -0.39449037 3.24517570 0.56846464
v 0.25620998 2.95399063 -0.04114827
v 0.30846250 2.33980012 0.26656112
v 0.17760787 3.59888515 -0.23140108
v 0.13875342 4.14642025 -0.36806155
v 0.20261763 4.06469192 -0.39530432
v -0.56777228 3.00133054 1.02991695
v 0.30846250 2.33980012 0.26656112
v -0.21629585 2.54802866 0.87851863
v -0.69639389 2.85037877 1.46848097
v -0.40654866 2.47735374 1.34432536
v -1.06673928 2.82000978 1.28224760
v -0.84109322 2.71103869 2.06168130
v -1.17705020 2.95131104 0.72310090
v -0.69639389 2.85037877 1.46848097
v -0.84109322 2.71103869 2.06168130
v -0.01085853 6.63477953 -0.36404212
v 0.06059792 6.44765298 -0.22246902
v 0.10123878 6.29625466 -0.37386739
v 0.00209295 6.58877953 -0.41093542
v -1.13685597 2.82268943 -1.14570880
v -1.54817718 2.65030070 -0.59538239
v -1.45483720 2.80750490 0.07496849
v -0.98947706 3.07010737 -0.08759496
v -0.55794704 3.39300124 -0.21532338
v -0.70532595 3.14558327 -1.27343713
v -0.28998531 3.61987549 -0.74812059
v -0.55794704 3.39300124 -0.21532338
v -0.08365479 2.87136912 0.13258024
v -0.26274255 2.27102320 0.44564884
v -0.01979059 3.50063253 -0.13761448
v 0.02978233 4.03968216 -0.32920710
v 0.09543294 3.96777911 -0.28097399
v -0.22567450 3.72750678 -0.28901285
v -0.55794704 3.39300124 -0.21532338
v -0.55794704 3.39300124 -0.21532338
v 0.02978233 4.03968216 -0.32920710
v -0.01353815 3.96688588 -0.64048930
v -1.45483720 2.80750490 0.07496849
v -1.09130245 2.40768375 0.34159040
v -0.26274255 2.27102320 0.44564884
v -1.88279439 2.64494147 0.24780377
v -1.09130245 2.40768375 0.34159040
v -1.58345881 2.31568354 0.46753237
v -2.44864015 2.49477126 0.49566836
v -1.58345881 2.31568354 0.46753237
v -1.93951297 2.54936849 -0.15994462
v -2.44864015 2.49477126 0.49566836
v -1.54817718 2.65030070 -0.59538239
v -1.88279439 2.64494147 0.24780377
v -0.11536360 6.97553757 -0.21800299
v -0.18324723 6.85763453 -0.02417736
v 0.05389888 6.90184817 -0.23095448
v -0.11536360 6.97553757 -0.21800299
v 0.05389888 6.90184817 -0.23095448
v -0.01309155 6.99429497 -0.30777016
v 0.05389888 6.90184817 -0.23095448
v -0.01130513 6.92373169 -0.37565380
v -0.01309155 6.99429497 -0.30777016
v 0.05389888 6.90184817 -0.23095448
v 0.06908338 6.74732350 -0.38637226
v -0.01130513 6.92373169 -0.37565380
v -0.35340291 5.70662737 -0.49177054
v -0.01755757 5.51726765 -1.08441252
v -0.28998531 5.30602441 -1.17697092
v -0.62583067 5.49538413 -0.58466393
v -0.92918566 5.32299546 -0.67443108
v -0.71604442 5.20274761 -1.05002412
v -0.00728571 5.84328781 -0.66773208
v -0.35340291 5.70662737 -0.49177054
v -0.62583067 5.49538413 -0.58466393
v -0.24711144 5.38730627 -0.11260472
v -0.46282059 5.00579577 -0.00363363
v -0.10687814 5.78656924 -0.24524577
v -0.15332484 5.92546262 -0.41004222
v -0.00728571 5.84328781 -0.66773208
v -0.00505269 6.12956022 -0.34081877
v 0.09364653 6.07418141 -0.51499388
v -0.00505269 6.12956022 -0.34081877
v 0.00968520 6.08534658 -0.28811964
v -0.15332484 5.92546262 -0.41004222
v -0.92918566 5.32299546 -0.67443108
v -0.46282059 5.00579577 -0.00363363
v -1.21679784 5.21569913 -0.74722736
v -0.84734568 5.07814540 -0.38369265
v -1.14980739 5.01428118 -0.50829485
v -1.60266270 5.11699986 -0.83610134
v -1.08728304 5.14290280 -0.97588802
v -1.60266270 5.11699986 -0.83610134
v -0.71604442 5.20274761 -1.05002412
v -0.92918566 5.32299546 -0.67443108
v 0.24683131 6.27705067 -0.82627605
v -0.24889785 5.81336524 -0.78563523
v -0.22522791 6.15948257 -0.59582901
v 0.39644327 6.12509411 -1.05850953
v 0.09855916 6.46239086 -0.62262518
v 0.69209433 6.16260869 -0.41227523
v 0.39644327 6.12509411 -1.05850953
v 0.67869627 6.05274448 -0.79590706
v 0.39644327 6.12509411 -1.05850953
v 0.14857868 5.89330733 -1.03841241
v 0.67869627 6.05274448 -0.79590706
v 0.52461830 6.02996777 -1.28370901
v 0.69611379 5.98575413 -1.12427186
v 0.52461830 6.02996777 -1.28370901
v 0.68539533 5.93975392 -1.58963200
v 0.14857868 5.89330733 -1.03841241
v 0.32052079 5.83882170 -1.26718477
v 0.68539533 5.93975392 -1.58963200
v 0.25665657 6.73660514 -0.04650750
v 0.17448165 6.57716778 -0.37699360
v 0.15036509 6.81252749 -0.13895429
v -0.23951920 5.86159840 0.44028961
v 0.15572433 5.74860784 0.56042576
v 0.51747266 5.83748193 0.37061957
v 0.32677323 6.03220072 0.16339585
v -1.14042879 5.33148087 0.14642494
v -0.93365166 5.15674750 0.30720194
v -0.62761708 5.22641760 0.21341537
v -0.87860785 5.44045191 0.01780331
v 0.25665657 6.73660514 -0.04650750
v 0.26782166 6.61825529 -0.16575046
v 0.17448165 6.57716778 -0.37699360
v -0.76427753 2.45591680 -1.74862255
v -1.36105063 2.36302341 -1.81293336
v -1.66474056 2.48226644 -1.53023378
v -1.26413771 2.65208711 -1.28415560
v -2.20658139 2.32506224 -1.84642864
v -1.67858515 2.16607157 -1.13409704
v -1.66474056 2.48226644 -1.53023378
v -1.28066206 2.26834366 -0.80305270
v -2.20658139 2.32506224 -1.84642864
v -0.05909164 2.61680547 -1.73969055
v -0.76427753 2.45591680 -1.74862255
v -0.84779227 2.92585464 -1.00670360
v -1.26413771 2.65208711 -1.28415560
v -0.88128750 2.15892593 -0.04472109
v -0.84779227 2.92585464 -1.00670360
v -0.50078188 2.76105821 -0.11171152
v -0.47889830 3.26214661 -0.73963513
v -0.84779227 2.92585464 -1.00670360
v 0.30935571 2.95265081 -1.47262202
v 0.12848156 3.47472956 -0.84190716
v -0.21406282 3.60915702 -0.52392594
v -0.22344150 3.39166143 -0.25105160
v -0.47889830 3.26214661 -0.73963513
v -0.02202360 3.93339071 -0.35109064
v -0.22344150 3.39166143 -0.25105160
v -0.02514982 3.86416725 -0.26400309
v 0.50764737 6.64639129 0.13436665
v 0.36473446 6.58743977 -0.06526482
v 0.36160825 6.68926516 0.03343441
v 0.36160825 6.68926516 0.03343441
v 0.27050127 6.67274092 0.11292971
v 0.50764737 6.64639129 0.13436665
v 0.16733600 6.60262423 -0.29839150
v -0.02559643 6.65219716 -0.47792586
v -0.12831508 6.82949853 -0.37476059
v 0.00298616 6.79555666 -0.25283801
v 0.54382218 6.34761394 -0.20817773
v 0.09855916 6.46239086 -0.62262518
v -0.02559643 6.65219716 -0.47792586
v 0.69209433 6.16260869 -0.41227523
v 0.24683131 6.27705067 -0.82627605
v -0.16627632 6.52044920 -0.46676078
v -0.22522791 6.15948257 -0.59582901
v -0.12831508 6.82949853 -0.37476059
v -0.17297536 6.78751784 -0.37118777
v -0.02559643 6.65219716 -0.47792586
v -0.05864504 7.08182907 -0.37029456
v -0.01309155 6.99429497 -0.30777016
v -0.01130513 6.92373169 -0.37565380
v -0.05819843 7.05905237 -0.39217810
v -0.24577164 6.80984795 -0.31804203
v -0.49140318 6.58610000 -0.28811964
v -0.11134417 6.73481857 -0.10947850
v -0.08052858 6.87460535 -0.24033314
v -0.05417901 7.00501333 -0.33813916
v -0.16627632 6.96124628 -0.39083829
v -0.11134417 6.73481857 -0.10947850
v 0.02665611 6.79421690 -0.27740117
v -0.05417901 7.00501333 -0.33813916
v 0.02665611 6.79421690 -0.27740117
v -0.02023719 6.97911050 -0.34975083
v -0.11134417 6.73481857 -0.10947850
v 0.14321945 6.57627460 -0.17066309
v 0.02665611 6.79421690 -0.27740117
v -0.25738331 5.95672496 -0.09608042
v -0.71157842 5.87454993 -0.60208145
v -0.91132155 5.67983114 -0.39753734
v -0.45701477 5.76155937 0.10801710
v -0.91132155 5.67983114 -0.39753734
v -0.65843267 5.60301540 0.34471657
v -0.94660319 5.55076294 0.02405576
v 0.05345228 5.20900007 0.10399766
v -0.45701477 5.76155937 0.10801710
v 0.07578242 5.59586975 -0.09876003
v 0.05479209 6.00138519 -0.23899333
v -0.08990723 6.15814280 -0.23765352
v 0.04809304 6.34672077 -0.33635275
v 0.09409314 6.29670125 -0.33679935
v -0.08990723 6.15814280 -0.23765352
v -0.28730569 6.12241457 -0.45738213
v -0.08544121 6.32260429 -0.48507151
v -0.08990723 6.15814280 -0.23765352
v -0.25738331 5.95672496 -0.09608042
v -0.65843267 5.60301540 0.34471657
v -0.40297584 5.32656817 0.34248357
v -0.83126798 5.50476272 0.57695005
v -0.62091803 5.27699524 0.57516364
v -1.04887517 5.41365590 0.89638275
v -0.94660319 5.55076294 0.02405576
v -1.00644789 5.47305401 0.38178462
v -1.00644789 5.47305401 0.38178462
v -1.04887517 5.41365590 0.89638275
v 0.63850199 4.15356590 0.17366770
v 0.65502633 3.42649645 -0.51186768
v 0.38438498 3.93964312 -0.54446967
v 0.37366652 4.41449355 -0.09652702
v 0.37366652 4.41449355 -0.09652702
v 0.19591858 4.47791118 -0.51633371
v 0.19145256 4.68379513 -0.32161485
v -0.10777135 4.63288243 -0.06839104
v -0.31454848 4.29692539 0.48628972
v -0.04971298 4.03610933 0.75659607
v 0.63850199 4.15356590 0.17366770
v 0.06461735 4.93567908 -0.50606183
v -0.13814034 4.90129073 -0.33411973
v 0.19145256 4.68379513 -0.32161485
v 0.94587639 3.94098294 0.44788184
v 0.95391521 3.57744822 0.10489086
v 0.94587639 3.94098294 0.44788184
v 0.63850199 4.15356590 0.17366770
v -0.04971298 4.03610933 0.75659607
v 0.50943378 3.86640025 0.81733406
v 1.24822656 3.80878850 0.68458138
v 0.95391521 3.57744822 0.10489086
v 1.25492561 3.50956458 0.40188174
v 1.66446035 3.68641932 0.98481014
v 0.50943378 3.86640025 0.81733406
v 0.98294449 3.76368160 0.90933427
v 0.98294449 3.76368160 0.90933427
v 1.66446035 3.68641932 0.98481014
v -0.17744139 6.49008026 0.26388147
v 0.25085073 6.38200240 -0.00095401
v -0.14528599 6.60039129 0.06782284
v -1.43474003 4.31702251 -0.97052878
v -1.34586605 4.03923557 -0.72043119
v -0.98367118 4.10399297 -0.56278040
v -1.89619251 4.20224559 -1.09111158
v -1.09174904 4.44173636 -0.86691692
v -0.83528739 4.36894014 -1.33462171
v -1.27887570 4.27325546 -1.25512643
v -1.89619251 4.20224559 -1.09111158
v -0.32794656 4.52703752 -1.47038897
v -0.83528739 4.36894014 -1.33462171
v -0.73256871 4.64136785 -0.73204289
v -0.51641294 3.96643929 -0.12421640
v -0.98367118 4.10399297 -0.56278040
v -0.73256871 4.64136785 -0.73204289
v -0.26988819 4.44575577 -0.19031362
v -0.41101469 4.88610615 -0.58689695
v -0.41101469 4.88610615 -0.58689695
v -0.11536360 4.94729083 -0.28142060
v -0.17654819 5.13888339 -0.45380931
v -0.00460609 5.37524792 -0.33724595
v 0.01459783 5.31406346 -0.28231380
v -0.00103327 5.08931046 -0.77447012
v -0.00639250 4.77177582 -1.32568970
v -0.32794656 4.52703752 -1.47038897
v -0.73256871 4.64136785 -0.73204289
v -0.00460609 5.37524792 -0.33724595
v 0.11419026 5.34130605 -0.55474155
v -0.17654819 5.13888339 -0.45380931
v -0.17744139 6.49008026 0.26388147
v 0.01638424 6.36369159 0.21252216
v 0.25085073 6.38200240 -0.00095401
v 0.15572433 5.74860784 0.56042576
v 0.48263761 5.67893796 0.69217361
v 0.70370603 5.72806430 0.57337723
v 0.51747266 5.83748193 0.37061957
v -0.23415997 6.35877911 0.69753285
v -0.04792657 6.30518666 0.39473609
v -0.20334436 6.42175015 0.44877508
v -0.20334436 6.42175015 0.44877508
v -0.34983009 6.36458499 0.37999821
v -0.23415997 6.35877911 0.69753285
v -0.41860693 6.39584711 0.15044435
v -0.17744139 6.49008026 0.26388147
v -0.34983009 6.36458499 0.37999821
v -0.11134417 6.73481857 -0.10947850
v -0.49140318 6.58610000 -0.28811964
v -0.52579164 6.45122591 -0.11081831
v -0.14528599 6.60039129 0.06782284
v -0.27078140 5.15540773 -0.60476107
v -0.12474226 5.24830112 -0.28767304
v 0.04630663 5.48779189 -0.37922662
v -0.05283920 5.42482085 -0.59448919
v -0.34357765 4.99239765 -0.15458539
v -0.67942301 4.77847488 -0.88522763
v -0.95866142 4.53061034 -0.69095543
v -0.62225785 4.74497971 0.03924026
v -0.91891378 4.54356186 0.26522130
v -1.13194327 4.40779460 -0.19790587
v 0.03782118 4.15981831 0.27995918
v 0.08784070 4.61055221 0.00261881
v -0.34357765 4.99239765 -0.15458539
v -0.58876262 4.25092529 0.38580404
v -1.18866185 4.41895966 0.48852272
v -0.58876262 4.25092529 0.38580404
v -1.13194327 4.40779460 -0.19790587
v -1.31817675 4.33622644 0.20671631
v -1.54192471 4.30317786 0.79634371
v -0.91668073 4.17768242 0.58766852
v -1.54192471 4.30317786 0.79634371
v 0.25576337 6.38780828 -0.46899380
v 0.34017132 6.25740031 0.15669679
v 0.59339511 6.07194847 0.09238598
v 0.50898719 6.21586620 -0.53955705
v -0.34045144 4.88119356 0.27727959
v 0.24504490 4.22546894 0.11873556
v 0.20797686 4.68424172 -0.12242998
v -0.17386857 5.11208727 -0.01881813
v -0.17386857 5.11208727 -0.01881813
v 0.14098643 5.16478632 -0.27740117
v -1.01538000 4.78204770 -0.16441065
v -0.84868545 5.01294141 -0.46006175
v -0.31812130 5.30781099 -0.42433351
v -0.17386857 5.11208727 -0.01881813
v 0.10257859 5.57443282 -0.38815868
v -0.09615967 5.54495706 -0.51812012
v -0.02514982 5.35068486 -0.23274089
v -0.17386857 5.11208727 -0.01881813
v -0.02514982 5.35068486 -0.23274089
v 0.10257859 5.57443282 -0.38815868
v 0.15572433 5.51503471 -0.40244997
v -1.01538000 4.78204770 -0.16441065
v -0.49899547 4.69362042 0.60999869
v -0.92695261 4.63064938 0.33042528
v 0.24504490 4.22546894 0.11873556
v -0.20647059 4.36536732 0.53050336
v -0.62583067 4.57750363 0.92943133
v -0.20647059 4.36536732 0.53050336
v -0.38511173 4.30719727 0.86378075
v -0.77856882 4.47031894 1.36218947
v -0.92695261 4.63064938 0.33042528
v -0.49899547 4.69362042 0.60999869
v -0.88620009 4.53909575 0.75927571
v -0.77856882 4.47031894 1.36218947
v 0.51747266 5.15451455 -1.01965512
v 0.18743313 5.05894152 -1.33685476
v -0.24041241 5.22329136 -1.35829170
v -0.15779087 5.41410249 -1.05359694
v -0.64950061 4.98971801 -0.59448919
v -0.40922828 5.36765569 -0.47837245
v -0.08812082 5.64499609 -0.77848959
v 0.51747266 5.15451455 -1.01965512
v 0.58669606 5.38551991 -0.74454777
v -0.48649059 5.01115495 -1.12873786
v -0.32437374 5.10136880 -1.64545728
v -0.52713140 4.92630049 -1.45654438
v -0.06445087 5.00132976 -1.63250587
v -0.44093707 4.98391224 -2.02953578
v 0.18743313 5.05894152 -1.33685476
v -0.32437374 5.10136880 -1.64545728
v -0.44093707 4.98391224 -2.02953578
v -0.43915066 3.67436103 0.83698453
v -0.15109182 3.58861329 1.24339314
v 0.19770500 3.66944841 1.27286890
v 0.29506442 3.54216659 1.78746702
v 0.13473399 3.80744868 0.88521769
v 0.42368603 3.46713731 0.63411522
v 0.13473399 3.80744868 0.88521769
v 0.43574432 3.38942842 1.06609188
v 0.66529816 3.35057397 -0.03310942
v 0.08694749 4.03075010 0.46887219
v 0.43976374 3.86104102 -0.24077974
v 0.06238433 4.30541086 0.08702675
v 0.22807399 4.39618285 -0.34483820
v -0.81786987 3.82084676 0.39294968
v 0.13473399 3.80744868 0.88521769
v -0.43915066 3.67436103 0.83698453
v -0.84243304 4.09506091 0.01110426
v -0.32883977 4.49800835 -0.23542050
v -0.84243304 4.09506091 0.01110426
v 0.06417075 4.58911527 -0.20237189
v -0.32883977 4.49800835 -0.23542050
v 0.07890864 4.85484403 -0.42210049
v -0.18771326 4.79321276 -0.44443063
v 0.07890864 4.85484403 -0.42210049
v 0.06417075 4.58911527 -0.20237189
v 0.13116117 4.79365946 -0.46720739
v 0.06461735 4.93567908 -0.50606183
v 0.19145256 4.68379513 -0.32161485
v 0.19591858 4.47791118 -0.51633371
v 0.06640376 4.87002850 -0.56769302
v 0.09677275 6.51285697 -0.16039123
v 0.34017132 6.25740031 0.15669679
v 0.25576337 6.38780828 -0.46899380
v 0.09677275 6.51285697 -0.16039123
v 0.25576337 6.38780828 -0.46899380
v 0.05970472 6.56242990 -0.42924614
v 0.25576337 6.38780828 -0.46899380
v -0.05641202 6.43872098 -0.51633371
v 0.05970472 6.56242990 -0.42924614
v 0.25576337 6.38780828 -0.46899380
v -0.01085853 6.17075916 -0.70346031
v -0.05641202 6.43872098 -0.51633371
v 0.70951185 5.17907761 -0.51767350
v 0.26156922 4.60117362 -0.91604326
v 0.10883103 5.02544624 -0.74052830
v 0.40135589 5.40293733 -0.48060548
v 0.40135589 5.40293733 -0.48060548
v 0.03871438 5.46948108 -0.58555713
v 1.04368248 4.99552389 -0.57841149
v 0.81937618 4.70657183 -0.77759635
v 1.04948825 4.91334896 -0.10501247
v 1.35317818 4.88074697 -0.65254756
v 1.35630442 4.83072745 -0.36493533
v 1.76271303 4.77266911 -0.76553806
v 0.16956902 5.57711235 -0.14833295
v 0.40984136 5.27297594 0.26566789
v 0.71799732 5.04911623 0.22859986
v 0.70951185 5.17907761 -0.51767350
v 0.16554959 5.63338434 -0.47256663
v -0.01443135 5.84864688 -0.47926566
v -0.01175174 5.81023912 -0.25953706
v 0.03871438 5.46948108 -0.58555713
v -0.01443135 5.84864688 -0.47926566
v -0.05507221 5.79639442 -0.51544050
v 1.04368248 4.99552389 -0.57841149
v 0.26156922 4.60117362 -0.91604326
v 0.71799732 5.04911623 0.22859986
v 1.04948825 4.91334896 -0.10501247
v 1.35317818 4.88074697 -0.65254756
v 0.81937618 4.70657183 -0.77759635
v 1.16873128 4.64270761 -0.81689740
v 1.76271303 4.77266911 -0.76553806
v 1.35317818 4.88074697 -0.65254756
v 0.78052172 6.04425906 -0.61637274
v 0.10034558 5.89330733 -0.90309174
v 0.50898719 6.21586620 -0.53955705
v 0.78052172 6.04425906 -0.61637274
v 0.57597759 5.87633628 -0.79501388
v 0.10034558 5.89330733 -0.90309174
v 1.22321680 3.86193423 -0.27695457
v 1.54923684 3.78779815 -0.62351839
v 1.51618826 3.88247796 -0.95132485
v 1.16873128 4.01779863 -0.81555758
v 1.54923684 3.78779815 -0.62351839
v 1.97808733 3.75653595 -1.14347574
v 0.87207529 3.71321549 -1.05672312
v 1.16873128 4.01779863 -0.81555758
v 1.27189644 3.63193376 -1.15017480
v 1.97808733 3.75653595 -1.14347574
v 1.35898406 5.85088005 -0.84324699
v 0.86046364 5.75218078 -0.83029552
v 1.02983778 5.93886074 -0.70569331
v 1.02983778 5.93886074 -0.70569331
v 1.06243977 5.89554027 -0.46765398
v 1.35898406 5.85088005 -0.84324699
v 0.00923860 6.34493441 -0.14699314
v 0.08292807 5.97190943 0.16920167
v 0.28702556 6.26409936 -0.37074117
v 0.00923860 6.34493441 -0.14699314
v 0.28702556 6.26409936 -0.37074117
v 0.09721936 6.47087627 -0.37833341
v 0.28702556 6.26409936 -0.37074117
v 0.02442309 6.37396358 -0.53196479
v 0.09721936 6.47087627 -0.37833341
v 0.28702556 6.26409936 -0.37074117
v 0.12714175 6.04604542 -0.74812059
v 0.02442309 6.37396358 -0.53196479
v -0.34134465 5.82631677 -0.22648845
v -0.43111181 5.61730669 -0.86602374
v -0.68388901 5.47618014 -0.74186813
v -0.59814127 5.61775328 -0.11305133
v -0.14528599 6.60039129 0.06782284
v 0.25085073 6.38200240 -0.00095401
v 0.14321945 6.57627460 -0.17066309
v -0.11134417 6.73481857 -0.10947850
v 0.83411406 5.90402569 -0.37744021
v 0.30221006 5.73208361 -0.95221808
v 0.54694842 6.06569600 -0.37386739
v 0.12714175 6.04604542 -0.74812059
v 0.28702556 6.26409936 -0.37074117
v 0.30221006 5.73208361 -0.95221808
v 0.71174485 5.73699631 -0.66683885
v 1.10531365 5.80354006 -0.38056643
v 1.00438143 5.66598644 -0.61905236
v 1.46750851 5.71020008 -0.38413925
v 0.70459921 5.71868549 -0.03534243
v 1.02626496 5.69099609 -0.17244950
v 0.83411406 5.90402569 -0.37744021
v 0.34240432 5.77361771 0.16607546
v 0.70459921 5.71868549 -0.03534243
v 0.28702556 6.26409936 -0.37074117
v 0.08292807 5.97190943 0.16920167
v 1.10531365 5.80354006 -0.38056643
v 1.46750851 5.71020008 -0.38413925
v -0.18592685 6.37574994 -0.10099305
v -0.39806320 6.06212307 0.22234742
v 0.16599619 6.24757491 -0.04427449
v -0.18592685 6.37574994 -0.10099305
v 0.16599619 6.24757491 -0.04427449
v 0.06059792 6.44765298 -0.22246902
v 0.16599619 6.24757491 -0.04427449
v 0.10123878 6.29625466 -0.37386739
v 0.06059792 6.44765298 -0.22246902
v 0.16599619 6.24757491 -0.04427449
v 0.26290901 5.88303534 -0.40557619
v 0.10123878 6.29625466 -0.37386739
v 0.24861772 3.34610794 0.57695005
v 0.68494868 2.48851880 -0.08268233
v 0.45316182 3.09243751 -0.28677983
v 0.16822921 3.65247751 0.14374532
v 0.36830728 3.09556375 1.04108212
v 0.68494868 2.48851880 -0.08268233
v 0.36830728 3.09556375 1.04108212
v 0.58669606 2.66637840 0.71104255
v 0.16822921 3.65247751 0.14374532
v 0.26380222 3.72393396 -0.37967322
v 0.13964663 3.96733252 -0.19254663
v -0.31499507 3.91686636 -0.13582807
v -0.87950109 3.53636075 0.27415335
v -0.79911258 3.23043781 0.70746973
v 0.24861772 3.34610794 0.57695005
v 0.13964663 4.26164376 -0.45380931
v -0.16895594 4.22725535 -0.41495485
v 0.13964663 3.96733252 -0.19254663
v -0.79911258 3.23043781 0.70746973
v 0.24861772 3.34610794 0.57695005
v -0.29534454 3.02232088 1.12370363
v 0.50988037 2.93880616 1.46535474
v 0.58669606 2.66637840 0.71104255
v 0.68986133 2.58554330 1.19337362
v 0.72067691 2.79187379 2.02282673
v 0.50988037 2.93880616 1.46535474
v -0.29534454 3.02232088 1.12370363
v 0.36830728 3.09556375 1.04108212
v 0.10615141 2.89414588 1.51582085
v 0.72067691 2.79187379 2.02282673
v 0.51747266 5.83748193 0.37061957
v 0.47281235 5.48555895 -0.38011982
v 0.32677323 6.03220072 0.16339585
v 0.63448258 4.92138779 -0.79903329
v 0.43172489 4.86198968 -1.22743702
v 0.05523869 5.08037845 -1.40161216
v 0.04050080 5.26627688 -1.07414064
v -0.64458796 4.89771791 -0.83878093
v -0.28775231 4.89637803 -1.28415560
v -0.41860693 5.25287877 -0.62396498
v 0.02844252 5.49359777 -0.77759635
v 0.63448258 4.92138779 -0.79903329
v 0.62287093 5.14870868 -0.50248900
v -0.17342197 5.62355916 -0.49087733
v 0.02129687 5.72806430 -0.55742117
v 0.27943333 5.57845234 -0.43817819
v 0.02844252 5.49359777 -0.77759635
v 0.01683084 5.94689956 -0.39307131
v 0.19145256 5.84552076 -0.31223619
v 0.02129687 5.72806430 -0.55742117
v 0.01683084 5.94689956 -0.39307131
v -0.17342197 5.62355916 -0.49087733
v -0.04524695 5.91385109 -0.37208097
v 0.06997658 4.96515495 -1.71066138
v -0.28775231 4.89637803 -1.28415560
v -0.21227641 4.81330993 -1.61374858
v 0.09141352 4.85797027 -2.12388059
v 0.43172489 4.86198968 -1.22743702
v 0.29908385 4.83206722 -1.60481647
v 0.29908385 4.83206722 -1.60481647
v 0.09141352 4.85797027 -2.12388059
v 0.45182203 4.68870772 0.97766449
v 0.58089023 4.42387225 0.77044077
v 0.48799684 4.48148400 0.41215362
v 0.33123926 4.80259146 0.66403762
v 0.53756977 4.34437697 -0.18406118
v 0.22494777 4.98703847 0.31926023
v 0.62823016 4.58330950 1.38898569
v 0.45182203 4.68870772 0.97766449
v -0.55392757 4.89235862 0.45056149
v -0.16225690 4.74274665 0.74721737
v 0.22494777 4.98703847 0.31926023
v 0.35267620 4.79365946 -0.33233332
v 0.14857868 5.21346607 -0.00408023
v -0.63029667 5.11878633 0.12722100
v -0.22388809 5.40651026 -0.19924567
v 0.11419026 5.44759756 -0.25641084
v 0.20306423 5.26493712 -0.39932375
v 0.10347180 5.66598644 -0.45336269
v 0.13160778 5.60837469 -0.49846959
v 0.10347180 5.66598644 -0.45336269
v -0.12608206 5.63829704 -0.41450824
v 0.11419026 5.44759756 -0.25641084
v 0.51747266 5.83748193 0.37061957
v 0.58803588 5.58068528 0.11069671
v 0.47281235 5.48555895 -0.38011982
v 0.95972109 5.63785045 0.84547005
v 0.76087119 5.52218035 0.36347392
v 0.70370603 5.72806430 0.57337723
v 0.48263761 5.67893796 0.69217361
v 0.95972109 5.63785045 0.84547005
v 0.12848156 3.47472956 -0.84190716
v -0.21406282 3.60915702 -0.52392594
v -0.02202360 3.93339071 -0.35109064
v 0.21020988 3.84273032 -0.56679981
v -0.43468466 5.59676293 0.76552807
v -0.65977249 5.55924835 0.64126086
v -0.52981105 5.49895684 1.13040269
v 0.79391978 4.23529423 -0.68514955
v 0.20038461 3.62746773 -1.16759232
v 0.06104453 4.10533279 -0.89460633
v 0.44824920 4.50247435 -0.57975131
v 1.16873128 4.01779863 -0.81555758
v 0.87207529 3.71321549 -1.05672312
v 0.87922093 3.98921605 0.16473564
v 1.22321680 3.86193423 -0.27695457
v 0.44824920 4.50247435 -0.57975131
v 0.79391978 4.23529423 -0.68514955
v 0.53399695 4.25628452 0.27013394
v 0.22226815 4.67129020 -0.14609994
v 0.18520012 4.77847488 -0.51544050
v 0.44824920 4.50247435 -0.57975131
v -0.01577116 5.03616470 -0.47658604
v 0.00923860 4.96381507 -0.22604184
v 0.18520012 4.77847488 -0.51544050
v 0.44824920 4.50247435 -0.57975131
v 0.01683084 4.60563962 -0.65210097
v 0.44824920 4.50247435 -0.57975131
v -0.01577116 5.03616470 -0.47658604
v -0.06936350 4.98123260 -0.51990653
v 0.18520012 4.77847488 -0.51544050
v 1.02983778 5.93886074 -0.70569331
v 0.86046364 5.75218078 -0.83029552
v 0.57597759 5.87633628 -0.79501388
v 0.78052172 6.04425906 -0.61637274
v 0.81089071 4.75837782 0.24869698
v 1.19374104 4.69183395 0.16964829
v 1.32638207 4.76195064 -0.06928425
v 1.72653821 4.65789219 0.02137614
v 1.02894449 4.87404791 -0.14431352
v 0.09587955 4.75301853 -0.33367313
v -0.11893642 4.49130929 -0.23229428
v 0.07756883 4.26878940 -0.20862433
v 0.15840395 4.68245525 -0.32608088
v -0.38377190 4.21117765 -0.07821630
v 0.06863677 3.69937079 -0.02417736
v -0.38377190 4.21117765 -0.07821630
v -0.11893642 4.49130929 -0.23229428
v -0.70577254 3.93919653 0.15580359
v -0.01309155 3.15540853 0.23887171
v -1.22885618 3.85076917 -0.63780968
v -0.90685544 4.12275031 -0.87227616
v -0.34581068 4.45334801 -0.57707169
v -0.90685544 4.12275031 -0.87227616
v -0.38377190 4.21117765 -0.07821630
v 0.09587955 4.75301853 -0.33367313
v -0.05819843 4.72711559 -0.56769302
v -1.03592376 3.71678832 0.43493038
v -0.68969484 3.32467101 0.47646443
v -1.22885618 3.85076917 -0.63780968
v -1.36774957 3.66096295 -0.06794444
v -1.36774957 3.66096295 -0.06794444
v -1.32442911 3.57789482 0.71684843
v -0.68969484 3.32467101 0.47646443
v -1.03904988 3.25500096 0.75079019
v -1.69287644 3.44793339 1.10896575
v -1.52584706 3.54395300 0.41081380
v -1.69287644 3.44793339 1.10896575
v -0.18682005 5.93662779 -0.58421734
v -0.43111181 5.61730669 -0.86602374
v -0.34134465 5.82631677 -0.22648845
v -0.18682005 5.93662779 -0.58421734
v -0.34134465 5.82631677 -0.22648845
v -0.14751900 6.04113272 -0.30509055
v -0.34134465 5.82631677 -0.22648845
v -0.00505269 5.92099673 -0.19433304
v -0.14751900 6.04113272 -0.30509055
v -0.34134465 5.82631677 -0.22648845
v -0.01353815 5.54585024 0.02852179
v -0.00505269 5.92099673 -0.19433304
v 0.58401647 3.53725396 -1.15017480
v -0.26363575 2.79946608 -1.17429138
v -0.23639297 3.36709828 -0.85128581
v 0.31694797 3.84898276 -0.83520811
v 0.86001700 3.28090393 -1.51013672
v 1.24108091 3.31663216 -0.39709073
v 1.27636255 3.14111724 -1.03305318
v 0.43574432 2.91200999 -1.52264154
v 1.10263400 3.11878710 -1.86161311
v 0.75327896 2.81509714 -1.87143840
v 1.41302299 2.96560233 -2.34003631
v 0.75327896 2.81509714 -1.87143840
v 1.27636255 3.14111724 -1.03305318
v 0.86001700 3.28090393 -1.51013672
v 1.35585783 3.03393256 -1.57132129
v 1.41302299 2.96560233 -2.34003631
v 1.24108091 3.31663216 -0.39709073
v 0.58401647 3.53725396 -1.15017480
v 0.97401238 3.62791434 -0.08268233
v 0.38483160 4.07183756 -0.28767304
v 0.97401238 3.62791434 -0.08268233
v 0.09945237 4.16785719 -0.61458633
v -0.07606255 4.46495976 -0.45827534
v 0.11731648 4.40020226 -0.23631371
v 0.31694797 3.84898276 -0.83520811
v -0.14126656 3.95840047 -0.62128536
v -0.23639297 3.36709828 -0.85128581
v -0.07606255 4.46495976 -0.45827534
v -0.15243163 4.39841590 -0.46050834
v -0.87860785 5.44045191 0.01780331
v -0.09615967 5.18711655 0.27772618
v -0.59814127 5.61775328 -0.11305133
v -0.83305439 3.60335118 -1.30693241
v -1.30120582 3.44391397 -0.91738303
v -1.35569134 3.57074917 -0.31491581
v -0.91891378 3.80298265 -0.35644987
v -0.40118943 3.07680643 0.23663871
v -1.09666174 3.20721446 -0.01837152
v -1.76209995 3.42694306 -0.25551763
v -1.54862376 3.12771915 -0.01122588
v -2.30304771 3.29385541 -0.15860482
v -1.72860467 3.34968077 -0.62173198
v -2.30304771 3.29385541 -0.15860482
v -1.30120582 3.44391397 -0.91738303
v -1.35569134 3.57074917 -0.31491581
v -1.72860467 3.34968077 -0.62173198
v -0.91891378 3.80298265 -0.35644987
v -0.18012101 3.61451625 0.01423048
v -0.51775276 4.08880850 -0.37297418
v -0.17699479 4.29781863 -0.77536335
v -0.43200501 3.88917701 -1.32345665
v -0.51775276 4.08880850 -0.37297418
v -0.83305439 3.60335118 -1.30693241
v -0.06713049 4.17812907 -0.19433304
v -0.21406282 4.38457120 -0.36270231
v 0.01683084 4.66101832 -0.33947897
v 0.06372414 4.59536774 -0.28633323
v 0.01683084 4.66101832 -0.33947897
v 0.04228721 4.60206680 -0.61949895
v -0.21406282 4.38457120 -0.36270231
v -0.87860785 5.44045191 0.01780331
v -0.62761708 5.22641760 0.21341537
v -0.09615967 5.18711655 0.27772618
v -1.48967224 5.23222337 0.32283305
v -0.93365166 5.15674750 0.30720194
v -1.14042879 5.33148087 0.14642494
v -1.14042879 5.33148087 0.14642494
v -1.17526384 5.23579619 -0.10143965
v -1.48967224 5.23222337 0.32283305
v 0.27630710 4.20224559 -0.71596519
v -0.13054809 4.27504187 -0.58332413
v -0.06891690 4.55874633 -0.35377026
v 0.20663705 4.50961999 -0.44398404
v -0.23237356 3.97090535 -0.87629557
v 0.70370603 3.80298265 -1.18143703
v 0.53622995 3.50733157 -1.55479695
v -0.39984961 3.67525424 -1.24932066
v 0.53622995 3.50733157 -1.55479695
v -0.60662674 3.43274889 -1.64590398
v -0.01353815 3.32645742 -1.83928300
v -0.72095706 2.91200999 -0.52839197
v -0.76740376 3.05090346 -1.28549547
v -0.44227689 3.47294315 -0.40557619
v -0.23237356 3.97090535 -0.87629557
v -0.22165509 4.05888609 -0.37878002
v -0.06891690 4.55874633 -0.35377026
v -0.09794609 4.48996952 -0.28901285
v -0.82188928 3.28045733 -2.00541920
v -0.76740376 3.05090346 -1.28549547
v -0.95419542 2.96604892 -1.70842832
v -1.12658409 3.13709780 -2.47714356
v -0.01353815 3.32645742 -1.83928300
v -0.60662674 3.43274889 -1.64590398
v -0.46103418 3.21569991 -2.12343400
v -1.12658409 3.13709780 -2.47714356
v 0.05345228 6.45881815 -0.35734308
v 0.10347180 6.11928823 -0.27382835
v 0.09766596 6.41147816 -0.37342078
v 0.24995753 5.76736525 -0.55920758
v 0.58669606 5.38551991 -0.74454777
v -0.08812082 5.64499609 -0.77848959
v 0.24995753 5.76736525 -0.55920758
v -0.08812082 5.64499609 -0.77848959
v -0.02916925 5.87276357 -0.56724643
v -0.08812082 5.64499609 -0.77848959
v -0.16895594 5.75218078 -0.43728499
v -0.02916925 5.87276357 -0.56724643
v -0.40922828 5.36765569 -0.47837245
v -0.16895594 5.75218078 -0.43728499
v 0.43395791 5.27297594 -0.33456633
v 0.09052031 5.09020374 0.28531841
v 0.37143351 4.87047509 0.38267786
v 0.07846204 5.42035474 -0.15190577
v 0.71531768 5.05313564 -0.23765352
v 0.22807399 5.49940365 -0.42120729
v 0.17716126 5.35336440 -0.58912996
v 0.31784117 4.93612567 -0.72043119
v 0.53712318 4.53775599 -0.82850911
v 0.43395791 5.27297594 -0.33456633
v 0.07578242 5.71109326 -0.49534336
v 0.05970472 5.66464667 -0.54893570
v 0.22807399 5.49940365 -0.42120729
v 1.02894449 4.87404791 -0.14431352
v 0.93962392 4.61591150 -0.43996461
v 0.07578242 5.71109326 -0.49534336
v -0.02559643 5.65705444 -0.31312940
v 0.22807399 5.49940365 -0.42120729
v 1.02894449 4.87404791 -0.14431352
v 0.53712318 4.53775599 -0.82850911
v 0.37143351 4.87047509 0.38267786
v 0.71531768 5.05313564 -0.23765352
v 0.81089071 4.75837782 0.24869698
v 1.32638207 4.76195064 -0.06928425
v 0.93962392 4.61591150 -0.43996461
v 1.25313915 4.54981422 -0.31268280
v 1.72653821 4.65789219 0.02137614
v 1.32638207 4.76195064 -0.06928425
v 0.00923860 6.34493441 -0.14699314
v 0.09721936 6.47087627 -0.37833341
v -0.03676150 6.66961458 -0.41004222
v -0.07695575 6.60083788 -0.31491581
v 1.00170179 3.44971980 -0.37163437
v 0.51479301 2.66503858 -1.05270371
v 0.25576337 3.24428249 -0.84681981
v 0.57329800 3.75653595 -0.40200336
v 0.16554959 3.98564323 -0.01390549
v 0.37545293 3.55422487 0.60329963
v 0.00879199 4.36938673 -0.50427541
v -0.04971298 4.30987686 -0.20817773
v 0.25174394 4.07317738 -0.45068307
v 0.57329800 3.75653595 -0.40200336
v 0.25174394 4.07317738 -0.45068307
v 0.37545293 3.55422487 0.60329963
v 0.80374507 3.24740871 0.63366863
v 1.00170179 3.44971980 -0.37163437
v 1.47152792 3.20006881 -0.36404212
v 1.34603254 3.07144719 0.27281353
v 1.47152792 3.20006881 -0.36404212
v 1.22768280 2.80705831 -0.70480008
v 1.91065018 3.04465102 -0.38056643
v 1.71001387 2.72131057 -0.66147962
v 1.34603254 3.07144719 0.27281353
v 1.83416948 2.96649551 0.00663824
v 2.49569993 2.90039829 -0.42031408
v 2.49569993 2.90039829 -0.42031408
v 1.91065018 3.04465102 -0.38056643
v 0.00879199 4.36938673 -0.50427541
v 0.11329706 3.85076917 -0.64406212
v -0.03542169 4.29871181 -0.56590661
v 0.57329800 3.75653595 -0.40200336
v 0.25174394 4.07317738 -0.45068307
v 0.59339511 6.07194847 0.09238598
v 0.83411406 5.96163744 -0.21934280
v 0.78052172 6.04425906 -0.61637274
v 0.50898719 6.21586620 -0.53955705
v -0.20334436 6.42175015 0.44877508
v -0.04792657 6.30518666 0.39473609
v 0.01638424 6.36369159 0.21252216
v -0.17744139 6.49008026 0.26388147
v -0.93588472 5.30111193 -0.38905188
v -1.17526384 5.23579619 -0.10143965
v -1.14042879 5.33148087 0.14642494
v -0.87860785 5.44045191 0.01780331
v -0.18592685 6.37574994 -0.10099305
v 0.06059792 6.44765298 -0.22246902
v -0.01085853 6.63477953 -0.36404212
v -0.17833460 6.58877953 -0.27918758
v -0.03676150 6.66961458 -0.41004222
v 0.09721936 6.47087627 -0.37833341
v 0.02442309 6.37396358 -0.53196479
v -0.06311106 6.63656611 -0.44889666
v -0.00058667 6.24578855 -0.36002270
v -0.14751900 6.04113272 -0.30509055
v -0.00505269 5.92099673 -0.19433304
v 0.04452022 6.20738079 -0.32474107
v 0.15170490 4.65208631 1.02857719
v 0.62823016 4.58330950 1.38898569
v -0.16225690 4.74274665 0.74721737
v 0.33123926 4.80259146 0.66403762
v -0.07248972 5.14602903 -0.45380931
v 0.06863677 4.89503826 -0.60431445
v -0.13144130 4.71103784 -0.58645034
v -0.13635393 5.08707751 -0.44800346
v 0.24013227 4.62975620 -0.81511099
v 0.88100734 4.45781412 -0.23810012
v 1.08521648 4.19599318 -0.53241141
v 0.44378318 4.37429932 -1.11254851
v 0.34687034 4.82179534 -0.35421686
v 0.06863677 4.89503826 -0.60431445
v -0.07248972 5.14602903 -0.45380931
v 0.11597668 5.09645610 -0.28454682
v 0.00030654 6.09115224 -0.41495485
v -0.02916925 5.87276357 -0.56724643
v -0.16895594 5.75218078 -0.43728499
v -0.04435374 6.05274448 -0.37342078
v -0.34357765 4.99239765 -0.15458539
v 0.06283094 5.08216481 -0.21934280
v -0.12474226 5.24830112 -0.28767304
v -0.34357765 4.99239765 -0.15458539
v 0.08784070 4.61055221 0.00261881
v 0.04630663 5.48779189 -0.37922662
v 0.10570481 5.43509284 -0.35734308
v 0.16599619 6.24757491 -0.04427449
v -0.39806320 6.06212307 0.22234742
v -0.23951920 5.86159840 0.44028961
v 0.32677323 6.03220072 0.16339585
v -0.52579164 6.45122591 -0.11081831
v -0.41860693 6.39584711 0.15044435
v -0.17744139 6.49008026 0.26388147
v -0.14528599 6.60039129 0.06782284
v 0.13964663 4.26164376 -0.45380931
v 0.13964663 3.96733252 -0.19254663
v 0.26380222 3.72393396 -0.37967322
v 0.17894768 4.18393489 -0.51320747
v -0.11536360 6.97553757 -0.21800299
v -0.01309155 6.99429497 -0.30777016
v -0.05864504 7.08182907 -0.37029456
v -0.12786848 7.06932414 -0.30955658
v 0.34687034 4.82179534 -0.35421686
v 0.88100734 4.45781412 -0.23810012
v 0.24013227 4.62975620 -0.81511099
v 0.34687034 4.82179534 -0.35421686
v 0.24013227 4.62975620 -0.81511099
v 0.06863677 4.89503826 -0.60431445
v 0.24013227 4.62975620 -0.81511099
v -0.13144130 4.71103784 -0.58645034
v 0.06863677 4.89503826 -0.60431445
v 0.24013227 4.62975620 -0.81511099
v -0.22299488 4.24645929 -0.79546047
v -0.13144130 4.71103784 -0.58645034
v 0.50898719 6.21586620 -0.53955705
v 0.10034558 5.89330733 -0.90309174
v -0.01085853 6.17075916 -0.70346031
v 0.25576337 6.38780828 -0.46899380
v 0.64966710 4.15311931 -1.44359285
v -0.26631537 3.79628362 -1.08664552
v 0.44378318 4.37429932 -1.11254851
v 0.64966710 4.15311931 -1.44359285
v 0.29506442 3.85836140 -1.42751510
v -0.26631537 3.79628362 -1.08664552
v 1.04725530 3.89007019 -2.20605562
v 0.53489013 3.75028352 -1.74058373
v 0.82562859 4.01645881 -1.76559349
v 0.82562859 4.01645881 -1.76559349
v 1.07271165 3.95125482 -1.54363189
v 1.04725530 3.89007019 -2.20605562
v 0.15036509 6.81252749 -0.13895429
v 0.17448165 6.57716778 -0.37699360
v 0.06908338 6.74732350 -0.38637226
v 0.05389888 6.90184817 -0.23095448
v 0.70370603 5.72806430 0.57337723
v 0.76087119 5.52218035 0.36347392
v 0.58803588 5.58068528 0.11069671
v 0.51747266 5.83748193 0.37061957
v 0.29506442 3.54216659 1.78746702
v 0.19770500 3.66944841 1.27286890
v 0.09677275 6.51285697 -0.16039123
v 0.05970472 6.56242990 -0.42924614
v -0.09124704 6.74062445 -0.41450824
v -0.06623728 6.70757597 -0.23274089
v -0.59814127 5.61775328 -0.11305133
v -0.09615967 5.18711655 0.27772618
v -0.01353815 5.54585024 0.02852179
v -0.34134465 5.82631677 -0.22648845
v 1.08521648 4.19599318 -0.53241141
v 1.05618731 4.04370157 -1.07726688
v 0.64966710 4.15311931 -1.44359285
v 0.44378318 4.37429932 -1.11254851
v 1.05618731 4.04370157 -1.07726688
v 1.07271165 3.95125482 -1.54363189
v 0.82562859 4.01645881 -1.76559349
v 0.64966710 4.15311931 -1.44359285
v -0.68388901 5.47618014 -0.74186813
v -0.93588472 5.30111193 -0.38905188
v -0.87860785 5.44045191 0.01780331
v -0.59814127 5.61775328 -0.11305133
v -0.09124704 6.74062445 -0.41450824
v 0.05970472 6.56242990 -0.42924614
v -0.05641202 6.43872098 -0.51633371
v -0.12831508 6.69685739 -0.44041122
v 0.44378318 4.37429932 -1.11254851
v -0.26631537 3.79628362 -1.08664552
v -0.22299488 4.24645929 -0.79546047
v 0.24013227 4.62975620 -0.81511099
v 0.83411406 5.96163744 -0.21934280
v 1.06243977 5.89554027 -0.46765398
v 1.02983778 5.93886074 -0.70569331
v 0.78052172 6.04425906 -0.61637274
v -0.18682005 5.93662779 -0.58421734
v -0.14751900 6.04113272 -0.30509055
v -0.00058667 6.24578855 -0.36002270
v -0.02738284 6.17209915 -0.54938232
v 0.24995753 5.76736525 -0.55920758
v -0.02916925 5.87276357 -0.56724643
v 0.00030654 6.09115224 -0.41495485
v 0.18520012 6.02237554 -0.41182863
v 0.32677323 6.03220072 0.16339585
v 0.47281235 5.48555895 -0.38011982
v 0.26290901 5.88303534 -0.40557619
v 0.16599619 6.24757491 -0.04427449
v -0.08946063 6.76697408 0.06737622
v 0.10570481 6.70802256 0.08434713
v 0.25665657 6.73660514 -0.04650750
v 0.15036509 6.81252749 -0.13895429
v 0.82562859 4.01645881 -1.76559349
v 0.53489013 3.75028352 -1.74058373
v 0.29506442 3.85836140 -1.42751510
v 0.64966710 4.15311931 -1.44359285
v -0.09481987 7.05503285 -0.37744021
v -0.10643154 7.00233379 -0.42031408
v -0.15287824 6.97866391 -0.39530432
v -0.10955776 7.04744061 -0.36940136
v -0.03988772 6.95856674 -0.40557619
v -0.04971298 7.02555709 -0.36716834
v -0.12027623 6.94695499 -0.47747924
v -0.12027623 6.94695499 -0.47747924
v 0.03290855 6.84557618 -0.44353743
v -0.22746091 6.89202277 -0.41986748
v -0.13635393 6.89380934 -0.55384834
v -0.30115039 6.81029454 -0.46542098
v -0.15287824 6.85182865 -0.63736306
v -0.23505317 6.80984795 -0.59314939
v 0.01638424 6.79287713 -0.51990653
v -0.05596542 6.78796443 -0.61592613
v -0.05596542 6.78796443 -0.61592613
v -0.16672292 6.82726537 -0.71596519
v -0.10777135 6.78841102 -0.70256708
v -0.16672292 6.82726537 -0.71596519
v -0.18414043 6.80582843 -0.82002364
v -0.23505317 6.80984795 -0.59314939
v -0.23460656 6.79287713 -0.67934373
v -0.18414043 6.80582843 -0.82002364
v -0.16672292 6.82726537 -0.71596519
vt 0.50159454 0.49791712
vt 0.16922255 0.49791712
vt 0.27106127 0.29816127
vt 0.50183868 0.29816127
vt 0.64298469 0.13748378
vt 0.82149994 0.29816127
vt 0.50183868 0.29816127
vt 0.50159454 0.13748378
vt 0.80195314 0.49791712
vt 0.50159454 0.49791712
vt 0.50183868 0.67472339
vt 0.70428014 0.67472339
vt 0.32527658 0.67472339
vt 0.50159454 0.81661707
vt 0.32527658 0.67472339
vt 0.35359731 0.81661707
vt 0.62711531 0.81661707
vt 0.50208288 0.99926758
vt 0.70428014 0.67472339
vt 0.50159454 0.81661707
vt 0.50159454 0.99877930
vt 0.27106127 0.29816127
vt 0.39975587 0.13748378
vt 0.50159454 0.00024414
vt 0.46910810 0.00024414
vt 0.50159454 0.13748378
vt 0.64298469 0.13748378
vt 0.50159454 0.00024414
vt 0.59755856 0.00024414
vt 0.64298469 0.13748378
vt 0.50159454 0.13748378
vt 0.50159454 0.00024414
vt 0.59755856 0.00024414
vt 0.50183868 0.29816127
vt 0.50159454 0.13748378
vt 0.39975587 0.13748378
vt 0.27106127 0.29816127
vt 0.50159454 0.49791712
vt 0.16922255 0.49791712
vt 0.50183868 0.67472339
vt 0.50159454 0.49791712
vt 0.32527658 0.67472339
vt 0.50159454 0.81661707
vt 0.35359731 0.81661707
vt 0.50159454 0.99877930
vt 0.50159454 0.81661707
vt 0.70428014 0.67472339
vt 0.50159454 0.81661707
vt 0.62711531 0.81661707
vt 0.80195314 0.49791712
vt 0.70428014 0.67472339
vt 0.50159454 0.49791712
vt 0.50159454 0.49791712
vt 0.82149994 0.29816127
vt 0.64298469 0.13748378
vt 0.80195314 0.49791712
vt 0.70428014 0.67472339
vt 0.50183868 0.67472339
vt 0.50159454 0.49791712
vt 0.50183868 0.29816127
vt 0.82149994 0.29816127
vt 0.27106127 0.29816127
vt 0.39975587 0.13748378
vt 0.50159454 0.49791712
vt 0.16922255 0.49791712
vt 0.50183868 0.67472339
vt 0.50183868 0.67472339
vt 0.32527658 0.67472339
vt 0.50159454 0.81661707
vt 0.35359731 0.81661707
vt 0.50159454 0.99877930
vt 0.70428014 0.67472339
vt 0.62711531 0.81661707
vt 0.50208288 0.99926758
vt 0.39975587 0.13748378
vt 0.50159454 0.13748378
vt 0.50159454 0.00024414
vt 0.46910810 0.00024414
vt 0.50159454 0.13748378
vt 0.64298469 0.13748378
vt 0.50159454 0.00024414
vt 0.59755856 0.00024414
vt 0.82149994 0.29816127
vt 0.50183868 0.29816127
vt 0.50183868 0.29816127
vt 0.82149994 0.29816127
vt 0.80195314 0.49791712
vt 0.50159454 0.49791712
vt 0.70428014 0.67472339
vt 0.62711531 0.81661707
vt 0.50159454 0.81661707
vt 0.50183868 0.67472339
vt 0.50159454 0.81661707
vt 0.35359731 0.81661707
vt 0.32527658 0.67472339
vt 0.50183868 0.67472339
vt 0.50159454 0.00024414
vt 0.50159454 0.13748378
vt 0.39975587 0.13748378
vt 0.46910810 0.00024414
vt 0.50183868 0.29816127
vt 0.39975587 0.13748378
vt 0.64298469 0.13748378
vt 0.82149994 0.29816127
vt 0.50159454 0.00024414
vt 0.59755856 0.00024414
vt 0.50159454 0.13748378
vt 0.50183868 0.29816127
vt 0.80195314 0.49791712
vt 0.50159454 0.49791712
vt 0.80195314 0.49791712
vt 0.50183868 0.67472339
vt 0.70428014 0.67472339
vt 0.16922255 0.49791712
vt 0.32527658 0.67472339
vt 0.50159454 0.81661707
vt 0.70428014 0.67472339
vt 0.62711531 0.81661707
vt 0.50208288 0.99926758
vt 0.35359731 0.81661707
vt 0.50159454 0.99877930
vt 0.50159454 0.49791712
vt 0.27106127 0.29816127
vt 0.50183868 0.29816127
vt 0.39975587 0.13748378
vt 0.64298469 0.13748378
vt 0.50159454 0.13748378
vt 0.50159454 0.00024414
vt 0.59755856 0.00024414
vt 0.50183868 0.29816127
vt 0.82149994 0.29816127
vt 0.80195314 0.49791712
vt 0.50159454 0.49791712
vt 0.70428014 0.67472339
vt 0.50183868 0.67472339
vt 0.50159454 0.49791712
vt 0.27106127 0.29816127
vt 0.16922255 0.49791712
vt 0.39975587 0.13748378
vt 0.50159454 0.00024414
vt 0.46910810 0.00024414
vt 0.50183868 0.67472339
vt 0.16922255 0.49791712
vt 0.32527658 0.67472339
vt 0.50159454 0.81661707
vt 0.35359731 0.81661707
vt 0.62711531 0.81661707
vt 0.50208288 0.99926758
vt 0.70428014 0.67472339
vt 0.50159454 0.81661707
vt 0.50159454 0.99877930
vt 0.50159454 0.00024414
vt 0.50159454 0.13748378
vt 0.39975587 0.13748378
vt 0.46910810 0.00024414
vt 0.80195314 0.49791712
vt 0.70428014 0.67472339
vt 0.50183868 0.67472339
vt 0.50159454 0.49791712
vt 0.50183868 0.29816127
vt 0.82149994 0.29816127
vt 0.64298469 0.13748378
vt 0.50183868 0.29816127
vt 0.27106127 0.29816127
vt 0.16922255 0.49791712
vt 0.39975587 0.13748378
vt 0.50159454 0.00024414
vt 0.46910810 0.00024414
vt 0.50159454 0.13748378
vt 0.50183868 0.29816127
vt 0.50183868 0.29816127
vt 0.50159454 0.00024414
vt 0.59755856 0.00024414
vt 0.50183868 0.67472339
vt 0.32527658 0.67472339
vt 0.16922255 0.49791712
vt 0.50159454 0.81661707
vt 0.32527658 0.67472339
vt 0.35359731 0.81661707
vt 0.50159454 0.99877930
vt 0.35359731 0.81661707
vt 0.62711531 0.81661707
vt 0.50208288 0.99926758
vt 0.70428014 0.67472339
vt 0.50159454 0.81661707
vt 0.64298469 0.13748378
vt 0.82149994 0.29816127
vt 0.50183868 0.29816127
vt 0.64298469 0.13748378
vt 0.50183868 0.29816127
vt 0.50159454 0.13748378
vt 0.50183868 0.29816127
vt 0.39975587 0.13748378
vt 0.50159454 0.13748378
vt 0.50183868 0.29816127
vt 0.27106127 0.29816127
vt 0.39975587 0.13748378
vt 0.50183868 0.29816127
vt 0.82149994 0.29816127
vt 0.80195314 0.49791712
vt 0.50159454 0.49791712
vt 0.50183868 0.67472339
vt 0.70428014 0.67472339
vt 0.64298469 0.13748378
vt 0.50183868 0.29816127
vt 0.50159454 0.49791712
vt 0.27106127 0.29816127
vt 0.16922255 0.49791712
vt 0.39975587 0.13748378
vt 0.50159454 0.13748378
vt 0.64298469 0.13748378
vt 0.50159454 0.00024414
vt 0.59755856 0.00024414
vt 0.50159454 0.00024414
vt 0.46910810 0.00024414
vt 0.50159454 0.13748378
vt 0.50183868 0.67472339
vt 0.16922255 0.49791712
vt 0.50159454 0.81661707
vt 0.32527658 0.67472339
vt 0.35359731 0.81661707
vt 0.50159454 0.99877930
vt 0.62711531 0.81661707
vt 0.50208288 0.99926758
vt 0.70428014 0.67472339
vt 0.50183868 0.67472339
vt 0.50159454 0.49791712
vt 0.16922255 0.49791712
vt 0.27106127 0.29816127
vt 0.50183868 0.67472339
vt 0.50183868 0.29816127
vt 0.80195314 0.49791712
vt 0.50183868 0.67472339
vt 0.70428014 0.67472339
vt 0.50183868 0.67472339
vt 0.32527658 0.67472339
vt 0.70428014 0.67472339
vt 0.50159454 0.81661707
vt 0.62711531 0.81661707
vt 0.50159454 0.81661707
vt 0.50208288 0.99926758
vt 0.32527658 0.67472339
vt 0.35359731 0.81661707
vt 0.50159454 0.99877930
vt 0.50183868 0.67472339
vt 0.16922255 0.49791712
vt 0.50159454 0.49791712
vt 0.80195314 0.49791712
vt 0.70428014 0.67472339
vt 0.50183868 0.67472339
vt 0.50159454 0.49791712
vt 0.50159454 0.81661707
vt 0.35359731 0.81661707
vt 0.32527658 0.67472339
vt 0.50183868 0.67472339
vt 0.50183868 0.67472339
vt 0.32527658 0.67472339
vt 0.16922255 0.49791712
vt 0.70428014 0.67472339
vt 0.62711531 0.81661707
vt 0.50159454 0.81661707
vt 0.50183868 0.67472339
vt 0.50159454 0.99877930
vt 0.35359731 0.81661707
vt 0.50159454 0.81661707
vt 0.32527658 0.67472339
vt 0.50208288 0.99926758
vt 0.80195314 0.49791712
vt 0.70428014 0.67472339
vt 0.50159454 0.49791712
vt 0.50183868 0.67472339
vt 0.16922255 0.49791712
vt 0.50159454 0.49791712
vt 0.27106127 0.29816127
vt 0.50183868 0.29816127
vt 0.50159454 0.49791712
vt 0.82149994 0.29816127
vt 0.64298469 0.13748378
vt 0.50159454 0.13748378
vt 0.39975587 0.13748378
vt 0.50183868 0.29816127
vt 0.50159454 0.00024414
vt 0.39975587 0.13748378
vt 0.46910810 0.00024414
vt 0.50159454 0.99877930
vt 0.35359731 0.81661707
vt 0.50159454 0.81661707
vt 0.50159454 0.81661707
vt 0.62711531 0.81661707
vt 0.50208288 0.99926758
vt 0.64298469 0.13748378
vt 0.50159454 0.13748378
vt 0.50159454 0.00024414
vt 0.59755856 0.00024414
vt 0.82149994 0.29816127
vt 0.50183868 0.29816127
vt 0.50159454 0.13748378
vt 0.80195314 0.49791712
vt 0.50159454 0.49791712
vt 0.39975587 0.13748378
vt 0.27106127 0.29816127
vt 0.50159454 0.00024414
vt 0.46910810 0.00024414
vt 0.50159454 0.13748378
vt 0.50159454 0.00024414
vt 0.50159454 0.13748378
vt 0.39975587 0.13748378
vt 0.46910810 0.00024414
vt 0.64298469 0.13748378
vt 0.82149994 0.29816127
vt 0.50183868 0.29816127
vt 0.50159454 0.13748378
vt 0.50159454 0.00024414
vt 0.59755856 0.00024414
vt 0.50183868 0.29816127
vt 0.39975587 0.13748378
vt 0.50159454 0.00024414
vt 0.39975587 0.13748378
vt 0.46910810 0.00024414
vt 0.50183868 0.29816127
vt 0.27106127 0.29816127
vt 0.39975587 0.13748378
vt 0.50183868 0.29816127
vt 0.82149994 0.29816127
vt 0.80195314 0.49791712
vt 0.50159454 0.49791712
vt 0.80195314 0.49791712
vt 0.50183868 0.67472339
vt 0.70428014 0.67472339
vt 0.16922255 0.49791712
vt 0.50159454 0.49791712
vt 0.27106127 0.29816127
vt 0.39975587 0.13748378
vt 0.50159454 0.13748378
vt 0.50159454 0.00024414
vt 0.46910810 0.00024414
vt 0.50159454 0.13748378
vt 0.64298469 0.13748378
vt 0.59755856 0.00024414
vt 0.50159454 0.13748378
vt 0.50183868 0.29816127
vt 0.50183868 0.67472339
vt 0.32527658 0.67472339
vt 0.50159454 0.81661707
vt 0.35359731 0.81661707
vt 0.50159454 0.99877930
vt 0.70428014 0.67472339
vt 0.62711531 0.81661707
vt 0.62711531 0.81661707
vt 0.50208288 0.99926758
vt 0.50159454 0.49791712
vt 0.16922255 0.49791712
vt 0.27106127 0.29816127
vt 0.50183868 0.29816127
vt 0.50183868 0.29816127
vt 0.39975587 0.13748378
vt 0.50159454 0.13748378
vt 0.64298469 0.13748378
vt 0.82149994 0.29816127
vt 0.80195314 0.49791712
vt 0.50159454 0.49791712
vt 0.50159454 0.00024414
vt 0.59755856 0.00024414
vt 0.50159454 0.13748378
vt 0.50183868 0.67472339
vt 0.32527658 0.67472339
vt 0.50183868 0.67472339
vt 0.50159454 0.49791712
vt 0.80195314 0.49791712
vt 0.70428014 0.67472339
vt 0.50159454 0.81661707
vt 0.32527658 0.67472339
vt 0.35359731 0.81661707
vt 0.50159454 0.99877930
vt 0.70428014 0.67472339
vt 0.62711531 0.81661707
vt 0.62711531 0.81661707
vt 0.50208288 0.99926758
vt 0.50183868 0.67472339
vt 0.16922255 0.49791712
vt 0.50159454 0.49791712
vt 0.50159454 0.81661707
vt 0.35359731 0.81661707
vt 0.32527658 0.67472339
vt 0.50159454 0.99877930
vt 0.50183868 0.67472339
vt 0.70428014 0.67472339
vt 0.62711531 0.81661707
vt 0.50208288 0.99926758
vt 0.80195314 0.49791712
vt 0.70428014 0.67472339
vt 0.50159454 0.49791712
vt 0.16922255 0.49791712
vt 0.32527658 0.67472339
vt 0.50159454 0.49791712
vt 0.27106127 0.29816127
vt 0.50183868 0.29816127
vt 0.50183868 0.29816127
vt 0.39975587 0.13748378
vt 0.50159454 0.13748378
vt 0.50159454 0.00024414
vt 0.46910810 0.00024414
vt 0.64298469 0.13748378
vt 0.82149994 0.29816127
vt 0.80195314 0.49791712
vt 0.50159454 0.49791712
vt 0.50159454 0.00024414
vt 0.59755856 0.00024414
vt 0.50159454 0.13748378
vt 0.50183868 0.67472339
vt 0.32527658 0.67472339
vt 0.16922255 0.49791712
vt 0.70428014 0.67472339
vt 0.62711531 0.81661707
vt 0.50159454 0.81661707
vt 0.50183868 0.67472339
vt 0.50159454 0.99877930
vt 0.35359731 0.81661707
vt 0.50159454 0.81661707
vt 0.50159454 0.81661707
vt 0.62711531 0.81661707
vt 0.50208288 0.99926758
vt 0.70428014 0.67472339
vt 0.50183868 0.67472339
vt 0.62711531 0.81661707
vt 0.50183868 0.29816127
vt 0.82149994 0.29816127
vt 0.80195314 0.49791712
vt 0.50159454 0.49791712
vt 0.64298469 0.13748378
vt 0.50159454 0.13748378
vt 0.50159454 0.00024414
vt 0.59755856 0.00024414
vt 0.50183868 0.29816127
vt 0.82149994 0.29816127
vt 0.80195314 0.49791712
vt 0.50159454 0.49791712
vt 0.50183868 0.67472339
vt 0.70428014 0.67472339
vt 0.16922255 0.49791712
vt 0.27106127 0.29816127
vt 0.50183868 0.29816127
vt 0.32527658 0.67472339
vt 0.50159454 0.81661707
vt 0.32527658 0.67472339
vt 0.70428014 0.67472339
vt 0.62711531 0.81661707
vt 0.50208288 0.99926758
vt 0.35359731 0.81661707
vt 0.50159454 0.99877930
vt 0.50183868 0.29816127
vt 0.82149994 0.29816127
vt 0.80195314 0.49791712
vt 0.50159454 0.49791712
vt 0.50159454 0.49791712
vt 0.16922255 0.49791712
vt 0.27106127 0.29816127
vt 0.50183868 0.29816127
vt 0.50183868 0.29816127
vt 0.39975587 0.13748378
vt 0.80195314 0.49791712
vt 0.82149994 0.29816127
vt 0.64298469 0.13748378
vt 0.50183868 0.29816127
vt 0.50159454 0.00024414
vt 0.59755856 0.00024414
vt 0.50159454 0.13748378
vt 0.50183868 0.29816127
vt 0.50159454 0.13748378
vt 0.50159454 0.00024414
vt 0.46910810 0.00024414
vt 0.80195314 0.49791712
vt 0.50183868 0.67472339
vt 0.70428014 0.67472339
vt 0.16922255 0.49791712
vt 0.32527658 0.67472339
vt 0.50159454 0.81661707
vt 0.32527658 0.67472339
vt 0.35359731 0.81661707
vt 0.50159454 0.99877930
vt 0.70428014 0.67472339
vt 0.50183868 0.67472339
vt 0.62711531 0.81661707
vt 0.50208288 0.99926758
vt 0.80195314 0.49791712
vt 0.70428014 0.67472339
vt 0.50183868 0.67472339
vt 0.50159454 0.49791712
vt 0.16922255 0.49791712
vt 0.27106127 0.29816127
vt 0.50183868 0.29816127
vt 0.80195314 0.49791712
vt 0.82149994 0.29816127
vt 0.32527658 0.67472339
vt 0.50159454 0.81661707
vt 0.35359731 0.81661707
vt 0.62711531 0.81661707
vt 0.50208288 0.99926758
vt 0.70428014 0.67472339
vt 0.50159454 0.81661707
vt 0.50159454 0.99877930
vt 0.70428014 0.67472339
vt 0.62711531 0.81661707
vt 0.50159454 0.81661707
vt 0.50208288 0.99926758
vt 0.50183868 0.67472339
vt 0.32527658 0.67472339
vt 0.50183868 0.67472339
vt 0.35359731 0.81661707
vt 0.16922255 0.49791712
vt 0.50159454 0.49791712
vt 0.27106127 0.29816127
vt 0.50183868 0.29816127
vt 0.39975587 0.13748378
vt 0.80195314 0.49791712
vt 0.50183868 0.67472339
vt 0.70428014 0.67472339
vt 0.82149994 0.29816127
vt 0.64298469 0.13748378
vt 0.82149994 0.29816127
vt 0.50159454 0.13748378
vt 0.64298469 0.13748378
vt 0.50159454 0.00024414
vt 0.59755856 0.00024414
vt 0.50159454 0.00024414
vt 0.50159454 0.13748378
vt 0.46910810 0.00024414
vt 0.50159454 0.00024414
vt 0.50159454 0.13748378
vt 0.39975587 0.13748378
vt 0.46910810 0.00024414
vt 0.64298469 0.13748378
vt 0.82149994 0.29816127
vt 0.50183868 0.29816127
vt 0.64298469 0.13748378
vt 0.50183868 0.29816127
vt 0.50159454 0.13748378
vt 0.50183868 0.29816127
vt 0.39975587 0.13748378
vt 0.50159454 0.13748378
vt 0.50183868 0.29816127
vt 0.27106127 0.29816127
vt 0.39975587 0.13748378
vt 0.50159454 0.49791712
vt 0.16922255 0.49791712
vt 0.27106127 0.29816127
vt 0.50183868 0.29816127
vt 0.50183868 0.29816127
vt 0.39975587 0.13748378
vt 0.50183868 0.67472339
vt 0.32527658 0.67472339
vt 0.70428014 0.67472339
vt 0.50159454 0.81661707
vt 0.62711531 0.81661707
vt 0.50208288 0.99926758
vt 0.64298469 0.13748378
vt 0.82149994 0.29816127
vt 0.80195314 0.49791712
vt 0.50159454 0.49791712
vt 0.50159454 0.13748378
vt 0.50159454 0.00024414
vt 0.59755856 0.00024414
vt 0.39975587 0.13748378
vt 0.50159454 0.00024414
vt 0.46910810 0.00024414
vt 0.50183868 0.67472339
vt 0.16922255 0.49791712
vt 0.80195314 0.49791712
vt 0.70428014 0.67472339
vt 0.50159454 0.81661707
vt 0.32527658 0.67472339
vt 0.35359731 0.81661707
vt 0.50159454 0.99877930
vt 0.50159454 0.81661707
vt 0.50183868 0.67472339
vt 0.16922255 0.49791712
vt 0.50159454 0.49791712
vt 0.50183868 0.67472339
vt 0.32527658 0.67472339
vt 0.16922255 0.49791712
vt 0.70428014 0.67472339
vt 0.62711531 0.81661707
vt 0.50159454 0.81661707
vt 0.50183868 0.67472339
vt 0.62711531 0.81661707
vt 0.50208288 0.99926758
vt 0.32527658 0.67472339
vt 0.50183868 0.67472339
vt 0.35359731 0.81661707
vt 0.50159454 0.99877930
vt 0.50159454 0.99877930
vt 0.35359731 0.81661707
vt 0.50159454 0.81661707
vt 0.50159454 0.81661707
vt 0.62711531 0.81661707
vt 0.50208288 0.99926758
vt 0.64298469 0.13748378
vt 0.82149994 0.29816127
vt 0.50183868 0.29816127
vt 0.64298469 0.13748378
vt 0.50183868 0.29816127
vt 0.50159454 0.13748378
vt 0.50183868 0.29816127
vt 0.39975587 0.13748378
vt 0.50159454 0.13748378
vt 0.50183868 0.29816127
vt 0.27106127 0.29816127
vt 0.39975587 0.13748378
vt 0.50183868 0.29816127
vt 0.82149994 0.29816127
vt 0.80195314 0.49791712
vt 0.50159454 0.49791712
vt 0.50159454 0.49791712
vt 0.16922255 0.49791712
vt 0.27106127 0.29816127
vt 0.50183868 0.29816127
vt 0.50183868 0.67472339
vt 0.16922255 0.49791712
vt 0.50159454 0.49791712
vt 0.27106127 0.29816127
vt 0.50183868 0.29816127
vt 0.16922255 0.49791712
vt 0.32527658 0.67472339
vt 0.50159454 0.81661707
vt 0.35359731 0.81661707
vt 0.50159454 0.99877930
vt 0.70428014 0.67472339
vt 0.62711531 0.81661707
vt 0.50183868 0.67472339
vt 0.80195314 0.49791712
vt 0.70428014 0.67472339
vt 0.50183868 0.29816127
vt 0.82149994 0.29816127
vt 0.50159454 0.81661707
vt 0.50208288 0.99926758
vt 0.64298469 0.13748378
vt 0.82149994 0.29816127
vt 0.50183868 0.29816127
vt 0.64298469 0.13748378
vt 0.50183868 0.29816127
vt 0.50159454 0.13748378
vt 0.50183868 0.29816127
vt 0.39975587 0.13748378
vt 0.50159454 0.13748378
vt 0.50183868 0.29816127
vt 0.27106127 0.29816127
vt 0.39975587 0.13748378
vt 0.50159454 0.49791712
vt 0.16922255 0.49791712
vt 0.27106127 0.29816127
vt 0.50183868 0.29816127
vt 0.50183868 0.67472339
vt 0.16922255 0.49791712
vt 0.50183868 0.67472339
vt 0.32527658 0.67472339
vt 0.50183868 0.29816127
vt 0.39975587 0.13748378
vt 0.50159454 0.13748378
vt 0.64298469 0.13748378
vt 0.82149994 0.29816127
vt 0.80195314 0.49791712
vt 0.50159454 0.49791712
vt 0.50159454 0.00024414
vt 0.59755856 0.00024414
vt 0.50159454 0.13748378
vt 0.80195314 0.49791712
vt 0.50159454 0.49791712
vt 0.70428014 0.67472339
vt 0.50159454 0.81661707
vt 0.32527658 0.67472339
vt 0.35359731 0.81661707
vt 0.50159454 0.99877930
vt 0.50159454 0.81661707
vt 0.70428014 0.67472339
vt 0.50183868 0.67472339
vt 0.62711531 0.81661707
vt 0.50208288 0.99926758
vt 0.50183868 0.67472339
vt 0.16922255 0.49791712
vt 0.50159454 0.49791712
vt 0.80195314 0.49791712
vt 0.70428014 0.67472339
vt 0.50183868 0.67472339
vt 0.50159454 0.49791712
vt 0.16922255 0.49791712
vt 0.32527658 0.67472339
vt 0.27106127 0.29816127
vt 0.50183868 0.29816127
vt 0.80195314 0.49791712
vt 0.82149994 0.29816127
vt 0.39975587 0.13748378
vt 0.50159454 0.13748378
vt 0.64298469 0.13748378
vt 0.50183868 0.29816127
vt 0.50159454 0.00024414
vt 0.59755856 0.00024414
vt 0.50159454 0.13748378
vt 0.50159454 0.00024414
vt 0.39975587 0.13748378
vt 0.46910810 0.00024414
vt 0.50159454 0.81661707
vt 0.32527658 0.67472339
vt 0.35359731 0.81661707
vt 0.50159454 0.99877930
vt 0.70428014 0.67472339
vt 0.62711531 0.81661707
vt 0.62711531 0.81661707
vt 0.50208288 0.99926758
vt 0.50159454 0.81661707
vt 0.35359731 0.81661707
vt 0.32527658 0.67472339
vt 0.50183868 0.67472339
vt 0.16922255 0.49791712
vt 0.50159454 0.49791712
vt 0.50159454 0.99877930
vt 0.50159454 0.81661707
vt 0.80195314 0.49791712
vt 0.70428014 0.67472339
vt 0.50159454 0.49791712
vt 0.27106127 0.29816127
vt 0.50183868 0.29816127
vt 0.82149994 0.29816127
vt 0.64298469 0.13748378
vt 0.50159454 0.13748378
vt 0.39975587 0.13748378
vt 0.50159454 0.00024414
vt 0.46910810 0.00024414
vt 0.50159454 0.00024414
vt 0.59755856 0.00024414
vt 0.50159454 0.13748378
vt 0.50183868 0.67472339
vt 0.32527658 0.67472339
vt 0.16922255 0.49791712
vt 0.50159454 0.99877930
vt 0.35359731 0.81661707
vt 0.50159454 0.81661707
vt 0.62711531 0.81661707
vt 0.50208288 0.99926758
vt 0.64298469 0.13748378
vt 0.50159454 0.13748378
vt 0.50159454 0.00024414
vt 0.59755856 0.00024414
vt 0.50159454 0.81661707
vt 0.62711531 0.81661707
vt 0.50208288 0.99926758
vt 0.50159454 0.49791712
vt 0.16922255 0.49791712
vt 0.27106127 0.29816127
vt 0.50183868 0.29816127
vt 0.50183868 0.67472339
vt 0.32527658 0.67472339
vt 0.80195314 0.49791712
vt 0.70428014 0.67472339
vt 0.50183868 0.29816127
vt 0.50159454 0.49791712
vt 0.82149994 0.29816127
vt 0.64298469 0.13748378
vt 0.50159454 0.13748378
vt 0.50183868 0.29816127
vt 0.50159454 0.00024414
vt 0.59755856 0.00024414
vt 0.50159454 0.13748378
vt 0.50183868 0.29816127
vt 0.39975587 0.13748378
vt 0.50183868 0.29816127
vt 0.50159454 0.00024414
vt 0.46910810 0.00024414
vt 0.50159454 0.13748378
vt 0.50159454 0.81661707
vt 0.35359731 0.81661707
vt 0.32527658 0.67472339
vt 0.50183868 0.67472339
vt 0.70428014 0.67472339
vt 0.62711531 0.81661707
vt 0.50159454 0.81661707
vt 0.50208288 0.99926758
vt 0.50183868 0.67472339
vt 0.50159454 0.00024414
vt 0.50159454 0.13748378
vt 0.39975587 0.13748378
vt 0.46910810 0.00024414
vt 0.50183868 0.29816127
vt 0.27106127 0.29816127
vt 0.50183868 0.29816127
vt 0.50159454 0.13748378
vt 0.50159454 0.49791712
vt 0.16922255 0.49791712
vt 0.80195314 0.49791712
vt 0.82149994 0.29816127
vt 0.64298469 0.13748378
vt 0.82149994 0.29816127
vt 0.50183868 0.29816127
vt 0.50159454 0.00024414
vt 0.59755856 0.00024414
vt 0.50183868 0.67472339
vt 0.32527658 0.67472339
vt 0.80195314 0.49791712
vt 0.70428014 0.67472339
vt 0.70428014 0.67472339
vt 0.50159454 0.81661707
vt 0.32527658 0.67472339
vt 0.35359731 0.81661707
vt 0.50159454 0.99877930
vt 0.62711531 0.81661707
vt 0.50208288 0.99926758
vt 0.64298469 0.13748378
vt 0.82149994 0.29816127
vt 0.50183868 0.29816127
vt 0.64298469 0.13748378
vt 0.50183868 0.29816127
vt 0.50159454 0.13748378
vt 0.50183868 0.29816127
vt 0.39975587 0.13748378
vt 0.50159454 0.13748378
vt 0.50183868 0.29816127
vt 0.27106127 0.29816127
vt 0.39975587 0.13748378
vt 0.50159454 0.49791712
vt 0.16922255 0.49791712
vt 0.27106127 0.29816127
vt 0.50183868 0.29816127
vt 0.50183868 0.67472339
vt 0.80195314 0.49791712
vt 0.70428014 0.67472339
vt 0.32527658 0.67472339
vt 0.50159454 0.81661707
vt 0.35359731 0.81661707
vt 0.50159454 0.99877930
vt 0.35359731 0.81661707
vt 0.70428014 0.67472339
vt 0.50183868 0.67472339
vt 0.62711531 0.81661707
vt 0.50208288 0.99926758
vt 0.80195314 0.49791712
vt 0.50159454 0.49791712
vt 0.82149994 0.29816127
vt 0.64298469 0.13748378
vt 0.82149994 0.29816127
vt 0.50159454 0.13748378
vt 0.50159454 0.00024414
vt 0.59755856 0.00024414
vt 0.50183868 0.29816127
vt 0.39975587 0.13748378
vt 0.27106127 0.29816127
vt 0.50159454 0.00024414
vt 0.46910810 0.00024414
vt 0.50183868 0.67472339
vt 0.16922255 0.49791712
vt 0.50159454 0.49791712
vt 0.80195314 0.49791712
vt 0.70428014 0.67472339
vt 0.50183868 0.67472339
vt 0.50159454 0.49791712
vt 0.16922255 0.49791712
vt 0.32527658 0.67472339
vt 0.50159454 0.81661707
vt 0.35359731 0.81661707
vt 0.50159454 0.99877930
vt 0.62711531 0.81661707
vt 0.50208288 0.99926758
vt 0.70428014 0.67472339
vt 0.50183868 0.67472339
vt 0.62711531 0.81661707
vt 0.50159454 0.49791712
vt 0.27106127 0.29816127
vt 0.50183868 0.29816127
vt 0.64298469 0.13748378
vt 0.82149994 0.29816127
vt 0.50183868 0.29816127
vt 0.80195314 0.49791712
vt 0.39975587 0.13748378
vt 0.50159454 0.13748378
vt 0.50159454 0.00024414
vt 0.46910810 0.00024414
vt 0.50159454 0.00024414
vt 0.59755856 0.00024414
vt 0.50159454 0.13748378
vt 0.50183868 0.67472339
vt 0.32527658 0.67472339
vt 0.16922255 0.49791712
vt 0.50159454 0.99877930
vt 0.35359731 0.81661707
vt 0.50159454 0.81661707
vt 0.50159454 0.81661707
vt 0.62711531 0.81661707
vt 0.50208288 0.99926758
vt 0.64298469 0.13748378
vt 0.50159454 0.13748378
vt 0.50159454 0.00024414
vt 0.59755856 0.00024414
vt 0.50183868 0.29816127
vt 0.82149994 0.29816127
vt 0.80195314 0.49791712
vt 0.50159454 0.49791712
vt 0.80195314 0.49791712
vt 0.50183868 0.67472339
vt 0.70428014 0.67472339
vt 0.16922255 0.49791712
vt 0.32527658 0.67472339
vt 0.27106127 0.29816127
vt 0.50183868 0.29816127
vt 0.39975587 0.13748378
vt 0.50159454 0.00024414
vt 0.46910810 0.00024414
vt 0.50159454 0.81661707
vt 0.32527658 0.67472339
vt 0.35359731 0.81661707
vt 0.50159454 0.99877930
vt 0.70428014 0.67472339
vt 0.50183868 0.67472339
vt 0.62711531 0.81661707
vt 0.50208288 0.99926758
vt 0.50159454 0.00024414
vt 0.39975587 0.13748378
vt 0.46910810 0.00024414
vt 0.64298469 0.13748378
vt 0.82149994 0.29816127
vt 0.50183868 0.29816127
vt 0.64298469 0.13748378
vt 0.50183868 0.29816127
vt 0.50159454 0.13748378
vt 0.50183868 0.29816127
vt 0.39975587 0.13748378
vt 0.50159454 0.13748378
vt 0.27106127 0.29816127
vt 0.39975587 0.13748378
vt 0.50183868 0.29816127
vt 0.82149994 0.29816127
vt 0.80195314 0.49791712
vt 0.64298469 0.13748378
vt 0.50159454 0.49791712
vt 0.50159454 0.13748378
vt 0.39975587 0.13748378
vt 0.27106127 0.29816127
vt 0.16922255 0.49791712
vt 0.50183868 0.29816127
vt 0.50159454 0.00024414
vt 0.46910810 0.00024414
vt 0.50159454 0.13748378
vt 0.50183868 0.67472339
vt 0.32527658 0.67472339
vt 0.50159454 0.00024414
vt 0.59755856 0.00024414
vt 0.50159454 0.13748378
vt 0.50183868 0.67472339
vt 0.16922255 0.49791712
vt 0.80195314 0.49791712
vt 0.50159454 0.49791712
vt 0.70428014 0.67472339
vt 0.50159454 0.81661707
vt 0.32527658 0.67472339
vt 0.35359731 0.81661707
vt 0.50159454 0.99877930
vt 0.50159454 0.81661707
vt 0.64298469 0.13748378
vt 0.50159454 0.13748378
vt 0.50159454 0.00024414
vt 0.59121078 0.00024414
vt 0.50159454 0.49791712
vt 0.16922255 0.49791712
vt 0.27106127 0.29816127
vt 0.50183868 0.29816127
vt 0.64298469 0.13748378
vt 0.82149994 0.29816127
vt 0.50159454 0.00024414
vt 0.59755856 0.00024414
vt 0.50159454 0.13748378
vt 0.50183868 0.29816127
vt 0.50159454 0.13748378
vt 0.82149994 0.29816127
vt 0.80195314 0.49791712
vt 0.50159454 0.49791712
vt 0.50183868 0.67472339
vt 0.70428014 0.67472339
vt 0.50183868 0.67472339
vt 0.32527658 0.67472339
vt 0.50159454 0.81661707
vt 0.35359731 0.81661707
vt 0.70428014 0.67472339
vt 0.62711531 0.81661707
vt 0.50208288 0.99926758
vt 0.50159454 0.99877930
vt 0.50159454 0.81661707
vt 0.50159454 0.00024414
vt 0.39975587 0.13748378
vt 0.46910810 0.00024414
vt 0.50183868 0.29816127
vt 0.50159454 0.13748378
vt 0.80195314 0.49791712
vt 0.70428014 0.67472339
vt 0.50183868 0.67472339
vt 0.50159454 0.49791712
vt 0.50159454 0.81661707
vt 0.35359731 0.81661707
vt 0.32527658 0.67472339
vt 0.50183868 0.67472339
vt 0.70428014 0.67472339
vt 0.62711531 0.81661707
vt 0.50159454 0.81661707
vt 0.50183868 0.67472339
vt 0.64298469 0.13748378
vt 0.50159454 0.13748378
vt 0.50159454 0.00024414
vt 0.59755856 0.00024414
vt 0.50159454 0.00024414
vt 0.50159454 0.13748378
vt 0.39975587 0.13748378
vt 0.46910810 0.00024414
vt 0.50159454 0.00024414
vt 0.50159454 0.13748378
vt 0.39975587 0.13748378
vt 0.46910810 0.00024414
vt 0.62711531 0.81661707
vt 0.50208288 0.99926758
vt 0.70428014 0.67472339
vt 0.50183868 0.67472339
vt 0.50159454 0.00024414
vt 0.50159454 0.13748378
vt 0.39975587 0.13748378
vt 0.46910810 0.00024414
vt 0.50183868 0.29816127
vt 0.82149994 0.29816127
vt 0.80195314 0.49791712
vt 0.50159454 0.49791712
vt 0.64298469 0.13748378
vt 0.50159454 0.13748378
vt 0.50159454 0.00024414
vt 0.59755856 0.00024414
vt 0.50159454 0.00024414
vt 0.50159454 0.13748378
vt 0.39975587 0.13748378
vt 0.46910810 0.00024414
vt 0.50183868 0.29816127
vt 0.39975587 0.13748378
vt 0.50159454 0.13748378
vt 0.50183868 0.29816127
vt 0.27106127 0.29816127
vt 0.50159454 0.00024414
vt 0.46910810 0.00024414
vt 0.50183868 0.29816127
vt 0.82149994 0.29816127
vt 0.80195314 0.49791712
vt 0.50159454 0.49791712
vt 0.80195314 0.49791712
vt 0.70428014 0.67472339
vt 0.50183868 0.67472339
vt 0.50159454 0.49791712
vt 0.50159454 0.00024414
vt 0.50159454 0.13748378
vt 0.39975587 0.13748378
vt 0.46910810 0.00024414
vt 0.64298469 0.13748378
vt 0.50159454 0.13748378
vt 0.50159454 0.00024414
vt 0.59755856 0.00024414
vt 0.64298469 0.13748378
vt 0.82149994 0.29816127
vt 0.50183868 0.29816127
vt 0.64298469 0.13748378
vt 0.50183868 0.29816127
vt 0.50159454 0.13748378
vt 0.50183868 0.29816127
vt 0.39975587 0.13748378
vt 0.50159454 0.13748378
vt 0.50183868 0.29816127
vt 0.27106127 0.29816127
vt 0.39975587 0.13748378
vt 0.50159454 0.49791712
vt 0.16922255 0.49791712
vt 0.27106127 0.29816127
vt 0.50183868 0.29816127
vt 0.50183868 0.67472339
vt 0.16922255 0.49791712
vt 0.50159454 0.49791712
vt 0.50183868 0.67472339
vt 0.32527658 0.67472339
vt 0.16922255 0.49791712
vt 0.50159454 0.99877930
vt 0.35359731 0.81661707
vt 0.50159454 0.81661707
vt 0.50159454 0.81661707
vt 0.62711531 0.81661707
vt 0.50208288 0.99926758
vt 0.50159454 0.49791712
vt 0.16922255 0.49791712
vt 0.27106127 0.29816127
vt 0.50183868 0.29816127
vt 0.50159454 0.81661707
vt 0.35359731 0.81661707
vt 0.32527658 0.67472339
vt 0.50183868 0.67472339
vt 0.50159454 0.99877930
vt 0.50159454 0.81661707
vt 0.64298469 0.13748378
vt 0.50159454 0.13748378
vt 0.50159454 0.00024414
vt 0.59755856 0.00024414
vt 0.50159454 0.49791712
vt 0.16922255 0.49791712
vt 0.27106127 0.29816127
vt 0.50183868 0.29816127
vt 0.80195314 0.49791712
vt 0.70428014 0.67472339
vt 0.50183868 0.67472339
vt 0.50159454 0.49791712
vt 0.70428014 0.67472339
vt 0.62711531 0.81661707
vt 0.50159454 0.81661707
vt 0.50183868 0.67472339
vt 0.80195314 0.49791712
vt 0.70428014 0.67472339
vt 0.50183868 0.67472339
vt 0.50159454 0.49791712
vt 0.50159454 0.00024414
vt 0.50159454 0.13748378
vt 0.39975587 0.13748378
vt 0.46910810 0.00024414
vt 0.50159454 0.49791712
vt 0.16922255 0.49791712
vt 0.27106127 0.29816127
vt 0.50183868 0.29816127
vt 0.70428014 0.67472339
vt 0.62711531 0.81661707
vt 0.50159454 0.81661707
vt 0.50183868 0.67472339
vt 0.64298469 0.13748378
vt 0.50159454 0.13748378
vt 0.50159454 0.00024414
vt 0.59755856 0.00024414
vt 0.64298469 0.13748378
vt 0.50159454 0.13748378
vt 0.50159454 0.00024414
vt 0.59755856 0.00024414
vt 0.50159454 0.49791712
vt 0.16922255 0.49791712
vt 0.27106127 0.29816127
vt 0.50183868 0.29816127
vt 0.80195314 0.49791712
vt 0.70428014 0.67472339
vt 0.50183868 0.67472339
vt 0.50159454 0.49791712
vt 0.50159454 0.81661707
vt 0.35359731 0.81661707
vt 0.32527658 0.67472339
vt 0.50183868 0.67472339
vt 0.50159454 0.00024414
vt 0.50159454 0.13748378
vt 0.39975587 0.13748378
vt 0.46910810 0.00024414
vt 0.64298469 0.13748378
vt 0.59755856 0.00024414
vt 0.50183868 0.29816127
vt 0.50183868 0.29816127
vt 0.82149994 0.29816127
vt 0.27106127 0.29816127
vt 0.50159454 0.49791712
vt 0.16922255 0.49791712
vt 0.50183868 0.67472339
vt 0.32527658 0.67472339
vt 0.80195314 0.49791712
vt 0.70428014 0.67472339
vt 0.70428014 0.67472339
vt 0.50159454 0.81661707
vt 0.62711531 0.81661707
vt 0.50159454 0.81661707
vt 0.50208288 0.99926758
vt 0.32527658 0.67472339
vt 0.35359731 0.81661707
vt 0.50159454 0.99877930
vt 0.50159454 0.81661707
f 4077/4077 4078/4078 4079/4079
f 4077/4077 4079/4079 4080/4080
f 4081/4081 4082/4082 4080/4080
f 4083/4083 4084/4084 4081/4081
f 4085/4085 4083/4083 4082/4082
f 4083/4083 4085/4085 4086/4086
f 4087/4087 4078/4078 4086/4086
f 4085/4085 4087/4087 4077/4077
f 4087/4087 4085/4085 4088/4088
f 4078/4078 4087/4087 4089/4089
f 4090/4090 4091/4091 4087/4087
f 4091/4091 4090/4090 4092/4092
f 4093/4093 4094/4094 4090/4090
f 4095/4095 4093/4093 4096/4096
f 4095/4095 4096/4096 4087/4087
f 4097/4097 4092/4092 4096/4096
f 4098/4098 4099/4099 4083/4083
f 4083/4083 4099/4099 4084/4084
f 4100/4100 4099/4099 4101/4101
f 4099/4099 4100/4100 4102/4102
f 4103/4103 4084/4084 4104/4104
f 4103/4103 4104/4104 4105/4105
f 4106/4106 4107/4107 4108/4108
f 4106/4106 4108/4108 4109/4109
f 4110/4110 4111/4111 4106/4106
f 4112/4112 4107/4107 4110/4110
f 4112/4112 4110/4110 4113/4113
f 4113/4113 4110/4110 4114/4114
f 4113/4113 4114/4114 4115/4115
f 4116/4116 4115/4115 4117/4117
f 4115/4115 4116/4116 4118/4118
f 4118/4118 4116/4116 4119/4119
f 4118/4118 4119/4119 4120/4120
f 4121/4121 4120/4120 4122/4122
f 4123/4123 4124/4124 4116/4116
f 4124/4124 4123/4123 4125/4125
f 4126/4126 4127/4127 4116/4116
f 4126/4126 4116/4116 4128/4128
f 4129/4129 4110/4110 4126/4126
f 4126/4126 4110/4110 4130/4130
f 4130/4130 4110/4110 4131/4131
f 4132/4132 4133/4133 4134/4134
f 4132/4132 4134/4134 4135/4135
f 4132/4132 4135/4135 4136/4136
f 4132/4132 4136/4136 4137/4137
f 4138/4138 4139/4139 4136/4136
f 4138/4138 4136/4136 4140/4140
f 4138/4138 4140/4140 4141/4141
f 4142/4142 4141/4141 4135/4135
f 4143/4143 4144/4144 4141/4141
f 4145/4145 4144/4144 4142/4142
f 4144/4144 4145/4145 4146/4146
f 4146/4146 4145/4145 4147/4147
f 4148/4148 4145/4145 4134/4134
f 4145/4145 4148/4148 4149/4149
f 4145/4145 4149/4149 4150/4150
f 4151/4151 4152/4152 4136/4136
f 4153/4153 4151/4151 4154/4154
f 4151/4151 4153/4153 4155/4155
f 4156/4156 4136/4136 4155/4155
f 4157/4157 4156/4156 4152/4152
f 4156/4156 4157/4157 4158/4158
f 4159/4159 4160/4160 4156/4156
f 4161/4161 4162/4162 4163/4163
f 4161/4161 4163/4163 4164/4164
f 4165/4165 4166/4166 4167/4167
f 4165/4165 4167/4167 4168/4168
f 4169/4169 4170/4170 4171/4171
f 4169/4169 4171/4171 4172/4172
f 4173/4173 4174/4174 4175/4175
f 4173/4173 4175/4175 4176/4176
f 4177/4177 4178/4178 4174/4174
f 4177/4177 4174/4174 4179/4179
f 4177/4177 4179/4179 4180/4180
f 4181/4181 4182/4182 4179/4179
f 4181/4181 4179/4179 4183/4183
f 4184/4184 4180/4180 4185/4185
f 4184/4184 4185/4185 4186/4186
f 4187/4187 4188/4188 4186/4186
f 4188/4188 4187/4187 4189/4189
f 4186/4186 4188/4188 4190/4190
f 4190/4190 4188/4188 4191/4191
f 4191/4191 4188/4188 4192/4192
f 4192/4192 4188/4188 4193/4193
f 4192/4192 4193/4193 4194/4194
f 4192/4192 4194/4194 4195/4195
f 4191/4191 4192/4192 4196/4196
f 4196/4196 4192/4192 4197/4197
f 4198/4198 4190/4190 4199/4199
f 4198/4198 4199/4199 4177/4177
f 4200/4200 4199/4199 4201/4201
f 4202/4202 4203/4203 4204/4204
f 4202/4202 4204/4204 4205/4205
f 4203/4203 4202/4202 4206/4206
f 4206/4206 4202/4202 4207/4207
f 4206/4206 4207/4207 4208/4208
f 4206/4206 4208/4208 4209/4209
f 4210/4210 4211/4211 4208/4208
f 4208/4208 4211/4211 4212/4212
f 4213/4213 4206/4206 4212/4212
f 4213/4213 4212/4212 4214/4214
f 4206/4206 4213/4213 4215/4215
f 4206/4206 4215/4215 4203/4203
f 4203/4203 4215/4215 4216/4216
f 4216/4216 4215/4215 4217/4217
f 4218/4218 4219/4219 4212/4212
f 4220/4220 4214/4214 4218/4218
f 4220/4220 4218/4218 4221/4221
f 4220/4220 4221/4221 4222/4222
f 4223/4223 4224/4224 4221/4221
f 4225/4225 4223/4223 4226/4226
f 4225/4225 4226/4226 4218/4218
f 4227/4227 4222/4222 4226/4226
f 4228/4228 4229/4229 4230/4230
f 4228/4228 4230/4230 4231/4231
f 4232/4232 4233/4233 4234/4234
f 4232/4232 4234/4234 4235/4235
f 4232/4232 4235/4235 4236/4236
f 4232/4232 4236/4236 4237/4237
f 4238/4238 4237/4237 4239/4239
f 4240/4240 4239/4239 4235/4235
f 4240/4240 4235/4235 4241/4241
f 4242/4242 4236/4236 4240/4240
f 4243/4243 4242/4242 4244/4244
f 4242/4242 4243/4243 4245/4245
f 4242/4242 4245/4245 4246/4246
f 4247/4247 4245/4245 4238/4238
f 4238/4238 4245/4245 4248/4248
f 4238/4238 4248/4248 4249/4249
f 4250/4250 4251/4251 4241/4241
f 4252/4252 4235/4235 4250/4250
f 4253/4253 4254/4254 4250/4250
f 4254/4254 4253/4253 4255/4255
f 4256/4256 4257/4257 4253/4253
f 4258/4258 4259/4259 4253/4253
f 4260/4260 4258/4258 4261/4261
f 4260/4260 4261/4261 4234/4234
f 4262/4262 4263/4263 4264/4264
f 4265/4265 4266/4266 4267/4267
f 4268/4268 4269/4269 4270/4270
f 4271/4271 4272/4272 4273/4273
f 4274/4274 4275/4275 4276/4276
f 4274/4274 4276/4276 4277/4277
f 4277/4277 4276/4276 4278/4278
f 4278/4278 4276/4276 4279/4279
f 4280/4280 4275/4275 4281/4281
f 4282/4282 4283/4283 4274/4274
f 4283/4283 4282/4282 4284/4284
f 4274/4274 4283/4283 4285/4285
f 4274/4274 4285/4285 4286/4286
f 4274/4274 4286/4286 4287/4287
f 4287/4287 4286/4286 4288/4288
f 4287/4287 4288/4288 4289/4289
f 4290/4290 4285/4285 4291/4291
f 4285/4285 4290/4290 4292/4292
f 4293/4293 4294/4294 4282/4282
f 4295/4295 4296/4296 4293/4293
f 4296/4296 4295/4295 4297/4297
f 4297/4297 4295/4295 4298/4298
f 4299/4299 4300/4300 4295/4295
f 4299/4299 4295/4295 4301/4301
f 4301/4301 4295/4295 4302/4302
f 4302/4302 4296/4296 4284/4284
f 4303/4303 4304/4304 4305/4305
f 4304/4304 4303/4303 4306/4306
f 4303/4303 4305/4305 4307/4307
f 4308/4308 4309/4309 4303/4303
f 4309/4309 4308/4308 4310/4310
f 4311/4311 4312/4312 4304/4304
f 4313/4313 4314/4314 4311/4311
f 4314/4314 4313/4313 4315/4315
f 4316/4316 4315/4315 4317/4317
f 4318/4318 4306/4306 4314/4314
f 4318/4318 4314/4314 4319/4319
f 4319/4319 4314/4314 4320/4320
f 4321/4321 4322/4322 4323/4323
f 4324/4324 4325/4325 4326/4326
f 4324/4324 4326/4326 4327/4327
f 4328/4328 4329/4329 4330/4330
f 4328/4328 4330/4330 4331/4331
f 4332/4332 4333/4333 4334/4334
f 4335/4335 4336/4336 4337/4337
f 4335/4335 4337/4337 4338/4338
f 4339/4339 4340/4340 4337/4337
f 4341/4341 4340/4340 4342/4342
f 4341/4341 4342/4342 4338/4338
f 4343/4343 4341/4341 4336/4336
f 4344/4344 4345/4345 4338/4338
f 4344/4344 4338/4338 4346/4346
f 4347/4347 4348/4348 4346/4346
f 4348/4348 4347/4347 4342/4342
f 4349/4349 4348/4348 4350/4350
f 4349/4349 4350/4350 4351/4351
f 4352/4352 4351/4351 4344/4344
f 4344/4344 4351/4351 4353/4353
f 4353/4353 4351/4351 4354/4354
f 4354/4354 4351/4351 4355/4355
f 4355/4355 4351/4351 4356/4356
f 4357/4357 4350/4350 4356/4356
f 4358/4358 4355/4355 4359/4359
f 4358/4358 4359/4359 4360/4360
f 4361/4361 4362/4362 4363/4363
f 4364/4364 4365/4365 4366/4366
f 4367/4367 4368/4368 4369/4369
f 4367/4367 4369/4369 4370/4370
f 4371/4371 4372/4372 4367/4367
f 4373/4373 4367/4367 4307/4307
f 4374/4374 4307/4307 4371/4371
f 4307/4307 4374/4374 4375/4375
f 4373/4373 4307/4307 4376/4376
f 4376/4376 4307/4307 4377/4377
f 4378/4378 4376/4376 4379/4379
f 4376/4376 4378/4378 4380/4380
f 4381/4381 4382/4382 4383/4383
f 4381/4381 4383/4383 4384/4384
f 4385/4385 4386/4386 4387/4387
f 4385/4385 4387/4387 4388/4388
f 4385/4385 4388/4388 4389/4389
f 4385/4385 4389/4389 4390/4390
f 4391/4391 4392/4392 4388/4388
f 4393/4393 4388/4388 4394/4394
f 4393/4393 4394/4394 4395/4395
f 4396/4396 4397/4397 4398/4398
f 4399/4399 4400/4400 4401/4401
f 4399/4399 4401/4401 4402/4402
f 4403/4403 4404/4404 4402/4402
f 4404/4404 4403/4403 4405/4405
f 4406/4406 4407/4407 4404/4404
f 4407/4407 4406/4406 4408/4408
f 4407/4407 4408/4408 4399/4399
f 4399/4399 4408/4408 4409/4409
f 4399/4399 4409/4409 4410/4410
f 4411/4411 4409/4409 4412/4412
f 4409/4409 4411/4411 4413/4413
f 4414/4414 4399/4399 4413/4413
f 4415/4415 4414/4414 4411/4411
f 4411/4411 4414/4414 4416/4416
f 4417/4417 4414/4414 4400/4400
f 4418/4418 4419/4419 4406/4406
f 4420/4420 4419/4419 4404/4404
f 4419/4419 4420/4420 4421/4421
f 4421/4421 4420/4420 4422/4422
f 4423/4423 4420/4420 4418/4418
f 4420/4420 4423/4423 4424/4424
f 4425/4425 4426/4426 4420/4420
f 4427/4427 4428/4428 4429/4429
f 4427/4427 4429/4429 4430/4430
f 4431/4431 4429/4429 4432/4432
f 4431/4431 4432/4432 4433/4433
f 4434/4434 4430/4430 4433/4433
f 4430/4430 4434/4434 4435/4435
f 4430/4430 4435/4435 4436/4436
f 4430/4430 4436/4436 4437/4437
f 4438/4438 4439/4439 4434/4434
f 4438/4438 4434/4434 4440/4440
f 4441/4441 4442/4442 4428/4428
f 4443/4443 4428/4428 4444/4444
f 4443/4443 4444/4444 4445/4445
f 4443/4443 4445/4445 4446/4446
f 4447/4447 4448/4448 4443/4443
f 4448/4448 4447/4447 4449/4449
f 4449/4449 4447/4447 4450/4450
f 4451/4451 4447/4447 4441/4441
f 4447/4447 4451/4451 4452/4452
f 4453/4453 4454/4454 4447/4447
f 4455/4455 4456/4456 4457/4457
f 4458/4458 4459/4459 4460/4460
f 4459/4459 4458/4458 4461/4461
f 4458/4458 4460/4460 4462/4462
f 4458/4458 4462/4462 4463/4463
f 4458/4458 4463/4463 4464/4464
f 4458/4458 4464/4464 4465/4465
f 4466/4466 4467/4467 4462/4462
f 4466/4466 4462/4462 4468/4468
f 4468/4468 4462/4462 4469/4469
f 4469/4469 4462/4462 4470/4470
f 4471/4471 4469/4469 4472/4472
f 4471/4471 4472/4472 4473/4473
f 4474/4474 4472/4472 4475/4475
f 4474/4474 4475/4475 4476/4476
f 4476/4476 4475/4475 4477/4477
f 4477/4477 4475/4475 4478/4478
f 4479/4479 4473/4473 4476/4476
f 4473/4473 4479/4479 4480/4480
f 4473/4473 4480/4480 4481/4481
f 4473/4473 4481/4481 4482/4482
f 4483/4483 4484/4484 4479/4479
f 4483/4483 4479/4479 4485/4485
f 4486/4486 4487/4487 4488/4488
f 4489/4489 4490/4490 4491/4491
f 4489/4489 4491/4491 4492/4492
f 4493/4493 4494/4494 4495/4495
f 4496/4496 4497/4497 4498/4498
f 4499/4499 4496/4496 4500/4500
f 4496/4496 4499/4499 4501/4501
f 4502/4502 4503/4503 4504/4504
f 4502/4502 4504/4504 4505/4505
f 4506/4506 4507/4507 4508/4508
f 4506/4506 4508/4508 4509/4509
f 4507/4507 4506/4506 4510/4510
f 4510/4510 4506/4506 4511/4511
f 4510/4510 4511/4511 4512/4512
f 4510/4510 4512/4512 4513/4513
f 4513/4513 4512/4512 4514/4514
f 4514/4514 4512/4512 4515/4515
f 4513/4513 4514/4514 4516/4516
f 4513/4513 4516/4516 4517/4517
f 4513/4513 4517/4517 4518/4518
f 4516/4516 4514/4514 4519/4519
f 4520/4520 4521/4521 4514/4514
f 4520/4520 4514/4514 4522/4522
f 4520/4520 4522/4522 4523/4523
f 4520/4520 4523/4523 4524/4524
f 4521/4521 4520/4520 4525/4525
f 4525/4525 4520/4520 4526/4526
f 4527/4527 4528/4528 4529/4529
f 4527/4527 4529/4529 4530/4530
f 4531/4531 4532/4532 4533/4533
f 4531/4531 4533/4533 4534/4534
f 4535/4535 4533/4533 4536/4536
f 4537/4537 4531/4531 4535/4535
f 4537/4537 4535/4535 4538/4538
f 4539/4539 4538/4538 4540/4540
f 4541/4541 4542/4542 4539/4539
f 4541/4541 4539/4539 4543/4543
f 4544/4544 4545/4545 4539/4539
f 4534/4534 4536/4536 4545/4545
f 4545/4545 4536/4536 4546/4546
f 4546/4546 4536/4536 4547/4547
f 4548/4548 4549/4549 4531/4531
f 4549/4549 4548/4548 4550/4550
f 4531/4531 4549/4549 4551/4551
f 4551/4551 4549/4549 4552/4552
f 4553/4553 4554/4554 4549/4549
f 4554/4554 4553/4553 4555/4555
f 4555/4555 4553/4553 4556/4556
f 4557/4557 4553/4553 4558/4558
f 4553/4553 4557/4557 4559/4559
f 4553/4553 4559/4559 4560/4560
f 4561/4561 4562/4562 4563/4563
f 4561/4561 4563/4563 4564/4564
f 4564/4564 4563/4563 4565/4565
f 4564/4564 4565/4565 4566/4566
f 4564/4564 4566/4566 4567/4567
f 4564/4564 4567/4567 4568/4568
f 4568/4568 4567/4567 4569/4569
f 4565/4565 4563/4563 4570/4570
f 4570/4570 4563/4563 4571/4571
f 4570/4570 4571/4571 4572/4572
f 4573/4573 4574/4574 4571/4571
f 4575/4575 4573/4573 4576/4576
f 4575/4575 4576/4576 4563/4563
f 4577/4577 4572/4572 4576/4576
f 4578/4578 4579/4579 4580/4580
f 4580/4580 4579/4579 4581/4581
f 4578/4578 4580/4580 4582/4582
f 4583/4583 4584/4584 4580/4580
f 4583/4583 4580/4580 4585/4585
f 4586/4586 4582/4582 4583/4583
f 4587/4587 4584/4584 4586/4586
f 4587/4587 4586/4586 4588/4588
f 4587/4587 4588/4588 4589/4589
f 4589/4589 4588/4588 4590/4590
f 4587/4587 4589/4589 4591/4591
f 4587/4587 4591/4591 4592/4592
f 4592/4592 4591/4591 4593/4593
f 4591/4591 4589/4589 4594/4594
f 4595/4595 4596/4596 4589/4589
f 4595/4595 4589/4589 4597/4597
f 4597/4597 4589/4589 4590/4590
f 4598/4598 4597/4597 4599/4599
f 4598/4598 4599/4599 4600/4600
f 4601/4601 4602/4602 4590/4590
f 4601/4601 4590/4590 4603/4603
f 4604/4604 4605/4605 4606/4606
f 4604/4604 4606/4606 4607/4607
f 4608/4608 4609/4609 4610/4610
f 4611/4611 4612/4612 4613/4613
f 4614/4614 4615/4615 4616/4616
f 4617/4617 4618/4618 4619/4619
f 4620/4620 4621/4621 4622/4622
f 4620/4620 4622/4622 4623/4623
f 4624/4624 4622/4622 4625/4625
f 4626/4626 4627/4627 4621/4621
f 4628/4628 4629/4629 4626/4626
f 4629/4629 4628/4628 4630/4630
f 4629/4629 4630/4630 4631/4631
f 4632/4632 4633/4633 4623/4623
f 4634/4634 4624/4624 4633/4633
f 4624/4624 4634/4634 4635/4635
f 4636/4636 4632/4632 4624/4624
f 4632/4632 4636/4636 4637/4637
f 4632/4632 4637/4637 4638/4638
f 4636/4636 4624/4624 4639/4639
f 4636/4636 4639/4639 4640/4640
f 4640/4640 4639/4639 4641/4641
f 4642/4642 4643/4643 4635/4635
f 4642/4642 4635/4635 4644/4644
f 4642/4642 4644/4644 4645/4645
f 4646/4646 4647/4647 4642/4642
f 4647/4647 4646/4646 4648/4648
f 4649/4649 4648/4648 4650/4650
f 4651/4651 4652/4652 4653/4653
f 4654/4654 4655/4655 4656/4656
f 4657/4657 4658/4658 4659/4659
f 4657/4657 4659/4659 4660/4660
f 4661/4661 4662/4662 4659/4659
f 4663/4663 4664/4664 4659/4659
f 4663/4663 4659/4659 4665/4665
f 4665/4665 4659/4659 4666/4666
f 4667/4667 4668/4668 4669/4669
f 4670/4670 4671/4671 4672/4672
f 4673/4673 4674/4674 4675/4675
f 4676/4676 4677/4677 4678/4678
f 4679/4679 4680/4680 4681/4681
f 4682/4682 4683/4683 4684/4684
f 4685/4685 4686/4686 4687/4687
f 4685/4685 4687/4687 4688/4688
f 4689/4689 4690/4690 4691/4691
f 4689/4689 4691/4691 4692/4692
f 4693/4693 4694/4694 4695/4695
f 4696/4696 4697/4697 4695/4695
f 4696/4696 4695/4695 4698/4698
f 4699/4699 4698/4698 4693/4693
f 4699/4699 4693/4693 4700/4700
f 4699/4699 4700/4700 4701/4701
f 4701/4701 4700/4700 4702/4702
f 4703/4703 4704/4704 4700/4700
f 4703/4703 4700/4700 4705/4705
f 4706/4706 4705/4705 4695/4695
f 4705/4705 4706/4706 4707/4707
f 4706/4706 4695/4695 4708/4708
f 4706/4706 4708/4708 4709/4709
f 4710/4710 4704/4704 4711/4711
f 4712/4712 4713/4713 4714/4714
f 4715/4715 4716/4716 4717/4717
f 4718/4718 4719/4719 4720/4720
f 4721/4721 4722/4722 4723/4723
f 4724/4724 4725/4725 4726/4726
f 4724/4724 4726/4726 4727/4727
f 4728/4728 4729/4729 4724/4724
f 4730/4730 4731/4731 4725/4725
f 4732/4732 4726/4726 4733/4733
f 4732/4732 4733/4733 4734/4734
f 4732/4732 4734/4734 4735/4735
f 4736/4736 4727/4727 4735/4735
f 4737/4737 4732/4732 4736/4736
f 4732/4732 4737/4737 4738/4738
f 4739/4739 4740/4740 4735/4735
f 4739/4739 4735/4735 4741/4741
f 4742/4742 4728/4728 4743/4743
f 4728/4728 4742/4742 4744/4744
f 4745/4745 4746/4746 4728/4728
f 4746/4746 4745/4745 4747/4747
f 4748/4748 4747/4747 4749/4749
f 4750/4750 4745/4745 4751/4751
f 4745/4745 4750/4750 4752/4752
f 4745/4745 4752/4752 4753/4753
f 4754/4754 4755/4755 4756/4756
f 4757/4757 4758/4758 4759/4759
f 4757/4757 4759/4759 4760/4760
f 4760/4760 4759/4759 4761/4761
f 4761/4761 4759/4759 4762/4762
f 4760/4760 4761/4761 4763/4763
f 4760/4760 4763/4763 4764/4764
f 4760/4760 4764/4764 4765/4765
f 4765/4765 4764/4764 4766/4766
f 4764/4764 4763/4763 4767/4767
f 4764/4764 4767/4767 4768/4768
f 4764/4764 4768/4768 4769/4769
f 4770/4770 4769/4769 4766/4766
f 4771/4771 4772/4772 4769/4769
f 4771/4771 4769/4769 4773/4773
f 4774/4774 4768/4768 4775/4775
f 4774/4774 4775/4775 4776/4776
f 4777/4777 4778/4778 4759/4759
f 4778/4778 4777/4777 4779/4779
f 4779/4779 4777/4777 4780/4780
f 4777/4777 4759/4759 4781/4781
f 4777/4777 4781/4781 4782/4782
f 4783/4783 4784/4784 4777/4777
f 4785/4785 4786/4786 4787/4787
f 4785/4785 4787/4787 4788/4788
f 4788/4788 4787/4787 4789/4789
f 4788/4788 4789/4789 4790/4790
f 4791/4791 4786/4786 4792/4792
f 4793/4793 4794/4794 4788/4788
f 4793/4793 4788/4788 4795/4795
f 4796/4796 4795/4795 4789/4789
f 4795/4795 4796/4796 4797/4797
f 4797/4797 4793/4793 4790/4790
f 4793/4793 4797/4797 4798/4798
f 4798/4798 4797/4797 4799/4799
f 4799/4799 4797/4797 4800/4800
f 4800/4800 4797/4797 4801/4801
f 4801/4801 4797/4797 4796/4796
f 4800/4800 4801/4801 4802/4802
f 4802/4802 4801/4801 4803/4803
f 4804/4804 4805/4805 4799/4799
f 4804/4804 4799/4799 4806/4806
f 4807/4807 4808/4808 4809/4809
f 4810/4810 4811/4811 4812/4812
f 4813/4813 4814/4814 4812/4812
f 4815/4815 4816/4816 4817/4817
f 4815/4815 4817/4817 4818/4818
f 4819/4819 4820/4820 4821/4821
f 4822/4822 4823/4823 4824/4824
f 4822/4822 4824/4824 4825/4825
f 4823/4823 4822/4822 4826/4826
f 4823/4823 4826/4826 4827/4827
f 4826/4826 4822/4822 4828/4828
f 4826/4826 4828/4828 4829/4829
f 4830/4830 4828/4828 4831/4831
f 4828/4828 4830/4830 4832/4832
f 4833/4833 4830/4830 4834/4834
f 4835/4835 4833/4833 4832/4832
f 4836/4836 4837/4837 4833/4833
f 4836/4836 4833/4833 4838/4838
f 4839/4839 4840/4840 4838/4838
f 4841/4841 4824/4824 4840/4840
f 4842/4842 4840/4840 4843/4843
f 4840/4840 4842/4842 4844/4844
f 4845/4845 4846/4846 4847/4847
f 4845/4845 4847/4847 4848/4848
f 4849/4849 4850/4850 4851/4851
f 4851/4851 4850/4850 4852/4852
f 4849/4849 4851/4851 4853/4853
f 4854/4854 4855/4855 4856/4856
f 4854/4854 4856/4856 4857/4857
f 4858/4858 4859/4859 4856/4856
f 4860/4860 4856/4856 4861/4861
f 4862/4862 4859/4859 4860/4860
f 4859/4859 4862/4862 4863/4863
f 4862/4862 4860/4860 4864/4864
f 4864/4864 4860/4860 4865/4865
f 4866/4866 4867/4867 4860/4860
f 4868/4868 4861/4861 4866/4866
f 4866/4866 4861/4861 4869/4869
f 4866/4866 4869/4869 4870/4870
f 4871/4871 4872/4872 4863/4863
f 4871/4871 4863/4863 4862/4862
f 4871/4871 4862/4862 4873/4873
f 4871/4871 4873/4873 4874/4874
f 4875/4875 4876/4876 4871/4871
f 4871/4871 4876/4876 4877/4877
f 4877/4877 4876/4876 4878/4878
f 4878/4878 4876/4876 4879/4879
f 4876/4876 4875/4875 4880/4880
f 4876/4876 4880/4880 4881/4881
f 4882/4882 4883/4883 4884/4884
f 4885/4885 4886/4886 4887/4887
f 4888/4888 4889/4889 4890/4890
f 4891/4891 4892/4892 4893/4893
f 4894/4894 4895/4895 4896/4896
f 4894/4894 4896/4896 4897/4897
f 4895/4895 4894/4894 4898/4898
f 4898/4898 4894/4894 4899/4899
f 4898/4898 4899/4899 4900/4900
f 4895/4895 4898/4898 4901/4901
f 4901/4901 4898/4898 4902/4902
f 4901/4901 4902/4902 4903/4903
f 4904/4904 4905/4905 4902/4902
f 4906/4906 4902/4902 4907/4907
f 4902/4902 4906/4906 4908/4908
f 4902/4902 4908/4908 4909/4909
f 4910/4910 4911/4911 4897/4897
f 4910/4910 4897/4897 4912/4912
f 4913/4913 4914/4914 4897/4897
f 4913/4913 4897/4897 4915/4915
f 4913/4913 4915/4915 4916/4916
f 4913/4913 4916/4916 4917/4917
f 4918/4918 4919/4919 4915/4915
f 4919/4919 4918/4918 4920/4920
f 4915/4915 4919/4919 4921/4921
f 4921/4921 4919/4919 4922/4922
f 4923/4923 4924/4924 4925/4925
f 4926/4926 4927/4927 4928/4928
f 4926/4926 4928/4928 4929/4929
f 4929/4929 4928/4928 4930/4930
f 4930/4930 4928/4928 4931/4931
f 4931/4931 4928/4928 4932/4932
f 4931/4931 4932/4932 4933/4933
f 4933/4933 4932/4932 4934/4934
f 4935/4935 4936/4936 4932/4932
f 4937/4937 4932/4932 4938/4938
f 4932/4932 4937/4937 4939/4939
f 4940/4940 4930/4930 4941/4941
f 4940/4940 4941/4941 4942/4942
f 4943/4943 4944/4944 4942/4942
f 4945/4945 4944/4944 4946/4946
f 4945/4945 4946/4946 4929/4929
f 4947/4947 4945/4945 4941/4941
f 4945/4945 4947/4947 4948/4948
f 4945/4945 4948/4948 4943/4943
f 4948/4948 4947/4947 4949/4949
f 4949/4949 4947/4947 4950/4950
f 4951/4951 4952/4952 4943/4943
f 4951/4951 4943/4943 4953/4953
f 4954/4954 4955/4955 4956/4956
f 4957/4957 4958/4958 4959/4959
f 4960/4960 4961/4961 4962/4962
f 4963/4963 4964/4964 4965/4965
f 4963/4963 4965/4965 4966/4966
f 4964/4964 4963/4963 4967/4967
f 4967/4967 4963/4963 4968/4968
f 4967/4967 4968/4968 4969/4969
f 4967/4967 4969/4969 4970/4970
f 4971/4971 4972/4972 4970/4970
f 4972/4972 4971/4971 4973/4973
f 4970/4970 4972/4972 4974/4974
f 4974/4974 4972/4972 4975/4975
f 4970/4970 4974/4974 4976/4976
f 4970/4970 4976/4976 4977/4977
f 4977/4977 4976/4976 4978/4978
f 4977/4977 4978/4978 4964/4964
f 4964/4964 4978/4978 4979/4979
f 4979/4979 4978/4978 4980/4980
f 4981/4981 4982/4982 4972/4972
f 4982/4982 4981/4981 4983/4983
f 4983/4983 4981/4981 4984/4984
f 4985/4985 4981/4981 4986/4986
f 4981/4981 4985/4985 4987/4987
f 4981/4981 4987/4987 4988/4988
f 4989/4989 4111/4111 4990/4990
f 4989/4989 4990/4990 4991/4991
f 4992/4992 4993/4993 4994/4994
f 4995/4995 4996/4996 4997/4997
f 4998/4998 4999/4999 5000/5000
f 5001/5001 5002/5002 4998/4998
f 5003/5003 5004/5004 5005/5005
f 5004/5004 5003/5003 5006/5006
f 5003/5003 5005/5005 5007/5007
f 5006/5006 5003/5003 5008/5008
f 5008/5008 5003/5003 5009/5009
f 5003/5003 5007/5007 5010/5010
f 5010/5010 5007/5007 5011/5011
f 5012/5012 5010/5010 5009/5009
f 5013/5013 5009/5009 5014/5014
f 5009/5009 5013/5013 5015/5015
f 5016/5016 5017/5017 5011/5011
f 5018/5018 5019/5019 5006/5006
f 5018/5018 5006/5006 5020/5020
f 5021/5021 5022/5022 5007/5007
f 5023/5023 5021/5021 5024/5024
f 5021/5021 5023/5023 5025/5025
f 5026/5026 5027/5027 5021/5021
f 5027/5027 5026/5026 5028/5028
f 5029/5029 5028/5028 5030/5030
f 5031/5031 5032/5032 5033/5033
f 5031/5031 5033/5033 5034/5034
f 5035/5035 5036/5036 5037/5037
f 5035/5035 5037/5037 5038/5038
f 5039/5039 5040/5040 5038/5038
f 5041/5041 5042/5042 5039/5039
f 5041/5041 5039/5039 5043/5043
f 5044/5044 5045/5045 5039/5039
f 5046/5046 5047/5047 5044/5044
f 5044/5044 5047/5047 5048/5048
f 5048/5048 5047/5047 5049/5049
f 5049/5049 5047/5047 5050/5050
f 5048/5048 5049/5049 5036/5036
f 5051/5051 5052/5052 5036/5036
f 5053/5053 5052/5052 5049/5049
f 5052/5052 5053/5053 5054/5054
f 5053/5053 5049/5049 5055/5055
f 5053/5053 5055/5055 5056/5056
f 5053/5053 5056/5056 5057/5057
f 5058/5058 5054/5054 5059/5059
f 5060/5060 5045/5045 5061/5061
f 5060/5060 5061/5061 5062/5062
f 5063/5063 5037/5037 5061/5061
f 5063/5063 5061/5061 5064/5064
f 5065/5065 5066/5066 5067/5067
f 5065/5065 5067/5067 5068/5068
f 5069/5069 5070/5070 5071/5071
f 5069/5069 5071/5071 5072/5072
f 5073/5073 5074/5074 5075/5075
f 5073/5073 5075/5075 5076/5076
f 5077/5077 5078/5078 5079/5079
f 5077/5077 5079/5079 5080/5080
f 5081/5081 5082/5082 5083/5083
f 5081/5081 5083/5083 5084/5084
f 5085/5085 5086/5086 5087/5087
f 5085/5085 5087/5087 5088/5088
f 5089/5089 5090/5090 4785/4785
f 5089/5089 4785/4785 5091/5091
f 5091/5091 4785/4785 5092/5092
f 5093/5093 5094/5094 5095/5095
f 5093/5093 5095/5095 5096/5096
f 5097/5097 5098/5098 5099/5099
f 5097/5097 5099/5099 5100/5100
f 5101/5101 5102/5102 5103/5103
f 5101/5101 5103/5103 5104/5104
f 5105/5105 5106/5106 5107/5107
f 5105/5105 5107/5107 5108/5108
f 5109/5109 5110/5110 5111/5111
f 5112/5112 5113/5113 5110/5110
f 5114/5114 5110/5110 5115/5115
f 5110/5110 5114/5114 4507/4507
f 5116/5116 5117/5117 5118/5118
f 5116/5116 5118/5118 5119/5119
f 5120/5120 5121/5121 5122/5122
f 5120/5120 5122/5122 5123/5123
f 5124/5124 5125/5125 5126/5126
f 5124/5124 5126/5126 5127/5127
f 5128/5128 5129/5129 5130/5130
f 5128/5128 5130/5130 5131/5131
f 5132/5132 5133/5133 5134/5134
f 5135/5135 5136/5136 5137/5137
f 5138/5138 5139/5139 5140/5140
f 5141/5141 5142/5142 5143/5143
f 5144/5144 5145/5145 5146/5146
f 5144/5144 5146/5146 5147/5147
f 5148/5148 5149/5149 5150/5150
f 5151/5151 5152/5152 5153/5153
f 5154/5154 5155/5155 5156/5156
f 5157/5157 5158/5158 5159/5159
f 5160/5160 5161/5161 5162/5162
f 5160/5160 5162/5162 5163/5163
f 5164/5164 5165/5165 5166/5166
f 5164/5164 5166/5166 5167/5167
f 5168/5168 4585/4585 5169/5169
f 5170/5170 5171/5171 5172/5172
f 5170/5170 5172/5172 5173/5173
f 5174/5174 5175/5175 5176/5176
f 5174/5174 5176/5176 5177/5177
f 5178/5178 5179/5179 5180/5180
f 5178/5178 5180/5180 5181/5181
f 5182/5182 5183/5183 5184/5184
f 5182/5182 5184/5184 5185/5185
f 5186/5186 5187/5187 5188/5188
f 5186/5186 5188/5188 5189/5189
f 5190/5190 5191/5191 5192/5192
f 5190/5190 5192/5192 5193/5193
f 5194/5194 5195/5195 5196/5196
f 5194/5194 5196/5196 5197/5197
f 5198/5198 5199/5199 5200/5200
f 5198/5198 5200/5200 5201/5201
f 5202/5202 5203/5203 5204/5204
f 5202/5202 5204/5204 5205/5205
f 5206/5206 5207/5207 5208/5208
f 5206/5206 5208/5208 5209/5209
f 5210/5210 5211/5211 5212/5212
f 5210/5210 5212/5212 5213/5213
f 5214/5214 5215/5215 5216/5216
f 5214/5214 5216/5216 5217/5217
f 5218/5218 5219/5219 5220/5220
f 5218/5218 5220/5220 5221/5221
f 5222/5222 5223/5223 5224/5224
f 5222/5222 5224/5224 5225/5225
f 5223/5223 5222/5222 5226/5226
f 5226/5226 5222/5222 5227/5227
f 5223/5223 5226/5226 5228/5228
f 5224/5224 5223/5223 5229/5229
f 5230/5230 5229/5229 5226/5226
f 5224/5224 5229/5229 5231/5231
f 5231/5231 5229/5229 5232/5232
f 5231/5231 5232/5232 5233/5233
f 5233/5233 5232/5232 5234/5234
f 5233/5233 5234/5234 5235/5235
f 5234/5234 5232/5232 5236/5236
f 5236/5236 5232/5232 5228/5228
f 5236/5236 5228/5228 5230/5230
f 5234/5234 5236/5236 5237/5237
f 5238/5238 5239/5239 5234/5234
f 5239/5239 5238/5238 5240/5240
f 5241/5241 5240/5240 5242/5242
f 5243/5243 5234/5234 5241/5241
f 5243/5243 5241/5241 5244/5244
f 5245/5245 5244/5244 5246/5246

