# Exported from MakeClothes (TM)
# author MRT
# license CC0
# homepage http://www.makehuman.org/
v 0.7163 5.8096 0.2240
v 0.7387 5.8463 0.2199
v 0.7658 5.8063 0.3221
v 0.7436 5.7670 0.3242
v 0.7649 5.8923 0.2158
v 0.7915 5.8553 0.3201
v 0.7015 5.8848 0.1240
v 0.7276 5.9282 0.1172
v 0.6794 5.8503 0.1304
v 0.7894 5.9423 0.2124
v 0.8152 5.9082 0.3187
v 0.8068 5.9977 0.2108
v 0.8317 5.9664 0.3184
v 0.7519 5.9757 0.1113
v 0.7707 6.0287 0.1080
v 0.6805 5.9644 0.0256
v 0.7039 6.0098 0.0171
v 0.7221 6.0609 0.0116
v 0.6465 6.0450 -0.0686
v 0.6637 6.0948 -0.0764
v 0.6247 6.0009 -0.0574
v 0.6338 5.8902 0.0445
v 0.6552 5.9230 0.0355
v 0.6008 5.9609 -0.0442
v 0.5805 5.9292 -0.0326
v 0.5205 5.9664 -0.0995
v 0.5390 5.9974 -0.1137
v 0.5608 6.0367 -0.1298
v 0.4707 6.0313 -0.1716
v 0.4899 6.0703 -0.1904
v 0.4544 6.0004 -0.1551
v 0.5806 6.0800 -0.1437
v 0.5963 6.1290 -0.1538
v 0.5072 6.1133 -0.2066
v 0.5210 6.1619 -0.2189
v 0.4134 6.1006 -0.2382
v 0.4278 6.1436 -0.2564
v 0.4394 6.1919 -0.2706
v 0.3444 6.1693 -0.2936
v 0.3537 6.2174 -0.3096
v 0.3328 6.1262 -0.2738
v 0.3835 6.0303 -0.1991
v 0.3972 6.0615 -0.2173
v 0.3200 6.0867 -0.2513
v 0.3090 6.0552 -0.2319
v 0.2324 6.0742 -0.2547
v 0.2405 6.1062 -0.2750
v 0.2501 6.1461 -0.2987
v 0.1600 6.1192 -0.2903
v 0.1664 6.1595 -0.3148
v 0.1547 6.0869 -0.2695
v 0.2587 6.1894 -0.3198
v 0.2657 6.2373 -0.3373
v 0.1722 6.2031 -0.3369
v 0.1769 6.2513 -0.3556
v 0.0826 6.1668 -0.3238
v 0.0855 6.2108 -0.3466
v 0.0879 6.2593 -0.3660
v -0.0010 6.2130 -0.3497
v -0.0010 6.2618 -0.3693
v -0.0011 6.1689 -0.3266
v 0.0767 6.0937 -0.2776
v 0.0794 6.1261 -0.2987
v -0.0011 6.1282 -0.3014
v -0.0011 6.0957 -0.2802
v 0.3563 5.2468 1.3183
v 0.3034 5.2175 1.3146
v 0.2949 5.1703 1.3109
v 0.3421 5.1898 1.3139
v 0.3733 5.3200 1.3203
v 0.3217 5.2880 1.3177
v 0.4266 5.2892 1.3159
v 0.4423 5.3658 1.3153
v 0.4134 5.2293 1.3127
v 0.3894 5.4012 1.3173
v 0.3393 5.3666 1.3163
v 0.4040 5.4921 1.3075
v 0.3556 5.4554 1.3079
v 0.4569 5.4498 1.3095
v 0.4700 5.5428 1.2975
v 0.5196 5.4203 1.2928
v 0.5338 5.5062 1.2849
v 0.5467 5.6000 1.2717
v 0.6144 5.5664 1.2326
v 0.6290 5.6589 1.2198
v 0.5988 5.4806 1.2413
v 0.4916 5.2789 1.2941
v 0.5045 5.3411 1.2960
v 0.5830 5.4009 1.2464
v 0.5692 5.3376 1.2460
v 0.6366 5.4003 1.1635
v 0.6524 5.4627 1.1626
v 0.6707 5.5407 1.1569
v 0.7075 5.5214 1.0505
v 0.7281 5.5957 1.0451
v 0.6896 5.4615 1.0522
v 0.6893 5.6239 1.1483
v 0.7058 5.7130 1.1377
v 0.7475 5.6746 1.0377
v 0.7651 5.7588 1.0294
v 0.7657 5.6445 0.9176
v 0.7859 5.7183 0.9124
v 0.8040 5.7970 0.9073
v 0.8110 5.7575 0.7839
v 0.8289 5.8312 0.7823
v 0.7901 5.6889 0.7863
v 0.7263 5.5188 0.9238
v 0.7451 5.5750 0.9217
v 0.7680 5.6243 0.7887
v 0.7491 5.5723 0.7906
v 0.7617 5.6234 0.6615
v 0.7822 5.6716 0.6604
v 0.8053 5.7316 0.6599
v 0.7871 5.7181 0.5413
v 0.8108 5.7741 0.5419
v 0.7658 5.6732 0.5416
v 0.8268 5.7956 0.6602
v 0.8438 5.8647 0.6611
v 0.8328 5.8340 0.5430
v 0.8490 5.8991 0.5442
v 0.8066 5.8158 0.4291
v 0.8295 5.8721 0.4293
v 0.8454 5.9335 0.4299
v 0.7601 5.7214 0.4301
v 0.7820 5.7634 0.4294
v 0.7828 6.0881 0.1071
v 0.8182 6.0592 0.2110
v 0.8396 6.0305 0.3193
v 0.8232 6.1270 0.2126
v 0.8431 6.1004 0.3210
v 0.7889 6.1541 0.1082
v 0.8236 6.2009 0.2144
v 0.8418 6.1761 0.3228
v 0.8240 6.2812 0.2151
v 0.8411 6.2579 0.3241
v 0.7909 6.2267 0.1097
v 0.7935 6.3060 0.1096
v 0.7433 6.2545 0.0104
v 0.7407 6.1832 0.0095
v 0.7460 6.3328 0.0094
v 0.6843 6.2846 -0.0815
v 0.6867 6.3616 -0.0838
v 0.6817 6.2146 -0.0814
v 0.7343 6.1187 0.0093
v 0.6754 6.1513 -0.0804
v 0.6071 6.1847 -0.1597
v 0.6130 6.2469 -0.1623
v 0.5306 6.2169 -0.2268
v 0.5360 6.2781 -0.2315
v 0.6156 6.3156 -0.1641
v 0.6178 6.3910 -0.1683
v 0.5386 6.3452 -0.2356
v 0.5408 6.4188 -0.2425
v 0.4526 6.3060 -0.2879
v 0.4552 6.3716 -0.2948
v 0.4575 6.4434 -0.3052
v 0.3672 6.3939 -0.3415
v 0.3695 6.4644 -0.3553
v 0.3647 6.3296 -0.3316
v 0.3605 6.2708 -0.3218
v 0.4477 6.2461 -0.2807
v 0.2709 6.2903 -0.3514
v 0.2743 6.3485 -0.3634
v 0.1804 6.3044 -0.3710
v 0.1828 6.3627 -0.3846
v 0.2765 6.4121 -0.3759
v 0.2785 6.4819 -0.3929
v 0.1843 6.4262 -0.3991
v 0.1859 6.4956 -0.4185
v 0.0909 6.3716 -0.3967
v 0.0918 6.4353 -0.4123
v 0.0926 6.5045 -0.4332
v -0.0008 6.4382 -0.4166
v -0.0007 6.5074 -0.4380
v -0.0009 6.3745 -0.4005
v -0.0009 6.3157 -0.3857
v 0.0897 6.3129 -0.3822
v 0.4134 5.5925 1.2877
v 0.3676 5.5545 1.2912
v 0.4138 5.7003 1.2533
v 0.3705 5.6621 1.2587
v 0.4765 5.6439 1.2740
v 0.4751 5.7513 1.2396
v 0.4113 5.8132 1.2179
v 0.3682 5.7757 1.2210
v 0.4141 5.9286 1.1969
v 0.3699 5.8927 1.1951
v 0.4738 5.8624 1.2113
v 0.4781 5.9751 1.1938
v 0.5514 5.8065 1.2186
v 0.5508 5.9149 1.1943
v 0.5549 6.0243 1.1809
v 0.6356 5.9642 1.1564
v 0.6394 6.0701 1.1474
v 0.6366 5.8596 1.1766
v 0.5516 5.7008 1.2465
v 0.6360 5.7573 1.1996
v 0.7159 5.8071 1.1233
v 0.7162 5.9048 1.1042
v 0.7753 5.8477 1.0184
v 0.7766 5.9405 1.0058
v 0.7134 6.0051 1.0891
v 0.7171 6.1076 1.0856
v 0.7740 6.0366 0.9973
v 0.7750 6.1361 0.9973
v 0.8150 5.9689 0.8935
v 0.8117 6.0612 0.8896
v 0.8121 6.1578 0.8911
v 0.8310 6.0828 0.7750
v 0.8296 6.1762 0.7769
v 0.8361 5.9941 0.7766
v 0.8139 5.8807 0.9004
v 0.8374 5.9101 0.7795
v 0.8507 5.9395 0.6608
v 0.8481 6.0194 0.6600
v 0.8556 5.9699 0.5448
v 0.8531 6.0461 0.5452
v 0.8411 6.1044 0.6595
v 0.8376 6.1944 0.6613
v 0.8459 6.1274 0.5458
v 0.8443 6.2141 0.5476
v 0.8509 6.0734 0.4321
v 0.8482 6.1515 0.4336
v 0.8466 6.2354 0.4352
v 0.8524 6.0006 0.4308
v 0.8267 6.3688 0.2140
v 0.8408 6.3465 0.3241
v 0.8327 6.4644 0.2106
v 0.8474 6.4429 0.3225
v 0.7966 6.3928 0.1075
v 0.8019 6.4879 0.1023
v 0.8400 6.5690 0.2050
v 0.8564 6.5482 0.3190
v 0.8385 6.6833 0.1988
v 0.8573 6.6628 0.3143
v 0.8065 6.5922 0.0946
v 0.8028 6.7061 0.0867
v 0.7532 6.5132 -0.0011
v 0.7565 6.6171 -0.0111
v 0.7524 6.7306 -0.0208
v 0.6940 6.6426 -0.1106
v 0.6893 6.7555 -0.1225
v 0.6920 6.5396 -0.0982
v 0.7489 6.4187 0.0060
v 0.6889 6.4462 -0.0889
v 0.6195 6.4739 -0.1757
v 0.6217 6.5657 -0.1877
v 0.5424 6.4999 -0.2530
v 0.5441 6.5900 -0.2681
v 0.6227 6.6675 -0.2030
v 0.6178 6.7795 -0.2173
v 0.5445 6.6904 -0.2866
v 0.5398 6.8015 -0.3037
v 0.4607 6.6115 -0.3379
v 0.4609 6.7106 -0.3598
v 0.4566 6.8205 -0.3797
v 0.3728 6.7277 -0.4206
v 0.3690 6.8363 -0.4432
v 0.3727 6.6299 -0.3955
v 0.4591 6.5229 -0.3192
v 0.3713 6.5426 -0.3731
v 0.2802 6.5590 -0.4141
v 0.2815 6.6451 -0.4397
v 0.1872 6.5719 -0.4424
v 0.1882 6.6569 -0.4706
v 0.2815 6.7415 -0.4677
v 0.2781 6.8488 -0.4925
v 0.1880 6.7520 -0.5007
v 0.1851 6.8578 -0.5271
v 0.0940 6.6645 -0.4887
v 0.0936 6.7585 -0.5200
v 0.0910 6.8631 -0.5474
v -0.0011 6.7601 -0.5261
v -0.0032 6.8641 -0.5539
v -0.0005 6.6667 -0.4945
v 0.0935 6.5803 -0.4589
v -0.0005 6.5830 -0.4643
v 0.4249 6.0447 1.1863
v 0.3794 6.0110 1.1829
v 0.4467 6.1607 1.1855
v 0.4012 6.1293 1.1816
v 0.4890 6.0881 1.1869
v 0.5099 6.2014 1.1880
v 0.4778 6.2771 1.1885
v 0.4319 6.2478 1.1859
v 0.5208 6.3954 1.1778
v 0.4744 6.3674 1.1783
v 0.5419 6.3159 1.1902
v 0.5807 6.4332 1.1771
v 0.5846 6.2452 1.1823
v 0.6144 6.3584 1.1831
v 0.6425 6.4754 1.1691
v 0.6872 6.4001 1.1569
v 0.7042 6.5178 1.1516
v 0.6647 6.2869 1.1555
v 0.5658 6.1342 1.1784
v 0.6489 6.1773 1.1492
v 0.7242 6.2128 1.0901
v 0.7385 6.3220 1.0987
v 0.7812 6.2396 1.0025
v 0.7925 6.3481 1.0117
v 0.7550 6.4357 1.1076
v 0.7622 6.5546 1.1079
v 0.8057 6.4621 1.0208
v 0.8110 6.5817 1.0225
v 0.8258 6.3662 0.9039
v 0.8352 6.4795 0.9120
v 0.8385 6.5990 0.9140
v 0.8482 6.4913 0.7937
v 0.8512 6.6101 0.7951
v 0.8398 6.3797 0.7874
v 0.8167 6.2592 0.8960
v 0.8324 6.2749 0.7809
v 0.8442 6.3069 0.5497
v 0.8391 6.2901 0.6646
v 0.8448 6.3923 0.6690
v 0.8487 6.4067 0.5520
v 0.8525 6.5020 0.6730
v 0.8571 6.6196 0.6734
v 0.8565 6.5145 0.5532
v 0.8592 6.6308 0.5519
v 0.8600 6.5299 0.4353
v 0.8499 6.4236 0.4366
v 0.8623 6.6452 0.4322
v 0.8460 6.3258 0.4363
v 0.8230 6.8072 0.1938
v 0.8449 6.7870 0.3096
v 0.8037 6.9407 0.1900
v 0.8289 6.9208 0.3061
v 0.7863 6.8297 0.0814
v 0.7651 6.9627 0.0774
v 0.7817 7.0790 0.1877
v 0.8093 7.0593 0.3046
v 0.7525 7.2205 0.1881
v 0.7827 7.2013 0.3058
v 0.7408 7.1003 0.0745
v 0.7100 7.2408 0.0744
v 0.7127 6.9860 -0.0309
v 0.6876 7.1225 -0.0341
v 0.6570 7.2614 -0.0344
v 0.6255 7.1447 -0.1372
v 0.5953 7.2816 -0.1375
v 0.6504 7.0094 -0.1337
v 0.6728 6.8780 -0.1292
v 0.7355 6.8537 -0.0266
v 0.6023 6.9013 -0.2253
v 0.5809 7.0318 -0.2303
v 0.5258 6.9225 -0.3134
v 0.5058 7.0521 -0.3188
v 0.5568 7.1659 -0.2340
v 0.5276 7.3010 -0.2340
v 0.4830 7.1849 -0.3227
v 0.4550 7.3182 -0.3226
v 0.4258 7.0691 -0.3970
v 0.4044 7.2006 -0.4011
v 0.3780 7.3322 -0.4008
v 0.3218 7.2126 -0.4666
v 0.2970 7.3423 -0.4660
v 0.3416 7.0825 -0.4625
v 0.3582 6.9552 -0.4562
v 0.4442 6.9405 -0.3911
v 0.2688 6.9662 -0.5070
v 0.2541 7.0921 -0.5134
v 0.1773 6.9738 -0.5427
v 0.1646 7.0981 -0.5492
v 0.2360 7.2205 -0.5175
v 0.2131 7.3483 -0.5167
v 0.1483 7.2248 -0.5532
v 0.1275 7.3506 -0.5523
v 0.0743 7.1006 -0.5703
v 0.0602 7.2258 -0.5742
v 0.0416 7.3498 -0.5733
v -0.0278 7.2238 -0.5813
v -0.0440 7.3465 -0.5803
v -0.0159 7.0998 -0.5774
v -0.0078 6.9780 -0.5708
v 0.0848 6.9778 -0.5637
v 0.5592 6.5171 1.1495
v 0.5256 6.4860 1.1530
v 0.5806 6.6425 1.1275
v 0.5506 6.6144 1.1244
v 0.6097 6.5545 1.1495
v 0.6236 6.6798 1.1317
v 0.5807 6.7684 1.1265
v 0.5370 6.7384 1.1047
v 0.5641 6.8916 1.1518
v 0.5240 6.8661 1.1322
v 0.6171 6.8052 1.1306
v 0.6000 6.9280 1.1596
v 0.6665 6.7223 1.1344
v 0.6594 6.8477 1.1314
v 0.6409 6.9710 1.1636
v 0.7064 6.8928 1.1210
v 0.6866 7.0181 1.1513
v 0.7139 6.7663 1.1230
v 0.6603 6.5969 1.1492
v 0.7102 6.6401 1.1363
v 0.7623 6.6782 1.0969
v 0.7604 6.8060 1.0868
v 0.8064 6.7066 1.0164
v 0.8018 6.8364 1.0124
v 0.7534 6.9350 1.0853
v 0.7344 7.0639 1.1059
v 0.7943 6.9683 1.0133
v 0.7817 7.1012 1.0208
v 0.8278 6.8562 0.9059
v 0.8254 6.9908 0.9067
v 0.8152 7.1269 0.9116
v 0.8398 7.0056 0.7896
v 0.8300 7.1442 0.7940
v 0.8416 6.8689 0.7884
v 0.8325 6.7246 0.9091
v 0.8452 6.7360 0.7910
v 0.8542 6.7559 0.5480
v 0.8521 6.7452 0.6697
v 0.8476 6.8790 0.6672
v 0.8471 6.8898 0.5454
v 0.8434 7.0168 0.6683
v 0.8303 7.1573 0.6725
v 0.8216 7.1700 0.5492
v 0.8387 7.0283 0.5458
v 0.8422 6.9036 0.4247
v 0.8264 7.0422 0.4242
v 0.8052 7.1842 0.4265
v 0.8523 6.7698 0.4278
v 0.6998 7.3620 0.1949
v 0.7320 7.3432 0.3111
v 0.6297 7.4981 0.2058
v 0.6601 7.4796 0.3188
v 0.6587 7.3811 0.0830
v 0.5901 7.5147 0.0974
v 0.5444 7.6220 0.2184
v 0.5730 7.6049 0.3272
v 0.4456 7.7294 0.2316
v 0.4708 7.7130 0.3355
v 0.5086 7.6373 0.1144
v 0.4142 7.7432 0.1330
v 0.5418 7.5301 -0.0056
v 0.4646 7.6504 0.0162
v 0.3753 7.7539 0.0404
v 0.4133 7.6616 -0.0758
v 0.3294 7.7619 -0.0457
v 0.4858 7.5446 -0.1026
v 0.6069 7.3988 -0.0237
v 0.5475 7.4163 -0.1247
v 0.4825 7.4331 -0.2191
v 0.4244 7.5579 -0.1929
v 0.4128 7.4478 -0.3056
v 0.3587 7.5695 -0.2753
v 0.3564 7.6711 -0.1609
v 0.2781 7.7677 -0.1247
v 0.2955 7.6789 -0.2382
v 0.2229 7.7715 -0.1959
v 0.2893 7.5781 -0.3482
v 0.2313 7.6841 -0.3063
v 0.1649 7.7731 -0.2584
v 0.1642 7.6861 -0.3637
v 0.1045 7.7720 -0.3113
v 0.2165 7.5831 -0.4094
v 0.3390 7.4595 -0.3820
v 0.2615 7.4672 -0.4462
v 0.0993 7.4710 -0.5317
v 0.1812 7.4709 -0.4962
v 0.1413 7.5843 -0.4575
v 0.0647 7.5820 -0.4920
v 0.0951 7.6846 -0.4093
v 0.0426 7.7681 -0.3538
v 0.0248 7.6799 -0.4423
v -0.0203 7.7614 -0.3851
v -0.0459 7.6727 -0.4625
v -0.0123 7.5771 -0.5129
v -0.0837 7.7526 -0.4045
v -0.1471 7.7434 -0.4118
v -0.1163 7.6647 -0.4698
v -0.0888 7.5707 -0.5204
v 0.0171 7.4683 -0.5530
v -0.0647 7.4635 -0.5606
v 0.5325 7.0100 1.2011
v 0.4925 6.9790 1.1803
v 0.4858 7.1223 1.2466
v 0.4396 7.0902 1.2157
v 0.5643 7.0463 1.2087
v 0.5150 7.1591 1.2480
v 0.4346 7.2271 1.2779
v 0.3842 7.1851 1.2391
v 0.3748 7.3208 1.3029
v 0.3275 7.2757 1.2515
v 0.4613 7.2652 1.2757
v 0.3981 7.3607 1.2984
v 0.5516 7.2047 1.2379
v 0.4948 7.3129 1.2610
v 0.4269 7.4107 1.2802
v 0.5350 7.3686 1.2214
v 0.4606 7.4680 1.2362
v 0.5963 7.2579 1.2039
v 0.6021 7.0903 1.2079
v 0.6474 7.1403 1.1837
v 0.6989 7.1907 1.1225
v 0.6457 7.3126 1.1345
v 0.7467 7.2325 1.0268
v 0.6904 7.3586 1.0344
v 0.5781 7.4257 1.1487
v 0.4957 7.5254 1.1592
v 0.6164 7.4744 1.0453
v 0.5257 7.5742 1.0528
v 0.7209 7.3908 0.9168
v 0.6410 7.5084 0.9228
v 0.5432 7.6088 0.9269
v 0.6475 7.5312 0.7961
v 0.5446 7.6323 0.7957
v 0.7322 7.4129 0.7953
v 0.7936 7.2817 0.7952
v 0.7800 7.2618 0.9137
v 0.7908 7.2969 0.6745
v 0.7257 7.4299 0.6748
v 0.7084 7.4457 0.5547
v 0.7778 7.3111 0.5523
v 0.6192 7.5684 0.5559
v 0.6382 7.5503 0.6740
v 0.5326 7.6534 0.6717
v 0.5135 7.6745 0.5556
v 0.5968 7.5865 0.4401
v 0.6856 7.4618 0.4355
v 0.4926 7.6946 0.4438
v 0.7574 7.3259 0.4306
v 0.3084 7.8261 0.1522
v 0.3353 7.8143 0.2449
v 0.3571 7.7993 0.3433
v 0.2178 7.8718 0.2578
v 0.2362 7.8593 0.3506
v 0.1957 7.8812 0.1711
v 0.1000 7.9037 0.2699
v 0.1138 7.8932 0.3574
v -0.0174 7.9168 0.2814
v -0.0083 7.9088 0.3637
v 0.0831 7.9109 0.1892
v -0.0285 7.9225 0.2061
v 0.0621 7.9149 0.1156
v 0.1685 7.8872 0.0913
v -0.0420 7.9249 0.1382
v 0.0366 7.9158 0.0493
v -0.0594 7.9247 0.0779
v 0.1359 7.8900 0.0186
v 0.2752 7.8344 0.0659
v 0.2357 7.8395 -0.0136
v 0.1426 7.8426 -0.1506
v 0.1910 7.8421 -0.0860
v 0.0987 7.8901 -0.0469
v 0.0579 7.8885 -0.1050
v 0.0071 7.9143 -0.0098
v -0.0810 7.9220 0.0247
v -0.0258 7.9113 -0.0616
v -0.1061 7.9181 -0.0215
v -0.0609 7.9071 -0.1060
v 0.0148 7.8853 -0.1552
v -0.1334 7.9135 -0.0606
v -0.1615 7.9074 -0.0927
v -0.0970 7.9011 -0.1431
v -0.0296 7.8799 -0.1976
v 0.0915 7.8412 -0.2070
v 0.0388 7.8374 -0.2548
v -0.0694 7.8235 -0.3229
v -0.0150 7.8314 -0.2936
v -0.0746 7.8723 -0.2323
v -0.1198 7.8640 -0.2591
v -0.1689 7.8846 -0.1976
v -0.1331 7.8929 -0.1735
v -0.1891 7.8993 -0.1191
v -0.2155 7.8910 -0.1404
v -0.2112 7.8479 -0.2843
v -0.2410 7.8727 -0.2199
v -0.2045 7.8779 -0.2138
v -0.1654 7.8560 -0.2770
v -0.2411 7.8848 -0.1547
v -0.2667 7.8807 -0.1597
v -0.1244 7.8144 -0.3417
v -0.1796 7.8048 -0.3492
v 0.3207 7.4399 1.3180
v 0.3013 7.3981 1.3265
v 0.2620 7.3477 1.2665
v 0.2154 7.4544 1.3446
v 0.1782 7.3980 1.2790
v 0.2304 7.4977 1.3305
v 0.1222 7.4894 1.3537
v 0.0988 7.4200 1.2852
v 0.0262 7.5087 1.3543
v 0.0135 7.4334 1.2909
v 0.1324 7.5338 1.3336
v 0.0307 7.5538 1.3285
v 0.1449 7.5878 1.2947
v 0.2486 7.5510 1.2995
v 0.0370 7.6080 1.2819
v 0.1587 7.6456 1.2255
v 0.0451 7.6652 1.2041
v 0.2687 7.6095 1.2397
v 0.3443 7.4919 1.2942
v 0.3711 7.5501 1.2434
v 0.4194 7.6528 1.0500
v 0.3979 7.6059 1.1600
v 0.2878 7.6632 1.1480
v 0.3018 7.7083 1.0344
v 0.1713 7.6993 1.1255
v 0.0523 7.7190 1.0978
v 0.1787 7.7459 1.0098
v 0.0547 7.7662 0.9825
v 0.1785 7.7874 0.8893
v 0.3064 7.7477 0.9093
v 0.0505 7.8100 0.8682
v 0.1706 7.8210 0.7697
v 0.0390 7.8416 0.7567
v 0.3004 7.7789 0.7822
v 0.4299 7.6889 0.9231
v 0.4269 7.7167 0.7914
v 0.3953 7.7636 0.5542
v 0.4136 7.7405 0.6679
v 0.2869 7.8056 0.6627
v 0.2697 7.8275 0.5521
v 0.1566 7.8448 0.6561
v 0.0265 7.8651 0.6489
v 0.1417 7.8661 0.5495
v 0.0139 7.8840 0.5467
v 0.1274 7.8812 0.4505
v 0.2528 7.8444 0.4488
v 0.0020 7.8979 0.4521
v 0.3763 7.7817 0.4466
v -0.2428 7.8992 0.3025
v -0.1387 7.9155 0.2924
v -0.1462 7.9195 0.2222
v -0.2438 7.9026 0.2367
v -0.1346 7.9095 0.3698
v -0.2464 7.8945 0.3756
v -0.3152 7.8674 0.3799
v -0.3065 7.8720 0.3102
v -0.3384 7.8399 0.3154
v -0.3499 7.8352 0.3826
v -0.3013 7.8756 0.2475
v -0.3299 7.8439 0.2548
v -0.3248 7.8468 0.2013
v -0.2986 7.8779 0.1920
v -0.2950 7.8779 0.1434
v -0.3192 7.8474 0.1548
v -0.2444 7.9044 0.1782
v -0.2428 7.9037 0.1268
v -0.1512 7.9214 0.1596
v -0.1578 7.9205 0.1043
v -0.2427 7.9004 0.0822
v -0.1672 7.9172 0.0561
v -0.1821 7.9126 0.0148
v -0.2480 7.8953 0.0442
v -0.2917 7.8751 0.1013
v -0.2918 7.8440 0.1096
v -0.2915 7.8702 0.0654
v -0.2862 7.8410 0.0771
v -0.2792 7.8371 0.0488
v -0.2953 7.8641 0.0353
v -0.3019 7.8574 0.0105
v -0.2716 7.8325 0.0244
v -0.2582 7.8895 0.0126
v -0.2711 7.8829 -0.0131
v -0.2015 7.9075 -0.0198
v -0.2222 7.9013 -0.0479
v -0.2844 7.8752 -0.0342
v -0.2421 7.8934 -0.0708
v -0.2599 7.8851 -0.0895
v -0.2957 7.8673 -0.0512
v -0.3093 7.8501 -0.0098
v -0.2644 7.8274 0.0039
v -0.3161 7.8431 -0.0259
v -0.2585 7.8225 -0.0125
v -0.2551 7.8190 -0.0242
v -0.3210 7.8373 -0.0380
v -0.2694 7.8338 -0.0484
v -0.2570 7.8175 -0.0313
v -0.3041 7.8607 -0.0631
v -0.2802 7.8513 -0.0756
v -0.2744 7.8785 -0.1025
v -0.2836 7.8684 -0.1057
v -0.0553 7.4362 1.2835
v -0.0683 7.5153 1.3482
v -0.1517 7.5104 1.3449
v -0.1255 7.4287 1.2756
v -0.0697 7.5619 1.3156
v -0.1561 7.5581 1.3041
v -0.1705 7.4267 1.2675
v -0.2066 7.5023 1.3222
v -0.2334 7.4928 1.2870
v -0.2032 7.4302 1.2545
v -0.2134 7.5503 1.2671
v -0.2431 7.5395 1.2313
v -0.2302 7.6064 1.1974
v -0.2439 7.6553 1.1201
v -0.2816 7.6362 1.0924
v -0.2649 7.5920 1.1688
v -0.1654 7.6158 1.2303
v -0.1727 7.6687 1.1500
v -0.0698 7.6164 1.2626
v -0.0678 7.6721 1.1785
v -0.0694 7.7240 1.0699
v -0.1849 7.7171 1.0441
v -0.0761 7.7719 0.9582
v -0.2046 7.7618 0.9384
v -0.2630 7.6968 1.0198
v -0.2538 7.6664 0.9994
v -0.2848 7.7385 0.9203
v -0.3273 7.7107 0.9043
v -0.3415 7.7471 0.8112
v -0.2972 7.7776 0.8231
v -0.3152 7.8085 0.7260
v -0.3583 7.7770 0.7178
v -0.2159 7.8032 0.8362
v -0.2343 7.8352 0.7352
v -0.0885 7.8138 0.8504
v -0.1000 7.8466 0.7451
v -0.1174 7.8694 0.6420
v -0.1270 7.8872 0.5441
v -0.2491 7.8751 0.5420
v -0.2478 7.8576 0.6360
v -0.3235 7.8322 0.6306
v -0.3008 7.7972 0.5929
v -0.3230 7.8490 0.5399
v -0.3041 7.8101 0.5081
v -0.3050 7.8185 0.4299
v -0.3218 7.8604 0.4562
v -0.2519 7.8871 0.4553
v -0.1324 7.9009 0.4537
v -0.7660 5.8066 0.3209
v -0.7387 5.8467 0.2193
v -0.7164 5.8104 0.2228
v -0.7437 5.7676 0.3228
v -0.7009 5.8850 0.1240
v -0.6789 5.8509 0.1296
v -0.7649 5.8926 0.2160
v -0.7268 5.9283 0.1183
v -0.7921 5.8556 0.3194
v -0.6542 5.9232 0.0360
v -0.6330 5.8907 0.0439
v -0.5997 5.9611 -0.0435
v -0.5797 5.9298 -0.0330
v -0.6793 5.9644 0.0275
v -0.6233 6.0010 -0.0549
v -0.7512 5.9758 0.1141
v -0.7025 6.0099 0.0211
v -0.6448 6.0451 -0.0639
v -0.7205 6.0615 0.0182
v -0.6618 6.0953 -0.0689
v -0.7696 6.0293 0.1129
v -0.8166 5.9087 0.3187
v -0.7898 5.9427 0.2138
v -0.8079 5.9986 0.2137
v -0.8343 5.9674 0.3194
v -0.5380 5.9977 -0.1129
v -0.5198 5.9669 -0.0997
v -0.4700 6.0315 -0.1708
v -0.4539 6.0009 -0.1553
v -0.5596 6.0368 -0.1274
v -0.4890 6.0703 -0.1883
v -0.3968 6.0615 -0.2168
v -0.3832 6.0307 -0.1992
v -0.3201 6.0866 -0.2510
v -0.3092 6.0554 -0.2319
v -0.4129 6.1004 -0.2367
v -0.3329 6.1258 -0.2729
v -0.5061 6.1133 -0.2029
v -0.4273 6.1432 -0.2539
v -0.3445 6.1688 -0.2922
v -0.4391 6.1916 -0.2671
v -0.3540 6.2168 -0.3077
v -0.5199 6.1620 -0.2134
v -0.5791 6.0801 -0.1392
v -0.5946 6.1294 -0.1468
v -0.2413 6.1059 -0.2748
v -0.2332 6.0743 -0.2548
v -0.1615 6.1189 -0.2901
v -0.1562 6.0869 -0.2695
v -0.2508 6.1455 -0.2982
v -0.1678 6.1589 -0.3144
v -0.0814 6.1258 -0.2986
v -0.0788 6.0936 -0.2776
v -0.0845 6.1662 -0.3235
v -0.1735 6.2023 -0.3365
v -0.0873 6.2100 -0.3462
v -0.0897 6.2585 -0.3656
v -0.1783 6.2504 -0.3551
v -0.2595 6.1887 -0.3190
v -0.2666 6.2365 -0.3364
v -0.1961 5.1823 1.2263
v -0.2087 5.2287 1.2250
v -0.2608 5.2570 1.2219
v -0.2420 5.2009 1.2295
v -0.3318 5.2961 1.2198
v -0.3137 5.2376 1.2359
v -0.2854 5.3286 1.2088
v -0.3553 5.3707 1.1961
v -0.2340 5.2976 1.2203
v -0.4145 5.3432 1.2131
v -0.3967 5.2828 1.2358
v -0.5034 5.3979 1.1919
v -0.4854 5.3366 1.2171
v -0.4369 5.4199 1.1814
v -0.5256 5.4754 1.1572
v -0.3812 5.4524 1.1672
v -0.4613 5.5035 1.1467
v -0.5492 5.5594 1.1219
v -0.4859 5.5947 1.1081
v -0.5694 5.6503 1.0828
v -0.4094 5.5420 1.1331
v -0.2624 5.3738 1.2077
v -0.3126 5.4074 1.1889
v -0.3429 5.4946 1.1603
v -0.2941 5.4587 1.1837
v -0.5886 5.4567 1.1424
v -0.5697 5.3958 1.1662
v -0.6611 5.5157 1.0561
v -0.6409 5.4564 1.0751
v -0.6112 5.5334 1.1101
v -0.6848 5.5897 1.0305
v -0.7156 5.5713 0.9357
v -0.6939 5.5150 0.9487
v -0.7515 5.6218 0.7979
v -0.7289 5.5693 0.8058
v -0.7409 5.6412 0.9190
v -0.7776 5.6869 0.7889
v -0.7086 5.6687 1.0063
v -0.7659 5.7156 0.9040
v -0.8022 5.7564 0.7817
v -0.7876 5.7952 0.8924
v -0.8233 5.8310 0.7775
v -0.7290 5.7531 0.9842
v -0.6341 5.6158 1.0780
v -0.6541 5.7043 1.0466
v -0.7729 5.6692 0.6625
v -0.7502 5.6208 0.6668
v -0.7829 5.7164 0.5403
v -0.7605 5.6716 0.5418
v -0.7986 5.7296 0.6590
v -0.8084 5.7726 0.5396
v -0.7810 5.7630 0.4278
v -0.7587 5.7212 0.4288
v -0.8066 5.8154 0.4273
v -0.8323 5.8330 0.5400
v -0.8307 5.8719 0.4276
v -0.8482 5.9340 0.4286
v -0.8505 5.8989 0.5410
v -0.8227 5.7943 0.6573
v -0.8422 5.8644 0.6573
v -0.8178 6.0609 0.2157
v -0.7804 6.0894 0.1144
v -0.8204 6.1297 0.2186
v -0.7857 6.1564 0.1173
v -0.8447 6.1032 0.3239
v -0.8432 6.0323 0.3214
v -0.7323 6.1198 0.0187
v -0.6731 6.1523 -0.0701
v -0.7382 6.1851 0.0209
v -0.6791 6.2160 -0.0692
v -0.7874 6.2298 0.1193
v -0.7405 6.2570 0.0222
v -0.6817 6.2864 -0.0691
v -0.7434 6.3357 0.0198
v -0.6844 6.3633 -0.0731
v -0.7901 6.3100 0.1181
v -0.8419 6.1800 0.3257
v -0.8213 6.2047 0.2208
v -0.8234 6.2860 0.2206
v -0.8430 6.2626 0.3261
v -0.6053 6.1854 -0.1503
v -0.5296 6.2171 -0.2196
v -0.6111 6.2479 -0.1514
v -0.5352 6.2784 -0.2234
v -0.4475 6.2458 -0.2762
v -0.3610 6.2702 -0.3195
v -0.4527 6.3057 -0.2829
v -0.3654 6.3288 -0.3291
v -0.5379 6.3454 -0.2276
v -0.4554 6.3710 -0.2901
v -0.3680 6.3927 -0.3392
v -0.4576 6.4422 -0.3012
v -0.3700 6.4627 -0.3534
v -0.5402 6.4183 -0.2359
v -0.6138 6.3166 -0.1532
v -0.6162 6.3916 -0.1591
v -0.2719 6.2895 -0.3504
v -0.1818 6.3035 -0.3705
v -0.2754 6.3475 -0.3624
v -0.1841 6.3616 -0.3842
v -0.0914 6.3121 -0.3818
v -0.0925 6.3706 -0.3963
v -0.1856 6.4249 -0.3987
v -0.0932 6.4341 -0.4120
v -0.0939 6.5031 -0.4329
v -0.1869 6.4939 -0.4181
v -0.2775 6.4108 -0.3750
v -0.2793 6.4801 -0.3921
v -0.3280 5.5523 1.1486
v -0.3736 5.5899 1.1207
v -0.4346 5.6391 1.0893
v -0.3994 5.6920 1.0726
v -0.4560 5.7417 1.0463
v -0.3577 5.6536 1.0997
v -0.5055 5.6926 1.0646
v -0.5886 5.7471 1.0490
v -0.5264 5.7948 1.0335
v -0.6055 5.8472 1.0248
v -0.4792 5.8473 1.0207
v -0.5459 5.8985 1.0156
v -0.6205 5.9482 1.0115
v -0.5654 6.0020 1.0119
v -0.6367 6.0494 1.0108
v -0.5018 5.9535 1.0113
v -0.3825 5.7607 1.0528
v -0.4225 5.7988 1.0334
v -0.4479 5.9074 1.0162
v -0.4075 5.8711 1.0255
v -0.6712 5.7979 1.0209
v -0.7437 5.8423 0.9666
v -0.6839 5.8945 1.0025
v -0.7523 5.9348 0.9540
v -0.8015 5.8796 0.8832
v -0.8335 5.9108 0.7736
v -0.8045 5.9680 0.8748
v -0.8339 5.9952 0.7695
v -0.7566 6.0298 0.9469
v -0.8024 6.0598 0.8688
v -0.8295 6.0836 0.7658
v -0.8031 6.1547 0.8679
v -0.8275 6.1757 0.7647
v -0.7616 6.1270 0.9471
v -0.6937 5.9925 0.9924
v -0.7056 6.0916 0.9930
v -0.8506 5.9399 0.6568
v -0.8582 5.9705 0.5416
v -0.8497 6.0205 0.6553
v -0.8574 6.0474 0.5419
v -0.8563 6.0020 0.4301
v -0.8565 6.0756 0.4317
v -0.8526 6.1291 0.5419
v -0.8527 6.1546 0.4329
v -0.8495 6.2390 0.4336
v -0.8480 6.2157 0.5426
v -0.8445 6.1054 0.6535
v -0.8398 6.1946 0.6533
v -0.8426 6.3517 0.3247
v -0.8241 6.3741 0.2177
v -0.7919 6.3972 0.1137
v -0.8250 6.4696 0.2123
v -0.7920 6.4920 0.1060
v -0.8452 6.4478 0.3214
v -0.7461 6.4217 0.0136
v -0.6872 6.4476 -0.0812
v -0.7499 6.5156 0.0037
v -0.6904 6.5399 -0.0933
v -0.7964 6.5948 0.0965
v -0.7530 6.6176 -0.0084
v -0.6927 6.6408 -0.1078
v -0.7507 6.7275 -0.0194
v -0.6904 6.7499 -0.1209
v -0.7968 6.7052 0.0874
v -0.8547 6.5514 0.3167
v -0.8330 6.5728 0.2053
v -0.8357 6.6836 0.1981
v -0.8558 6.6625 0.3111
v -0.6183 6.4737 -0.1692
v -0.5418 6.4984 -0.2483
v -0.6203 6.5641 -0.1834
v -0.5430 6.5871 -0.2648
v -0.4590 6.5206 -0.3164
v -0.3714 6.5400 -0.3717
v -0.4599 6.6079 -0.3356
v -0.3723 6.6262 -0.3939
v -0.5437 6.6853 -0.2841
v -0.4604 6.7050 -0.3576
v -0.3729 6.7222 -0.4188
v -0.4590 6.8118 -0.3781
v -0.3723 6.8283 -0.4418
v -0.5416 6.7927 -0.3021
v -0.6216 6.6636 -0.2002
v -0.6192 6.7719 -0.2157
v -0.2806 6.5566 -0.4134
v -0.1879 6.5697 -0.4420
v -0.2815 6.6417 -0.4387
v -0.1887 6.6539 -0.4698
v -0.0944 6.5785 -0.4585
v -0.0948 6.6622 -0.4880
v -0.1895 6.7479 -0.4996
v -0.0956 6.7556 -0.5192
v -0.0971 6.8596 -0.5469
v -0.1904 6.8525 -0.5263
v -0.2822 6.7367 -0.4663
v -0.2824 6.8420 -0.4914
v -0.4341 5.9821 1.0192
v -0.4724 6.0159 1.0150
v -0.5242 6.0589 1.0162
v -0.4967 6.1235 1.0283
v -0.5456 6.1636 1.0330
v -0.4608 6.0923 1.0297
v -0.5856 6.1049 1.0213
v -0.6531 6.1506 1.0215
v -0.6036 6.2077 1.0412
v -0.6683 6.2529 1.0434
v -0.5685 6.2689 1.0622
v -0.6259 6.3120 1.0760
v -0.6884 6.3574 1.0785
v -0.6480 6.4198 1.1153
v -0.7046 6.4655 1.1134
v -0.5926 6.3772 1.0993
v -0.4862 6.2021 1.0517
v -0.5208 6.2309 1.0529
v -0.5441 6.3404 1.0848
v -0.5088 6.3131 1.0802
v -0.7181 6.1921 1.0031
v -0.7707 6.2269 0.9541
v -0.7306 6.2948 1.0222
v -0.7800 6.3299 0.9674
v -0.8058 6.2531 0.8711
v -0.8257 6.2718 0.7659
v -0.8110 6.3554 0.8785
v -0.8260 6.3725 0.7695
v -0.7907 6.4363 0.9859
v -0.8159 6.4619 0.8879
v -0.8293 6.4784 0.7736
v -0.8156 6.5725 0.8949
v -0.8273 6.5894 0.7753
v -0.7981 6.5466 1.0014
v -0.7463 6.4003 1.0503
v -0.7585 6.5095 1.0770
v -0.8350 6.2884 0.6544
v -0.8431 6.3076 0.5433
v -0.8340 6.3876 0.6561
v -0.8425 6.4056 0.5436
v -0.8481 6.3293 0.4333
v -0.8508 6.4262 0.4320
v -0.8520 6.5103 0.5430
v -0.8638 6.5303 0.4293
v -0.8657 6.6416 0.4252
v -0.8549 6.6217 0.5402
v -0.8362 6.4929 0.6575
v -0.8351 6.6044 0.6563
v -0.8454 6.7799 0.3057
v -0.8243 6.8009 0.1924
v -0.7844 6.8222 0.0812
v -0.8004 6.9228 0.1879
v -0.7653 6.9437 0.0766
v -0.8215 6.9019 0.3012
v -0.7384 6.8439 -0.0264
v -0.6801 6.8659 -0.1291
v -0.7231 6.9650 -0.0313
v -0.6675 6.9867 -0.1344
v -0.7522 7.0658 0.0734
v -0.7111 7.0868 -0.0347
v -0.6574 7.1081 -0.1380
v -0.7036 7.2067 -0.0351
v -0.6493 7.2277 -0.1382
v -0.7449 7.1863 0.0729
v -0.7985 7.0246 0.2985
v -0.7809 7.0453 0.1849
v -0.7732 7.1662 0.1845
v -0.7891 7.1457 0.2985
v -0.6104 6.8875 -0.2254
v -0.5348 6.9081 -0.3135
v -0.6002 7.0082 -0.2313
v -0.5272 7.0289 -0.3201
v -0.4543 6.9270 -0.3913
v -0.3697 6.9433 -0.4565
v -0.4494 7.0480 -0.3985
v -0.3676 7.0646 -0.4640
v -0.5225 7.1506 -0.3243
v -0.4479 7.1701 -0.4029
v -0.3691 7.1871 -0.4684
v -0.4493 7.2902 -0.4023
v -0.3739 7.3076 -0.4676
v -0.5204 7.2703 -0.3239
v -0.5926 7.1296 -0.2352
v -0.5872 7.2491 -0.2351
v -0.2817 6.9566 -0.5073
v -0.1915 6.9667 -0.5430
v -0.2823 7.0781 -0.5148
v -0.1947 7.0883 -0.5503
v -0.0999 6.9736 -0.5639
v -0.1057 7.0954 -0.5709
v -0.2017 7.2115 -0.5544
v -0.1152 7.2190 -0.5748
v -0.1289 7.3411 -0.5737
v -0.2126 7.3329 -0.5532
v -0.2866 7.2010 -0.5191
v -0.2946 7.3219 -0.5180
v -0.5446 6.4199 1.1093
v -0.5650 6.4532 1.1127
v -0.6119 6.4895 1.1238
v -0.5743 6.5682 1.1143
v -0.6178 6.6039 1.1241
v -0.5601 6.5442 1.1170
v -0.6614 6.5317 1.1329
v -0.7116 6.5776 1.1267
v -0.6628 6.6457 1.1344
v -0.7070 6.6919 1.1375
v -0.6121 6.7145 1.1351
v -0.6539 6.7561 1.1531
v -0.6992 6.8034 1.1530
v -0.6386 6.8610 1.1837
v -0.6884 6.9100 1.1753
v -0.5945 6.8191 1.1724
v -0.5467 6.6588 1.1167
v -0.5713 6.6796 1.1210
v -0.5548 6.7850 1.1560
v -0.5118 6.7627 1.1267
v -0.7588 6.6225 1.0929
v -0.7956 6.6605 1.0101
v -0.7517 6.7377 1.1037
v -0.7907 6.7769 1.0170
v -0.8125 6.6871 0.8968
v -0.8163 6.7051 0.7731
v -0.8061 6.8045 0.8994
v -0.8079 6.8242 0.7724
v -0.7868 6.8920 1.0271
v -0.8026 6.9210 0.9064
v -0.8004 6.9429 0.7754
v -0.7969 7.0343 0.9177
v -0.7951 7.0589 0.7819
v -0.7791 7.0032 1.0428
v -0.7473 6.8512 1.1160
v -0.7381 6.9603 1.1329
v -0.8230 6.7212 0.6519
v -0.8420 6.7390 0.5350
v -0.8092 6.8418 0.6485
v -0.8245 6.8605 0.5304
v -0.8495 6.7590 0.4199
v -0.8278 6.8809 0.4153
v -0.8020 6.9824 0.5287
v -0.8037 7.0034 0.4130
v -0.7942 7.1244 0.4137
v -0.7946 7.1027 0.5303
v -0.7989 6.9625 0.6483
v -0.7937 7.0812 0.6518
v -0.7698 7.2623 0.3025
v -0.7553 7.2826 0.1896
v -0.7281 7.3022 0.0794
v -0.7265 7.3923 0.1998
v -0.7013 7.4113 0.0930
v -0.7441 7.3724 0.3097
v -0.6877 7.3220 -0.0268
v -0.6357 7.3424 -0.1279
v -0.6630 7.4302 -0.0095
v -0.6159 7.4496 -0.1067
v -0.6716 7.5121 0.1095
v -0.6369 7.5298 0.0117
v -0.5952 7.5478 -0.0805
v -0.6089 7.6197 0.0354
v -0.5730 7.6360 -0.0510
v -0.6388 7.6034 0.1277
v -0.7132 7.4745 0.3181
v -0.6972 7.4939 0.2120
v -0.6617 7.5862 0.2251
v -0.6766 7.5675 0.3265
v -0.5779 7.3634 -0.2227
v -0.5157 7.3844 -0.3095
v -0.5635 7.4698 -0.1973
v -0.5068 7.4902 -0.2801
v -0.4492 7.4045 -0.3860
v -0.3782 7.4222 -0.4499
v -0.4459 7.5098 -0.3531
v -0.3806 7.5274 -0.4141
v -0.4978 7.5858 -0.2438
v -0.4428 7.6043 -0.3121
v -0.3837 7.6210 -0.3694
v -0.4389 7.6866 -0.2655
v -0.3866 7.7016 -0.3183
v -0.4875 7.6700 -0.2026
v -0.5486 7.5666 -0.1660
v -0.5323 7.6528 -0.1307
v -0.3033 7.4368 -0.4993
v -0.2255 7.4484 -0.5338
v -0.3113 7.5421 -0.4615
v -0.2391 7.5542 -0.4948
v -0.1458 7.4574 -0.5540
v -0.1648 7.5637 -0.5142
v -0.2545 7.6473 -0.4460
v -0.1862 7.6571 -0.4641
v -0.2098 7.7354 -0.4065
v -0.2712 7.7258 -0.3896
v -0.3206 7.6354 -0.4144
v -0.3305 7.7146 -0.3601
v -0.4893 6.8636 1.1844
v -0.5282 6.8843 1.2075
v -0.5673 6.9180 1.2180
v -0.4970 6.9790 1.2541
v -0.5335 7.0130 1.2590
v -0.4704 6.9553 1.2415
v -0.6134 6.9606 1.2206
v -0.6645 7.0114 1.2032
v -0.5776 7.0568 1.2573
v -0.6293 7.1093 1.2324
v -0.5032 7.1049 1.2851
v -0.5464 7.1509 1.2771
v -0.5977 7.2054 1.2470
v -0.5217 7.2420 1.2805
v -0.5723 7.2991 1.2432
v -0.4793 7.1925 1.2894
v -0.4240 7.0349 1.2583
v -0.4694 7.0695 1.2840
v -0.4472 7.1547 1.2892
v -0.3990 7.1166 1.2549
v -0.7155 7.0640 1.1537
v -0.7577 7.1094 1.0569
v -0.6820 7.1635 1.1702
v -0.7241 7.2110 1.0618
v -0.7775 7.1431 0.9265
v -0.7834 7.1704 0.7866
v -0.7513 7.2471 0.9270
v -0.7588 7.2764 0.7862
v -0.6947 7.3090 1.0584
v -0.7214 7.3461 0.9213
v -0.7296 7.3761 0.7825
v -0.6871 7.4387 0.9100
v -0.6954 7.4687 0.7753
v -0.6623 7.4019 1.0463
v -0.6502 7.2603 1.1723
v -0.6218 7.3539 1.1645
v -0.7807 7.1955 0.6554
v -0.7790 7.2188 0.5337
v -0.7557 7.3037 0.6566
v -0.7528 7.3285 0.5368
v -0.7784 7.2410 0.4171
v -0.7519 7.3512 0.4220
v -0.7227 7.4308 0.5390
v -0.7208 7.4536 0.4270
v -0.6844 7.5472 0.4311
v -0.6878 7.5245 0.5392
v -0.7266 7.4048 0.6559
v -0.6926 7.4982 0.6525
v -0.6203 7.6675 0.2383
v -0.6017 7.6833 0.1469
v -0.5740 7.7356 0.2513
v -0.5592 7.7496 0.1664
v -0.5841 7.7197 0.3411
v -0.6329 7.6499 0.3342
v -0.5770 7.6979 0.0608
v -0.5469 7.7120 -0.0192
v -0.5394 7.7622 0.0872
v -0.5150 7.7739 0.0142
v -0.5116 7.8013 0.1855
v -0.4964 7.8117 0.1135
v -0.4774 7.8208 0.0478
v -0.4497 7.8458 0.1377
v -0.4358 7.8522 0.0792
v -0.4608 7.8375 0.2027
v -0.5313 7.7756 0.3470
v -0.5230 7.7894 0.2636
v -0.4694 7.8276 0.2741
v -0.4761 7.8161 0.3515
v -0.5122 7.7264 -0.0924
v -0.4738 7.7410 -0.1578
v -0.4865 7.7853 -0.0519
v -0.4545 7.7968 -0.1106
v -0.4320 7.7549 -0.2147
v -0.3870 7.7674 -0.2625
v -0.4199 7.8078 -0.1612
v -0.3829 7.8172 -0.2038
v -0.4295 7.8370 -0.0630
v -0.4020 7.8450 -0.1075
v -0.3731 7.8512 -0.1448
v -0.3786 7.8668 -0.0572
v -0.3571 7.8701 -0.0894
v -0.3996 7.8619 -0.0184
v -0.4550 7.8289 -0.0111
v -0.4190 7.8572 0.0271
v -0.3389 7.7782 -0.3007
v -0.2877 7.7877 -0.3280
v -0.3435 7.8248 -0.2382
v -0.3018 7.8320 -0.2635
v -0.2343 7.7967 -0.3439
v -0.2575 7.8400 -0.2789
v -0.2776 7.8656 -0.2136
v -0.2912 7.8749 -0.1521
v -0.3112 7.8595 -0.1985
v -0.3134 7.8716 -0.1374
v -0.3429 7.8554 -0.1753
v -0.3353 7.8710 -0.1162
v -0.4273 7.2316 1.2786
v -0.4588 7.2723 1.2794
v -0.4062 7.2965 1.2715
v -0.4352 7.3413 1.2748
v -0.3561 7.2562 1.2370
v -0.3754 7.1883 1.2463
v -0.5001 7.3266 1.2717
v -0.5462 7.3867 1.2333
v -0.4729 7.4008 1.2662
v -0.5135 7.4635 1.2202
v -0.4052 7.3985 1.2800
v -0.4374 7.4626 1.2625
v -0.4718 7.5264 1.2040
v -0.3942 7.5107 1.2588
v -0.4214 7.5734 1.1856
v -0.3685 7.4439 1.2977
v -0.3341 7.3013 1.2372
v -0.3805 7.3491 1.2799
v -0.3493 7.3911 1.3081
v -0.2955 7.3395 1.2485
v -0.5893 7.4406 1.1485
v -0.6239 7.4867 1.0272
v -0.5502 7.5158 1.1266
v -0.5788 7.5597 1.0036
v -0.6460 7.5225 0.8939
v -0.6540 7.5529 0.7648
v -0.5968 7.5952 0.8746
v -0.6040 7.6264 0.7520
v -0.5253 7.6199 0.9787
v -0.5405 7.6559 0.8545
v -0.5458 7.6890 0.7383
v -0.4724 7.7043 0.8354
v -0.4799 7.7391 0.7246
v -0.4614 7.6655 0.9552
v -0.5028 7.5767 1.1017
v -0.4473 7.6221 1.0773
v -0.6517 7.5823 0.6466
v -0.6464 7.6083 0.5374
v -0.6027 7.6555 0.6389
v -0.5975 7.6805 0.5338
v -0.6412 7.6305 0.4338
v -0.5913 7.7017 0.4352
v -0.5417 7.7407 0.5290
v -0.5372 7.7597 0.4354
v -0.4790 7.8037 0.4344
v -0.4818 7.7872 0.5235
v -0.5448 7.7177 0.6301
v -0.4823 7.7666 0.6206
v -0.4108 7.8563 0.2164
v -0.4171 7.8479 0.2822
v -0.3705 7.8521 0.2880
v -0.3660 7.8597 0.2264
v -0.4222 7.8383 0.3544
v -0.3744 7.8436 0.3564
v -0.3935 7.8672 0.1049
v -0.4031 7.8629 0.1574
v -0.3609 7.8651 0.1718
v -0.3545 7.8679 0.1238
v -0.3203 7.8608 0.1374
v -0.3243 7.8590 0.1824
v -0.3276 7.8544 0.2339
v -0.3309 7.8470 0.2925
v -0.3338 7.8393 0.3581
v -0.3671 7.8712 0.0184
v -0.3815 7.8695 0.0587
v -0.3461 7.8685 0.0817
v -0.3355 7.8679 0.0452
v -0.3355 7.8737 -0.0441
v -0.3514 7.8730 -0.0157
v -0.3235 7.8671 0.0140
v -0.3113 7.8656 -0.0120
v -0.2877 7.8518 0.0102
v -0.2973 7.8552 0.0351
v -0.3066 7.8580 0.0643
v -0.3144 7.8601 0.0983
v -0.3057 7.8696 -0.0873
v -0.3201 7.8720 -0.0679
v -0.2999 7.8621 -0.0341
v -0.2900 7.8578 -0.0520
v -0.2929 7.8698 -0.1010
v -0.2827 7.8557 -0.0645
v -0.2667 7.8388 -0.0397
v -0.2714 7.8422 -0.0278
v -0.2787 7.8473 -0.0109
v -0.2573 7.4517 1.3415
v -0.3054 7.4249 1.3362
v -0.2630 7.3640 1.2602
v -0.2231 7.3904 1.2650
v -0.3198 7.4772 1.3166
v -0.2720 7.4996 1.3159
v -0.2928 7.5606 1.2471
v -0.3438 7.5429 1.2618
v -0.3663 7.6030 1.1663
v -0.3143 7.6175 1.1471
v -0.2724 7.6231 1.1285
v -0.2516 7.5692 1.2275
v -0.2318 7.5157 1.2989
v -0.2194 7.4733 1.3297
v -0.1929 7.4119 1.2672
v -0.3260 7.6680 1.0352
v -0.3835 7.6526 1.0550
v -0.3941 7.6962 0.9341
v -0.3350 7.7122 0.9156
v -0.3462 7.7522 0.8025
v -0.4029 7.7365 0.8179
v -0.4118 7.7712 0.7113
v -0.3590 7.7845 0.6997
v -0.3166 7.7874 0.6902
v -0.3038 7.7568 0.7896
v -0.2920 7.7169 0.8994
v -0.2831 7.6725 1.0174
v -0.3748 7.8238 0.5136
v -0.4237 7.8150 0.5180
v -0.4234 7.7961 0.6113
v -0.3723 7.8073 0.6034
v -0.4240 7.8280 0.4328
v -0.3755 7.8350 0.4313
v -0.3345 7.8320 0.4305
v -0.3338 7.8223 0.5105
v -0.3307 7.8077 0.5974
v -0.3210 7.8158 -0.0098
v -0.3237 7.8111 -0.0222
v -0.3244 7.8077 -0.0311
v -0.3636 7.8005 0.6256
v -0.3615 7.8171 0.5375
v -0.3584 7.8282 0.4563
v -0.3175 7.8216 0.0060
v -0.2445 7.6194 1.1078
v -0.3040 7.6729 0.9986
v -0.3105 7.8407 0.0799
v -0.3108 7.8347 0.0504
v -0.3137 7.8281 0.0259
v -0.3048 7.8509 -0.0706
v -0.3195 7.8290 -0.0455
v -0.3137 7.8452 0.1146
v -0.2956 7.8452 0.1468
v -0.2978 7.8441 0.1896
v -0.2996 7.8399 0.2389
v -0.3020 7.8327 0.2953
v -0.3045 7.8252 0.3592
v -0.2238 7.5688 1.1979
v -0.2869 7.7790 0.6828
v -0.2058 7.5234 1.2697
v -0.1731 7.4557 1.2522
v -0.2742 7.7505 0.7787
v -0.1725 7.4366 1.2619
v -0.2632 7.7106 0.8845
v 0.5504 6.5066 1.1297
v 0.5684 6.6093 1.0954
v 0.5522 6.7380 1.0881
v 0.5364 6.8629 1.1104
v 0.5032 6.9844 1.1521
v 0.4527 7.0965 1.1957
v 0.3954 7.1965 1.2218
v 0.3357 7.2866 1.2418
v 0.2653 7.3568 1.2618
v 0.1818 7.4000 1.2768
v 0.0981 7.4235 1.2836
v 0.0155 7.4345 1.2900
v -0.3415 7.8074 0.3176
v -0.3539 7.8022 0.3835
v -0.3318 7.8118 0.2579
v -0.3257 7.8152 0.2053
v -0.3189 7.8163 0.1600
v -0.3025 7.8094 0.1107
v -0.2990 7.8073 0.0784
v -0.2944 7.8043 0.0496
v -0.2893 7.8009 0.0251
v -0.2841 7.7971 0.0051
v -0.2798 7.7932 -0.0105
v -0.2775 7.7907 -0.0218
v -0.2887 7.8050 -0.0550
v -0.2799 7.7926 -0.0321
v -0.2870 7.8191 -0.0846
v -0.2781 7.8291 -0.0995
v -0.0541 7.4348 1.2845
v -0.1173 7.4219 1.2805
v -0.1704 7.4207 1.2705
v -0.2347 7.4821 1.2551
v -0.2073 7.4330 1.2517
v -0.2474 7.5269 1.1978
v -0.2897 7.6141 1.0696
v -0.2706 7.5738 1.1422
v -0.2634 7.6335 0.9812
v -0.3379 7.6817 0.8914
v -0.3516 7.7154 0.8014
v -0.3674 7.7443 0.7110
v -0.3037 7.7597 0.5897
v -0.3087 7.7725 0.5051
v -0.3097 7.7820 0.4268
v -0.5587 6.4552 1.0997
v -0.5722 6.5512 1.0928
v -0.5609 6.6657 1.0927
v -0.5260 6.7652 1.1140
v -0.5050 6.8628 1.1624
v -0.4820 6.9571 1.2127
v -0.4403 7.0418 1.2374
v -0.4111 7.1211 1.2413
v -0.3649 7.2603 1.2277
v -0.3876 7.1930 1.2315
v -0.3351 7.3092 1.2335
v -0.2959 7.3442 1.2466
v -0.2590 7.3646 1.2616
v -0.2249 7.3878 1.2652
v -0.2018 7.4067 1.2667
v -0.3074 7.7905 -0.0033
v -0.3088 7.7869 -0.0160
v -0.3073 7.7876 -0.0279
v -0.3720 7.7671 0.6213
v -0.3681 7.7837 0.5352
v -0.3641 7.7949 0.4556
v -0.3057 7.7949 0.0125
v -0.2517 7.5905 1.0829
v -0.3137 7.6477 0.9820
v -0.3062 7.8110 0.0868
v -0.3039 7.8058 0.0572
v -0.3042 7.8002 0.0324
v -0.2846 7.8203 -0.0725
v -0.2968 7.8039 -0.0454
v -0.3116 7.8148 0.1209
v -0.3043 7.8101 0.1470
v -0.3049 7.8086 0.1882
v -0.3057 7.8043 0.2359
v -0.3076 7.7970 0.2917
v -0.3099 7.7892 0.3556
v -0.2319 7.5444 1.1608
v -0.2919 7.7413 0.6783
v -0.2128 7.5025 1.2262
v -0.1887 7.4585 1.2444
v -0.2802 7.7132 0.7713
v -0.1845 7.4317 1.2602
v -0.2695 7.6755 0.8724
vt 0.2451 0.0070
vt 0.2451 0.0420
vt 0.2203 0.0420
vt 0.2202 0.0070
vt 0.2452 0.0768
vt 0.2204 0.0768
vt 0.2699 0.0420
vt 0.2700 0.0768
vt 0.2699 0.0070
vt 0.2452 0.1118
vt 0.2205 0.1118
vt 0.2453 0.1468
vt 0.2206 0.1468
vt 0.2700 0.1118
vt 0.2700 0.1468
vt 0.2947 0.0768
vt 0.2947 0.1118
vt 0.2949 0.1468
vt 0.3196 0.1118
vt 0.3196 0.1468
vt 0.3196 0.0768
vt 0.2947 0.0070
vt 0.2947 0.0420
vt 0.3196 0.0420
vt 0.3196 0.0070
vt 0.4572 0.0070
vt 0.4572 0.0420
vt 0.4324 0.0420
vt 0.4324 0.0070
vt 0.4572 0.0768
vt 0.4324 0.0768
vt 0.4819 0.0420
vt 0.4819 0.0768
vt 0.4819 0.0070
vt 0.4572 0.1118
vt 0.4324 0.1118
vt 0.4572 0.1468
vt 0.4324 0.1468
vt 0.4819 0.1118
vt 0.4819 0.1468
vt 0.5067 0.0768
vt 0.5067 0.1118
vt 0.5067 0.1468
vt 0.5316 0.1118
vt 0.5316 0.1468
vt 0.5316 0.0768
vt 0.5067 0.0070
vt 0.5067 0.0420
vt 0.5316 0.0420
vt 0.5316 0.0070
vt 0.5563 0.0070
vt 0.5563 0.0420
vt 0.5563 0.0768
vt 0.5461 0.0420
vt 0.5461 0.0768
vt 0.5213 0.0768
vt 0.5213 0.0420
vt 0.5461 0.0070
vt 0.5213 0.0070
vt 0.5563 0.1118
vt 0.5563 0.1468
vt 0.5461 0.1118
vt 0.5461 0.1468
vt 0.5213 0.1468
vt 0.5213 0.1118
vt 0.5597 0.0768
vt 0.5597 0.1118
vt 0.5349 0.1118
vt 0.5349 0.0768
vt 0.5597 0.1468
vt 0.5349 0.1468
vt 0.5424 0.1118
vt 0.5424 0.1468
vt 0.5177 0.1468
vt 0.5177 0.1118
vt 0.5177 0.0768
vt 0.5424 0.0768
vt 0.5597 0.0070
vt 0.5597 0.0420
vt 0.5349 0.0420
vt 0.5349 0.0070
vt 0.5424 0.0420
vt 0.5177 0.0420
vt 0.5424 0.0070
vt 0.5177 0.0070
vt 0.0609 0.0420
vt 0.0361 0.0420
vt 0.0361 0.0070
vt 0.0609 0.0070
vt 0.0609 0.0768
vt 0.0361 0.0768
vt 0.0857 0.0420
vt 0.0857 0.0768
vt 0.0857 0.0070
vt 0.0609 0.1118
vt 0.0361 0.1118
vt 0.0609 0.1468
vt 0.0361 0.1468
vt 0.0857 0.1118
vt 0.0857 0.1468
vt 0.1104 0.0768
vt 0.1104 0.1118
vt 0.1104 0.1468
vt 0.1352 0.1118
vt 0.1352 0.1468
vt 0.1352 0.0768
vt 0.1104 0.0070
vt 0.1104 0.0420
vt 0.1352 0.0420
vt 0.1352 0.0070
vt 0.1600 0.0070
vt 0.1600 0.0420
vt 0.1600 0.0768
vt 0.1847 0.0420
vt 0.1847 0.0768
vt 0.1847 0.0070
vt 0.1600 0.1118
vt 0.1600 0.1468
vt 0.1847 0.1118
vt 0.1847 0.1468
vt 0.2095 0.0768
vt 0.2095 0.1118
vt 0.2095 0.1468
vt 0.2343 0.1118
vt 0.2343 0.1468
vt 0.2343 0.0768
vt 0.2095 0.0070
vt 0.2095 0.0420
vt 0.2343 0.0420
vt 0.2343 0.0070
vt 0.2590 0.0070
vt 0.2590 0.0420
vt 0.2590 0.0768
vt 0.2837 0.0420
vt 0.2838 0.0768
vt 0.2837 0.0070
vt 0.2590 0.1118
vt 0.2591 0.1468
vt 0.2838 0.1118
vt 0.2839 0.1468
vt 0.3086 0.0768
vt 0.3086 0.1118
vt 0.3087 0.1468
vt 0.3334 0.1118
vt 0.3335 0.1468
vt 0.3333 0.0768
vt 0.3084 0.0070
vt 0.3085 0.0420
vt 0.3332 0.0420
vt 0.3331 0.0070
vt 0.2700 0.1817
vt 0.2453 0.1817
vt 0.2206 0.1817
vt 0.2453 0.2165
vt 0.2206 0.2165
vt 0.2700 0.2165
vt 0.2453 0.2515
vt 0.2206 0.2515
vt 0.2453 0.2865
vt 0.2206 0.2865
vt 0.2702 0.2515
vt 0.2702 0.2865
vt 0.2949 0.2515
vt 0.2949 0.2165
vt 0.2949 0.2865
vt 0.3196 0.2515
vt 0.3196 0.2865
vt 0.3196 0.2165
vt 0.2949 0.1817
vt 0.3196 0.1817
vt 0.4572 0.1817
vt 0.4324 0.1817
vt 0.4572 0.2165
vt 0.4324 0.2165
vt 0.4819 0.1817
vt 0.4819 0.2165
vt 0.4572 0.2515
vt 0.4324 0.2515
vt 0.4572 0.2865
vt 0.4324 0.2865
vt 0.4819 0.2515
vt 0.4819 0.2865
vt 0.5067 0.2165
vt 0.5067 0.2515
vt 0.5067 0.2865
vt 0.5316 0.2515
vt 0.5316 0.2865
vt 0.5316 0.2165
vt 0.5316 0.1817
vt 0.5067 0.1817
vt 0.5563 0.1817
vt 0.5563 0.2165
vt 0.5461 0.1817
vt 0.5461 0.2165
vt 0.5213 0.2165
vt 0.5213 0.1817
vt 0.5563 0.2515
vt 0.5563 0.2865
vt 0.5461 0.2515
vt 0.5461 0.2865
vt 0.5213 0.2865
vt 0.5213 0.2515
vt 0.5597 0.2165
vt 0.5597 0.2515
vt 0.5349 0.2515
vt 0.5349 0.2165
vt 0.5597 0.2865
vt 0.5349 0.2865
vt 0.5424 0.2515
vt 0.5424 0.2865
vt 0.5177 0.2865
vt 0.5177 0.2515
vt 0.5177 0.2165
vt 0.5424 0.2165
vt 0.5424 0.1817
vt 0.5177 0.1817
vt 0.5597 0.1817
vt 0.5349 0.1817
vt 0.0609 0.1817
vt 0.0361 0.1817
vt 0.0609 0.2165
vt 0.0361 0.2165
vt 0.0857 0.1817
vt 0.0857 0.2165
vt 0.0609 0.2515
vt 0.0361 0.2515
vt 0.0609 0.2865
vt 0.0361 0.2865
vt 0.0857 0.2515
vt 0.0857 0.2865
vt 0.1104 0.2165
vt 0.1104 0.2515
vt 0.1104 0.2865
vt 0.1352 0.2515
vt 0.1352 0.2865
vt 0.1352 0.2165
vt 0.1104 0.1817
vt 0.1352 0.1817
vt 0.1600 0.1817
vt 0.1600 0.2165
vt 0.1847 0.1817
vt 0.1847 0.2165
vt 0.1600 0.2515
vt 0.1600 0.2865
vt 0.1847 0.2515
vt 0.1847 0.2865
vt 0.2095 0.2165
vt 0.2095 0.2515
vt 0.2095 0.2865
vt 0.2343 0.2515
vt 0.2343 0.2865
vt 0.2343 0.2165
vt 0.2095 0.1817
vt 0.2343 0.1817
vt 0.2591 0.1817
vt 0.2591 0.2165
vt 0.2839 0.1817
vt 0.2839 0.2165
vt 0.2591 0.2515
vt 0.2591 0.2865
vt 0.2839 0.2515
vt 0.2839 0.2865
vt 0.3087 0.2165
vt 0.3087 0.2515
vt 0.3087 0.2865
vt 0.3335 0.2515
vt 0.3335 0.2865
vt 0.3335 0.2165
vt 0.3087 0.1817
vt 0.3335 0.1817
vt 0.2453 0.3214
vt 0.2206 0.3214
vt 0.2453 0.3562
vt 0.2206 0.3562
vt 0.2700 0.3214
vt 0.2700 0.3562
vt 0.2453 0.3912
vt 0.2206 0.3912
vt 0.2453 0.4262
vt 0.2206 0.4262
vt 0.2700 0.3912
vt 0.2700 0.4262
vt 0.2949 0.3562
vt 0.2949 0.3912
vt 0.2949 0.4262
vt 0.3196 0.3912
vt 0.3196 0.4262
vt 0.3196 0.3562
vt 0.2949 0.3214
vt 0.3196 0.3214
vt 0.4572 0.3214
vt 0.4324 0.3214
vt 0.4572 0.3562
vt 0.4324 0.3562
vt 0.4819 0.3214
vt 0.4819 0.3562
vt 0.4572 0.3912
vt 0.4324 0.3912
vt 0.4572 0.4262
vt 0.4324 0.4262
vt 0.4819 0.3912
vt 0.4819 0.4262
vt 0.5067 0.3562
vt 0.5067 0.3912
vt 0.5067 0.4262
vt 0.5316 0.3912
vt 0.5316 0.4262
vt 0.5316 0.3562
vt 0.5067 0.3214
vt 0.5316 0.3214
vt 0.5563 0.3214
vt 0.5563 0.3562
vt 0.5461 0.3214
vt 0.5461 0.3562
vt 0.5213 0.3562
vt 0.5213 0.3214
vt 0.5563 0.3912
vt 0.5563 0.4262
vt 0.5461 0.3912
vt 0.5461 0.4262
vt 0.5213 0.4262
vt 0.5213 0.3912
vt 0.5597 0.3562
vt 0.5597 0.3912
vt 0.5349 0.3912
vt 0.5349 0.3562
vt 0.5597 0.4262
vt 0.5349 0.4262
vt 0.5424 0.3912
vt 0.5424 0.4262
vt 0.5177 0.4262
vt 0.5177 0.3912
vt 0.5177 0.3562
vt 0.5424 0.3562
vt 0.5597 0.3214
vt 0.5349 0.3214
vt 0.5424 0.3214
vt 0.5177 0.3214
vt 0.0609 0.3214
vt 0.0361 0.3214
vt 0.0609 0.3562
vt 0.0361 0.3562
vt 0.0857 0.3214
vt 0.0857 0.3562
vt 0.0609 0.3912
vt 0.0361 0.3912
vt 0.0609 0.4262
vt 0.0361 0.4262
vt 0.0857 0.3912
vt 0.0857 0.4262
vt 0.1104 0.3562
vt 0.1104 0.3912
vt 0.1104 0.4262
vt 0.1352 0.3912
vt 0.1352 0.4262
vt 0.1352 0.3562
vt 0.1104 0.3214
vt 0.1352 0.3214
vt 0.1600 0.3214
vt 0.1600 0.3562
vt 0.1847 0.3214
vt 0.1847 0.3562
vt 0.1600 0.3912
vt 0.1600 0.4262
vt 0.1847 0.3912
vt 0.1847 0.4262
vt 0.2095 0.3562
vt 0.2095 0.3912
vt 0.2095 0.4262
vt 0.2343 0.3912
vt 0.2343 0.4262
vt 0.2343 0.3562
vt 0.2095 0.3214
vt 0.2343 0.3214
vt 0.2839 0.3214
vt 0.2591 0.3214
vt 0.2591 0.3562
vt 0.2839 0.3562
vt 0.2591 0.3912
vt 0.2591 0.4262
vt 0.2839 0.3912
vt 0.2839 0.4262
vt 0.3087 0.3912
vt 0.3087 0.3562
vt 0.3087 0.4262
vt 0.3335 0.3912
vt 0.3335 0.4262
vt 0.3335 0.3562
vt 0.3087 0.3214
vt 0.3335 0.3214
vt 0.2453 0.4611
vt 0.2206 0.4611
vt 0.2453 0.4960
vt 0.2206 0.4960
vt 0.2700 0.4611
vt 0.2700 0.4960
vt 0.2453 0.5309
vt 0.2206 0.5309
vt 0.2453 0.5659
vt 0.2206 0.5659
vt 0.2700 0.5309
vt 0.2700 0.5659
vt 0.2949 0.4960
vt 0.2949 0.5309
vt 0.2949 0.5659
vt 0.3196 0.5309
vt 0.3196 0.5659
vt 0.3196 0.4960
vt 0.3196 0.4611
vt 0.2949 0.4611
vt 0.4572 0.4611
vt 0.4324 0.4611
vt 0.4572 0.4960
vt 0.4324 0.4960
vt 0.4819 0.4611
vt 0.4819 0.4960
vt 0.4572 0.5309
vt 0.4324 0.5309
vt 0.4572 0.5659
vt 0.4324 0.5659
vt 0.4819 0.5309
vt 0.4819 0.5659
vt 0.5067 0.4960
vt 0.5067 0.5309
vt 0.5067 0.5659
vt 0.5316 0.5309
vt 0.5316 0.5659
vt 0.5316 0.4960
vt 0.5316 0.4611
vt 0.5067 0.4611
vt 0.5563 0.4611
vt 0.5563 0.4960
vt 0.5461 0.4611
vt 0.5461 0.4960
vt 0.5213 0.4960
vt 0.5213 0.4611
vt 0.5563 0.5309
vt 0.5563 0.5659
vt 0.5461 0.5309
vt 0.5461 0.5659
vt 0.5213 0.5659
vt 0.5213 0.5309
vt 0.5597 0.4960
vt 0.5597 0.5309
vt 0.5349 0.5309
vt 0.5349 0.4960
vt 0.5597 0.5659
vt 0.5349 0.5659
vt 0.5424 0.5309
vt 0.5424 0.5659
vt 0.5177 0.5659
vt 0.5177 0.5309
vt 0.5177 0.4960
vt 0.5424 0.4960
vt 0.5424 0.4611
vt 0.5177 0.4611
vt 0.5597 0.4611
vt 0.5349 0.4611
vt 0.0609 0.4611
vt 0.0361 0.4611
vt 0.0609 0.4960
vt 0.0361 0.4960
vt 0.0857 0.4611
vt 0.0857 0.4960
vt 0.0609 0.5309
vt 0.0361 0.5309
vt 0.0609 0.5659
vt 0.0361 0.5659
vt 0.0857 0.5309
vt 0.0857 0.5659
vt 0.1104 0.4960
vt 0.1104 0.5309
vt 0.1104 0.5659
vt 0.1352 0.5309
vt 0.1352 0.5659
vt 0.1352 0.4960
vt 0.1104 0.4611
vt 0.1352 0.4611
vt 0.1600 0.4611
vt 0.1600 0.4960
vt 0.1847 0.4611
vt 0.1847 0.4960
vt 0.1600 0.5309
vt 0.1600 0.5659
vt 0.1847 0.5309
vt 0.1847 0.5659
vt 0.2095 0.4960
vt 0.2095 0.5309
vt 0.2095 0.5659
vt 0.2343 0.5309
vt 0.2343 0.5659
vt 0.2343 0.4960
vt 0.2095 0.4611
vt 0.2343 0.4611
vt 0.2839 0.4611
vt 0.2591 0.4611
vt 0.2591 0.4960
vt 0.2839 0.4960
vt 0.2591 0.5309
vt 0.2591 0.5659
vt 0.2839 0.5659
vt 0.2839 0.5309
vt 0.3087 0.4960
vt 0.3087 0.5309
vt 0.3087 0.5659
vt 0.3335 0.5309
vt 0.3335 0.5659
vt 0.3335 0.4960
vt 0.3087 0.4611
vt 0.3335 0.4611
vt 0.2453 0.6009
vt 0.2206 0.6009
vt 0.2453 0.6357
vt 0.2206 0.6357
vt 0.2700 0.6009
vt 0.2700 0.6357
vt 0.2453 0.6706
vt 0.2206 0.6706
vt 0.2453 0.7056
vt 0.2206 0.7056
vt 0.2700 0.6706
vt 0.2700 0.7056
vt 0.2949 0.6357
vt 0.2949 0.6706
vt 0.2949 0.7056
vt 0.3196 0.6706
vt 0.3196 0.7056
vt 0.3196 0.6357
vt 0.2949 0.6009
vt 0.3196 0.6009
vt 0.4572 0.6009
vt 0.4324 0.6009
vt 0.4572 0.6357
vt 0.4324 0.6357
vt 0.4819 0.6009
vt 0.4819 0.6357
vt 0.4572 0.6706
vt 0.4324 0.6706
vt 0.4572 0.7056
vt 0.4324 0.7056
vt 0.4819 0.6706
vt 0.4819 0.7056
vt 0.5067 0.6357
vt 0.5067 0.6706
vt 0.5067 0.7056
vt 0.5316 0.6706
vt 0.5316 0.7056
vt 0.5316 0.6357
vt 0.5067 0.6009
vt 0.5316 0.6009
vt 0.5461 0.6009
vt 0.5213 0.6009
vt 0.5563 0.6009
vt 0.5563 0.6357
vt 0.5461 0.6357
vt 0.5213 0.6357
vt 0.5563 0.6706
vt 0.5563 0.7056
vt 0.5461 0.6706
vt 0.5461 0.7056
vt 0.5213 0.7056
vt 0.5213 0.6706
vt 0.5597 0.6706
vt 0.5349 0.6706
vt 0.5349 0.6357
vt 0.5597 0.6357
vt 0.5597 0.7056
vt 0.5349 0.7056
vt 0.5424 0.7056
vt 0.5177 0.7056
vt 0.5177 0.6706
vt 0.5424 0.6706
vt 0.5424 0.6357
vt 0.5177 0.6357
vt 0.5597 0.6009
vt 0.5349 0.6009
vt 0.5424 0.6009
vt 0.5177 0.6009
vt 0.0609 0.6009
vt 0.0361 0.6009
vt 0.0609 0.6357
vt 0.0361 0.6357
vt 0.0857 0.6009
vt 0.0857 0.6357
vt 0.0609 0.6706
vt 0.0361 0.6706
vt 0.0609 0.7056
vt 0.0361 0.7056
vt 0.0857 0.6706
vt 0.0857 0.7056
vt 0.1104 0.6357
vt 0.1104 0.6706
vt 0.1104 0.7056
vt 0.1352 0.6706
vt 0.1352 0.7056
vt 0.1352 0.6357
vt 0.1104 0.6009
vt 0.1352 0.6009
vt 0.1600 0.6009
vt 0.1600 0.6357
vt 0.1847 0.6009
vt 0.1847 0.6357
vt 0.1600 0.6706
vt 0.1600 0.7056
vt 0.1847 0.6706
vt 0.1847 0.7056
vt 0.2095 0.6357
vt 0.2095 0.6706
vt 0.2095 0.7056
vt 0.2343 0.6706
vt 0.2343 0.7056
vt 0.2343 0.6357
vt 0.2343 0.6009
vt 0.2095 0.6009
vt 0.2591 0.6009
vt 0.2591 0.6357
vt 0.2839 0.6357
vt 0.2839 0.6009
vt 0.2839 0.6706
vt 0.2591 0.6706
vt 0.2591 0.7056
vt 0.2839 0.7056
vt 0.3087 0.6706
vt 0.3087 0.6357
vt 0.3087 0.7056
vt 0.3335 0.6706
vt 0.3335 0.7056
vt 0.3335 0.6357
vt 0.3335 0.6009
vt 0.3087 0.6009
vt 0.2700 0.7406
vt 0.2453 0.7406
vt 0.2206 0.7406
vt 0.2453 0.7754
vt 0.2206 0.7754
vt 0.2700 0.7754
vt 0.2453 0.8103
vt 0.2206 0.8103
vt 0.2453 0.8453
vt 0.2206 0.8453
vt 0.2700 0.8103
vt 0.2700 0.8453
vt 0.2949 0.8103
vt 0.2949 0.7754
vt 0.2949 0.8453
vt 0.3196 0.8103
vt 0.3196 0.8453
vt 0.3196 0.7754
vt 0.2949 0.7406
vt 0.3196 0.7406
vt 0.4819 0.7406
vt 0.4572 0.7406
vt 0.4324 0.7406
vt 0.4572 0.7754
vt 0.4324 0.7754
vt 0.4819 0.7754
vt 0.4572 0.8103
vt 0.4324 0.8103
vt 0.4572 0.8453
vt 0.4324 0.8453
vt 0.4819 0.8103
vt 0.4819 0.8453
vt 0.5067 0.8103
vt 0.5067 0.7754
vt 0.5067 0.8453
vt 0.5316 0.8453
vt 0.5316 0.8103
vt 0.5316 0.7754
vt 0.5067 0.7406
vt 0.5316 0.7406
vt 0.5461 0.7406
vt 0.5213 0.7406
vt 0.5563 0.7406
vt 0.5563 0.7754
vt 0.5461 0.7754
vt 0.5213 0.7754
vt 0.5461 0.8103
vt 0.5213 0.8103
vt 0.5563 0.8103
vt 0.5563 0.8453
vt 0.5461 0.8453
vt 0.5213 0.8453
vt 0.5424 0.7754
vt 0.5424 0.8103
vt 0.5177 0.8103
vt 0.5177 0.7754
vt 0.5597 0.8103
vt 0.5349 0.8103
vt 0.5349 0.7754
vt 0.5597 0.7754
vt 0.5597 0.8453
vt 0.5349 0.8453
vt 0.5424 0.8453
vt 0.5177 0.8453
vt 0.5597 0.7406
vt 0.5349 0.7406
vt 0.5177 0.7406
vt 0.5424 0.7406
vt 0.0857 0.7406
vt 0.0609 0.7406
vt 0.0361 0.7406
vt 0.0609 0.7754
vt 0.0361 0.7754
vt 0.0857 0.7754
vt 0.0609 0.8103
vt 0.0361 0.8103
vt 0.0609 0.8453
vt 0.0361 0.8453
vt 0.0857 0.8103
vt 0.0857 0.8453
vt 0.1104 0.8103
vt 0.1104 0.7754
vt 0.1104 0.8453
vt 0.1352 0.8103
vt 0.1352 0.8453
vt 0.1352 0.7754
vt 0.1104 0.7406
vt 0.1352 0.7406
vt 0.1847 0.7406
vt 0.1600 0.7406
vt 0.1600 0.7754
vt 0.1847 0.7754
vt 0.1600 0.8103
vt 0.1600 0.8453
vt 0.1847 0.8103
vt 0.1847 0.8453
vt 0.2095 0.8103
vt 0.2095 0.7754
vt 0.2095 0.8453
vt 0.2343 0.8103
vt 0.2343 0.8453
vt 0.2343 0.7754
vt 0.2095 0.7406
vt 0.2343 0.7406
vt 0.2839 0.7406
vt 0.2591 0.7406
vt 0.2591 0.7754
vt 0.2839 0.7754
vt 0.2591 0.8103
vt 0.2591 0.8453
vt 0.2839 0.8103
vt 0.2839 0.8453
vt 0.3087 0.8103
vt 0.3087 0.7754
vt 0.3087 0.8453
vt 0.3335 0.8103
vt 0.3335 0.8453
vt 0.3335 0.7754
vt 0.3087 0.7406
vt 0.3335 0.7406
vt 0.2453 0.9148
vt 0.2453 0.8801
vt 0.2700 0.8801
vt 0.2700 0.9148
vt 0.2206 0.8800
vt 0.2206 0.9148
vt 0.2206 0.9496
vt 0.2453 0.9496
vt 0.2453 0.9844
vt 0.2206 0.9844
vt 0.2700 0.9496
vt 0.2700 0.9844
vt 0.2949 0.9844
vt 0.2949 0.9496
vt 0.3196 0.9498
vt 0.3196 0.9846
vt 0.2949 0.9149
vt 0.3196 0.9149
vt 0.2949 0.8801
vt 0.3196 0.8801
vt 0.4572 0.9149
vt 0.4572 0.8801
vt 0.4819 0.8801
vt 0.4819 0.9149
vt 0.4324 0.8801
vt 0.4324 0.9149
vt 0.4324 0.9498
vt 0.4572 0.9498
vt 0.4572 0.9846
vt 0.4324 0.9846
vt 0.4819 0.9499
vt 0.4819 0.9847
vt 0.5067 0.9849
vt 0.5067 0.9499
vt 0.5316 0.9501
vt 0.5316 0.9849
vt 0.5067 0.9151
vt 0.5316 0.9151
vt 0.5067 0.8801
vt 0.5316 0.8801
vt 0.5213 0.9152
vt 0.5213 0.8803
vt 0.5461 0.8803
vt 0.5461 0.9152
vt 0.5563 0.8803
vt 0.5563 0.9152
vt 0.5563 0.9502
vt 0.5563 0.9852
vt 0.5213 0.9852
vt 0.5213 0.9502
vt 0.5461 0.9503
vt 0.5461 0.9853
vt 0.5177 0.9855
vt 0.5177 0.9505
vt 0.5424 0.9506
vt 0.5424 0.9858
vt 0.5177 0.9154
vt 0.5424 0.9155
vt 0.5349 0.9503
vt 0.5349 0.9152
vt 0.5597 0.9154
vt 0.5597 0.9505
vt 0.5349 0.9853
vt 0.5597 0.9855
vt 0.5177 0.8803
vt 0.5424 0.8804
vt 0.5349 0.8803
vt 0.5597 0.8803
vt 0.0361 0.8801
vt 0.0609 0.8801
vt 0.0609 0.9151
vt 0.0361 0.9151
vt 0.0857 0.8801
vt 0.0857 0.9151
vt 0.0361 0.9499
vt 0.0609 0.9499
vt 0.0609 0.9849
vt 0.0361 0.9849
vt 0.0857 0.9501
vt 0.0857 0.9849
vt 0.1104 0.9501
vt 0.1352 0.9501
vt 0.1352 0.9849
vt 0.1104 0.9849
vt 0.1104 0.9151
vt 0.1352 0.9151
vt 0.1104 0.8801
vt 0.1352 0.8801
vt 0.1600 0.8801
vt 0.1600 0.9151
vt 0.1847 0.8801
vt 0.1847 0.9149
vt 0.1600 0.9499
vt 0.1600 0.9849
vt 0.1847 0.9499
vt 0.1847 0.9847
vt 0.2095 0.9846
vt 0.2095 0.9498
vt 0.2343 0.9498
vt 0.2343 0.9846
vt 0.2095 0.9149
vt 0.2343 0.9149
vt 0.2095 0.8801
vt 0.2343 0.8801
vt 0.2591 0.8801
vt 0.2839 0.8801
vt 0.2839 0.9148
vt 0.2591 0.9149
vt 0.2591 0.9498
vt 0.2591 0.9844
vt 0.2839 0.9496
vt 0.2839 0.9844
vt 0.3087 0.9844
vt 0.3087 0.9496
vt 0.3335 0.9496
vt 0.3335 0.9844
vt 0.3087 0.9148
vt 0.3335 0.9148
vt 0.3087 0.8801
vt 0.3335 0.8800
vt 0.1886 0.0420
vt 0.2134 0.0420
vt 0.2134 0.0070
vt 0.1885 0.0070
vt 0.2382 0.0420
vt 0.2382 0.0070
vt 0.2135 0.0768
vt 0.2383 0.0768
vt 0.1887 0.0768
vt 0.2630 0.0420
vt 0.2630 0.0070
vt 0.2878 0.0420
vt 0.2878 0.0070
vt 0.2630 0.0768
vt 0.2878 0.0768
vt 0.2383 0.1118
vt 0.2630 0.1118
vt 0.2878 0.1118
vt 0.2631 0.1468
vt 0.2878 0.1468
vt 0.2383 0.1468
vt 0.1888 0.1118
vt 0.2135 0.1118
vt 0.2136 0.1468
vt 0.1889 0.1468
vt 0.4324 0.0420
vt 0.4572 0.0420
vt 0.4572 0.0070
vt 0.4324 0.0070
vt 0.4819 0.0420
vt 0.4819 0.0070
vt 0.4572 0.0768
vt 0.4819 0.0768
vt 0.4324 0.0768
vt 0.5067 0.0420
vt 0.5067 0.0070
vt 0.5316 0.0420
vt 0.5316 0.0070
vt 0.5067 0.0768
vt 0.5316 0.0768
vt 0.4819 0.1118
vt 0.5067 0.1118
vt 0.5316 0.1118
vt 0.5067 0.1468
vt 0.5316 0.1468
vt 0.4819 0.1468
vt 0.4324 0.1118
vt 0.4572 0.1118
vt 0.4572 0.1468
vt 0.4324 0.1468
vt 0.5563 0.0420
vt 0.5563 0.0070
vt 0.4905 0.0420
vt 0.5153 0.0420
vt 0.5153 0.0070
vt 0.4905 0.0070
vt 0.4905 0.0768
vt 0.5153 0.0768
vt 0.5563 0.0768
vt 0.5335 0.0420
vt 0.5583 0.0420
vt 0.5583 0.0070
vt 0.5335 0.0070
vt 0.5247 0.0420
vt 0.5494 0.0420
vt 0.5494 0.0070
vt 0.5247 0.0070
vt 0.5247 0.0768
vt 0.5494 0.0768
vt 0.5335 0.0768
vt 0.5583 0.0768
vt 0.5335 0.1118
vt 0.5583 0.1118
vt 0.5247 0.1118
vt 0.5494 0.1118
vt 0.5247 0.1468
vt 0.5494 0.1468
vt 0.5335 0.1468
vt 0.5583 0.1468
vt 0.5563 0.1118
vt 0.4905 0.1118
vt 0.5153 0.1118
vt 0.4905 0.1468
vt 0.5153 0.1468
vt 0.5563 0.1468
vt 0.0361 0.0070
vt 0.0361 0.0420
vt 0.0609 0.0420
vt 0.0609 0.0070
vt 0.0857 0.0420
vt 0.0857 0.0070
vt 0.0609 0.0768
vt 0.0857 0.0768
vt 0.0361 0.0768
vt 0.1104 0.0420
vt 0.1104 0.0070
vt 0.1352 0.0420
vt 0.1352 0.0070
vt 0.1104 0.0768
vt 0.1352 0.0768
vt 0.0857 0.1118
vt 0.1104 0.1118
vt 0.1352 0.1118
vt 0.1104 0.1468
vt 0.1352 0.1468
vt 0.0857 0.1468
vt 0.0361 0.1118
vt 0.0609 0.1118
vt 0.0609 0.1468
vt 0.0361 0.1468
vt 0.1600 0.0420
vt 0.1600 0.0070
vt 0.1847 0.0420
vt 0.1847 0.0070
vt 0.1600 0.0768
vt 0.1847 0.0768
vt 0.2095 0.0420
vt 0.2095 0.0070
vt 0.2343 0.0420
vt 0.2343 0.0070
vt 0.2095 0.0768
vt 0.2343 0.0768
vt 0.1847 0.1118
vt 0.2095 0.1118
vt 0.2343 0.1118
vt 0.2095 0.1468
vt 0.2343 0.1468
vt 0.1847 0.1468
vt 0.1600 0.1118
vt 0.1600 0.1468
vt 0.2590 0.0420
vt 0.2590 0.0070
vt 0.2837 0.0420
vt 0.2837 0.0070
vt 0.2590 0.0768
vt 0.2838 0.0768
vt 0.3085 0.0420
vt 0.3084 0.0070
vt 0.1639 0.0420
vt 0.1638 0.0070
vt 0.1640 0.0768
vt 0.3086 0.0768
vt 0.2838 0.1118
vt 0.3086 0.1118
vt 0.1640 0.1118
vt 0.1641 0.1468
vt 0.2839 0.1468
vt 0.3087 0.1468
vt 0.2590 0.1118
vt 0.2591 0.1468
vt 0.2136 0.1817
vt 0.2383 0.1817
vt 0.2136 0.2165
vt 0.2383 0.2165
vt 0.1889 0.2165
vt 0.1889 0.1817
vt 0.2631 0.1817
vt 0.2878 0.1817
vt 0.2631 0.2165
vt 0.2878 0.2165
vt 0.2384 0.2515
vt 0.2631 0.2515
vt 0.2878 0.2515
vt 0.2631 0.2865
vt 0.2878 0.2865
vt 0.2384 0.2865
vt 0.1889 0.2515
vt 0.2136 0.2515
vt 0.2136 0.2865
vt 0.1889 0.2865
vt 0.4324 0.1817
vt 0.4572 0.1817
vt 0.4819 0.1817
vt 0.4572 0.2165
vt 0.4819 0.2165
vt 0.4324 0.2165
vt 0.5067 0.1817
vt 0.5316 0.1817
vt 0.5067 0.2165
vt 0.5316 0.2165
vt 0.4819 0.2515
vt 0.5067 0.2515
vt 0.5316 0.2515
vt 0.5067 0.2865
vt 0.5316 0.2865
vt 0.4819 0.2865
vt 0.4324 0.2515
vt 0.4572 0.2515
vt 0.4572 0.2865
vt 0.4324 0.2865
vt 0.5563 0.1817
vt 0.4905 0.1817
vt 0.5153 0.1817
vt 0.4905 0.2165
vt 0.5153 0.2165
vt 0.5563 0.2165
vt 0.5247 0.1817
vt 0.5494 0.1817
vt 0.5247 0.2165
vt 0.5494 0.2165
vt 0.5335 0.2165
vt 0.5583 0.2165
vt 0.5583 0.1817
vt 0.5335 0.1817
vt 0.5335 0.2515
vt 0.5583 0.2515
vt 0.5247 0.2515
vt 0.5494 0.2515
vt 0.5247 0.2865
vt 0.5494 0.2865
vt 0.5335 0.2865
vt 0.5583 0.2865
vt 0.5563 0.2515
vt 0.4905 0.2515
vt 0.5153 0.2515
vt 0.4905 0.2865
vt 0.5153 0.2865
vt 0.5563 0.2865
vt 0.0361 0.1817
vt 0.0609 0.1817
vt 0.0857 0.1817
vt 0.0609 0.2165
vt 0.0857 0.2165
vt 0.0361 0.2165
vt 0.1104 0.1817
vt 0.1352 0.1817
vt 0.1104 0.2165
vt 0.1352 0.2165
vt 0.0857 0.2515
vt 0.1104 0.2515
vt 0.1352 0.2515
vt 0.1104 0.2865
vt 0.1352 0.2865
vt 0.0857 0.2865
vt 0.0361 0.2515
vt 0.0609 0.2515
vt 0.0609 0.2865
vt 0.0361 0.2865
vt 0.1600 0.1817
vt 0.1847 0.1817
vt 0.1600 0.2165
vt 0.1847 0.2165
vt 0.2095 0.1817
vt 0.2343 0.1817
vt 0.2095 0.2165
vt 0.2343 0.2165
vt 0.1847 0.2515
vt 0.2095 0.2515
vt 0.2343 0.2515
vt 0.2095 0.2865
vt 0.2343 0.2865
vt 0.1847 0.2865
vt 0.1600 0.2515
vt 0.1600 0.2865
vt 0.2591 0.1817
vt 0.2839 0.1817
vt 0.2591 0.2165
vt 0.2839 0.2165
vt 0.3087 0.1817
vt 0.1641 0.1817
vt 0.1641 0.2165
vt 0.3087 0.2165
vt 0.2839 0.2515
vt 0.3087 0.2515
vt 0.1641 0.2515
vt 0.1641 0.2865
vt 0.2839 0.2865
vt 0.3087 0.2865
vt 0.2591 0.2515
vt 0.2591 0.2865
vt 0.1889 0.3214
vt 0.2136 0.3214
vt 0.2383 0.3214
vt 0.2136 0.3562
vt 0.2383 0.3562
vt 0.1889 0.3562
vt 0.2631 0.3214
vt 0.2878 0.3214
vt 0.2631 0.3562
vt 0.2878 0.3562
vt 0.2383 0.3912
vt 0.2631 0.3912
vt 0.2878 0.3912
vt 0.2631 0.4262
vt 0.2878 0.4262
vt 0.2383 0.4262
vt 0.1889 0.3912
vt 0.2136 0.3912
vt 0.2136 0.4262
vt 0.1889 0.4262
vt 0.4324 0.3214
vt 0.4572 0.3214
vt 0.4819 0.3214
vt 0.4572 0.3562
vt 0.4819 0.3562
vt 0.4324 0.3562
vt 0.5067 0.3214
vt 0.5316 0.3214
vt 0.5067 0.3562
vt 0.5316 0.3562
vt 0.4819 0.3912
vt 0.5067 0.3912
vt 0.5316 0.3912
vt 0.5067 0.4262
vt 0.5316 0.4262
vt 0.4819 0.4262
vt 0.4324 0.3912
vt 0.4572 0.3912
vt 0.4572 0.4262
vt 0.4324 0.4262
vt 0.5563 0.3214
vt 0.4905 0.3214
vt 0.5153 0.3214
vt 0.4905 0.3562
vt 0.5153 0.3562
vt 0.5563 0.3562
vt 0.5335 0.3214
vt 0.5583 0.3214
vt 0.5247 0.3214
vt 0.5494 0.3214
vt 0.5247 0.3562
vt 0.5494 0.3562
vt 0.5335 0.3562
vt 0.5583 0.3562
vt 0.5335 0.3912
vt 0.5583 0.3912
vt 0.5247 0.3912
vt 0.5494 0.3912
vt 0.5247 0.4262
vt 0.5494 0.4262
vt 0.5335 0.4262
vt 0.5583 0.4262
vt 0.5563 0.3912
vt 0.4905 0.3912
vt 0.5153 0.3912
vt 0.4905 0.4262
vt 0.5153 0.4262
vt 0.5563 0.4262
vt 0.0361 0.3214
vt 0.0609 0.3214
vt 0.0857 0.3214
vt 0.0609 0.3562
vt 0.0857 0.3562
vt 0.0361 0.3562
vt 0.1104 0.3214
vt 0.1352 0.3214
vt 0.1104 0.3562
vt 0.1352 0.3562
vt 0.0857 0.3912
vt 0.1104 0.3912
vt 0.1352 0.3912
vt 0.1104 0.4262
vt 0.1352 0.4262
vt 0.0857 0.4262
vt 0.0361 0.3912
vt 0.0609 0.3912
vt 0.0609 0.4262
vt 0.0361 0.4262
vt 0.1600 0.3214
vt 0.1847 0.3214
vt 0.1600 0.3562
vt 0.1847 0.3562
vt 0.2095 0.3214
vt 0.2343 0.3214
vt 0.2095 0.3562
vt 0.2343 0.3562
vt 0.1847 0.3912
vt 0.2095 0.3912
vt 0.2343 0.3912
vt 0.2095 0.4262
vt 0.2343 0.4262
vt 0.1847 0.4262
vt 0.1600 0.3912
vt 0.1600 0.4262
vt 0.2591 0.3214
vt 0.2839 0.3214
vt 0.2591 0.3562
vt 0.2839 0.3562
vt 0.3087 0.3214
vt 0.1641 0.3214
vt 0.1641 0.3562
vt 0.3087 0.3562
vt 0.2839 0.3912
vt 0.3087 0.3912
vt 0.1641 0.3912
vt 0.1641 0.4262
vt 0.2839 0.4262
vt 0.3087 0.4262
vt 0.2591 0.3912
vt 0.2591 0.4262
vt 0.1889 0.4611
vt 0.2136 0.4611
vt 0.2383 0.4611
vt 0.2136 0.4960
vt 0.2383 0.4960
vt 0.1889 0.4960
vt 0.2631 0.4611
vt 0.2878 0.4611
vt 0.2631 0.4960
vt 0.2878 0.4960
vt 0.2383 0.5309
vt 0.2631 0.5309
vt 0.2878 0.5309
vt 0.2631 0.5659
vt 0.2878 0.5659
vt 0.2383 0.5659
vt 0.1889 0.5309
vt 0.2136 0.5309
vt 0.2136 0.5659
vt 0.1889 0.5659
vt 0.4324 0.4611
vt 0.4572 0.4611
vt 0.4819 0.4611
vt 0.4572 0.4960
vt 0.4819 0.4960
vt 0.4324 0.4960
vt 0.5067 0.4611
vt 0.5316 0.4611
vt 0.5067 0.4960
vt 0.5316 0.4960
vt 0.4819 0.5309
vt 0.5067 0.5309
vt 0.5316 0.5309
vt 0.5067 0.5659
vt 0.5316 0.5659
vt 0.4819 0.5659
vt 0.4324 0.5309
vt 0.4572 0.5309
vt 0.4572 0.5659
vt 0.4324 0.5659
vt 0.5563 0.4611
vt 0.4905 0.4611
vt 0.5153 0.4611
vt 0.4905 0.4960
vt 0.5153 0.4960
vt 0.5563 0.4960
vt 0.5247 0.4611
vt 0.5494 0.4611
vt 0.5247 0.4960
vt 0.5494 0.4960
vt 0.5335 0.4960
vt 0.5583 0.4960
vt 0.5583 0.4611
vt 0.5335 0.4611
vt 0.5335 0.5309
vt 0.5583 0.5309
vt 0.5247 0.5309
vt 0.5494 0.5309
vt 0.5247 0.5659
vt 0.5494 0.5659
vt 0.5335 0.5659
vt 0.5583 0.5659
vt 0.5563 0.5309
vt 0.4905 0.5309
vt 0.5153 0.5309
vt 0.4905 0.5659
vt 0.5153 0.5659
vt 0.5563 0.5659
vt 0.0361 0.4611
vt 0.0609 0.4611
vt 0.0857 0.4611
vt 0.0609 0.4960
vt 0.0857 0.4960
vt 0.0361 0.4960
vt 0.1104 0.4611
vt 0.1352 0.4611
vt 0.1104 0.4960
vt 0.1352 0.4960
vt 0.0857 0.5309
vt 0.1104 0.5309
vt 0.1352 0.5309
vt 0.1104 0.5659
vt 0.1352 0.5659
vt 0.0857 0.5659
vt 0.0361 0.5309
vt 0.0609 0.5309
vt 0.0609 0.5659
vt 0.0361 0.5659
vt 0.1600 0.4611
vt 0.1847 0.4611
vt 0.1600 0.4960
vt 0.1847 0.4960
vt 0.2095 0.4611
vt 0.2343 0.4611
vt 0.2095 0.4960
vt 0.2343 0.4960
vt 0.1847 0.5309
vt 0.2095 0.5309
vt 0.2343 0.5309
vt 0.2095 0.5659
vt 0.2343 0.5659
vt 0.1847 0.5659
vt 0.1600 0.5309
vt 0.1600 0.5659
vt 0.2591 0.4611
vt 0.2839 0.4611
vt 0.2591 0.4960
vt 0.2839 0.4960
vt 0.3087 0.4611
vt 0.1641 0.4611
vt 0.1641 0.4960
vt 0.3087 0.4960
vt 0.2839 0.5309
vt 0.3087 0.5309
vt 0.1641 0.5309
vt 0.1641 0.5659
vt 0.2839 0.5659
vt 0.3087 0.5659
vt 0.2591 0.5309
vt 0.2591 0.5659
vt 0.1889 0.6009
vt 0.2136 0.6009
vt 0.2383 0.6009
vt 0.2136 0.6357
vt 0.2383 0.6357
vt 0.1889 0.6357
vt 0.2631 0.6009
vt 0.2878 0.6009
vt 0.2631 0.6357
vt 0.2878 0.6357
vt 0.2383 0.6706
vt 0.2631 0.6706
vt 0.2878 0.6706
vt 0.2631 0.7056
vt 0.2878 0.7056
vt 0.2383 0.7056
vt 0.1889 0.6706
vt 0.2136 0.6706
vt 0.2136 0.7056
vt 0.1889 0.7056
vt 0.4324 0.6009
vt 0.4572 0.6009
vt 0.4819 0.6009
vt 0.4572 0.6357
vt 0.4819 0.6357
vt 0.4324 0.6357
vt 0.5067 0.6009
vt 0.5316 0.6009
vt 0.5067 0.6357
vt 0.5316 0.6357
vt 0.4819 0.6706
vt 0.5067 0.6706
vt 0.5316 0.6706
vt 0.5067 0.7056
vt 0.5316 0.7056
vt 0.4819 0.7056
vt 0.4324 0.6706
vt 0.4572 0.6706
vt 0.4572 0.7056
vt 0.4324 0.7056
vt 0.4905 0.6009
vt 0.5153 0.6009
vt 0.4905 0.6357
vt 0.5153 0.6357
vt 0.5563 0.6357
vt 0.5563 0.6009
vt 0.5335 0.6009
vt 0.5583 0.6009
vt 0.5247 0.6009
vt 0.5494 0.6009
vt 0.5247 0.6357
vt 0.5494 0.6357
vt 0.5335 0.6357
vt 0.5583 0.6357
vt 0.5335 0.6706
vt 0.5583 0.6706
vt 0.5247 0.6706
vt 0.5494 0.6706
vt 0.5247 0.7056
vt 0.5494 0.7056
vt 0.5335 0.7056
vt 0.5583 0.7056
vt 0.5563 0.6706
vt 0.4905 0.6706
vt 0.5153 0.6706
vt 0.4905 0.7056
vt 0.5153 0.7056
vt 0.5563 0.7056
vt 0.0361 0.6009
vt 0.0609 0.6009
vt 0.0857 0.6009
vt 0.0609 0.6357
vt 0.0857 0.6357
vt 0.0361 0.6357
vt 0.1104 0.6009
vt 0.1352 0.6009
vt 0.1104 0.6357
vt 0.1352 0.6357
vt 0.0857 0.6706
vt 0.1104 0.6706
vt 0.1352 0.6706
vt 0.1104 0.7056
vt 0.1352 0.7056
vt 0.0857 0.7056
vt 0.0361 0.6706
vt 0.0609 0.6706
vt 0.0609 0.7056
vt 0.0361 0.7056
vt 0.1600 0.6009
vt 0.1847 0.6009
vt 0.1600 0.6357
vt 0.1847 0.6357
vt 0.2095 0.6009
vt 0.2343 0.6009
vt 0.2095 0.6357
vt 0.2343 0.6357
vt 0.1847 0.6706
vt 0.2095 0.6706
vt 0.2343 0.6706
vt 0.2095 0.7056
vt 0.2343 0.7056
vt 0.1847 0.7056
vt 0.1600 0.6706
vt 0.1600 0.7056
vt 0.2591 0.6009
vt 0.2839 0.6009
vt 0.2591 0.6357
vt 0.2839 0.6357
vt 0.1641 0.6009
vt 0.1641 0.6357
vt 0.3087 0.6357
vt 0.3087 0.6009
vt 0.2839 0.6706
vt 0.3087 0.6706
vt 0.1641 0.6706
vt 0.1641 0.7056
vt 0.2839 0.7056
vt 0.3087 0.7056
vt 0.2591 0.6706
vt 0.2591 0.7056
vt 0.2136 0.7406
vt 0.2383 0.7406
vt 0.2136 0.7754
vt 0.2383 0.7754
vt 0.1889 0.7754
vt 0.1889 0.7406
vt 0.2631 0.7406
vt 0.2878 0.7406
vt 0.2631 0.7754
vt 0.2878 0.7754
vt 0.2383 0.8103
vt 0.2631 0.8103
vt 0.2878 0.8103
vt 0.2631 0.8453
vt 0.2878 0.8453
vt 0.2383 0.8453
vt 0.1889 0.8103
vt 0.2136 0.8103
vt 0.2136 0.8453
vt 0.1889 0.8453
vt 0.4572 0.7406
vt 0.4819 0.7406
vt 0.4572 0.7754
vt 0.4819 0.7754
vt 0.4324 0.7754
vt 0.4324 0.7406
vt 0.5067 0.7406
vt 0.5316 0.7406
vt 0.5067 0.7754
vt 0.5316 0.7754
vt 0.4819 0.8103
vt 0.5067 0.8103
vt 0.5316 0.8103
vt 0.5067 0.8453
vt 0.5316 0.8453
vt 0.4819 0.8453
vt 0.4324 0.8103
vt 0.4572 0.8103
vt 0.4572 0.8453
vt 0.4324 0.8453
vt 0.4905 0.7406
vt 0.5153 0.7406
vt 0.4905 0.7754
vt 0.5153 0.7754
vt 0.5563 0.7754
vt 0.5563 0.7406
vt 0.5335 0.7406
vt 0.5583 0.7406
vt 0.5247 0.7406
vt 0.5494 0.7406
vt 0.5247 0.7754
vt 0.5494 0.7754
vt 0.5335 0.7754
vt 0.5583 0.7754
vt 0.5247 0.8103
vt 0.5494 0.8103
vt 0.5247 0.8453
vt 0.5494 0.8453
vt 0.5335 0.8103
vt 0.5335 0.8453
vt 0.5583 0.8453
vt 0.5583 0.8103
vt 0.4905 0.8103
vt 0.5153 0.8103
vt 0.4905 0.8453
vt 0.5153 0.8453
vt 0.5563 0.8453
vt 0.5563 0.8103
vt 0.0609 0.7406
vt 0.0857 0.7406
vt 0.0609 0.7754
vt 0.0857 0.7754
vt 0.0361 0.7754
vt 0.0361 0.7406
vt 0.1104 0.7406
vt 0.1352 0.7406
vt 0.1104 0.7754
vt 0.1352 0.7754
vt 0.0857 0.8103
vt 0.1104 0.8103
vt 0.1352 0.8103
vt 0.1104 0.8453
vt 0.1352 0.8453
vt 0.0857 0.8453
vt 0.0361 0.8103
vt 0.0609 0.8103
vt 0.0609 0.8453
vt 0.0361 0.8453
vt 0.1600 0.7406
vt 0.1847 0.7406
vt 0.1600 0.7754
vt 0.1847 0.7754
vt 0.2095 0.7406
vt 0.2343 0.7406
vt 0.2095 0.7754
vt 0.2343 0.7754
vt 0.1847 0.8103
vt 0.2095 0.8103
vt 0.2343 0.8103
vt 0.2095 0.8453
vt 0.2343 0.8453
vt 0.1847 0.8453
vt 0.1600 0.8103
vt 0.1600 0.8453
vt 0.2591 0.7406
vt 0.2839 0.7406
vt 0.2591 0.7754
vt 0.2839 0.7754
vt 0.3087 0.7406
vt 0.1641 0.7406
vt 0.1641 0.7754
vt 0.3087 0.7754
vt 0.2839 0.8103
vt 0.3087 0.8103
vt 0.1641 0.8103
vt 0.1641 0.8453
vt 0.2839 0.8453
vt 0.3087 0.8453
vt 0.2591 0.8103
vt 0.2591 0.8453
vt 0.2383 0.8801
vt 0.2136 0.8801
vt 0.2136 0.9148
vt 0.2383 0.9148
vt 0.1889 0.8800
vt 0.1889 0.9148
vt 0.2878 0.8801
vt 0.2631 0.8801
vt 0.2631 0.9149
vt 0.2878 0.9149
vt 0.2878 0.9498
vt 0.2631 0.9498
vt 0.2631 0.9844
vt 0.2878 0.9846
vt 0.2383 0.9496
vt 0.2383 0.9844
vt 0.2136 0.9844
vt 0.2136 0.9496
vt 0.1889 0.9496
vt 0.1889 0.9844
vt 0.4819 0.8801
vt 0.4572 0.8801
vt 0.4572 0.9149
vt 0.4819 0.9149
vt 0.4324 0.8801
vt 0.4324 0.9149
vt 0.5316 0.8801
vt 0.5067 0.8801
vt 0.5067 0.9151
vt 0.5316 0.9151
vt 0.5316 0.9501
vt 0.5067 0.9499
vt 0.5067 0.9849
vt 0.5316 0.9849
vt 0.4819 0.9499
vt 0.4819 0.9847
vt 0.4572 0.9846
vt 0.4572 0.9498
vt 0.4324 0.9498
vt 0.4324 0.9846
vt 0.5153 0.8803
vt 0.4905 0.8803
vt 0.4905 0.9152
vt 0.5153 0.9152
vt 0.5563 0.8803
vt 0.5563 0.9152
vt 0.5494 0.9155
vt 0.5494 0.8804
vt 0.5247 0.8803
vt 0.5247 0.9154
vt 0.5583 0.8803
vt 0.5335 0.8803
vt 0.5335 0.9152
vt 0.5583 0.9154
vt 0.5494 0.9506
vt 0.5247 0.9505
vt 0.5247 0.9855
vt 0.5494 0.9858
vt 0.5583 0.9505
vt 0.5335 0.9503
vt 0.5335 0.9853
vt 0.5583 0.9855
vt 0.5563 0.9852
vt 0.5563 0.9502
vt 0.4905 0.9502
vt 0.5153 0.9503
vt 0.4905 0.9852
vt 0.5153 0.9853
vt 0.0609 0.9151
vt 0.0609 0.8801
vt 0.0361 0.8801
vt 0.0361 0.9151
vt 0.0857 0.8801
vt 0.0857 0.9151
vt 0.1104 0.9151
vt 0.1104 0.8801
vt 0.1352 0.8801
vt 0.1352 0.9151
vt 0.1352 0.9849
vt 0.1352 0.9501
vt 0.1104 0.9501
vt 0.1104 0.9849
vt 0.0857 0.9501
vt 0.0857 0.9849
vt 0.0609 0.9849
vt 0.0609 0.9499
vt 0.0361 0.9499
vt 0.0361 0.9849
vt 0.1600 0.9151
vt 0.1600 0.8801
vt 0.1847 0.8801
vt 0.1847 0.9149
vt 0.2095 0.9149
vt 0.2095 0.8801
vt 0.2343 0.8801
vt 0.2343 0.9149
vt 0.2343 0.9498
vt 0.2095 0.9498
vt 0.2095 0.9846
vt 0.2343 0.9846
vt 0.1847 0.9499
vt 0.1847 0.9847
vt 0.1600 0.9849
vt 0.1600 0.9499
vt 0.2839 0.9148
vt 0.2839 0.8801
vt 0.2591 0.8801
vt 0.2591 0.9149
vt 0.1641 0.8801
vt 0.1641 0.9148
vt 0.3087 0.8801
vt 0.3087 0.9148
vt 0.1641 0.9496
vt 0.1641 0.9844
vt 0.3087 0.9844
vt 0.3087 0.9496
vt 0.2839 0.9496
vt 0.2839 0.9844
vt 0.2591 0.9844
vt 0.2591 0.9496
f 1/1 2/2 3/3 4/4
f 2/2 5/5 6/6 3/3
f 7/7 8/8 5/5 2/2
f 9/9 7/7 2/2 1/1
f 5/5 10/10 11/11 6/6
f 10/10 12/12 13/13 11/11
f 14/14 15/15 12/12 10/10
f 8/8 14/14 10/10 5/5
f 16/16 17/17 14/14 8/8
f 17/17 18/18 15/15 14/14
f 19/19 20/20 18/18 17/17
f 21/21 19/19 17/17 16/16
f 22/22 23/23 7/7 9/9
f 23/23 16/16 8/8 7/7
f 24/24 21/21 16/16 23/23
f 25/25 24/24 23/23 22/22
f 26/26 27/27 24/28 25/29
f 27/27 28/30 21/31 24/28
f 29/32 30/33 28/30 27/27
f 31/34 29/32 27/27 26/26
f 28/30 32/35 19/36 21/31
f 32/35 33/37 20/38 19/36
f 34/39 35/40 33/37 32/35
f 30/33 34/39 32/35 28/30
f 36/41 37/42 34/39 30/33
f 37/42 38/43 35/40 34/39
f 39/44 40/45 38/43 37/42
f 41/46 39/44 37/42 36/41
f 42/47 43/48 29/32 31/34
f 43/48 36/41 30/33 29/32
f 44/49 41/46 36/41 43/48
f 45/50 44/49 43/48 42/47
f 46/51 47/52 44/49 45/50
f 47/52 48/53 41/46 44/49
f 49/54 50/55 48/56 47/57
f 51/58 49/54 47/57 46/59
f 48/53 52/60 39/44 41/46
f 52/60 53/61 40/45 39/44
f 54/62 55/63 53/64 52/65
f 50/55 54/62 52/65 48/56
f 56/66 57/67 54/68 50/69
f 57/67 58/70 55/71 54/68
f 59/72 60/73 58/74 57/75
f 59/72 57/75 56/76 61/77
f 62/78 63/79 49/80 51/81
f 63/79 56/66 50/69 49/80
f 64/82 61/77 56/76 63/83
f 65/84 64/82 63/83 62/85
f 66/86 67/87 68/88 69/89
f 66/86 70/90 71/91 67/87
f 72/92 73/93 70/90 66/86
f 72/92 66/86 69/89 74/94
f 70/90 75/95 76/96 71/91
f 75/95 77/97 78/98 76/96
f 79/99 80/100 77/97 75/95
f 73/93 79/99 75/95 70/90
f 81/101 82/102 79/99 73/93
f 82/102 83/103 80/100 79/99
f 84/104 85/105 83/103 82/102
f 86/106 84/104 82/102 81/101
f 87/107 88/108 72/92 74/94
f 88/108 81/101 73/93 72/92
f 89/109 86/106 81/101 88/108
f 90/110 89/109 88/108 87/107
f 91/111 92/112 89/109 90/110
f 92/112 93/113 86/106 89/109
f 94/114 95/115 93/113 92/112
f 96/116 94/114 92/112 91/111
f 93/113 97/117 84/104 86/106
f 97/117 98/118 85/105 84/104
f 99/119 100/120 98/118 97/117
f 95/115 99/119 97/117 93/113
f 101/121 102/122 99/119 95/115
f 102/122 103/123 100/120 99/119
f 104/124 105/125 103/123 102/122
f 106/126 104/124 102/122 101/121
f 107/127 108/128 94/114 96/116
f 108/128 101/121 95/115 94/114
f 109/129 106/126 101/121 108/128
f 110/130 109/129 108/128 107/127
f 111/131 112/132 109/129 110/130
f 112/132 113/133 106/126 109/129
f 114/134 115/135 113/133 112/132
f 116/136 114/134 112/132 111/131
f 113/133 117/137 104/124 106/126
f 117/137 118/138 105/125 104/124
f 119/139 120/140 118/138 117/137
f 115/135 119/139 117/137 113/133
f 121/141 122/142 119/139 115/135
f 122/142 123/143 120/140 119/139
f 11/144 13/145 123/143 122/142
f 6/146 11/144 122/142 121/141
f 124/147 125/148 114/134 116/136
f 125/148 121/141 115/135 114/134
f 3/149 6/146 121/141 125/148
f 4/150 3/149 125/148 124/147
f 15/15 126/151 127/152 12/12
f 12/12 127/152 128/153 13/13
f 127/152 129/154 130/155 128/153
f 126/151 131/156 129/154 127/152
f 129/154 132/157 133/158 130/155
f 132/157 134/159 135/160 133/158
f 136/161 137/162 134/159 132/157
f 131/156 136/161 132/157 129/154
f 138/163 136/161 131/156 139/164
f 138/163 140/165 137/162 136/161
f 141/166 142/167 140/165 138/163
f 143/168 141/166 138/163 139/164
f 18/18 144/169 126/151 15/15
f 144/169 139/164 131/156 126/151
f 145/170 143/168 139/164 144/169
f 20/20 145/170 144/169 18/18
f 33/37 146/171 145/172 20/38
f 146/171 147/173 143/174 145/172
f 148/175 149/176 147/173 146/171
f 35/40 148/175 146/171 33/37
f 150/177 141/178 143/174 147/173
f 150/177 151/179 142/180 141/178
f 152/181 153/182 151/179 150/177
f 149/176 152/181 150/177 147/173
f 154/183 155/184 152/181 149/176
f 155/184 156/185 153/182 152/181
f 157/186 158/187 156/185 155/184
f 157/186 155/184 154/183 159/188
f 40/45 160/189 161/190 38/43
f 38/43 161/190 148/175 35/40
f 161/190 154/183 149/176 148/175
f 160/189 159/188 154/183 161/190
f 53/61 162/191 160/189 40/45
f 162/191 163/192 159/188 160/189
f 164/193 165/194 163/195 162/196
f 164/193 162/196 53/64 55/63
f 163/192 166/197 157/186 159/188
f 166/197 167/198 158/187 157/186
f 168/199 169/200 167/201 166/202
f 168/199 166/202 163/195 165/194
f 170/203 171/204 168/205 165/206
f 171/204 172/207 169/208 168/205
f 173/209 174/210 172/211 171/212
f 173/209 171/212 170/213 175/214
f 176/215 177/216 58/74 60/73
f 58/70 177/217 164/218 55/71
f 177/217 170/203 165/206 164/218
f 176/215 175/214 170/213 177/216
f 77/97 178/219 179/220 78/98
f 178/219 180/221 181/222 179/220
f 182/223 183/224 180/221 178/219
f 80/100 182/223 178/219 77/97
f 180/221 184/225 185/226 181/222
f 184/225 186/227 187/228 185/226
f 188/229 189/230 186/227 184/225
f 183/224 188/229 184/225 180/221
f 190/231 191/232 188/229 183/224
f 191/232 192/233 189/230 188/229
f 193/234 194/235 192/233 191/232
f 195/236 193/234 191/232 190/231
f 83/103 196/237 182/223 80/100
f 196/237 190/231 183/224 182/223
f 197/238 195/236 190/231 196/237
f 85/105 197/238 196/237 83/103
f 98/118 198/239 197/238 85/105
f 198/239 199/240 195/236 197/238
f 200/241 201/242 199/240 198/239
f 100/120 200/241 198/239 98/118
f 199/240 202/243 193/234 195/236
f 202/243 203/244 194/235 193/234
f 204/245 205/246 203/244 202/243
f 201/242 204/245 202/243 199/240
f 206/247 207/248 204/245 201/242
f 207/248 208/249 205/246 204/245
f 209/250 210/251 208/249 207/248
f 211/252 209/250 207/248 206/247
f 103/123 212/253 200/241 100/120
f 212/253 206/247 201/242 200/241
f 213/254 211/252 206/247 212/253
f 105/125 213/254 212/253 103/123
f 118/138 214/255 213/254 105/125
f 214/255 215/256 211/252 213/254
f 216/257 217/258 215/256 214/255
f 120/140 216/257 214/255 118/138
f 215/256 218/259 209/250 211/252
f 218/259 219/260 210/251 209/250
f 220/261 221/262 219/260 218/259
f 217/258 220/261 218/259 215/256
f 222/263 223/264 220/261 217/258
f 223/264 224/265 221/262 220/261
f 133/266 135/267 224/265 223/264
f 130/268 133/266 223/264 222/263
f 123/143 225/269 216/257 120/140
f 225/269 222/263 217/258 216/257
f 128/270 130/268 222/263 225/269
f 13/145 128/270 225/269 123/143
f 134/159 226/271 227/272 135/160
f 226/271 228/273 229/274 227/272
f 230/275 231/276 228/273 226/271
f 137/162 230/275 226/271 134/159
f 232/277 233/278 229/274 228/273
f 232/277 234/279 235/280 233/278
f 236/281 237/282 234/279 232/277
f 231/276 236/281 232/277 228/273
f 238/283 239/284 236/281 231/276
f 239/284 240/285 237/282 236/281
f 241/286 242/287 240/285 239/284
f 241/286 239/284 238/283 243/288
f 140/165 244/289 230/275 137/162
f 244/289 238/283 231/276 230/275
f 245/290 243/288 238/283 244/289
f 142/167 245/290 244/289 140/165
f 151/179 246/291 245/292 142/180
f 246/291 247/293 243/294 245/292
f 248/295 249/296 247/293 246/291
f 153/182 248/295 246/291 151/179
f 247/293 250/297 241/298 243/294
f 250/297 251/299 242/300 241/298
f 252/301 253/302 251/299 250/297
f 252/301 250/297 247/293 249/296
f 254/303 255/304 252/301 249/296
f 255/304 256/305 253/302 252/301
f 257/306 258/307 256/305 255/304
f 257/306 255/304 254/303 259/308
f 156/185 260/309 248/295 153/182
f 260/309 254/303 249/296 248/295
f 261/310 259/308 254/303 260/309
f 158/187 261/310 260/309 156/185
f 167/198 262/311 261/310 158/187
f 262/311 263/312 259/308 261/310
f 264/313 265/314 263/315 262/316
f 169/200 264/313 262/316 167/201
f 263/312 266/317 257/306 259/308
f 266/317 267/318 258/307 257/306
f 268/319 269/320 267/321 266/322
f 268/319 266/322 263/315 265/314
f 270/323 271/324 268/325 265/326
f 271/324 272/327 269/328 268/325
f 273/329 274/330 272/331 271/332
f 273/329 271/332 270/333 275/334
f 172/207 276/335 264/336 169/208
f 276/335 270/323 265/326 264/336
f 277/337 275/334 270/333 276/338
f 174/210 277/337 276/338 172/211
f 186/227 278/339 279/340 187/228
f 278/339 280/341 281/342 279/340
f 282/343 283/344 280/341 278/339
f 189/230 282/343 278/339 186/227
f 280/341 284/345 285/346 281/342
f 284/345 286/347 287/348 285/346
f 288/349 289/350 286/347 284/345
f 283/344 288/349 284/345 280/341
f 290/351 291/352 288/349 283/344
f 291/352 292/353 289/350 288/349
f 293/354 294/355 292/353 291/352
f 295/356 293/354 291/352 290/351
f 192/233 296/357 282/343 189/230
f 296/357 290/351 283/344 282/343
f 297/358 295/356 290/351 296/357
f 194/235 297/358 296/357 192/233
f 203/244 298/359 297/358 194/235
f 298/359 299/360 295/356 297/358
f 300/361 301/362 299/360 298/359
f 205/246 300/361 298/359 203/244
f 299/360 302/363 293/354 295/356
f 302/363 303/364 294/355 293/354
f 304/365 305/366 303/364 302/363
f 301/362 304/365 302/363 299/360
f 306/367 307/368 304/365 301/362
f 307/368 308/369 305/366 304/365
f 309/370 310/371 308/369 307/368
f 311/372 309/370 307/368 306/367
f 208/249 312/373 300/361 205/246
f 312/373 306/367 301/362 300/361
f 313/374 311/372 306/367 312/373
f 210/251 313/374 312/373 208/249
f 221/262 314/375 315/376 219/260
f 219/260 315/376 313/374 210/251
f 315/376 316/377 311/372 313/374
f 314/375 317/378 316/377 315/376
f 316/377 318/379 309/370 311/372
f 318/379 319/380 310/371 309/370
f 320/381 321/382 319/380 318/379
f 317/378 320/381 318/379 316/377
f 322/383 320/381 317/378 323/384
f 322/383 324/385 321/382 320/381
f 233/386 235/387 324/385 322/383
f 229/388 233/386 322/383 323/384
f 224/265 325/389 314/375 221/262
f 325/389 323/384 317/378 314/375
f 227/390 229/388 323/384 325/389
f 135/267 227/390 325/389 224/265
f 234/279 326/391 327/392 235/280
f 326/391 328/393 329/394 327/392
f 330/395 331/396 328/393 326/391
f 237/282 330/395 326/391 234/279
f 328/393 332/397 333/398 329/394
f 332/397 334/399 335/400 333/398
f 336/401 337/402 334/399 332/397
f 331/396 336/401 332/397 328/393
f 338/403 339/404 336/401 331/396
f 339/404 340/405 337/402 336/401
f 341/406 342/407 340/405 339/404
f 343/408 341/406 339/404 338/403
f 242/287 344/409 345/410 240/285
f 240/285 345/410 330/395 237/282
f 345/410 338/403 331/396 330/395
f 344/409 343/408 338/403 345/410
f 251/299 346/411 344/412 242/300
f 346/411 347/413 343/414 344/412
f 348/415 349/416 347/413 346/411
f 253/302 348/415 346/411 251/299
f 347/413 350/417 341/418 343/414
f 350/417 351/419 342/420 341/418
f 352/421 353/422 351/419 350/417
f 349/416 352/421 350/417 347/413
f 354/423 355/424 352/421 349/416
f 355/424 356/425 353/422 352/421
f 357/426 358/427 356/425 355/424
f 359/428 357/426 355/424 354/423
f 360/429 361/430 256/305 258/307
f 256/305 361/430 348/415 253/302
f 361/430 354/423 349/416 348/415
f 360/429 359/428 354/423 361/430
f 267/318 362/431 360/429 258/307
f 362/431 363/432 359/428 360/429
f 364/433 365/434 363/435 362/436
f 364/433 362/436 267/321 269/320
f 363/432 366/437 357/426 359/428
f 366/437 367/438 358/427 357/426
f 368/439 369/440 367/441 366/442
f 365/434 368/439 366/442 363/435
f 370/443 371/444 368/445 365/446
f 371/444 372/447 369/448 368/445
f 373/449 374/450 372/451 371/452
f 373/449 371/452 370/453 375/454
f 376/455 377/456 272/331 274/330
f 272/327 377/457 364/458 269/328
f 377/457 370/443 365/446 364/458
f 376/455 375/454 370/453 377/456
f 286/347 378/459 379/460 287/348
f 378/459 380/461 381/462 379/460
f 382/463 383/464 380/461 378/459
f 289/350 382/463 378/459 286/347
f 380/461 384/465 385/466 381/462
f 384/465 386/467 387/468 385/466
f 388/469 389/470 386/467 384/465
f 383/464 388/469 384/465 380/461
f 390/471 391/472 388/469 383/464
f 391/472 392/473 389/470 388/469
f 393/474 394/475 392/473 391/472
f 395/476 393/474 391/472 390/471
f 292/353 396/477 382/463 289/350
f 396/477 390/471 383/464 382/463
f 397/478 395/476 390/471 396/477
f 294/355 397/478 396/477 292/353
f 303/364 398/479 397/478 294/355
f 398/479 399/480 395/476 397/478
f 400/481 401/482 399/480 398/479
f 305/366 400/481 398/479 303/364
f 399/480 402/483 393/474 395/476
f 402/483 403/484 394/475 393/474
f 404/485 405/486 403/484 402/483
f 401/482 404/485 402/483 399/480
f 406/487 407/488 404/485 401/482
f 407/488 408/489 405/486 404/485
f 409/490 410/491 408/489 407/488
f 411/492 409/490 407/488 406/487
f 308/369 412/493 400/481 305/366
f 412/493 406/487 401/482 400/481
f 413/494 411/492 406/487 412/493
f 310/371 413/494 412/493 308/369
f 321/382 414/495 415/496 319/380
f 319/380 415/496 413/494 310/371
f 415/496 416/497 411/492 413/494
f 414/495 417/498 416/497 415/496
f 416/497 418/499 409/490 411/492
f 418/499 419/500 410/491 409/490
f 420/501 419/500 418/499 421/502
f 421/502 418/499 416/497 417/498
f 422/503 423/504 421/502 417/498
f 424/505 420/501 421/502 423/504
f 333/506 335/507 424/505 423/504
f 333/506 423/504 422/503 329/508
f 425/509 414/495 321/382 324/385
f 425/509 422/503 417/498 414/495
f 327/510 329/508 422/503 425/509
f 235/387 327/510 425/509 324/385
f 334/399 426/511 427/512 335/400
f 426/511 428/513 429/514 427/512
f 430/515 431/516 428/513 426/511
f 337/402 430/515 426/511 334/399
f 428/513 432/517 433/518 429/514
f 432/517 434/519 435/520 433/518
f 436/521 437/522 434/519 432/517
f 431/516 436/521 432/517 428/513
f 438/523 439/524 436/521 431/516
f 439/524 440/525 437/522 436/521
f 441/526 442/527 440/525 439/524
f 443/528 441/526 439/524 438/523
f 340/405 444/529 430/515 337/402
f 444/529 438/523 431/516 430/515
f 445/530 443/528 438/523 444/529
f 342/407 445/530 444/529 340/405
f 351/419 446/531 445/532 342/420
f 446/531 447/533 443/534 445/532
f 448/535 449/536 447/533 446/531
f 353/422 448/535 446/531 351/419
f 447/533 450/537 441/538 443/534
f 450/537 451/539 442/540 441/538
f 452/541 453/542 451/539 450/537
f 449/536 452/541 450/537 447/533
f 454/543 455/544 452/541 449/536
f 455/544 456/545 453/542 452/541
f 457/546 458/547 456/545 455/544
f 459/548 457/546 455/544 454/543
f 356/425 460/549 448/535 353/422
f 460/549 454/543 449/536 448/535
f 461/550 459/548 454/543 460/549
f 358/427 461/550 460/549 356/425
f 369/440 462/551 463/552 367/441
f 367/438 463/553 461/550 358/427
f 463/553 464/554 459/548 461/550
f 462/551 465/555 464/556 463/552
f 466/557 457/546 459/548 464/554
f 466/557 467/558 458/547 457/546
f 468/559 469/560 467/561 466/562
f 465/555 468/559 466/562 464/556
f 470/563 468/564 465/565 471/566
f 470/563 472/567 469/568 468/564
f 473/569 472/570 470/571 474/572
f 475/573 474/572 470/571 471/574
f 476/575 462/576 369/448 372/447
f 476/575 471/566 465/565 462/576
f 477/577 475/573 471/574 476/578
f 374/450 477/577 476/578 372/451
f 386/467 478/579 479/580 387/468
f 478/579 480/581 481/582 479/580
f 482/583 483/584 480/581 478/579
f 389/470 482/583 478/579 386/467
f 480/581 484/585 485/586 481/582
f 484/585 486/587 487/588 485/586
f 488/589 489/590 486/587 484/585
f 483/584 488/589 484/585 480/581
f 490/591 491/592 488/589 483/584
f 491/592 492/593 489/590 488/589
f 493/594 494/595 492/593 491/592
f 495/596 493/594 491/592 490/591
f 392/473 496/597 482/583 389/470
f 496/597 490/591 483/584 482/583
f 497/598 495/596 490/591 496/597
f 394/475 497/598 496/597 392/473
f 403/484 498/599 497/598 394/475
f 498/599 499/600 495/596 497/598
f 500/601 501/602 499/600 498/599
f 405/486 500/601 498/599 403/484
f 499/600 502/603 493/594 495/596
f 502/603 503/604 494/595 493/594
f 504/605 505/606 503/604 502/603
f 501/602 504/605 502/603 499/600
f 506/607 507/608 504/605 501/602
f 507/608 508/609 505/606 504/605
f 509/610 510/611 508/609 507/608
f 511/612 509/610 507/608 506/607
f 512/613 513/614 408/489 410/491
f 408/489 513/614 500/601 405/486
f 513/614 506/607 501/602 500/601
f 512/613 511/612 506/607 513/614
f 419/500 514/615 512/613 410/491
f 514/615 515/616 511/612 512/613
f 516/617 515/616 514/615 517/618
f 517/618 514/615 419/500 420/501
f 516/617 518/619 519/620 515/616
f 519/620 509/610 511/612 515/616
f 519/620 520/621 510/611 509/610
f 518/619 521/622 520/621 519/620
f 522/623 518/619 516/617 523/624
f 522/623 524/625 521/622 518/619
f 433/626 435/627 524/625 522/623
f 429/628 433/626 522/623 523/624
f 427/629 525/630 424/505 335/507
f 424/505 525/630 517/618 420/501
f 525/630 523/624 516/617 517/618
f 427/629 429/628 523/624 525/630
f 437/522 526/631 527/632 434/519
f 527/632 528/633 435/520 434/519
f 527/632 529/634 530/635 528/633
f 526/631 531/636 529/634 527/632
f 532/637 533/638 530/635 529/634
f 532/637 534/639 535/640 533/638
f 536/641 537/642 534/639 532/637
f 531/636 536/641 532/637 529/634
f 538/643 536/641 531/636 539/644
f 538/643 540/645 537/642 536/641
f 541/646 542/647 540/645 538/643
f 543/648 541/646 538/643 539/644
f 544/649 526/631 437/522 440/525
f 544/649 539/644 531/636 526/631
f 545/650 543/648 539/644 544/649
f 442/527 545/650 544/649 440/525
f 453/542 546/651 547/652 451/539
f 451/539 547/652 545/653 442/540
f 547/652 548/654 543/655 545/653
f 546/651 549/656 548/654 547/652
f 550/657 541/658 543/655 548/654
f 550/657 551/659 542/660 541/658
f 552/661 553/662 551/659 550/657
f 549/656 552/661 550/657 548/654
f 554/663 552/661 549/656 555/664
f 554/663 556/665 553/662 552/661
f 557/666 556/665 554/663 558/667
f 559/668 558/667 554/663 555/664
f 456/545 560/669 546/651 453/542
f 560/669 555/664 549/656 546/651
f 561/670 559/668 555/664 560/669
f 458/547 561/670 560/669 456/545
f 469/560 562/671 563/672 467/561
f 563/673 561/670 458/547 467/558
f 563/673 564/674 559/668 561/670
f 565/675 564/676 563/672 562/671
f 565/675 566/677 567/678 564/676
f 567/679 558/667 559/668 564/674
f 568/680 557/666 558/667 567/679
f 569/681 568/682 567/678 566/677
f 570/683 571/684 572/685 573/686
f 572/687 566/688 565/689 573/690
f 574/691 569/692 566/688 572/687
f 575/693 574/694 572/685 571/684
f 576/695 562/696 469/568 472/567
f 573/690 565/689 562/696 576/695
f 570/683 573/686 576/697 577/698
f 473/569 577/698 576/697 472/570
f 489/590 578/699 579/700 486/587
f 486/587 579/700 580/701 487/588
f 579/700 581/702 582/703 580/701
f 578/699 583/704 581/702 579/700
f 584/705 585/706 582/703 581/702
f 584/705 586/707 587/708 585/706
f 588/709 589/710 586/707 584/705
f 583/704 588/709 584/705 581/702
f 590/711 588/709 583/704 591/712
f 590/711 592/713 589/710 588/709
f 593/714 594/715 592/713 590/711
f 595/716 593/714 590/711 591/712
f 596/717 578/699 489/590 492/593
f 596/717 591/712 583/704 578/699
f 597/718 595/716 591/712 596/717
f 494/595 597/718 596/717 492/593
f 505/606 598/719 599/720 503/604
f 599/720 597/718 494/595 503/604
f 599/720 600/721 595/716 597/718
f 598/719 601/722 600/721 599/720
f 602/723 593/714 595/716 600/721
f 602/723 603/724 594/715 593/714
f 604/725 605/726 603/724 602/723
f 601/722 604/725 602/723 600/721
f 606/727 604/725 601/722 607/728
f 606/727 608/729 605/726 604/725
f 609/730 610/731 608/729 606/727
f 611/732 609/730 606/727 607/728
f 612/733 598/719 505/606 508/609
f 612/733 607/728 601/722 598/719
f 613/734 611/732 607/728 612/733
f 510/611 613/734 612/733 508/609
f 521/622 614/735 615/736 520/621
f 615/736 613/734 510/611 520/621
f 615/736 616/737 611/732 613/734
f 614/735 617/738 616/737 615/736
f 618/739 609/730 611/732 616/737
f 618/739 619/740 610/731 609/730
f 620/741 621/742 619/740 618/739
f 617/738 620/741 618/739 616/737
f 622/743 620/741 617/738 623/744
f 622/743 624/745 621/742 620/741
f 533/746 535/747 624/745 622/743
f 530/748 533/746 622/743 623/744
f 625/749 614/735 521/622 524/625
f 625/749 623/744 617/738 614/735
f 528/750 530/748 623/744 625/749
f 435/627 528/750 625/749 524/625
f 626/751 627/752 628/753 629/754
f 627/752 534/639 537/642 628/753
f 630/755 535/640 534/639 627/752
f 631/756 630/755 627/752 626/751
f 632/757 633/758 634/759 635/760
f 634/759 633/758 636/761 637/762
f 633/758 626/751 629/754 636/761
f 632/757 631/756 626/751 633/758
f 638/763 639/764 640/765 641/766
f 639/764 642/767 643/768 640/765
f 636/761 629/754 642/767 639/764
f 636/761 639/764 638/763 637/762
f 642/767 644/769 645/770 643/768
f 644/769 540/645 542/647 645/770
f 628/753 537/642 540/645 644/769
f 629/754 628/753 644/769 642/767
f 646/771 647/772 648/773 649/774
f 647/772 551/659 553/662 648/773
f 645/775 542/660 551/659 647/772
f 643/776 645/775 647/772 646/771
f 640/777 650/778 1412/779 641/780
f 1412/779 650/778 652/781 1407/782
f 650/778 646/771 649/774 652/781
f 640/777 643/776 646/771 650/778
f 1408/783 655/784 656/785 1409/786
f 655/784 658/787 659/788 656/785
f 652/781 649/774 658/787 655/784
f 652/781 655/784 1408/783 1407/782
f 658/787 660/789 661/790 659/788
f 660/789 556/665 557/666 661/790
f 648/773 553/662 556/665 660/789
f 649/774 648/773 660/789 658/787
f 662/791 663/792 664/793 665/794
f 663/792 568/682 569/681 664/793
f 661/790 557/666 568/680 663/795
f 659/788 661/790 663/795 662/796
f 656/785 666/797 1404/798 1409/786
f 1404/799 666/800 668/801 1398/802
f 666/800 662/791 665/794 668/801
f 656/785 659/788 662/796 666/797
f 1399/803 671/804 1411/805 1400/806
f 671/804 674/807 1410/808 1411/805
f 668/809 665/810 674/811 671/812
f 1398/813 668/809 671/812 1399/814
f 676/815 677/816 1410/808 674/807
f 676/815 574/694 575/693 677/816
f 664/817 569/692 574/691 676/818
f 665/810 664/817 676/818 674/811
f 678/819 679/820 680/821 681/822
f 679/820 682/823 683/824 680/821
f 586/707 589/710 682/823 679/820
f 587/708 586/707 679/820 678/819
f 684/825 685/826 686/827 687/828
f 685/826 688/829 689/830 686/827
f 680/821 683/824 688/829 685/826
f 681/822 680/821 685/826 684/825
f 690/831 691/832 692/833 693/834
f 694/835 695/836 691/832 690/831
f 683/824 694/835 690/831 688/829
f 688/829 690/831 693/834 689/830
f 682/823 696/837 694/835 683/824
f 696/837 697/838 695/836 694/835
f 594/715 697/838 696/837 592/713
f 589/710 592/713 696/837 682/823
f 697/838 698/839 699/840 695/836
f 698/839 700/841 701/842 699/840
f 605/726 700/841 698/839 603/724
f 594/715 603/724 698/839 697/838
f 691/832 702/843 1406/844 692/833
f 702/843 704/845 705/846 1406/844
f 699/840 701/842 704/845 702/843
f 695/836 699/840 702/843 691/832
f 706/847 707/848 708/849 709/850
f 710/851 711/852 708/849 707/848
f 701/842 710/851 707/848 704/845
f 704/845 707/848 706/847 705/846
f 700/841 712/853 710/851 701/842
f 712/853 713/854 711/852 710/851
f 610/731 713/854 712/853 608/729
f 712/853 700/841 605/726 608/729
f 714/855 715/856 716/857 717/858
f 621/742 715/856 714/855 619/740
f 714/855 713/854 610/731 619/740
f 711/852 713/854 714/855 717/858
f 708/849 718/859 1401/860 709/850
f 1401/860 718/859 720/861 1402/862
f 718/859 717/858 716/857 720/861
f 711/852 717/858 718/859 708/849
f 1403/863 723/864 632/865 635/866
f 723/864 724/867 631/868 632/865
f 720/861 716/857 724/867 723/864
f 720/861 723/864 1403/863 1402/862
f 724/867 725/869 630/870 631/868
f 535/747 630/870 725/869 624/745
f 725/869 715/856 621/742 624/745
f 716/857 715/856 725/869 724/867
f 726/871 727/872 728/873 729/874
f 727/872 730/875 731/876 728/873
f 732/877 733/878 730/875 727/872
f 734/879 732/877 727/872 726/871
f 730/875 735/880 736/881 731/876
f 735/880 737/882 738/883 736/881
f 739/884 740/885 737/882 735/880
f 733/878 739/884 735/880 730/875
f 741/886 742/887 739/884 733/878
f 742/887 743/888 740/885 739/884
f 744/889 745/890 743/888 742/887
f 746/891 744/889 742/887 741/886
f 747/892 748/893 732/877 734/879
f 748/893 741/886 733/878 732/877
f 749/894 746/891 741/886 748/893
f 750/895 749/894 748/893 747/892
f 737/896 751/897 752/898 738/899
f 751/897 753/900 754/901 752/898
f 755/902 756/903 753/900 751/897
f 740/904 755/902 751/897 737/896
f 753/900 757/905 758/906 754/901
f 757/905 759/907 760/908 758/906
f 761/909 762/910 759/907 757/905
f 756/903 761/909 757/905 753/900
f 763/911 764/912 761/909 756/903
f 764/912 765/913 762/910 761/909
f 766/914 767/915 765/913 764/912
f 768/916 766/914 764/912 763/911
f 743/917 769/918 755/902 740/904
f 769/918 763/911 756/903 755/902
f 770/919 768/916 763/911 769/918
f 745/920 770/919 769/918 743/917
f 759/907 771/921 772/922 760/908
f 771/923 773/924 774/925 772/926
f 775/927 776/928 773/924 771/923
f 762/910 775/929 771/921 759/907
f 773/930 777/931 778/932 774/933
f 777/934 64/935 65/936 778/937
f 779/938 61/939 64/935 777/934
f 776/940 779/941 777/931 773/930
f 780/942 781/943 779/941 776/940
f 779/938 781/944 59/945 61/939
f 782/946 60/947 59/945 781/944
f 783/948 782/949 781/943 780/942
f 765/913 784/950 775/929 762/910
f 784/951 780/952 776/928 775/927
f 785/953 783/954 780/952 784/951
f 767/915 785/955 784/950 765/913
f 786/956 787/957 788/958 789/959
f 789/959 788/958 790/960 791/961
f 792/962 793/963 790/960 788/958
f 794/964 792/962 788/958 787/957
f 790/960 795/965 796/966 791/961
f 795/965 797/967 798/968 796/966
f 799/969 800/970 797/967 795/965
f 793/963 799/969 795/965 790/960
f 801/971 802/972 799/969 793/963
f 802/972 803/973 800/970 799/969
f 804/974 805/975 803/973 802/972
f 806/976 804/974 802/972 801/971
f 807/977 808/978 792/962 794/964
f 808/978 801/971 793/963 792/962
f 809/979 806/976 801/971 808/978
f 810/980 809/979 808/978 807/977
f 797/967 811/981 812/982 798/968
f 811/981 813/983 814/984 812/982
f 815/985 816/986 813/983 811/981
f 800/970 815/985 811/981 797/967
f 813/983 817/987 818/988 814/984
f 817/987 819/989 820/990 818/988
f 821/991 822/992 819/989 817/987
f 816/986 821/991 817/987 813/983
f 823/993 824/994 821/991 816/986
f 824/994 825/995 822/992 821/991
f 826/996 827/997 825/995 824/994
f 828/998 826/996 824/994 823/993
f 803/973 829/999 815/985 800/970
f 829/999 823/993 816/986 815/985
f 830/1000 828/998 823/993 829/999
f 805/975 830/1000 829/999 803/973
f 819/989 831/1001 832/1002 820/990
f 831/1001 833/1003 834/1004 832/1002
f 835/1005 836/1006 833/1003 831/1001
f 822/992 835/1005 831/1001 819/989
f 833/1003 837/1007 838/1008 834/1004
f 837/1009 726/871 729/874 838/1010
f 839/1011 734/879 726/871 837/1009
f 836/1006 839/1012 837/1007 833/1003
f 840/1013 841/1014 839/1012 836/1006
f 841/1015 747/892 734/879 839/1011
f 842/1016 750/895 747/892 841/1015
f 843/1017 842/1018 841/1014 840/1013
f 825/995 844/1019 835/1005 822/992
f 844/1019 840/1013 836/1006 835/1005
f 845/1020 843/1017 840/1013 844/1019
f 827/997 845/1020 844/1019 825/995
f 846/1021 847/1022 746/891 749/894
f 848/1023 849/1024 847/1022 846/1021
f 850/1025 848/1023 846/1021 851/1026
f 851/1026 846/1021 749/894 750/895
f 847/1022 852/1027 744/889 746/891
f 852/1027 853/1028 745/890 744/889
f 854/1029 855/1030 853/1028 852/1027
f 849/1024 854/1029 852/1027 847/1022
f 849/1024 856/1031 857/1032 854/1029
f 857/1032 858/1033 855/1030 854/1029
f 859/1034 860/1035 858/1033 857/1032
f 861/1036 859/1034 857/1032 856/1031
f 862/1037 863/1038 848/1023 850/1025
f 863/1038 856/1031 849/1024 848/1023
f 864/1039 861/1036 856/1031 863/1038
f 865/1040 864/1039 863/1038 862/1037
f 853/1041 866/1042 770/919 745/920
f 866/1042 867/1043 768/916 770/919
f 868/1044 869/1045 867/1043 866/1042
f 855/1046 868/1044 866/1042 853/1041
f 870/1047 871/1048 767/915 766/914
f 872/1049 873/1050 871/1048 870/1047
f 869/1045 872/1049 870/1047 867/1043
f 867/1043 870/1047 766/914 768/916
f 874/1051 875/1052 872/1049 869/1045
f 872/1049 875/1052 876/1053 873/1050
f 877/1054 878/1055 876/1053 875/1052
f 879/1056 877/1054 875/1052 874/1051
f 855/1046 858/1057 880/1058 868/1044
f 880/1058 874/1051 869/1045 868/1044
f 881/1059 879/1056 874/1051 880/1058
f 860/1060 881/1059 880/1058 858/1057
f 871/1048 882/1061 785/955 767/915
f 785/953 882/1062 883/1063 783/954
f 884/1064 885/1065 883/1063 882/1062
f 873/1050 884/1066 882/1061 871/1048
f 782/946 886/1067 176/1068 60/947
f 887/1069 175/1070 176/1068 886/1067
f 885/1071 887/1072 886/1073 883/1074
f 883/1074 886/1073 782/949 783/948
f 888/1075 889/1076 887/1072 885/1071
f 887/1069 889/1077 173/1078 175/1070
f 890/1079 174/1080 173/1078 889/1077
f 891/1081 890/1082 889/1076 888/1075
f 876/1053 892/1083 884/1066 873/1050
f 884/1064 892/1084 888/1085 885/1065
f 893/1086 891/1087 888/1085 892/1084
f 878/1055 893/1088 892/1083 876/1053
f 894/1089 895/1090 809/979 810/980
f 895/1090 896/1091 806/976 809/979
f 897/1092 898/1093 896/1091 895/1090
f 899/1094 897/1092 895/1090 894/1089
f 896/1091 900/1095 804/974 806/976
f 900/1095 901/1096 805/975 804/974
f 902/1097 903/1098 901/1096 900/1095
f 898/1093 902/1097 900/1095 896/1091
f 904/1099 905/1100 902/1097 898/1093
f 905/1100 906/1101 903/1098 902/1097
f 907/1102 908/1103 906/1101 905/1100
f 909/1104 907/1102 905/1100 904/1099
f 910/1105 911/1106 897/1092 899/1094
f 911/1106 904/1099 898/1093 897/1092
f 912/1107 909/1104 904/1099 911/1106
f 913/1108 912/1107 911/1106 910/1105
f 901/1096 914/1109 830/1000 805/975
f 914/1109 915/1110 828/998 830/1000
f 916/1111 917/1112 915/1110 914/1109
f 903/1098 916/1111 914/1109 901/1096
f 915/1110 918/1113 826/996 828/998
f 918/1113 919/1114 827/997 826/996
f 920/1115 921/1116 919/1114 918/1113
f 917/1112 920/1115 918/1113 915/1110
f 922/1117 923/1118 920/1115 917/1112
f 923/1118 924/1119 921/1116 920/1115
f 925/1120 926/1121 924/1119 923/1118
f 927/1122 925/1120 923/1118 922/1117
f 906/1101 928/1123 916/1111 903/1098
f 928/1123 922/1117 917/1112 916/1111
f 929/1124 927/1122 922/1117 928/1123
f 908/1103 929/1124 928/1123 906/1101
f 919/1114 930/1125 845/1020 827/997
f 930/1125 931/1126 843/1017 845/1020
f 932/1127 933/1128 931/1126 930/1125
f 921/1116 932/1127 930/1125 919/1114
f 931/1126 934/1129 842/1018 843/1017
f 934/1130 851/1026 750/895 842/1016
f 935/1131 850/1025 851/1026 934/1130
f 933/1128 935/1132 934/1129 931/1126
f 936/1133 937/1134 935/1132 933/1128
f 937/1135 862/1037 850/1025 935/1131
f 938/1136 865/1040 862/1037 937/1135
f 939/1137 938/1138 937/1134 936/1133
f 924/1119 940/1139 932/1127 921/1116
f 940/1139 936/1133 933/1128 932/1127
f 941/1140 939/1137 936/1133 940/1139
f 926/1121 941/1140 940/1139 924/1119
f 942/1141 943/1142 864/1039 865/1040
f 943/1142 944/1143 861/1036 864/1039
f 945/1144 946/1145 944/1143 943/1142
f 947/1146 945/1144 943/1142 942/1141
f 944/1143 948/1147 859/1034 861/1036
f 948/1147 949/1148 860/1035 859/1034
f 950/1149 951/1150 949/1148 948/1147
f 946/1145 950/1149 948/1147 944/1143
f 952/1151 953/1152 950/1149 946/1145
f 950/1149 953/1152 954/1153 951/1150
f 955/1154 956/1155 954/1153 953/1152
f 957/1156 955/1154 953/1152 952/1151
f 947/1146 958/1157 959/1158 945/1144
f 959/1158 952/1151 946/1145 945/1144
f 960/1159 957/1156 952/1151 959/1158
f 961/1160 960/1159 959/1158 958/1157
f 949/1161 962/1162 881/1059 860/1060
f 962/1162 963/1163 879/1056 881/1059
f 964/1164 965/1165 963/1163 962/1162
f 951/1166 964/1164 962/1162 949/1161
f 963/1163 966/1167 877/1054 879/1056
f 966/1167 967/1168 878/1055 877/1054
f 968/1169 969/1170 967/1168 966/1167
f 965/1165 968/1169 966/1167 963/1163
f 970/1171 971/1172 968/1169 965/1165
f 968/1169 971/1172 972/1173 969/1170
f 973/1174 974/1175 972/1173 971/1172
f 975/1176 973/1174 971/1172 970/1171
f 954/1177 976/1178 964/1164 951/1166
f 964/1164 976/1178 970/1171 965/1165
f 977/1179 975/1176 970/1171 976/1178
f 956/1180 977/1179 976/1178 954/1177
f 967/1168 978/1181 893/1088 878/1055
f 978/1182 979/1183 891/1087 893/1086
f 980/1184 981/1185 979/1183 978/1182
f 969/1170 980/1186 978/1181 967/1168
f 979/1187 982/1188 890/1082 891/1081
f 982/1189 277/1190 174/1080 890/1079
f 983/1191 275/1192 277/1190 982/1189
f 981/1193 983/1194 982/1188 979/1187
f 984/1195 985/1196 983/1194 981/1193
f 983/1191 985/1197 273/1198 275/1192
f 986/1199 274/1200 273/1198 985/1197
f 987/1201 986/1202 985/1196 984/1195
f 972/1173 988/1203 980/1186 969/1170
f 980/1184 988/1204 984/1205 981/1185
f 989/1206 987/1207 984/1205 988/1204
f 974/1175 989/1208 988/1203 972/1173
f 990/1209 991/1210 912/1107 913/1108
f 991/1210 992/1211 909/1104 912/1107
f 993/1212 994/1213 992/1211 991/1210
f 995/1214 993/1212 991/1210 990/1209
f 992/1211 996/1215 907/1102 909/1104
f 996/1215 997/1216 908/1103 907/1102
f 998/1217 999/1218 997/1216 996/1215
f 994/1213 998/1217 996/1215 992/1211
f 1000/1219 1001/1220 998/1217 994/1213
f 1001/1220 1002/1221 999/1218 998/1217
f 1003/1222 1004/1223 1002/1221 1001/1220
f 1005/1224 1003/1222 1001/1220 1000/1219
f 1006/1225 1007/1226 993/1212 995/1214
f 1007/1226 1000/1219 994/1213 993/1212
f 1008/1227 1005/1224 1000/1219 1007/1226
f 1009/1228 1008/1227 1007/1226 1006/1225
f 997/1216 1010/1229 929/1124 908/1103
f 1010/1229 1011/1230 927/1122 929/1124
f 1012/1231 1013/1232 1011/1230 1010/1229
f 999/1218 1012/1231 1010/1229 997/1216
f 1011/1230 1014/1233 925/1120 927/1122
f 1014/1233 1015/1234 926/1121 925/1120
f 1016/1235 1017/1236 1015/1234 1014/1233
f 1013/1232 1016/1235 1014/1233 1011/1230
f 1018/1237 1019/1238 1016/1235 1013/1232
f 1019/1238 1020/1239 1017/1236 1016/1235
f 1021/1240 1022/1241 1020/1239 1019/1238
f 1023/1242 1021/1240 1019/1238 1018/1237
f 1002/1221 1024/1243 1012/1231 999/1218
f 1024/1243 1018/1237 1013/1232 1012/1231
f 1025/1244 1023/1242 1018/1237 1024/1243
f 1004/1223 1025/1244 1024/1243 1002/1221
f 1026/1245 1027/1246 939/1137 941/1140
f 1028/1247 1029/1248 1027/1246 1026/1245
f 1017/1236 1028/1247 1026/1245 1015/1234
f 1015/1234 1026/1245 941/1140 926/1121
f 1027/1246 1030/1249 938/1138 939/1137
f 1030/1250 942/1141 865/1040 938/1136
f 1031/1251 947/1146 942/1141 1030/1250
f 1029/1248 1031/1252 1030/1249 1027/1246
f 1029/1248 1032/1253 1033/1254 1031/1252
f 1033/1255 958/1157 947/1146 1031/1251
f 1034/1256 961/1160 958/1157 1033/1255
f 1035/1257 1034/1258 1033/1254 1032/1253
f 1020/1239 1036/1259 1028/1247 1017/1236
f 1036/1259 1032/1253 1029/1248 1028/1247
f 1037/1260 1035/1257 1032/1253 1036/1259
f 1022/1241 1037/1260 1036/1259 1020/1239
f 1038/1261 1039/1262 960/1159 961/1160
f 1039/1262 1040/1263 957/1156 960/1159
f 1041/1264 1042/1265 1040/1263 1039/1262
f 1043/1266 1041/1264 1039/1262 1038/1261
f 1044/1267 1045/1268 956/1155 955/1154
f 1046/1269 1047/1270 1045/1268 1044/1267
f 1042/1265 1046/1269 1044/1267 1040/1263
f 1040/1263 1044/1267 955/1154 957/1156
f 1048/1271 1049/1272 1046/1269 1042/1265
f 1049/1272 1050/1273 1047/1270 1046/1269
f 1051/1274 1052/1275 1050/1273 1049/1272
f 1053/1276 1051/1274 1049/1272 1048/1271
f 1054/1277 1055/1278 1041/1264 1043/1266
f 1055/1278 1048/1271 1042/1265 1041/1264
f 1056/1279 1053/1276 1048/1271 1055/1278
f 1057/1280 1056/1279 1055/1278 1054/1277
f 1045/1281 1058/1282 977/1179 956/1180
f 1058/1282 1059/1283 975/1176 977/1179
f 1060/1284 1061/1285 1059/1283 1058/1282
f 1047/1286 1060/1284 1058/1282 1045/1281
f 973/1174 1062/1287 1063/1288 974/1175
f 1064/1289 1065/1290 1063/1288 1062/1287
f 1061/1285 1064/1289 1062/1287 1059/1283
f 1059/1283 1062/1287 973/1174 975/1176
f 1066/1291 1067/1292 1064/1289 1061/1285
f 1067/1292 1068/1293 1065/1290 1064/1289
f 1069/1294 1070/1295 1068/1293 1067/1292
f 1071/1296 1069/1294 1067/1292 1066/1291
f 1050/1297 1072/1298 1060/1284 1047/1286
f 1072/1298 1066/1291 1061/1285 1060/1284
f 1073/1299 1071/1296 1066/1291 1072/1298
f 1052/1300 1073/1299 1072/1298 1050/1297
f 1063/1288 1074/1301 989/1208 974/1175
f 989/1206 1074/1302 1075/1303 987/1207
f 1076/1304 1077/1305 1075/1303 1074/1302
f 1065/1290 1076/1306 1074/1301 1063/1288
f 986/1199 1078/1307 376/1308 274/1200
f 1079/1309 375/1310 376/1308 1078/1307
f 1077/1311 1079/1312 1078/1313 1075/1314
f 1075/1314 1078/1313 986/1202 987/1201
f 1080/1315 1081/1316 1079/1312 1077/1311
f 1079/1309 1081/1317 373/1318 375/1310
f 1082/1319 374/1320 373/1318 1081/1317
f 1083/1321 1082/1322 1081/1316 1080/1315
f 1068/1293 1084/1323 1076/1306 1065/1290
f 1084/1324 1080/1325 1077/1305 1076/1304
f 1085/1326 1083/1327 1080/1325 1084/1324
f 1070/1295 1085/1328 1084/1323 1068/1293
f 1086/1329 1087/1330 1008/1227 1009/1228
f 1087/1330 1088/1331 1005/1224 1008/1227
f 1089/1332 1090/1333 1088/1331 1087/1330
f 1091/1334 1089/1332 1087/1330 1086/1329
f 1088/1331 1092/1335 1003/1222 1005/1224
f 1092/1335 1093/1336 1004/1223 1003/1222
f 1094/1337 1095/1338 1093/1336 1092/1335
f 1090/1333 1094/1337 1092/1335 1088/1331
f 1096/1339 1097/1340 1094/1337 1090/1333
f 1097/1340 1098/1341 1095/1338 1094/1337
f 1099/1342 1100/1343 1098/1341 1097/1340
f 1101/1344 1099/1342 1097/1340 1096/1339
f 1102/1345 1103/1346 1089/1332 1091/1334
f 1103/1346 1096/1339 1090/1333 1089/1332
f 1104/1347 1101/1344 1096/1339 1103/1346
f 1105/1348 1104/1347 1103/1346 1102/1345
f 1093/1336 1106/1349 1025/1244 1004/1223
f 1106/1349 1107/1350 1023/1242 1025/1244
f 1108/1351 1109/1352 1107/1350 1106/1349
f 1095/1338 1108/1351 1106/1349 1093/1336
f 1107/1350 1110/1353 1021/1240 1023/1242
f 1110/1353 1111/1354 1022/1241 1021/1240
f 1112/1355 1113/1356 1111/1354 1110/1353
f 1109/1352 1112/1355 1110/1353 1107/1350
f 1114/1357 1115/1358 1112/1355 1109/1352
f 1115/1358 1116/1359 1113/1356 1112/1355
f 1117/1360 1118/1361 1116/1359 1115/1358
f 1119/1362 1117/1360 1115/1358 1114/1357
f 1098/1341 1120/1363 1108/1351 1095/1338
f 1120/1363 1114/1357 1109/1352 1108/1351
f 1121/1364 1119/1362 1114/1357 1120/1363
f 1100/1343 1121/1364 1120/1363 1098/1341
f 1122/1365 1123/1366 1035/1257 1037/1260
f 1124/1367 1125/1368 1123/1366 1122/1365
f 1113/1356 1124/1367 1122/1365 1111/1354
f 1111/1354 1122/1365 1037/1260 1022/1241
f 1035/1257 1123/1366 1126/1369 1034/1258
f 1126/1370 1038/1261 961/1160 1034/1256
f 1127/1371 1043/1266 1038/1261 1126/1370
f 1125/1368 1127/1372 1126/1369 1123/1366
f 1128/1373 1129/1374 1127/1372 1125/1368
f 1127/1371 1129/1375 1054/1277 1043/1266
f 1130/1376 1057/1280 1054/1277 1129/1375
f 1128/1373 1131/1377 1130/1378 1129/1374
f 1116/1359 1132/1379 1124/1367 1113/1356
f 1124/1367 1132/1379 1128/1373 1125/1368
f 1132/1379 1133/1380 1131/1377 1128/1373
f 1118/1361 1133/1380 1132/1379 1116/1359
f 1134/1381 1135/1382 1056/1279 1057/1280
f 1135/1382 1136/1383 1053/1276 1056/1279
f 1137/1384 1138/1385 1136/1383 1135/1382
f 1139/1386 1137/1384 1135/1382 1134/1381
f 1136/1383 1140/1387 1051/1274 1053/1276
f 1140/1387 1141/1388 1052/1275 1051/1274
f 1142/1389 1143/1390 1141/1388 1140/1387
f 1138/1385 1142/1389 1140/1387 1136/1383
f 1144/1391 1145/1392 1142/1389 1138/1385
f 1145/1392 1146/1393 1143/1390 1142/1389
f 1147/1394 1148/1395 1146/1393 1145/1392
f 1149/1396 1147/1394 1145/1392 1144/1391
f 1150/1397 1151/1398 1137/1384 1139/1386
f 1151/1398 1144/1391 1138/1385 1137/1384
f 1152/1399 1149/1396 1144/1391 1151/1398
f 1153/1400 1152/1399 1151/1398 1150/1397
f 1141/1401 1154/1402 1073/1299 1052/1300
f 1154/1402 1155/1403 1071/1296 1073/1299
f 1156/1404 1157/1405 1155/1403 1154/1402
f 1143/1406 1156/1404 1154/1402 1141/1401
f 1155/1403 1158/1407 1069/1294 1071/1296
f 1158/1407 1159/1408 1070/1295 1069/1294
f 1160/1409 1161/1410 1159/1408 1158/1407
f 1157/1405 1160/1409 1158/1407 1155/1403
f 1162/1411 1163/1412 1160/1409 1157/1405
f 1163/1412 1164/1413 1161/1410 1160/1409
f 1165/1414 1166/1415 1164/1413 1163/1412
f 1167/1416 1165/1414 1163/1412 1162/1411
f 1146/1417 1168/1418 1156/1404 1143/1406
f 1168/1418 1162/1411 1157/1405 1156/1404
f 1169/1419 1167/1416 1162/1411 1168/1418
f 1148/1420 1169/1419 1168/1418 1146/1417
f 1170/1421 1171/1422 1083/1327 1085/1326
f 1172/1423 1173/1424 1171/1422 1170/1421
f 1161/1410 1172/1425 1170/1426 1159/1408
f 1159/1408 1170/1426 1085/1328 1070/1295
f 1083/1321 1171/1427 1174/1428 1082/1322
f 1174/1429 477/1430 374/1320 1082/1319
f 1175/1431 475/1432 477/1430 1174/1429
f 1173/1433 1175/1434 1174/1428 1171/1427
f 1173/1433 1176/1435 1177/1436 1175/1434
f 1177/1437 474/1438 475/1432 1175/1431
f 1177/1437 1178/1439 473/1440 474/1438
f 1179/1441 1178/1442 1177/1436 1176/1435
f 1161/1410 1164/1413 1180/1443 1172/1425
f 1180/1444 1176/1445 1173/1424 1172/1423
f 1181/1446 1179/1447 1176/1445 1180/1444
f 1166/1415 1181/1448 1180/1443 1164/1413
f 1182/1449 1183/1450 1104/1347 1105/1348
f 1183/1450 1184/1451 1101/1344 1104/1347
f 1185/1452 1186/1453 1184/1451 1183/1450
f 1187/1454 1185/1452 1183/1450 1182/1449
f 1184/1451 1188/1455 1099/1342 1101/1344
f 1188/1455 1189/1456 1100/1343 1099/1342
f 1190/1457 1191/1458 1189/1456 1188/1455
f 1186/1453 1190/1457 1188/1455 1184/1451
f 1192/1459 1193/1460 1190/1457 1186/1453
f 1193/1460 1194/1461 1191/1458 1190/1457
f 1195/1462 1196/1463 1194/1461 1193/1460
f 1197/1464 1195/1462 1193/1460 1192/1459
f 1198/1465 1199/1466 1185/1452 1187/1454
f 1199/1466 1192/1459 1186/1453 1185/1452
f 1200/1467 1197/1464 1192/1459 1199/1466
f 1201/1468 1200/1467 1199/1466 1198/1465
f 1189/1456 1202/1469 1121/1364 1100/1343
f 1202/1469 1203/1470 1119/1362 1121/1364
f 1204/1471 1205/1472 1203/1470 1202/1469
f 1191/1458 1204/1471 1202/1469 1189/1456
f 1117/1360 1206/1473 1207/1474 1118/1361
f 1208/1475 1209/1476 1207/1474 1206/1473
f 1205/1472 1208/1475 1206/1473 1203/1470
f 1203/1470 1206/1473 1117/1360 1119/1362
f 1210/1477 1211/1478 1208/1475 1205/1472
f 1211/1478 1212/1479 1209/1476 1208/1475
f 1213/1480 1214/1481 1212/1479 1211/1478
f 1215/1482 1213/1480 1211/1478 1210/1477
f 1194/1461 1216/1483 1204/1471 1191/1458
f 1216/1483 1210/1477 1205/1472 1204/1471
f 1217/1484 1215/1482 1210/1477 1216/1483
f 1196/1463 1217/1484 1216/1483 1194/1461
f 1207/1474 1218/1485 1133/1380 1118/1361
f 1133/1380 1218/1485 1219/1486 1131/1377
f 1218/1485 1220/1487 1221/1488 1219/1486
f 1209/1476 1220/1487 1218/1485 1207/1474
f 1130/1376 1222/1489 1134/1381 1057/1280
f 1223/1490 1139/1386 1134/1381 1222/1489
f 1221/1488 1223/1491 1222/1492 1219/1486
f 1219/1486 1222/1492 1130/1378 1131/1377
f 1221/1488 1224/1493 1225/1494 1223/1491
f 1225/1495 1150/1397 1139/1386 1223/1490
f 1226/1496 1153/1400 1150/1397 1225/1495
f 1227/1497 1226/1498 1225/1494 1224/1493
f 1228/1499 1224/1493 1221/1488 1220/1487
f 1229/1500 1227/1497 1224/1493 1228/1499
f 1214/1481 1229/1500 1228/1499 1212/1479
f 1209/1476 1212/1479 1228/1499 1220/1487
f 1230/1501 1231/1502 1149/1396 1152/1399
f 1232/1503 1233/1504 1231/1502 1230/1501
f 1234/1505 1232/1503 1230/1501 1235/1506
f 1153/1400 1235/1506 1230/1501 1152/1399
f 1149/1396 1231/1502 1236/1507 1147/1394
f 1236/1507 1237/1508 1148/1395 1147/1394
f 1238/1509 1239/1510 1237/1508 1236/1507
f 1233/1504 1238/1509 1236/1507 1231/1502
f 1233/1504 1240/1511 1241/1512 1238/1509
f 1241/1512 1242/1513 1239/1510 1238/1509
f 1243/1514 1244/1515 1242/1513 1241/1512
f 1245/1516 1243/1514 1241/1512 1240/1511
f 1234/1505 1246/1517 1247/1518 1232/1503
f 1247/1518 1240/1511 1233/1504 1232/1503
f 1248/1519 1245/1516 1240/1511 1247/1518
f 1249/1520 1248/1519 1247/1518 1246/1517
f 1250/1521 1251/1522 1167/1416 1169/1419
f 1252/1523 1253/1524 1251/1522 1250/1521
f 1239/1525 1252/1523 1250/1521 1237/1526
f 1237/1526 1250/1521 1169/1419 1148/1420
f 1251/1522 1254/1527 1165/1414 1167/1416
f 1254/1527 1255/1528 1166/1415 1165/1414
f 1256/1529 1257/1530 1255/1528 1254/1527
f 1253/1524 1256/1529 1254/1527 1251/1522
f 1253/1524 1258/1531 1259/1532 1256/1529
f 1259/1532 1260/1533 1257/1530 1256/1529
f 1259/1532 1261/1534 1262/1535 1260/1533
f 1263/1536 1261/1534 1259/1532 1258/1531
f 1239/1525 1242/1537 1264/1538 1252/1523
f 1264/1538 1258/1531 1253/1524 1252/1523
f 1265/1539 1263/1536 1258/1531 1264/1538
f 1244/1540 1265/1539 1264/1538 1242/1537
f 1266/1541 1267/1542 1179/1447 1181/1446
f 1266/1541 1268/1543 1269/1544 1267/1542
f 1257/1530 1268/1545 1266/1546 1255/1528
f 1166/1415 1255/1528 1266/1546 1181/1448
f 1179/1441 1267/1547 1270/1548 1178/1442
f 1270/1549 577/1550 473/1440 1178/1439
f 1270/1549 1271/1551 570/1552 577/1550
f 1267/1547 1269/1553 1271/1554 1270/1548
f 1272/1555 571/1556 570/1552 1271/1551
f 1272/1555 1273/1557 575/1558 571/1556
f 1274/1559 1275/1560 1273/1561 1272/1562
f 1269/1553 1274/1559 1272/1562 1271/1554
f 1276/1563 1274/1564 1269/1544 1268/1543
f 1276/1563 1277/1565 1275/1566 1274/1564
f 1260/1533 1262/1535 1277/1567 1276/1568
f 1257/1530 1260/1533 1276/1568 1268/1545
f 1278/1569 1279/1570 1197/1464 1200/1467
f 1280/1571 1281/1572 1279/1570 1278/1569
f 1282/1573 1280/1571 1278/1569 1283/1574
f 1283/1574 1278/1569 1200/1467 1201/1468
f 1197/1464 1279/1570 1284/1575 1195/1462
f 1284/1575 1285/1576 1196/1463 1195/1462
f 1286/1577 1287/1578 1285/1576 1284/1575
f 1281/1572 1286/1577 1284/1575 1279/1570
f 1281/1572 1288/1579 1289/1580 1286/1577
f 1289/1580 1290/1581 1287/1578 1286/1577
f 1291/1582 1292/1583 1290/1581 1289/1580
f 1293/1584 1291/1582 1289/1580 1288/1579
f 1282/1573 1294/1585 1295/1586 1280/1571
f 1295/1586 1288/1579 1281/1572 1280/1571
f 1296/1587 1293/1584 1288/1579 1295/1586
f 1297/1588 1296/1587 1295/1586 1294/1585
f 1298/1589 1299/1590 1215/1482 1217/1484
f 1300/1591 1301/1592 1299/1590 1298/1589
f 1287/1578 1300/1591 1298/1589 1285/1576
f 1196/1463 1285/1576 1298/1589 1217/1484
f 1215/1482 1299/1590 1302/1593 1213/1480
f 1302/1593 1303/1594 1214/1481 1213/1480
f 1304/1595 1305/1596 1303/1594 1302/1593
f 1301/1592 1304/1595 1302/1593 1299/1590
f 1301/1592 1306/1597 1307/1598 1304/1595
f 1307/1598 1308/1599 1305/1596 1304/1595
f 1309/1600 1310/1601 1308/1599 1307/1598
f 1311/1602 1309/1600 1307/1598 1306/1597
f 1287/1578 1290/1581 1312/1603 1300/1591
f 1312/1603 1306/1597 1301/1592 1300/1591
f 1313/1604 1311/1602 1306/1597 1312/1603
f 1292/1583 1313/1604 1312/1603 1290/1581
f 1314/1605 1315/1606 1227/1497 1229/1500
f 1316/1607 1317/1608 1315/1606 1314/1605
f 1305/1596 1316/1607 1314/1605 1303/1594
f 1214/1481 1303/1594 1314/1605 1229/1500
f 1227/1497 1315/1606 1318/1609 1226/1498
f 1318/1610 1235/1506 1153/1400 1226/1496
f 1319/1611 1234/1505 1235/1506 1318/1610
f 1317/1608 1319/1612 1318/1609 1315/1606
f 1317/1608 1320/1613 1321/1614 1319/1612
f 1321/1615 1246/1517 1234/1505 1319/1611
f 1322/1616 1249/1520 1246/1517 1321/1615
f 1323/1617 1322/1618 1321/1614 1320/1613
f 1305/1596 1308/1599 1324/1619 1316/1607
f 1324/1619 1320/1613 1317/1608 1316/1607
f 1325/1620 1323/1617 1320/1613 1324/1619
f 1310/1601 1325/1620 1324/1619 1308/1599
f 1326/1621 1327/1622 1328/1623 1329/1624
f 1327/1622 1330/1625 1331/1626 1328/1623
f 1248/1519 1249/1520 1330/1625 1327/1622
f 1245/1516 1248/1519 1327/1622 1326/1621
f 1332/1627 1333/1628 1334/1629 1335/1630
f 1333/1628 1326/1621 1329/1624 1334/1629
f 1243/1514 1245/1516 1326/1621 1333/1628
f 1244/1515 1243/1514 1333/1628 1332/1627
f 1336/1631 1337/1632 1414/1633 1413/1634
f 1414/1633 1337/1632 1338/1635 1415/1636
f 1334/1629 1329/1624 1338/1635 1337/1632
f 1335/1630 1334/1629 1337/1632 1336/1631
f 1416/1637 1339/1638 1340/1639 1417/1640
f 1328/1623 1331/1626 1340/1639 1339/1638
f 1329/1624 1328/1623 1339/1638 1338/1635
f 1338/1635 1339/1638 1416/1637 1415/1636
f 1341/1641 1342/1642 1343/1643 1344/1644
f 1342/1642 1332/1645 1335/1646 1343/1643
f 1265/1539 1244/1540 1332/1645 1342/1642
f 1263/1536 1265/1539 1342/1642 1341/1641
f 1345/1647 1346/1648 1347/1649 1348/1650
f 1346/1648 1341/1641 1344/1644 1347/1649
f 1261/1534 1263/1536 1341/1641 1346/1648
f 1262/1535 1261/1534 1346/1648 1345/1647
f 1349/1651 1350/1652 654/1653 657/1654
f 654/1653 1350/1652 1351/1655 653/1656
f 1347/1649 1344/1644 1351/1655 1350/1652
f 1348/1650 1347/1649 1350/1652 1349/1651
f 651/1657 1352/1658 1336/1659 1413/1660
f 1343/1643 1335/1646 1336/1659 1352/1658
f 1344/1644 1343/1643 1352/1658 1351/1655
f 1351/1655 1352/1658 651/1657 653/1656
f 1353/1661 1354/1662 1355/1663 1356/1664
f 1354/1665 1345/1647 1348/1650 1355/1666
f 1277/1567 1262/1535 1345/1647 1354/1665
f 1275/1566 1277/1565 1354/1662 1353/1661
f 675/1667 677/1668 1357/1669 1358/1670
f 1357/1671 1353/1672 1356/1673 1358/1674
f 1273/1561 1275/1560 1353/1672 1357/1671
f 575/1558 1273/1557 1357/1669 677/1668
f 672/1675 1359/1676 670/1677 673/1678
f 1359/1679 1360/1680 669/1681 670/1682
f 1358/1674 1356/1673 1360/1680 1359/1679
f 675/1667 1358/1670 1359/1676 672/1675
f 667/1683 1361/1684 1349/1651 657/1654
f 1355/1666 1348/1650 1349/1651 1361/1684
f 1356/1664 1355/1663 1361/1685 1360/1686
f 1360/1686 1361/1685 667/1687 669/1688
f 1362/1689 1363/1690 1364/1691 1365/1692
f 1363/1690 1296/1587 1297/1588 1364/1691
f 1366/1693 1293/1584 1296/1587 1363/1690
f 1367/1694 1366/1693 1363/1690 1362/1689
f 1368/1695 1369/1696 1366/1693 1367/1694
f 1369/1696 1291/1582 1293/1584 1366/1693
f 1369/1696 1370/1697 1292/1583 1291/1582
f 1371/1698 1370/1697 1369/1696 1368/1695
f 1405/1699 1372/1700 1373/1701 1418/1702
f 1418/1702 1373/1701 1374/1703 1420/1704
f 1373/1701 1368/1695 1367/1694 1374/1703
f 1372/1700 1371/1698 1368/1695 1373/1701
f 1421/1705 1375/1706 1376/1707 1423/1708
f 1375/1706 1362/1689 1365/1692 1376/1707
f 1374/1703 1367/1694 1362/1689 1375/1706
f 1420/1704 1374/1703 1375/1706 1421/1705
f 1377/1709 1378/1710 1370/1697 1371/1698
f 1378/1710 1313/1604 1292/1583 1370/1697
f 1378/1710 1379/1711 1311/1602 1313/1604
f 1380/1712 1379/1711 1378/1710 1377/1709
f 1381/1713 1382/1714 1379/1711 1380/1712
f 1311/1602 1379/1711 1382/1714 1309/1600
f 1382/1714 1383/1715 1310/1601 1309/1600
f 1384/1716 1383/1715 1382/1714 1381/1713
f 1385/1717 1386/1718 1422/1719 1419/1720
f 1422/1719 1386/1718 1387/1721 1424/1722
f 1386/1718 1381/1713 1380/1712 1387/1721
f 1385/1717 1384/1716 1381/1713 1386/1718
f 703/1723 1388/1724 1372/1700 1405/1699
f 1388/1724 1377/1709 1371/1698 1372/1700
f 1387/1721 1380/1712 1377/1709 1388/1724
f 1424/1722 1387/1721 1388/1724 703/1723
f 1389/1725 1390/1726 1391/1727 1392/1728
f 1391/1727 1383/1715 1384/1716 1392/1728
f 1310/1601 1383/1715 1391/1727 1325/1620
f 1391/1727 1390/1726 1323/1617 1325/1620
f 1330/1625 1393/1729 1394/1730 1331/1626
f 1393/1731 1390/1726 1389/1725 1394/1732
f 1323/1617 1390/1726 1393/1731 1322/1618
f 1393/1729 1330/1625 1249/1520 1322/1616
f 1340/1639 1395/1733 722/1734 1417/1640
f 722/1735 1395/1736 1396/1737 721/1738
f 1394/1732 1389/1725 1396/1737 1395/1736
f 1331/1626 1394/1730 1395/1733 1340/1639
f 719/1739 1397/1740 1385/1717 1419/1720
f 1397/1740 1392/1728 1384/1716 1385/1717
f 1389/1725 1392/1728 1397/1740 1396/1737
f 1396/1737 1397/1740 719/1739 721/1738
f 485/586 487/588 1432/588 1431/586
f 1091/1334 1086/1329 1468/1329 1469/1334
f 1420/1704 1421/1705 1506/1705 1505/1704
f 1417/1640 722/1734 1467/1734 1502/1640
f 1414/1633 1415/1636 1500/1636 1499/1633
f 1406/844 705/846 1462/846 1491/844
f 1419/1720 1422/1719 1507/1719 1504/1720
f 703/1723 1405/1699 1490/1699 1461/1723
f 1403/863 635/866 1438/866 1488/863
f 1102/1345 1091/1334 1469/1334 1470/1345
f 721/1738 719/1739 1465/1739 1466/1738
f 722/1735 721/1738 1466/1738 1467/1735
f 1418/1702 1420/1704 1505/1704 1503/1702
f 379/460 381/462 1426/462 1425/460
f 1105/1348 1102/1345 1470/1345 1471/1348
f 585/706 587/708 1436/708 1435/706
f 709/850 1401/860 1486/860 1464/850
f 1407/782 1408/783 1493/783 1492/782
f 651/1657 1413/1660 1498/1660 1442/1657
f 481/582 485/586 1431/586 1430/582
f 479/580 481/582 1430/582 1429/580
f 1422/1719 1424/1722 1509/1722 1507/1719
f 1408/783 1409/786 1494/786 1493/783
f 1187/1454 1182/1449 1472/1449 1473/1454
f 1297/1588 1294/1585 1478/1585 1479/1588
f 641/780 1412/779 1497/779 1441/780
f 587/708 678/819 1453/819 1436/708
f 582/703 585/706 1435/706 1434/703
f 580/701 582/703 1434/703 1433/701
f 1404/799 1398/802 1483/802 1489/799
f 1421/1705 1423/1708 1508/1708 1506/1705
f 667/1683 657/1654 1445/1654 1446/1683
f 1412/779 1407/782 1492/782 1497/779
f 1411/805 1410/808 1495/808 1496/805
f 706/847 709/850 1464/850 1463/847
f 1182/1449 1105/1348 1471/1348 1472/1449
f 1405/1699 1418/1702 1503/1702 1490/1699
f 705/846 706/847 1463/847 1462/846
f 1398/813 1399/814 1484/814 1483/813
f 1399/803 1400/806 1485/806 1484/803
f 1423/1708 1376/1707 1482/1707 1508/1708
f 670/1682 669/1681 1447/1681 1448/1682
f 1409/786 1404/798 1489/798 1494/786
f 673/1678 670/1677 1448/1677 1450/1678
f 1424/1722 703/1723 1461/1723 1509/1722
f 1294/1585 1282/1573 1476/1573 1478/1585
f 1401/860 1402/862 1487/862 1486/860
f 678/819 681/822 1454/822 1453/819
f 669/1688 667/1687 1446/1687 1447/1688
f 1402/862 1403/863 1488/863 1487/862
f 654/1653 653/1656 1443/1656 1444/1653
f 657/1654 654/1653 1444/1653 1445/1654
f 677/1668 675/1667 1451/1667 1452/1668
f 672/1675 673/1678 1450/1678 1449/1675
f 1283/1574 1201/1468 1475/1468 1477/1574
f 675/1667 672/1675 1449/1675 1451/1667
f 1364/1691 1297/1588 1479/1588 1480/1691
f 387/468 479/580 1429/580 1428/468
f 653/1656 651/1657 1442/1657 1443/1656
f 638/763 641/766 1441/766 1440/763
f 637/762 638/763 1440/763 1439/762
f 635/760 634/759 1437/759 1438/760
f 1376/1707 1365/1692 1481/1692 1482/1707
f 693/834 692/833 1459/833 1460/834
f 692/833 1406/844 1491/844 1459/833
f 1400/806 1411/805 1496/805 1485/806
f 689/830 693/834 1460/834 1458/830
f 487/588 580/701 1433/701 1432/588
f 1198/1465 1187/1454 1473/1454 1474/1465
f 634/759 637/762 1439/762 1437/759
f 681/822 684/825 1455/825 1454/822
f 1282/1573 1283/1574 1477/1574 1476/1573
f 1416/1637 1417/1640 1502/1640 1501/1637
f 1415/1636 1416/1637 1501/1637 1500/1636
f 719/1739 1419/1720 1504/1720 1465/1739
f 684/825 687/828 1457/828 1455/825
f 1410/808 677/816 1452/816 1495/808
f 1201/1468 1198/1465 1474/1465 1475/1468
f 686/827 689/830 1458/830 1456/827
f 687/828 686/827 1456/827 1457/828
f 1365/1692 1364/1691 1480/1691 1481/1692
f 381/462 385/466 1427/466 1426/462
f 385/466 387/468 1428/468 1427/466
f 1413/1634 1414/1633 1499/1633 1498/1634