# Exported from MakeClothes (TM)
# author Unknown
# license AGPL3 (see also http://www.makehuman.org/doc/node/external_tools_license.html)
# homepage http://www.makehuman.org/
v 0.0165 7.4131 1.4446
v 0.0123 7.4337 1.4355
v -0.2575 7.2999 1.4174
v -0.2539 7.2790 1.4247
v -0.5295 7.1150 1.2895
v -0.5210 7.0962 1.2948
v -0.7245 6.9241 1.1127
v -0.7174 6.9061 1.1215
v -0.8743 6.7321 0.9238
v -0.8667 6.7149 0.9291
v -0.9152 6.5859 0.6165
v -0.9079 6.5686 0.6237
v -0.8702 6.5096 0.3618
v -0.8607 6.4874 0.3688
v -0.7827 6.4285 0.0766
v -0.7683 6.4041 0.0850
v -0.5851 6.3234 -0.1955
v -0.5794 6.3024 -0.1933
v -0.4468 6.2058 -0.4785
v -0.4407 6.1886 -0.4891
v -0.2783 6.1439 -0.6204
v -0.2754 6.1274 -0.6247
v -0.0980 6.1160 -0.6894
v -0.0983 6.0986 -0.6943
v 0.8254 6.3453 0.1381
v 0.6526 6.2563 -0.1568
v 0.6574 6.2724 -0.1639
v 0.8338 6.3658 0.1314
v 0.3974 5.8862 -0.4643
v 0.4669 5.9577 -0.2828
v 0.4621 5.9480 -0.2747
v 0.3947 5.8764 -0.4587
v 0.6737 6.3721 0.6733
v 0.7201 6.5659 0.8081
v 0.7041 6.5551 0.8098
v 0.6530 6.3628 0.6758
v 0.2545 7.1859 1.3872
v 0.0183 7.0941 1.4545
v 0.0176 7.0803 1.4464
v 0.2517 7.1701 1.3810
v -0.3854 5.8921 -0.5430
v -0.2511 5.8725 -0.6706
v -0.2459 5.8636 -0.6688
v -0.3822 5.8822 -0.5398
v 0.5393 7.4037 0.9937
v 0.5200 7.4228 1.0334
v 0.5185 7.4184 1.0366
v 0.5381 7.3994 0.9968
v 0.0602 5.8513 -0.7153
v 0.1237 5.8848 -0.4822
v 0.1234 5.8776 -0.4802
v 0.0737 5.8450 -0.7078
v 0.5024 6.0021 0.0312
v 0.5293 6.0734 0.3017
v 0.5084 6.0652 0.3121
v 0.4916 5.9912 0.0448
v -0.2068 6.9890 1.4308
v -0.4556 6.8586 1.3020
v -0.4463 6.8472 1.2922
v -0.2001 6.9759 1.4212
v -0.6484 6.5154 0.9650
v -0.6414 6.2767 0.7098
v -0.6217 6.2666 0.7124
v -0.6303 6.5125 0.9634
v 0.4252 7.3122 1.2333
v 0.4219 7.3002 1.2336
v 0.6841 6.7463 0.9137
v 0.6445 6.9116 0.9965
v 0.6330 6.8958 0.9980
v 0.6699 6.7329 0.9144
v -0.5089 6.0690 0.2297
v -0.4661 6.0151 -0.1186
v -0.4598 6.0053 -0.1124
v -0.4963 6.0565 0.2369
v 0.5933 6.1793 0.5093
v 0.5694 6.1700 0.5154
v -0.5989 6.6867 1.1400
v -0.5874 6.6794 1.1321
v -0.5612 6.1337 0.4880
v -0.5433 6.1189 0.4936
v 0.5958 7.1010 1.0427
v 0.5901 7.0858 1.0483
v 0.1985 5.8686 -0.5808
v 0.1964 5.8596 -0.5775
v 0.4109 5.9510 -0.4968
v 0.4942 6.0207 -0.3304
v 0.4910 6.0067 -0.3233
v 0.4108 5.9354 -0.4925
v 0.7858 6.3766 0.6556
v 0.8078 6.5795 0.7913
v 0.7943 6.5657 0.7979
v 0.7682 6.3637 0.6621
v 0.2885 7.3146 1.4193
v 0.0343 7.2208 1.4850
v 0.0343 7.2074 1.4837
v 0.2889 7.3015 1.4204
v -0.4046 5.9638 -0.5565
v -0.2712 5.9414 -0.6833
v -0.2684 5.9279 -0.6868
v -0.4000 5.9517 -0.5661
v 0.1163 5.9191 -0.6637
v 0.1124 5.9307 -0.4595
v 0.1120 5.9200 -0.4593
v 0.1195 5.9065 -0.6640
v 0.5675 6.0808 -0.0480
v 0.6525 6.1252 0.2397
v 0.6323 6.1158 0.2509
v 0.5574 6.0681 -0.0363
v -0.2519 7.0927 1.4725
v -0.4911 6.9313 1.3652
v -0.4899 6.9204 1.3694
v -0.2510 7.0803 1.4744
v 0.2851 5.9234 -0.5858
v 0.2856 5.9096 -0.5837
v -0.7365 6.5508 0.9746
v -0.7536 6.3656 0.6878
v -0.7363 6.3517 0.6917
v -0.7230 6.5399 0.9770
v 0.5313 7.4501 1.0160
v 0.4531 7.3993 1.2340
v 0.4527 7.3873 1.2359
v 0.5304 7.4455 1.0195
v 0.7788 6.7935 0.8974
v 0.7264 6.9874 0.9830
v 0.7182 6.9697 0.9893
v 0.7671 6.7779 0.9032
v -0.5820 6.1174 0.1465
v -0.4991 6.0450 -0.1751
v -0.4939 6.0313 -0.1712
v -0.5695 6.1045 0.1539
v 0.7287 6.2108 0.4724
v 0.7070 6.1988 0.4806
v -0.6493 6.7429 1.1989
v -0.6430 6.7319 1.2010
v -0.6766 6.2235 0.4229
v -0.6587 6.2073 0.4286
v 0.6572 7.1834 1.0128
v 0.5488 7.4285 0.9778
v 0.5475 7.4238 0.9817
v 0.6535 7.1695 1.0199
v 0.8739 6.4592 0.1033
v 0.6982 6.3567 -0.1806
v 0.7087 6.3847 -0.1874
v 0.8794 6.4897 0.0913
v 0.8858 6.5490 0.0653
v 0.7273 6.4402 -0.2019
v 0.7378 6.4682 -0.2087
v 0.8913 6.5795 0.0533
v 0.9160 6.5955 0.3363
v 0.9182 6.6253 0.3222
v 0.9217 6.6839 0.2936
v 0.9239 6.7138 0.2795
v -0.8792 6.7932 0.8881
v -0.7527 7.0074 1.0940
v -0.7615 7.0314 1.0896
v -0.8816 6.8167 0.8759
v -0.8830 6.8854 0.8458
v -0.7772 7.0851 1.0795
v -0.7861 7.1088 1.0751
v -0.8853 6.9090 0.8335
v 0.5559 6.3048 -0.3954
v 0.5621 6.3271 -0.3981
v 0.5719 6.3726 -0.4024
v 0.5782 6.3949 -0.4052
v 0.2496 7.5793 1.2800
v 0.4585 7.6124 1.1069
v 0.4586 7.6315 1.0914
v 0.2520 7.5981 1.2676
v 0.2570 7.6358 1.2430
v 0.4586 7.6696 1.0606
v 0.4586 7.6886 1.0452
v 0.2595 7.6546 1.2306
v -0.7895 6.4961 0.0492
v -0.8770 6.5681 0.3295
v -0.8791 6.5925 0.3181
v -0.7912 6.5205 0.0400
v -0.8024 6.5769 0.0170
v -0.8914 6.6628 0.2865
v -0.8934 6.6872 0.2752
v -0.8040 6.6013 0.0078
v -0.2650 6.2112 -0.6095
v -0.4503 6.2861 -0.4755
v -0.4539 6.3110 -0.4709
v -0.2618 6.2381 -0.6049
v -0.2488 6.2982 -0.5943
v -0.4415 6.3637 -0.4784
v -0.4438 6.3906 -0.4760
v -0.2448 6.3250 -0.5897
v 0.6673 7.4726 0.8551
v 0.7907 7.3009 0.8206
v 0.7866 7.3276 0.8005
v 0.6633 7.4952 0.8420
v 0.6581 7.5382 0.8176
v 0.7848 7.3845 0.7574
v 0.7809 7.4101 0.7383
v 0.6539 7.5604 0.8049
v 0.9276 6.9197 0.6484
v 0.9245 6.7756 0.5224
v 0.9264 6.8042 0.5086
v 0.9293 6.9451 0.6356
v 0.9282 7.0137 0.5953
v 0.9294 6.8643 0.4787
v 0.9313 6.8933 0.4646
v 0.9301 7.0402 0.5816
v -0.5504 7.2101 1.2484
v -0.2726 7.3943 1.3523
v -0.2718 7.4182 1.3387
v -0.5552 7.2332 1.2392
v -0.5647 7.2794 1.2207
v -0.2700 7.4659 1.3116
v -0.2691 7.4898 1.2980
v -0.5695 7.3025 1.2114
v -0.9172 6.6404 0.5820
v -0.9186 6.6647 0.5696
v -0.9238 6.7428 0.5351
v -0.9251 6.7671 0.5226
v 0.4319 6.2613 -0.5345
v 0.2973 6.2268 -0.6187
v 0.3030 6.2498 -0.6178
v 0.4367 6.2834 -0.5341
v 0.4400 6.3276 -0.5360
v 0.3079 6.2952 -0.6207
v 0.3127 6.3180 -0.6201
v 0.4445 6.3500 -0.5357
v -0.6090 6.3972 -0.2215
v -0.6161 6.4216 -0.2296
v -0.6263 6.4697 -0.2559
v -0.6339 6.4942 -0.2636
v 0.5218 7.5931 0.9185
v 0.5200 7.6077 0.9090
v 0.5087 7.6454 0.8900
v 0.5069 7.6601 0.8805
v 0.8847 7.1008 0.7656
v 0.8815 7.1288 0.7474
v 0.8740 7.2038 0.6952
v 0.8708 7.2316 0.6771
v -0.0788 6.1682 -0.6462
v -0.0804 6.1941 -0.6417
v -0.0651 6.2660 -0.6452
v -0.0735 6.2922 -0.6412
v 0.0001 6.1864 -0.6357
v 0.0029 6.2108 -0.6345
v 0.1074 6.2874 -0.6556
v 0.1070 6.3196 -0.6592
v 0.0856 6.2046 -0.6051
v 0.0862 6.2274 -0.6072
v -0.0036 7.5070 1.3705
v -0.0014 7.5268 1.3579
v 0.0029 7.5663 1.3326
v 0.0051 7.5861 1.3200
v 0.5313 7.5765 0.8898
v 0.5291 7.5903 0.8794
v 0.5220 7.6241 0.8660
v 0.5198 7.6378 0.8557
v 0.2619 7.4957 1.3463
v 0.2584 7.5146 1.3361
v 0.0205 7.3331 1.4667
v 0.0245 7.3121 1.4756
v 0.2832 7.4194 1.3987
v 0.2797 7.4380 1.3886
v 0.4628 7.5398 1.1680
v 0.4641 7.5524 1.1598
v 0.4532 7.4765 1.2121
v 0.4542 7.4881 1.2038
v -0.2634 7.1950 1.4481
v -0.2599 7.1741 1.4559
v -0.5116 7.0205 1.3325
v -0.5030 7.0017 1.3377
v -0.6933 6.8255 1.1696
v -0.6860 6.8073 1.1782
v -0.8228 6.6165 0.9547
v -0.8152 6.5990 0.9600
v -0.8478 6.4914 0.6550
v -0.8405 6.4740 0.6622
v -0.7837 6.3693 0.3971
v -0.7741 6.3467 0.4041
v -0.6748 6.2489 0.1205
v -0.6605 6.2245 0.1289
v -0.5390 6.1680 -0.1827
v -0.5332 6.1471 -0.1804
v -0.4198 6.0816 -0.5166
v -0.4146 6.0639 -0.5264
v -0.2687 6.0805 -0.6643
v -0.2662 6.0652 -0.6705
v -0.1061 6.0610 -0.6797
v -0.1064 6.0420 -0.6853
v 0.5263 7.5246 0.9664
v 0.5259 7.5353 0.9585
v 0.5277 7.4652 1.0022
v 0.5273 7.4758 0.9943
v 0.5411 7.5191 0.9282
v 0.5423 7.5079 0.9334
v 0.6763 7.3893 0.9015
v 0.6762 7.4086 0.8912
v 0.5448 7.4551 0.9606
v 0.5459 7.4435 0.9662
v 0.6741 7.2623 0.9739
v 0.6742 7.2823 0.9631
v 0.7777 7.2127 0.8809
v 0.7787 7.2328 0.8702
v 0.7688 7.0906 0.9453
v 0.7698 7.1099 0.9357
v 0.8610 7.0060 0.8218
v 0.8637 7.0239 0.8131
v 0.8512 6.8947 0.8617
v 0.8532 6.9132 0.8535
v 0.9095 6.8216 0.6995
v 0.9127 6.8385 0.6901
v 0.8997 6.6760 0.7569
v 0.9033 6.6952 0.7464
v 0.9268 6.6632 0.5749
v 0.9303 6.6837 0.5679
v 0.8916 6.4846 0.6226
v 0.8965 6.5048 0.6157
v 0.9075 6.4792 0.3846
v 0.9128 6.4999 0.3773
v 0.8477 6.3126 0.4278
v 0.8530 6.3328 0.4205
v 0.7641 6.1913 0.1785
v 0.7721 6.2114 0.1718
v 0.5393 6.2186 -0.3874
v 0.5423 6.2369 -0.3894
v 0.6333 6.1608 -0.1229
v 0.6284 6.1446 -0.1157
v 0.5247 6.1019 -0.3745
v 0.5279 6.1201 -0.3765
v 0.4219 6.1949 -0.5371
v 0.4213 6.1742 -0.5364
v 0.2829 6.1410 -0.6184
v 0.2831 6.1624 -0.6191
v 0.4191 6.0692 -0.5275
v 0.4184 6.0486 -0.5267
v 0.2836 6.0137 -0.6046
v 0.2834 6.0350 -0.6056
v 0.1968 6.1493 -0.6085
v 0.1937 6.1305 -0.6056
v 0.1399 6.1127 -0.5225
v 0.1421 6.1354 -0.5197
v 0.1078 6.0122 -0.5123
v 0.1048 6.0351 -0.5040
v 0.0516 6.1597 -0.6095
v 0.0564 6.1329 -0.6198
v 0.0838 6.0356 -0.6009
v 0.0859 6.0129 -0.6090
v 0.4113 5.9979 -0.5098
v 0.5036 6.0628 -0.3518
v 0.5005 6.0488 -0.3447
v 0.4112 5.9823 -0.5055
v 0.8479 6.4376 0.6376
v 0.8554 6.6368 0.7730
v 0.8421 6.6233 0.7796
v 0.8303 6.4247 0.6442
v 0.2781 7.3632 1.4039
v 0.0287 7.2659 1.4819
v 0.0289 7.2524 1.4807
v 0.2785 7.3502 1.4050
v -0.4118 6.0087 -0.5396
v -0.2747 5.9813 -0.6744
v -0.2720 5.9678 -0.6780
v -0.4073 5.9967 -0.5490
v 0.1089 5.9567 -0.6618
v 0.1137 5.9628 -0.4599
v 0.1133 5.9521 -0.4598
v 0.1122 5.9441 -0.6621
v 0.5977 6.1191 -0.0831
v 0.7169 6.1641 0.2067
v 0.6966 6.1546 0.2179
v 0.5877 6.1066 -0.0714
v 0.2836 5.9646 -0.5924
v 0.2841 5.9509 -0.5902
v -0.7770 6.5813 0.9677
v -0.8047 6.4063 0.6785
v -0.7875 6.3925 0.6824
v -0.7635 6.5705 0.9700
v 0.5339 7.4640 1.0053
v 0.4496 7.4402 1.2222
v 0.4491 7.4284 1.2239
v 0.5329 7.4595 1.0087
v 0.8187 6.8498 0.8784
v 0.7526 7.0412 0.9642
v 0.7445 7.0239 0.9705
v 0.8071 6.8344 0.8843
v -0.6159 6.1585 0.1401
v -0.5127 6.0872 -0.1772
v -0.5075 6.0735 -0.1733
v -0.6032 6.1457 0.1476
v 0.8018 6.2678 0.4493
v 0.7799 6.2554 0.4574
v -0.4659 6.9683 1.3274
v -0.6545 6.7767 1.1809
v -0.6484 6.7656 1.1832
v -0.4648 6.9574 1.3317
v -0.7278 6.2744 0.4161
v -0.7097 6.2582 0.4219
v 0.6675 7.2212 0.9943
v 0.5524 7.4419 0.9667
v 0.5511 7.4372 0.9706
v 0.6640 7.2075 1.0013
v -0.2425 7.1319 1.4563
v -0.2414 7.1196 1.4579
v 0.4054 5.9157 -0.4812
v 0.4814 5.9870 -0.3071
v 0.4766 5.9772 -0.2990
v 0.4028 5.9059 -0.4756
v 0.7372 6.3841 0.6665
v 0.7709 6.5890 0.8022
v 0.7547 6.5781 0.8038
v 0.7164 6.3748 0.6690
v 0.2758 7.2362 1.3994
v 0.0265 7.1418 1.4750
v 0.0256 7.1281 1.4668
v 0.2729 7.2205 1.3931
v -0.3940 5.9216 -0.5541
v -0.2628 5.9005 -0.6789
v -0.2575 5.8916 -0.6772
v -0.3908 5.9117 -0.5507
v 0.0550 5.8777 -0.7211
v 0.1245 5.9063 -0.4879
v 0.1242 5.8992 -0.4859
v 0.0686 5.8713 -0.7135
v 0.5354 6.0298 -0.0092
v 0.5933 6.0850 0.2714
v 0.5725 6.0770 0.2818
v 0.5246 6.0187 0.0044
v -0.2277 7.0320 1.4580
v -0.4460 6.8869 1.3371
v -0.4372 6.8754 1.3279
v -0.2210 7.0189 1.4484
v 0.2049 5.8957 -0.5909
v 0.2028 5.8867 -0.5875
v -0.6886 6.5248 0.9806
v -0.6909 6.3171 0.6973
v -0.6709 6.3072 0.6995
v -0.6713 6.5225 0.9792
v 0.5269 7.4359 1.0252
v 0.4421 7.3488 1.2291
v 0.4390 7.3369 1.2293
v 0.5255 7.4315 1.0284
v 0.7417 6.7769 0.9132
v 0.6970 6.9460 0.9988
v 0.6856 6.9302 1.0002
v 0.7270 6.7637 0.9137
v -0.5366 6.0823 0.1760
v -0.4763 6.0135 -0.1538
v -0.4700 6.0035 -0.1477
v -0.5241 6.0697 0.1832
v 0.6667 6.1897 0.4921
v 0.6428 6.1807 0.4982
v -0.6090 6.7032 1.1880
v -0.5975 6.6959 1.1801
v -0.6156 6.1741 0.4449
v -0.5971 6.1598 0.4502
v 0.6438 7.1371 1.0326
v 0.5449 7.4150 0.9876
v 0.5437 7.4107 0.9907
v 0.6388 7.1215 1.0384
v -0.0101 7.4477 1.4084
v 0.0236 7.2836 1.4814
v 0.2688 7.3727 1.3968
v 0.2422 7.5228 1.3170
v 0.4462 7.4553 1.2162
v 0.4585 7.5553 1.1531
v -0.2753 7.3227 1.3930
v -0.2449 7.1564 1.4531
v -0.5361 7.1408 1.2762
v -0.4682 6.9900 1.3188
v -0.7239 6.9428 1.1056
v -0.6668 6.7988 1.1763
v -0.8639 6.7466 0.9200
v -0.8028 6.6081 0.9622
v -0.8923 6.6098 0.6123
v -0.8338 6.4711 0.6695
v -0.8463 6.5350 0.3579
v -0.7706 6.3564 0.4142
v -0.7691 6.4431 0.0747
v -0.6549 6.2466 0.1418
v -0.5770 6.3279 -0.1923
v -0.5120 6.1392 -0.2671
v -0.3537 6.1846 -0.4721
v -0.3592 6.0439 -0.5495
v -0.2460 6.1533 -0.6074
v -0.1958 6.0330 -0.6406
v -0.0146 6.1174 -0.6751
v 0.0378 6.0057 -0.6501
v 0.5281 7.4547 1.0099
v 0.5251 7.5398 0.9470
v 0.5378 7.5235 0.9281
v 0.5474 7.4338 0.9701
v 0.6776 7.2616 0.9674
v 0.6764 7.4102 0.8899
v 0.7743 7.1072 0.9283
v 0.7809 7.2554 0.8529
v 0.8461 6.9207 0.8523
v 0.8679 7.0657 0.7811
v 0.8842 6.7125 0.7579
v 0.9133 6.8593 0.6743
v 0.8857 6.5234 0.6223
v 0.9188 6.6877 0.5654
v 0.8476 6.3421 0.4311
v 0.8906 6.5071 0.3729
v 0.7583 6.2045 0.1835
v 0.8227 6.3694 0.1292
v 0.6561 6.2730 -0.1633
v 0.7336 6.4979 -0.2195
v 0.8635 6.6137 0.0322
v 0.5260 6.0979 -0.1718
v 0.4529 6.0563 -0.3841
v 0.5340 6.2392 -0.3843
v 0.4127 6.1960 -0.5272
v 0.3983 6.0413 -0.4740
v 0.2801 6.0126 -0.5628
v 0.2792 6.1631 -0.6045
v 0.1225 5.9724 -0.4770
v 0.0973 6.1180 -0.4819
v 0.9086 6.7455 0.2608
v -0.7949 7.1326 1.0707
v -0.8813 6.9360 0.8219
v 0.5845 6.4171 -0.4080
v 0.4587 7.7077 1.0297
v 0.2619 7.6734 1.2183
v -0.8631 6.7293 0.2672
v -0.7828 6.6383 0.0010
v -0.4460 6.4227 -0.4452
v -0.2426 6.3557 -0.5691
v 0.7611 7.4486 0.7089
v 0.6489 7.5832 0.7916
v 0.9316 6.9240 0.4491
v 0.9153 7.0827 0.5552
v -0.2682 7.5137 1.2844
v -0.5743 7.3257 1.2021
v 0.8697 6.7799 -0.0480
v 0.7540 6.6622 -0.2644
v 0.7336 6.7107 -0.2690
v 0.8498 6.8261 -0.0641
v -0.9013 6.8053 0.5128
v 0.3174 6.3445 -0.6028
v 0.4491 6.3739 -0.5282
v -0.6361 6.5238 -0.2586
v 0.5105 7.6568 0.8710
v 0.8380 7.2847 0.6390
v -0.0747 6.3209 -0.6416
v 0.1301 6.3137 -0.6011
v 0.0072 7.6059 1.3073
v 0.5205 7.6337 0.8453
v 0.3525 6.5318 -0.5896
v 0.1629 6.4968 -0.6028
v 0.1649 6.5598 -0.5994
v 0.3491 6.5913 -0.5597
v -0.5602 7.4458 1.1355
v -0.2553 7.6190 1.2116
v -0.2375 7.6378 1.1643
v -0.5327 7.4704 1.0895
v 0.4715 7.6964 0.7881
v 0.6094 7.6609 0.7369
v 0.5610 7.6723 0.7224
v 0.4758 7.7157 0.7683
v 0.5940 6.5957 -0.4309
v 0.5772 6.6482 -0.4178
v 0.2518 7.7786 1.0808
v 0.4463 7.7880 0.8949
v 0.4253 7.7962 0.8622
v 0.2450 7.7954 1.0349
v -0.0665 6.4907 -0.6453
v -0.2458 6.5065 -0.5904
v -0.2365 6.5593 -0.5756
v -0.0546 6.5461 -0.6245
v 0.8476 6.9270 -0.1155
v 0.7525 6.8320 -0.3283
v 0.7369 7.0090 -0.3787
v 0.8213 7.0984 -0.2036
v -0.4622 6.5549 -0.4839
v -0.6874 6.6522 -0.3047
v -0.6685 6.6956 -0.3011
v -0.4495 6.6001 -0.4712
v 0.9210 7.0848 0.3498
v 0.9112 6.9184 0.1573
v 0.8849 6.9596 0.1370
v 0.8830 7.1202 0.3293
v -0.7967 6.7488 -0.0551
v -0.8507 6.8447 0.2081
v -0.8228 6.8805 0.1919
v -0.7767 6.7872 -0.0645
v 0.8325 7.3940 0.5747
v 0.8977 7.2082 0.4779
v 0.8618 7.2415 0.4546
v 0.8016 7.4227 0.5502
v -0.8808 6.9367 0.4564
v -0.8446 7.0806 0.7472
v -0.8138 7.1192 0.7164
v -0.8512 6.9750 0.4375
v -0.7912 7.2592 1.0054
v -0.7538 7.2912 0.9592
v 0.7635 7.5370 0.6568
v 0.7360 7.5550 0.6354
v 0.4561 6.5557 -0.5285
v 0.4452 6.6139 -0.5021
v 0.0131 7.7082 1.1797
v 0.0179 7.7238 1.1314
v 0.4564 7.7132 0.8042
v 0.4647 7.7354 0.7841
v 0.1806 6.7233 -0.6493
v -0.0494 6.7124 -0.6995
v -0.0421 6.9464 -0.7264
v 0.1839 6.9491 -0.6674
v -0.7269 7.4161 0.8994
v -0.5280 7.5530 1.0433
v -0.4940 7.6453 0.9497
v -0.6562 7.5501 0.8040
v 0.5893 7.7504 0.6977
v 0.7400 7.6356 0.6048
v 0.6961 7.7124 0.5387
v 0.5854 7.8107 0.6299
v 0.4560 6.7622 -0.5250
v 0.3636 6.7441 -0.5810
v 0.3715 6.9534 -0.6116
v 0.4718 6.9595 -0.5680
v -0.2697 7.7036 1.1176
v -0.0240 7.7995 1.0944
v -0.0724 7.8657 0.9993
v -0.2944 7.7646 1.0108
v 0.3778 7.8692 0.8651
v 0.4432 7.8367 0.7923
v 0.4247 7.9125 0.7319
v 0.3306 7.9385 0.7990
v 0.2109 7.8718 1.0133
v 0.1508 7.9310 0.9265
v -0.2635 6.7272 -0.6481
v -0.4911 6.7625 -0.5390
v -0.4801 6.9876 -0.5592
v -0.2714 6.9648 -0.6841
v 0.8783 7.0564 0.0804
v 0.8346 7.2163 -0.0163
v -0.6864 6.8341 -0.3564
v -0.8052 6.9412 -0.1412
v -0.7539 7.1279 -0.2088
v -0.6494 7.0303 -0.3993
v 0.8528 7.3475 0.3946
v 0.8424 7.2220 0.2648
v 0.8145 7.3414 0.1857
v 0.7961 7.4663 0.3145
v -0.8475 7.0472 0.1136
v -0.8688 7.1541 0.3772
v -0.8300 7.3613 0.2945
v -0.8166 7.2467 0.0276
v 0.8027 7.5092 0.5020
v 0.7530 7.6002 0.4326
v -0.8189 7.2803 0.6578
v -0.7684 7.4624 0.5647
v 0.4884 7.8031 0.7596
v 0.4893 7.8774 0.6906
v 0.5833 6.7896 -0.4467
v 0.5950 6.9734 -0.4955
v -0.0353 7.2557 -0.7059
v -0.2536 7.2719 -0.6488
v -0.4514 7.2563 -0.5493
v -0.6037 7.2239 -0.4445
v 0.1854 7.2218 -0.6570
v 0.3800 7.2106 -0.6351
v 0.4946 7.2029 -0.6088
v 0.7161 7.1607 -0.4260
v 0.6093 7.1857 -0.5214
v 0.0783 8.0199 0.7632
v 0.0191 8.0511 0.5185
v -0.1952 8.0084 0.5880
v -0.1244 7.9494 0.8572
v -0.0044 8.0016 0.2435
v -0.2359 7.9714 0.3279
v -0.0213 7.9136 -0.0847
v -0.2611 7.9000 -0.0149
v -0.0264 7.7408 -0.3654
v -0.2533 7.7290 -0.3043
v -0.0288 7.5250 -0.5662
v -0.2439 7.5206 -0.5086
v -0.3523 7.8679 0.6826
v -0.3029 7.8357 0.8918
v -0.4814 7.8837 0.3941
v -0.5188 7.8216 0.0747
v -0.4951 7.6653 -0.2181
v -0.4580 7.4743 -0.4194
v -0.5722 7.7184 0.7277
v -0.4752 7.7343 0.8803
v -0.6822 7.6925 0.4777
v -0.7412 7.6242 0.1799
v -0.7114 7.4959 -0.0970
v -0.6610 7.3538 -0.3168
v 0.2811 7.9895 0.6564
v 0.2342 7.9907 0.4425
v 0.2098 7.9556 0.1722
v 0.2027 7.8666 -0.1183
v 0.1942 7.6991 -0.3698
v 0.1909 7.4858 -0.5596
v 0.4188 7.9564 0.5793
v 0.3863 7.9379 0.3818
v 0.3768 7.8918 0.1375
v 0.3856 7.8080 -0.1252
v 0.3890 7.6639 -0.3694
v 0.3868 7.4618 -0.5500
v 0.4917 7.9165 0.5425
v 0.4705 7.8919 0.3572
v 0.4690 7.8365 0.1350
v 0.4880 7.7522 -0.1057
v 0.5070 7.6230 -0.3424
v 0.5039 7.4363 -0.5184
v 0.6654 7.7686 0.4734
v 0.6825 7.7058 0.3704
v 0.5793 7.8175 0.3461
v 0.5837 7.8497 0.5033
v 0.6943 7.6060 0.2264
v 0.5820 7.7425 0.1609
v 0.7181 7.5016 0.0504
v 0.6103 7.6547 -0.0508
v 0.7541 7.3949 -0.1432
v 0.6349 7.5357 -0.2641
v 0.7515 7.2726 -0.3143
v 0.6407 7.3844 -0.4415
v 0.4033 5.9541 -0.4707
v 0.4440 5.9663 -0.3851
v 0.4582 5.8930 -0.4189
v 0.4002 5.8901 -0.4873
v 0.7802 6.4467 0.6614
v 0.8044 6.6352 0.7973
v 0.7073 6.5739 0.8089
v 0.6559 6.3947 0.6767
v 0.2711 7.2940 1.4034
v 0.0251 7.2035 1.4750
v 0.0208 7.1037 1.4258
v 0.2541 7.2016 1.3651
v -0.3627 5.9315 -0.6108
v -0.1631 5.9297 -0.6561
v -0.1180 5.8574 -0.6769
v -0.2841 5.8479 -0.6379
v 0.5399 7.4059 0.9929
v 0.5220 7.4273 1.0302
v 0.5134 7.4018 1.0489
v 0.5324 7.3800 1.0113
v 0.0825 5.9305 -0.6585
v 0.1325 5.9086 -0.4822
v 0.1153 5.8638 -0.4744
v 0.1259 5.8808 -0.6340
v 0.4986 6.0230 -0.1831
v 0.6368 6.1466 0.2507
v 0.5114 6.0981 0.3129
v 0.4800 5.9067 -0.2114
v -0.2378 7.0829 1.4627
v -0.4615 6.9248 1.3445
v -0.4088 6.8565 1.2883
v -0.1977 7.0042 1.4173
v 0.2494 5.9339 -0.5577
v 0.2043 5.8772 -0.5777
v -0.7567 6.5439 0.9763
v -0.7308 6.3902 0.6946
v -0.6307 6.3111 0.7095
v -0.6532 6.5318 0.9672
v 0.4427 7.3831 1.2263
v 0.4230 7.3142 1.2265
v 0.7759 6.8304 0.8916
v 0.7261 7.0073 0.9668
v 0.6477 6.9138 0.9748
v 0.6867 6.7504 0.8996
v -0.5786 6.1697 0.1869
v -0.4685 6.0328 -0.3043
v -0.4183 5.9432 -0.3362
v -0.5033 6.0802 0.2301
v 0.7165 6.2648 0.4800
v 0.5731 6.2097 0.5164
v -0.6653 6.7324 1.1901
v -0.5961 6.6888 1.1431
v -0.6634 6.2592 0.4511
v -0.5725 6.1636 0.4847
v 0.6369 7.1840 1.0059
v 0.6084 7.0969 1.0339
v -0.5628 4.3736 -0.9979
v -0.5535 4.3753 -1.0065
v -0.4597 4.2545 -1.0077
v -0.4625 4.2456 -1.0026
v -0.3493 4.1351 -0.9722
v -0.3614 4.1312 -0.9651
v -0.2389 5.0951 -0.9322
v -0.2293 5.1068 -0.9497
v -0.2515 5.0652 -0.9717
v -0.2604 5.0573 -0.9566
v -0.2997 4.9562 -0.9679
v -0.3040 4.9512 -0.9550
v -0.3667 4.8319 -0.9536
v -0.3661 4.8239 -0.9362
v -0.3821 4.7147 -0.8831
v -0.3905 4.7056 -0.8665
v -0.4390 4.6305 -0.8436
v -0.4500 4.6285 -0.8292
v -0.4937 4.5690 -0.8338
v -0.5056 4.5699 -0.8223
v -0.5478 4.5462 -0.8653
v -0.5576 4.5427 -0.8543
v -0.5908 4.5319 -0.9178
v -0.5980 4.5238 -0.9053
v -0.6065 4.4844 -0.9590
v -0.6127 4.4776 -0.9483
v -0.3031 4.0421 -0.9523
v -0.3139 4.0411 -0.9472
v -0.2953 3.9632 -0.9430
v -0.3034 3.9640 -0.9383
v -0.3318 3.9240 -0.9520
v -0.3372 3.9208 -0.9444
v -0.3856 3.8664 -0.9510
v -0.3890 3.8640 -0.9420
v -0.4150 3.8147 -0.9293
v -0.4201 3.8133 -0.9230
v -0.4306 3.7868 -0.9248
v -0.4323 3.7862 -0.9206
v -0.2133 4.1621 -1.0780
v -0.2049 4.1523 -1.0691
v -0.2508 4.0712 -1.0557
v -0.2584 4.0795 -1.0637
v -0.2812 3.9783 -1.0030
v -0.2881 3.9862 -1.0107
v -0.3916 4.8975 -0.7583
v -0.3800 4.8904 -0.7471
v -0.3677 4.8586 -0.7846
v -0.3801 4.8649 -0.7965
v -0.3519 4.8138 -0.8250
v -0.3672 4.8200 -0.8378
v -0.3132 3.8924 -0.9304
v -0.3172 3.8980 -0.9359
v -0.3487 3.8557 -0.9013
v -0.3509 3.8586 -0.9059
v -0.3524 4.7880 -0.8904
v -0.3660 4.7936 -0.9022
v -0.3412 4.7105 -0.9298
v -0.3539 4.7149 -0.9389
v -0.3315 4.6079 -0.9012
v -0.3408 4.6119 -0.9132
v -0.2726 4.5128 -0.8560
v -0.2816 4.5175 -0.8660
v -0.3761 3.8178 -0.9105
v -0.3751 3.8165 -0.9063
v -0.3906 3.7918 -0.9187
v -0.3920 3.7926 -0.9217
v -0.2040 4.4440 -0.8468
v -0.2123 4.4495 -0.8549
v -0.1390 4.3784 -0.8613
v -0.1482 4.3868 -0.8708
v -0.1193 4.3094 -0.9111
v -0.1308 4.3191 -0.9223
v -0.1346 4.2562 -0.9794
v -0.1454 4.2704 -0.9920
v -0.1671 4.2211 -1.0359
v -0.1751 4.2345 -1.0486
v -0.3538 4.9373 -0.7132
v -0.3384 4.9264 -0.7055
v -0.4227 5.5712 -0.7071
v -0.4054 5.5743 -0.7162
v -0.3509 5.4564 -0.7580
v -0.3590 5.4485 -0.7559
v -0.2579 5.3358 -0.7717
v -0.2757 5.3336 -0.7648
v 0.1019 6.1175 -0.4831
v 0.1114 6.1200 -0.4929
v 0.0722 6.0788 -0.4981
v 0.0664 6.0746 -0.4842
v 0.0205 6.0002 -0.4676
v 0.0155 6.0012 -0.4536
v -0.0641 5.9452 -0.4606
v -0.0726 5.9466 -0.4476
v -0.1597 5.8976 -0.4932
v -0.1800 5.8946 -0.4978
v -0.2775 5.8497 -0.5559
v -0.2953 5.8510 -0.5449
v -0.3704 5.7784 -0.4629
v -0.3812 5.7787 -0.4444
v -0.3962 5.7522 -0.5241
v -0.4042 5.7499 -0.5216
v -0.4196 5.7374 -0.5904
v -0.4390 5.7273 -0.5766
v -0.4447 5.6862 -0.6385
v -0.4650 5.6772 -0.6283
v -0.2119 5.2372 -0.7841
v -0.2290 5.2380 -0.7775
v -0.1760 5.1670 -0.8111
v -0.1927 5.1679 -0.8026
v -0.1772 5.1574 -0.8636
v -0.1928 5.1512 -0.8498
v -0.1874 5.1328 -0.9006
v -0.2029 5.1259 -0.8849
v -0.2052 5.1209 -0.9285
v -0.2196 5.1118 -0.9106
v -0.0101 5.3247 -0.9021
v -0.0019 5.3147 -0.8959
v -0.0940 5.2512 -0.9122
v -0.1023 5.2605 -0.9167
v -0.1780 5.1772 -0.8763
v -0.1851 5.1869 -0.8824
v -0.1959 6.0981 -0.3066
v -0.1883 6.0931 -0.2971
v -0.1627 6.0607 -0.3301
v -0.1730 6.0670 -0.3387
v -0.1572 6.0240 -0.3729
v -0.1675 6.0299 -0.3803
v -0.2576 5.0893 -0.7990
v -0.2647 5.0973 -0.8051
v -0.3226 5.0108 -0.7331
v -0.3323 5.0204 -0.7400
v -0.1440 5.9683 -0.4408
v -0.1531 5.9739 -0.4466
v -0.1230 5.9000 -0.4950
v -0.1316 5.9048 -0.5012
v -0.0844 5.8114 -0.5111
v -0.0930 5.8164 -0.5202
v -0.0268 5.7124 -0.4990
v -0.0357 5.7189 -0.5078
v 0.0429 5.6366 -0.5111
v 0.0349 5.6435 -0.5187
v 0.1027 5.5645 -0.5430
v 0.0943 5.5738 -0.5528
v 0.1208 5.4722 -0.6183
v 0.1117 5.4850 -0.6294
v 0.1323 5.4069 -0.7245
v 0.1221 5.4222 -0.7317
v 0.1081 5.3560 -0.8096
v 0.0956 5.3753 -0.8188
v -0.3113 4.3195 -1.0785
v -0.2931 4.3156 -1.0846
v -0.3314 4.2240 -1.0956
v -0.3492 4.2276 -1.0897
v -0.2570 4.3073 -1.0963
v -0.2395 4.3032 -1.1020
v -0.2782 4.2126 -1.1122
v -0.2956 4.2163 -1.1066
v -0.5559 4.9101 -0.8512
v -0.5353 4.9086 -0.8540
v -0.5435 4.8702 -0.9043
v -0.5646 4.8727 -0.9019
v -0.4923 4.9047 -0.8581
v -0.4701 4.9023 -0.8595
v -0.4746 4.8590 -0.9073
v -0.4983 4.8632 -0.9069
v -0.5506 4.8281 -0.9605
v -0.5287 4.8277 -0.9618
v -0.5049 4.7414 -0.9938
v -0.5251 4.7415 -0.9948
v -0.4829 4.8257 -0.9627
v -0.4594 4.8244 -0.9627
v -0.4421 4.7398 -0.9892
v -0.4631 4.7405 -0.9909
v -0.4792 4.6260 -0.9966
v -0.4609 4.6271 -0.9916
v -0.3989 4.5462 -0.9579
v -0.4171 4.5476 -0.9683
v -0.4242 4.6295 -0.9817
v -0.4058 4.6308 -0.9769
v -0.3443 4.5419 -0.9269
v -0.3624 4.5433 -0.9373
v -0.3424 4.4740 -0.9121
v -0.3248 4.4748 -0.9088
v -0.2658 4.4201 -0.9088
v -0.2838 4.4178 -0.9064
v -0.2893 4.4762 -0.9021
v -0.2715 4.4770 -0.8989
v -0.2118 4.4267 -0.9159
v -0.2297 4.4244 -0.9135
v -0.2680 4.3588 -0.9439
v -0.2520 4.3604 -0.9508
v -0.2617 4.3366 -1.0235
v -0.2768 4.3359 -1.0157
v -0.2203 4.3637 -0.9647
v -0.2044 4.3654 -0.9716
v -0.2172 4.3384 -1.0464
v -0.2319 4.3379 -1.0389
v -0.3703 4.1310 -1.0616
v -0.3558 4.1290 -1.0697
v -0.3706 4.0226 -1.0092
v -0.3826 4.0218 -0.9993
v -0.3266 4.1243 -1.0849
v -0.3125 4.1220 -1.0927
v -0.3334 4.0252 -1.0390
v -0.3457 4.0241 -1.0286
v -0.3947 3.9196 -0.9284
v -0.3833 3.9209 -0.9355
v -0.3981 3.8591 -0.9096
v -0.4070 3.8556 -0.9048
v -0.3602 3.9235 -0.9492
v -0.3489 3.9247 -0.9564
v -0.3711 3.8695 -0.9239
v -0.3800 3.8660 -0.9190
v -0.4222 3.8172 -0.9231
v -0.4141 3.8185 -0.9248
v -0.4157 3.7953 -0.9330
v -0.4199 3.7950 -0.9322
v -0.3977 3.8213 -0.9281
v -0.3896 3.8227 -0.9299
v -0.4030 3.7964 -0.9355
v -0.4072 3.7960 -0.9347
v -0.5376 4.9439 -0.7990
v -0.5209 4.9423 -0.8027
v -0.4867 4.9386 -0.8098
v -0.4693 4.9366 -0.8130
v -0.1081 5.5013 -0.8263
v -0.0842 5.4955 -0.8351
v -0.1590 5.4072 -0.8875
v -0.1861 5.4154 -0.8762
v -0.0351 5.4837 -0.8524
v -0.0106 5.4779 -0.8611
v -0.0781 5.3826 -0.9214
v -0.1050 5.3908 -0.9102
v -0.3151 6.1169 -0.3667
v -0.2970 6.1133 -0.3698
v -0.2960 6.0680 -0.4061
v -0.3152 6.0702 -0.4033
v -0.2608 6.1059 -0.3758
v -0.2428 6.1023 -0.3789
v -0.2382 6.0613 -0.4144
v -0.2575 6.0635 -0.4116
v -0.3183 6.0002 -0.4572
v -0.2944 6.0006 -0.4609
v -0.2740 5.9198 -0.5260
v -0.2989 5.9175 -0.5243
v -0.2467 6.0012 -0.4683
v -0.2228 6.0015 -0.4720
v -0.1997 5.9267 -0.5310
v -0.2245 5.9244 -0.5293
v -0.2443 5.8377 -0.5835
v -0.2226 5.8385 -0.5798
v -0.1700 5.7652 -0.5760
v -0.1925 5.7686 -0.5820
v -0.1792 5.8399 -0.5725
v -0.1575 5.8406 -0.5689
v -0.1028 5.7551 -0.5580
v -0.1251 5.7585 -0.5640
v -0.1091 5.6930 -0.5718
v -0.0884 5.6901 -0.5688
v -0.0310 5.6208 -0.5939
v -0.0518 5.6210 -0.5918
v -0.0470 5.6842 -0.5628
v -0.0263 5.6813 -0.5598
v 0.0318 5.6202 -0.5998
v 0.0108 5.6204 -0.5979
v -0.0498 5.5502 -0.6559
v -0.0293 5.5500 -0.6625
v -0.0451 5.5146 -0.7475
v -0.0690 5.5186 -0.7411
v 0.0124 5.5494 -0.6755
v 0.0332 5.5491 -0.6820
v 0.0274 5.5025 -0.7665
v 0.0035 5.5066 -0.7602
v -0.2656 5.3391 -0.8787
v -0.2412 5.3327 -0.8907
v -0.3086 5.2419 -0.8643
v -0.3307 5.2435 -0.8522
v -0.1923 5.3197 -0.9148
v -0.1679 5.3133 -0.9268
v -0.2426 5.2369 -0.9004
v -0.2646 5.2386 -0.8883
v -0.3895 5.1293 -0.7708
v -0.3716 5.1308 -0.7837
v -0.4630 5.0536 -0.7443
v -0.4837 5.0500 -0.7368
v -0.3358 5.1340 -0.8095
v -0.3180 5.1354 -0.8224
v -0.4014 5.0644 -0.7671
v -0.4220 5.0608 -0.7595
v -0.5277 4.9974 -0.7494
v -0.5084 4.9962 -0.7498
v -0.4697 4.9938 -0.7505
v -0.4504 4.9926 -0.7509
v -0.3097 6.1415 -0.3293
v -0.2944 6.1379 -0.3344
v -0.2641 6.1305 -0.3446
v -0.2489 6.1269 -0.3496
v -0.2406 4.1905 -1.1025
v -0.2311 4.1812 -1.0947
v -0.2736 4.0957 -1.0786
v -0.2817 4.1038 -1.0862
v -0.3011 4.0020 -1.0258
v -0.3078 4.0100 -1.0337
v -0.4272 4.9194 -0.7925
v -0.4151 4.9119 -0.7809
v -0.4064 4.8784 -0.8216
v -0.4200 4.8854 -0.8346
v -0.3999 4.8334 -0.8650
v -0.4168 4.8404 -0.8790
v -0.3252 3.9092 -0.9468
v -0.3293 3.9148 -0.9524
v -0.3554 3.8643 -0.9149
v -0.3576 3.8671 -0.9195
v -0.3939 4.8053 -0.9263
v -0.4080 4.8113 -0.9385
v -0.3803 4.7243 -0.9579
v -0.3937 4.7292 -0.9678
v -0.3593 4.6199 -0.9369
v -0.3687 4.6240 -0.9488
v -0.2994 4.5267 -0.8862
v -0.3083 4.5313 -0.8963
v -0.3783 3.8203 -0.9189
v -0.3793 3.8216 -0.9231
v -0.3947 3.7942 -0.9275
v -0.3961 3.7951 -0.9305
v -0.2290 4.4609 -0.8711
v -0.2372 4.4665 -0.8792
v -0.1664 4.4036 -0.8897
v -0.1755 4.4121 -0.8993
v -0.1539 4.3381 -0.9449
v -0.1655 4.3479 -0.9561
v -0.1677 4.2979 -1.0174
v -0.1791 4.3117 -1.0297
v -0.1927 4.2607 -1.0731
v -0.2021 4.2735 -1.0848
v -0.4002 4.9697 -0.7360
v -0.3847 4.9590 -0.7284
v -0.0349 5.3545 -0.9206
v -0.0266 5.3446 -0.9144
v -0.1187 5.2790 -0.9255
v -0.1270 5.2883 -0.9299
v -0.1992 5.2062 -0.8944
v -0.2064 5.2159 -0.9004
v -0.2186 6.1132 -0.3355
v -0.2110 6.1081 -0.3259
v -0.1937 6.0796 -0.3560
v -0.2040 6.0860 -0.3646
v -0.1881 6.0416 -0.3951
v -0.1983 6.0474 -0.4025
v -0.2789 5.1131 -0.8172
v -0.2859 5.1211 -0.8231
v -0.3517 5.0394 -0.7539
v -0.3614 5.0489 -0.7608
v -0.1715 5.9851 -0.4583
v -0.1805 5.9906 -0.4641
v -0.1489 5.9146 -0.5139
v -0.1576 5.9194 -0.5201
v -0.1102 5.8263 -0.5382
v -0.1187 5.8313 -0.5472
v -0.0536 5.7320 -0.5255
v -0.0625 5.7386 -0.5343
v 0.0187 5.6574 -0.5339
v 0.0106 5.6644 -0.5415
v 0.0776 5.5923 -0.5724
v 0.0693 5.6015 -0.5822
v 0.0909 5.5105 -0.6524
v 0.0792 5.5232 -0.6643
v 0.0968 5.4527 -0.7474
v 0.0822 5.4680 -0.7557
v 0.0657 5.4139 -0.8383
v 0.0489 5.4333 -0.8487
v -0.5911 4.3666 -0.9728
v -0.5817 4.3682 -0.9813
v -0.4671 4.2262 -0.9902
v -0.4698 4.2174 -0.9848
v -0.3831 4.1234 -0.9482
v -0.3943 4.1197 -0.9416
v -0.2676 5.0601 -0.8798
v -0.2581 5.0718 -0.8973
v -0.2783 5.0414 -0.9266
v -0.2871 5.0335 -0.9116
v -0.3124 4.9410 -0.9292
v -0.3167 4.9360 -0.9162
v -0.3641 4.8074 -0.9008
v -0.3628 4.7989 -0.8827
v -0.4069 4.6870 -0.8327
v -0.4149 4.6776 -0.8159
v -0.4721 4.6243 -0.8004
v -0.4831 4.6223 -0.7861
v -0.5293 4.5718 -0.7991
v -0.5411 4.5727 -0.7875
v -0.5772 4.5355 -0.8324
v -0.5870 4.5320 -0.8213
v -0.6130 4.5072 -0.8811
v -0.6203 4.4992 -0.8686
v -0.6258 4.4629 -0.9282
v -0.6320 4.4562 -0.9175
v -0.3335 4.0396 -0.9337
v -0.3440 4.0387 -0.9288
v -0.3184 3.9660 -0.9268
v -0.3266 3.9668 -0.9222
v -0.3471 3.9144 -0.9274
v -0.3526 3.9112 -0.9199
v -0.3957 3.8592 -0.9235
v -0.3993 3.8568 -0.9146
v -0.4302 3.8107 -0.9106
v -0.4353 3.8094 -0.9044
v -0.4358 3.7849 -0.9123
v -0.4376 3.7843 -0.9081
v -0.4733 5.5612 -0.6792
v -0.4568 5.5647 -0.6886
v -0.3753 5.4327 -0.7517
v -0.3833 5.4248 -0.7496
v -0.3111 5.3289 -0.7510
v -0.3289 5.3267 -0.7441
v 0.0670 6.1216 -0.4680
v 0.0777 6.1232 -0.4754
v 0.0289 6.0889 -0.5020
v 0.0215 6.0856 -0.4908
v -0.0371 6.0290 -0.5119
v -0.0419 6.0296 -0.4987
v -0.1085 5.9604 -0.4786
v -0.1142 5.9610 -0.4578
v -0.1857 5.8849 -0.4222
v -0.1980 5.8796 -0.4070
v -0.2679 5.8342 -0.4079
v -0.2821 5.8338 -0.3932
v -0.3352 5.7776 -0.4235
v -0.3487 5.7787 -0.4102
v -0.4013 5.7384 -0.4768
v -0.4140 5.7349 -0.4658
v -0.4721 5.7048 -0.5418
v -0.4899 5.6936 -0.5291
v -0.5026 5.6576 -0.6064
v -0.5193 5.6466 -0.5947
v -0.2633 5.2397 -0.7642
v -0.2804 5.2406 -0.7577
v -0.2262 5.1697 -0.7855
v -0.2429 5.1707 -0.7770
v -0.2240 5.1389 -0.8221
v -0.2396 5.1327 -0.8082
v -0.2342 5.1120 -0.8536
v -0.2498 5.1051 -0.8379
v -0.2483 5.0933 -0.8747
v -0.2627 5.0841 -0.8568
v -0.3252 3.8771 -0.9690
v -0.3221 3.8733 -0.9628
v -0.3789 3.8131 -0.9390
v -0.3826 3.8148 -0.9415
v -0.3156 3.8660 -0.9503
v -0.3125 3.8623 -0.9442
v -0.3678 3.8081 -0.9316
v -0.3714 3.8098 -0.9341
v -0.4084 3.7840 -0.9340
v -0.4114 3.7851 -0.9354
v -0.3990 3.7805 -0.9299
v -0.4021 3.7817 -0.9312
v -0.0904 5.0413 -0.9885
v -0.0758 5.0244 -0.9833
v -0.1038 4.9694 -1.0076
v -0.1193 4.9871 -1.0156
v -0.0464 4.9908 -0.9731
v -0.0318 4.9740 -0.9679
v -0.0569 4.9166 -0.9837
v -0.0726 4.9342 -0.9916
v -0.1630 4.8783 -1.0168
v -0.1780 4.8925 -1.0233
v -0.1180 4.8357 -0.9971
v -0.1329 4.8500 -1.0037
v -0.2522 4.7566 -0.9883
v -0.2627 4.7627 -0.9950
v -0.2209 4.7384 -0.9680
v -0.2313 4.7445 -0.9748
v -0.3051 4.6987 -0.9566
v -0.3123 4.7028 -0.9638
v -0.2837 4.6864 -0.9354
v -0.2908 4.6905 -0.9425
v -0.4380 4.3284 -0.9840
v -0.4274 4.3233 -0.9762
v -0.3363 4.2216 -0.9716
v -0.3445 4.2236 -0.9774
v -0.4063 4.3131 -0.9607
v -0.3957 4.3080 -0.9529
v -0.3123 4.2155 -0.9548
v -0.3204 4.2175 -0.9606
v -0.2505 4.1320 -0.9632
v -0.2565 4.1328 -0.9670
v -0.2327 4.1292 -0.9527
v -0.2387 4.1301 -0.9565
v -0.3537 4.6241 -0.8758
v -0.3608 4.6322 -0.8850
v -0.3329 4.5997 -0.8481
v -0.3398 4.6079 -0.8573
v -0.3997 4.5492 -0.8424
v -0.4086 4.5569 -0.8505
v -0.3730 4.5258 -0.8183
v -0.3819 4.5336 -0.8263
v -0.4405 4.4879 -0.8375
v -0.4513 4.4945 -0.8426
v -0.4705 4.4611 -0.8887
v -0.4827 4.4693 -0.8964
v -0.4188 4.4747 -0.8272
v -0.4079 4.4680 -0.8220
v -0.4341 4.4361 -0.8658
v -0.4463 4.4444 -0.8735
v -0.2156 4.0666 -0.9733
v -0.2206 4.0677 -0.9774
v -0.2007 4.0633 -0.9613
v -0.2058 4.0643 -0.9654
v -0.2155 4.0258 -0.9883
v -0.2229 4.0291 -0.9932
v -0.1932 4.0159 -0.9739
v -0.2007 4.0192 -0.9787
v -0.4774 4.4073 -0.9315
v -0.4903 4.4158 -0.9394
v -0.4384 4.3818 -0.9078
v -0.4514 4.3903 -0.9157
v -0.2451 3.9549 -0.9885
v -0.2544 3.9591 -0.9948
v -0.2170 3.9423 -0.9695
v -0.2264 3.9465 -0.9758
v -0.0693 5.1086 -0.9093
v -0.0558 5.0976 -0.9064
v -0.0642 5.0615 -0.9535
v -0.0793 5.0761 -0.9563
v -0.0287 5.0756 -0.9004
v -0.0152 5.0646 -0.8975
v -0.0188 5.0180 -0.9451
v -0.0339 5.0325 -0.9479
v 0.1809 6.0988 -0.5257
v 0.1909 6.0931 -0.5328
v 0.1692 6.0428 -0.5421
v 0.1555 6.0517 -0.5499
v 0.2106 6.0816 -0.5270
v 0.2204 6.0760 -0.5185
v 0.2102 6.0163 -0.5439
v 0.1966 6.0251 -0.5517
v 0.1028 5.9627 -0.5704
v 0.0845 5.9679 -0.5767
v 0.1577 5.9471 -0.5516
v 0.1394 5.9523 -0.5578
v 0.0120 5.8973 -0.5752
v -0.0022 5.8990 -0.5829
v 0.0549 5.8923 -0.5520
v 0.0406 5.8939 -0.5597
v -0.0543 5.8599 -0.5566
v -0.0622 5.8624 -0.5636
v -0.0304 5.8523 -0.5354
v -0.0384 5.8548 -0.5424
v -0.2748 5.5294 -0.7132
v -0.2641 5.5231 -0.7061
v -0.2021 5.4115 -0.7318
v -0.2129 5.4150 -0.7379
v -0.2429 5.5106 -0.6919
v -0.2323 5.5043 -0.6848
v -0.1698 5.4011 -0.7133
v -0.1806 5.4045 -0.7195
v -0.1139 5.3096 -0.7552
v -0.1231 5.3120 -0.7599
v -0.0852 5.3022 -0.7406
v -0.0949 5.3047 -0.7455
v -0.1184 5.8180 -0.4871
v -0.1257 5.8250 -0.4950
v -0.0970 5.7968 -0.4633
v -0.1042 5.8038 -0.4713
v -0.1812 5.7502 -0.4771
v -0.1908 5.7580 -0.4839
v -0.1526 5.7268 -0.4568
v -0.1621 5.7345 -0.4636
v -0.2383 5.6872 -0.4941
v -0.2504 5.6945 -0.4981
v -0.2019 5.6655 -0.4822
v -0.2141 5.6727 -0.4862
v -0.2642 5.6655 -0.5677
v -0.2753 5.6757 -0.5747
v -0.2321 5.6354 -0.5472
v -0.2426 5.6453 -0.5539
v -0.0764 5.2283 -0.7845
v -0.0870 5.2316 -0.7935
v -0.0445 5.2183 -0.7576
v -0.0552 5.2216 -0.7666
v -0.0502 5.1709 -0.8177
v -0.0622 5.1780 -0.8266
v -0.0140 5.1498 -0.7912
v -0.0260 5.1568 -0.8000
v -0.2753 5.6168 -0.6374
v -0.2867 5.6273 -0.6443
v -0.2421 5.5859 -0.6169
v -0.2528 5.5961 -0.6236
v -0.0392 5.1320 -0.8577
v -0.0506 5.1429 -0.8655
v -0.0051 5.0992 -0.8347
v -0.0165 5.1101 -0.8424
v -0.5463 4.2794 -0.8117
v -0.5362 4.2808 -0.8211
v -0.5838 4.2304 -0.8364
v -0.5939 4.2311 -0.8288
v -0.5161 4.2837 -0.8394
v -0.5062 4.2851 -0.8487
v -0.5533 4.2284 -0.8594
v -0.5636 4.2290 -0.8517
v -0.4862 4.2879 -0.8669
v -0.4762 4.2894 -0.8762
v -0.5225 4.2265 -0.8827
v -0.5328 4.2271 -0.8748
v -0.6041 4.1533 -0.8621
v -0.6135 4.1546 -0.8561
v -0.5757 4.1494 -0.8807
v -0.5852 4.1507 -0.8744
v -0.5467 4.1456 -0.8997
v -0.5564 4.1469 -0.8934
v -0.4479 4.9126 -0.8198
v -0.4397 4.9154 -0.8275
v -0.4163 4.8750 -0.8288
v -0.4260 4.8742 -0.8243
v -0.4232 4.9207 -0.8427
v -0.4148 4.9233 -0.8502
v -0.3869 4.8774 -0.8422
v -0.3967 4.8766 -0.8378
v -0.3981 4.9285 -0.8652
v -0.3897 4.9311 -0.8727
v -0.3580 4.8802 -0.8559
v -0.3675 4.8792 -0.8513
v -0.3766 4.8187 -0.8339
v -0.3896 4.8206 -0.8320
v -0.3388 4.8137 -0.8408
v -0.3511 4.8152 -0.8384
v -0.3027 4.8099 -0.8494
v -0.3147 4.8111 -0.8466
v -0.3025 4.7198 -0.8164
v -0.3117 4.7183 -0.8103
v -0.2750 4.7243 -0.8348
v -0.2841 4.7228 -0.8286
v -0.2474 4.7288 -0.8531
v -0.2566 4.7273 -0.8470
v -0.2842 4.6552 -0.8387
v -0.2943 4.6501 -0.8278
v -0.2538 4.6703 -0.8710
v -0.2640 4.6653 -0.8602
v -0.2229 4.6854 -0.9035
v -0.2333 4.6804 -0.8927
v -0.3081 4.6338 -0.9114
v -0.3168 4.6279 -0.9020
v -0.2820 4.6516 -0.9397
v -0.2907 4.6457 -0.9302
v -0.2557 4.6694 -0.9680
v -0.2645 4.6635 -0.9586
v -0.3542 4.6000 -0.9847
v -0.3604 4.5965 -0.9748
v -0.3357 4.6106 -1.0142
v -0.3419 4.6071 -1.0044
v -0.3172 4.6212 -1.0437
v -0.3233 4.6176 -1.0339
v -0.4164 4.5025 -0.9727
v -0.4214 4.4999 -0.9595
v -0.4012 4.5099 -1.0126
v -0.4064 4.5073 -0.9994
v -0.3855 4.5171 -1.0526
v -0.3908 4.5146 -1.0394
v -0.4345 4.4207 -0.9271
v -0.4394 4.4197 -0.9132
v -0.4201 4.4233 -0.9692
v -0.4249 4.4224 -0.9554
v -0.4056 4.4261 -1.0112
v -0.4105 4.4251 -0.9973
v -0.4781 4.3512 -0.8706
v -0.4871 4.3509 -0.8602
v -0.4511 4.3526 -0.9017
v -0.4601 4.3521 -0.8913
v -0.4242 4.3538 -0.9327
v -0.4332 4.3533 -0.9224
v -0.6043 4.0792 -0.8747
v -0.6129 4.0790 -0.8676
v -0.5783 4.0798 -0.8965
v -0.5870 4.0796 -0.8894
v -0.5521 4.0805 -0.9186
v -0.5609 4.0802 -0.9114
v -0.5853 4.0037 -0.8903
v -0.5930 4.0025 -0.8825
v -0.5626 4.0074 -0.9142
v -0.5703 4.0062 -0.9064
v -0.5401 4.0110 -0.9380
v -0.5477 4.0098 -0.9302
v -0.5356 3.9229 -0.9107
v -0.5416 3.9226 -0.9044
v -0.5177 3.9237 -0.9300
v -0.5237 3.9235 -0.9236
v -0.4998 3.9246 -0.9492
v -0.5058 3.9243 -0.9429
v -0.4929 3.8473 -0.9201
v -0.4990 3.8469 -0.9150
v -0.4744 3.8483 -0.9357
v -0.4805 3.8480 -0.9305
v -0.4560 3.8494 -0.9512
v -0.4621 3.8491 -0.9460
v -0.4574 3.8005 -0.9254
v -0.4615 3.8002 -0.9235
v -0.4451 3.8015 -0.9308
v -0.4492 3.8011 -0.9290
v -0.4328 3.8025 -0.9363
v -0.4369 3.8022 -0.9345
v -0.4334 3.7753 -0.9239
v -0.4355 3.7751 -0.9223
v -0.4270 3.7759 -0.9283
v -0.4291 3.7757 -0.9268
v -0.4206 3.7765 -0.9328
v -0.4228 3.7763 -0.9313
v -0.4515 5.4649 -0.5293
v -0.4414 5.4680 -0.5407
v -0.5300 5.4226 -0.5671
v -0.5417 5.4223 -0.5573
v -0.4208 5.4739 -0.5633
v -0.4104 5.4768 -0.5746
v -0.4949 5.4235 -0.5963
v -0.5066 5.4232 -0.5865
v -0.3890 5.4823 -0.5968
v -0.3782 5.4850 -0.6079
v -0.4594 5.4241 -0.6253
v -0.4713 5.4240 -0.6156
v -0.5911 5.3603 -0.6267
v -0.6041 5.3592 -0.6172
v -0.5506 5.3634 -0.6539
v -0.5641 5.3624 -0.6449
v -0.5112 5.3666 -0.6821
v -0.5243 5.3655 -0.6728
v -0.1875 6.1054 -0.3344
v -0.1783 6.1068 -0.3382
v -0.1766 6.0749 -0.3661
v -0.1873 6.0735 -0.3606
v -0.1601 6.1096 -0.3459
v -0.1510 6.1110 -0.3498
v -0.1443 6.0788 -0.3828
v -0.1550 6.0775 -0.3772
v -0.1329 6.1137 -0.3575
v -0.1238 6.1151 -0.3614
v -0.1120 6.0828 -0.3994
v -0.1227 6.0815 -0.3939
v -0.1494 6.0174 -0.3918
v -0.1624 6.0177 -0.3885
v -0.1101 6.0162 -0.4020
v -0.1232 6.0167 -0.3986
v -0.0709 6.0151 -0.4121
v -0.0839 6.0155 -0.4087
v -0.1000 5.9396 -0.4169
v -0.1165 5.9427 -0.4150
v -0.0508 5.9303 -0.4228
v -0.0672 5.9335 -0.4208
v -0.0015 5.9210 -0.4286
v -0.0179 5.9241 -0.4267
v -0.0611 5.8796 -0.4520
v -0.0790 5.8813 -0.4447
v -0.0076 5.8743 -0.4738
v -0.0254 5.8761 -0.4665
v 0.0460 5.8690 -0.4956
v 0.0281 5.8708 -0.4884
v -0.0685 5.8489 -0.5289
v -0.0828 5.8487 -0.5219
v -0.0254 5.8496 -0.5498
v -0.0397 5.8494 -0.5428
v 0.0178 5.8502 -0.5707
v 0.0034 5.8499 -0.5637
v -0.1258 5.8034 -0.6062
v -0.1336 5.7993 -0.5980
v -0.1023 5.8159 -0.6309
v -0.1102 5.8117 -0.6226
v -0.0781 5.8286 -0.6559
v -0.0862 5.8244 -0.6475
v -0.2206 5.7152 -0.6352
v -0.2244 5.7098 -0.6234
v -0.2092 5.7315 -0.6705
v -0.2130 5.7261 -0.6587
v -0.1970 5.7482 -0.7063
v -0.2012 5.7426 -0.6943
v -0.2841 5.6282 -0.6255
v -0.2877 5.6240 -0.6118
v -0.2729 5.6406 -0.6667
v -0.2766 5.6365 -0.6530
v -0.2626 5.6536 -0.7083
v -0.2659 5.6491 -0.6944
v -0.3554 5.5497 -0.5827
v -0.3618 5.5467 -0.5694
v -0.3354 5.5579 -0.6221
v -0.3422 5.5553 -0.6090
v -0.3145 5.5657 -0.6611
v -0.3215 5.5632 -0.6481
v -0.6203 5.2935 -0.6931
v -0.6348 5.2902 -0.6846
v -0.5689 5.3032 -0.7113
v -0.5864 5.3000 -0.7055
v -0.5248 5.3132 -0.7363
v -0.5379 5.3098 -0.7265
v -0.5909 5.2196 -0.7289
v -0.6032 5.2150 -0.7192
v -0.5550 5.2334 -0.7586
v -0.5669 5.2288 -0.7487
v -0.5191 5.2473 -0.7884
v -0.5310 5.2427 -0.7784
v -0.5463 5.1437 -0.7825
v -0.5551 5.1416 -0.7748
v -0.5199 5.1495 -0.8058
v -0.5287 5.1476 -0.7980
v -0.4936 5.1554 -0.8291
v -0.5024 5.1535 -0.8213
v -0.5072 5.0580 -0.8098
v -0.5152 5.0580 -0.8011
v -0.4834 5.0583 -0.8356
v -0.4913 5.0582 -0.8270
v -0.4595 5.0585 -0.8614
v -0.4675 5.0585 -0.8528
v -0.4682 4.9922 -0.8267
v -0.4763 4.9928 -0.8185
v -0.4436 4.9903 -0.8512
v -0.4518 4.9910 -0.8430
v -0.4189 4.9884 -0.8756
v -0.4272 4.9890 -0.8674
v -0.3648 4.3182 -0.9660
v -0.3558 4.3202 -0.9712
v -0.3829 4.2894 -1.0249
v -0.3905 4.2844 -1.0180
v -0.3377 4.3244 -0.9815
v -0.3286 4.3266 -0.9868
v -0.3598 4.3041 -1.0455
v -0.3674 4.2990 -1.0385
v -0.3101 4.3307 -0.9972
v -0.3010 4.3329 -1.0025
v -0.3368 4.3178 -1.0656
v -0.3443 4.3129 -1.0588
v -0.4194 4.2073 -1.0219
v -0.4265 4.2038 -1.0129
v -0.3970 4.2174 -1.0484
v -0.4044 4.2139 -1.0393
v -0.3741 4.2267 -1.0740
v -0.3814 4.2231 -1.0649
v -0.6177 4.9153 -0.7243
v -0.6095 4.9189 -0.7329
v -0.6249 4.8802 -0.7738
v -0.6319 4.8758 -0.7631
v -0.5935 4.9264 -0.7505
v -0.5856 4.9301 -0.7594
v -0.6043 4.8937 -0.8059
v -0.6112 4.8892 -0.7951
v -0.5699 4.9377 -0.7773
v -0.5621 4.9416 -0.7862
v -0.5832 4.9068 -0.8375
v -0.5904 4.9026 -0.8272
v -0.6324 4.8321 -0.8117
v -0.6385 4.8257 -0.7987
v -0.6135 4.8513 -0.8502
v -0.6199 4.8450 -0.8375
v -0.5927 4.8693 -0.8870
v -0.6000 4.8635 -0.8750
v -0.6373 4.7801 -0.8692
v -0.6452 4.7723 -0.8550
v -0.6126 4.8027 -0.9104
v -0.6212 4.7954 -0.8969
v -0.5831 4.8224 -0.9474
v -0.5936 4.8163 -0.9357
v -0.6154 4.7123 -0.9191
v -0.6240 4.7072 -0.9068
v -0.5878 4.7264 -0.9540
v -0.5974 4.7220 -0.9427
v -0.5562 4.7381 -0.9855
v -0.5673 4.7344 -0.9755
v -0.5574 4.6071 -0.9532
v -0.5658 4.6044 -0.9461
v -0.5321 4.6149 -0.9742
v -0.5406 4.6123 -0.9673
v -0.5062 4.6223 -0.9947
v -0.5149 4.6199 -0.9879
v -0.5013 4.5264 -0.9497
v -0.5107 4.5231 -0.9455
v -0.4730 4.5360 -0.9620
v -0.4824 4.5329 -0.9579
v -0.4447 4.5458 -0.9744
v -0.4541 4.5425 -0.9703
v -0.4335 4.4551 -0.9025
v -0.4440 4.4524 -0.9006
v -0.4022 4.4629 -0.9081
v -0.4126 4.4603 -0.9061
v -0.3709 4.4708 -0.9141
v -0.3813 4.4682 -0.9121
v -0.3768 4.3927 -0.8864
v -0.3875 4.3893 -0.8838
v -0.3448 4.4027 -0.8941
v -0.3554 4.3993 -0.8915
v -0.3129 4.4130 -0.9021
v -0.3235 4.4096 -0.8995
v -0.3039 4.3528 -0.9295
v -0.2939 4.3553 -0.9334
v -0.4189 4.1146 -0.9898
v -0.4231 4.1120 -0.9805
v -0.4046 4.1224 -1.0168
v -0.4091 4.1196 -1.0073
v -0.3889 4.1296 -1.0427
v -0.3936 4.1269 -1.0330
v -0.4162 4.0114 -0.9205
v -0.4190 4.0101 -0.9101
v -0.4068 4.0157 -0.9500
v -0.4097 4.0142 -0.9396
v -0.3965 4.0196 -0.9776
v -0.3993 4.0182 -0.9673
v -0.4530 3.9059 -0.8489
v -0.4597 3.9040 -0.8386
v -0.4328 3.9112 -0.8798
v -0.4395 3.9095 -0.8694
v -0.4121 3.9166 -0.9096
v -0.4187 3.9149 -0.8991
v -0.4654 3.8666 -0.8609
v -0.4725 3.8686 -0.8555
v -0.4442 3.8604 -0.8776
v -0.4513 3.8625 -0.8721
v -0.4228 3.8543 -0.8940
v -0.4299 3.8564 -0.8884
v -0.4452 3.8186 -0.9017
v -0.4473 3.8190 -0.8988
v -0.4388 3.8174 -0.9101
v -0.4409 3.8178 -0.9073
v -0.4325 3.8162 -0.9186
v -0.4346 3.8166 -0.9157
v -0.4337 3.7926 -0.9191
v -0.4350 3.7924 -0.9173
v -0.4296 3.7935 -0.9243
v -0.4309 3.7932 -0.9226
v -0.4255 3.7944 -0.9296
v -0.4268 3.7941 -0.9278
v -0.1946 5.5115 -0.6930
v -0.1821 5.5129 -0.6983
v -0.2317 5.4830 -0.7677
v -0.2460 5.4796 -0.7606
v -0.1570 5.5157 -0.7088
v -0.1446 5.5171 -0.7141
v -0.1885 5.4933 -0.7889
v -0.2028 5.4899 -0.7818
v -0.1192 5.5198 -0.7245
v -0.1058 5.5212 -0.7295
v -0.1453 5.5037 -0.8102
v -0.1597 5.5003 -0.8031
v -0.3154 5.4132 -0.7971
v -0.3300 5.4118 -0.7874
v -0.2716 5.4176 -0.8262
v -0.2862 5.4162 -0.8165
v -0.2277 5.4221 -0.8553
v -0.2423 5.4206 -0.8456
v -0.4012 6.1315 -0.2849
v -0.3917 6.1332 -0.2899
v -0.4032 6.1028 -0.3120
v -0.4132 6.1003 -0.3046
v -0.3726 6.1366 -0.2997
v -0.3631 6.1383 -0.3046
v -0.3732 6.1105 -0.3341
v -0.3832 6.1079 -0.3267
v -0.3439 6.1418 -0.3144
v -0.3344 6.1435 -0.3194
v -0.3432 6.1180 -0.3563
v -0.3532 6.1156 -0.3489
v -0.4095 6.0494 -0.3423
v -0.4202 6.0461 -0.3341
v -0.3773 6.0593 -0.3673
v -0.3881 6.0560 -0.3590
v -0.3452 6.0691 -0.3922
v -0.3559 6.0659 -0.3839
v -0.4233 5.9789 -0.3957
v -0.4348 5.9759 -0.3874
v -0.3885 5.9879 -0.4204
v -0.4001 5.9849 -0.4122
v -0.3538 5.9969 -0.4452
v -0.3654 5.9939 -0.4369
v -0.4271 5.8926 -0.4628
v -0.4419 5.8893 -0.4543
v -0.3828 5.9023 -0.4885
v -0.3976 5.8991 -0.4799
v -0.3384 5.9120 -0.5141
v -0.3532 5.9087 -0.5055
v -0.3749 5.8118 -0.5354
v -0.3909 5.8085 -0.5283
v -0.3275 5.8223 -0.5573
v -0.3431 5.8186 -0.5499
v -0.2813 5.8333 -0.5797
v -0.2968 5.8297 -0.5722
v -0.2890 5.7486 -0.5607
v -0.3002 5.7456 -0.5570
v -0.2570 5.7585 -0.5722
v -0.2675 5.7551 -0.5683
v -0.2254 5.7687 -0.5840
v -0.2359 5.7653 -0.5801
v -0.2268 5.6900 -0.5597
v -0.2406 5.6891 -0.5575
v -0.1852 5.6926 -0.5662
v -0.1991 5.6917 -0.5640
v -0.1437 5.6951 -0.5726
v -0.1575 5.6943 -0.5704
v -0.1738 5.6111 -0.5700
v -0.1883 5.6097 -0.5672
v -0.1305 5.6155 -0.5785
v -0.1450 5.6140 -0.5757
v -0.0872 5.6197 -0.5870
v -0.1017 5.6183 -0.5842
v -0.1659 5.5426 -0.6200
v -0.1795 5.5415 -0.6158
v -0.1249 5.5460 -0.6326
v -0.1386 5.5449 -0.6284
v -0.0838 5.5495 -0.6451
v -0.0976 5.5483 -0.6409
v -0.3553 5.3319 -0.8013
v -0.3646 5.3299 -0.7920
v -0.3273 5.3378 -0.8293
v -0.3367 5.3358 -0.8200
v -0.2994 5.3437 -0.8573
v -0.3087 5.3417 -0.8480
v -0.3930 5.2208 -0.7562
v -0.3988 5.2174 -0.7442
v -0.3757 5.2313 -0.7922
v -0.3815 5.2278 -0.7802
v -0.3584 5.2417 -0.8282
v -0.3642 5.2382 -0.8162
v -0.4626 5.0848 -0.6724
v -0.4705 5.0786 -0.6602
v -0.4389 5.1032 -0.7091
v -0.4468 5.0971 -0.6968
v -0.4153 5.1216 -0.7457
v -0.4231 5.1155 -0.7335
v -0.5453 5.0327 -0.6674
v -0.5511 5.0307 -0.6586
v -0.5277 5.0385 -0.6938
v -0.5335 5.0366 -0.6851
v -0.5100 5.0444 -0.7204
v -0.5159 5.0425 -0.7115
v -0.5976 4.9823 -0.6868
v -0.6048 4.9800 -0.6780
v -0.5759 4.9893 -0.7135
v -0.5832 4.9870 -0.7047
v -0.5543 4.9963 -0.7402
v -0.5615 4.9940 -0.7313
v -0.3978 4.2733 -0.9279
v -0.3952 4.2703 -0.9258
v -0.4307 4.1960 -0.9021
v -0.4345 4.1985 -0.9052
v -0.3901 4.2642 -0.9217
v -0.3875 4.2611 -0.9196
v -0.4189 4.1884 -0.8928
v -0.4228 4.1909 -0.8959
v -0.3849 4.2581 -0.9176
v -0.3823 4.2552 -0.9156
v -0.4112 4.1834 -0.8866
v -0.4151 4.1860 -0.8897
v -0.4210 4.1054 -0.9073
v -0.4255 4.1073 -0.9106
v -0.4076 4.0996 -0.8969
v -0.4120 4.1015 -0.9002
v -0.3987 4.0957 -0.8899
v -0.4031 4.0977 -0.8933
v -0.2505 4.9351 -0.8462
v -0.2426 4.9360 -0.8389
v -0.2108 4.8741 -0.8277
v -0.2194 4.8738 -0.8334
v -0.2268 4.9377 -0.8244
v -0.2189 4.9385 -0.8171
v -0.1851 4.8750 -0.8107
v -0.1937 4.8747 -0.8164
v -0.2110 4.9394 -0.8098
v -0.2030 4.9403 -0.8025
v -0.1679 4.8756 -0.7993
v -0.1765 4.8753 -0.8050
v -0.1475 4.8076 -0.8421
v -0.1545 4.8077 -0.8480
v -0.1266 4.8074 -0.8243
v -0.1336 4.8074 -0.8303
v -0.1125 4.8072 -0.8126
v -0.1196 4.8072 -0.8185
v -0.0987 4.7426 -0.8813
v -0.1049 4.7472 -0.8881
v -0.0802 4.7287 -0.8611
v -0.0864 4.7333 -0.8678
v -0.0680 4.7194 -0.8477
v -0.0740 4.7240 -0.8544
v -0.0839 4.6970 -0.9333
v -0.0900 4.7035 -0.9394
v -0.0656 4.6775 -0.9149
v -0.0717 4.6840 -0.9210
v -0.0534 4.6646 -0.9026
v -0.0595 4.6711 -0.9087
v -0.4286 4.0491 -0.9331
v -0.4338 4.0512 -0.9366
v -0.4127 4.0429 -0.9223
v -0.4179 4.0449 -0.9257
v -0.4021 4.0388 -0.9150
v -0.4073 4.0408 -0.9185
v -0.4411 3.9988 -0.9640
v -0.4466 4.0010 -0.9682
v -0.4250 3.9926 -0.9517
v -0.4304 3.9947 -0.9559
v -0.4142 3.9884 -0.9435
v -0.4196 3.9905 -0.9477
v -0.1289 4.6414 -0.9927
v -0.1380 4.6530 -1.0003
v -0.1021 4.6068 -0.9697
v -0.1110 4.6183 -0.9774
v -0.0844 4.5837 -0.9544
v -0.0933 4.5953 -0.9620
v -0.1983 4.5766 -1.0720
v -0.2092 4.5908 -1.0817
v -0.1672 4.5345 -1.0422
v -0.1773 4.5484 -1.0522
v -0.1472 4.5066 -1.0221
v -0.1572 4.5205 -1.0322
v -0.2813 4.4929 -1.0951
v -0.2905 4.5005 -1.1029
v -0.2545 4.4702 -1.0719
v -0.2633 4.4777 -1.0797
v -0.2369 4.4553 -1.0561
v -0.2457 4.4627 -1.0641
v -0.3370 4.4132 -1.0877
v -0.3427 4.4170 -1.0916
v -0.3197 4.4020 -1.0764
v -0.3254 4.4057 -1.0802
v -0.3082 4.3946 -1.0688
v -0.3139 4.3983 -1.0726
v -0.4082 3.9189 -0.9600
v -0.4144 3.9200 -0.9642
v -0.3896 3.9158 -0.9474
v -0.3958 3.9169 -0.9517
v -0.3771 3.9137 -0.9391
v -0.3835 3.9148 -0.9434
v -0.3762 3.8468 -0.9389
v -0.3800 3.8474 -0.9426
v -0.3646 3.8452 -0.9277
v -0.3685 3.8458 -0.9315
v -0.3569 3.8442 -0.9203
v -0.3608 3.8447 -0.9240
v -0.3627 4.3300 -1.0159
v -0.3663 4.3328 -1.0186
v -0.3519 4.3218 -1.0078
v -0.3555 4.3245 -1.0105
v -0.3447 4.3164 -1.0023
v -0.3483 4.3191 -1.0051
v -0.3843 3.7978 -0.9293
v -0.3869 3.7985 -0.9312
v -0.3764 3.7957 -0.9238
v -0.3790 3.7964 -0.9256
v -0.3711 3.7942 -0.9201
v -0.3737 3.7949 -0.9220
v -0.2897 5.4728 -0.6748
v -0.2853 5.4687 -0.6728
v -0.3453 5.3939 -0.6660
v -0.3492 5.3975 -0.6692
v -0.2763 5.4604 -0.6686
v -0.2718 5.4562 -0.6666
v -0.3336 5.3831 -0.6562
v -0.3375 5.3867 -0.6594
v -0.2673 5.4521 -0.6645
v -0.2628 5.4480 -0.6624
v -0.3259 5.3757 -0.6496
v -0.3297 5.3794 -0.6528
v -0.3512 5.3249 -0.7118
v -0.3548 5.3292 -0.7166
v -0.3399 5.3119 -0.6973
v -0.3437 5.3162 -0.7021
v -0.3324 5.3032 -0.6875
v -0.3362 5.3075 -0.6924
v -0.0103 6.0869 -0.3688
v -0.0064 6.0843 -0.3626
v 0.0404 6.0367 -0.3808
v 0.0340 6.0408 -0.3873
v 0.0658 6.0206 -0.3548
v 0.0721 6.0166 -0.3483
v 0.1286 5.9354 -0.3828
v 0.1229 5.9391 -0.3870
v 0.0946 5.9579 -0.4079
v 0.1002 5.9542 -0.4037
v 0.1492 5.8722 -0.4738
v 0.1463 5.8757 -0.4757
v 0.1116 5.9466 -0.3953
v 0.1172 5.9429 -0.3912
v 0.1579 5.8614 -0.4676
v 0.1550 5.8650 -0.4697
v 0.1637 5.8542 -0.4635
v 0.1608 5.8578 -0.4656
v 0.1738 5.8418 -0.5351
v 0.1713 5.8467 -0.5368
v 0.1812 5.8273 -0.5298
v 0.1787 5.8321 -0.5315
v 0.1861 5.8175 -0.5263
v 0.1836 5.8224 -0.5280
v -0.3617 5.2894 -0.7734
v -0.3663 5.2938 -0.7783
v -0.3477 5.2764 -0.7589
v -0.3523 5.2807 -0.7638
v -0.3383 5.2677 -0.7493
v -0.3430 5.2721 -0.7541
v -0.3867 5.2450 -0.8303
v -0.3922 5.2481 -0.8345
v -0.3700 5.2355 -0.8176
v -0.3755 5.2387 -0.8218
v -0.3588 5.2292 -0.8091
v -0.3644 5.2324 -0.8134
v 0.1669 5.8240 -0.6129
v 0.1639 5.8288 -0.6157
v 0.1758 5.8096 -0.6044
v 0.1728 5.8144 -0.6073
v 0.1817 5.8001 -0.5989
v 0.1788 5.8049 -0.6016
v 0.0947 5.7919 -0.7116
v 0.0868 5.7969 -0.7145
v -0.0224 5.7159 -0.7850
v -0.0337 5.7210 -0.7864
v 0.1108 5.7818 -0.7059
v 0.1190 5.7769 -0.7031
v 0.0187 5.6996 -0.7857
v 0.0019 5.7052 -0.7835
v 0.1272 5.7719 -0.7003
v 0.1355 5.7670 -0.6976
v 0.0547 5.6879 -0.7918
v 0.0370 5.6938 -0.7889
v -0.1360 5.6202 -0.7886
v -0.1459 5.6260 -0.7897
v -0.1071 5.6025 -0.7848
v -0.1166 5.6085 -0.7861
v -0.0887 5.5905 -0.7821
v -0.0979 5.5965 -0.7835
v -0.3664 5.1461 -0.8564
v -0.3742 5.1479 -0.8615
v -0.3430 5.1407 -0.8412
v -0.3507 5.1424 -0.8463
v -0.3272 5.1370 -0.8310
v -0.3351 5.1389 -0.8361
v -0.3051 5.0593 -0.8697
v -0.3129 5.0597 -0.8769
v -0.2813 5.0583 -0.8483
v -0.2892 5.0586 -0.8554
v -0.2655 5.0575 -0.8339
v -0.2734 5.0579 -0.8411
v -0.2115 5.5332 -0.7484
v -0.2180 5.5376 -0.7508
v -0.1919 5.5201 -0.7409
v -0.1985 5.5245 -0.7434
v -0.1788 5.5114 -0.7359
v -0.1853 5.5158 -0.7384
v -0.2616 4.9937 -0.8575
v -0.2691 4.9954 -0.8661
v -0.2389 4.9887 -0.8315
v -0.2465 4.9903 -0.8402
v -0.2239 4.9853 -0.8142
v -0.2314 4.9870 -0.8228
v -0.3257 4.7143 -0.7673
v -0.3166 4.7152 -0.7572
v -0.3574 4.7932 -0.7439
v -0.3695 4.7929 -0.7538
v -0.3075 4.7162 -0.7472
v -0.2983 4.7171 -0.7371
v -0.3331 4.7937 -0.7243
v -0.3453 4.7934 -0.7341
v -0.2800 4.7190 -0.7170
v -0.2709 4.7200 -0.7070
v -0.2968 4.7945 -0.6949
v -0.3089 4.7942 -0.7046
v -0.6061 4.0662 -0.8042
v -0.5954 4.0520 -0.7965
v -0.5848 4.0750 -0.7612
v -0.5947 4.0883 -0.7675
v -0.5842 4.0379 -0.7893
v -0.5727 4.0239 -0.7823
v -0.5632 4.0491 -0.7484
v -0.5739 4.0621 -0.7542
v -0.5488 3.9962 -0.7688
v -0.5368 3.9823 -0.7624
v -0.5290 4.0107 -0.7307
v -0.5403 4.0235 -0.7363
v -0.5249 3.8960 -0.8583
v -0.5181 3.8940 -0.8559
v -0.5777 3.9836 -0.8254
v -0.5870 3.9892 -0.8307
v -0.5115 3.8921 -0.8537
v -0.5047 3.8902 -0.8512
v -0.5591 3.9726 -0.8155
v -0.5685 3.9781 -0.8206
v -0.4913 3.8864 -0.8466
v -0.4846 3.8845 -0.8441
v -0.5307 3.9561 -0.8009
v -0.5402 3.9615 -0.8059
v -0.5642 4.1369 -0.7312
v -0.5548 4.1316 -0.7263
v -0.5199 4.2337 -0.7301
v -0.5287 4.2393 -0.7341
v -0.5446 4.1267 -0.7206
v -0.5349 4.1214 -0.7159
v -0.5019 4.2226 -0.7219
v -0.5109 4.2282 -0.7259
v -0.5147 4.1114 -0.7057
v -0.5046 4.1063 -0.7010
v -0.4750 4.2060 -0.7099
v -0.4840 4.2116 -0.7139
v -0.4802 4.3186 -0.7857
v -0.4718 4.3116 -0.7799
v -0.4275 4.3920 -0.8323
v -0.4343 4.3970 -0.8370
v -0.4634 4.3049 -0.7741
v -0.4550 4.2980 -0.7683
v -0.4138 4.3821 -0.8233
v -0.4207 4.3871 -0.8279
v -0.4381 4.2844 -0.7567
v -0.4297 4.2775 -0.7509
v -0.3933 4.3671 -0.8096
v -0.4002 4.3721 -0.8141
v -0.4417 3.7907 -0.8954
v -0.4381 3.7894 -0.8933
v -0.4643 3.8262 -0.8789
v -0.4694 3.8266 -0.8801
v -0.4345 3.7882 -0.8912
v -0.4309 3.7871 -0.8892
v -0.4541 3.8255 -0.8766
v -0.4592 3.8259 -0.8778
v -0.4236 3.7847 -0.8850
v -0.4201 3.7835 -0.8828
v -0.4388 3.8244 -0.8731
v -0.4438 3.8248 -0.8743
v -0.3860 4.4693 -0.8780
v -0.3781 4.4638 -0.8736
v -0.3212 4.5285 -0.8820
v -0.3299 4.5390 -0.8903
v -0.3703 4.4583 -0.8691
v -0.3625 4.4527 -0.8646
v -0.3037 4.5076 -0.8654
v -0.3125 4.5181 -0.8737
v -0.3468 4.4417 -0.8555
v -0.3389 4.4361 -0.8509
v -0.2776 4.4762 -0.8406
v -0.2863 4.4868 -0.8489
v -0.3097 4.5664 -0.8255
v -0.3038 4.5604 -0.8180
v -0.2969 4.6140 -0.7639
v -0.3039 4.6145 -0.7721
v -0.2979 4.5543 -0.8106
v -0.2919 4.5484 -0.8032
v -0.2831 4.6131 -0.7475
v -0.2900 4.6136 -0.7557
v -0.2801 4.5363 -0.7883
v -0.2742 4.5302 -0.7809
v -0.2622 4.6117 -0.7229
v -0.2691 4.6121 -0.7311
v -0.3877 4.8451 -0.7182
v -0.3767 4.8460 -0.7110
v -0.4037 4.8971 -0.7061
v -0.4126 4.8975 -0.7129
v -0.3657 4.8468 -0.7039
v -0.3547 4.8477 -0.6967
v -0.3859 4.8965 -0.6924
v -0.3948 4.8968 -0.6993
v -0.3327 4.8494 -0.6824
v -0.3217 4.8503 -0.6753
v -0.3593 4.8954 -0.6720
v -0.3681 4.8957 -0.6788
v -0.1250 5.8999 -0.3608
v -0.1161 5.8928 -0.3513
v -0.1551 5.9658 -0.3115
v -0.1640 5.9726 -0.3209
v -0.1071 5.8857 -0.3417
v -0.0983 5.8786 -0.3322
v -0.1373 5.9524 -0.2928
v -0.1462 5.9591 -0.3022
v -0.0805 5.8643 -0.3131
v -0.0716 5.8572 -0.3035
v -0.1106 5.9322 -0.2648
v -0.1195 5.9390 -0.2741
v -0.6066 5.2207 -0.5840
v -0.5963 5.2104 -0.5748
v -0.5755 5.2863 -0.5192
v -0.5889 5.2972 -0.5299
v -0.5859 5.2000 -0.5656
v -0.5756 5.1898 -0.5563
v -0.5488 5.2644 -0.4978
v -0.5621 5.2754 -0.5085
v -0.5550 5.1691 -0.5380
v -0.5447 5.1588 -0.5287
v -0.5087 5.2317 -0.4656
v -0.5220 5.2427 -0.4763
v -0.5559 5.1002 -0.7180
v -0.5490 5.0968 -0.7134
v -0.5877 5.1529 -0.6442
v -0.5952 5.1599 -0.6513
v -0.5421 5.0935 -0.7088
v -0.5353 5.0901 -0.7042
v -0.5729 5.1389 -0.6301
v -0.5803 5.1459 -0.6371
v -0.5216 5.0834 -0.6950
v -0.5147 5.0800 -0.6905
v -0.5506 5.1180 -0.6089
v -0.5580 5.1250 -0.6159
v -0.5225 5.3869 -0.4881
v -0.5094 5.3762 -0.4794
v -0.4193 5.4098 -0.4444
v -0.4295 5.4166 -0.4489
v -0.4962 5.3654 -0.4706
v -0.4830 5.3547 -0.4620
v -0.3990 5.3961 -0.4356
v -0.4091 5.4030 -0.4401
v -0.4567 5.3331 -0.4445
v -0.4435 5.3224 -0.4359
v -0.3685 5.3756 -0.4224
v -0.3787 5.3825 -0.4268
v -0.2935 5.4653 -0.4577
v -0.2840 5.4575 -0.4522
v -0.2067 5.5578 -0.4984
v -0.2145 5.5631 -0.5024
v -0.4545 4.9520 -0.7321
v -0.4462 4.9505 -0.7248
v -0.4921 5.0189 -0.7367
v -0.4995 5.0217 -0.7425
v -0.4378 4.9490 -0.7176
v -0.4295 4.9475 -0.7104
v -0.4773 5.0132 -0.7250
v -0.4847 5.0160 -0.7309
v -0.4128 4.9445 -0.6958
v -0.4044 4.9429 -0.6886
v -0.4551 5.0046 -0.7075
v -0.4625 5.0075 -0.7133
v -0.1709 5.6643 -0.5473
v -0.1630 5.6599 -0.5435
v -0.0834 5.7246 -0.5363
v -0.0912 5.7347 -0.5414
v -0.1551 5.6557 -0.5399
v -0.1472 5.6514 -0.5363
v -0.0675 5.7044 -0.5262
v -0.0754 5.7145 -0.5313
v -0.1314 5.6428 -0.5290
v -0.1234 5.6385 -0.5254
v -0.0438 5.6741 -0.5109
v -0.0517 5.6842 -0.5160
v -0.0813 5.7943 -0.4751
v -0.0746 5.7821 -0.4696
v -0.0845 5.8262 -0.3970
v -0.0925 5.8355 -0.4048
v -0.0678 5.7698 -0.4641
v -0.0610 5.7576 -0.4587
v -0.0683 5.8078 -0.3812
v -0.0764 5.8169 -0.3891
v -0.0476 5.7331 -0.4478
v -0.0408 5.7209 -0.4423
v -0.0440 5.7800 -0.3576
v -0.0521 5.7892 -0.3654
v -0.1834 6.0298 -0.2841
v -0.1753 6.0235 -0.2763
v -0.1653 6.0662 -0.2572
v -0.1710 6.0729 -0.2640
v -0.1671 6.0171 -0.2686
v -0.1591 6.0108 -0.2608
v -0.1540 6.0531 -0.2434
v -0.1597 6.0597 -0.2503
v -0.1428 5.9981 -0.2453
v -0.1347 5.9917 -0.2374
v -0.1371 6.0334 -0.2228
v -0.1427 6.0400 -0.2297
v -0.3311 5.4965 -0.4796
v -0.3408 5.5044 -0.4852
v -0.3123 5.4809 -0.4686
v -0.3217 5.4887 -0.4741
v -0.2532 5.5894 -0.5221
v -0.2454 5.5842 -0.5182
v -0.4187 4.0714 -0.8949
v -0.4170 4.0642 -0.8879
v -0.3961 4.1481 -0.9476
v -0.4019 4.1533 -0.9512
v -0.4134 4.0496 -0.8740
v -0.4115 4.0424 -0.8670
v -0.3789 4.1324 -0.9367
v -0.3847 4.1376 -0.9404
v -0.4097 4.0352 -0.8602
v -0.4079 4.0280 -0.8531
v -0.3675 4.1218 -0.9294
v -0.3732 4.1271 -0.9331
v -0.6096 4.7024 -0.7481
v -0.5981 4.6939 -0.7381
v -0.5793 4.7495 -0.6817
v -0.5916 4.7588 -0.6903
v -0.5758 4.6773 -0.7188
v -0.5650 4.6692 -0.7094
v -0.5425 4.7216 -0.6562
v -0.5548 4.7309 -0.6647
v -0.5541 4.6611 -0.6999
v -0.5433 4.6530 -0.6905
v -0.5180 4.7030 -0.6391
v -0.5302 4.7123 -0.6476
v -0.4810 3.8994 -0.7584
v -0.4776 3.8974 -0.7554
v -0.4544 3.9737 -0.8015
v -0.4573 3.9777 -0.8069
v -0.4706 3.8937 -0.7490
v -0.4673 3.8918 -0.7460
v -0.4459 3.9618 -0.7849
v -0.4487 3.9658 -0.7904
v -0.4638 3.8899 -0.7428
v -0.4605 3.8880 -0.7398
v -0.4402 3.9538 -0.7739
v -0.4430 3.9578 -0.7794
v -0.4308 3.8018 -0.8812
v -0.4320 3.7994 -0.8764
v -0.4661 3.8392 -0.7993
v -0.4672 3.8419 -0.8042
v -0.4342 3.7946 -0.8668
v -0.4354 3.7922 -0.8620
v -0.4622 3.8309 -0.7842
v -0.4634 3.8337 -0.7891
v -0.4366 3.7897 -0.8572
v -0.4378 3.7873 -0.8524
v -0.4596 3.8254 -0.7741
v -0.4608 3.8282 -0.7790
v -0.3487 4.2232 -0.9600
v -0.3407 4.2161 -0.9549
v -0.3370 4.2454 -0.8978
v -0.3436 4.2546 -0.9046
v -0.3246 4.2019 -0.9442
v -0.3168 4.1948 -0.9388
v -0.3170 4.2177 -0.8774
v -0.3236 4.2270 -0.8841
v -0.3089 4.1876 -0.9333
v -0.3012 4.1804 -0.9279
v -0.3037 4.1992 -0.8637
v -0.3104 4.2086 -0.8704
v -0.5792 4.8178 -0.6585
v -0.5605 4.8062 -0.6494
v -0.5431 4.8454 -0.6264
v -0.5622 4.8561 -0.6338
v -0.5229 4.7833 -0.6310
v -0.5042 4.7717 -0.6218
v -0.4860 4.8134 -0.6042
v -0.5050 4.8241 -0.6116
v -0.4854 4.7602 -0.6126
v -0.4666 4.7487 -0.6034
v -0.4479 4.7921 -0.5894
v -0.4669 4.8028 -0.5968
v -0.3588 4.2905 -0.8509
v -0.3528 4.2845 -0.8451
v -0.3821 4.3476 -0.8210
v -0.3876 4.3512 -0.8271
v -0.3408 4.2726 -0.8334
v -0.3347 4.2666 -0.8276
v -0.3656 4.3368 -0.8024
v -0.3711 4.3403 -0.8086
v -0.3287 4.2607 -0.8218
v -0.3227 4.2548 -0.8160
v -0.3547 4.3295 -0.7902
v -0.3602 4.3330 -0.7963
v -0.4384 4.4287 -0.8511
v -0.4327 4.4248 -0.8417
v -0.5019 4.4989 -0.8775
v -0.5087 4.5019 -0.8894
v -0.4214 4.4170 -0.8229
v -0.4158 4.4131 -0.8134
v -0.4816 4.4900 -0.8417
v -0.4884 4.4929 -0.8536
v -0.4102 4.4093 -0.8040
v -0.4045 4.4053 -0.7945
v -0.4681 4.4840 -0.8178
v -0.4749 4.4870 -0.8297
v -0.5518 4.5744 -0.8714
v -0.5474 4.5733 -0.8657
v -0.5935 4.6386 -0.8063
v -0.6031 4.6441 -0.8147
v -0.5387 4.5713 -0.8544
v -0.5343 4.5702 -0.8487
v -0.5653 4.6226 -0.7812
v -0.5745 4.6279 -0.7894
v -0.5299 4.5692 -0.8430
v -0.5256 4.5681 -0.8373
v -0.5472 4.6125 -0.7652
v -0.5562 4.6175 -0.7731
v -0.4268 3.7816 -0.9006
v -0.4260 3.7804 -0.8984
v -0.4243 3.7782 -0.8939
v -0.4235 3.7770 -0.8917
v -0.4227 3.7759 -0.8895
v -0.4219 3.7748 -0.8873
v -0.3608 5.2631 -0.6993
v -0.3568 5.2512 -0.6932
v -0.3149 5.3504 -0.7307
v -0.3213 5.3568 -0.7338
v -0.3487 5.2275 -0.6812
v -0.3446 5.2156 -0.6751
v -0.2954 5.3313 -0.7214
v -0.3019 5.3377 -0.7245
v -0.3406 5.2037 -0.6691
v -0.3365 5.1918 -0.6631
v -0.2825 5.3185 -0.7152
v -0.2890 5.3249 -0.7183
v -0.4208 5.9361 -0.3298
v -0.4117 5.9324 -0.3253
v -0.3937 5.9913 -0.2523
v -0.4014 5.9972 -0.2583
v -0.3937 5.9252 -0.3164
v -0.3846 5.9216 -0.3119
v -0.3705 5.9733 -0.2344
v -0.3783 5.9793 -0.2404
v -0.3756 5.9179 -0.3075
v -0.3665 5.9143 -0.3030
v -0.3551 5.9614 -0.2225
v -0.3628 5.9674 -0.2284
v -0.4472 5.0327 -0.5907
v -0.4355 5.0225 -0.5870
v -0.3922 5.1100 -0.6288
v -0.4002 5.1196 -0.6346
v -0.4122 5.0020 -0.5796
v -0.4005 4.9917 -0.5758
v -0.3684 5.0809 -0.6116
v -0.3763 5.0906 -0.6173
v -0.3888 4.9815 -0.5722
v -0.3771 4.9712 -0.5684
v -0.3524 5.0615 -0.6001
v -0.3604 5.0712 -0.6058
v -0.5438 4.9031 -0.6047
v -0.5243 4.8927 -0.6001
v -0.4854 4.9470 -0.5843
v -0.5028 4.9578 -0.5865
v -0.4853 4.8719 -0.5910
v -0.4658 4.8615 -0.5865
v -0.4333 4.9147 -0.5779
v -0.4507 4.9255 -0.5800
v -0.4464 4.8510 -0.5819
v -0.4269 4.8406 -0.5774
v -0.3985 4.8932 -0.5736
v -0.4159 4.9039 -0.5757
v -0.2158 5.4206 -0.7183
v -0.2069 5.4149 -0.7146
v -0.1824 5.4517 -0.6376
v -0.1886 5.4600 -0.6432
v -0.1890 5.4032 -0.7072
v -0.1801 5.3973 -0.7035
v -0.1638 5.4268 -0.6212
v -0.1700 5.4351 -0.6267
v -0.1711 5.3916 -0.6998
v -0.1622 5.3857 -0.6961
v -0.1515 5.4103 -0.6102
v -0.1577 5.4185 -0.6157
v -0.3977 6.0484 -0.2176
v -0.3899 6.0414 -0.2109
v -0.3704 6.0846 -0.1999
v -0.3759 6.0919 -0.2066
v -0.3742 6.0273 -0.1975
v -0.3664 6.0203 -0.1909
v -0.3537 6.0628 -0.1801
v -0.3593 6.0702 -0.1867
v -0.3585 6.0133 -0.1842
v -0.3508 6.0063 -0.1776
v -0.3426 6.0484 -0.1668
v -0.3482 6.0556 -0.1734
v -0.1682 5.4841 -0.5510
v -0.1617 5.4785 -0.5459
v -0.1753 5.5468 -0.4917
v -0.1817 5.5517 -0.4977
v -0.1553 5.4730 -0.5409
v -0.1489 5.4673 -0.5358
v -0.1625 5.5370 -0.4798
v -0.1690 5.5419 -0.4858
v -0.2425 5.6617 -0.5125
v -0.2365 5.6558 -0.5036
v -0.3126 5.7266 -0.4942
v -0.3217 5.7293 -0.5032
v -0.2244 5.6439 -0.4855
v -0.2184 5.6380 -0.4765
v -0.2866 5.7193 -0.4680
v -0.2951 5.7216 -0.4767
v -0.2124 5.6320 -0.4676
v -0.2063 5.6261 -0.4586
v -0.2699 5.7147 -0.4508
v -0.2783 5.7170 -0.4594
v -0.3937 5.7838 -0.4609
v -0.3834 5.7837 -0.4551
v -0.4235 5.8597 -0.3965
v -0.4330 5.8607 -0.4009
v -0.3631 5.7836 -0.4438
v -0.3531 5.7837 -0.4383
v -0.3949 5.8565 -0.3835
v -0.4044 5.8576 -0.3879
v -0.3432 5.7838 -0.4327
v -0.3333 5.7839 -0.4272
v -0.3758 5.8545 -0.3748
v -0.3854 5.8555 -0.3791
v -0.1811 5.4954 -0.5613
v -0.1875 5.5010 -0.5663
v -0.2009 5.5664 -0.5155
v -0.1945 5.5615 -0.5096
v -0.4034 4.1785 -0.8804
v -0.3980 4.1740 -0.8724
v -0.3880 4.0902 -0.8764
v -0.3897 4.0919 -0.8829
v -0.3874 4.1649 -0.8566
v -0.3821 4.1603 -0.8486
v -0.3827 4.0853 -0.8565
v -0.3844 4.0870 -0.8630
v -0.3716 4.1513 -0.8329
v -0.3663 4.1467 -0.8250
v -0.3774 4.0805 -0.8367
v -0.3790 4.0821 -0.8432
v -0.1508 4.8762 -0.7880
v -0.1474 4.8738 -0.7775
v -0.0975 4.8051 -0.7889
v -0.0986 4.8070 -0.8008
v -0.1405 4.8692 -0.7566
v -0.1372 4.8669 -0.7462
v -0.0944 4.7997 -0.7534
v -0.0955 4.8015 -0.7653
v -0.1303 4.8624 -0.7253
v -0.1269 4.8601 -0.7147
v -0.0913 4.7942 -0.7179
v -0.0923 4.7961 -0.7297
v -0.0558 4.7101 -0.8342
v -0.0572 4.7105 -0.8226
v -0.0435 4.6454 -0.8781
v -0.0411 4.6516 -0.8904
v -0.0601 4.7114 -0.7994
v -0.0615 4.7118 -0.7878
v -0.0507 4.6267 -0.8414
v -0.0483 4.6329 -0.8536
v -0.0645 4.7126 -0.7646
v -0.0661 4.7131 -0.7531
v -0.0584 4.6079 -0.8048
v -0.0558 4.6142 -0.8170
v -0.3914 4.0347 -0.9077
v -0.3900 4.0330 -0.9009
v -0.4012 3.9817 -0.9281
v -0.4035 3.9843 -0.9355
v -0.3869 4.0297 -0.8871
v -0.3855 4.0280 -0.8804
v -0.3945 3.9740 -0.9065
v -0.3967 3.9766 -0.9138
v -0.3825 4.0247 -0.8667
v -0.3811 4.0230 -0.8600
v -0.3878 3.9664 -0.8848
v -0.3900 3.9689 -0.8921
v -0.0666 4.5607 -0.9392
v -0.0670 4.5537 -0.9284
v -0.1246 4.4729 -0.9911
v -0.1271 4.4788 -1.0021
v -0.0675 4.5396 -0.9070
v -0.0677 4.5326 -0.8962
v -0.1171 4.4552 -0.9583
v -0.1197 4.4612 -0.9692
v -0.0683 4.5184 -0.8749
v -0.0685 4.5114 -0.8643
v -0.1087 4.4373 -0.9257
v -0.1116 4.4434 -0.9366
v -0.2195 4.4405 -1.0404
v -0.2158 4.4362 -1.0311
v -0.2919 4.3836 -1.0492
v -0.2967 4.3873 -1.0612
v -0.2083 4.4276 -1.0127
v -0.2044 4.4233 -1.0033
v -0.2775 4.3727 -1.0131
v -0.2823 4.3764 -1.0251
v -0.1968 4.4148 -0.9848
v -0.1929 4.4104 -0.9755
v -0.2630 4.3620 -0.9770
v -0.2678 4.3656 -0.9890
v -0.3649 3.9117 -0.9309
v -0.3637 3.9095 -0.9255
v -0.3482 3.8412 -0.9102
v -0.3492 3.8431 -0.9129
v -0.3617 3.9048 -0.9149
v -0.3606 3.9026 -0.9095
v -0.3453 3.8353 -0.9021
v -0.3463 3.8372 -0.9048
v -0.3585 3.8980 -0.8989
v -0.3574 3.8957 -0.8935
v -0.3423 3.8294 -0.8940
v -0.3433 3.8314 -0.8967
v -0.3374 4.3110 -0.9970
v -0.3351 4.3094 -0.9853
v -0.3723 4.2441 -0.9027
v -0.3772 4.2491 -0.9114
v -0.3307 4.3062 -0.9620
v -0.3284 4.3046 -0.9504
v -0.3575 4.2294 -0.8766
v -0.3625 4.2342 -0.8854
v -0.3237 4.3017 -0.9273
v -0.3213 4.3003 -0.9158
v -0.3428 4.2146 -0.8505
v -0.3478 4.2195 -0.8593
v -0.1872 4.9420 -0.7879
v -0.1861 4.9388 -0.7786
v -0.1837 4.9325 -0.7598
v -0.1826 4.9294 -0.7504
v -0.1802 4.9230 -0.7317
v -0.1791 4.9198 -0.7222
v -0.3624 3.7887 -0.9080
v -0.3632 3.7897 -0.9101
v -0.3598 3.7856 -0.9017
v -0.3606 3.7866 -0.9038
v -0.3181 5.3685 -0.6431
v -0.3118 5.3614 -0.6333
v -0.3241 5.2896 -0.6679
v -0.3250 5.2945 -0.6778
v -0.2991 5.3470 -0.6136
v -0.2928 5.3399 -0.6039
v -0.3213 5.2748 -0.6380
v -0.3222 5.2798 -0.6480
v -0.2801 5.3256 -0.5843
v -0.2738 5.3185 -0.5745
v -0.3185 5.2600 -0.6081
v -0.3195 5.2650 -0.6181
v 0.0849 6.0085 -0.3353
v 0.0852 6.0021 -0.3267
v 0.1381 5.9228 -0.3638
v 0.1399 5.9280 -0.3744
v 0.0857 5.9894 -0.3095
v 0.0860 5.9831 -0.3009
v 0.1328 5.9075 -0.3319
v 0.1345 5.9126 -0.3426
v 0.0866 5.9704 -0.2837
v 0.0869 5.9640 -0.2750
v 0.1275 5.8921 -0.3001
v 0.1292 5.8972 -0.3107
v 0.1696 5.8470 -0.4595
v 0.1680 5.8392 -0.4451
v 0.1869 5.7951 -0.5117
v 0.1911 5.8078 -0.5227
v 0.1647 5.8235 -0.4162
v 0.1631 5.8157 -0.4018
v 0.1744 5.7571 -0.4784
v 0.1786 5.7697 -0.4894
v 0.1598 5.8000 -0.3729
v 0.1582 5.7922 -0.3585
v 0.1620 5.7189 -0.4452
v 0.1661 5.7317 -0.4562
v -0.3290 5.2590 -0.7395
v -0.3302 5.2531 -0.7285
v -0.3485 5.2162 -0.7896
v -0.3476 5.2229 -0.8007
v -0.3326 5.2413 -0.7066
v -0.3338 5.2354 -0.6955
v -0.3511 5.1960 -0.7561
v -0.3502 5.2028 -0.7673
v -0.3362 5.2236 -0.6736
v -0.3375 5.2177 -0.6626
v -0.3537 5.1758 -0.7226
v -0.3528 5.1826 -0.7338
v 0.1877 5.7904 -0.5933
v 0.1842 5.7777 -0.5842
v 0.1513 5.7483 -0.6813
v 0.1521 5.7572 -0.6921
v 0.1770 5.7522 -0.5662
v 0.1735 5.7394 -0.5571
v 0.1490 5.7216 -0.6487
v 0.1498 5.7305 -0.6596
v 0.1663 5.7139 -0.5391
v 0.1628 5.7011 -0.5300
v 0.1466 5.6949 -0.6162
v 0.1474 5.7038 -0.6270
v 0.0817 5.6760 -0.7924
v 0.0814 5.6722 -0.7781
v -0.0642 5.5763 -0.7674
v -0.0703 5.5782 -0.7788
v 0.0684 5.6643 -0.7419
v 0.0622 5.6604 -0.7239
v -0.0467 5.5702 -0.7322
v -0.0525 5.5723 -0.7440
v 0.0632 5.6523 -0.6963
v 0.0663 5.6484 -0.6841
v -0.0304 5.5639 -0.6968
v -0.0358 5.5660 -0.7086
v -0.3116 5.1334 -0.8209
v -0.3117 5.1281 -0.8098
v -0.2511 5.0520 -0.8090
v -0.2496 5.0567 -0.8197
v -0.3121 5.1175 -0.7876
v -0.3123 5.1122 -0.7764
v -0.2553 5.0378 -0.7769
v -0.2539 5.0426 -0.7876
v -0.3126 5.1016 -0.7543
v -0.3128 5.0963 -0.7432
v -0.2596 5.0237 -0.7448
v -0.2581 5.0284 -0.7555
v -0.1657 5.5026 -0.7310
v -0.1623 5.5002 -0.7184
v -0.2477 5.4327 -0.6486
v -0.2539 5.4397 -0.6583
v -0.1554 5.4952 -0.6933
v -0.1520 5.4928 -0.6807
v -0.2290 5.4116 -0.6196
v -0.2352 5.4187 -0.6293
v -0.1452 5.4879 -0.6557
v -0.1417 5.4855 -0.6431
v -0.2104 5.3906 -0.5906
v -0.2165 5.3976 -0.6002
v -0.2088 4.9820 -0.7968
v -0.2081 4.9781 -0.7871
v -0.2067 4.9705 -0.7675
v -0.2060 4.9667 -0.7578
v -0.2046 4.9590 -0.7383
v -0.2039 4.9552 -0.7285
v 0.0208 6.0653 -0.3198
v 0.0236 6.0581 -0.3118
v 0.0294 6.0437 -0.2960
v 0.0323 6.0366 -0.2880
v 0.0381 6.0222 -0.2721
v 0.0410 6.0150 -0.2641
v -0.3315 4.3225 -1.0711
v -0.2288 4.2954 -1.1030
v -0.2761 4.2005 -1.1066
v -0.3725 4.2286 -1.0803
v -0.5118 4.2259 -0.8909
v -0.4423 4.2036 -0.9114
v -0.4343 4.1112 -0.9176
v -0.5341 4.1449 -0.9086
v -0.4589 4.2529 -1.0063
v -0.3542 4.2235 -0.9777
v -0.2675 4.1310 -0.9628
v -0.3511 4.1336 -0.9676
v -0.1350 5.0047 -1.0236
v -0.1930 4.9067 -1.0299
v -0.3640 4.8301 -0.9511
v -0.2738 4.7690 -1.0015
v -0.3205 4.7073 -0.9704
v -0.3799 4.7134 -0.8812
v -0.4386 4.6303 -0.8432
v -0.3677 4.6404 -0.8942
v -0.4178 4.5649 -0.8591
v -0.4941 4.5691 -0.8345
v -0.5482 4.5461 -0.8661
v -0.4631 4.5017 -0.8496
v -0.4957 4.4774 -0.9058
v -0.5913 4.5315 -0.9188
v -0.6072 4.4831 -0.9602
v -0.5040 4.4231 -0.9486
v -0.4484 4.3314 -0.9914
v -0.5537 4.3729 -1.0068
v -0.3484 4.8811 -0.8606
v -0.2366 4.8732 -0.8448
v -0.1686 4.8079 -0.8598
v -0.2907 4.8087 -0.8523
v -0.2383 4.7303 -0.8593
v -0.1178 4.7566 -0.9017
v -0.1033 4.7166 -0.9519
v -0.2137 4.6907 -0.9141
v -0.2504 4.6768 -0.9759
v -0.1607 4.6780 -1.0136
v -0.2398 4.6230 -1.0973
v -0.3159 4.6267 -1.0515
v -0.3818 4.5196 -1.0660
v -0.3126 4.5175 -1.1164
v -0.3543 4.4246 -1.0990
v -0.4010 4.4265 -1.0257
v -0.4153 4.3541 -0.9431
v -0.3734 4.3384 -1.0241
v -0.4029 4.2794 -0.9319
v -0.4663 4.2908 -0.8853
v -0.5629 4.9029 -0.8366
v -0.4399 4.8949 -0.8541
v -0.4368 4.8460 -0.8952
v -0.5611 4.8597 -0.8777
v -0.5415 4.8090 -0.9321
v -0.4235 4.8152 -0.9517
v -0.4143 4.7350 -0.9818
v -0.5256 4.7292 -0.9784
v -0.4958 4.6236 -1.0000
v -0.3880 4.6323 -0.9722
v -0.3268 4.5409 -0.9168
v -0.4353 4.5490 -0.9787
v -0.3607 4.4736 -0.9164
v -0.2543 4.4783 -0.8962
v -0.1937 4.4290 -0.9183
v -0.3022 4.4165 -0.9048
v -0.2839 4.3577 -0.9371
v -0.1885 4.3671 -0.9786
v -0.2044 4.3380 -1.0528
v -0.2929 4.3346 -1.0072
v -0.3887 4.1314 -1.0513
v -0.3092 4.1138 -1.0921
v -0.3229 4.0250 -1.0475
v -0.3946 4.0213 -0.9899
v -0.5412 4.0811 -0.9279
v -0.4444 4.0553 -0.9438
v -0.4572 4.0051 -0.9760
v -0.5325 4.0123 -0.9462
v -0.3025 4.0421 -0.9494
v -0.2290 4.0669 -0.9772
v -0.2326 4.0312 -0.9957
v -0.2944 3.9634 -0.9413
v -0.4063 3.9184 -0.9217
v -0.3373 3.9260 -0.9634
v -0.3621 3.8729 -0.9286
v -0.4161 3.8522 -0.9001
v -0.4940 3.9249 -0.9557
v -0.4267 3.9220 -0.9723
v -0.3878 3.8484 -0.9501
v -0.4498 3.8498 -0.9564
v -0.3312 3.9241 -0.9508
v -0.2638 3.9634 -1.0013
v -0.3284 3.8808 -0.9752
v -0.3854 3.8663 -0.9506
v -0.4304 3.8157 -0.9213
v -0.3815 3.8241 -0.9315
v -0.3988 3.7967 -0.9363
v -0.4241 3.7947 -0.9313
v -0.4287 3.8027 -0.9381
v -0.3922 3.7999 -0.9349
v -0.3935 3.7734 -0.9324
v -0.4184 3.7767 -0.9343
v -0.3863 3.8165 -0.9440
v -0.4146 3.7862 -0.9368
v -0.2316 4.1104 -0.8929
v -0.2800 4.0910 -0.9368
v -0.2109 4.1058 -0.9911
v -0.1586 4.1324 -0.9355
v -0.3991 4.1301 -0.7393
v -0.4178 4.0270 -0.7620
v -0.3753 4.0790 -0.8296
v -0.3608 4.1424 -0.8168
v -0.3568 4.1925 -0.8672
v -0.2800 4.0733 -0.8301
v -0.2158 4.0889 -0.8694
v -0.2885 4.1954 -0.8801
v -0.1148 4.8192 -0.7812
v -0.1789 4.7825 -0.8249
v -0.0900 4.7677 -0.8962
v -0.0371 4.8355 -0.8666
v -0.2667 4.7171 -0.8055
v -0.3293 4.6116 -0.7245
v -0.2789 4.6499 -0.8285
v -0.2008 4.7015 -0.8947
v -0.3703 4.5190 -0.6689
v -0.4204 4.4555 -0.6556
v -0.3508 4.4725 -0.7271
v -0.3111 4.5465 -0.7534
v -0.4530 4.3805 -0.6792
v -0.4695 4.3246 -0.7240
v -0.4036 4.3620 -0.7829
v -0.3836 4.4098 -0.7467
v -0.4688 4.3220 -0.8142
v -0.4612 4.3016 -0.9001
v -0.3833 4.2932 -0.9142
v -0.4149 4.3546 -0.8725
v -0.1983 4.8611 -0.6428
v -0.1614 4.8028 -0.6447
v -0.0903 4.7924 -0.7061
v -0.1234 4.8577 -0.7043
v -0.1358 4.7178 -0.6612
v -0.1433 4.6016 -0.7084
v -0.0632 4.6020 -0.7933
v -0.0687 4.7137 -0.7418
v -0.1600 4.4720 -0.7604
v -0.1705 4.4165 -0.8340
v -0.1058 4.4313 -0.9150
v -0.0700 4.5045 -0.8540
v -0.2421 4.3973 -0.8772
v -0.3109 4.3543 -0.8575
v -0.2580 4.3586 -0.9649
v -0.1889 4.4061 -0.9662
v -0.3478 4.2730 -0.7987
v -0.3700 4.1873 -0.7521
v -0.3379 4.2099 -0.8417
v -0.3188 4.2989 -0.9043
v -0.3386 4.7211 -0.6199
v -0.3806 4.6838 -0.6599
v -0.3345 4.7418 -0.7341
v -0.3059 4.7705 -0.6984
v -0.4234 4.6575 -0.7256
v -0.4422 4.6274 -0.8000
v -0.3659 4.6579 -0.8515
v -0.3691 4.7144 -0.8090
v -0.4110 4.5535 -0.8100
v -0.3607 4.4713 -0.7869
v -0.2776 4.4758 -0.8048
v -0.3311 4.5705 -0.8401
v -0.3043 4.3902 -0.7718
v -0.2557 4.2987 -0.7706
v -0.1624 4.3263 -0.8196
v -0.2169 4.3936 -0.7965
v -0.2142 4.1852 -0.7886
v -0.2070 4.1242 -0.8410
v -0.1343 4.1588 -0.8862
v -0.1318 4.2247 -0.8401
v -0.3145 4.0081 -0.8908
v -0.3360 3.9244 -0.8310
v -0.2699 3.9411 -0.9291
v -0.2465 4.0328 -0.9789
v -0.4291 3.9725 -0.7882
v -0.4354 3.9504 -0.8248
v -0.3853 3.9639 -0.8772
v -0.3793 4.0215 -0.8527
v -0.2392 3.9942 -0.8320
v -0.2176 3.9268 -0.8435
v -0.1565 3.9347 -0.8843
v -0.1707 4.0005 -0.8652
v -0.3793 3.8748 -0.7827
v -0.4004 3.8246 -0.7784
v -0.3525 3.8484 -0.8337
v -0.3060 3.8786 -0.8679
v -0.4034 3.8821 -0.8602
v -0.3762 3.8244 -0.8812
v -0.3414 3.8274 -0.8913
v -0.3562 3.8935 -0.8879
v -0.2205 3.8761 -0.8667
v -0.2556 3.8265 -0.8794
v -0.2360 3.8325 -0.9078
v -0.1718 3.8845 -0.9022
v -0.4090 3.7864 -0.8268
v -0.4024 3.7750 -0.8793
v -0.3872 3.7861 -0.8941
v -0.3761 3.8113 -0.8517
v -0.3787 3.7823 -0.8876
v -0.3799 3.7595 -0.8946
v -0.3660 3.7605 -0.9054
v -0.3589 3.7846 -0.8996
v -0.3156 3.7791 -0.8888
v -0.3690 3.7664 -0.8943
v -0.3744 3.7713 -0.9108
v -0.3298 3.7929 -0.9075
v -0.4167 4.0795 -0.8950
v -0.4034 4.0222 -0.8418
v -0.3588 4.1174 -0.9198
v -0.4050 4.1580 -0.9496
v -0.3623 4.7403 -0.7785
v -0.3325 4.7076 -0.7534
v -0.2490 4.8073 -0.7959
v -0.2932 4.8723 -0.8141
v -0.2526 4.7220 -0.6869
v -0.2725 4.7950 -0.6752
v -0.3641 3.8064 -0.9292
v -0.3959 3.7794 -0.9284
v -0.6192 4.7098 -0.7565
v -0.5324 4.6449 -0.6811
v -0.5057 4.6937 -0.6305
v -0.6038 4.7681 -0.6988
v -0.3898 4.0919 -0.8830
v -0.2587 4.0669 -1.0488
v -0.2809 3.9783 -1.0023
v -0.0413 4.8990 -0.9757
v -0.1029 4.8215 -0.9906
v -0.0988 4.8070 -0.8008
v -0.4839 3.9016 -0.7606
v -0.4569 3.8861 -0.7365
v -0.4363 3.9506 -0.7668
v -0.4562 3.9831 -0.8094
v -0.2734 4.9401 -0.8057
v -0.2056 4.8447 -0.7776
v -0.1873 4.8682 -0.7476
v -0.2647 4.9664 -0.7933
v -0.3516 4.8136 -0.8248
v -0.5942 4.0683 -0.8129
v -0.5101 3.9554 -0.7512
v -0.5022 3.9860 -0.7217
v -0.5816 4.0907 -0.7780
v -0.2117 4.7329 -0.9607
v -0.2776 4.6828 -0.9278
v -0.0575 4.7104 -0.8348
v -0.0433 4.6519 -0.8911
v -0.3061 4.2127 -0.9439
v -0.2302 4.1268 -0.9441
v -0.3509 4.7870 -0.8891
v -0.4296 3.8042 -0.8860
v -0.4389 3.7848 -0.8476
v -0.4581 3.8228 -0.7688
v -0.4683 3.8448 -0.8087
v -0.3260 4.5916 -0.8389
v -0.3647 4.5189 -0.8113
v -0.0683 4.5609 -0.9394
v -0.1292 4.4798 -1.0016
v -0.5247 3.8960 -0.8580
v -0.4711 3.8807 -0.8392
v -0.5095 3.9455 -0.7925
v -0.5812 3.9902 -0.8344
v -0.4345 4.1321 -0.8855
v -0.4027 4.1449 -0.8517
v -0.5237 4.2878 -0.8396
v -0.5648 4.2991 -0.8598
v -0.3317 4.6080 -0.9012
v -0.2728 4.5131 -0.8563
v -0.5544 4.1388 -0.7389
v -0.4801 4.0971 -0.6947
v -0.4561 4.1956 -0.7022
v -0.5271 4.2398 -0.7351
v -0.3634 4.0132 -0.8788
v -0.3243 4.0022 -0.8469
v -0.3615 4.0723 -0.8392
v -0.4055 4.0834 -0.8756
v -0.3570 4.2293 -0.9610
v -0.2929 4.1741 -0.9167
v -0.2950 4.1934 -0.8531
v -0.3493 4.2651 -0.9095
v -0.3979 4.4631 -0.8184
v -0.4229 4.4292 -0.8598
v -0.2218 4.4414 -1.0395
v -0.2968 4.3874 -1.0611
v -0.6145 4.3886 -0.8248
v -0.5520 4.3345 -0.7776
v -0.5596 4.3645 -0.7044
v -0.6271 4.4561 -0.7751
v -0.1391 4.3788 -0.8614
v -0.4801 4.3195 -0.7855
v -0.4121 4.2666 -0.7381
v -0.3797 4.3601 -0.8007
v -0.4347 4.3984 -0.8378
v -0.1975 4.0613 -0.9560
v -0.1860 4.0125 -0.9693
v -0.4128 3.7811 -0.8787
v -0.4286 3.8236 -0.8708
v -0.5980 4.8293 -0.6677
v -0.4478 4.7372 -0.5943
v -0.4288 4.7814 -0.5820
v -0.5812 4.8668 -0.6412
v -0.3642 4.2986 -0.8558
v -0.3157 4.2522 -0.8082
v -0.3490 4.3287 -0.7838
v -0.3931 4.3566 -0.8335
v -0.4258 4.3740 -0.9006
v -0.3844 4.3030 -0.9439
v -0.3383 4.3106 -0.9964
v -0.3547 3.8912 -0.8758
v -0.3041 3.8806 -0.8586
v -0.2998 3.9386 -0.8515
v -0.3422 3.9514 -0.8800
v -0.6120 4.5134 -0.7363
v -0.5480 4.4248 -0.6611
v -0.5149 4.4943 -0.6361
v -0.5756 4.5737 -0.7133
v -0.1192 4.3100 -0.9110
v -0.1358 4.2560 -0.9780
v -0.3869 4.4702 -0.8798
v -0.3238 4.4272 -0.8433
v -0.2607 4.4573 -0.8252
v -0.3305 4.5395 -0.8913
v -0.3658 3.7928 -0.9164
v -0.3729 3.7664 -0.9198
v -0.1761 4.2166 -1.0290
v -0.2196 4.1446 -1.0576
v -0.4445 4.4332 -0.8615
v -0.3993 4.4033 -0.7858
v -0.4616 4.4814 -0.8064
v -0.5156 4.5048 -0.9016
v -0.2077 3.9381 -0.9631
v -0.3093 3.8586 -0.9380
v -0.5133 4.6023 -0.6954
v -0.4643 4.5455 -0.6416
v -0.4099 4.6061 -0.6731
v -0.4462 4.6467 -0.7174
v -0.3098 4.5665 -0.8256
v -0.2625 4.5187 -0.7664
v -0.2482 4.6107 -0.7065
v -0.4376 3.7907 -0.8718
v -0.3850 3.7866 -0.8750
v -0.3459 3.8298 -0.8662
v -0.4036 3.8387 -0.8706
v -0.2997 4.8521 -0.6609
v -0.3414 4.8946 -0.6585
v -0.5561 4.5754 -0.8771
v -0.5212 4.5670 -0.8317
v -0.5382 4.6075 -0.7572
v -0.6100 4.6478 -0.8209
v -0.3646 4.3181 -0.9657
v -0.3910 4.2837 -1.0173
v -0.4266 4.2031 -1.0118
v -0.5460 4.2794 -0.8120
v -0.5910 4.2316 -0.8312
v -0.6070 4.1558 -0.8614
v -0.6098 4.3630 -0.9558
v -0.4751 4.1996 -0.9736
v -0.4161 4.1128 -0.9285
v -0.1050 5.0581 -0.9937
v -0.2867 5.0369 -0.8448
v -0.3049 5.0176 -0.8814
v -0.3252 4.9257 -0.8905
v -0.3586 4.7810 -0.8454
v -0.4314 4.6590 -0.7822
v -0.5054 4.6183 -0.7575
v -0.5647 4.5747 -0.7644
v -0.6069 4.5249 -0.7998
v -0.6351 4.4829 -0.8442
v -0.6446 4.4423 -0.8965
v -0.3809 4.9334 -0.8798
v -0.2663 4.9335 -0.8608
v -0.4441 4.9102 -0.8165
v -0.4214 4.8712 -0.8202
v -0.3866 4.8186 -0.8293
v -0.3172 4.6280 -0.9019
v -0.3620 4.5969 -0.9748
v -0.4220 4.4996 -0.9608
v -0.4398 4.4198 -0.9141
v -0.4871 4.3511 -0.8603
v -0.5511 4.9434 -0.7922
v -0.4495 4.9331 -0.8142
v -0.6289 4.8739 -0.7605
v -0.6296 4.8200 -0.7909
v -0.6297 4.7626 -0.8416
v -0.6095 4.6981 -0.8942
v -0.5639 4.6032 -0.9445
v -0.5108 4.5231 -0.9457
v -0.4443 4.4525 -0.9012
v -0.3877 4.3899 -0.8842
v -0.3641 4.3383 -0.9068
v -0.4225 4.1117 -0.9792
v -0.4184 4.0101 -0.9088
v -0.6059 4.0803 -0.8734
v -0.5896 4.0031 -0.8851
v -0.3649 4.0371 -0.9190
v -0.3431 3.9684 -0.9136
v -0.4598 3.9041 -0.8388
v -0.3636 3.9047 -0.9051
v -0.4064 3.8521 -0.8968
v -0.4454 3.8068 -0.8919
v -0.4411 3.7830 -0.8996
v -0.0812 4.8501 -0.7644
v -0.0250 4.8771 -0.8403
v -0.2284 4.9073 -0.6696
v -0.1779 4.9167 -0.7129
v -0.3218 4.7682 -0.6057
v -0.3099 4.8077 -0.6786
v -0.4210 3.7736 -0.8850
v -0.4055 3.7627 -0.8917
v -0.3990 3.7695 -0.8839
v -0.0171 4.9572 -0.9628
v -0.4277 3.7828 -0.9028
v -0.4272 3.7688 -0.9036
v -0.4305 3.7748 -0.8840
v -0.1309 5.5072 -0.8173
v 0.0029 5.4721 -0.8727
v -0.0511 5.3744 -0.9328
v -0.2130 5.4236 -0.8650
v -0.4473 5.4243 -0.6349
v -0.3569 5.4049 -0.6757
v -0.3623 5.3379 -0.7264
v -0.4979 5.3676 -0.6915
v -0.2237 5.4185 -0.7440
v -0.1321 5.3145 -0.7647
v 0.0682 6.0933 -0.4406
v 0.1542 6.0566 -0.4720
v 0.0860 5.9668 -0.4827
v 0.0009 6.0196 -0.4437
v -0.0651 5.9504 -0.4907
v 0.0068 5.8932 -0.5463
v -0.0465 5.8575 -0.5257
v -0.1257 5.8935 -0.4237
v -0.2088 5.8305 -0.4205
v -0.1146 5.8263 -0.4684
v -0.1894 5.7624 -0.4700
v -0.2852 5.7712 -0.4458
v -0.3549 5.7450 -0.5002
v -0.2580 5.7002 -0.4934
v -0.2839 5.6847 -0.5795
v -0.3994 5.7280 -0.5711
v -0.4247 5.6751 -0.6297
v -0.2956 5.6365 -0.6503
v -0.2853 5.5357 -0.7202
v -0.3990 5.5708 -0.7134
v -0.1012 6.0841 -0.4049
v 0.0213 6.0488 -0.4004
v 0.0832 5.9654 -0.4163
v -0.0579 6.0148 -0.4154
v 0.0149 5.9180 -0.4306
v 0.1406 5.8829 -0.4799
v 0.1664 5.8565 -0.5404
v 0.0639 5.8672 -0.5029
v 0.0321 5.8504 -0.5776
v 0.1580 5.8384 -0.6212
v 0.0690 5.8063 -0.7195
v -0.0711 5.8324 -0.6637
v -0.1941 5.7533 -0.7176
v -0.0779 5.7233 -0.7792
v -0.1698 5.6362 -0.7900
v -0.2593 5.6580 -0.7223
v -0.3061 5.5675 -0.6735
v -0.2312 5.5463 -0.7558
v -0.2987 5.4811 -0.6790
v -0.3650 5.4864 -0.6179
v -0.3332 6.1206 -0.3636
v -0.2247 6.0986 -0.3819
v -0.2190 6.0591 -0.4172
v -0.3345 6.0724 -0.4006
v -0.3422 5.9999 -0.4535
v -0.1989 6.0018 -0.4757
v -0.1749 5.9290 -0.5327
v -0.3237 5.9152 -0.5226
v -0.2660 5.8370 -0.5871
v -0.1358 5.8413 -0.5652
v -0.0803 5.7517 -0.5520
v -0.2149 5.7721 -0.5880
v -0.1298 5.6960 -0.5748
v -0.0055 5.6783 -0.5568
v 0.0526 5.6200 -0.6019
v -0.0727 5.6212 -0.5898
v -0.0703 5.5506 -0.6493
v 0.0392 5.5490 -0.6926
v 0.0257 5.4990 -0.7801
v -0.0945 5.5226 -0.7351
v -0.2901 5.3456 -0.8667
v -0.1435 5.3069 -0.9387
v -0.2205 5.2353 -0.9124
v -0.3526 5.2452 -0.8402
v -0.5117 5.3165 -0.7461
v -0.3757 5.3025 -0.7880
v -0.4034 5.2545 -0.8429
v -0.5072 5.2520 -0.7982
v -0.0977 5.2350 -0.8025
v -0.0743 5.1850 -0.8354
v -0.4074 5.1277 -0.7580
v -0.3001 5.1370 -0.8352
v -0.3809 5.0680 -0.7747
v -0.5042 5.0464 -0.7292
v -0.4848 5.1575 -0.8368
v -0.3898 5.1515 -0.8717
v -0.3288 5.0605 -0.8912
v -0.4516 5.0586 -0.8700
v -0.0619 5.1538 -0.8731
v -0.0828 5.1196 -0.9123
v -0.5471 4.9987 -0.7491
v -0.4310 4.9914 -0.7513
v -0.2720 4.9513 -0.6774
v -0.2032 4.9514 -0.7187
v -0.0944 5.0906 -0.9592
v -0.0847 5.2989 -0.6761
v -0.1636 5.2844 -0.7423
v -0.0240 5.2741 -0.8211
v 0.0420 5.2861 -0.7263
v -0.3098 5.2916 -0.4665
v -0.3782 5.2251 -0.5059
v -0.3176 5.2551 -0.5982
v -0.2674 5.3114 -0.5647
v -0.2424 5.3720 -0.6186
v -0.1713 5.2289 -0.5905
v -0.0710 5.2434 -0.6413
v -0.1402 5.3693 -0.6314
v 0.1510 5.9872 -0.3462
v 0.0858 5.9532 -0.3767
v 0.1729 5.9151 -0.4554
v 0.2194 5.9833 -0.4254
v -0.0135 5.9072 -0.3658
v -0.1007 5.8135 -0.3114
v -0.0219 5.8378 -0.4017
v 0.0766 5.8591 -0.4628
v -0.1588 5.7230 -0.2834
v -0.2191 5.6535 -0.2870
v -0.1316 5.6708 -0.3577
v -0.0765 5.7451 -0.3593
v -0.2724 5.5469 -0.3392
v -0.3189 5.4637 -0.4116
v -0.2233 5.5298 -0.4706
v -0.1821 5.5905 -0.4080
v -0.3335 5.4898 -0.5180
v -0.3335 5.4907 -0.6241
v -0.2295 5.4818 -0.6447
v -0.2330 5.5487 -0.5813
v -0.0025 5.9506 -0.2116
v 0.0345 5.8800 -0.2293
v 0.1257 5.8870 -0.2895
v 0.0871 5.9576 -0.2664
v 0.0696 5.7968 -0.2750
v 0.0737 5.6910 -0.3559
v 0.1578 5.7063 -0.4341
v 0.1566 5.7843 -0.3440
v 0.0684 5.6252 -0.4430
v 0.0633 5.6219 -0.5243
v 0.1458 5.6860 -0.6054
v 0.1592 5.6884 -0.5210
v -0.0164 5.6172 -0.5672
v -0.1065 5.5491 -0.5597
v -0.0307 5.5616 -0.6860
v 0.0680 5.6439 -0.6713
v -0.1819 5.4492 -0.5127
v -0.2468 5.3499 -0.4738
v -0.2042 5.3836 -0.5809
v -0.1383 5.4830 -0.6306
v -0.2340 5.9810 -0.1900
v -0.2369 5.9373 -0.2371
v -0.1553 5.9682 -0.3123
v -0.1548 6.0026 -0.2668
v -0.2420 5.9003 -0.3287
v -0.2321 5.8512 -0.4009
v -0.1334 5.8586 -0.4451
v -0.1502 5.9215 -0.3871
v -0.1955 5.7734 -0.4320
v -0.1419 5.6802 -0.4330
v -0.0416 5.6716 -0.4540
v -0.0962 5.7713 -0.4633
v -0.0840 5.5854 -0.4397
v -0.0441 5.4915 -0.4644
v 0.0677 5.5049 -0.5065
v 0.0196 5.5835 -0.4647
v -0.0298 5.3758 -0.5145
v -0.0460 5.3115 -0.6003
v 0.0532 5.3156 -0.6414
v 0.0751 5.3931 -0.5602
v -0.2352 5.1814 -0.7059
v -0.2489 5.0489 -0.6566
v -0.1846 5.1259 -0.7794
v -0.1209 5.2160 -0.8222
v -0.4168 5.1563 -0.5550
v -0.4366 5.1255 -0.6328
v -0.3545 5.1692 -0.7115
v -0.3387 5.2117 -0.6516
v -0.1262 5.1294 -0.5974
v -0.0972 5.0381 -0.6081
v 0.0010 5.0542 -0.6796
v -0.0244 5.1357 -0.6490
v -0.2587 4.9530 -0.6133
v -0.2660 4.8770 -0.5932
v -0.2483 4.9320 -0.6512
v -0.2420 5.0283 -0.7063
v -0.3962 5.0744 -0.6928
v -0.3350 5.0022 -0.6950
v -0.2610 5.0190 -0.7341
v -0.3129 5.0910 -0.7320
v -0.0850 4.9758 -0.6436
v -0.0605 4.9269 -0.6951
v 0.0095 4.9666 -0.7821
v 0.0145 5.0067 -0.7312
v -0.2906 4.8255 -0.5983
v -0.2691 4.8523 -0.6464
v -0.4107 4.9878 -0.8838
v -0.2842 4.9987 -0.8835
v -0.0500 4.8808 -0.7329
v -0.0042 4.9228 -0.8120
v -0.3649 5.2750 -0.7053
v -0.3325 5.1799 -0.6570
v -0.2760 5.3120 -0.7121
v -0.3278 5.3632 -0.7369
v -0.1210 5.9360 -0.3182
v -0.0927 5.9053 -0.3057
v 0.0157 5.9770 -0.3368
v -0.0131 6.0117 -0.3543
v -0.0539 5.8429 -0.2845
v -0.0928 5.9188 -0.2461
v -0.0037 5.0035 -0.9422
v -0.4298 5.9397 -0.3342
v -0.3575 5.9108 -0.2986
v -0.3473 5.9554 -0.2165
v -0.4092 6.0032 -0.2642
v 0.2306 6.0053 -0.4356
v 0.1869 5.9385 -0.4622
v -0.4589 5.0430 -0.5944
v -0.3654 4.9610 -0.5647
v -0.3445 5.0518 -0.5943
v -0.4081 5.1294 -0.6403
v 0.0379 6.0581 -0.3575
v 0.0701 6.0100 -0.3249
v 0.1069 6.0327 -0.3158
v 0.0842 6.0904 -0.3668
v -0.5241 5.1381 -0.5103
v -0.4819 5.2099 -0.4442
v 0.0862 5.8852 -0.5120
v -0.0027 5.8435 -0.4908
v -0.1590 5.3975 -0.7072
v -0.0781 5.2998 -0.7365
v -0.5632 4.9135 -0.6092
v -0.4074 4.8303 -0.5728
v -0.3812 4.8823 -0.5714
v -0.5202 4.9686 -0.5886
v -0.0756 5.7852 -0.4282
v -0.1344 5.7162 -0.4336
v -0.5010 5.0733 -0.6813
v -0.5358 5.1041 -0.5947
v -0.3839 5.3316 -0.6665
v -0.3321 5.3297 -0.6142
v -0.4514 5.4578 -0.5482
v -0.4978 5.4701 -0.5656
v -0.4171 5.3009 -0.4185
v -0.3482 5.3620 -0.4136
v -0.3238 5.2073 -0.6903
v -0.2632 5.1728 -0.6360
v -0.2996 5.2487 -0.6114
v -0.3629 5.2802 -0.6677
v -0.2247 5.4265 -0.7220
v -0.1533 5.3799 -0.6924
v -0.1453 5.4019 -0.6047
v -0.1947 5.4684 -0.6487
v -0.1863 5.6571 -0.4715
v -0.2211 5.6254 -0.5396
v 0.0322 5.6715 -0.7641
v -0.0759 5.5763 -0.7766
v -0.5367 5.5259 -0.4776
v -0.4576 5.4880 -0.4383
v -0.4276 5.5310 -0.3733
v -0.5009 5.6080 -0.4150
v -0.3405 5.5043 -0.4850
v -0.2652 5.4419 -0.4413
v -0.1913 5.5472 -0.4906
v -0.0339 5.2150 -0.7486
v -0.0019 5.1427 -0.7823
v -0.3877 4.9399 -0.6741
v -0.4403 4.9990 -0.6957
v -0.4055 6.0554 -0.2243
v -0.3430 5.9993 -0.1709
v -0.3371 6.0411 -0.1602
v -0.3815 6.0992 -0.2132
v -0.1940 5.5066 -0.5714
v -0.1424 5.4617 -0.5307
v -0.1562 5.5321 -0.4739
v -0.2073 5.5713 -0.5214
v -0.2314 5.5758 -0.6102
v -0.2216 5.4980 -0.6778
v -0.2623 5.0941 -0.7406
v -0.2313 5.0387 -0.6652
v -0.2403 5.1040 -0.6502
v -0.2928 5.1468 -0.7083
v -0.4320 5.6958 -0.3620
v -0.3737 5.6078 -0.3111
v -0.3220 5.7011 -0.2598
v -0.3758 5.7587 -0.3074
v 0.1037 5.4725 -0.6230
v 0.0920 5.4075 -0.7356
v -0.1076 5.6299 -0.5181
v -0.0280 5.6538 -0.5008
v 0.0826 5.3563 -0.8166
v -0.0039 5.3147 -0.8965
v -0.2485 5.6676 -0.5216
v -0.2003 5.6202 -0.4495
v -0.2616 5.7125 -0.4421
v -0.3285 5.7307 -0.5111
v 0.0062 5.0883 -0.8270
v -0.0018 5.0536 -0.8945
v -0.3134 5.8116 -0.2871
v -0.2643 5.7563 -0.2487
v -0.1991 5.8150 -0.2612
v -0.2344 5.8571 -0.2921
v -0.0274 5.6964 -0.4313
v -0.0278 5.7615 -0.3418
v -0.2672 5.0106 -0.7792
v -0.1944 4.9220 -0.7202
v -0.2147 4.9735 -0.6890
v -0.2651 5.0504 -0.7547
v -0.1185 5.9790 -0.2219
v -0.1258 6.0203 -0.2091
v -0.4027 5.7833 -0.4660
v -0.3234 5.7840 -0.4216
v -0.3663 5.8534 -0.3704
v -0.4425 5.8618 -0.4052
v -0.4492 5.4637 -0.5284
v -0.6033 5.3591 -0.6164
v -0.4917 5.5462 -0.6540
v -0.3995 5.4090 -0.7453
v -0.3643 5.3221 -0.7304
v 0.1213 6.1246 -0.4136
v 0.1792 6.1020 -0.4535
v 0.0598 6.1138 -0.4260
v 0.0253 6.0731 -0.4329
v -0.0280 6.0233 -0.4281
v -0.1035 5.9550 -0.3743
v -0.2074 5.8642 -0.3477
v -0.3019 5.8300 -0.3475
v -0.3720 5.7797 -0.3762
v -0.4338 5.7252 -0.4404
v -0.5078 5.6614 -0.4957
v -0.5296 5.6120 -0.5609
v -0.1147 6.1165 -0.3652
v -0.0180 6.0924 -0.3810
v -0.2855 5.6228 -0.6108
v -0.3555 5.5433 -0.5667
v -0.3248 6.1452 -0.3243
v -0.2337 6.1233 -0.3547
v -0.3890 5.8075 -0.5275
v -0.2991 5.7449 -0.5565
v -0.6166 5.2897 -0.6675
v -0.6028 5.2149 -0.7189
v -0.3147 5.2422 -0.7444
v -0.2764 5.1725 -0.7598
v -0.2708 5.1204 -0.7805
v -0.2810 5.0912 -0.8066
v -0.4763 4.9926 -0.8183
v -0.2913 5.0658 -0.8209
v 0.1833 6.0303 -0.3513
v 0.2389 6.0286 -0.4176
v -0.0411 6.0159 -0.2176
v 0.0439 6.0078 -0.2562
v -0.2461 6.0378 -0.1845
v -0.1667 6.0358 -0.2432
v 0.2342 6.0689 -0.4103
v 0.3494 4.3192 -1.1984
v 0.3622 4.3213 -1.1970
v 0.4297 4.1983 -1.1285
v 0.4241 4.1890 -1.1274
v 0.4803 4.0756 -1.0225
v 0.4668 4.0713 -1.0271
v 0.4988 5.0538 -0.8914
v 0.5183 5.0664 -0.8956
v 0.5212 5.0247 -0.9283
v 0.5040 5.0160 -0.9251
v 0.4887 4.9132 -0.9649
v 0.4761 4.9077 -0.9595
v 0.4358 4.7858 -1.0090
v 0.4231 4.7770 -0.9969
v 0.3746 4.6638 -0.9755
v 0.3565 4.6540 -0.9710
v 0.3082 4.5765 -0.9941
v 0.2898 4.5739 -0.9929
v 0.2654 4.5132 -1.0307
v 0.2485 4.5137 -1.0320
v 0.2536 4.4909 -1.0938
v 0.2386 4.4869 -1.0939
v 0.2650 4.4781 -1.1624
v 0.2508 4.4693 -1.1597
v 0.2871 4.4309 -1.2032
v 0.2750 4.4236 -1.2009
v 0.4988 3.9802 -0.9756
v 0.4876 3.9789 -0.9804
v 0.4990 3.8993 -0.9650
v 0.4899 3.8999 -0.9680
v 0.4823 3.8596 -0.9998
v 0.4729 3.8560 -0.9988
v 0.4467 3.8006 -1.0414
v 0.4375 3.7979 -1.0380
v 0.4116 3.7471 -1.0504
v 0.4034 3.7455 -1.0501
v 0.3984 3.7185 -1.0598
v 0.3940 3.7177 -1.0584
v 0.6524 4.1069 -0.9893
v 0.6515 4.0967 -0.9771
v 0.6124 4.0134 -1.0048
v 0.6132 4.0221 -1.0159
v 0.5540 3.9168 -0.9944
v 0.5550 3.9251 -1.0048
v 0.2679 4.8461 -0.8948
v 0.2674 4.8385 -0.8786
v 0.3052 4.8074 -0.8951
v 0.3058 4.8142 -0.9125
v 0.3480 4.7630 -0.9112
v 0.3472 4.7697 -0.9315
v 0.4792 3.8266 -0.9716
v 0.4805 3.8325 -0.9783
v 0.4339 3.7881 -0.9800
v 0.4358 3.7912 -0.9846
v 0.3983 4.7389 -0.9563
v 0.3980 4.7450 -0.9745
v 0.4381 4.6611 -0.9759
v 0.4363 4.6659 -0.9916
v 0.4255 4.5556 -0.9513
v 0.4282 4.5600 -0.9664
v 0.4332 4.4572 -0.8776
v 0.4346 4.4623 -0.8911
v 0.4234 3.7497 -1.0079
v 0.4209 3.7483 -1.0043
v 0.4206 3.7234 -1.0251
v 0.4219 3.7244 -1.0281
v 0.4743 4.3868 -0.8203
v 0.4748 4.3926 -0.8320
v 0.5311 4.3206 -0.7817
v 0.5319 4.3294 -0.7950
v 0.5843 4.2518 -0.8017
v 0.5849 4.2621 -0.8179
v 0.6276 4.1999 -0.8606
v 0.6296 4.2147 -0.8771
v 0.6498 4.1658 -0.9243
v 0.6537 4.1799 -0.9388
v 0.2579 4.8852 -0.8346
v 0.2627 4.8740 -0.8179
v 0.1898 5.5316 -0.8702
v 0.2084 5.5352 -0.8631
v 0.2803 5.4164 -0.8521
v 0.2734 5.4082 -0.8570
v 0.3568 5.2940 -0.7926
v 0.3396 5.2915 -0.8016
v 0.3585 6.0827 -0.3064
v 0.3723 6.0855 -0.3057
v 0.3509 6.0436 -0.3400
v 0.3365 6.0389 -0.3352
v 0.2947 5.9623 -0.3605
v 0.2806 5.9628 -0.3550
v 0.2337 5.9057 -0.4217
v 0.2180 5.9067 -0.4194
v 0.1953 5.8581 -0.5179
v 0.1852 5.8551 -0.5366
v 0.1649 5.8111 -0.6514
v 0.1444 5.8119 -0.6575
v 0.0330 5.7350 -0.6611
v 0.0115 5.7346 -0.6569
v 0.0630 5.7102 -0.7227
v 0.0557 5.7077 -0.7272
v 0.0983 5.6973 -0.7857
v 0.0749 5.6865 -0.7914
v 0.1194 5.6466 -0.8384
v 0.0982 5.6370 -0.8472
v 0.4000 5.1939 -0.7678
v 0.3834 5.1945 -0.7764
v 0.4468 5.1232 -0.7600
v 0.4290 5.1239 -0.7670
v 0.4864 5.1153 -0.7966
v 0.4654 5.1085 -0.7993
v 0.5084 5.0914 -0.8298
v 0.4861 5.0838 -0.8313
v 0.5180 5.0802 -0.8626
v 0.4949 5.0702 -0.8616
v 0.6243 5.2876 -0.6913
v 0.6253 5.2772 -0.6810
v 0.5773 5.2128 -0.7638
v 0.5748 5.2223 -0.7730
v 0.4950 5.1358 -0.8053
v 0.4946 5.1459 -0.8147
v 0.0229 6.0563 -0.4155
v 0.0208 6.0509 -0.4033
v 0.0642 6.0190 -0.4067
v 0.0637 6.0257 -0.4202
v 0.1017 5.9830 -0.4322
v 0.1002 5.9892 -0.4449
v 0.3845 5.0435 -0.8158
v 0.3841 5.0518 -0.8252
v 0.2922 4.9610 -0.8227
v 0.2907 4.9710 -0.8346
v 0.1639 5.9284 -0.4690
v 0.1621 5.9343 -0.4798
v 0.2214 5.8607 -0.4909
v 0.2202 5.8658 -0.5016
v 0.2621 5.7708 -0.4742
v 0.2631 5.7763 -0.4867
v 0.2944 5.6696 -0.4239
v 0.2950 5.6765 -0.4366
v 0.3528 5.5928 -0.3803
v 0.3530 5.6001 -0.3914
v 0.4195 5.5205 -0.3576
v 0.4211 5.5303 -0.3704
v 0.4918 5.4289 -0.3964
v 0.4938 5.4422 -0.4107
v 0.5824 5.3658 -0.4607
v 0.5807 5.3816 -0.4731
v 0.6325 5.3167 -0.5378
v 0.6306 5.3366 -0.5531
v 0.5824 4.2673 -1.0614
v 0.5994 4.2636 -1.0517
v 0.5844 4.1705 -1.0903
v 0.5677 4.1739 -1.0999
v 0.6330 4.2556 -1.0322
v 0.6493 4.2516 -1.0227
v 0.6333 4.1594 -1.0610
v 0.6172 4.1630 -1.0705
v 0.2276 4.8617 -1.0830
v 0.2438 4.8603 -1.0692
v 0.2777 4.8228 -1.1102
v 0.2615 4.8253 -1.1247
v 0.2760 4.8566 -1.0391
v 0.2921 4.8542 -1.0231
v 0.3268 4.8117 -1.0598
v 0.3104 4.8158 -1.0775
v 0.3170 4.7817 -1.1544
v 0.3328 4.7814 -1.1386
v 0.3756 4.6945 -1.1437
v 0.3627 4.6946 -1.1599
v 0.3645 4.7795 -1.1041
v 0.3803 4.7782 -1.0863
v 0.4146 4.6928 -1.0926
v 0.4016 4.6935 -1.1099
v 0.3981 4.5769 -1.1283
v 0.4067 4.5779 -1.1110
v 0.4249 4.4943 -1.0424
v 0.4205 4.4961 -1.0633
v 0.4238 4.5801 -1.0761
v 0.4326 4.5813 -1.0588
v 0.4383 4.4891 -0.9797
v 0.4339 4.4908 -1.0006
v 0.4299 4.4193 -0.9697
v 0.4394 4.4201 -0.9540
v 0.4807 4.3644 -0.9100
v 0.4667 4.3620 -0.9222
v 0.4581 4.4213 -0.9223
v 0.4677 4.4221 -0.9065
v 0.5224 4.3714 -0.8733
v 0.5085 4.3690 -0.8855
v 0.5077 4.3030 -0.9366
v 0.5237 4.3049 -0.9290
v 0.5733 4.2830 -0.9860
v 0.5572 4.2820 -0.9923
v 0.5556 4.3089 -0.9141
v 0.5716 4.3108 -0.9065
v 0.6209 4.2857 -0.9674
v 0.6052 4.2849 -0.9736
v 0.5346 4.0744 -1.0991
v 0.5506 4.0726 -1.0935
v 0.4972 3.9620 -1.0661
v 0.4816 3.9608 -1.0686
v 0.5821 4.0683 -1.0815
v 0.5977 4.0663 -1.0760
v 0.5450 3.9657 -1.0577
v 0.5288 3.9642 -1.0601
v 0.4218 3.8542 -1.0321
v 0.4350 3.8558 -1.0281
v 0.4068 3.7918 -1.0232
v 0.3972 3.7880 -1.0269
v 0.4610 3.8589 -1.0196
v 0.4741 3.8604 -1.0159
v 0.4357 3.8029 -1.0120
v 0.4260 3.7992 -1.0156
v 0.4019 3.7494 -1.0516
v 0.4087 3.7508 -1.0465
v 0.4145 3.7275 -1.0538
v 0.4110 3.7271 -1.0565
v 0.4222 3.7539 -1.0362
v 0.4290 3.7553 -1.0312
v 0.4249 3.7286 -1.0458
v 0.4214 3.7283 -1.0484
v 0.1992 4.8945 -1.0330
v 0.2133 4.8930 -1.0228
v 0.2419 4.8895 -1.0015
v 0.2562 4.8877 -0.9904
v 0.4954 5.4650 -0.7115
v 0.5185 5.4594 -0.6992
v 0.5103 5.3709 -0.7937
v 0.4832 5.3789 -0.8066
v 0.5652 5.4481 -0.6735
v 0.5885 5.4425 -0.6608
v 0.5916 5.3471 -0.7551
v 0.5646 5.3551 -0.7680
v -0.0123 6.0772 -0.5468
v 0.0024 6.0737 -0.5352
v 0.0321 6.0287 -0.5599
v 0.0169 6.0307 -0.5726
v 0.0317 6.0664 -0.5117
v 0.0463 6.0629 -0.5001
v 0.0777 6.0223 -0.5214
v 0.0625 6.0244 -0.5342
v 0.0579 5.9612 -0.6128
v 0.0769 5.9617 -0.5971
v 0.1425 5.8815 -0.6270
v 0.1245 5.8791 -0.6450
v 0.1147 5.9627 -0.5655
v 0.1337 5.9632 -0.5497
v 0.1965 5.8889 -0.5734
v 0.1785 5.8864 -0.5913
v 0.2088 5.7998 -0.6448
v 0.2206 5.8005 -0.6257
v 0.2552 5.7258 -0.5844
v 0.2445 5.7293 -0.6055
v 0.2443 5.8018 -0.5876
v 0.2561 5.8025 -0.5685
v 0.2871 5.7149 -0.5210
v 0.2765 5.7186 -0.5421
v 0.2951 5.6521 -0.5364
v 0.3068 5.6490 -0.5186
v 0.3666 5.5793 -0.4930
v 0.3509 5.5793 -0.5076
v 0.3303 5.6429 -0.4830
v 0.3421 5.6399 -0.4652
v 0.4135 5.5790 -0.4491
v 0.3979 5.5791 -0.4637
v 0.4032 5.5093 -0.5508
v 0.4221 5.5094 -0.5396
v 0.4774 5.4761 -0.6097
v 0.4562 5.4798 -0.6236
v 0.4602 5.5093 -0.5165
v 0.4792 5.5092 -0.5049
v 0.5412 5.4646 -0.5673
v 0.5201 5.4684 -0.5813
v 0.4334 5.3010 -0.8707
v 0.4592 5.2948 -0.8603
v 0.3959 5.2012 -0.8959
v 0.3717 5.2024 -0.9045
v 0.5110 5.2825 -0.8394
v 0.5368 5.2765 -0.8289
v 0.4682 5.1975 -0.8698
v 0.4441 5.1987 -0.8784
v 0.2728 5.0830 -0.8969
v 0.2947 5.0850 -0.8919
v 0.2048 5.0047 -0.9369
v 0.1852 5.0008 -0.9476
v 0.3384 5.0892 -0.8819
v 0.3603 5.0911 -0.8769
v 0.2636 5.0167 -0.9049
v 0.2440 5.0127 -0.9155
v 0.1665 4.9474 -0.9909
v 0.1799 4.9463 -0.9764
v 0.2066 4.9439 -0.9474
v 0.2200 4.9427 -0.9328
v -0.0378 6.1011 -0.5170
v -0.0235 6.0976 -0.5088
v 0.0049 6.0905 -0.4926
v 0.0191 6.0870 -0.4845
v 0.6519 4.1367 -1.0262
v 0.6526 4.1270 -1.0138
v 0.6138 4.0391 -1.0373
v 0.6139 4.0476 -1.0484
v 0.5573 3.9417 -1.0245
v 0.5587 3.9501 -1.0348
v 0.2694 4.8695 -0.9447
v 0.2689 4.8615 -0.9277
v 0.3068 4.8287 -0.9493
v 0.3073 4.8363 -0.9683
v 0.3456 4.7842 -0.9745
v 0.3447 4.7919 -0.9968
v 0.4831 3.8443 -0.9916
v 0.4845 3.8502 -0.9984
v 0.4395 3.7973 -0.9941
v 0.4415 3.8004 -0.9987
v 0.3973 4.7576 -1.0119
v 0.3969 4.7641 -1.0308
v 0.4328 4.6761 -1.0245
v 0.4311 4.6814 -1.0414
v 0.4337 4.5690 -0.9965
v 0.4363 4.5735 -1.0115
v 0.4378 4.4723 -0.9182
v 0.4394 4.4773 -0.9318
v 0.4283 3.7526 -1.0152
v 0.4308 3.7540 -1.0187
v 0.4245 3.7262 -1.0341
v 0.4258 3.7272 -1.0371
v 0.4756 4.4048 -0.8555
v 0.4761 4.4107 -0.8672
v 0.5337 4.3471 -0.8214
v 0.5346 4.3561 -0.8346
v 0.5860 4.2822 -0.8504
v 0.5865 4.2925 -0.8666
v 0.6332 4.2435 -0.9107
v 0.6345 4.2580 -0.9275
v 0.6599 4.2074 -0.9683
v 0.6622 4.2209 -0.9831
v 0.2431 4.9190 -0.8849
v 0.2481 4.9078 -0.8681
v 0.6209 5.3186 -0.7221
v 0.6220 5.3082 -0.7118
v 0.5700 5.2415 -0.7911
v 0.5675 5.2511 -0.8002
v 0.4937 5.1661 -0.8332
v 0.4932 5.1761 -0.8425
v 0.0292 6.0726 -0.4520
v 0.0271 6.0671 -0.4399
v 0.0626 6.0391 -0.4475
v 0.0620 6.0458 -0.4611
v 0.0973 6.0016 -0.4704
v 0.0958 6.0077 -0.4831
v 0.3833 5.0683 -0.8439
v 0.3829 5.0766 -0.8532
v 0.2877 4.9908 -0.8584
v 0.2862 5.0008 -0.8703
v 0.1583 5.9461 -0.5015
v 0.1565 5.9519 -0.5122
v 0.2179 5.8760 -0.5232
v 0.2167 5.8811 -0.5340
v 0.2651 5.7870 -0.5118
v 0.2660 5.7923 -0.5243
v 0.2961 5.6904 -0.4619
v 0.2967 5.6974 -0.4745
v 0.3533 5.6148 -0.4138
v 0.3535 5.6221 -0.4249
v 0.4243 5.5497 -0.3960
v 0.4260 5.5595 -0.4088
v 0.4966 5.4690 -0.4416
v 0.4975 5.4824 -0.4582
v 0.5747 5.4132 -0.5024
v 0.5709 5.4290 -0.5189
v 0.6243 5.3766 -0.5883
v 0.6203 5.3967 -0.6078
v 0.3112 4.3112 -1.2032
v 0.3240 4.3131 -1.2017
v 0.4120 4.1689 -1.1229
v 0.4063 4.1596 -1.1216
v 0.4394 4.0627 -1.0324
v 0.4268 4.0587 -1.0366
v 0.4402 5.0164 -0.8787
v 0.4598 5.0289 -0.8829
v 0.4693 4.9988 -0.9188
v 0.4521 4.9902 -0.9156
v 0.4509 4.8964 -0.9487
v 0.4382 4.8908 -0.9434
v 0.3978 4.7590 -0.9719
v 0.3851 4.7498 -0.9589
v 0.3201 4.6338 -0.9611
v 0.3020 4.6236 -0.9561
v 0.2529 4.5686 -0.9904
v 0.2346 4.5661 -0.9892
v 0.2148 4.5149 -1.0344
v 0.1979 4.5154 -1.0356
v 0.2088 4.4789 -1.0943
v 0.1938 4.4749 -1.0944
v 0.2226 4.4516 -1.1552
v 0.2083 4.4429 -1.1524
v 0.2511 4.4079 -1.1976
v 0.2389 4.4007 -1.1953
v 0.4641 3.9769 -0.9864
v 0.4533 3.9758 -0.9911
v 0.4710 3.9016 -0.9717
v 0.4619 3.9023 -0.9748
v 0.4533 3.8489 -0.9951
v 0.4440 3.8453 -0.9943
v 0.4190 3.7923 -1.0308
v 0.4098 3.7896 -1.0276
v 0.3871 3.7423 -1.0495
v 0.3790 3.7408 -1.0492
v 0.3853 3.7161 -1.0554
v 0.3809 3.7153 -1.0540
v 0.1346 5.5204 -0.8903
v 0.1529 5.5243 -0.8840
v 0.2597 5.3919 -0.8669
v 0.2528 5.3838 -0.8718
v 0.3052 5.2862 -0.8195
v 0.2880 5.2836 -0.8284
v 0.3232 6.0862 -0.3228
v 0.3361 6.0881 -0.3195
v 0.3243 6.0539 -0.3756
v 0.3109 6.0502 -0.3737
v 0.2889 5.9930 -0.4340
v 0.2756 5.9931 -0.4288
v 0.2171 5.9217 -0.4675
v 0.1973 5.9216 -0.4578
v 0.1237 5.8427 -0.4901
v 0.1040 5.8367 -0.4893
v 0.0586 5.7903 -0.5444
v 0.0378 5.7893 -0.5454
v 0.0266 5.7329 -0.6076
v 0.0073 5.7335 -0.6089
v 0.0237 5.6946 -0.6949
v 0.0069 5.6906 -0.6973
v 0.0266 5.6623 -0.7937
v 0.0051 5.6504 -0.7989
v 0.0566 5.6162 -0.8616
v 0.0366 5.6046 -0.8667
v 0.3500 5.1957 -0.7936
v 0.3334 5.1963 -0.8023
v 0.3932 5.1251 -0.7811
v 0.3754 5.1257 -0.7881
v 0.4235 5.0949 -0.8047
v 0.4025 5.0881 -0.8075
v 0.4414 5.0684 -0.8343
v 0.4191 5.0609 -0.8358
v 0.4485 5.0501 -0.8598
v 0.4253 5.0401 -0.8589
v 0.5009 3.8123 -1.0072
v 0.4984 3.8083 -1.0007
v 0.4435 3.7459 -1.0294
v 0.4428 3.7477 -1.0338
v 0.4934 3.8003 -0.9875
v 0.4910 3.7964 -0.9810
v 0.4455 3.7405 -1.0159
v 0.4448 3.7423 -1.0204
v 0.4205 3.7159 -1.0491
v 0.4194 3.7172 -1.0524
v 0.4237 3.7123 -1.0392
v 0.4226 3.7135 -1.0425
v 0.6436 5.0012 -0.8169
v 0.6500 4.9838 -0.8025
v 0.6511 4.9284 -0.8415
v 0.6462 4.9467 -0.8584
v 0.6628 4.9492 -0.7738
v 0.6693 4.9319 -0.7595
v 0.6658 4.8739 -0.7905
v 0.6609 4.8921 -0.8075
v 0.6205 4.8357 -0.8948
v 0.6150 4.8503 -0.9105
v 0.6370 4.7917 -0.8480
v 0.6315 4.8064 -0.8636
v 0.5417 4.7104 -0.9463
v 0.5396 4.7168 -0.9588
v 0.5478 4.6912 -0.9091
v 0.5458 4.6976 -0.9215
v 0.4833 4.6501 -0.9667
v 0.4837 4.6546 -0.9769
v 0.4818 4.6369 -0.9362
v 0.4823 4.6413 -0.9463
v 0.4243 4.2730 -1.0944
v 0.4256 4.2675 -1.0811
v 0.4863 4.1638 -1.0104
v 0.4852 4.1660 -1.0205
v 0.4283 4.2567 -1.0547
v 0.4296 4.2512 -1.0414
v 0.4898 4.1571 -0.9808
v 0.4888 4.1593 -0.9909
v 0.5403 4.0723 -0.9409
v 0.5391 4.0733 -0.9481
v 0.5443 4.0692 -0.9202
v 0.5431 4.0702 -0.9274
v 0.3906 4.5712 -0.9508
v 0.3926 4.5798 -0.9622
v 0.3841 4.5454 -0.9166
v 0.3863 4.5540 -0.9280
v 0.3360 4.4935 -0.9649
v 0.3360 4.5017 -0.9770
v 0.3362 4.4690 -0.9288
v 0.3361 4.4772 -0.9407
v 0.3063 4.4308 -0.9941
v 0.3027 4.4377 -1.0057
v 0.3259 4.4050 -1.0522
v 0.3233 4.4137 -1.0665
v 0.3134 4.4170 -0.9708
v 0.3170 4.4100 -0.9591
v 0.3336 4.3789 -1.0094
v 0.3311 4.3876 -1.0237
v 0.5733 4.0060 -0.9223
v 0.5730 4.0073 -0.9289
v 0.5742 4.0022 -0.9029
v 0.5739 4.0035 -0.9095
v 0.5859 3.9649 -0.9332
v 0.5846 3.9684 -0.9421
v 0.5903 3.9544 -0.9066
v 0.5887 3.9579 -0.9156
v 0.3554 4.3516 -1.0874
v 0.3525 4.3605 -1.1025
v 0.3643 4.3249 -1.0422
v 0.3614 4.3338 -1.0573
v 0.5679 3.8925 -0.9574
v 0.5664 3.8970 -0.9688
v 0.5727 3.8791 -0.9234
v 0.5711 3.8835 -0.9347
v 0.5955 5.0672 -0.7458
v 0.6027 5.0559 -0.7338
v 0.6340 5.0207 -0.7727
v 0.6256 5.0356 -0.7859
v 0.6170 5.0334 -0.7095
v 0.6242 5.0221 -0.6974
v 0.6594 4.9761 -0.7332
v 0.6509 4.9910 -0.7464
v 0.4427 6.0651 -0.2730
v 0.4430 6.0589 -0.2598
v 0.4510 6.0086 -0.2962
v 0.4475 6.0178 -0.3119
v 0.4436 6.0467 -0.2335
v 0.4440 6.0407 -0.2204
v 0.4615 5.9808 -0.2495
v 0.4580 5.9900 -0.2651
v 0.4299 5.9276 -0.3678
v 0.4222 5.9331 -0.3860
v 0.4530 5.9112 -0.3134
v 0.4453 5.9167 -0.3316
v 0.3740 5.8609 -0.4418
v 0.3703 5.8628 -0.4579
v 0.3854 5.8550 -0.3935
v 0.3816 5.8569 -0.4096
v 0.3160 5.8219 -0.4808
v 0.3159 5.8247 -0.4915
v 0.3161 5.8135 -0.4483
v 0.3161 5.8163 -0.4591
v 0.2955 5.4895 -0.7620
v 0.2975 5.4829 -0.7492
v 0.3620 5.3700 -0.7214
v 0.3593 5.3738 -0.7338
v 0.3014 5.4697 -0.7237
v 0.3032 5.4630 -0.7109
v 0.3700 5.3588 -0.6844
v 0.3673 5.3626 -0.6968
v 0.4422 5.2670 -0.6718
v 0.4395 5.2696 -0.6820
v 0.4506 5.2590 -0.6402
v 0.4477 5.2617 -0.6508
v 0.2206 5.7767 -0.4838
v 0.2216 5.7841 -0.4945
v 0.2175 5.7543 -0.4518
v 0.2185 5.7618 -0.4626
v 0.1724 5.7071 -0.5265
v 0.1709 5.7152 -0.5382
v 0.1768 5.6825 -0.4913
v 0.1753 5.6907 -0.5031
v 0.1485 5.6433 -0.5829
v 0.1432 5.6508 -0.5948
v 0.1646 5.6208 -0.5475
v 0.1592 5.6283 -0.5593
v 0.1878 5.6235 -0.6529
v 0.1854 5.6341 -0.6659
v 0.1947 5.5922 -0.6151
v 0.1924 5.6025 -0.6275
v 0.4921 5.1852 -0.6646
v 0.4917 5.1888 -0.6787
v 0.4933 5.1741 -0.6222
v 0.4929 5.1778 -0.6364
v 0.5368 5.1278 -0.6681
v 0.5352 5.1352 -0.6831
v 0.5414 5.1054 -0.6229
v 0.5399 5.1129 -0.6380
v 0.2349 5.5761 -0.7094
v 0.2322 5.5871 -0.7227
v 0.2425 5.5440 -0.6709
v 0.2401 5.5546 -0.6834
v 0.5758 5.0894 -0.6875
v 0.5737 5.1008 -0.7012
v 0.5820 5.0553 -0.6465
v 0.5800 5.0667 -0.6602
v 0.2207 4.2169 -1.0619
v 0.2346 4.2187 -1.0605
v 0.2154 4.1677 -1.1083
v 0.2028 4.1682 -1.1109
v 0.2621 4.2223 -1.0574
v 0.2759 4.2241 -1.0561
v 0.2537 4.1665 -1.1006
v 0.2408 4.1669 -1.1032
v 0.3032 4.2277 -1.0531
v 0.3170 4.2295 -1.0516
v 0.2924 4.1654 -1.0927
v 0.2794 4.1658 -1.0953
v 0.2234 4.0898 -1.1428
v 0.2125 4.0910 -1.1459
v 0.2570 4.0866 -1.1337
v 0.2457 4.0877 -1.1367
v 0.2912 4.0835 -1.1244
v 0.2798 4.0845 -1.1276
v 0.2765 4.8635 -0.9792
v 0.2879 4.8665 -0.9780
v 0.3058 4.8254 -0.9618
v 0.2957 4.8244 -0.9662
v 0.3105 4.8725 -0.9755
v 0.3218 4.8755 -0.9741
v 0.3358 4.8285 -0.9483
v 0.3258 4.8274 -0.9528
v 0.3444 4.8812 -0.9713
v 0.3558 4.8842 -0.9699
v 0.3657 4.8318 -0.9354
v 0.3558 4.8305 -0.9395
v 0.3379 4.7683 -0.9360
v 0.3276 4.7701 -0.9447
v 0.3689 4.7635 -0.9119
v 0.3587 4.7649 -0.9196
v 0.4000 4.7600 -0.8901
v 0.3896 4.7611 -0.8973
v 0.3772 4.6670 -0.8695
v 0.3664 4.6652 -0.8725
v 0.4097 4.6722 -0.8608
v 0.3989 4.6705 -0.8637
v 0.4423 4.6775 -0.8520
v 0.4315 4.6758 -0.8549
v 0.4084 4.6018 -0.8719
v 0.3934 4.5962 -0.8724
v 0.4532 4.6184 -0.8702
v 0.4382 4.6129 -0.8708
v 0.4986 4.6349 -0.8681
v 0.4834 4.6294 -0.8689
v 0.4484 4.5824 -0.9398
v 0.4355 4.5760 -0.9401
v 0.4872 4.6016 -0.9384
v 0.4742 4.5952 -0.9389
v 0.5261 4.6207 -0.9371
v 0.5131 4.6143 -0.9376
v 0.4741 4.5502 -1.0252
v 0.4625 4.5463 -1.0233
v 0.5090 4.5620 -1.0307
v 0.4974 4.5581 -1.0289
v 0.5438 4.5740 -1.0363
v 0.5323 4.5700 -1.0344
v 0.4255 4.4503 -1.0667
v 0.4122 4.4472 -1.0617
v 0.4662 4.4592 -1.0818
v 0.4526 4.4561 -1.0769
v 0.5072 4.4679 -1.0967
v 0.4935 4.4649 -1.0919
v 0.3807 4.3652 -1.0514
v 0.3668 4.3637 -1.0458
v 0.4225 4.3694 -1.0687
v 0.4087 4.3679 -1.0631
v 0.4643 4.3736 -1.0860
v 0.4504 4.3721 -1.0804
v 0.3098 4.2923 -1.0480
v 0.2959 4.2916 -1.0479
v 0.3518 4.2948 -1.0484
v 0.3378 4.2940 -1.0482
v 0.3937 4.2971 -1.0487
v 0.3797 4.2963 -1.0486
v 0.2350 4.0147 -1.1530
v 0.2237 4.0143 -1.1547
v 0.2692 4.0161 -1.1478
v 0.2578 4.0156 -1.1496
v 0.3038 4.0176 -1.1427
v 0.2923 4.0171 -1.1445
v 0.2617 3.9383 -1.1505
v 0.2506 3.9367 -1.1511
v 0.2952 3.9428 -1.1492
v 0.2841 3.9413 -1.1498
v 0.3285 3.9474 -1.1480
v 0.3175 3.9459 -1.1485
v 0.3130 3.8566 -1.1279
v 0.3041 3.8561 -1.1282
v 0.3398 3.8581 -1.1272
v 0.3309 3.8576 -1.1275
v 0.3666 3.8597 -1.1265
v 0.3577 3.8592 -1.1268
v 0.3511 3.7798 -1.0880
v 0.3431 3.7793 -1.0814
v 0.3755 3.7815 -1.0903
v 0.3674 3.7810 -1.0915
v 0.3997 3.7832 -1.0959
v 0.3916 3.7826 -1.0970
v 0.3804 3.7324 -1.0654
v 0.3762 3.7320 -1.0594
v 0.3928 3.7336 -1.0656
v 0.3887 3.7332 -1.0675
v 0.4052 3.7348 -1.0690
v 0.4011 3.7344 -1.0709
v 0.3960 3.7067 -1.0616
v 0.3934 3.7065 -1.0622
v 0.4037 3.7075 -1.0597
v 0.4012 3.7072 -1.0603
v 0.4115 3.7082 -1.0578
v 0.4089 3.7080 -1.0584
v 0.0373 5.4172 -0.7744
v 0.0527 5.4207 -0.7743
v 0.0142 5.3751 -0.8609
v -0.0012 5.3744 -0.8632
v 0.0837 5.4276 -0.7737
v 0.0993 5.4309 -0.7733
v 0.0602 5.3771 -0.8537
v 0.0449 5.3764 -0.8560
v 0.1306 5.4373 -0.7718
v 0.1464 5.4404 -0.7709
v 0.1064 5.3788 -0.8461
v 0.0910 5.3782 -0.8487
v 0.0202 5.3134 -0.9491
v 0.0042 5.3119 -0.9527
v 0.0683 5.3176 -0.9365
v 0.0523 5.3162 -0.9407
v 0.1164 5.3218 -0.9252
v 0.1004 5.3204 -0.9290
v 0.0496 6.0647 -0.4276
v 0.0586 6.0662 -0.4232
v 0.0820 6.0346 -0.4414
v 0.0706 6.0330 -0.4459
v 0.0767 6.0694 -0.4144
v 0.0858 6.0709 -0.4101
v 0.1164 6.0393 -0.4278
v 0.1050 6.0377 -0.4323
v 0.1039 6.0740 -0.4013
v 0.1130 6.0756 -0.3970
v 0.1509 6.0439 -0.4142
v 0.1395 6.0424 -0.4187
v 0.1216 5.9769 -0.4391
v 0.1102 5.9771 -0.4468
v 0.1559 5.9761 -0.4159
v 0.1444 5.9764 -0.4236
v 0.1901 5.9754 -0.3927
v 0.1787 5.9757 -0.4004
v 0.1761 5.8985 -0.4198
v 0.1635 5.9015 -0.4310
v 0.2141 5.8893 -0.3863
v 0.2015 5.8924 -0.3975
v 0.2522 5.8801 -0.3528
v 0.2395 5.8832 -0.3639
v 0.2308 5.8385 -0.4150
v 0.2131 5.8400 -0.4237
v 0.2839 5.8340 -0.3889
v 0.2662 5.8355 -0.3975
v 0.3369 5.8294 -0.3627
v 0.3192 5.8309 -0.3714
v 0.2855 5.8098 -0.4732
v 0.2705 5.8093 -0.4795
v 0.3306 5.8112 -0.4543
v 0.3156 5.8108 -0.4605
v 0.3757 5.8126 -0.4354
v 0.3607 5.8121 -0.4417
v 0.3071 5.7658 -0.5701
v 0.2956 5.7613 -0.5707
v 0.3416 5.7794 -0.5686
v 0.3300 5.7748 -0.5691
v 0.3767 5.7933 -0.5667
v 0.3649 5.7886 -0.5673
v 0.2676 5.6766 -0.6641
v 0.2562 5.6707 -0.6591
v 0.3018 5.6944 -0.6789
v 0.2904 5.6885 -0.6740
v 0.3370 5.7126 -0.6933
v 0.3251 5.7065 -0.6886
v 0.2196 5.5873 -0.7079
v 0.2067 5.5826 -0.7015
v 0.2583 5.6014 -0.7269
v 0.2455 5.5967 -0.7206
v 0.2968 5.6160 -0.7469
v 0.2841 5.6111 -0.7401
v 0.1408 5.5057 -0.7352
v 0.1264 5.5022 -0.7311
v 0.1841 5.5154 -0.7463
v 0.1697 5.5123 -0.7427
v 0.2279 5.5247 -0.7565
v 0.2133 5.5217 -0.7531
v 0.0530 5.2474 -1.0177
v 0.0368 5.2438 -1.0231
v 0.1014 5.2581 -0.9904
v 0.0853 5.2545 -1.0000
v 0.1501 5.2692 -0.9734
v 0.1338 5.2653 -0.9769
v 0.1022 5.1733 -1.0209
v 0.0867 5.1682 -1.0239
v 0.1488 5.1885 -1.0131
v 0.1333 5.1834 -1.0157
v 0.1955 5.2037 -1.0055
v 0.1799 5.1986 -1.0080
v 0.1754 5.0977 -1.0245
v 0.1636 5.0954 -1.0260
v 0.2108 5.1045 -1.0199
v 0.1990 5.1022 -1.0215
v 0.2463 5.1114 -1.0153
v 0.2344 5.1091 -1.0169
v 0.2249 5.0113 -1.0148
v 0.2129 5.0110 -1.0150
v 0.2607 5.0125 -1.0139
v 0.2488 5.0121 -1.0142
v 0.2966 5.0137 -1.0132
v 0.2846 5.0133 -1.0134
v 0.2660 4.9448 -0.9977
v 0.2541 4.9451 -0.9983
v 0.3013 4.9437 -0.9954
v 0.2895 4.9441 -0.9962
v 0.3367 4.9427 -0.9931
v 0.3249 4.9431 -0.9938
v 0.4602 4.2621 -1.0264
v 0.4702 4.2644 -1.0230
v 0.4938 4.2347 -1.0806
v 0.4834 4.2294 -1.0819
v 0.4902 4.2691 -1.0160
v 0.5004 4.2714 -1.0126
v 0.5247 4.2504 -1.0766
v 0.5144 4.2449 -1.0778
v 0.5207 4.2760 -1.0054
v 0.5309 4.2784 -1.0020
v 0.5553 4.2651 -1.0723
v 0.5451 4.2598 -1.0735
v 0.4691 4.1507 -1.1082
v 0.4574 4.1469 -1.1077
v 0.5041 4.1620 -1.1088
v 0.4922 4.1580 -1.1083
v 0.5389 4.1723 -1.1083
v 0.5272 4.1684 -1.1079
v 0.0887 4.8626 -1.0445
v 0.1007 4.8666 -1.0440
v 0.1226 4.8285 -1.0842
v 0.1099 4.8235 -1.0824
v 0.1248 4.8748 -1.0434
v 0.1368 4.8790 -1.0434
v 0.1607 4.8434 -1.0898
v 0.1479 4.8384 -1.0879
v 0.1609 4.8874 -1.0433
v 0.1729 4.8916 -1.0432
v 0.1988 4.8578 -1.0947
v 0.1861 4.8532 -1.0933
v 0.1478 4.7807 -1.1164
v 0.1339 4.7737 -1.1125
v 0.1895 4.8016 -1.1276
v 0.1756 4.7947 -1.1241
v 0.2312 4.8212 -1.1361
v 0.2173 4.8148 -1.1338
v 0.1898 4.7295 -1.1601
v 0.1738 4.7211 -1.1567
v 0.2374 4.7540 -1.1686
v 0.2215 4.7461 -1.1662
v 0.2852 4.7754 -1.1706
v 0.2692 4.7688 -1.1709
v 0.2446 4.6621 -1.1785
v 0.2296 4.6565 -1.1768
v 0.2896 4.6777 -1.1806
v 0.2746 4.6727 -1.1804
v 0.3347 4.6907 -1.1775
v 0.3196 4.6866 -1.1792
v 0.3126 4.5560 -1.1593
v 0.3016 4.5530 -1.1609
v 0.3456 4.5647 -1.1539
v 0.3346 4.5618 -1.1558
v 0.3786 4.5730 -1.1478
v 0.3676 4.5703 -1.1499
v 0.3500 4.4737 -1.1156
v 0.3405 4.4702 -1.1201
v 0.3783 4.4840 -1.1020
v 0.3689 4.4806 -1.1066
v 0.4067 4.4944 -1.0886
v 0.3973 4.4909 -1.0931
v 0.3615 4.3995 -1.0333
v 0.3531 4.3967 -1.0401
v 0.3868 4.4077 -1.0130
v 0.3784 4.4050 -1.0197
v 0.4123 4.4161 -0.9929
v 0.4039 4.4133 -0.9996
v 0.3893 4.3354 -0.9803
v 0.3801 4.3318 -0.9868
v 0.4165 4.3459 -0.9608
v 0.4074 4.3424 -0.9673
v 0.4439 4.3568 -0.9416
v 0.4348 4.3532 -0.9480
v 0.4725 4.2963 -0.9545
v 0.4821 4.2990 -0.9494
v 0.4473 4.0551 -1.0881
v 0.4374 4.0521 -1.0851
v 0.4774 4.0640 -1.0952
v 0.4671 4.0608 -1.0923
v 0.5076 4.0722 -1.1005
v 0.4971 4.0691 -1.0977
v 0.3988 3.9475 -1.0413
v 0.3890 3.9458 -1.0365
v 0.4276 3.9528 -1.0540
v 0.4178 3.9510 -1.0492
v 0.4556 3.9578 -1.0646
v 0.4459 3.9561 -1.0599
v 0.3220 3.8374 -1.0233
v 0.3096 3.8351 -1.0214
v 0.3592 3.8439 -1.0286
v 0.3467 3.8417 -1.0267
v 0.3958 3.8505 -1.0327
v 0.3833 3.8483 -1.0307
v 0.3239 3.7977 -1.0417
v 0.3149 3.7995 -1.0434
v 0.3511 3.7919 -1.0369
v 0.3421 3.7939 -1.0386
v 0.3783 3.7863 -1.0317
v 0.3691 3.7882 -1.0333
v 0.3700 3.7501 -1.0547
v 0.3664 3.7504 -1.0544
v 0.3807 3.7492 -1.0556
v 0.3771 3.7495 -1.0553
v 0.3915 3.7482 -1.0565
v 0.3879 3.7485 -1.0562
v 0.3917 3.7242 -1.0582
v 0.3895 3.7239 -1.0580
v 0.3985 3.7253 -1.0586
v 0.3963 3.7250 -1.0584
v 0.4053 3.7264 -1.0590
v 0.4030 3.7260 -1.0589
v 0.3348 5.4708 -0.6874
v 0.3472 5.4724 -0.6814
v 0.3676 5.4441 -0.7668
v 0.3526 5.4403 -0.7731
v 0.3721 5.4756 -0.6692
v 0.3845 5.4773 -0.6632
v 0.4127 5.4554 -0.7479
v 0.3977 5.4516 -0.7542
v 0.4096 5.4805 -0.6508
v 0.4224 5.4821 -0.6439
v 0.4579 5.4668 -0.7290
v 0.4428 5.4630 -0.7353
v 0.3354 5.3737 -0.8521
v 0.3181 5.3719 -0.8568
v 0.3871 5.3793 -0.8382
v 0.3698 5.3775 -0.8428
v 0.4389 5.3849 -0.8241
v 0.4216 5.3830 -0.8288
v -0.1334 6.0892 -0.5573
v -0.1232 6.0911 -0.5533
v -0.1133 6.0608 -0.5776
v -0.1256 6.0580 -0.5803
v -0.1029 6.0949 -0.5453
v -0.0927 6.0968 -0.5412
v -0.0763 6.0694 -0.5694
v -0.0886 6.0666 -0.5722
v -0.0724 6.1008 -0.5331
v -0.0622 6.1027 -0.5291
v -0.0392 6.0779 -0.5613
v -0.0516 6.0751 -0.5640
v -0.0929 6.0073 -0.6041
v -0.1063 6.0037 -0.6067
v -0.0523 6.0183 -0.5961
v -0.0658 6.0146 -0.5987
v -0.0118 6.0292 -0.5881
v -0.0253 6.0256 -0.5907
v -0.0595 5.9372 -0.6520
v -0.0736 5.9338 -0.6553
v -0.0173 5.9472 -0.6420
v -0.0314 5.9438 -0.6454
v 0.0248 5.9573 -0.6320
v 0.0108 5.9540 -0.6353
v -0.0084 5.8513 -0.7021
v -0.0249 5.8477 -0.7077
v 0.0409 5.8622 -0.6853
v 0.0244 5.8586 -0.6909
v 0.0901 5.8730 -0.6684
v 0.0737 5.8694 -0.6740
v 0.0845 5.7715 -0.7128
v 0.0683 5.7678 -0.7203
v 0.1329 5.7829 -0.6911
v 0.1169 5.7789 -0.6981
v 0.1809 5.7951 -0.6707
v 0.1649 5.7911 -0.6775
v 0.1635 5.7080 -0.6654
v 0.1532 5.7048 -0.6715
v 0.1937 5.7186 -0.6485
v 0.1837 5.7150 -0.6540
v 0.2238 5.7294 -0.6322
v 0.2138 5.7258 -0.6376
v 0.2063 5.6483 -0.6184
v 0.1953 5.6473 -0.6275
v 0.2393 5.6512 -0.5909
v 0.2283 5.6503 -0.6000
v 0.2723 5.6542 -0.5634
v 0.2612 5.6532 -0.5725
v 0.2521 5.5683 -0.5864
v 0.2402 5.5667 -0.5957
v 0.2877 5.5731 -0.5590
v 0.2758 5.5715 -0.5681
v 0.3234 5.5778 -0.5314
v 0.3115 5.5762 -0.5406
v 0.2975 5.5001 -0.6155
v 0.2851 5.4988 -0.6232
v 0.3347 5.5041 -0.5926
v 0.3223 5.5028 -0.6002
v 0.3719 5.5081 -0.5695
v 0.3595 5.5068 -0.5773
v 0.3138 5.2907 -0.8872
v 0.3004 5.2884 -0.8881
v 0.3539 5.2978 -0.8846
v 0.3405 5.2954 -0.8855
v 0.3941 5.3048 -0.8820
v 0.3807 5.3024 -0.8829
v 0.2568 5.1759 -0.8879
v 0.2438 5.1719 -0.8843
v 0.2957 5.1878 -0.8987
v 0.2827 5.1838 -0.8951
v 0.3347 5.1997 -0.9096
v 0.3216 5.1957 -0.9060
v 0.1493 5.0342 -0.8873
v 0.1348 5.0274 -0.8853
v 0.1928 5.0542 -0.8936
v 0.1783 5.0475 -0.8915
v 0.2363 5.0742 -0.8998
v 0.2219 5.0676 -0.8977
v 0.0910 4.9807 -0.9483
v 0.0803 4.9783 -0.9468
v 0.1229 4.9875 -0.9525
v 0.1123 4.9853 -0.9511
v 0.1550 4.9945 -0.9568
v 0.1443 4.9921 -0.9554
v 0.0718 4.9298 -1.0024
v 0.0602 4.9271 -1.0020
v 0.1067 4.9379 -1.0037
v 0.0951 4.9352 -1.0033
v 0.1416 4.9459 -1.0050
v 0.1299 4.9433 -1.0046
v 0.4099 4.2150 -1.0269
v 0.4102 4.2118 -1.0236
v 0.3701 4.1352 -1.0362
v 0.3698 4.1378 -1.0412
v 0.4107 4.2055 -1.0170
v 0.4109 4.2023 -1.0137
v 0.3711 4.1272 -1.0211
v 0.3708 4.1298 -1.0261
v 0.4112 4.1992 -1.0104
v 0.4115 4.1961 -1.0071
v 0.3717 4.1219 -1.0111
v 0.3714 4.1246 -1.0161
v 0.3829 4.0429 -1.0342
v 0.3825 4.0450 -1.0398
v 0.3842 4.0366 -1.0170
v 0.3838 4.0387 -1.0226
v 0.3850 4.0325 -1.0056
v 0.3846 4.0346 -1.0111
v 0.4295 4.8878 -0.8454
v 0.4292 4.8884 -0.8345
v 0.4437 4.8249 -0.8038
v 0.4423 4.8248 -0.8143
v 0.4287 4.8897 -0.8125
v 0.4285 4.8903 -0.8015
v 0.4481 4.8253 -0.7727
v 0.4466 4.8252 -0.7831
v 0.4282 4.8910 -0.7905
v 0.4280 4.8916 -0.7795
v 0.4509 4.8256 -0.7518
v 0.4495 4.8255 -0.7623
v 0.4992 4.7577 -0.7665
v 0.4990 4.7581 -0.7758
v 0.4998 4.7569 -0.7385
v 0.4996 4.7572 -0.7478
v 0.5003 4.7564 -0.7198
v 0.5001 4.7566 -0.7292
v 0.5640 4.6929 -0.7569
v 0.5648 4.6977 -0.7661
v 0.5614 4.6780 -0.7294
v 0.5622 4.6829 -0.7386
v 0.5596 4.6681 -0.7112
v 0.5605 4.6730 -0.7203
v 0.6149 4.6481 -0.7817
v 0.6153 4.6549 -0.7904
v 0.6138 4.6277 -0.7556
v 0.6141 4.6345 -0.7643
v 0.6129 4.6141 -0.7383
v 0.6133 4.6209 -0.7469
v 0.3991 3.9863 -1.0586
v 0.3982 3.9885 -1.0649
v 0.4017 3.9797 -1.0392
v 0.4008 3.9819 -1.0455
v 0.4035 3.9753 -1.0263
v 0.4025 3.9775 -1.0326
v 0.4156 3.9361 -1.0900
v 0.4150 3.9384 -1.0970
v 0.4172 3.9293 -1.0695
v 0.4167 3.9316 -1.0765
v 0.4184 3.9248 -1.0558
v 0.4179 3.9270 -1.0628
v 0.6314 4.5933 -0.8574
v 0.6308 4.6054 -0.8692
v 0.6329 4.5572 -0.8220
v 0.6325 4.5692 -0.8338
v 0.6337 4.5332 -0.7986
v 0.6333 4.5452 -0.8103
v 0.6469 4.5296 -0.9653
v 0.6466 4.5445 -0.9799
v 0.6462 4.4857 -0.9223
v 0.6467 4.5002 -0.9365
v 0.6451 4.4567 -0.8940
v 0.6457 4.4712 -0.9082
v 0.6107 4.4449 -1.0462
v 0.6103 4.4529 -1.0583
v 0.6117 4.4210 -1.0104
v 0.6115 4.4289 -1.0223
v 0.6119 4.4053 -0.9866
v 0.6118 4.4131 -0.9986
v 0.5696 4.3632 -1.0854
v 0.5685 4.3671 -1.0923
v 0.5729 4.3514 -1.0648
v 0.5718 4.3553 -1.0716
v 0.5751 4.3437 -1.0510
v 0.5740 4.3475 -1.0579
v 0.4369 3.8545 -1.0637
v 0.4359 3.8557 -1.0713
v 0.4399 3.8509 -1.0411
v 0.4390 3.8521 -1.0487
v 0.4420 3.8486 -1.0260
v 0.4410 3.8498 -1.0337
v 0.4443 3.7803 -1.0266
v 0.4445 3.7810 -1.0320
v 0.4436 3.7783 -1.0101
v 0.4438 3.7790 -1.0157
v 0.4432 3.7770 -0.9992
v 0.4434 3.7777 -1.0047
v 0.4994 4.2758 -1.0583
v 0.4990 4.2788 -1.0628
v 0.5008 4.2672 -1.0447
v 0.5003 4.2701 -1.0492
v 0.5016 4.2616 -1.0356
v 0.5012 4.2644 -1.0402
v 0.4328 3.7299 -1.0272
v 0.4325 3.7307 -1.0305
v 0.4340 3.7276 -1.0175
v 0.4336 3.7284 -1.0207
v 0.4348 3.7260 -1.0110
v 0.4344 3.7267 -1.0143
v 0.2577 5.4304 -0.7487
v 0.2592 5.4262 -0.7440
v 0.2154 5.3496 -0.7869
v 0.2152 5.3534 -0.7920
v 0.2623 5.4176 -0.7345
v 0.2639 5.4133 -0.7298
v 0.2161 5.3382 -0.7715
v 0.2158 5.3420 -0.7766
v 0.2654 5.4090 -0.7250
v 0.2670 5.4048 -0.7203
v 0.2165 5.3305 -0.7613
v 0.2163 5.3344 -0.7664
v 0.2483 5.2806 -0.8237
v 0.2494 5.2852 -0.8297
v 0.2451 5.2669 -0.8056
v 0.2462 5.2714 -0.8116
v 0.2430 5.2577 -0.7934
v 0.2440 5.2623 -0.7995
v 0.1960 6.0474 -0.3157
v 0.1941 6.0445 -0.3085
v 0.2409 5.9966 -0.2860
v 0.2414 6.0010 -0.2953
v 0.2386 5.9794 -0.2493
v 0.2380 5.9751 -0.2402
v 0.3046 5.8935 -0.2219
v 0.3039 5.8975 -0.2291
v 0.3003 5.9173 -0.2645
v 0.3010 5.9133 -0.2574
v 0.3898 5.8321 -0.2689
v 0.3893 5.8358 -0.2724
v 0.3024 5.9054 -0.2432
v 0.3032 5.9015 -0.2361
v 0.3913 5.8210 -0.2583
v 0.3908 5.8247 -0.2618
v 0.3923 5.8135 -0.2512
v 0.3918 5.8172 -0.2548
v 0.4541 5.8033 -0.2921
v 0.4536 5.8083 -0.2951
v 0.4554 5.7882 -0.2832
v 0.4550 5.7933 -0.2861
v 0.4564 5.7782 -0.2772
v 0.4559 5.7832 -0.2802
v 0.2893 5.2465 -0.8741
v 0.2898 5.2511 -0.8809
v 0.2880 5.2327 -0.8539
v 0.2885 5.2374 -0.8607
v 0.2872 5.2236 -0.8403
v 0.2876 5.2282 -0.8471
v 0.3171 5.2030 -0.9325
v 0.3165 5.2064 -0.9396
v 0.3189 5.1930 -0.9114
v 0.3183 5.1964 -0.9184
v 0.3201 5.1863 -0.8973
v 0.3196 5.1896 -0.9044
v 0.5094 5.7877 -0.3503
v 0.5094 5.7926 -0.3543
v 0.5094 5.7727 -0.3381
v 0.5094 5.7777 -0.3422
v 0.5094 5.7628 -0.3300
v 0.5094 5.7678 -0.3340
v 0.5370 5.7581 -0.4729
v 0.5337 5.7632 -0.4808
v 0.5160 5.6828 -0.6136
v 0.5094 5.6880 -0.6231
v 0.5438 5.7476 -0.4569
v 0.5472 5.7425 -0.4488
v 0.5448 5.6662 -0.5829
v 0.5315 5.6718 -0.5942
v 0.5508 5.7374 -0.4407
v 0.5545 5.7323 -0.4327
v 0.5741 5.6546 -0.5597
v 0.5598 5.6604 -0.5712
v 0.4445 5.5850 -0.7049
v 0.4386 5.5909 -0.7131
v 0.4616 5.5669 -0.6806
v 0.4561 5.5730 -0.6886
v 0.4723 5.5545 -0.6649
v 0.4671 5.5607 -0.6728
v 0.3534 5.1030 -0.9367
v 0.3519 5.1050 -0.9461
v 0.3577 5.0971 -0.9086
v 0.3563 5.0990 -0.9179
v 0.3606 5.0930 -0.8898
v 0.3592 5.0951 -0.8992
v 0.4073 5.0151 -0.9006
v 0.4074 5.0157 -0.9114
v 0.4070 5.0134 -0.8679
v 0.4071 5.0140 -0.8787
v 0.4067 5.0121 -0.8461
v 0.4069 5.0128 -0.8570
v 0.3651 5.4947 -0.7373
v 0.3625 5.4993 -0.7439
v 0.3730 5.4812 -0.7175
v 0.3703 5.4856 -0.7241
v 0.3782 5.4721 -0.7043
v 0.3756 5.4767 -0.7109
v 0.4290 4.9478 -0.8603
v 0.4305 4.9498 -0.8719
v 0.4246 4.9419 -0.8256
v 0.4261 4.9438 -0.8372
v 0.4216 4.9379 -0.8024
v 0.4231 4.9399 -0.8140
v 0.3241 4.6596 -0.8542
v 0.3226 4.6602 -0.8405
v 0.2828 4.7392 -0.8611
v 0.2821 4.7393 -0.8770
v 0.3211 4.6609 -0.8267
v 0.3195 4.6616 -0.8128
v 0.2842 4.7392 -0.8293
v 0.2834 4.7392 -0.8452
v 0.3164 4.6629 -0.7852
v 0.3149 4.6636 -0.7715
v 0.2862 4.7391 -0.7816
v 0.2855 4.7391 -0.7974
v 0.1802 3.9991 -1.1070
v 0.1819 3.9844 -1.0939
v 0.1615 4.0066 -1.0615
v 0.1592 4.0204 -1.0731
v 0.1843 3.9697 -1.0808
v 0.1870 3.9552 -1.0675
v 0.1669 3.9798 -1.0368
v 0.1638 3.9933 -1.0487
v 0.1936 3.9266 -1.0407
v 0.1972 3.9123 -1.0275
v 0.1775 3.9401 -0.9995
v 0.1738 3.9534 -1.0116
v 0.2809 3.8274 -1.0849
v 0.2837 3.8253 -1.0781
v 0.2177 3.9156 -1.1013
v 0.2154 3.9215 -1.1119
v 0.2865 3.8233 -1.0715
v 0.2892 3.8214 -1.0647
v 0.2230 3.9040 -1.0805
v 0.2204 3.9098 -1.0911
v 0.2949 3.8173 -1.0515
v 0.2976 3.8153 -1.0447
v 0.2315 3.8868 -1.0493
v 0.2287 3.8925 -1.0599
v 0.1507 4.0688 -1.0242
v 0.1535 4.0633 -1.0137
v 0.1773 4.1676 -0.9876
v 0.1743 4.1735 -0.9968
v 0.1561 4.0582 -1.0023
v 0.1592 4.0526 -0.9917
v 0.1834 4.1561 -0.9685
v 0.1803 4.1620 -0.9779
v 0.1654 4.0421 -0.9696
v 0.1687 4.0368 -0.9588
v 0.1929 4.1389 -0.9401
v 0.1897 4.1447 -0.9496
v 0.2444 4.2562 -0.9930
v 0.2458 4.2489 -0.9828
v 0.3137 4.3328 -0.9826
v 0.3125 4.3381 -0.9909
v 0.2472 4.2419 -0.9726
v 0.2486 4.2347 -0.9624
v 0.3163 4.3224 -0.9663
v 0.3150 4.3276 -0.9745
v 0.2515 4.2205 -0.9419
v 0.2530 4.2133 -0.9316
v 0.3200 4.3067 -0.9416
v 0.3188 4.3119 -0.9498
v 0.3683 3.7214 -1.0406
v 0.3692 3.7201 -1.0443
v 0.3394 3.7571 -1.0538
v 0.3369 3.7575 -1.0507
v 0.3700 3.7188 -1.0401
v 0.3709 3.7176 -1.0360
v 0.3446 3.7563 -1.0445
v 0.3421 3.7567 -1.0492
v 0.3726 3.7150 -1.0277
v 0.3735 3.7137 -1.0235
v 0.3523 3.7550 -1.0304
v 0.3498 3.7555 -1.0351
v 0.3746 4.4133 -0.9802
v 0.3767 4.4076 -0.9712
v 0.4199 4.4740 -0.9320
v 0.4200 4.4849 -0.9441
v 0.3787 4.4018 -0.9623
v 0.3807 4.3960 -0.9534
v 0.4195 4.4521 -0.9079
v 0.4197 4.4631 -0.9200
v 0.3846 4.3844 -0.9355
v 0.3866 4.3787 -0.9265
v 0.4190 4.4193 -0.8718
v 0.4192 4.4303 -0.8839
v 0.3834 4.5108 -0.8843
v 0.3818 4.5044 -0.8749
v 0.3437 4.5573 -0.8320
v 0.3452 4.5581 -0.8428
v 0.3803 4.4980 -0.8655
v 0.3788 4.4916 -0.8560
v 0.3405 4.5558 -0.8103
v 0.3421 4.5566 -0.8212
v 0.3757 4.4788 -0.8372
v 0.3742 4.4724 -0.8277
v 0.3358 4.5536 -0.7777
v 0.3374 4.5543 -0.7886
v 0.2412 4.7913 -0.8658
v 0.2432 4.7920 -0.8526
v 0.2198 4.8440 -0.8688
v 0.2190 4.8445 -0.8803
v 0.2451 4.7926 -0.8393
v 0.2470 4.7934 -0.8260
v 0.2214 4.8428 -0.8460
v 0.2206 4.8434 -0.8574
v 0.2509 4.7947 -0.7995
v 0.2529 4.7953 -0.7863
v 0.2238 4.8411 -0.8119
v 0.2230 4.8417 -0.8232
v 0.1175 5.8561 -0.4019
v 0.1164 5.8485 -0.3887
v 0.0577 5.9216 -0.3903
v 0.0586 5.9288 -0.4033
v 0.1153 5.8409 -0.3756
v 0.1142 5.8334 -0.3626
v 0.0557 5.9073 -0.3643
v 0.0567 5.9145 -0.3773
v 0.1119 5.8182 -0.3364
v 0.1108 5.8106 -0.3232
v 0.0529 5.8858 -0.3254
v 0.0538 5.8930 -0.3383
v -0.0192 5.1695 -0.9350
v -0.0190 5.1587 -0.9211
v -0.0495 5.2343 -0.8661
v -0.0507 5.2458 -0.8833
v -0.0188 5.1479 -0.9072
v -0.0186 5.1371 -0.8933
v -0.0473 5.2114 -0.8317
v -0.0484 5.2229 -0.8489
v -0.0182 5.1155 -0.8655
v -0.0180 5.1046 -0.8516
v -0.0439 5.1770 -0.7799
v -0.0450 5.1885 -0.7971
v 0.1207 5.0512 -0.9892
v 0.1219 5.0476 -0.9809
v 0.0414 5.1024 -0.9626
v 0.0416 5.1098 -0.9729
v 0.1232 5.0441 -0.9725
v 0.1243 5.0405 -0.9643
v 0.0410 5.0877 -0.9420
v 0.0411 5.0950 -0.9523
v 0.1268 5.0333 -0.9477
v 0.1280 5.0298 -0.9395
v 0.0403 5.0657 -0.9111
v 0.0406 5.0731 -0.9214
v -0.0402 5.3361 -0.8025
v -0.0377 5.3248 -0.7868
v -0.0044 5.3582 -0.6936
v -0.0081 5.3653 -0.7042
v -0.0352 5.3136 -0.7710
v -0.0326 5.3024 -0.7553
v 0.0029 5.3440 -0.6723
v -0.0007 5.3511 -0.6830
v -0.0276 5.2799 -0.7238
v -0.0250 5.2687 -0.7081
v 0.0139 5.3227 -0.6406
v 0.0102 5.3298 -0.6511
v 0.0893 5.4156 -0.6051
v 0.0916 5.4074 -0.5944
v 0.1765 5.5114 -0.5644
v 0.1742 5.5169 -0.5728
v 0.2039 4.9007 -0.9241
v 0.2040 4.8990 -0.9129
v 0.1803 4.9690 -0.9547
v 0.1797 4.9720 -0.9642
v 0.2042 4.8972 -0.9017
v 0.2043 4.8954 -0.8904
v 0.1815 4.9628 -0.9355
v 0.1809 4.9659 -0.9451
v 0.2046 4.8919 -0.8679
v 0.2047 4.8901 -0.8566
v 0.1833 4.9536 -0.9069
v 0.1827 4.9566 -0.9164
v 0.2352 5.6218 -0.5677
v 0.2378 5.6173 -0.5593
v 0.2845 5.6832 -0.4921
v 0.2827 5.6937 -0.5013
v 0.2406 5.6128 -0.5508
v 0.2432 5.6084 -0.5424
v 0.2879 5.6622 -0.4736
v 0.2862 5.6727 -0.4828
v 0.2486 5.5994 -0.5256
v 0.2513 5.5949 -0.5172
v 0.2931 5.6308 -0.4458
v 0.2914 5.6413 -0.4550
v 0.2371 5.7523 -0.4478
v 0.2378 5.7396 -0.4392
v 0.1744 5.7821 -0.3968
v 0.1747 5.7918 -0.4081
v 0.2385 5.7269 -0.4306
v 0.2393 5.7143 -0.4219
v 0.1738 5.7628 -0.3742
v 0.1741 5.7725 -0.3855
v 0.2407 5.6890 -0.4048
v 0.2413 5.6763 -0.3961
v 0.1728 5.7338 -0.3402
v 0.1732 5.7435 -0.3515
v 0.0159 5.9859 -0.3921
v 0.0156 5.9792 -0.3808
v 0.0065 6.0222 -0.3593
v 0.0078 6.0291 -0.3681
v 0.0153 5.9725 -0.3694
v 0.0150 5.9657 -0.3581
v 0.0040 6.0083 -0.3417
v 0.0052 6.0153 -0.3505
v 0.0144 5.9523 -0.3355
v 0.0141 5.9456 -0.3241
v 0.0002 5.9876 -0.3152
v 0.0014 5.9945 -0.3240
v 0.0797 5.4480 -0.6481
v 0.0772 5.4562 -0.6591
v 0.0845 5.4318 -0.6266
v 0.0821 5.4399 -0.6374
v 0.1624 5.5444 -0.6153
v 0.1648 5.5389 -0.6068
v 0.3759 4.0079 -1.0247
v 0.3720 4.0002 -1.0188
v 0.4294 4.0879 -1.0415
v 0.4282 4.0933 -1.0482
v 0.3641 3.9849 -1.0070
v 0.3603 3.9774 -1.0010
v 0.4332 4.0715 -1.0213
v 0.4320 4.0770 -1.0280
v 0.3565 3.9698 -0.9951
v 0.3525 3.9622 -0.9891
v 0.4356 4.0606 -1.0078
v 0.4344 4.0660 -1.0146
v 0.1180 4.6463 -1.0587
v 0.1184 4.6372 -1.0433
v 0.0865 4.6922 -0.9898
v 0.0845 4.7019 -1.0047
v 0.1191 4.6197 -1.0136
v 0.1194 4.6112 -0.9991
v 0.0925 4.6629 -0.9449
v 0.0905 4.6726 -0.9599
v 0.1197 4.6026 -0.9846
v 0.1201 4.5940 -0.9701
v 0.0965 4.6434 -0.9150
v 0.0945 4.6531 -0.9300
v 0.2341 3.8277 -0.9837
v 0.2341 3.8256 -0.9791
v 0.2830 3.9050 -0.9909
v 0.2851 3.9092 -0.9968
v 0.2340 3.8215 -0.9696
v 0.2340 3.8195 -0.9651
v 0.2764 3.8923 -0.9735
v 0.2786 3.8965 -0.9793
v 0.2340 3.8174 -0.9603
v 0.2340 3.8154 -0.9557
v 0.2720 3.8838 -0.9619
v 0.2742 3.8880 -0.9677
v 0.3645 3.7323 -1.0302
v 0.3600 3.7297 -1.0279
v 0.2770 3.7676 -1.0012
v 0.2799 3.7706 -1.0053
v 0.3513 3.7244 -1.0233
v 0.3469 3.7218 -1.0210
v 0.2684 3.7587 -0.9882
v 0.2712 3.7617 -0.9923
v 0.3426 3.7192 -1.0187
v 0.3381 3.7165 -1.0164
v 0.2625 3.7528 -0.9794
v 0.2653 3.7558 -0.9837
v 0.4690 4.1651 -1.0120
v 0.4707 4.1577 -1.0025
v 0.4288 4.1856 -0.9607
v 0.4293 4.1952 -0.9701
v 0.4737 4.1428 -0.9833
v 0.4752 4.1354 -0.9739
v 0.4274 4.1567 -0.9321
v 0.4278 4.1664 -0.9415
v 0.4765 4.1279 -0.9643
v 0.4777 4.1204 -0.9549
v 0.4264 4.1375 -0.9130
v 0.4268 4.1472 -0.9225
v 0.0670 4.7610 -0.9726
v 0.0729 4.7490 -0.9523
v 0.0661 4.7882 -0.9228
v 0.0585 4.7994 -0.9421
v 0.0849 4.7250 -0.9116
v 0.0908 4.7130 -0.8914
v 0.0885 4.7549 -0.8647
v 0.0811 4.7661 -0.8840
v 0.0968 4.7010 -0.8710
v 0.1027 4.6889 -0.8507
v 0.1035 4.7328 -0.8260
v 0.0961 4.7439 -0.8454
v 0.3770 4.2300 -0.9447
v 0.3767 4.2237 -0.9364
v 0.3368 4.2873 -0.9411
v 0.3377 4.2911 -0.9494
v 0.3763 4.2112 -0.9195
v 0.3760 4.2050 -0.9110
v 0.3341 4.2756 -0.9163
v 0.3350 4.2794 -0.9245
v 0.3758 4.1987 -0.9027
v 0.3756 4.1925 -0.8942
v 0.3323 4.2678 -0.8997
v 0.3332 4.2716 -0.9080
v 0.3197 4.3708 -1.0029
v 0.3164 4.3666 -0.9923
v 0.2951 4.4432 -1.0679
v 0.2995 4.4467 -1.0811
v 0.3099 4.3580 -0.9711
v 0.3065 4.3537 -0.9605
v 0.2816 4.4330 -1.0284
v 0.2861 4.4364 -1.0415
v 0.3032 4.3495 -0.9499
v 0.2999 4.3452 -0.9392
v 0.2727 4.4261 -1.0020
v 0.2771 4.4295 -1.0152
v 0.2547 4.5199 -1.1004
v 0.2534 4.5186 -1.0932
v 0.1750 4.5831 -1.0870
v 0.1749 4.5890 -1.1000
v 0.2507 4.5162 -1.0789
v 0.2493 4.5149 -1.0717
v 0.1753 4.5660 -1.0488
v 0.1753 4.5717 -1.0613
v 0.2479 4.5137 -1.0646
v 0.2466 4.5124 -1.0574
v 0.1756 4.5552 -1.0243
v 0.1755 4.5606 -1.0365
v 0.3826 3.7124 -1.0408
v 0.3814 3.7111 -1.0386
v 0.3792 3.7086 -1.0344
v 0.3781 3.7074 -1.0323
v 0.3770 3.7062 -1.0302
v 0.3758 3.7049 -1.0281
v 0.2338 5.2171 -0.8239
v 0.2322 5.2049 -0.8170
v 0.2866 5.3074 -0.8082
v 0.2844 5.3140 -0.8151
v 0.2291 5.1802 -0.8032
v 0.2276 5.1679 -0.7962
v 0.2931 5.2876 -0.7874
v 0.2909 5.2942 -0.7943
v 0.2261 5.1556 -0.7893
v 0.2245 5.1433 -0.7823
v 0.2975 5.2744 -0.7736
v 0.2953 5.2810 -0.7805
v -0.1071 5.8912 -0.6065
v -0.1043 5.8874 -0.5966
v -0.1495 5.9450 -0.5324
v -0.1503 5.9513 -0.5422
v -0.0987 5.8798 -0.5769
v -0.0959 5.8759 -0.5671
v -0.1471 5.9262 -0.5029
v -0.1479 5.9325 -0.5127
v -0.0931 5.8721 -0.5572
v -0.0903 5.8683 -0.5474
v -0.1454 5.9136 -0.4832
v -0.1463 5.9199 -0.4931
v 0.0986 4.9783 -0.8214
v 0.1039 4.9678 -0.8102
v 0.1628 5.0585 -0.8035
v 0.1616 5.0686 -0.8133
v 0.1145 4.9467 -0.7877
v 0.1199 4.9361 -0.7765
v 0.1665 5.0283 -0.7742
v 0.1653 5.0384 -0.7840
v 0.1252 4.9256 -0.7653
v 0.1305 4.9150 -0.7540
v 0.1690 5.0082 -0.7546
v 0.1678 5.0183 -0.7644
v 0.0474 4.8463 -0.9074
v 0.0574 4.8356 -0.8897
v 0.0701 4.8906 -0.8481
v 0.0598 4.9017 -0.8626
v 0.0773 4.8142 -0.8541
v 0.0873 4.8035 -0.8364
v 0.1013 4.8575 -0.8045
v 0.0909 4.8686 -0.8190
v 0.0972 4.7927 -0.8186
v 0.1072 4.7820 -0.8008
v 0.1221 4.8355 -0.7754
v 0.1116 4.8465 -0.7900
v 0.3421 5.3788 -0.7226
v 0.3455 5.3728 -0.7134
v 0.3023 5.4079 -0.6419
v 0.3021 5.4166 -0.6502
v 0.3522 5.3607 -0.6949
v 0.3556 5.3547 -0.6857
v 0.3028 5.3820 -0.6171
v 0.3027 5.3907 -0.6254
v 0.3590 5.3487 -0.6765
v 0.3623 5.3426 -0.6673
v 0.3032 5.3648 -0.6006
v 0.3030 5.3733 -0.6088
v -0.1802 6.0021 -0.5108
v -0.1799 5.9947 -0.5004
v -0.1763 6.0386 -0.4772
v -0.1751 6.0462 -0.4858
v -0.1792 5.9800 -0.4797
v -0.1788 5.9726 -0.4694
v -0.1796 6.0157 -0.4515
v -0.1785 6.0234 -0.4601
v -0.1784 5.9653 -0.4590
v -0.1781 5.9580 -0.4487
v -0.1819 6.0005 -0.4344
v -0.1808 6.0081 -0.4429
v 0.2447 5.4381 -0.5719
v 0.2454 5.4322 -0.5636
v 0.1929 5.5001 -0.5360
v 0.1930 5.5052 -0.5448
v 0.2460 5.4264 -0.5554
v 0.2466 5.4205 -0.5471
v 0.1927 5.4897 -0.5184
v 0.1928 5.4949 -0.5273
v 0.1604 5.6178 -0.5991
v 0.1577 5.6115 -0.5886
v 0.0973 5.6833 -0.6390
v 0.0979 5.6863 -0.6520
v 0.1524 5.5989 -0.5674
v 0.1498 5.5925 -0.5568
v 0.0950 5.6750 -0.6016
v 0.0959 5.6776 -0.6139
v 0.1471 5.5862 -0.5463
v 0.1445 5.5798 -0.5357
v 0.0933 5.6698 -0.5773
v 0.0941 5.6724 -0.5895
v 0.0155 5.7404 -0.6774
v 0.0181 5.7400 -0.6656
v -0.0558 5.8155 -0.6552
v -0.0590 5.8167 -0.6654
v 0.0231 5.7397 -0.6425
v 0.0256 5.7396 -0.6311
v -0.0464 5.8119 -0.6246
v -0.0495 5.8132 -0.6348
v 0.0281 5.7395 -0.6198
v 0.0305 5.7395 -0.6085
v -0.0401 5.8096 -0.6042
v -0.0433 5.8108 -0.6144
v 0.2436 5.4500 -0.5884
v 0.2429 5.4558 -0.5967
v 0.1933 5.5208 -0.5713
v 0.1932 5.5156 -0.5625
v 0.3724 4.1166 -1.0010
v 0.3700 4.1118 -0.9916
v 0.3821 4.0264 -0.9883
v 0.3859 4.0284 -0.9940
v 0.3653 4.1020 -0.9730
v 0.3629 4.0971 -0.9637
v 0.3706 4.0208 -0.9710
v 0.3744 4.0228 -0.9766
v 0.3583 4.0873 -0.9451
v 0.3559 4.0824 -0.9359
v 0.3591 4.0152 -0.9536
v 0.3629 4.0171 -0.9592
v 0.4539 4.8259 -0.7311
v 0.4482 4.8232 -0.7214
v 0.4924 4.7536 -0.6924
v 0.5007 4.7559 -0.7012
v 0.4370 4.8178 -0.7022
v 0.4313 4.8151 -0.6926
v 0.4675 4.7468 -0.6661
v 0.4758 4.7490 -0.6749
v 0.4201 4.8097 -0.6733
v 0.4144 4.8070 -0.6636
v 0.4426 4.7400 -0.6399
v 0.4509 4.7423 -0.6486
v 0.5578 4.6582 -0.6929
v 0.5479 4.6582 -0.6862
v 0.6014 4.5937 -0.7145
v 0.6122 4.6005 -0.7209
v 0.5282 4.6583 -0.6727
v 0.5184 4.6584 -0.6660
v 0.5689 4.5733 -0.6957
v 0.5798 4.5801 -0.7019
v 0.4986 4.6584 -0.6526
v 0.4887 4.6585 -0.6460
v 0.5362 4.5530 -0.6772
v 0.5471 4.5598 -0.6833
v 0.4052 3.9709 -1.0132
v 0.4010 3.9689 -1.0076
v 0.4156 3.9175 -1.0356
v 0.4196 3.9204 -1.0423
v 0.3926 3.9651 -0.9960
v 0.3884 3.9632 -0.9904
v 0.4038 3.9090 -1.0160
v 0.4078 3.9118 -1.0226
v 0.3801 3.9593 -0.9790
v 0.3759 3.9574 -0.9734
v 0.3919 3.9004 -0.9964
v 0.3959 3.9033 -1.0030
v 0.6347 4.5092 -0.7752
v 0.6264 4.5017 -0.7683
v 0.6375 4.4213 -0.8564
v 0.6441 4.4277 -0.8656
v 0.6100 4.4866 -0.7546
v 0.6019 4.4791 -0.7476
v 0.6180 4.4022 -0.8288
v 0.6245 4.4086 -0.8382
v 0.5856 4.4640 -0.7339
v 0.5775 4.4565 -0.7271
v 0.5993 4.3828 -0.8008
v 0.6055 4.3895 -0.8103
v 0.6120 4.3897 -0.9630
v 0.6075 4.3850 -0.9539
v 0.5713 4.3318 -1.0255
v 0.5772 4.3359 -1.0372
v 0.5987 4.3756 -0.9360
v 0.5942 4.3710 -0.9267
v 0.5538 4.3195 -0.9903
v 0.5596 4.3236 -1.0020
v 0.5855 4.3617 -0.9086
v 0.5812 4.3569 -0.8994
v 0.5362 4.3074 -0.9550
v 0.5421 4.3114 -0.9668
v 0.4441 3.8462 -1.0111
v 0.4408 3.8438 -1.0066
v 0.4414 3.7737 -0.9859
v 0.4427 3.7757 -0.9883
v 0.4342 3.8387 -0.9980
v 0.4309 3.8362 -0.9935
v 0.4373 3.7673 -0.9782
v 0.4387 3.7694 -0.9808
v 0.4243 3.8312 -0.9849
v 0.4209 3.8287 -0.9805
v 0.4333 3.7611 -0.9707
v 0.4346 3.7632 -0.9732
v 0.5026 4.2559 -1.0265
v 0.4952 4.2538 -1.0169
v 0.4087 4.1844 -0.9909
v 0.4120 4.1898 -1.0005
v 0.4806 4.2498 -0.9979
v 0.4732 4.2478 -0.9883
v 0.3991 4.1685 -0.9623
v 0.4024 4.1738 -0.9719
v 0.4588 4.2440 -0.9692
v 0.4517 4.2423 -0.9596
v 0.3895 4.1526 -0.9338
v 0.3927 4.1579 -0.9434
v 0.4275 4.8929 -0.7575
v 0.4211 4.8894 -0.7504
v 0.4086 4.8823 -0.7361
v 0.4022 4.8788 -0.7289
v 0.3897 4.8717 -0.7146
v 0.3833 4.8682 -0.7074
v 0.4315 3.7199 -0.9962
v 0.4326 3.7211 -0.9983
v 0.4286 3.7166 -0.9901
v 0.4296 3.7177 -0.9921
v 0.2170 5.3229 -0.7511
v 0.2139 5.3153 -0.7398
v 0.2340 5.2432 -0.7741
v 0.2408 5.2486 -0.7814
v 0.2078 5.3001 -0.7172
v 0.2048 5.2925 -0.7059
v 0.2134 5.2272 -0.7521
v 0.2202 5.2325 -0.7594
v 0.1988 5.2773 -0.6832
v 0.1958 5.2697 -0.6719
v 0.1928 5.2111 -0.7301
v 0.1997 5.2164 -0.7374
v 0.2369 5.9665 -0.2218
v 0.2306 5.9597 -0.2160
v 0.2969 5.8801 -0.2021
v 0.3061 5.8857 -0.2078
v 0.2182 5.9461 -0.2042
v 0.2119 5.9394 -0.1983
v 0.2693 5.8634 -0.1850
v 0.2785 5.8689 -0.1907
v 0.1995 5.9258 -0.1864
v 0.1933 5.9190 -0.1805
v 0.2418 5.8466 -0.1678
v 0.2509 5.8522 -0.1736
v 0.3933 5.8061 -0.2442
v 0.3814 5.7976 -0.2359
v 0.4463 5.7548 -0.2673
v 0.4572 5.7681 -0.2712
v 0.3575 5.7806 -0.2192
v 0.3456 5.7721 -0.2109
v 0.4135 5.7149 -0.2551
v 0.4244 5.7282 -0.2591
v 0.3218 5.7552 -0.1942
v 0.3098 5.7467 -0.1858
v 0.3807 5.6749 -0.2429
v 0.3916 5.6883 -0.2470
v 0.2863 5.2144 -0.8268
v 0.2772 5.2080 -0.8205
v 0.3125 5.1724 -0.8765
v 0.3214 5.1795 -0.8832
v 0.2591 5.1952 -0.8077
v 0.2500 5.1889 -0.8013
v 0.2857 5.1507 -0.8563
v 0.2946 5.1579 -0.8630
v 0.2319 5.1760 -0.7886
v 0.2228 5.1697 -0.7822
v 0.2588 5.1289 -0.8360
v 0.2678 5.1362 -0.8428
v 0.5093 5.7528 -0.3219
v 0.5004 5.7395 -0.3187
v 0.5532 5.7127 -0.4099
v 0.5618 5.7222 -0.4164
v 0.4824 5.7129 -0.3125
v 0.4734 5.6996 -0.3093
v 0.5274 5.6844 -0.3903
v 0.5361 5.6939 -0.3968
v 0.4555 5.6729 -0.3031
v 0.4465 5.6595 -0.3000
v 0.5017 5.6560 -0.3707
v 0.5103 5.6655 -0.3772
v 0.5930 5.6425 -0.5397
v 0.5820 5.6381 -0.5304
v 0.4780 5.5397 -0.6365
v 0.4826 5.5420 -0.6488
v 0.5458 5.6288 -0.5160
v 0.5279 5.6242 -0.5088
v 0.4631 5.5323 -0.5995
v 0.4682 5.5348 -0.6118
v 0.5077 5.6150 -0.4895
v 0.5006 5.6107 -0.4790
v 0.4472 5.5247 -0.5633
v 0.4525 5.5272 -0.5753
v 0.3636 5.0890 -0.8710
v 0.3551 5.0833 -0.8637
v 0.3975 5.0057 -0.8183
v 0.4065 5.0109 -0.8244
v 0.3381 5.0717 -0.8493
v 0.3297 5.0659 -0.8420
v 0.3705 4.9902 -0.8002
v 0.3795 4.9954 -0.8063
v 0.3128 5.0544 -0.8275
v 0.3043 5.0486 -0.8202
v 0.3434 4.9747 -0.7821
v 0.3524 4.9799 -0.7881
v 0.3835 5.4630 -0.6911
v 0.3763 5.4602 -0.6801
v 0.2671 5.3887 -0.6997
v 0.2701 5.3962 -0.7108
v 0.3619 5.4543 -0.6580
v 0.3546 5.4514 -0.6469
v 0.2580 5.3663 -0.6662
v 0.2611 5.3738 -0.6773
v 0.3403 5.4455 -0.6249
v 0.3330 5.4426 -0.6138
v 0.2490 5.3439 -0.6328
v 0.2520 5.3513 -0.6439
v 0.4186 4.9340 -0.7793
v 0.4117 4.9297 -0.7722
v 0.3979 4.9213 -0.7581
v 0.3911 4.9171 -0.7510
v 0.3773 4.9086 -0.7369
v 0.3704 4.9044 -0.7299
v 0.1801 6.0238 -0.2593
v 0.1762 6.0161 -0.2519
v 0.1684 6.0009 -0.2370
v 0.1644 5.9934 -0.2296
v 0.1565 5.9782 -0.2146
v 0.1526 5.9706 -0.2072
v 0.5630 4.2701 -1.0719
v 0.6574 4.2437 -1.0153
v 0.6308 4.1470 -1.0560
v 0.5448 4.1745 -1.1114
v 0.3059 4.1651 -1.0900
v 0.3691 4.1432 -1.0512
v 0.3817 4.0492 -1.0511
v 0.3065 4.0830 -1.1180
v 0.4292 4.1967 -1.1270
v 0.4788 4.1659 -1.0281
v 0.5285 4.0712 -0.9536
v 0.4756 4.0738 -1.0208
v 0.6413 4.9649 -0.8754
v 0.6095 4.8650 -0.9261
v 0.4358 4.7839 -1.0053
v 0.5369 4.7234 -0.9715
v 0.4832 4.6593 -0.9876
v 0.3747 4.6624 -0.9726
v 0.3082 4.5762 -0.9936
v 0.3948 4.5884 -0.9736
v 0.3361 4.5101 -0.9898
v 0.2656 4.5134 -1.0315
v 0.2539 4.4909 -1.0946
v 0.2999 4.4453 -1.0193
v 0.3215 4.4222 -1.0826
v 0.2655 4.4776 -1.1635
v 0.2876 4.4297 -1.2046
v 0.3501 4.3682 -1.1191
v 0.4228 4.2763 -1.1073
v 0.3624 4.3189 -1.1975
v 0.3758 4.8329 -0.9311
v 0.4394 4.8245 -0.8351
v 0.4986 4.7586 -0.7946
v 0.4103 4.7588 -0.8829
v 0.4531 4.6793 -0.8491
v 0.5663 4.7077 -0.7851
v 0.6155 4.6687 -0.8086
v 0.5127 4.6407 -0.8681
v 0.5355 4.6285 -0.9383
v 0.6250 4.6312 -0.8950
v 0.6370 4.5777 -1.0132
v 0.5505 4.5798 -1.0405
v 0.5198 4.4709 -1.1029
v 0.6051 4.4706 -1.0840
v 0.5661 4.3751 -1.1060
v 0.4785 4.3745 -1.0923
v 0.4077 4.2979 -1.0489
v 0.4983 4.2846 -1.0718
v 0.4094 4.2213 -1.0334
v 0.3306 4.2313 -1.0501
v 0.2119 4.8539 -1.0787
v 0.3086 4.8465 -0.9965
v 0.3434 4.7980 -1.0230
v 0.2457 4.8112 -1.1059
v 0.3019 4.7613 -1.1287
v 0.3964 4.7685 -1.0515
v 0.4278 4.6877 -1.0665
v 0.3501 4.6815 -1.1494
v 0.3896 4.5746 -1.1434
v 0.4410 4.5827 -1.0419
v 0.4423 4.4877 -0.9595
v 0.4162 4.4978 -1.0842
v 0.4209 4.4190 -0.9866
v 0.4772 4.4234 -0.8915
v 0.5364 4.3739 -0.8611
v 0.4531 4.3604 -0.9352
v 0.4917 4.3016 -0.9442
v 0.5876 4.3128 -0.8990
v 0.6344 4.2856 -0.9619
v 0.5399 4.2804 -0.9989
v 0.5143 4.0743 -1.1061
v 0.5996 4.0579 -1.0733
v 0.5586 3.9658 -1.0554
v 0.4662 3.9599 -1.0715
v 0.3182 4.0186 -1.1364
v 0.3964 3.9929 -1.0778
v 0.4138 3.9429 -1.1103
v 0.3399 3.9490 -1.1463
v 0.4970 3.9800 -0.9732
v 0.5672 4.0064 -0.9352
v 0.5798 3.9706 -0.9512
v 0.4983 3.8995 -0.9631
v 0.4089 3.8526 -1.0364
v 0.4872 3.8620 -1.0117
v 0.4452 3.8066 -1.0082
v 0.3876 3.7844 -1.0308
v 0.3755 3.8602 -1.1264
v 0.4337 3.8580 -1.0861
v 0.4450 3.7823 -1.0429
v 0.4078 3.7838 -1.0891
v 0.4818 3.8596 -0.9985
v 0.5648 3.9015 -0.9802
v 0.5034 3.8162 -1.0138
v 0.4465 3.8006 -1.0411
v 0.3951 3.7479 -1.0567
v 0.4357 3.7569 -1.0261
v 0.4284 3.7290 -1.0431
v 0.4075 3.7267 -1.0591
v 0.4094 3.7352 -1.0616
v 0.4317 3.7322 -1.0370
v 0.4296 3.7051 -1.0368
v 0.4141 3.7085 -1.0572
v 0.4422 3.7495 -1.0383
v 0.4184 3.7183 -1.0557
v 0.4998 4.0480 -0.8795
v 0.5012 4.0295 -0.9465
v 0.5890 4.0466 -0.9299
v 0.5811 4.0720 -0.8518
v 0.2687 4.0625 -0.9035
v 0.2762 3.9581 -0.9352
v 0.3551 4.0135 -0.9473
v 0.3535 4.0778 -0.9262
v 0.3934 4.1306 -0.9562
v 0.4201 4.0079 -0.8748
v 0.4931 4.0253 -0.8519
v 0.4493 4.1341 -0.9126
v 0.4745 4.7676 -0.7001
v 0.4655 4.7314 -0.7794
v 0.5806 4.7190 -0.7598
v 0.5918 4.7872 -0.6979
v 0.3932 4.6640 -0.8349
v 0.2917 4.5534 -0.8301
v 0.4043 4.5961 -0.8610
v 0.5063 4.6511 -0.8449
v 0.2239 4.4570 -0.8259
v 0.1816 4.3917 -0.8565
v 0.2829 4.4116 -0.8512
v 0.3279 4.4880 -0.8372
v 0.1796 4.3159 -0.8989
v 0.2043 4.2603 -0.9430
v 0.2928 4.3006 -0.9316
v 0.2773 4.3482 -0.8909
v 0.2738 4.2607 -1.0035
v 0.3451 4.2427 -1.0561
v 0.4088 4.2348 -1.0062
v 0.3539 4.2960 -1.0009
v 0.3111 4.8055 -0.6697
v 0.3390 4.7462 -0.6439
v 0.4343 4.7378 -0.6312
v 0.4088 4.8043 -0.6540
v 0.3712 4.6600 -0.6372
v 0.4053 4.5431 -0.6772
v 0.5244 4.5465 -0.6732
v 0.4784 4.6587 -0.6403
v 0.4372 4.4126 -0.7277
v 0.4879 4.3584 -0.7866
v 0.5931 4.3763 -0.7915
v 0.5688 4.4491 -0.7214
v 0.4731 4.3401 -0.8710
v 0.4127 4.2954 -0.9112
v 0.5304 4.3035 -0.9432
v 0.5768 4.3522 -0.8902
v 0.3450 4.2104 -0.9014
v 0.2966 4.1214 -0.8887
v 0.3862 4.1475 -0.9241
v 0.4446 4.2405 -0.9500
v 0.2026 4.6616 -0.7644
v 0.2057 4.6249 -0.8243
v 0.2921 4.6866 -0.8380
v 0.2834 4.7147 -0.7914
v 0.2278 4.6001 -0.9020
v 0.2728 4.5718 -0.9672
v 0.3629 4.6048 -0.9430
v 0.3268 4.6610 -0.9156
v 0.3034 4.4969 -0.9516
v 0.3219 4.4123 -0.8992
v 0.3916 4.4177 -0.8476
v 0.3800 4.5154 -0.9105
v 0.3506 4.3292 -0.8475
v 0.3850 4.2359 -0.8114
v 0.4848 4.2659 -0.7725
v 0.4285 4.3336 -0.7973
v 0.4298 4.1208 -0.7942
v 0.4764 4.0603 -0.8253
v 0.5591 4.0973 -0.7994
v 0.5239 4.1630 -0.7650
v 0.4449 3.9433 -0.9435
v 0.3869 3.8559 -0.9213
v 0.5061 3.8763 -0.9366
v 0.5575 3.9716 -0.9505
v 0.2900 3.9034 -0.9627
v 0.3143 3.8820 -0.9927
v 0.3879 3.8977 -0.9895
v 0.3716 3.9556 -0.9672
v 0.4512 3.9273 -0.8465
v 0.4764 3.8590 -0.8391
v 0.5486 3.8686 -0.8198
v 0.5227 3.9350 -0.8164
v 0.3220 3.8036 -0.9229
v 0.3058 3.7522 -0.9371
v 0.3799 3.7785 -0.9373
v 0.4366 3.8105 -0.9242
v 0.3648 3.8135 -0.9935
v 0.4008 3.7555 -0.9881
v 0.4319 3.7590 -0.9681
v 0.4176 3.8262 -0.9758
v 0.4934 3.8081 -0.8580
v 0.4808 3.7578 -0.8944
v 0.5156 3.7650 -0.8985
v 0.5534 3.8179 -0.8446
v 0.3381 3.7148 -0.9772
v 0.3829 3.7050 -1.0078
v 0.4042 3.7168 -1.0059
v 0.3786 3.7411 -0.9683
v 0.4050 3.7128 -0.9951
v 0.4103 3.6897 -1.0012
v 0.4279 3.6911 -0.9979
v 0.4276 3.7155 -0.9880
v 0.4487 3.7097 -0.9477
v 0.4172 3.6967 -0.9925
v 0.4260 3.7023 -1.0077
v 0.4531 3.7243 -0.9709
v 0.3772 4.0161 -1.0231
v 0.3470 3.9559 -0.9782
v 0.4343 4.0558 -0.9947
v 0.4248 4.0981 -1.0494
v 0.3073 4.6864 -0.8893
v 0.3091 4.6524 -0.8502
v 0.3954 4.7557 -0.8130
v 0.3777 4.8225 -0.8577
v 0.3118 4.6649 -0.7439
v 0.2875 4.7390 -0.7497
v 0.4461 3.7387 -1.0115
v 0.4248 3.7111 -1.0359
v 0.1177 4.6541 -1.0716
v 0.1204 4.5855 -0.9556
v 0.0985 4.6337 -0.9000
v 0.0825 4.7116 -1.0197
v 0.3859 4.0284 -0.9941
v 0.6019 4.0088 -1.0063
v 0.5537 3.9167 -0.9937
v 0.6708 4.8557 -0.7735
v 0.6426 4.7770 -0.8324
v 0.5006 4.7559 -0.7014
v 0.2338 3.8300 -0.9874
v 0.2339 3.8134 -0.9508
v 0.2693 3.8802 -0.9542
v 0.2876 3.9148 -0.9975
v 0.3829 4.8914 -0.8355
v 0.4097 4.7933 -0.7667
v 0.3985 4.8163 -0.7319
v 0.3785 4.9178 -0.8200
v 0.3480 4.7629 -0.9108
v 0.1948 4.0016 -1.1037
v 0.2074 3.8844 -1.0000
v 0.1894 3.9148 -0.9734
v 0.1760 4.0232 -1.0700
v 0.5486 4.6853 -0.8972
v 0.4802 4.6329 -0.9265
v 0.5570 4.6585 -0.6946
v 0.6112 4.6007 -0.7230
v 0.4857 4.1539 -0.9687
v 0.5395 4.0664 -0.9126
v 0.3984 4.7379 -0.9543
v 0.3688 3.7349 -1.0325
v 0.3338 3.7139 -1.0141
v 0.2595 3.7499 -0.9748
v 0.2826 3.7737 -1.0091
v 0.3820 4.5369 -0.9053
v 0.3367 4.4617 -0.9178
v 0.6337 4.5095 -0.7766
v 0.6423 4.4287 -0.8668
v 0.2808 3.8274 -1.0845
v 0.3030 3.8113 -1.0311
v 0.2396 3.8758 -1.0276
v 0.2220 3.9227 -1.1099
v 0.3565 4.0694 -1.0292
v 0.3518 4.0815 -0.9819
v 0.2570 4.2265 -1.0633
v 0.2444 4.2386 -1.1082
v 0.4253 4.5557 -0.9514
v 0.4333 4.4575 -0.8779
v 0.1632 4.0711 -1.0219
v 0.1807 4.0272 -0.9360
v 0.2000 4.1280 -0.9206
v 0.1761 4.1740 -0.9963
v 0.4025 3.9481 -0.9727
v 0.4049 3.9359 -0.9214
v 0.3720 4.0070 -0.9433
v 0.3699 4.0195 -1.0013
v 0.4640 4.1713 -1.0189
v 0.4749 4.1136 -0.9411
v 0.4243 4.1312 -0.8994
v 0.4289 4.2061 -0.9775
v 0.3212 4.4049 -0.9491
v 0.3368 4.3716 -0.9969
v 0.6097 4.3906 -0.9641
v 0.5770 4.3360 -1.0372
v 0.1817 4.3286 -1.1207
v 0.1893 4.2721 -1.0421
v 0.1274 4.3002 -0.9979
v 0.1334 4.3959 -1.0954
v 0.5311 4.3209 -0.7818
v 0.2443 4.2572 -0.9927
v 0.2553 4.2017 -0.9098
v 0.3226 4.2993 -0.9254
v 0.3128 4.3395 -0.9918
v 0.5724 4.0000 -0.8970
v 0.5917 3.9507 -0.8981
v 0.3753 3.7112 -1.0152
v 0.3575 3.7542 -1.0211
v 0.0610 4.7730 -0.9929
v 0.1087 4.6769 -0.8304
v 0.1110 4.7216 -0.8066
v 0.0511 4.8104 -0.9614
v 0.3768 4.2384 -0.9520
v 0.3745 4.1896 -0.8837
v 0.3313 4.2668 -0.8910
v 0.3387 4.2968 -0.9578
v 0.3675 4.3167 -1.0278
v 0.4305 4.2458 -1.0269
v 0.5016 4.2554 -1.0268
v 0.4095 3.8235 -0.9665
v 0.4307 3.8122 -0.9165
v 0.4266 3.8711 -0.9071
v 0.4195 3.8851 -0.9586
v 0.1124 4.4530 -1.0565
v 0.1005 4.3602 -0.9586
v 0.1018 4.4303 -0.9149
v 0.1178 4.5138 -1.0118
v 0.5843 4.2524 -0.8016
v 0.6258 4.1996 -0.8606
v 0.3753 4.4143 -0.9820
v 0.3912 4.3693 -0.9099
v 0.4192 4.3995 -0.8489
v 0.4203 4.4854 -0.9452
v 0.4355 3.7244 -1.0045
v 0.4340 3.6976 -1.0127
v 0.6385 4.1609 -0.9267
v 0.6330 4.0884 -0.9808
v 0.3235 4.3757 -1.0145
v 0.2969 4.3428 -0.9294
v 0.2684 4.4231 -0.9894
v 0.3041 4.4500 -1.0945
v 0.5742 3.8746 -0.9120
v 0.4885 3.7925 -0.9744
v 0.1454 4.5425 -0.9515
v 0.1389 4.4830 -0.8789
v 0.1981 4.5459 -0.8573
v 0.2063 4.5888 -0.9141
v 0.3835 4.5109 -0.8845
v 0.3713 4.4602 -0.8093
v 0.3327 4.5521 -0.7560
v 0.3530 3.7206 -1.0294
v 0.3911 3.7167 -0.9913
v 0.4096 3.7606 -0.9546
v 0.3738 3.7697 -1.0015
v 0.2567 4.7967 -0.7597
v 0.2255 4.8399 -0.7891
v 0.2561 4.5212 -1.1075
v 0.2452 4.5111 -1.0503
v 0.1757 4.5499 -1.0122
v 0.1748 4.5930 -1.1093
v 0.4601 4.2620 -1.0262
v 0.4826 4.2285 -1.0818
v 0.4565 4.1461 -1.1070
v 0.2211 4.2170 -1.0619
v 0.2065 4.1688 -1.1103
v 0.2209 4.0924 -1.1417
v 0.2857 4.3070 -1.2061
v 0.3947 4.1411 -1.1184
v 0.4023 4.0512 -1.0446
v 0.6372 5.0185 -0.8312
v 0.4012 4.9914 -0.8701
v 0.4174 4.9730 -0.9092
v 0.4131 4.8795 -0.9327
v 0.3599 4.7302 -0.9308
v 0.2656 4.6034 -0.9463
v 0.1978 4.5610 -0.9870
v 0.1641 4.5166 -1.0380
v 0.1641 4.4669 -1.0952
v 0.1801 4.4255 -1.1476
v 0.2147 4.3858 -1.1910
v 0.3671 4.8869 -0.9679
v 0.4300 4.8865 -0.8674
v 0.2766 4.8609 -0.9740
v 0.2959 4.8213 -0.9600
v 0.3277 4.7680 -0.9405
v 0.4351 4.5762 -0.9403
v 0.4615 4.5468 -1.0245
v 0.4127 4.4469 -1.0630
v 0.3671 4.3638 -1.0467
v 0.2959 4.2919 -1.0479
v 0.1849 4.8937 -1.0388
v 0.2705 4.8842 -0.9762
v 0.1099 4.8215 -1.0784
v 0.1341 4.7676 -1.1005
v 0.1743 4.7107 -1.1360
v 0.2299 4.6467 -1.1574
v 0.3017 4.5517 -1.1584
v 0.3406 4.4701 -1.1202
v 0.3534 4.3968 -1.0408
v 0.3803 4.3324 -0.9873
v 0.4149 4.2806 -0.9855
v 0.4368 4.0518 -1.0838
v 0.3885 3.9458 -1.0351
v 0.2328 4.0158 -1.1491
v 0.2548 3.9375 -1.1489
v 0.4316 3.9737 -1.0006
v 0.4441 3.9036 -0.9816
v 0.3097 3.8351 -1.0217
v 0.4254 3.8382 -0.9928
v 0.3916 3.7842 -1.0211
v 0.3626 3.7377 -1.0486
v 0.3721 3.7137 -1.0510
v 0.4835 4.7986 -0.6624
v 0.5788 4.8288 -0.6701
v 0.3101 4.8535 -0.7099
v 0.3770 4.8646 -0.7002
v 0.2018 4.7092 -0.7410
v 0.2646 4.7520 -0.7803
v 0.3747 3.7037 -1.0259
v 0.3906 3.6929 -1.0188
v 0.3889 3.6995 -1.0084
v 0.6757 4.9147 -0.7451
v 0.3836 3.7136 -1.0428
v 0.3849 3.6994 -1.0433
v 0.3676 3.7049 -1.0325
v 0.4729 5.4706 -0.7227
v 0.6066 5.4370 -0.6584
v 0.6187 5.3393 -0.7423
v 0.4561 5.3868 -0.8194
v 0.1219 5.3793 -0.8433
v 0.2147 5.3610 -0.8021
v 0.2516 5.2944 -0.8419
v 0.1325 5.3232 -0.9215
v 0.3566 5.3775 -0.7460
v 0.4370 5.2723 -0.6920
v 0.3516 6.0586 -0.3461
v 0.4346 6.0223 -0.3023
v 0.3992 5.9309 -0.3635
v 0.3104 5.9833 -0.4013
v 0.2559 5.9121 -0.4427
v 0.3485 5.8557 -0.4264
v 0.2977 5.8184 -0.4541
v 0.1653 5.8516 -0.4450
v 0.1083 5.7870 -0.5077
v 0.2087 5.7846 -0.4680
v 0.1610 5.7192 -0.5277
v 0.0776 5.7272 -0.5845
v 0.0728 5.7021 -0.6751
v 0.1343 5.6565 -0.5973
v 0.1830 5.6435 -0.6756
v 0.0974 5.6871 -0.7574
v 0.1266 5.6351 -0.8174
v 0.2305 5.5966 -0.7333
v 0.2936 5.4961 -0.7747
v 0.2107 5.5315 -0.8564
v 0.1624 6.0455 -0.4097
v 0.2426 6.0096 -0.3136
v 0.2988 5.9252 -0.2787
v 0.2015 5.9752 -0.3850
v 0.2648 5.8771 -0.3416
v 0.3883 5.8433 -0.2794
v 0.4528 5.8184 -0.3011
v 0.3546 5.8279 -0.3540
v 0.3907 5.8131 -0.4291
v 0.5094 5.8026 -0.3624
v 0.5253 5.7730 -0.4975
v 0.3872 5.7975 -0.5666
v 0.3475 5.7182 -0.6987
v 0.4739 5.6900 -0.6520
v 0.4224 5.6012 -0.7314
v 0.3095 5.6210 -0.7537
v 0.2430 5.5270 -0.7584
v 0.3572 5.5083 -0.7571
v 0.2545 5.4390 -0.7582
v 0.1629 5.4423 -0.7676
v -0.0269 6.0808 -0.5586
v 0.0609 6.0592 -0.4884
v 0.0928 6.0201 -0.5086
v 0.0018 6.0329 -0.5855
v 0.0389 5.9607 -0.6286
v 0.1527 5.9637 -0.5339
v 0.2144 5.8913 -0.5555
v 0.1065 5.8766 -0.6628
v 0.1969 5.7991 -0.6639
v 0.2680 5.8031 -0.5494
v 0.2978 5.7113 -0.4998
v 0.2339 5.7330 -0.6267
v 0.2833 5.6551 -0.5543
v 0.3539 5.6368 -0.4473
v 0.4292 5.5789 -0.4345
v 0.3353 5.5794 -0.5223
v 0.3843 5.5094 -0.5620
v 0.4914 5.5095 -0.5074
v 0.5505 5.4613 -0.5779
v 0.4343 5.4837 -0.6390
v 0.4075 5.3071 -0.8812
v 0.5626 5.2703 -0.8184
v 0.4924 5.1963 -0.8611
v 0.3476 5.2037 -0.9132
v 0.1664 5.2729 -0.9699
v 0.2906 5.2603 -0.8945
v 0.3152 5.2131 -0.9536
v 0.2110 5.2088 -1.0030
v 0.4913 5.1926 -0.6928
v 0.5336 5.1427 -0.6982
v 0.2509 5.0809 -0.9020
v 0.3822 5.0932 -0.8718
v 0.2832 5.0206 -0.8942
v 0.1657 4.9967 -0.9583
v 0.2580 5.1137 -1.0138
v 0.3491 5.1090 -0.9648
v 0.4077 5.0170 -0.9332
v 0.3086 5.0140 -1.0128
v 0.5716 5.1122 -0.7148
v 0.5884 5.0786 -0.7579
v 0.1532 4.9487 -1.0055
v 0.2334 4.9416 -0.9183
v 0.2854 4.8986 -0.7476
v 0.3635 4.9002 -0.7229
v 0.6172 5.0505 -0.7991
v 0.4017 5.2536 -0.5962
v 0.3994 5.2408 -0.7016
v 0.5543 5.2332 -0.6482
v 0.5260 5.2425 -0.5335
v 0.0895 5.2386 -0.6271
v 0.0753 5.1719 -0.7074
v 0.1859 5.2057 -0.7228
v 0.1928 5.2622 -0.6606
v 0.2493 5.3259 -0.6767
v 0.2796 5.1790 -0.6061
v 0.3858 5.1957 -0.5634
v 0.3281 5.3237 -0.6071
v 0.2904 5.9452 -0.1790
v 0.2706 5.9115 -0.2502
v 0.3907 5.8754 -0.2375
v 0.3973 5.9440 -0.1802
v 0.1964 5.8639 -0.3198
v 0.0984 5.7663 -0.3517
v 0.2200 5.7943 -0.3518
v 0.3327 5.8182 -0.3173
v 0.0401 5.6729 -0.3790
v 0.0040 5.6020 -0.4291
v 0.1167 5.6222 -0.4095
v 0.1532 5.6982 -0.3669
v 0.0107 5.4949 -0.5073
v 0.0368 5.4123 -0.5935
v 0.1448 5.4819 -0.5588
v 0.1231 5.5418 -0.4837
v 0.1076 5.4425 -0.6760
v 0.1887 5.4469 -0.7476
v 0.2750 5.4388 -0.6821
v 0.2224 5.5049 -0.6406
v 0.0847 5.9030 -0.2063
v 0.1251 5.8317 -0.1914
v 0.2326 5.8410 -0.1621
v 0.1870 5.9122 -0.1746
v 0.1860 5.7484 -0.1971
v 0.2534 5.6432 -0.2508
v 0.3697 5.6616 -0.2389
v 0.2979 5.7382 -0.1775
v 0.3182 5.5789 -0.3150
v 0.3770 5.5783 -0.3739
v 0.4931 5.6466 -0.3642
v 0.4375 5.6462 -0.2969
v 0.3562 5.5748 -0.4639
v 0.2913 5.5049 -0.5292
v 0.4388 5.5220 -0.5562
v 0.4921 5.6057 -0.4691
v 0.2071 5.4012 -0.5572
v 0.1362 5.2985 -0.5826
v 0.2460 5.3364 -0.6217
v 0.3258 5.4397 -0.6027
v -0.0890 5.9329 -0.3683
v -0.0538 5.8898 -0.4032
v 0.0581 5.9240 -0.3909
v 0.0227 5.9575 -0.3591
v 0.0138 5.8551 -0.4697
v 0.0770 5.8075 -0.5119
v 0.1773 5.8167 -0.4661
v 0.1199 5.8789 -0.4384
v 0.1276 5.7292 -0.5065
v 0.1671 5.6343 -0.4681
v 0.2511 5.6264 -0.4056
v 0.2187 5.7283 -0.4517
v 0.2138 5.5380 -0.4302
v 0.2622 5.4430 -0.4183
v 0.3695 5.4584 -0.3609
v 0.3030 5.5371 -0.3679
v 0.3132 5.3267 -0.4436
v 0.3696 5.2639 -0.5152
v 0.4679 5.2697 -0.4670
v 0.4185 5.3461 -0.3938
v 0.3259 5.1343 -0.7339
v 0.2825 4.9975 -0.7139
v 0.4178 5.0803 -0.7460
v 0.4912 5.1737 -0.7243
v 0.0885 5.1033 -0.7715
v 0.1355 5.0744 -0.8398
v 0.2500 5.1218 -0.8293
v 0.2137 5.1632 -0.7758
v 0.3180 5.0779 -0.5784
v 0.3482 4.9851 -0.5653
v 0.4688 5.0043 -0.5381
v 0.4260 5.0862 -0.5351
v 0.2453 4.8981 -0.6941
v 0.2271 4.8200 -0.6877
v 0.2819 4.8780 -0.7122
v 0.3257 4.9782 -0.7426
v 0.2100 5.0243 -0.8505
v 0.2549 4.9509 -0.8066
v 0.3344 4.9695 -0.7761
v 0.2959 5.0428 -0.8129
v 0.3852 4.9228 -0.5812
v 0.4425 4.8747 -0.5982
v 0.5552 4.9183 -0.6025
v 0.5186 4.9575 -0.5635
v 0.2157 4.7675 -0.7110
v 0.2663 4.7966 -0.7265
v 0.3485 4.9423 -0.9923
v 0.4335 4.9537 -0.8951
v 0.4797 4.8290 -0.6167
v 0.5700 4.8745 -0.6341
v 0.2354 5.2295 -0.8309
v 0.2229 5.1310 -0.7754
v 0.2996 5.2677 -0.7667
v 0.2822 5.3206 -0.8220
v 0.0865 5.8915 -0.3693
v 0.0970 5.8598 -0.3398
v 0.1921 5.9342 -0.2764
v 0.1851 5.9702 -0.3096
v 0.1086 5.7955 -0.2971
v 0.0509 5.8715 -0.2994
v 0.6678 4.9612 -0.7200
v -0.1099 5.8951 -0.6163
v -0.0875 5.8645 -0.5375
v -0.1446 5.9074 -0.4734
v -0.1511 5.9576 -0.5520
v 0.4598 5.9689 -0.2202
v 0.4524 5.9016 -0.2731
v 0.0932 4.9889 -0.8327
v 0.1358 4.9044 -0.7428
v 0.1702 4.9981 -0.7449
v 0.1604 5.0787 -0.8231
v 0.2208 6.0177 -0.2718
v 0.2188 5.9676 -0.2261
v 0.2362 5.9905 -0.1913
v 0.2583 6.0510 -0.2419
v -0.0176 5.0830 -0.8238
v -0.0416 5.1541 -0.7454
v 0.3762 5.8466 -0.3427
v 0.3010 5.8031 -0.3972
v 0.3727 5.3550 -0.6721
v 0.4523 5.2565 -0.6319
v 0.0375 4.8570 -0.9251
v 0.1172 4.7713 -0.7830
v 0.1324 4.8244 -0.7609
v 0.0494 4.9127 -0.8772
v 0.2054 5.7414 -0.4119
v 0.1716 5.6710 -0.4619
v 0.1304 5.0227 -0.9229
v 0.0399 5.0511 -0.8905
v 0.1914 5.2859 -0.8181
v 0.1864 5.2823 -0.7431
v 0.0519 5.4106 -0.7873
v 0.0336 5.4236 -0.8342
v -0.0199 5.2462 -0.6766
v 0.0213 5.3085 -0.6193
v 0.2535 5.1600 -0.7907
v 0.2538 5.1232 -0.7084
v 0.2084 5.1997 -0.7181
v 0.2078 5.2336 -0.8038
v 0.3388 5.3849 -0.7318
v 0.3657 5.3366 -0.6581
v 0.3034 5.3561 -0.5923
v 0.3019 5.4252 -0.6584
v 0.1671 5.6119 -0.5285
v 0.1965 5.5817 -0.6018
v 0.5381 5.6369 -0.5586
v 0.4772 5.5399 -0.6517
v -0.0615 5.4775 -0.8034
v -0.0371 5.4376 -0.7171
v -0.0677 5.4794 -0.6494
v -0.0873 5.5592 -0.7321
v 0.0773 5.4561 -0.6588
v 0.0964 5.3912 -0.5729
v 0.1812 5.5004 -0.5474
v 0.4937 5.1704 -0.6081
v 0.5430 5.0979 -0.6078
v 0.2050 4.8866 -0.8342
v 0.1845 4.9474 -0.8878
v -0.1806 6.0095 -0.5211
v -0.1777 5.9506 -0.4384
v -0.1831 5.9929 -0.4258
v -0.1740 6.0539 -0.4944
v 0.2423 5.4617 -0.6049
v 0.2472 5.4146 -0.5388
v 0.1926 5.4845 -0.5096
v 0.1933 5.5260 -0.5801
v 0.2449 5.5335 -0.6584
v 0.3052 5.4564 -0.6981
v 0.3365 5.0464 -0.7800
v 0.3013 4.9874 -0.7064
v 0.2820 5.0535 -0.7018
v 0.2898 5.0990 -0.7804
v -0.0836 5.6472 -0.6418
v -0.0808 5.5558 -0.5646
v -0.0876 5.6494 -0.4885
v -0.0891 5.7096 -0.5606
v 0.4838 5.4293 -0.4127
v 0.5637 5.3667 -0.4989
v 0.2566 5.5859 -0.5003
v 0.2965 5.6099 -0.4272
v 0.6207 5.3172 -0.5620
v 0.6244 5.2772 -0.6829
v 0.1631 5.6242 -0.6097
v 0.1418 5.5735 -0.5251
v 0.0923 5.6672 -0.5651
v 0.0994 5.6880 -0.6625
v 0.5841 5.0439 -0.6329
v 0.6313 5.0108 -0.6853
v -0.0638 5.7631 -0.4981
v -0.0586 5.7055 -0.4357
v -0.0065 5.7660 -0.3931
v -0.0078 5.8099 -0.4401
v 0.2427 5.6510 -0.3790
v 0.1722 5.7144 -0.3175
v 0.3650 4.9625 -0.8114
v 0.3714 4.8702 -0.7177
v 0.3324 4.9217 -0.7111
v 0.3465 5.0023 -0.7925
v 0.0135 5.9321 -0.3015
v -0.0023 5.9738 -0.2976
v 0.0133 5.7400 -0.6878
v 0.0329 5.7393 -0.5971
v -0.0370 5.8084 -0.5940
v -0.0621 5.8179 -0.6756
v 0.0381 5.4159 -0.7721
v 0.0041 5.3118 -0.9515
v 0.1033 5.5042 -0.8877
v 0.2390 5.3675 -0.8816
v 0.2537 5.2784 -0.8464
v 0.3659 6.0896 -0.2866
v 0.4362 6.0681 -0.2697
v 0.2864 6.0768 -0.3001
v 0.2695 6.0354 -0.3320
v 0.2312 5.9844 -0.3705
v 0.1408 5.9127 -0.3934
v 0.0527 5.8190 -0.4568
v -0.0104 5.7839 -0.5297
v -0.0345 5.7334 -0.6037
v -0.0257 5.6798 -0.6954
v -0.0317 5.6164 -0.7908
v 0.0047 5.5681 -0.8525
v 0.1220 6.0772 -0.3925
v 0.2001 6.0533 -0.3297
v 0.2076 5.5813 -0.6991
v 0.1286 5.4986 -0.7246
v -0.0520 6.1046 -0.5251
v 0.0334 6.0834 -0.4763
v 0.0689 5.7667 -0.7183
v 0.1536 5.7041 -0.6704
v 0.0360 5.2427 -0.9976
v 0.0867 5.1681 -1.0233
v 0.3001 5.1974 -0.8195
v 0.3396 5.1270 -0.8021
v 0.3606 5.0745 -0.8128
v 0.3744 5.0456 -0.8388
v 0.2541 4.9450 -0.9982
v 0.3791 5.0201 -0.8569
v 0.3150 5.9895 -0.1569
v 0.4033 5.9900 -0.1591
v 0.0615 5.9698 -0.2386
v 0.1486 5.9630 -0.1998
v -0.1029 5.9905 -0.3727
v -0.0043 5.9907 -0.3515
v 0.4412 6.0330 -0.1991
v 0.3617 3.7575 -0.9921
v 0.3617 3.7562 -0.9975
v 0.3747 3.7246 -0.9793
v 0.3755 3.7254 -0.9753
v 0.3412 3.7911 -0.9795
v 0.3377 3.7908 -0.9851
v 0.3514 3.7289 -0.9833
v 0.3540 3.7295 -0.9803
v 0.3621 3.7643 -0.9654
v 0.3795 3.7295 -0.9558
v 0.4181 3.6707 -0.9525
v 0.3802 3.6729 -0.9509
v 0.3670 3.6365 -0.9426
v 0.3998 3.6290 -0.9582
v 0.3439 3.5792 -0.9064
v 0.3845 3.5657 -0.9228
v 0.3054 3.5102 -0.8649
v 0.3599 3.4979 -0.8764
v 0.2995 3.3663 -0.8640
v 0.3690 3.3451 -0.8666
v 0.3466 3.2155 -0.8697
v 0.4138 3.1996 -0.8704
v 0.3787 3.0902 -0.9166
v 0.4110 3.0861 -0.9246
v 0.3819 2.9721 -0.9720
v 0.3987 2.9702 -0.9790
v 0.3307 2.8350 -1.0107
v 0.3364 2.8333 -1.0164
v 0.3706 3.6773 -0.9618
v 0.3335 3.6816 -0.9654
v 0.3188 3.6439 -0.9586
v 0.3515 3.6368 -0.9668
v 0.2984 3.5819 -0.9017
v 0.3338 3.5730 -0.9189
v 0.2945 3.4988 -0.8431
v 0.3294 3.4945 -0.8705
v 0.3370 3.3289 -0.8354
v 0.3706 3.3188 -0.8608
v 0.3950 3.1910 -0.8494
v 0.4345 3.1821 -0.8732
v 0.4537 3.0848 -0.9184
v 0.4800 3.0839 -0.9373
v 0.4733 2.9910 -0.9788
v 0.4838 2.9899 -0.9883
v 0.4681 2.8897 -1.0279
v 0.4748 2.8918 -1.0339
v 0.4281 3.6692 -0.9555
v 0.3922 3.6720 -0.9502
v 0.3745 3.6330 -0.9667
v 0.4102 3.6249 -0.9795
v 0.3395 3.5696 -0.9672
v 0.3891 3.5540 -0.9789
v 0.2883 3.4873 -0.9590
v 0.3565 3.4726 -0.9651
v 0.2990 3.3352 -0.9488
v 0.3796 3.3139 -0.9479
v 0.3379 3.2064 -0.9511
v 0.4177 3.1867 -0.9495
v 0.3519 3.1085 -0.9798
v 0.3905 3.1047 -0.9862
v 0.3705 3.0124 -0.9940
v 0.3890 3.0107 -1.0007
v 0.3320 2.9053 -0.9976
v 0.3377 2.9038 -1.0033
v 0.3931 3.6793 -0.9513
v 0.3583 3.6858 -0.9674
v 0.3241 3.6454 -0.9566
v 0.3610 3.6348 -0.9688
v 0.2631 3.5795 -0.9432
v 0.3040 3.5689 -0.9549
v 0.1943 3.4679 -0.9323
v 0.2339 3.4725 -0.9419
v 0.1753 3.3331 -0.9323
v 0.2193 3.3338 -0.9399
v 0.2371 3.1925 -0.9393
v 0.2831 3.1878 -0.9426
v 0.3366 3.0029 -0.9718
v 0.3627 3.0027 -0.9808
v 0.3406 2.8037 -1.0138
v 0.3581 2.8008 -1.0227
v 0.3540 2.6251 -1.0476
v 0.3603 2.6231 -1.0542
v 0.3780 3.6815 -0.9629
v 0.3378 3.6857 -0.9716
v 0.3130 3.6464 -0.9592
v 0.3483 3.6370 -0.9675
v 0.2575 3.5791 -0.8990
v 0.2865 3.5733 -0.9151
v 0.2163 3.4714 -0.8539
v 0.2373 3.4759 -0.8823
v 0.2152 3.3219 -0.8763
v 0.2364 3.3246 -0.9057
v 0.2750 3.1890 -0.9013
v 0.3037 3.1799 -0.9271
v 0.3654 3.0391 -0.9511
v 0.3906 3.0337 -0.9675
v 0.3798 2.9025 -0.9916
v 0.3928 2.8986 -1.0009
v 0.3775 2.7637 -1.0116
v 0.3855 2.7648 -1.0185
v 0.3970 3.6638 -0.9708
v 0.3543 3.6713 -0.9656
v 0.3221 3.6324 -0.9874
v 0.3639 3.6189 -1.0013
v 0.2539 3.5610 -1.0063
v 0.3038 3.5454 -1.0165
v 0.1933 3.4413 -1.0154
v 0.2428 3.4400 -1.0283
v 0.1677 3.3106 -1.0171
v 0.2109 3.3093 -1.0332
v 0.1857 3.1881 -1.0219
v 0.2219 3.1885 -1.0367
v 0.2551 3.0564 -1.0320
v 0.2820 3.0536 -1.0415
v 0.3100 2.9158 -1.0554
v 0.3267 2.9133 -1.0635
v 0.3486 2.7330 -1.0820
v 0.3545 2.7313 -1.0886
v 0.4423 3.6764 -1.0319
v 0.4244 3.6801 -1.0086
v 0.4179 3.6457 -1.0170
v 0.4396 3.6423 -1.0491
v 0.4578 3.5869 -1.0299
v 0.4926 3.5871 -1.0693
v 0.5337 3.5218 -1.0498
v 0.5583 3.5197 -1.0896
v 0.5388 3.3493 -1.0414
v 0.5654 3.3733 -1.0857
v 0.5373 3.2261 -1.0528
v 0.5605 3.2581 -1.0928
v 0.4975 3.1115 -1.0703
v 0.5087 3.1221 -1.0937
v 0.4550 2.9899 -1.0838
v 0.4604 2.9929 -1.1014
v 0.4191 2.8517 -1.0835
v 0.4194 2.8516 -1.0918
v 0.4563 3.6751 -1.0059
v 0.4351 3.6763 -0.9781
v 0.4337 3.6348 -0.9777
v 0.4498 3.6306 -1.0072
v 0.4960 3.5746 -0.9699
v 0.5182 3.5752 -1.0060
v 0.5786 3.4970 -0.9788
v 0.5882 3.5008 -1.0193
v 0.5981 3.3240 -0.9987
v 0.5958 3.3389 -1.0334
v 0.5708 3.1923 -0.9986
v 0.5730 3.2145 -1.0358
v 0.5120 3.0844 -1.0065
v 0.5166 3.0889 -1.0289
v 0.4785 2.9760 -1.0131
v 0.4801 2.9758 -1.0265
v 0.4509 2.8695 -1.0409
v 0.4518 2.8718 -1.0497
v 0.4218 3.6671 -1.0426
v 0.3957 3.6687 -1.0140
v 0.3748 3.6294 -1.0336
v 0.3949 3.6227 -1.0663
v 0.3716 3.5552 -1.0685
v 0.4031 3.5470 -1.1026
v 0.3893 3.4640 -1.1041
v 0.4208 3.4675 -1.1389
v 0.4365 3.3535 -1.1351
v 0.4586 3.3686 -1.1691
v 0.4542 3.2529 -1.1339
v 0.4751 3.2772 -1.1716
v 0.4314 3.1379 -1.1147
v 0.4477 3.1486 -1.1369
v 0.4109 3.0301 -1.1028
v 0.4176 3.0334 -1.1200
v 0.3858 2.9131 -1.0887
v 0.3857 2.9134 -1.0971
v 0.4111 3.6745 -1.0140
v 0.3816 3.6789 -0.9796
v 0.3572 3.6376 -0.9797
v 0.3795 3.6283 -1.0152
v 0.3384 3.5665 -0.9731
v 0.3728 3.5491 -1.0118
v 0.3266 3.4657 -0.9620
v 0.3785 3.4508 -1.0051
v 0.3698 3.2800 -0.9744
v 0.4248 3.2911 -1.0164
v 0.3858 3.1568 -1.0179
v 0.4338 3.1765 -1.0535
v 0.4068 3.0053 -1.0558
v 0.4172 3.0131 -1.0806
v 0.3938 2.7797 -1.0520
v 0.4009 2.7793 -1.0710
v 0.3646 2.5800 -1.0469
v 0.3649 2.5786 -1.0564
v 0.4562 3.6815 -1.0048
v 0.4279 3.6860 -0.9716
v 0.4158 3.6379 -0.9661
v 0.4384 3.6298 -1.0014
v 0.4403 3.5559 -0.9399
v 0.4725 3.5563 -0.9824
v 0.4858 3.4423 -0.9179
v 0.5054 3.4532 -0.9684
v 0.5143 3.2199 -0.9335
v 0.5115 3.2415 -0.9782
v 0.4907 3.1254 -0.9774
v 0.4918 3.1478 -1.0210
v 0.4708 3.0340 -1.0263
v 0.4732 3.0365 -1.0536
v 0.4655 2.8990 -1.0572
v 0.4679 2.8979 -1.0736
v 0.4448 2.7549 -1.0861
v 0.4461 2.7571 -1.0966
v 0.3969 3.6714 -1.0329
v 0.3679 3.6763 -0.9981
v 0.3346 3.6362 -1.0126
v 0.3572 3.6254 -1.0504
v 0.2969 3.5614 -1.0473
v 0.3354 3.5425 -1.0850
v 0.2781 3.4511 -1.0881
v 0.3259 3.4438 -1.1223
v 0.2633 3.3107 -1.1087
v 0.3177 3.3203 -1.1425
v 0.2466 3.1789 -1.0887
v 0.2972 3.1956 -1.1282
v 0.3117 3.0492 -1.0610
v 0.3260 3.0541 -1.0874
v 0.3381 2.9082 -1.0567
v 0.3442 2.9085 -1.0733
v 0.3390 2.7301 -1.0699
v 0.3390 2.7288 -1.0790
v 0.4026 3.6731 -0.9524
v 0.3729 3.6773 -0.9490
v 0.3611 3.6478 -0.9620
v 0.3893 3.6416 -0.9632
v 0.3341 3.5993 -0.9644
v 0.3689 3.5887 -0.9638
v 0.2953 3.5452 -0.9584
v 0.3411 3.5376 -0.9530
v 0.2836 3.4510 -0.9356
v 0.3433 3.4446 -0.9249
v 0.3070 3.3271 -0.9232
v 0.3718 3.3098 -0.9102
v 0.3320 3.1849 -0.9343
v 0.3741 3.1681 -0.9265
v 0.3539 3.0851 -0.9718
v 0.3758 3.0808 -0.9727
v 0.3621 2.9921 -0.9895
v 0.3683 2.9906 -0.9922
v 0.3668 3.6804 -0.9721
v 0.3383 3.6829 -0.9674
v 0.3287 3.6531 -0.9612
v 0.3561 3.6473 -0.9692
v 0.3075 3.6047 -0.9217
v 0.3383 3.5974 -0.9233
v 0.2919 3.5479 -0.8793
v 0.3264 3.5449 -0.8908
v 0.3022 3.4446 -0.8598
v 0.3425 3.4412 -0.8750
v 0.3328 3.3087 -0.8806
v 0.3828 3.2944 -0.8890
v 0.4022 3.1548 -0.9101
v 0.4380 3.1444 -0.9178
v 0.4375 3.0779 -0.9650
v 0.4535 3.0759 -0.9697
v 0.4561 3.0075 -0.9937
v 0.4627 3.0085 -0.9964
v 0.4151 3.6611 -0.9546
v 0.3870 3.6644 -0.9601
v 0.3779 3.6343 -0.9777
v 0.4079 3.6269 -0.9792
v 0.3563 3.5818 -0.9892
v 0.3958 3.5707 -0.9884
v 0.3251 3.5203 -0.9961
v 0.3775 3.5103 -0.9906
v 0.3296 3.4136 -0.9849
v 0.3919 3.4073 -0.9780
v 0.3495 3.3025 -0.9782
v 0.4177 3.2886 -0.9661
v 0.3452 3.1980 -0.9915
v 0.3911 3.1823 -0.9834
v 0.3391 3.1168 -1.0142
v 0.3651 3.1124 -1.0130
v 0.3429 3.0352 -1.0222
v 0.3501 3.0339 -1.0247
v 0.3875 3.6718 -0.9571
v 0.3540 3.6780 -0.9636
v 0.3348 3.6469 -0.9809
v 0.3679 3.6368 -0.9819
v 0.2884 3.5947 -0.9931
v 0.3268 3.5820 -0.9905
v 0.2308 3.5190 -1.0034
v 0.2726 3.5175 -0.9975
v 0.2056 3.4029 -1.0009
v 0.2523 3.4072 -0.9921
v 0.2176 3.2898 -1.0005
v 0.2714 3.2863 -0.9878
v 0.2927 3.1129 -1.0094
v 0.3245 3.1104 -1.0071
v 0.3549 2.9640 -1.0248
v 0.3715 2.9609 -1.0267
v 0.3194 2.8203 -1.0470
v 0.3260 2.8180 -1.0504
v 0.3759 3.6695 -0.9501
v 0.3445 3.6761 -0.9600
v 0.3228 3.6437 -0.9663
v 0.3538 3.6340 -0.9652
v 0.2643 3.5916 -0.9460
v 0.2951 3.5843 -0.9467
v 0.2170 3.5125 -0.9164
v 0.2468 3.5163 -0.9282
v 0.2033 3.3915 -0.9213
v 0.2393 3.3978 -0.9364
v 0.2312 3.2897 -0.9456
v 0.2796 3.2779 -0.9540
v 0.3165 3.1414 -0.9607
v 0.3537 3.1274 -0.9647
v 0.3887 3.0321 -0.9780
v 0.4043 3.0285 -0.9813
v 0.3983 2.9372 -1.0026
v 0.4064 2.9374 -1.0056
v 0.3972 3.6616 -0.9930
v 0.3630 3.6683 -0.9997
v 0.3463 3.6351 -1.0215
v 0.3824 3.6235 -1.0230
v 0.3083 3.5761 -1.0429
v 0.3521 3.5599 -1.0408
v 0.2659 3.4941 -1.0619
v 0.3159 3.4855 -1.0564
v 0.2343 3.3829 -1.0702
v 0.2879 3.3807 -1.0629
v 0.2161 3.2847 -1.0762
v 0.2671 3.2834 -1.0693
v 0.2413 3.1608 -1.0791
v 0.2732 3.1569 -1.0768
v 0.3201 3.0473 -1.0737
v 0.3375 3.0450 -1.0743
v 0.3394 2.9317 -1.0745
v 0.3457 2.9301 -1.0780
v 0.4476 3.6703 -1.0281
v 0.4279 3.6738 -1.0148
v 0.4251 3.6462 -1.0234
v 0.4500 3.6429 -1.0429
v 0.4570 3.5981 -1.0281
v 0.4925 3.5985 -1.0511
v 0.5188 3.5496 -1.0343
v 0.5487 3.5510 -1.0600
v 0.5370 3.4437 -1.0323
v 0.5673 3.4552 -1.0641
v 0.5371 3.3096 -1.0346
v 0.5668 3.3341 -1.0659
v 0.5269 3.1824 -1.0435
v 0.5463 3.1942 -1.0635
v 0.4848 3.0912 -1.0570
v 0.4955 3.0936 -1.0688
v 0.4465 2.9957 -1.0581
v 0.4484 2.9960 -1.0645
v 0.4514 3.6695 -1.0048
v 0.4282 3.6711 -0.9889
v 0.4266 3.6379 -0.9897
v 0.4461 3.6339 -1.0088
v 0.4672 3.5861 -0.9754
v 0.4923 3.5869 -0.9999
v 0.5337 3.5370 -0.9698
v 0.5520 3.5414 -1.0028
v 0.5735 3.4262 -1.0008
v 0.5824 3.4396 -1.0335
v 0.5824 3.3125 -1.0303
v 0.5909 3.3297 -1.0601
v 0.5837 3.1978 -1.0530
v 0.5908 3.2045 -1.0713
v 0.5366 3.0877 -1.0481
v 0.5395 3.0885 -1.0576
v 0.5035 3.0051 -1.0635
v 0.5059 3.0074 -1.0702
v 0.4420 3.6584 -1.0392
v 0.4143 3.6603 -1.0236
v 0.4055 3.6269 -1.0433
v 0.4288 3.6225 -1.0650
v 0.4208 3.5677 -1.0702
v 0.4515 3.5668 -1.0960
v 0.4523 3.5059 -1.0984
v 0.4829 3.5089 -1.1248
v 0.4961 3.4140 -1.1189
v 0.5207 3.4258 -1.1440
v 0.5083 3.3201 -1.1128
v 0.5346 3.3401 -1.1399
v 0.4911 3.2137 -1.0899
v 0.5108 3.2222 -1.1093
v 0.4517 3.1274 -1.0864
v 0.4665 3.1299 -1.0974
v 0.4181 3.0409 -1.0745
v 0.4205 3.0415 -1.0806
v 0.4191 3.6694 -1.0223
v 0.3879 3.6737 -1.0036
v 0.3698 3.6402 -1.0087
v 0.3967 3.6314 -1.0307
v 0.3599 3.5795 -1.0080
v 0.3981 3.5668 -1.0290
v 0.3581 3.5038 -1.0025
v 0.4111 3.4978 -1.0260
v 0.3956 3.3721 -0.9991
v 0.4477 3.3828 -1.0281
v 0.4186 3.2343 -1.0116
v 0.4727 3.2529 -1.0388
v 0.4199 3.1104 -1.0578
v 0.4460 3.1154 -1.0729
v 0.4174 2.9694 -1.0839
v 0.4272 2.9701 -1.0971
v 0.3811 2.8236 -1.0915
v 0.3837 2.8226 -1.0988
v 0.4510 3.6746 -1.0038
v 0.4209 3.6789 -0.9858
v 0.4101 3.6407 -0.9852
v 0.4362 3.6335 -1.0070
v 0.4201 3.5739 -0.9638
v 0.4551 3.5718 -0.9911
v 0.4504 3.4971 -0.9383
v 0.4821 3.5065 -0.9786
v 0.4803 3.3281 -0.9482
v 0.4947 3.3538 -0.9918
v 0.4884 3.2121 -0.9823
v 0.5050 3.2406 -1.0258
v 0.4880 3.1323 -1.0415
v 0.5037 3.1384 -1.0645
v 0.4765 3.0440 -1.0687
v 0.4817 3.0440 -1.0808
v 0.4627 2.9510 -1.0992
v 0.4658 2.9533 -1.1072
v 0.4217 3.6566 -1.0387
v 0.3898 3.6612 -1.0195
v 0.3716 3.6263 -1.0355
v 0.3999 3.6165 -1.0595
v 0.3613 3.5602 -1.0572
v 0.4025 3.5477 -1.0819
v 0.3629 3.4744 -1.0813
v 0.4102 3.4713 -1.1059
v 0.3620 3.3637 -1.0946
v 0.4144 3.3681 -1.1182
v 0.3273 3.2557 -1.0897
v 0.3956 3.2672 -1.1104
v 0.3351 3.1331 -1.0749
v 0.3677 3.1374 -1.0900
v 0.3821 3.0218 -1.0639
v 0.3920 3.0224 -1.0745
v 0.3846 2.9020 -1.0751
v 0.3867 2.9015 -1.0822
v 0.4189 3.6702 -0.9540
v 0.3819 3.6740 -0.9545
v 0.3697 3.6363 -0.9431
v 0.4001 3.6294 -0.9582
v 0.3590 3.5779 -0.9156
v 0.3911 3.5674 -0.9317
v 0.3534 3.5060 -0.8908
v 0.3907 3.4993 -0.9062
v 0.3828 3.3420 -0.8990
v 0.4164 3.3490 -0.9101
v 0.4164 3.1935 -0.9004
v 0.4501 3.2027 -0.9090
v 0.4077 3.0861 -0.9269
v 0.4318 3.0857 -0.9341
v 0.3841 2.9718 -0.9726
v 0.4010 2.9700 -0.9795
v 0.3328 2.8348 -1.0112
v 0.3386 2.8332 -1.0169
v 0.3732 3.6732 -0.9581
v 0.3363 3.6750 -0.9593
v 0.3227 3.6397 -0.9555
v 0.3551 3.6337 -0.9643
v 0.3219 3.5807 -0.9095
v 0.3527 3.5711 -0.9283
v 0.3483 3.4957 -0.8697
v 0.3736 3.4905 -0.9010
v 0.4053 3.3106 -0.8754
v 0.4208 3.3207 -0.9039
v 0.4425 3.1815 -0.8852
v 0.4608 3.1885 -0.9096
v 0.4645 3.0864 -0.9257
v 0.4823 3.0865 -0.9408
v 0.4754 2.9910 -0.9793
v 0.4860 2.9899 -0.9890
v 0.4704 2.8899 -1.0284
v 0.4771 2.8920 -1.0344
v 0.4302 3.6692 -0.9560
v 0.3944 3.6719 -0.9507
v 0.3761 3.6331 -0.9668
v 0.4082 3.6258 -0.9790
v 0.3536 3.5689 -0.9721
v 0.3891 3.5577 -0.9842
v 0.3440 3.4836 -0.9688
v 0.3836 3.4781 -0.9817
v 0.3811 3.3225 -0.9652
v 0.4149 3.3305 -0.9756
v 0.4003 3.1964 -0.9682
v 0.4396 3.2026 -0.9744
v 0.3824 3.1066 -0.9882
v 0.4098 3.1061 -0.9938
v 0.3738 3.0121 -0.9946
v 0.3918 3.0105 -1.0012
v 0.3344 2.9050 -0.9982
v 0.3400 2.9035 -1.0039
v 0.3951 3.6799 -0.9567
v 0.3528 3.6874 -0.9612
v 0.3271 3.6458 -0.9611
v 0.3636 3.6350 -0.9718
v 0.2918 3.5795 -0.9458
v 0.3300 3.5668 -0.9595
v 0.2674 3.4823 -0.9341
v 0.3103 3.4761 -0.9468
v 0.2931 3.3079 -0.9362
v 0.3390 3.2997 -0.9443
v 0.3154 3.1642 -0.9478
v 0.3590 3.1619 -0.9540
v 0.3392 3.0025 -0.9723
v 0.3654 3.0025 -0.9812
v 0.3428 2.8036 -1.0142
v 0.3603 2.8007 -1.0232
v 0.3562 2.6250 -1.0481
v 0.3625 2.6230 -1.0548
v 0.3800 3.6804 -0.9668
v 0.3398 3.6838 -0.9777
v 0.3128 3.6418 -0.9621
v 0.3514 3.6362 -0.9699
v 0.2833 3.5807 -0.9040
v 0.3157 3.5722 -0.9223
v 0.2823 3.4851 -0.8634
v 0.3112 3.4813 -0.8955
v 0.3316 3.2810 -0.8889
v 0.3528 3.2835 -0.9181
v 0.3536 3.1544 -0.9150
v 0.3749 3.1558 -0.9423
v 0.3983 3.0331 -0.9688
v 0.3759 3.0378 -0.9527
v 0.3821 2.9022 -0.9920
v 0.3950 2.8985 -1.0014
v 0.3796 2.7637 -1.0121
v 0.3877 2.7648 -1.0190
v 0.3991 3.6638 -0.9713
v 0.3566 3.6711 -0.9661
v 0.3268 3.6320 -0.9882
v 0.3647 3.6195 -1.0014
v 0.2872 3.5602 -1.0018
v 0.3287 3.5442 -1.0137
v 0.2683 3.4469 -1.0057
v 0.3125 3.4396 -1.0176
v 0.2571 3.2919 -1.0139
v 0.3051 3.2921 -1.0229
v 0.2384 3.1741 -1.0256
v 0.2834 3.1785 -1.0369
v 0.2632 3.0550 -1.0336
v 0.2904 3.0526 -1.0429
v 0.3124 2.9155 -1.0559
v 0.3289 2.9130 -1.0640
v 0.3507 2.7329 -1.0825
v 0.3567 2.7312 -1.0891
v 0.4441 3.6763 -1.0323
v 0.4266 3.6800 -1.0091
v 0.4174 3.6462 -1.0168
v 0.4375 3.6430 -1.0486
v 0.4395 3.5874 -1.0252
v 0.4682 3.5875 -1.0621
v 0.4866 3.5245 -1.0390
v 0.5068 3.5273 -1.0741
v 0.4875 3.3754 -1.0357
v 0.5029 3.3962 -1.0705
v 0.4934 3.2397 -1.0447
v 0.5036 3.2707 -1.0777
v 0.4806 3.1148 -1.0670
v 0.4899 3.1250 -1.0889
v 0.4572 2.9899 -1.0843
v 0.4625 2.9931 -1.1019
v 0.4214 2.8518 -1.0841
v 0.4216 2.8516 -1.0924
v 0.4581 3.6751 -1.0062
v 0.4373 3.6763 -0.9786
v 0.4321 3.6354 -0.9772
v 0.4455 3.6316 -1.0061
v 0.4752 3.5752 -0.9662
v 0.4895 3.5758 -0.9987
v 0.5368 3.5106 -0.9684
v 0.5404 3.5172 -1.0053
v 0.5416 3.3341 -0.9823
v 0.5334 3.3569 -1.0155
v 0.5312 3.1938 -0.9877
v 0.5247 3.2188 -1.0216
v 0.5016 3.0863 -1.0035
v 0.5036 3.0910 -1.0254
v 0.4808 2.9760 -1.0137
v 0.4822 2.9759 -1.0271
v 0.4532 2.8697 -1.0415
v 0.4540 2.8720 -1.0503
v 0.4233 3.6671 -1.0430
v 0.3978 3.6686 -1.0145
v 0.3737 3.6300 -1.0334
v 0.3917 3.6238 -1.0656
v 0.3654 3.5593 -1.0653
v 0.3868 3.5507 -1.0977
v 0.3783 3.4709 -1.0965
v 0.3950 3.4728 -1.1296
v 0.4080 3.3658 -1.1283
v 0.4205 3.3786 -1.1596
v 0.4238 3.2641 -1.1299
v 0.4391 3.2868 -1.1629
v 0.4198 3.1409 -1.1134
v 0.4324 3.1513 -1.1348
v 0.4133 3.0301 -1.1033
v 0.4200 3.0334 -1.1204
v 0.3880 2.9130 -1.0893
v 0.3879 2.9133 -1.0977
v 0.4132 3.6744 -1.0145
v 0.3839 3.6788 -0.9802
v 0.3596 3.6375 -0.9801
v 0.3785 3.6290 -1.0150
v 0.3529 3.5658 -0.9776
v 0.3739 3.5528 -1.0136
v 0.3700 3.4658 -0.9774
v 0.3915 3.4612 -1.0148
v 0.4111 3.2903 -0.9930
v 0.4249 3.3142 -1.0301
v 0.4049 3.1622 -1.0260
v 0.4258 3.1880 -1.0583
v 0.4091 3.0052 -1.0563
v 0.4195 3.0131 -1.0811
v 0.3959 2.7797 -1.0525
v 0.4032 2.7794 -1.0714
v 0.3668 2.5800 -1.0475
v 0.3670 2.5786 -1.0569
v 0.4582 3.6814 -1.0053
v 0.4300 3.6859 -0.9721
v 0.4157 3.6383 -0.9661
v 0.4347 3.6308 -1.0005
v 0.4326 3.5597 -0.9451
v 0.4512 3.5574 -0.9825
v 0.4718 3.4613 -0.9372
v 0.4759 3.4692 -0.9795
v 0.4949 3.2409 -0.9514
v 0.4829 3.2681 -0.9912
v 0.4809 3.1342 -0.9838
v 0.4725 3.1581 -1.0235
v 0.4719 3.0341 -1.0265
v 0.4745 3.0367 -1.0539
v 0.4676 2.8992 -1.0578
v 0.4702 2.8980 -1.0741
v 0.4470 2.7551 -1.0867
v 0.4483 2.7573 -1.0972
v 0.3990 3.6713 -1.0335
v 0.3701 3.6762 -0.9986
v 0.3372 3.6361 -1.0130
v 0.3567 3.6259 -1.0503
v 0.3136 3.5608 -1.0416
v 0.3378 3.5452 -1.0785
v 0.3158 3.4509 -1.0711
v 0.3379 3.4465 -1.1071
v 0.3129 3.3057 -1.0914
v 0.3355 3.3210 -1.1282
v 0.2892 3.1749 -1.0846
v 0.3178 3.1960 -1.1232
v 0.3176 3.0487 -1.0618
v 0.3302 3.0538 -1.0880
v 0.3404 2.9080 -1.0572
v 0.3464 2.9084 -1.0738
v 0.3411 2.7299 -1.0704
v 0.3412 2.7287 -1.0795
v 0.4044 3.6732 -0.9503
v 0.3750 3.6772 -0.9496
v 0.3634 3.6477 -0.9625
v 0.3907 3.6416 -0.9635
v 0.3440 3.5987 -0.9668
v 0.3731 3.5897 -0.9669
v 0.3315 3.5424 -0.9640
v 0.3636 3.5366 -0.9638
v 0.3549 3.4435 -0.9516
v 0.3871 3.4481 -0.9525
v 0.3881 3.3124 -0.9471
v 0.4172 3.3215 -0.9459
v 0.3961 3.1698 -0.9527
v 0.4200 3.1651 -0.9505
v 0.3794 3.0825 -0.9773
v 0.3967 3.0797 -0.9775
v 0.3644 2.9917 -0.9899
v 0.3706 2.9903 -0.9925
v 0.3701 3.6855 -0.9503
v 0.3406 3.6894 -0.9628
v 0.3310 3.6576 -0.9623
v 0.3590 3.6511 -0.9585
v 0.3211 3.6039 -0.9259
v 0.3498 3.5965 -0.9283
v 0.3301 3.5464 -0.8946
v 0.3567 3.5417 -0.9087
v 0.3705 3.4336 -0.8928
v 0.3919 3.4402 -0.9119
v 0.4044 3.2971 -0.9158
v 0.4262 3.3055 -0.9291
v 0.4375 3.1569 -0.9378
v 0.4563 3.1542 -0.9436
v 0.4464 3.0793 -0.9685
v 0.4581 3.0776 -0.9718
v 0.4583 3.0075 -0.9943
v 0.4650 3.0084 -0.9969
v 0.4191 3.6633 -0.9551
v 0.3906 3.6661 -0.9607
v 0.3796 3.6354 -0.9779
v 0.4075 3.6288 -0.9787
v 0.3616 3.5829 -0.9911
v 0.3921 3.5740 -0.9909
v 0.3518 3.5195 -0.9994
v 0.3853 3.5155 -0.9988
v 0.3767 3.4162 -0.9969
v 0.4073 3.4248 -0.9974
v 0.4005 3.3080 -0.9935
v 0.4303 3.3148 -0.9919
v 0.3932 3.1952 -1.0021
v 0.4186 3.1904 -0.9990
v 0.3679 3.1166 -1.0196
v 0.3867 3.1138 -1.0186
v 0.3491 3.0346 -1.0230
v 0.3558 3.0334 -1.0254
v 0.3897 3.6717 -0.9576
v 0.3563 3.6779 -0.9641
v 0.3375 3.6467 -0.9815
v 0.3695 3.6367 -0.9821
v 0.3057 3.5932 -0.9923
v 0.3395 3.5813 -0.9916
v 0.2818 3.5221 -0.9976
v 0.3189 3.5163 -0.9954
v 0.3006 3.4000 -0.9921
v 0.3390 3.3994 -0.9894
v 0.3223 3.2645 -0.9955
v 0.3637 3.2657 -0.9889
v 0.3293 3.1094 -1.0142
v 0.3563 3.1083 -1.0124
v 0.3571 2.9638 -1.0252
v 0.3737 2.9607 -1.0272
v 0.3216 2.8200 -1.0475
v 0.3281 2.8178 -1.0509
v 0.3781 3.6684 -0.9520
v 0.3466 3.6743 -0.9623
v 0.3265 3.6424 -0.9682
v 0.3571 3.6330 -0.9668
v 0.2870 3.5915 -0.9479
v 0.3180 3.5826 -0.9504
v 0.2737 3.5225 -0.9211
v 0.3049 3.5196 -0.9355
v 0.3157 3.3807 -0.9250
v 0.3427 3.3824 -0.9443
v 0.3450 3.2507 -0.9497
v 0.3744 3.2516 -0.9630
v 0.3670 3.1308 -0.9721
v 0.3912 3.1242 -0.9771
v 0.4098 3.0282 -0.9822
v 0.3958 3.0316 -0.9791
v 0.4005 2.9370 -1.0030
v 0.4086 2.9373 -1.0062
v 0.3991 3.6615 -0.9935
v 0.3654 3.6682 -1.0002
v 0.3478 3.6351 -1.0217
v 0.3803 3.6245 -1.0226
v 0.3198 3.5758 -1.0389
v 0.3545 3.5624 -1.0387
v 0.3047 3.4942 -1.0496
v 0.3412 3.4869 -1.0487
v 0.3052 3.3760 -1.0514
v 0.3434 3.3791 -1.0499
v 0.2868 3.2731 -1.0633
v 0.3323 3.2780 -1.0576
v 0.2824 3.1563 -1.0771
v 0.3106 3.1555 -1.0752
v 0.3245 3.0470 -1.0743
v 0.3415 3.0448 -1.0748
v 0.3416 2.9316 -1.0750
v 0.3480 2.9298 -1.0785
v 0.4490 3.6704 -1.0284
v 0.4298 3.6738 -1.0153
v 0.4243 3.6467 -1.0231
v 0.4475 3.6437 -1.0422
v 0.4421 3.5988 -1.0241
v 0.4730 3.5992 -1.0456
v 0.4800 3.5497 -1.0253
v 0.5054 3.5545 -1.0471
v 0.4883 3.4616 -1.0281
v 0.5110 3.4748 -1.0501
v 0.4871 3.3315 -1.0300
v 0.5041 3.3554 -1.0513
v 0.4926 3.1924 -1.0377
v 0.5043 3.2027 -1.0526
v 0.4744 3.0934 -1.0550
v 0.4839 3.0957 -1.0662
v 0.4487 2.9957 -1.0587
v 0.4506 2.9959 -1.0651
v 0.4529 3.6696 -1.0051
v 0.4301 3.6711 -0.9894
v 0.4253 3.6385 -0.9893
v 0.4427 3.6348 -1.0079
v 0.4527 3.5868 -0.9728
v 0.4712 3.5871 -0.9947
v 0.5006 3.5404 -0.9656
v 0.5122 3.5461 -0.9934
v 0.5249 3.4505 -0.9917
v 0.5285 3.4648 -1.0203
v 0.5219 3.3263 -1.0147
v 0.5241 3.3460 -1.0417
v 0.5355 3.1995 -1.0375
v 0.5412 3.2055 -1.0548
v 0.5236 3.0887 -1.0441
v 0.5275 3.0892 -1.0538
v 0.5056 3.0053 -1.0641
v 0.5080 3.0075 -1.0708
v 0.4422 3.6587 -1.0392
v 0.4155 3.6604 -1.0239
v 0.4023 3.6279 -1.0425
v 0.4234 3.6236 -1.0634
v 0.4036 3.5706 -1.0663
v 0.4284 3.5677 -1.0890
v 0.4200 3.5077 -1.0900
v 0.4421 3.5108 -1.1127
v 0.4467 3.4262 -1.1082
v 0.4655 3.4363 -1.1292
v 0.4575 3.3391 -1.1035
v 0.4760 3.3545 -1.1254
v 0.4565 3.2276 -1.0865
v 0.4705 3.2349 -1.1006
v 0.4386 3.1313 -1.0850
v 0.4501 3.1336 -1.0951
v 0.4205 3.0410 -1.0749
v 0.4228 3.0415 -1.0810
v 0.4210 3.6694 -1.0228
v 0.3900 3.6737 -1.0041
v 0.3707 3.6403 -1.0088
v 0.3947 3.6321 -1.0303
v 0.3625 3.5813 -1.0085
v 0.3891 3.5707 -1.0286
v 0.3731 3.5078 -1.0080
v 0.4013 3.5048 -1.0296
v 0.4083 3.3913 -1.0145
v 0.4292 3.4043 -1.0381
v 0.4262 3.2537 -1.0250
v 0.4484 3.2771 -1.0464
v 0.4190 3.1132 -1.0582
v 0.4369 3.1188 -1.0721
v 0.4197 2.9693 -1.0844
v 0.4293 2.9702 -1.0977
v 0.3834 2.8235 -1.0921
v 0.3858 2.8226 -1.0992
v 0.4528 3.6746 -1.0043
v 0.4231 3.6788 -0.9864
v 0.4100 3.6411 -0.9851
v 0.4331 3.6345 -1.0063
v 0.4139 3.5768 -0.9664
v 0.4380 3.5730 -0.9899
v 0.4419 3.5070 -0.9539
v 0.4571 3.5118 -0.9858
v 0.4642 3.3625 -0.9723
v 0.4652 3.3850 -1.0053
v 0.4702 3.2390 -0.9984
v 0.4718 3.2644 -1.0309
v 0.4697 3.1387 -1.0403
v 0.4794 3.1441 -1.0602
v 0.4773 3.0442 -1.0689
v 0.4827 3.0442 -1.0811
v 0.4648 2.9512 -1.0998
v 0.4681 2.9535 -1.1077
v 0.4222 3.6568 -1.0388
v 0.3918 3.6611 -1.0199
v 0.3703 3.6270 -1.0352
v 0.3951 3.6180 -1.0584
v 0.3589 3.5636 -1.0544
v 0.3872 3.5520 -1.0777
v 0.3647 3.4805 -1.0748
v 0.3911 3.4776 -1.0984
v 0.3737 3.3704 -1.0867
v 0.3966 3.3790 -1.1118
v 0.3574 3.2595 -1.0836
v 0.3898 3.2764 -1.1074
v 0.3535 3.1355 -1.0759
v 0.3741 3.1407 -1.0907
v 0.3847 3.0217 -1.0643
v 0.3945 3.0224 -1.0749
v 0.3869 2.9020 -1.0756
v 0.3889 2.9014 -1.0827
v 0.4054 3.6307 -0.9405
v 0.3334 3.6394 -0.9317
v 0.3320 3.6293 -0.9263
v 0.4029 3.6194 -0.9482
v 0.3471 3.6301 -1.0467
v 0.3422 3.6221 -1.0553
v 0.3113 3.6245 -0.9951
v 0.3123 3.6325 -0.9963
v 0.2925 3.6421 -0.9566
v 0.2901 3.6320 -0.9535
v 0.4600 3.6398 -0.9727
v 0.4578 3.6244 -0.9765
v 0.4357 3.6279 -1.0863
v 0.4389 3.6129 -1.0817
v 0.4693 3.7349 -1.0432
v 0.4451 3.7302 -1.0877
v 0.4479 3.7509 -1.0915
v 0.4647 3.7559 -1.0372
v 0.4729 3.7162 -0.9504
v 0.4618 3.7318 -0.9387
v 0.4025 3.7349 -0.9409
v 0.3442 3.7386 -0.9672
v 0.3386 3.7162 -0.9474
v 0.4048 3.7170 -0.9336
v 0.3374 3.6940 -0.9442
v 0.4051 3.6917 -0.9353
v 0.4054 3.6786 -0.9481
v 0.3412 3.6795 -0.9535
v 0.3376 3.6645 -0.9494
v 0.4069 3.6651 -0.9443
v 0.3348 3.6495 -0.9372
v 0.4058 3.6408 -0.9370
v 0.3501 3.7372 -1.0651
v 0.3485 3.7201 -1.0699
v 0.3075 3.7210 -1.0312
v 0.3133 3.7390 -1.0331
v 0.3503 3.7027 -1.0669
v 0.3248 3.6908 -1.0264
v 0.3586 3.6654 -1.0331
v 0.3581 3.6559 -1.0345
v 0.3256 3.6537 -0.9955
v 0.3308 3.6644 -0.9947
v 0.3492 3.6389 -1.0444
v 0.3133 3.6406 -0.9975
v 0.3259 3.7381 -0.9940
v 0.3150 3.7215 -0.9890
v 0.3156 3.6902 -0.9856
v 0.3224 3.6789 -0.9768
v 0.3141 3.6684 -0.9658
v 0.2949 3.6520 -0.9596
v 0.4604 3.6965 -0.9603
v 0.4580 3.6883 -0.9651
v 0.4637 3.6757 -0.9640
v 0.4622 3.6551 -0.9690
v 0.4351 3.7071 -1.0723
v 0.4372 3.6653 -1.0481
v 0.4413 3.6545 -1.0639
v 0.4324 3.6371 -1.0819
v 0.4780 3.6340 -1.0382
v 0.4714 3.6495 -1.0323
v 0.4505 3.6676 -1.0359
v 0.4544 3.6802 -1.0278
v 0.4687 3.7150 -1.0505
v 0.4848 3.6186 -1.0439
v -0.3503 3.8342 -0.8739
v -0.3516 3.8334 -0.8686
v -0.3607 3.8001 -0.8862
v -0.3605 3.8005 -0.8903
v -0.3266 3.8663 -0.8845
v -0.3245 3.8666 -0.8782
v -0.3389 3.8048 -0.8771
v -0.3407 3.8051 -0.8807
v -0.3442 3.8382 -0.9005
v -0.3596 3.8026 -0.9105
v -0.3978 3.7438 -0.9171
v -0.3605 3.7458 -0.9098
v -0.3466 3.7088 -0.9111
v -0.3824 3.7029 -0.9031
v -0.3170 3.6481 -0.9349
v -0.3606 3.6363 -0.9274
v -0.2714 3.5752 -0.9590
v -0.3273 3.5642 -0.9597
v -0.2689 3.4320 -0.9443
v -0.3375 3.4112 -0.9563
v -0.3197 3.2825 -0.9352
v -0.3855 3.2668 -0.9490
v -0.3650 3.1626 -0.8852
v -0.3984 3.1594 -0.8848
v -0.3842 3.0508 -0.8208
v -0.4022 3.0496 -0.8179
v -0.3470 2.9183 -0.7577
v -0.3539 2.9172 -0.7534
v -0.3537 3.7513 -0.8974
v -0.3184 3.7559 -0.8855
v -0.3034 3.7177 -0.8848
v -0.3373 3.7115 -0.8840
v -0.2716 3.6503 -0.9288
v -0.3103 3.6432 -0.9198
v -0.2559 3.5617 -0.9763
v -0.2964 3.5602 -0.9578
v -0.2994 3.3919 -0.9772
v -0.3383 3.3844 -0.9597
v -0.3624 3.2561 -0.9640
v -0.4067 3.2497 -0.9495
v -0.4384 3.1574 -0.9009
v -0.4685 3.1585 -0.8888
v -0.4741 3.0703 -0.8380
v -0.4866 3.0701 -0.8312
v -0.4832 2.9745 -0.7794
v -0.4911 2.9772 -0.7754
v -0.4082 3.7426 -0.9165
v -0.3720 3.7448 -0.9133
v -0.3597 3.7077 -0.8893
v -0.3976 3.7010 -0.8846
v -0.3274 3.6447 -0.8742
v -0.3787 3.6304 -0.8732
v -0.2777 3.5620 -0.8617
v -0.3458 3.5480 -0.8707
v -0.2894 3.4096 -0.8592
v -0.3679 3.3884 -0.8772
v -0.3308 3.2817 -0.8536
v -0.4084 3.2620 -0.8723
v -0.3536 3.1872 -0.8196
v -0.3927 3.1841 -0.8222
v -0.3774 3.0931 -0.8008
v -0.3970 3.0921 -0.7986
v -0.3435 2.9869 -0.7776
v -0.3504 2.9860 -0.7733
v -0.3730 3.7522 -0.9131
v -0.3429 3.7603 -0.8899
v -0.3081 3.7190 -0.8882
v -0.3471 3.7097 -0.8842
v -0.2473 3.6521 -0.8800
v -0.2900 3.6428 -0.8775
v -0.1806 3.5400 -0.8631
v -0.2212 3.5455 -0.8638
v -0.1654 3.4059 -0.8453
v -0.2099 3.4073 -0.8486
v -0.2305 3.2667 -0.8395
v -0.2760 3.2624 -0.8468
v -0.3394 3.0814 -0.8132
v -0.3669 3.0821 -0.8108
v -0.3581 2.8875 -0.7540
v -0.3773 2.8855 -0.7493
v -0.3835 2.7132 -0.7070
v -0.3913 2.7119 -0.7019
v -0.3610 3.7556 -0.8985
v -0.3240 3.7606 -0.8809
v -0.2979 3.7203 -0.8831
v -0.3344 3.7118 -0.8826
v -0.2313 3.6472 -0.9214
v -0.2634 3.6431 -0.9122
v -0.1832 3.5355 -0.9445
v -0.2102 3.5429 -0.9225
v -0.1911 3.3891 -0.9079
v -0.2186 3.3947 -0.8848
v -0.2583 3.2594 -0.8849
v -0.2925 3.2529 -0.8660
v -0.3616 3.1153 -0.8437
v -0.3901 3.1116 -0.8333
v -0.3885 2.9835 -0.7946
v -0.4034 2.9806 -0.7883
v -0.3944 2.8475 -0.7610
v -0.4038 2.8492 -0.7564
v -0.3818 3.7388 -0.8937
v -0.3389 3.7457 -0.8893
v -0.3138 3.7092 -0.8567
v -0.3580 3.6972 -0.8519
v -0.2538 3.6401 -0.8151
v -0.3050 3.6256 -0.8156
v -0.2000 3.5219 -0.7800
v -0.2512 3.5220 -0.7793
v -0.1787 3.3921 -0.7594
v -0.2245 3.3924 -0.7540
v -0.2003 3.2707 -0.7470
v -0.2390 3.2726 -0.7414
v -0.2733 3.1407 -0.7409
v -0.3018 3.1389 -0.7378
v -0.3356 3.0032 -0.7175
v -0.3538 3.0015 -0.7135
v -0.3838 2.8240 -0.6831
v -0.3912 2.8230 -0.6780
v -0.4400 3.7575 -0.8468
v -0.4170 3.7588 -0.8654
v -0.4135 3.7255 -0.8523
v -0.4423 3.7253 -0.8261
v -0.4568 3.6683 -0.8436
v -0.4999 3.6725 -0.8139
v -0.5368 3.6055 -0.8361
v -0.5702 3.6075 -0.8034
v -0.5439 3.4331 -0.8285
v -0.5797 3.4614 -0.7944
v -0.5481 3.3116 -0.8050
v -0.5794 3.3475 -0.7750
v -0.5164 3.1994 -0.7673
v -0.5326 3.2123 -0.7484
v -0.4813 3.0798 -0.7321
v -0.4907 3.0846 -0.7167
v -0.4498 2.9423 -0.7102
v -0.4520 2.9430 -0.7022
v -0.4474 3.7536 -0.8751
v -0.4202 3.7520 -0.8970
v -0.4198 3.7106 -0.8930
v -0.4425 3.7094 -0.8679
v -0.4799 3.6499 -0.9095
v -0.5100 3.6542 -0.8800
v -0.5641 3.5736 -0.9130
v -0.5829 3.5815 -0.8765
v -0.5919 3.4036 -0.8814
v -0.5976 3.4219 -0.8488
v -0.5686 3.2725 -0.8620
v -0.5790 3.2984 -0.8288
v -0.5160 3.1660 -0.8297
v -0.5257 3.1727 -0.8096
v -0.4877 3.0588 -0.8046
v -0.4924 3.0600 -0.7920
v -0.4701 2.9557 -0.7607
v -0.4730 2.9589 -0.7526
v -0.4229 3.7493 -0.8306
v -0.3907 3.7480 -0.8522
v -0.3760 3.7109 -0.8243
v -0.4035 3.7076 -0.7969
v -0.3830 3.6406 -0.7826
v -0.4219 3.6359 -0.7563
v -0.4109 3.5535 -0.7434
v -0.4497 3.5605 -0.7177
v -0.4668 3.4467 -0.7139
v -0.4960 3.4652 -0.6878
v -0.4861 3.3465 -0.7094
v -0.5148 3.3745 -0.6804
v -0.4622 3.2302 -0.7112
v -0.4830 3.2431 -0.6947
v -0.4421 3.1217 -0.7071
v -0.4526 3.1268 -0.6925
v -0.4172 3.0039 -0.7032
v -0.4191 3.0051 -0.6951
v -0.4055 3.7538 -0.8564
v -0.3686 3.7547 -0.8830
v -0.3459 3.7136 -0.8730
v -0.3762 3.7080 -0.8431
v -0.3278 3.6422 -0.8679
v -0.3708 3.6288 -0.8370
v -0.3161 3.5408 -0.8659
v -0.3772 3.5304 -0.8352
v -0.3656 3.3573 -0.8459
v -0.4287 3.3726 -0.8196
v -0.3944 3.2392 -0.7956
v -0.4490 3.2624 -0.7747
v -0.4275 3.0923 -0.7491
v -0.4433 3.1026 -0.7284
v -0.4194 2.8675 -0.7275
v -0.4309 2.8690 -0.7108
v -0.3947 2.6683 -0.7057
v -0.3973 2.6679 -0.6965
v -0.4469 3.7598 -0.8768
v -0.4114 3.7609 -0.9025
v -0.3996 3.7125 -0.9002
v -0.4301 3.7081 -0.8707
v -0.4191 3.6283 -0.9233
v -0.4605 3.6330 -0.8900
v -0.4608 3.5131 -0.9443
v -0.4916 3.5290 -0.9012
v -0.4976 3.2934 -0.9141
v -0.5050 3.3194 -0.8724
v -0.4874 3.2038 -0.8567
v -0.4983 3.2305 -0.8171
v -0.4819 3.1179 -0.7957
v -0.4907 3.1231 -0.7702
v -0.4874 2.9867 -0.7513
v -0.4937 2.9872 -0.7360
v -0.4777 2.8463 -0.7043
v -0.4814 2.8495 -0.6947
v -0.3963 3.7526 -0.8344
v -0.3597 3.7540 -0.8616
v -0.3318 3.7156 -0.8357
v -0.3630 3.7086 -0.8035
v -0.3053 3.6447 -0.7858
v -0.3521 3.6297 -0.7567
v -0.2994 3.5391 -0.7310
v -0.3541 3.5353 -0.7087
v -0.2933 3.4015 -0.6938
v -0.3540 3.4145 -0.6751
v -0.2756 3.2683 -0.6961
v -0.3337 3.2890 -0.6717
v -0.3353 3.1365 -0.7257
v -0.3554 3.1440 -0.7041
v -0.3634 2.9958 -0.7223
v -0.3732 2.9978 -0.7077
v -0.3717 2.8199 -0.6922
v -0.3739 2.8196 -0.6833
v -0.3826 3.7462 -0.9137
v -0.3529 3.7500 -0.9103
v -0.3452 3.7220 -0.8920
v -0.3731 3.7159 -0.8970
v -0.3208 3.6740 -0.8785
v -0.3547 3.6634 -0.8864
v -0.2830 3.6195 -0.8697
v -0.3263 3.6114 -0.8851
v -0.2685 3.5235 -0.8796
v -0.3241 3.5161 -0.9036
v -0.2912 3.3990 -0.8850
v -0.3515 3.3805 -0.9114
v -0.3216 3.2586 -0.8663
v -0.3610 3.2411 -0.8822
v -0.3542 3.1632 -0.8255
v -0.3758 3.1590 -0.8294
v -0.3686 3.0724 -0.8012
v -0.3753 3.0712 -0.7999
v -0.3524 3.7554 -0.8869
v -0.3235 3.7574 -0.8848
v -0.3135 3.7272 -0.8856
v -0.3421 3.7222 -0.8838
v -0.2846 3.6750 -0.9139
v -0.3151 3.6679 -0.9190
v -0.2608 3.6142 -0.9455
v -0.2971 3.6124 -0.9424
v -0.2686 3.5095 -0.9567
v -0.3115 3.5076 -0.9513
v -0.3066 3.3764 -0.9305
v -0.3575 3.3630 -0.9330
v -0.3847 3.2262 -0.9035
v -0.4216 3.2167 -0.9036
v -0.4340 3.1553 -0.8513
v -0.4506 3.1538 -0.8504
v -0.4605 3.0882 -0.8211
v -0.4676 3.0894 -0.8202
v -0.3956 3.7345 -0.9134
v -0.3695 3.7383 -0.9017
v -0.3656 3.7101 -0.8796
v -0.3953 3.7029 -0.8846
v -0.3486 3.6591 -0.8581
v -0.3871 3.6479 -0.8673
v -0.3215 3.5986 -0.8380
v -0.3713 3.5881 -0.8548
v -0.3258 3.4913 -0.8393
v -0.3848 3.4843 -0.8603
v -0.3462 3.3801 -0.8396
v -0.4099 3.3650 -0.8663
v -0.3477 3.2775 -0.8155
v -0.3907 3.2610 -0.8327
v -0.3492 3.1990 -0.7841
v -0.3742 3.1945 -0.7910
v -0.3567 3.1186 -0.7692
v -0.3644 3.1176 -0.7684
v -0.3691 3.7453 -0.9055
v -0.3380 3.7522 -0.8918
v -0.3242 3.7230 -0.8674
v -0.3568 3.7130 -0.8734
v -0.2833 3.6723 -0.8394
v -0.3203 3.6594 -0.8498
v -0.2317 3.5980 -0.8082
v -0.2709 3.5959 -0.8238
v -0.2094 3.4823 -0.7932
v -0.2526 3.4857 -0.8133
v -0.2237 3.3697 -0.7853
v -0.2730 3.3649 -0.8101
v -0.3031 3.1946 -0.7772
v -0.3335 3.1919 -0.7868
v -0.3707 3.0481 -0.7626
v -0.3874 3.0452 -0.7644
v -0.3450 2.9073 -0.7185
v -0.3523 2.9054 -0.7166
v -0.3563 3.7424 -0.9092
v -0.3279 3.7499 -0.8928
v -0.3092 3.7183 -0.8783
v -0.3392 3.7086 -0.8858
v -0.2488 3.6644 -0.8788
v -0.2790 3.6572 -0.8848
v -0.1977 3.5827 -0.8883
v -0.2294 3.5877 -0.8844
v -0.1885 3.4629 -0.8684
v -0.2269 3.4707 -0.8630
v -0.2239 3.3640 -0.8416
v -0.2732 3.3532 -0.8439
v -0.3139 3.2180 -0.8328
v -0.3513 3.2045 -0.8364
v -0.3908 3.1111 -0.8226
v -0.4068 3.1078 -0.8228
v -0.4082 3.0191 -0.7918
v -0.4168 3.0197 -0.7908
v -0.3873 3.7388 -0.8721
v -0.3556 3.7462 -0.8581
v -0.3453 3.7154 -0.8298
v -0.3810 3.7040 -0.8358
v -0.3150 3.6588 -0.7942
v -0.3574 3.6425 -0.8051
v -0.2803 3.5792 -0.7576
v -0.3277 3.5701 -0.7741
v -0.2543 3.4694 -0.7311
v -0.3046 3.4665 -0.7508
v -0.2404 3.3723 -0.7113
v -0.2883 3.3703 -0.7300
v -0.2686 3.2494 -0.7023
v -0.2991 3.2452 -0.7118
v -0.3466 3.1359 -0.7152
v -0.3637 3.1337 -0.7186
v -0.3683 3.0210 -0.7077
v -0.3753 3.0197 -0.7057
v -0.4444 3.7511 -0.8511
v -0.4220 3.7532 -0.8596
v -0.4220 3.7266 -0.8479
v -0.4509 3.7253 -0.8347
v -0.4553 3.6792 -0.8462
v -0.4952 3.6820 -0.8326
v -0.5179 3.6316 -0.8503
v -0.5531 3.6356 -0.8327
v -0.5377 3.5261 -0.8461
v -0.5744 3.5407 -0.8238
v -0.5416 3.3929 -0.8307
v -0.5773 3.4204 -0.8100
v -0.5369 3.2672 -0.8072
v -0.5602 3.2810 -0.7936
v -0.5014 3.1779 -0.7751
v -0.5146 3.1815 -0.7665
v -0.4668 3.0830 -0.7554
v -0.4702 3.0839 -0.7497
v -0.4426 3.7479 -0.8745
v -0.4162 3.7479 -0.8844
v -0.4157 3.7149 -0.8800
v -0.4392 3.7129 -0.8658
v -0.4529 3.6619 -0.8984
v -0.4831 3.6652 -0.8808
v -0.5174 3.6125 -0.9149
v -0.5429 3.6203 -0.8878
v -0.5661 3.5054 -0.8836
v -0.5822 3.5221 -0.8554
v -0.5845 3.3953 -0.8460
v -0.5994 3.4155 -0.8209
v -0.5939 3.2835 -0.8131
v -0.6050 3.2920 -0.7978
v -0.5497 3.1735 -0.7957
v -0.5548 3.1752 -0.7873
v -0.5232 3.0929 -0.7648
v -0.5271 3.0958 -0.7591
v -0.4419 3.7403 -0.8379
v -0.4112 3.7406 -0.8465
v -0.4082 3.7094 -0.8221
v -0.4361 3.7072 -0.8063
v -0.4309 3.6533 -0.7939
v -0.4669 3.6550 -0.7763
v -0.4697 3.5946 -0.7681
v -0.5056 3.6003 -0.7502
v -0.5193 3.5053 -0.7498
v -0.5489 3.5196 -0.7326
v -0.5320 3.4113 -0.7493
v -0.5635 3.4339 -0.7314
v -0.5124 3.3031 -0.7569
v -0.5360 3.3135 -0.7437
v -0.4754 3.2169 -0.7423
v -0.4923 3.2205 -0.7355
v -0.4421 3.1296 -0.7373
v -0.4458 3.1308 -0.7320
v -0.4154 3.7496 -0.8498
v -0.3805 3.7520 -0.8608
v -0.3650 3.7191 -0.8483
v -0.3965 3.7126 -0.8326
v -0.3567 3.6587 -0.8406
v -0.3991 3.6482 -0.8282
v -0.3555 3.5828 -0.8380
v -0.4126 3.5792 -0.8274
v -0.3942 3.4515 -0.8373
v -0.4515 3.4650 -0.8228
v -0.4229 3.3156 -0.8172
v -0.4814 3.3369 -0.8057
v -0.4381 3.1970 -0.7607
v -0.4670 3.2036 -0.7528
v -0.4454 3.0594 -0.7210
v -0.4580 3.0615 -0.7106
v -0.4155 2.9151 -0.6906
v -0.4197 2.9149 -0.6841
v -0.4418 3.7529 -0.8758
v -0.4082 3.7553 -0.8864
v -0.3985 3.7173 -0.8807
v -0.4292 3.7123 -0.8651
v -0.4047 3.6486 -0.8971
v -0.4453 3.6493 -0.8790
v -0.4299 3.5696 -0.9215
v -0.4701 3.5831 -0.8911
v -0.4654 3.4025 -0.9024
v -0.4892 3.4325 -0.8663
v -0.4842 3.2906 -0.8600
v -0.5100 3.3233 -0.8247
v -0.4999 3.2172 -0.7949
v -0.5204 3.2256 -0.7770
v -0.4973 3.1321 -0.7571
v -0.5052 3.1333 -0.7467
v -0.4934 3.0427 -0.7152
v -0.4983 3.0458 -0.7085
v -0.4221 3.7385 -0.8333
v -0.3865 3.7411 -0.8447
v -0.3734 3.7080 -0.8214
v -0.4069 3.7007 -0.8041
v -0.3702 3.6445 -0.7915
v -0.4164 3.6345 -0.7763
v -0.3796 3.5616 -0.7602
v -0.4314 3.5610 -0.7474
v -0.3846 3.4528 -0.7362
v -0.4409 3.4595 -0.7264
v -0.3523 3.3448 -0.7220
v -0.4233 3.3584 -0.7195
v -0.3593 3.2214 -0.7261
v -0.3945 3.2272 -0.7197
v -0.4051 3.1095 -0.7370
v -0.4172 3.1112 -0.7292
v -0.4131 2.9915 -0.7150
v -0.4168 2.9917 -0.7086
v -0.3989 3.7434 -0.9158
v -0.3630 3.7473 -0.9069
v -0.3494 3.7086 -0.9112
v -0.3826 3.7033 -0.9032
v -0.3338 3.6477 -0.9295
v -0.3691 3.6389 -0.9206
v -0.3243 3.5737 -0.9450
v -0.3643 3.5686 -0.9384
v -0.3587 3.4114 -0.9280
v -0.3938 3.4194 -0.9260
v -0.3953 3.2638 -0.9201
v -0.4298 3.2738 -0.9207
v -0.3957 3.1596 -0.8818
v -0.4209 3.1599 -0.8806
v -0.3865 3.0505 -0.8208
v -0.4046 3.0494 -0.8180
v -0.3492 2.9181 -0.7577
v -0.3562 2.9171 -0.7534
v -0.3554 3.7468 -0.9012
v -0.3198 3.7488 -0.8914
v -0.3066 3.7133 -0.8883
v -0.3403 3.7082 -0.8870
v -0.2963 3.6499 -0.9268
v -0.3309 3.6423 -0.9150
v -0.3145 3.5613 -0.9632
v -0.3467 3.5593 -0.9385
v -0.3757 3.3777 -0.9531
v -0.3973 3.3907 -0.9303
v -0.4173 3.2503 -0.9398
v -0.4407 3.2597 -0.9213
v -0.4506 3.1598 -0.8966
v -0.4715 3.1614 -0.8863
v -0.4763 3.0703 -0.8380
v -0.4889 3.0702 -0.8311
v -0.4855 2.9747 -0.7794
v -0.4934 2.9774 -0.7754
v -0.4104 3.7426 -0.9165
v -0.3743 3.7448 -0.9133
v -0.3613 3.7078 -0.8895
v -0.3955 3.7018 -0.8847
v -0.3423 3.6445 -0.8727
v -0.3799 3.6346 -0.8684
v -0.3342 3.5593 -0.8652
v -0.3759 3.5551 -0.8617
v -0.3733 3.3987 -0.8617
v -0.4084 3.4077 -0.8605
v -0.3957 3.2735 -0.8510
v -0.4352 3.2803 -0.8550
v -0.3853 3.1862 -0.8186
v -0.4132 3.1863 -0.8196
v -0.3807 3.0928 -0.8010
v -0.3998 3.0919 -0.7988
v -0.3459 2.9867 -0.7776
v -0.3528 2.9857 -0.7733
v -0.3762 3.7534 -0.9085
v -0.3360 3.7613 -0.8947
v -0.3120 3.7199 -0.8846
v -0.3503 3.7102 -0.8819
v -0.2757 3.6524 -0.8844
v -0.3164 3.6411 -0.8790
v -0.2516 3.5545 -0.8803
v -0.2964 3.5496 -0.8777
v -0.2813 3.3812 -0.8672
v -0.3280 3.3739 -0.8696
v -0.3092 3.2394 -0.8472
v -0.3531 3.2378 -0.8514
v -0.3421 3.0810 -0.8133
v -0.3696 3.0819 -0.8110
v -0.3604 2.8874 -0.7541
v -0.3796 2.8854 -0.7493
v -0.3858 2.7132 -0.7070
v -0.3935 2.7119 -0.7019
v -0.3639 3.7549 -0.8951
v -0.3274 3.7594 -0.8753
v -0.2985 3.7160 -0.8798
v -0.3380 3.7112 -0.8810
v -0.2575 3.6493 -0.9229
v -0.2935 3.6427 -0.9121
v -0.2492 3.5501 -0.9524
v -0.2850 3.5496 -0.9280
v -0.3081 3.3496 -0.9195
v -0.3356 3.3551 -0.8966
v -0.3387 3.2263 -0.8871
v -0.3659 3.2305 -0.8659
v -0.3979 3.1111 -0.8339
v -0.3722 3.1142 -0.8445
v -0.3908 2.9833 -0.7947
v -0.4057 2.9805 -0.7883
v -0.3966 2.8475 -0.7610
v -0.4060 2.8493 -0.7564
v -0.3840 3.7388 -0.8937
v -0.3413 3.7456 -0.8893
v -0.3185 3.7089 -0.8570
v -0.3588 3.6978 -0.8521
v -0.2851 3.6389 -0.8273
v -0.3286 3.6241 -0.8242
v -0.2704 3.5265 -0.8079
v -0.3163 3.5205 -0.8062
v -0.2652 3.3732 -0.7820
v -0.3140 3.3743 -0.7848
v -0.2527 3.2572 -0.7546
v -0.2990 3.2627 -0.7549
v -0.2816 3.1395 -0.7411
v -0.3103 3.1380 -0.7384
v -0.3380 3.0030 -0.7176
v -0.3561 3.0013 -0.7135
v -0.3860 2.8240 -0.6831
v -0.3934 2.8230 -0.6780
v -0.4419 3.7575 -0.8468
v -0.4193 3.7588 -0.8654
v -0.4130 3.7259 -0.8524
v -0.4401 3.7260 -0.8262
v -0.4379 3.6683 -0.8438
v -0.4745 3.6721 -0.8150
v -0.4884 3.6071 -0.8356
v -0.5163 3.6135 -0.8068
v -0.4921 3.4584 -0.8243
v -0.5148 3.4827 -0.7964
v -0.5033 3.3244 -0.8036
v -0.5203 3.3585 -0.7773
v -0.4992 3.2024 -0.7668
v -0.5132 3.2147 -0.7488
v -0.4836 3.0799 -0.7321
v -0.4929 3.0848 -0.7167
v -0.4521 2.9424 -0.7102
v -0.4543 2.9431 -0.7022
v -0.4493 3.7536 -0.8752
v -0.4225 3.7520 -0.8970
v -0.4181 3.7112 -0.8931
v -0.4381 3.7103 -0.8680
v -0.4588 3.6502 -0.9081
v -0.4804 3.6541 -0.8802
v -0.5207 3.5861 -0.9144
v -0.5328 3.5964 -0.8803
v -0.5329 3.4119 -0.8847
v -0.5323 3.4380 -0.8529
v -0.5275 3.2729 -0.8632
v -0.5287 3.3012 -0.8314
v -0.5051 3.1676 -0.8303
v -0.5122 3.1745 -0.8101
v -0.4900 3.0589 -0.8046
v -0.4946 3.0601 -0.7920
v -0.4724 2.9559 -0.7607
v -0.4753 2.9591 -0.7526
v -0.4244 3.7494 -0.8306
v -0.3928 3.7480 -0.8522
v -0.3749 3.7115 -0.8243
v -0.4002 3.7086 -0.7969
v -0.3761 3.6444 -0.7846
v -0.4048 3.6391 -0.7575
v -0.3982 3.5596 -0.7488
v -0.4223 3.5649 -0.7210
v -0.4372 3.4583 -0.7149
v -0.4565 3.4742 -0.6889
v -0.4554 3.3573 -0.7071
v -0.4775 3.3832 -0.6811
v -0.4506 3.2330 -0.7099
v -0.4676 3.2455 -0.6933
v -0.4445 3.1218 -0.7072
v -0.4550 3.1268 -0.6926
v -0.4195 3.0039 -0.7032
v -0.4214 3.0050 -0.6951
v -0.4077 3.7538 -0.8564
v -0.3709 3.7547 -0.8830
v -0.3483 3.7136 -0.8732
v -0.3752 3.7086 -0.8432
v -0.3430 3.6420 -0.8670
v -0.3722 3.6327 -0.8359
v -0.3619 3.5425 -0.8614
v -0.3918 3.5417 -0.8299
v -0.4098 3.3695 -0.8389
v -0.4315 3.3970 -0.8087
v -0.4148 3.2454 -0.7929
v -0.4421 3.2743 -0.7692
v -0.4299 3.0922 -0.7492
v -0.4457 3.1026 -0.7285
v -0.4216 2.8675 -0.7275
v -0.4332 2.8691 -0.7109
v -0.3970 2.6683 -0.7057
v -0.3995 2.6679 -0.6965
v -0.4490 3.7598 -0.8768
v -0.4136 3.7609 -0.9025
v -0.3995 3.7129 -0.9002
v -0.4263 3.7090 -0.8708
v -0.4128 3.6326 -0.9168
v -0.4398 3.6341 -0.8849
v -0.4513 3.5339 -0.9241
v -0.4652 3.5461 -0.8850
v -0.4825 3.3161 -0.8942
v -0.4796 3.3472 -0.8556
v -0.4792 3.2132 -0.8491
v -0.4799 3.2410 -0.8111
v -0.4831 3.1180 -0.7958
v -0.4920 3.1233 -0.7702
v -0.4896 2.9869 -0.7513
v -0.4960 2.9874 -0.7360
v -0.4800 2.8465 -0.7043
v -0.4837 2.8498 -0.6947
v -0.3985 3.7526 -0.8344
v -0.3620 3.7539 -0.8616
v -0.3344 3.7155 -0.8359
v -0.3625 3.7091 -0.8035
v -0.3202 3.6435 -0.7952
v -0.3528 3.6317 -0.7638
v -0.3320 3.5371 -0.7564
v -0.3621 3.5364 -0.7265
v -0.3375 3.3948 -0.7218
v -0.3679 3.4137 -0.6932
v -0.3161 3.2639 -0.7099
v -0.3525 3.2888 -0.6815
v -0.3413 3.1361 -0.7263
v -0.3596 3.1438 -0.7045
v -0.3657 2.9956 -0.7223
v -0.3755 2.9977 -0.7077
v -0.3739 2.8198 -0.6922
v -0.3762 2.8195 -0.6833
v -0.3839 3.7461 -0.9162
v -0.3551 3.7500 -0.9103
v -0.3476 3.7219 -0.8921
v -0.3745 3.7160 -0.8971
v -0.3310 3.6736 -0.8785
v -0.3595 3.6647 -0.8845
v -0.3195 3.6173 -0.8727
v -0.3508 3.6115 -0.8800
v -0.3417 3.5177 -0.8805
v -0.3731 3.5223 -0.8878
v -0.3760 3.3868 -0.8799
v -0.4038 3.3957 -0.8889
v -0.3886 3.2455 -0.8624
v -0.4114 3.2406 -0.8697
v -0.3804 3.1611 -0.8260
v -0.3973 3.1584 -0.8297
v -0.3710 3.0721 -0.8013
v -0.3777 3.0710 -0.8001
v -0.3503 3.7583 -0.9092
v -0.3245 3.7634 -0.8905
v -0.3158 3.7317 -0.8855
v -0.3423 3.7249 -0.8953
v -0.2989 3.6746 -0.9130
v -0.3275 3.6675 -0.9169
v -0.3015 3.6143 -0.9398
v -0.3309 3.6110 -0.9320
v -0.3431 3.5019 -0.9401
v -0.3682 3.5104 -0.9274
v -0.3848 3.3684 -0.9125
v -0.4089 3.3781 -0.9057
v -0.4255 3.2311 -0.8854
v -0.4453 3.2290 -0.8840
v -0.4434 3.1571 -0.8502
v -0.4556 3.1557 -0.8497
v -0.4628 3.0882 -0.8211
v -0.4699 3.0894 -0.8202
v -0.3995 3.7367 -0.9141
v -0.3731 3.7400 -0.9022
v -0.3673 3.7112 -0.8799
v -0.3947 3.7048 -0.8851
v -0.3542 3.6603 -0.8577
v -0.3840 3.6515 -0.8643
v -0.3482 3.5981 -0.8411
v -0.3807 3.5941 -0.8493
v -0.3743 3.4951 -0.8393
v -0.4039 3.5037 -0.8469
v -0.3992 3.3871 -0.8376
v -0.4276 3.3937 -0.8469
v -0.3969 3.2758 -0.8164
v -0.4210 3.2707 -0.8250
v -0.3784 3.1993 -0.7857
v -0.3965 3.1965 -0.7909
v -0.3630 3.1181 -0.7699
v -0.3701 3.1172 -0.7691
v -0.3714 3.7453 -0.9055
v -0.3403 3.7521 -0.8918
v -0.3270 3.7228 -0.8675
v -0.3584 3.7130 -0.8735
v -0.3000 3.6707 -0.8442
v -0.3329 3.6588 -0.8517
v -0.2798 3.6005 -0.8263
v -0.3154 3.5945 -0.8367
v -0.2997 3.4785 -0.8241
v -0.3363 3.4776 -0.8358
v -0.3248 3.3440 -0.8127
v -0.3634 3.3446 -0.8291
v -0.3398 3.1916 -0.7810
v -0.3656 3.1904 -0.7891
v -0.3730 3.0479 -0.7627
v -0.3897 3.0450 -0.7644
v -0.3473 2.9071 -0.7185
v -0.3545 2.9053 -0.7166
v -0.3589 3.7414 -0.9078
v -0.3306 3.7484 -0.8909
v -0.3132 3.7172 -0.8772
v -0.3428 3.7077 -0.8850
v -0.2713 3.6645 -0.8824
v -0.3022 3.6559 -0.8865
v -0.2537 3.5932 -0.8983
v -0.2875 3.5917 -0.8916
v -0.2988 3.4525 -0.8906
v -0.3296 3.4561 -0.8786
v -0.3363 3.3257 -0.8610
v -0.3680 3.3279 -0.8553
v -0.3659 3.2087 -0.8328
v -0.3908 3.2026 -0.8331
v -0.4123 3.1076 -0.8232
v -0.3979 3.1107 -0.8232
v -0.4105 3.0190 -0.7919
v -0.4191 3.0196 -0.7908
v -0.3893 3.7388 -0.8721
v -0.3580 3.7461 -0.8582
v -0.3468 3.7154 -0.8299
v -0.3789 3.7049 -0.8358
v -0.3252 3.6581 -0.8008
v -0.3591 3.6448 -0.8080
v -0.3150 3.5780 -0.7788
v -0.3504 3.5707 -0.7877
v -0.3188 3.4606 -0.7656
v -0.3555 3.4636 -0.7765
v -0.3063 3.3595 -0.7395
v -0.3490 3.3638 -0.7564
v -0.3081 3.2447 -0.7136
v -0.3351 3.2437 -0.7222
v -0.3510 3.1356 -0.7157
v -0.3677 3.1335 -0.7190
v -0.3706 3.0209 -0.7077
v -0.3776 3.0195 -0.7057
v -0.4458 3.7512 -0.8512
v -0.4240 3.7532 -0.8596
v -0.4212 3.7271 -0.8480
v -0.4483 3.7260 -0.8348
v -0.4398 3.6795 -0.8466
v -0.4749 3.6821 -0.8333
v -0.4781 3.6308 -0.8497
v -0.5079 3.6378 -0.8352
v -0.4890 3.5434 -0.8403
v -0.5159 3.5588 -0.8258
v -0.4914 3.4142 -0.8254
v -0.5124 3.4401 -0.8112
v -0.5020 3.2766 -0.8056
v -0.5166 3.2883 -0.7950
v -0.4908 3.1799 -0.7747
v -0.5027 3.1833 -0.7664
v -0.4691 3.0830 -0.7554
v -0.4725 3.0839 -0.7497
v -0.4441 3.7480 -0.8745
v -0.4182 3.7479 -0.8844
v -0.4143 3.7155 -0.8801
v -0.4357 3.7137 -0.8659
v -0.4382 3.6624 -0.8975
v -0.4614 3.6649 -0.8808
v -0.4841 3.6155 -0.9114
v -0.5019 3.6240 -0.8879
v -0.5161 3.5287 -0.8831
v -0.5261 3.5458 -0.8578
v -0.5217 3.4075 -0.8480
v -0.5298 3.4298 -0.8243
v -0.5434 3.2836 -0.8167
v -0.5529 3.2914 -0.8020
v -0.5361 3.1741 -0.7966
v -0.5422 3.1756 -0.7882
v -0.5254 3.0931 -0.7647
v -0.5293 3.0960 -0.7591
v -0.4421 3.7406 -0.8380
v -0.4125 3.7408 -0.8465
v -0.4049 3.7103 -0.8222
v -0.4304 3.7082 -0.8066
v -0.4132 3.6557 -0.7939
v -0.4427 3.6552 -0.7776
v -0.4363 3.5956 -0.7687
v -0.4631 3.6010 -0.7524
v -0.4685 3.5163 -0.7495
v -0.4915 3.5285 -0.7347
v -0.4800 3.4292 -0.7480
v -0.5028 3.4467 -0.7328
v -0.4777 3.3166 -0.7533
v -0.4944 3.3252 -0.7437
v -0.4623 3.2206 -0.7409
v -0.4758 3.2239 -0.7341
v -0.4445 3.1297 -0.7375
v -0.4482 3.1309 -0.7322
v -0.4173 3.7496 -0.8498
v -0.3827 3.7520 -0.8608
v -0.3659 3.7193 -0.8484
v -0.3945 3.7133 -0.8326
v -0.3593 3.6605 -0.8409
v -0.3901 3.6520 -0.8268
v -0.3712 3.5874 -0.8367
v -0.4038 3.5866 -0.8223
v -0.4098 3.4721 -0.8274
v -0.4354 3.4874 -0.8109
v -0.4330 3.3363 -0.8080
v -0.4591 3.3617 -0.7949
v -0.4373 3.1999 -0.7603
v -0.4579 3.2069 -0.7518
v -0.4477 3.0594 -0.7210
v -0.4602 3.0616 -0.7106
v -0.4178 2.9151 -0.6906
v -0.4219 2.9149 -0.6842
v -0.4437 3.7529 -0.8758
v -0.4105 3.7553 -0.8864
v -0.3984 3.7176 -0.8808
v -0.4260 3.7132 -0.8652
v -0.3993 3.6518 -0.8934
v -0.4284 3.6504 -0.8761
v -0.4252 3.5811 -0.9053
v -0.4474 3.5891 -0.8786
v -0.4547 3.4392 -0.8787
v -0.4630 3.4649 -0.8493
v -0.4697 3.3190 -0.8427
v -0.4784 3.3475 -0.8142
v -0.4816 3.2234 -0.7923
v -0.4957 3.2308 -0.7759
v -0.4981 3.1323 -0.7571
v -0.5063 3.1336 -0.7467
v -0.4956 3.0429 -0.7152
v -0.5006 3.0460 -0.7085
v -0.4226 3.7387 -0.8334
v -0.3885 3.7411 -0.8448
v -0.3721 3.7087 -0.8215
v -0.4019 3.7021 -0.8041
v -0.3671 3.6476 -0.7940
v -0.4004 3.6384 -0.7771
v -0.3796 3.5670 -0.7675
v -0.4109 3.5665 -0.7507
v -0.3939 3.4586 -0.7473
v -0.4219 3.4697 -0.7294
v -0.3800 3.3480 -0.7355
v -0.4167 3.3672 -0.7219
v -0.3774 3.2239 -0.7298
v -0.4008 3.2305 -0.7209
v -0.4077 3.1095 -0.7372
v -0.4197 3.1112 -0.7294
v -0.4154 2.9915 -0.7151
v -0.4191 2.9917 -0.7086
v -0.3835 3.7028 -0.9217
v -0.3113 3.7105 -0.9138
v -0.3089 3.6999 -0.9177
v -0.3832 3.6923 -0.9126
v -0.3522 3.7130 -0.8051
v -0.3497 3.7059 -0.7949
v -0.3053 3.7021 -0.8459
v -0.3064 3.7102 -0.8457
v -0.2775 3.7157 -0.8803
v -0.2747 3.7054 -0.8817
v -0.4440 3.7151 -0.9046
v -0.4431 3.7002 -0.8989
v -0.4477 3.7148 -0.7879
v -0.4501 3.6994 -0.7916
v -0.4669 3.7921 -0.8650
v -0.4532 3.7823 -0.8198
v -0.4574 3.8023 -0.8143
v -0.4617 3.8137 -0.8671
v -0.4494 3.7888 -0.9367
v -0.4354 3.8032 -0.9469
v -0.3783 3.8065 -0.9309
v -0.3279 3.8128 -0.8919
v -0.3183 3.7885 -0.9075
v -0.3792 3.7879 -0.9367
v -0.3169 3.7661 -0.9081
v -0.3805 3.7629 -0.9327
v -0.3842 3.7512 -0.9191
v -0.3231 3.7526 -0.8986
v -0.3190 3.7373 -0.9002
v -0.3851 3.7374 -0.9218
v -0.3137 3.7211 -0.9099
v -0.3828 3.7125 -0.9262
v -0.3558 3.7921 -0.8180
v -0.3549 3.7745 -0.8150
v -0.3063 3.7710 -0.8406
v -0.3129 3.7886 -0.8380
v -0.3561 3.7572 -0.8176
v -0.3213 3.7505 -0.8520
v -0.3593 3.7467 -0.8245
v -0.3594 3.7374 -0.8221
v -0.3186 3.7312 -0.8518
v -0.3232 3.7418 -0.8548
v -0.3535 3.7215 -0.8087
v -0.3074 3.7184 -0.8456
v -0.3167 3.8062 -0.8607
v -0.3053 3.7891 -0.8613
v -0.3057 3.7665 -0.8625
v -0.3104 3.7544 -0.8716
v -0.3000 3.7428 -0.8792
v -0.2803 3.7259 -0.8789
v -0.4401 3.7702 -0.9222
v -0.4391 3.7626 -0.9162
v -0.4447 3.7499 -0.9174
v -0.4449 3.7299 -0.9102
v -0.4398 3.7609 -0.8322
v -0.4392 3.7481 -0.8288
v -0.4472 3.7390 -0.8135
v -0.4433 3.7235 -0.7922
v -0.4772 3.7160 -0.8451
v -0.4690 3.7308 -0.8507
v -0.4491 3.7492 -0.8440
v -0.4507 3.7609 -0.8540
v -0.4675 3.7715 -0.8602
v -0.4855 3.7012 -0.8396
vt 0.8770 0.2026
vt 0.8765 0.2058
vt 0.8372 0.1908
vt 0.8376 0.1875
vt 0.7910 0.1728
vt 0.7918 0.1697
vt 0.7473 0.1545
vt 0.7482 0.1515
vt 0.7078 0.1370
vt 0.7082 0.1343
vt 0.6614 0.1264
vt 0.6620 0.1235
vt 0.6219 0.1194
vt 0.6225 0.1155
vt 0.5755 0.1086
vt 0.5759 0.1039
vt 0.5225 0.0875
vt 0.5224 0.0837
vt 0.4692 0.0680
vt 0.4682 0.0648
vt 0.4300 0.0587
vt 0.4293 0.0559
vt 0.4011 0.0543
vt 0.4009 0.0514
vt 0.1934 0.1024
vt 0.2427 0.0861
vt 0.2435 0.0890
vt 0.1939 0.1058
vt 0.3101 0.0222
vt 0.2743 0.0323
vt 0.2735 0.0304
vt 0.3096 0.0204
vt 0.1080 0.0808
vt 0.0828 0.1080
vt 0.0818 0.1052
vt 0.1070 0.0774
vt 0.9206 0.1715
vt 0.8818 0.1556
vt 0.8819 0.1531
vt 0.9211 0.1689
vt 0.4597 0.0203
vt 0.4221 0.0137
vt 0.4220 0.0119
vt 0.4596 0.0186
vt 0.9874 0.2236
vt 0.9794 0.2243
vt 0.9791 0.2234
vt 0.9872 0.2227
vt 0.3958 0.0111
vt 0.3693 0.0121
vt 0.3691 0.0107
vt 0.3956 0.0096
vt 0.2226 0.0345
vt 0.1769 0.0385
vt 0.1757 0.0347
vt 0.2211 0.0317
vt 0.8430 0.1398
vt 0.7991 0.1231
vt 0.7993 0.1204
vt 0.8436 0.1371
vt 0.7207 0.0883
vt 0.6735 0.0662
vt 0.6741 0.0627
vt 0.7218 0.0859
vt 0.9520 0.1969
vt 0.9523 0.1950
vt 0.0596 0.1311
vt 0.0402 0.1543
vt 0.0392 0.1514
vt 0.0584 0.1281
vt 0.5865 0.0361
vt 0.5265 0.0307
vt 0.5271 0.0287
vt 0.5871 0.0330
vt 0.1400 0.0533
vt 0.1389 0.0492
vt 0.7575 0.1063
vt 0.7578 0.1038
vt 0.6315 0.0449
vt 0.6319 0.0410
vt 0.0242 0.1815
vt 0.0099 0.2274
vt 0.0096 0.2266
vt 0.0235 0.1790
vt 0.3379 0.0170
vt 0.3378 0.0154
vt 0.3128 0.0338
vt 0.2791 0.0447
vt 0.2784 0.0422
vt 0.3123 0.0313
vt 0.1146 0.1009
vt 0.0893 0.1247
vt 0.0882 0.1221
vt 0.1135 0.0978
vt 0.9174 0.1864
vt 0.8811 0.1703
vt 0.8812 0.1684
vt 0.9177 0.1845
vt 0.4605 0.0308
vt 0.4229 0.0249
vt 0.4226 0.0226
vt 0.4604 0.0285
vt 0.3974 0.0206
vt 0.3707 0.0211
vt 0.3705 0.0190
vt 0.3970 0.0185
vt 0.2313 0.0514
vt 0.1844 0.0608
vt 0.1832 0.0572
vt 0.2301 0.0484
vt 0.8404 0.1553
vt 0.7981 0.1388
vt 0.7982 0.1370
vt 0.8404 0.1535
vt 0.3389 0.0272
vt 0.3386 0.0250
vt 0.7144 0.1031
vt 0.6697 0.0868
vt 0.6703 0.0835
vt 0.7151 0.1006
vt 0.9810 0.2295
vt 0.9503 0.2083
vt 0.9507 0.2064
vt 0.9808 0.2286
vt 0.0665 0.1488
vt 0.0459 0.1718
vt 0.0449 0.1690
vt 0.0652 0.1460
vt 0.5823 0.0550
vt 0.5228 0.0437
vt 0.5230 0.0411
vt 0.5830 0.0518
vt 0.1462 0.0772
vt 0.1452 0.0735
vt 0.7559 0.1206
vt 0.7562 0.1187
vt 0.6287 0.0687
vt 0.6292 0.0648
vt 0.0283 0.1960
vt 0.0121 0.2324
vt 0.0116 0.2315
vt 0.0276 0.1938
vt 0.1972 0.1203
vt 0.2447 0.1038
vt 0.2451 0.1087
vt 0.1983 0.1252
vt 0.2005 0.1348
vt 0.2459 0.1186
vt 0.2463 0.1236
vt 0.2016 0.1397
vt 0.1589 0.1357
vt 0.1601 0.1403
vt 0.1626 0.1497
vt 0.1638 0.1544
vt 0.7052 0.1482
vt 0.7465 0.1655
vt 0.7462 0.1692
vt 0.7044 0.1520
vt 0.7027 0.1594
vt 0.7456 0.1765
vt 0.7453 0.1801
vt 0.7018 0.1632
vt 0.2832 0.0945
vt 0.2832 0.0984
vt 0.2833 0.1062
vt 0.2833 0.1101
vt 0.9150 0.2302
vt 0.9523 0.2462
vt 0.9527 0.2499
vt 0.9155 0.2335
vt 0.9165 0.2400
vt 0.9535 0.2573
vt 0.9539 0.2609
vt 0.9170 0.2433
vt 0.5722 0.1206
vt 0.6182 0.1314
vt 0.6169 0.1354
vt 0.5711 0.1246
vt 0.5690 0.1326
vt 0.6144 0.1434
vt 0.6132 0.1474
vt 0.5679 0.1366
vt 0.4309 0.0720
vt 0.4710 0.0820
vt 0.4716 0.0866
vt 0.4312 0.0764
vt 0.4318 0.0853
vt 0.4727 0.0959
vt 0.4733 0.1005
vt 0.4321 0.0897
vt 0.0378 0.2449
vt 0.0589 0.2240
vt 0.0601 0.2285
vt 0.0384 0.2489
vt 0.0396 0.2568
vt 0.0626 0.2374
vt 0.0639 0.2419
vt 0.0403 0.2608
vt 0.1048 0.1755
vt 0.1262 0.1558
vt 0.1273 0.1605
vt 0.1058 0.1800
vt 0.1078 0.1892
vt 0.1294 0.1699
vt 0.1305 0.1746
vt 0.1088 0.1937
vt 0.7894 0.1840
vt 0.8373 0.2029
vt 0.8373 0.2069
vt 0.7889 0.1878
vt 0.7878 0.1953
vt 0.8374 0.2150
vt 0.8374 0.2191
vt 0.7872 0.1990
vt 0.6577 0.1380
vt 0.6564 0.1419
vt 0.6540 0.1496
vt 0.6528 0.1535
vt 0.3138 0.0859
vt 0.3393 0.0787
vt 0.3387 0.0826
vt 0.3134 0.0897
vt 0.3126 0.0973
vt 0.3373 0.0904
vt 0.3367 0.0943
vt 0.3121 0.1012
vt 0.5210 0.1008
vt 0.5205 0.1052
vt 0.5195 0.1141
vt 0.5190 0.1185
vt 0.9827 0.2611
vt 0.9824 0.2641
vt 0.9817 0.2701
vt 0.9814 0.2731
vt 0.0807 0.2008
vt 0.0818 0.2057
vt 0.0841 0.2153
vt 0.0852 0.2202
vt 0.4010 0.0674
vt 0.4010 0.0718
vt 0.4010 0.0806
vt 0.4010 0.0850
vt 0.3851 0.0686
vt 0.3849 0.0729
vt 0.3680 0.0821
vt 0.3676 0.0862
vt 0.3692 0.0698
vt 0.3688 0.0739
vt 0.8775 0.2159
vt 0.8779 0.2193
vt 0.8786 0.2260
vt 0.8790 0.2294
vt 0.0183 0.2625
vt 0.0191 0.2654
vt 0.0208 0.2712
vt 0.0217 0.2741
vt 0.9877 0.2700
vt 0.9875 0.2731
vt 0.9137 0.2174
vt 0.9134 0.2204
vt 0.8797 0.1866
vt 0.8803 0.1834
vt 0.9156 0.1990
vt 0.9153 0.2021
vt 0.9508 0.2330
vt 0.9512 0.2352
vt 0.9489 0.2197
vt 0.9492 0.2219
vt 0.8397 0.1711
vt 0.8401 0.1678
vt 0.7959 0.1541
vt 0.7967 0.1510
vt 0.7525 0.1363
vt 0.7533 0.1333
vt 0.7102 0.1208
vt 0.7106 0.1181
vt 0.6653 0.1092
vt 0.6660 0.1063
vt 0.6252 0.0961
vt 0.6257 0.0922
vt 0.5781 0.0803
vt 0.5786 0.0755
vt 0.5217 0.0645
vt 0.5216 0.0606
vt 0.4631 0.0488
vt 0.4620 0.0456
vt 0.4258 0.0420
vt 0.4251 0.0392
vt 0.3996 0.0367
vt 0.3994 0.0338
vt 0.9836 0.2498
vt 0.9838 0.2520
vt 0.9824 0.2364
vt 0.9826 0.2386
vt 0.0158 0.2538
vt 0.0156 0.2517
vt 0.0354 0.2298
vt 0.0359 0.2330
vt 0.0146 0.2412
vt 0.0144 0.2391
vt 0.0323 0.2103
vt 0.0328 0.2135
vt 0.0547 0.2075
vt 0.0552 0.2106
vt 0.0514 0.1890
vt 0.0519 0.1921
vt 0.0768 0.1834
vt 0.0774 0.1863
vt 0.0731 0.1657
vt 0.0737 0.1687
vt 0.1009 0.1588
vt 0.1017 0.1617
vt 0.0959 0.1410
vt 0.0967 0.1439
vt 0.1227 0.1385
vt 0.1230 0.1417
vt 0.1205 0.1198
vt 0.1208 0.1229
vt 0.1548 0.1184
vt 0.1552 0.1216
vt 0.1519 0.0994
vt 0.1524 0.1025
vt 0.1906 0.0821
vt 0.1911 0.0855
vt 0.2830 0.0796
vt 0.2831 0.0827
vt 0.2389 0.0718
vt 0.2381 0.0689
vt 0.2827 0.0605
vt 0.2828 0.0637
vt 0.3150 0.0744
vt 0.3150 0.0709
vt 0.3413 0.0635
vt 0.3414 0.0671
vt 0.3149 0.0535
vt 0.3149 0.0500
vt 0.3406 0.0421
vt 0.3407 0.0456
vt 0.3559 0.0623
vt 0.3559 0.0588
vt 0.3706 0.0542
vt 0.3705 0.0575
vt 0.3715 0.0345
vt 0.3713 0.0378
vt 0.3858 0.0559
vt 0.3857 0.0528
vt 0.3855 0.0373
vt 0.3854 0.0341
vt 0.9902 0.2363
vt 0.9900 0.2384
vt 0.3141 0.0415
vt 0.2813 0.0523
vt 0.2806 0.0497
vt 0.3136 0.0389
vt 0.1179 0.1104
vt 0.0928 0.1327
vt 0.0916 0.1300
vt 0.1168 0.1072
vt 0.9165 0.1921
vt 0.8809 0.1763
vt 0.8810 0.1743
vt 0.9168 0.1902
vt 0.4608 0.0378
vt 0.4238 0.0318
vt 0.4235 0.0295
vt 0.4607 0.0355
vt 0.3984 0.0268
vt 0.3713 0.0271
vt 0.3711 0.0251
vt 0.3981 0.0247
vt 0.2349 0.0602
vt 0.1878 0.0715
vt 0.1867 0.0679
vt 0.2337 0.0572
vt 0.3399 0.0340
vt 0.3396 0.0317
vt 0.7123 0.1105
vt 0.6678 0.0968
vt 0.6684 0.0935
vt 0.7130 0.1080
vt 0.9817 0.2323
vt 0.9493 0.2138
vt 0.9496 0.2119
vt 0.9815 0.2314
vt 0.0701 0.1572
vt 0.0488 0.1803
vt 0.0479 0.1775
vt 0.0689 0.1544
vt 0.5803 0.0645
vt 0.5220 0.0515
vt 0.5222 0.0489
vt 0.5810 0.0613
vt 0.1493 0.0886
vt 0.1483 0.0848
vt 0.7977 0.1443
vt 0.7549 0.1264
vt 0.7552 0.1245
vt 0.7978 0.1424
vt 0.6273 0.0805
vt 0.6278 0.0765
vt 0.0304 0.2026
vt 0.0133 0.2351
vt 0.0129 0.2342
vt 0.0297 0.2004
vt 0.8405 0.1609
vt 0.8405 0.1590
vt 0.3114 0.0276
vt 0.2768 0.0382
vt 0.2760 0.0363
vt 0.3110 0.0258
vt 0.1113 0.0910
vt 0.0860 0.1164
vt 0.0850 0.1136
vt 0.1102 0.0876
vt 0.9188 0.1793
vt 0.8814 0.1633
vt 0.8816 0.1607
vt 0.9194 0.1767
vt 0.4602 0.0252
vt 0.4224 0.0190
vt 0.4223 0.0172
vt 0.4600 0.0236
vt 0.3965 0.0155
vt 0.3701 0.0163
vt 0.3698 0.0149
vt 0.3963 0.0140
vt 0.2271 0.0428
vt 0.1807 0.0497
vt 0.1795 0.0459
vt 0.2256 0.0401
vt 0.8415 0.1480
vt 0.7986 0.1314
vt 0.7988 0.1287
vt 0.8420 0.1453
vt 0.3383 0.0218
vt 0.3382 0.0202
vt 0.7173 0.0957
vt 0.6716 0.0766
vt 0.6722 0.0731
vt 0.7184 0.0933
vt 0.9802 0.2269
vt 0.9512 0.2026
vt 0.9515 0.2007
vt 0.9800 0.2260
vt 0.0630 0.1400
vt 0.0430 0.1631
vt 0.0421 0.1602
vt 0.0618 0.1371
vt 0.5844 0.0456
vt 0.5244 0.0369
vt 0.5251 0.0349
vt 0.5851 0.0424
vt 0.1431 0.0654
vt 0.1420 0.0613
vt 0.7568 0.1137
vt 0.7570 0.1113
vt 0.6301 0.0568
vt 0.6306 0.0529
vt 0.0262 0.1888
vt 0.0109 0.2299
vt 0.0106 0.2290
vt 0.0255 0.1864
vt 0.8765 0.2058
vt 0.8808 0.1802
vt 0.9159 0.1960
vt 0.9134 0.2204
vt 0.9486 0.2175
vt 0.9512 0.2352
vt 0.8372 0.1908
vt 0.8405 0.1646
vt 0.7910 0.1728
vt 0.7975 0.1479
vt 0.7473 0.1545
vt 0.7542 0.1302
vt 0.7078 0.1370
vt 0.7110 0.1154
vt 0.6614 0.1264
vt 0.6666 0.1034
vt 0.6219 0.1194
vt 0.6263 0.0883
vt 0.5755 0.1086
vt 0.5790 0.0708
vt 0.5225 0.0875
vt 0.5215 0.0568
vt 0.4692 0.0680
vt 0.4610 0.0424
vt 0.4300 0.0587
vt 0.4243 0.0364
vt 0.4011 0.0543
vt 0.3991 0.0309
vt 0.9822 0.2341
vt 0.9838 0.2520
vt 0.0158 0.2538
vt 0.0142 0.2369
vt 0.0318 0.2070
vt 0.0359 0.2330
vt 0.0508 0.1859
vt 0.0552 0.2106
vt 0.0725 0.1628
vt 0.0774 0.1863
vt 0.0951 0.1380
vt 0.1017 0.1617
vt 0.1201 0.1167
vt 0.1230 0.1417
vt 0.1514 0.0962
vt 0.1552 0.1216
vt 0.1901 0.0787
vt 0.1939 0.1058
vt 0.1939 0.1058
vt 0.2435 0.0890
vt 0.2467 0.1285
vt 0.2027 0.1445
vt 0.2435 0.0890
vt 0.2374 0.0660
vt 0.2827 0.0573
vt 0.2831 0.0827
vt 0.3150 0.0744
vt 0.3149 0.0466
vt 0.3405 0.0385
vt 0.3414 0.0671
vt 0.3716 0.0312
vt 0.3705 0.0575
vt 0.1650 0.1591
vt 0.7450 0.1838
vt 0.7010 0.1669
vt 0.2833 0.1141
vt 0.9543 0.2646
vt 0.9175 0.2466
vt 0.6119 0.1514
vt 0.5668 0.1406
vt 0.4739 0.1052
vt 0.4324 0.0942
vt 0.0651 0.2463
vt 0.0409 0.2648
vt 0.1315 0.1793
vt 0.1098 0.1983
vt 0.8375 0.2231
vt 0.7867 0.2028
vt 0.2114 0.1717
vt 0.2508 0.1553
vt 0.2533 0.1634
vt 0.2142 0.1796
vt 0.6515 0.1573
vt 0.3360 0.0982
vt 0.3117 0.1050
vt 0.5185 0.1230
vt 0.9810 0.2761
vt 0.0863 0.2250
vt 0.4009 0.0894
vt 0.3672 0.0903
vt 0.8793 0.2327
vt 0.0225 0.2769
vt 0.3326 0.1291
vt 0.3645 0.1216
vt 0.3639 0.1324
vt 0.3323 0.1400
vt 0.7869 0.2240
vt 0.8385 0.2428
vt 0.8392 0.2513
vt 0.7867 0.2333
vt 0.0249 0.2940
vt 0.0427 0.2813
vt 0.0411 0.2896
vt 0.0259 0.2994
vt 0.2870 0.1434
vt 0.2883 0.1526
vt 0.9202 0.2728
vt 0.9599 0.2887
vt 0.9597 0.2953
vt 0.9210 0.2809
vt 0.4008 0.1175
vt 0.4318 0.1199
vt 0.4311 0.1293
vt 0.3996 0.1275
vt 0.1794 0.3418
vt 0.2262 0.3491
vt 0.2159 0.3794
vt 0.1808 0.3766
vt 0.4718 0.1287
vt 0.5169 0.1460
vt 0.5154 0.1534
vt 0.4708 0.1369
vt 0.1402 0.2070
vt 0.1757 0.1884
vt 0.1785 0.1964
vt 0.1428 0.2156
vt 0.5600 0.1597
vt 0.6045 0.1708
vt 0.6017 0.1782
vt 0.5579 0.1665
vt 0.0902 0.2444
vt 0.1155 0.2206
vt 0.1175 0.2290
vt 0.0919 0.2521
vt 0.6464 0.1793
vt 0.6963 0.1924
vt 0.6936 0.2013
vt 0.6441 0.1873
vt 0.7432 0.2039
vt 0.7410 0.2140
vt 0.0690 0.2614
vt 0.0699 0.2674
vt 0.3137 0.1349
vt 0.3140 0.1456
vt 0.8804 0.2580
vt 0.8811 0.2662
vt 0.9785 0.2939
vt 0.9783 0.2993
vt 0.3272 0.4199
vt 0.3486 0.4564
vt 0.3138 0.4721
vt 0.2951 0.4415
vt 0.1626 0.7448
vt 0.1105 0.7298
vt 0.1157 0.7048
vt 0.1574 0.7120
vt 0.0306 0.5079
vt 0.0373 0.4692
vt 0.0534 0.4806
vt 0.0474 0.5100
vt 0.2867 0.3798
vt 0.3026 0.3928
vt 0.2752 0.4176
vt 0.2624 0.4056
vt 0.0651 0.6941
vt 0.0382 0.6527
vt 0.0592 0.6442
vt 0.0824 0.6791
vt 0.0279 0.5669
vt 0.0285 0.5467
vt 0.0471 0.5479
vt 0.0472 0.5682
vt 0.0264 0.6074
vt 0.0471 0.6051
vt 0.3620 0.4930
vt 0.3683 0.5382
vt 0.3306 0.5426
vt 0.3247 0.5058
vt 0.1342 0.3516
vt 0.1445 0.3857
vt 0.3617 0.5879
vt 0.3397 0.6315
vt 0.3101 0.6134
vt 0.3276 0.5797
vt 0.0658 0.4023
vt 0.0927 0.3756
vt 0.1103 0.4038
vt 0.0829 0.4264
vt 0.3097 0.6730
vt 0.2698 0.7078
vt 0.2467 0.6763
vt 0.2820 0.6460
vt 0.0485 0.4381
vt 0.0654 0.4544
vt 0.2178 0.7348
vt 0.2039 0.6990
vt 0.0275 0.5335
vt 0.0466 0.5333
vt 0.2624 0.3643
vt 0.2437 0.3921
vt 0.2749 0.4913
vt 0.2832 0.5188
vt 0.2919 0.5465
vt 0.2989 0.5709
vt 0.2623 0.4644
vt 0.2473 0.4430
vt 0.2371 0.4313
vt 0.2098 0.4028
vt 0.2241 0.4172
vt 0.0774 0.5971
vt 0.1100 0.5835
vt 0.1201 0.6127
vt 0.0839 0.6313
vt 0.1418 0.5654
vt 0.1511 0.5961
vt 0.1784 0.5446
vt 0.1880 0.5728
vt 0.2118 0.5253
vt 0.2213 0.5512
vt 0.2419 0.5085
vt 0.2511 0.5334
vt 0.1264 0.6446
vt 0.0978 0.6616
vt 0.1669 0.6277
vt 0.2016 0.6043
vt 0.2339 0.5801
vt 0.2622 0.5602
vt 0.1481 0.6795
vt 0.1196 0.6855
vt 0.1861 0.6628
vt 0.2221 0.6391
vt 0.2537 0.6129
vt 0.2797 0.5884
vt 0.0722 0.5630
vt 0.1024 0.5522
vt 0.1358 0.5362
vt 0.1697 0.5181
vt 0.2018 0.5008
vt 0.2316 0.4836
vt 0.0712 0.5386
vt 0.0990 0.5280
vt 0.1303 0.5127
vt 0.1619 0.4957
vt 0.1925 0.4792
vt 0.2202 0.4626
vt 0.0704 0.5247
vt 0.0966 0.5138
vt 0.1257 0.4986
vt 0.1558 0.4818
vt 0.1856 0.4653
vt 0.2124 0.4498
vt 0.0671 0.4874
vt 0.0805 0.4730
vt 0.0911 0.4949
vt 0.0691 0.5061
vt 0.1017 0.4539
vt 0.1166 0.4791
vt 0.1290 0.4353
vt 0.1452 0.4622
vt 0.1594 0.4199
vt 0.1744 0.4466
vt 0.1878 0.4096
vt 0.2008 0.4331
vt 0.0466 0.5333
vt 0.1797 0.3185
vt 0.2349 0.3235
vt 0.3560 0.4046
vt 0.3807 0.4432
vt 0.1683 0.7732
vt 0.1070 0.7487
vt 0.0132 0.5042
vt 0.0239 0.4583
vt 0.3084 0.3586
vt 0.3274 0.3739
vt 0.0515 0.7054
vt 0.0202 0.6588
vt 0.0137 0.5564
vt 0.0113 0.5329
vt 0.0096 0.6074
vt 0.3959 0.4798
vt 0.4038 0.5313
vt 0.1285 0.3289
vt 0.3917 0.5934
vt 0.3707 0.6498
vt 0.0524 0.3804
vt 0.0813 0.3549
vt 0.3357 0.6988
vt 0.2944 0.7373
vt 0.0346 0.4232
vt 0.2332 0.7664
vt 0.0096 0.5272
vt 0.2793 0.3406
vt 0.9904 0.2341
vt 0.9886 0.2515
vt 0.9873 0.2762
vt 0.9835 0.2935
vt 0.9833 0.2994
vt 0.3123 0.0313
vt 0.2784 0.0422
vt 0.2735 0.0304
vt 0.3096 0.0204
vt 0.1135 0.0978
vt 0.0882 0.1221
vt 0.0818 0.1052
vt 0.1070 0.0774
vt 0.9177 0.1845
vt 0.8812 0.1684
vt 0.8819 0.1531
vt 0.9211 0.1689
vt 0.4604 0.0285
vt 0.4226 0.0226
vt 0.4220 0.0119
vt 0.4596 0.0186
vt 0.9886 0.2280
vt 0.9808 0.2286
vt 0.9791 0.2234
vt 0.9872 0.2227
vt 0.3970 0.0185
vt 0.3705 0.0190
vt 0.3691 0.0107
vt 0.3956 0.0096
vt 0.2301 0.0484
vt 0.1832 0.0572
vt 0.1757 0.0347
vt 0.2211 0.0317
vt 0.8404 0.1535
vt 0.7982 0.1370
vt 0.7993 0.1204
vt 0.8436 0.1371
vt 0.3386 0.0250
vt 0.3378 0.0154
vt 0.7151 0.1006
vt 0.6703 0.0835
vt 0.6741 0.0627
vt 0.7218 0.0859
vt 0.9507 0.2064
vt 0.9523 0.1950
vt 0.0652 0.1460
vt 0.0449 0.1690
vt 0.0392 0.1514
vt 0.0584 0.1281
vt 0.5830 0.0518
vt 0.5230 0.0411
vt 0.5271 0.0287
vt 0.5871 0.0330
vt 0.1452 0.0735
vt 0.1389 0.0492
vt 0.7562 0.1187
vt 0.7578 0.1038
vt 0.6292 0.0648
vt 0.6319 0.0410
vt 0.0276 0.1938
vt 0.0116 0.2315
vt 0.0096 0.2266
vt 0.0235 0.1790
vt 0.5263 0.6861
vt 0.5259 0.6845
vt 0.5068 0.6790
vt 0.5058 0.6803
vt 0.4827 0.6715
vt 0.4828 0.6742
vt 0.7024 0.6974
vt 0.7025 0.6937
vt 0.6959 0.6932
vt 0.6955 0.6960
vt 0.6820 0.6952
vt 0.6812 0.6975
vt 0.6618 0.6943
vt 0.6595 0.6974
vt 0.6368 0.6949
vt 0.6328 0.6978
vt 0.6091 0.6916
vt 0.6067 0.6951
vt 0.5855 0.6892
vt 0.5846 0.6927
vt 0.5668 0.6901
vt 0.5664 0.6928
vt 0.5519 0.6902
vt 0.5519 0.6924
vt 0.5414 0.6897
vt 0.5414 0.6913
vt 0.4648 0.6689
vt 0.4649 0.6713
vt 0.4507 0.6683
vt 0.4504 0.6703
vt 0.4396 0.6689
vt 0.4384 0.6704
vt 0.4254 0.6674
vt 0.4244 0.6685
vt 0.4153 0.6668
vt 0.4146 0.6677
vt 0.4097 0.6666
vt 0.4094 0.6674
vt 0.4834 0.8554
vt 0.4830 0.8537
vt 0.4701 0.8569
vt 0.4707 0.8583
vt 0.4564 0.8576
vt 0.4574 0.8588
vt 0.6692 0.8523
vt 0.6707 0.8487
vt 0.6589 0.8476
vt 0.6575 0.8510
vt 0.6450 0.8457
vt 0.6439 0.8494
vt 0.4386 0.8577
vt 0.4395 0.8588
vt 0.4269 0.8597
vt 0.4275 0.8607
vt 0.6311 0.8516
vt 0.6305 0.8544
vt 0.6146 0.8538
vt 0.6147 0.8564
vt 0.5953 0.8480
vt 0.5961 0.8514
vt 0.5721 0.8367
vt 0.5734 0.8402
vt 0.4176 0.8651
vt 0.4173 0.8642
vt 0.4121 0.8682
vt 0.4123 0.8688
vt 0.5550 0.8320
vt 0.5560 0.8346
vt 0.5421 0.8307
vt 0.5427 0.8330
vt 0.5281 0.8346
vt 0.5279 0.8375
vt 0.5115 0.8421
vt 0.5113 0.8448
vt 0.4979 0.8487
vt 0.4981 0.8508
vt 0.6867 0.8459
vt 0.6872 0.8408
vt 0.8139 0.7195
vt 0.8134 0.7171
vt 0.7954 0.7144
vt 0.7950 0.7160
vt 0.7705 0.7049
vt 0.7717 0.7086
vt 0.9797 0.7165
vt 0.9810 0.7144
vt 0.9684 0.7128
vt 0.9675 0.7149
vt 0.9554 0.7116
vt 0.9547 0.7139
vt 0.9429 0.7111
vt 0.9406 0.7149
vt 0.9207 0.7181
vt 0.9174 0.7215
vt 0.8970 0.7192
vt 0.8948 0.7230
vt 0.8747 0.7187
vt 0.8739 0.7226
vt 0.8563 0.7207
vt 0.8561 0.7236
vt 0.8419 0.7204
vt 0.8415 0.7235
vt 0.8301 0.7209
vt 0.8300 0.7236
vt 0.7491 0.7017
vt 0.7507 0.7056
vt 0.7333 0.6964
vt 0.7345 0.7008
vt 0.7227 0.6937
vt 0.7233 0.6984
vt 0.7142 0.6931
vt 0.7144 0.6975
vt 0.7077 0.6933
vt 0.7079 0.6974
vt 0.7814 0.8553
vt 0.7818 0.8538
vt 0.7688 0.8551
vt 0.7687 0.8566
vt 0.7540 0.8539
vt 0.7543 0.8557
vt 0.9593 0.8786
vt 0.9601 0.8762
vt 0.9506 0.8742
vt 0.9501 0.8768
vt 0.9400 0.8744
vt 0.9398 0.8769
vt 0.7305 0.8504
vt 0.7311 0.8526
vt 0.7050 0.8481
vt 0.7055 0.8518
vt 0.9233 0.8758
vt 0.9234 0.8780
vt 0.9070 0.8763
vt 0.9074 0.8784
vt 0.8889 0.8704
vt 0.8897 0.8731
vt 0.8679 0.8576
vt 0.8690 0.8607
vt 0.8511 0.8503
vt 0.8517 0.8527
vt 0.8391 0.8465
vt 0.8391 0.8487
vt 0.8239 0.8456
vt 0.8235 0.8485
vt 0.8067 0.8484
vt 0.8065 0.8509
vt 0.7954 0.8498
vt 0.7949 0.8521
vt 0.4994 0.8723
vt 0.4993 0.8701
vt 0.4848 0.8722
vt 0.4847 0.8743
vt 0.4992 0.8656
vt 0.4992 0.8634
vt 0.4852 0.8659
vt 0.4851 0.8680
vt 0.6491 0.8852
vt 0.6493 0.8818
vt 0.6394 0.8806
vt 0.6396 0.8839
vt 0.6498 0.8749
vt 0.6501 0.8715
vt 0.6388 0.8708
vt 0.6390 0.8741
vt 0.6288 0.8816
vt 0.6285 0.8789
vt 0.6160 0.8794
vt 0.6162 0.8819
vt 0.6279 0.8735
vt 0.6276 0.8708
vt 0.6153 0.8719
vt 0.6155 0.8744
vt 0.6026 0.8825
vt 0.6022 0.8797
vt 0.5881 0.8745
vt 0.5901 0.8787
vt 0.6012 0.8741
vt 0.6007 0.8713
vt 0.5820 0.8617
vt 0.5840 0.8659
vt 0.5693 0.8708
vt 0.5676 0.8661
vt 0.5508 0.8608
vt 0.5522 0.8648
vt 0.5644 0.8566
vt 0.5628 0.8519
vt 0.5468 0.8488
vt 0.5481 0.8528
vt 0.5331 0.8691
vt 0.5318 0.8658
vt 0.5128 0.8682
vt 0.5134 0.8708
vt 0.5293 0.8591
vt 0.5281 0.8557
vt 0.5108 0.8605
vt 0.5115 0.8631
vt 0.4722 0.8749
vt 0.4725 0.8729
vt 0.4579 0.8729
vt 0.4569 0.8749
vt 0.4730 0.8691
vt 0.4733 0.8671
vt 0.4609 0.8670
vt 0.4599 0.8690
vt 0.4380 0.8753
vt 0.4392 0.8731
vt 0.4266 0.8744
vt 0.4256 0.8764
vt 0.4416 0.8687
vt 0.4427 0.8664
vt 0.4296 0.8682
vt 0.4286 0.8703
vt 0.4166 0.8769
vt 0.4171 0.8754
vt 0.4123 0.8750
vt 0.4122 0.8758
vt 0.4181 0.8723
vt 0.4186 0.8708
vt 0.4128 0.8726
vt 0.4126 0.8734
vt 0.6594 0.8864
vt 0.6598 0.8833
vt 0.6606 0.8769
vt 0.6610 0.8737
vt 0.7903 0.8786
vt 0.7907 0.8757
vt 0.7750 0.8748
vt 0.7738 0.8780
vt 0.7913 0.8697
vt 0.7917 0.8668
vt 0.7785 0.8655
vt 0.7774 0.8686
vt 0.9517 0.9048
vt 0.9509 0.9018
vt 0.9413 0.9016
vt 0.9420 0.9047
vt 0.9493 0.8958
vt 0.9485 0.8928
vt 0.9391 0.8924
vt 0.9398 0.8955
vt 0.9284 0.9058
vt 0.9275 0.9024
vt 0.9126 0.9018
vt 0.9134 0.9051
vt 0.9258 0.8955
vt 0.9249 0.8921
vt 0.9102 0.8919
vt 0.9110 0.8952
vt 0.8986 0.9019
vt 0.8977 0.8988
vt 0.8831 0.8938
vt 0.8853 0.8981
vt 0.8959 0.8925
vt 0.8950 0.8894
vt 0.8766 0.8808
vt 0.8788 0.8852
vt 0.8643 0.8872
vt 0.8624 0.8827
vt 0.8439 0.8755
vt 0.8450 0.8794
vt 0.8587 0.8737
vt 0.8568 0.8692
vt 0.8404 0.8636
vt 0.8415 0.8675
vt 0.8254 0.8809
vt 0.8245 0.8773
vt 0.8057 0.8770
vt 0.8058 0.8804
vt 0.8229 0.8702
vt 0.8221 0.8666
vt 0.8055 0.8669
vt 0.8055 0.8703
vt 0.7601 0.8785
vt 0.7617 0.8756
vt 0.7467 0.8755
vt 0.7444 0.8781
vt 0.7649 0.8700
vt 0.7665 0.8671
vt 0.7536 0.8675
vt 0.7513 0.8701
vt 0.7163 0.8818
vt 0.7198 0.8783
vt 0.6918 0.8852
vt 0.6878 0.8889
vt 0.7268 0.8711
vt 0.7303 0.8675
vt 0.7038 0.8740
vt 0.6998 0.8777
vt 0.6730 0.8894
vt 0.6752 0.8857
vt 0.6797 0.8784
vt 0.6820 0.8748
vt 0.9601 0.9048
vt 0.9591 0.9020
vt 0.9569 0.8964
vt 0.9559 0.8936
vt 0.4846 0.8604
vt 0.4842 0.8587
vt 0.4718 0.8610
vt 0.4724 0.8624
vt 0.4592 0.8613
vt 0.4601 0.8625
vt 0.6645 0.8632
vt 0.6660 0.8596
vt 0.6546 0.8579
vt 0.6532 0.8613
vt 0.6418 0.8566
vt 0.6407 0.8603
vt 0.4412 0.8610
vt 0.4421 0.8621
vt 0.4287 0.8629
vt 0.4293 0.8640
vt 0.6292 0.8598
vt 0.6286 0.8626
vt 0.6148 0.8616
vt 0.6149 0.8642
vt 0.5978 0.8582
vt 0.5986 0.8617
vt 0.5761 0.8471
vt 0.5774 0.8505
vt 0.4182 0.8668
vt 0.4185 0.8676
vt 0.4125 0.8700
vt 0.4127 0.8706
vt 0.5581 0.8396
vt 0.5591 0.8421
vt 0.5438 0.8378
vt 0.5443 0.8401
vt 0.5275 0.8435
vt 0.5273 0.8464
vt 0.5109 0.8500
vt 0.5106 0.8527
vt 0.4985 0.8549
vt 0.4987 0.8570
vt 0.6852 0.8610
vt 0.6857 0.8560
vt 0.7804 0.8595
vt 0.7808 0.8581
vt 0.7685 0.8597
vt 0.7684 0.8612
vt 0.7549 0.8594
vt 0.7552 0.8612
vt 0.9566 0.8860
vt 0.9575 0.8835
vt 0.9492 0.8820
vt 0.9487 0.8846
vt 0.9392 0.8819
vt 0.9389 0.8844
vt 0.7322 0.8572
vt 0.7327 0.8594
vt 0.7064 0.8592
vt 0.7069 0.8629
vt 0.9237 0.8823
vt 0.9238 0.8844
vt 0.9082 0.8824
vt 0.9086 0.8845
vt 0.8915 0.8784
vt 0.8923 0.8810
vt 0.8712 0.8670
vt 0.8723 0.8702
vt 0.8530 0.8575
vt 0.8536 0.8599
vt 0.8391 0.8530
vt 0.8392 0.8552
vt 0.8226 0.8543
vt 0.8221 0.8572
vt 0.8060 0.8560
vt 0.8058 0.8585
vt 0.7937 0.8568
vt 0.7931 0.8592
vt 0.5275 0.6908
vt 0.5271 0.6892
vt 0.5039 0.6828
vt 0.5030 0.6841
vt 0.4831 0.6795
vt 0.4833 0.6822
vt 0.7020 0.7084
vt 0.7021 0.7048
vt 0.6947 0.7015
vt 0.6943 0.7042
vt 0.6798 0.7022
vt 0.6790 0.7045
vt 0.6549 0.7036
vt 0.6527 0.7067
vt 0.6250 0.7036
vt 0.6210 0.7066
vt 0.6018 0.7021
vt 0.5994 0.7056
vt 0.5827 0.6997
vt 0.5817 0.7032
vt 0.5657 0.6982
vt 0.5654 0.7009
vt 0.5519 0.6966
vt 0.5519 0.6987
vt 0.5414 0.6943
vt 0.5414 0.6959
vt 0.4650 0.6762
vt 0.4651 0.6786
vt 0.4497 0.6743
vt 0.4494 0.6763
vt 0.4360 0.6734
vt 0.4348 0.6749
vt 0.4225 0.6708
vt 0.4215 0.6719
vt 0.4134 0.6696
vt 0.4128 0.6705
vt 0.4089 0.6689
vt 0.4087 0.6696
vt 0.8155 0.7266
vt 0.8149 0.7243
vt 0.7943 0.7193
vt 0.7939 0.7210
vt 0.7742 0.7161
vt 0.7754 0.7198
vt 0.9760 0.7230
vt 0.9772 0.7208
vt 0.9659 0.7192
vt 0.9650 0.7214
vt 0.9533 0.7183
vt 0.9526 0.7205
vt 0.9361 0.7225
vt 0.9338 0.7263
vt 0.9107 0.7285
vt 0.9074 0.7320
vt 0.8903 0.7306
vt 0.8881 0.7344
vt 0.8724 0.7302
vt 0.8717 0.7340
vt 0.8556 0.7296
vt 0.8553 0.7325
vt 0.8407 0.7298
vt 0.8403 0.7330
vt 0.8297 0.7290
vt 0.8296 0.7317
vt 0.7540 0.7133
vt 0.7557 0.7172
vt 0.7369 0.7096
vt 0.7382 0.7139
vt 0.7244 0.7077
vt 0.7249 0.7124
vt 0.7148 0.7062
vt 0.7150 0.7105
vt 0.7083 0.7058
vt 0.7085 0.7100
vt 0.4334 0.6606
vt 0.4331 0.6595
vt 0.4189 0.6610
vt 0.4188 0.6618
vt 0.4324 0.6574
vt 0.4321 0.6563
vt 0.4191 0.6587
vt 0.4190 0.6595
vt 0.4116 0.6623
vt 0.4115 0.6629
vt 0.4120 0.6605
vt 0.4119 0.6611
vt 0.7026 0.6759
vt 0.7024 0.6738
vt 0.6952 0.6738
vt 0.6953 0.6761
vt 0.7018 0.6695
vt 0.7016 0.6674
vt 0.6948 0.6669
vt 0.6949 0.6692
vt 0.6837 0.6741
vt 0.6836 0.6763
vt 0.6841 0.6673
vt 0.6840 0.6696
vt 0.6645 0.6733
vt 0.6642 0.6752
vt 0.6655 0.6675
vt 0.6652 0.6694
vt 0.6518 0.6740
vt 0.6519 0.6759
vt 0.6515 0.6682
vt 0.6516 0.6702
vt 0.5188 0.6672
vt 0.5185 0.6644
vt 0.4966 0.6589
vt 0.4971 0.6607
vt 0.5178 0.6590
vt 0.5174 0.6562
vt 0.4950 0.6533
vt 0.4956 0.6552
vt 0.4784 0.6538
vt 0.4786 0.6550
vt 0.4781 0.6501
vt 0.4782 0.6513
vt 0.6277 0.6692
vt 0.6282 0.6728
vt 0.6264 0.6584
vt 0.6268 0.6620
vt 0.6025 0.6655
vt 0.6019 0.6694
vt 0.6044 0.6540
vt 0.6037 0.6579
vt 0.5803 0.6639
vt 0.5791 0.6673
vt 0.5590 0.6672
vt 0.5575 0.6705
vt 0.5829 0.6570
vt 0.5842 0.6536
vt 0.5633 0.6573
vt 0.5618 0.6606
vt 0.4670 0.6527
vt 0.4669 0.6538
vt 0.4674 0.6496
vt 0.4673 0.6507
vt 0.4602 0.6540
vt 0.4601 0.6551
vt 0.4604 0.6504
vt 0.4603 0.6516
vt 0.5409 0.6668
vt 0.5404 0.6702
vt 0.5423 0.6565
vt 0.5418 0.6599
vt 0.4498 0.6556
vt 0.4497 0.6571
vt 0.4503 0.6512
vt 0.4501 0.6527
vt 0.7163 0.6754
vt 0.7161 0.6733
vt 0.7081 0.6740
vt 0.7085 0.6761
vt 0.7156 0.6691
vt 0.7153 0.6670
vt 0.7072 0.6676
vt 0.7075 0.6697
vt 0.9840 0.6989
vt 0.9847 0.6963
vt 0.9750 0.6957
vt 0.9744 0.6982
vt 0.9861 0.6910
vt 0.9868 0.6884
vt 0.9767 0.6880
vt 0.9761 0.6905
vt 0.9619 0.6953
vt 0.9606 0.6973
vt 0.9658 0.6893
vt 0.9645 0.6913
vt 0.9493 0.6955
vt 0.9482 0.6972
vt 0.9525 0.6903
vt 0.9515 0.6920
vt 0.9391 0.6959
vt 0.9391 0.6975
vt 0.9393 0.6909
vt 0.9393 0.6926
vt 0.8067 0.6961
vt 0.8063 0.6928
vt 0.7823 0.6861
vt 0.7831 0.6888
vt 0.8056 0.6862
vt 0.8053 0.6830
vt 0.7800 0.6781
vt 0.7808 0.6808
vt 0.7598 0.6767
vt 0.7601 0.6786
vt 0.7589 0.6711
vt 0.7592 0.6730
vt 0.9173 0.6928
vt 0.9176 0.6963
vt 0.9164 0.6823
vt 0.9167 0.6858
vt 0.8924 0.6910
vt 0.8918 0.6948
vt 0.8940 0.6794
vt 0.8935 0.6832
vt 0.8691 0.6909
vt 0.8679 0.6947
vt 0.8727 0.6793
vt 0.8715 0.6831
vt 0.8475 0.6933
vt 0.8463 0.6968
vt 0.8513 0.6828
vt 0.8500 0.6863
vt 0.7447 0.6735
vt 0.7443 0.6760
vt 0.7460 0.6661
vt 0.7455 0.6686
vt 0.7338 0.6713
vt 0.7335 0.6738
vt 0.7346 0.6636
vt 0.7343 0.6661
vt 0.8292 0.6934
vt 0.8288 0.6969
vt 0.8302 0.6828
vt 0.8298 0.6863
vt 0.7250 0.6705
vt 0.7249 0.6728
vt 0.7250 0.6636
vt 0.7250 0.6659
vt 0.4874 0.4647
vt 0.4888 0.4628
vt 0.4771 0.4580
vt 0.4764 0.4597
vt 0.4917 0.4590
vt 0.4931 0.4571
vt 0.4790 0.4529
vt 0.4783 0.4546
vt 0.4960 0.4533
vt 0.4974 0.4514
vt 0.4808 0.4479
vt 0.4802 0.4496
vt 0.4659 0.4535
vt 0.4659 0.4549
vt 0.4659 0.4494
vt 0.4659 0.4507
vt 0.4660 0.4453
vt 0.4659 0.4466
vt 0.6674 0.4956
vt 0.6673 0.4936
vt 0.6591 0.4922
vt 0.6596 0.4943
vt 0.6672 0.4897
vt 0.6672 0.4877
vt 0.6577 0.4861
vt 0.6582 0.4882
vt 0.6670 0.4837
vt 0.6670 0.4817
vt 0.6563 0.4800
vt 0.6568 0.4820
vt 0.6467 0.4890
vt 0.6481 0.4914
vt 0.6424 0.4817
vt 0.6439 0.4841
vt 0.6382 0.4743
vt 0.6396 0.4768
vt 0.6178 0.4877
vt 0.6184 0.4908
vt 0.6163 0.4781
vt 0.6168 0.4813
vt 0.6148 0.4686
vt 0.6153 0.4717
vt 0.5971 0.4845
vt 0.5970 0.4886
vt 0.5972 0.4724
vt 0.5972 0.4764
vt 0.5974 0.4602
vt 0.5974 0.4643
vt 0.5754 0.4718
vt 0.5748 0.4744
vt 0.5772 0.4640
vt 0.5766 0.4666
vt 0.5790 0.4561
vt 0.5784 0.4587
vt 0.5562 0.4609
vt 0.5558 0.4626
vt 0.5574 0.4558
vt 0.5570 0.4575
vt 0.5586 0.4507
vt 0.5582 0.4524
vt 0.5372 0.4586
vt 0.5364 0.4605
vt 0.5395 0.4532
vt 0.5387 0.4550
vt 0.5418 0.4477
vt 0.5410 0.4495
vt 0.5230 0.4598
vt 0.5217 0.4620
vt 0.5268 0.4530
vt 0.5255 0.4552
vt 0.5306 0.4462
vt 0.5293 0.4485
vt 0.5059 0.4615
vt 0.5043 0.4636
vt 0.5106 0.4550
vt 0.5090 0.4572
vt 0.5154 0.4486
vt 0.5138 0.4507
vt 0.4568 0.4518
vt 0.4570 0.4530
vt 0.4564 0.4482
vt 0.4565 0.4494
vt 0.4560 0.4446
vt 0.4561 0.4458
vt 0.4482 0.4505
vt 0.4484 0.4516
vt 0.4476 0.4472
vt 0.4478 0.4483
vt 0.4470 0.4439
vt 0.4472 0.4450
vt 0.4377 0.4481
vt 0.4379 0.4491
vt 0.4369 0.4451
vt 0.4372 0.4461
vt 0.4362 0.4421
vt 0.4364 0.4431
vt 0.4274 0.4456
vt 0.4276 0.4466
vt 0.4268 0.4426
vt 0.4270 0.4436
vt 0.4263 0.4397
vt 0.4265 0.4407
vt 0.4199 0.4431
vt 0.4200 0.4438
vt 0.4194 0.4411
vt 0.4195 0.4418
vt 0.4189 0.4391
vt 0.4191 0.4398
vt 0.4145 0.4415
vt 0.4146 0.4420
vt 0.4143 0.4401
vt 0.4144 0.4406
vt 0.4141 0.4387
vt 0.4142 0.4392
vt 0.7665 0.5159
vt 0.7684 0.5133
vt 0.7519 0.5101
vt 0.7509 0.5122
vt 0.7722 0.5080
vt 0.7741 0.5054
vt 0.7548 0.5036
vt 0.7538 0.5057
vt 0.7778 0.5002
vt 0.7797 0.4975
vt 0.7577 0.4971
vt 0.7568 0.4992
vt 0.7383 0.5066
vt 0.7380 0.5086
vt 0.7394 0.5003
vt 0.7390 0.5024
vt 0.7404 0.4940
vt 0.7401 0.4961
vt 0.9574 0.5319
vt 0.9572 0.5301
vt 0.9496 0.5288
vt 0.9502 0.5307
vt 0.9566 0.5264
vt 0.9563 0.5246
vt 0.9479 0.5231
vt 0.9484 0.5250
vt 0.9558 0.5209
vt 0.9555 0.5191
vt 0.9461 0.5174
vt 0.9467 0.5193
vt 0.9383 0.5270
vt 0.9392 0.5292
vt 0.9357 0.5203
vt 0.9366 0.5225
vt 0.9331 0.5136
vt 0.9340 0.5158
vt 0.9203 0.5239
vt 0.9217 0.5275
vt 0.9162 0.5133
vt 0.9176 0.5169
vt 0.9121 0.5027
vt 0.9135 0.5063
vt 0.9014 0.5190
vt 0.9025 0.5236
vt 0.8982 0.5054
vt 0.8993 0.5100
vt 0.8950 0.4918
vt 0.8961 0.4964
vt 0.8793 0.5122
vt 0.8793 0.5156
vt 0.8792 0.5021
vt 0.8792 0.5055
vt 0.8791 0.4920
vt 0.8792 0.4954
vt 0.8567 0.5072
vt 0.8564 0.5094
vt 0.8578 0.5006
vt 0.8574 0.5028
vt 0.8589 0.4941
vt 0.8585 0.4963
vt 0.8333 0.5058
vt 0.8324 0.5078
vt 0.8361 0.4996
vt 0.8352 0.5017
vt 0.8389 0.4934
vt 0.8380 0.4955
vt 0.8143 0.5052
vt 0.8126 0.5075
vt 0.8194 0.4982
vt 0.8177 0.5005
vt 0.8245 0.4912
vt 0.8228 0.4935
vt 0.7917 0.5085
vt 0.7895 0.5112
vt 0.7982 0.5004
vt 0.7960 0.5031
vt 0.8047 0.4924
vt 0.8026 0.4950
vt 0.7288 0.5040
vt 0.7288 0.5060
vt 0.7287 0.4978
vt 0.7287 0.4999
vt 0.7287 0.4917
vt 0.7287 0.4937
vt 0.7186 0.5015
vt 0.7189 0.5035
vt 0.7179 0.4955
vt 0.7181 0.4975
vt 0.7172 0.4894
vt 0.7174 0.4914
vt 0.7061 0.4975
vt 0.7066 0.4991
vt 0.7047 0.4925
vt 0.7052 0.4942
vt 0.7033 0.4876
vt 0.7038 0.4893
vt 0.6924 0.4960
vt 0.6931 0.4977
vt 0.6904 0.4909
vt 0.6911 0.4926
vt 0.6884 0.4858
vt 0.6891 0.4875
vt 0.6807 0.4938
vt 0.6814 0.4955
vt 0.6788 0.4884
vt 0.6794 0.4902
vt 0.6769 0.4830
vt 0.6775 0.4848
vt 0.5133 0.8911
vt 0.5134 0.8889
vt 0.4959 0.8851
vt 0.4954 0.8866
vt 0.5136 0.8844
vt 0.5137 0.8822
vt 0.4974 0.8806
vt 0.4969 0.8821
vt 0.5139 0.8778
vt 0.5139 0.8755
vt 0.4989 0.8760
vt 0.4984 0.8775
vt 0.4810 0.8859
vt 0.4805 0.8873
vt 0.4826 0.8818
vt 0.4820 0.8832
vt 0.4841 0.8777
vt 0.4836 0.8791
vt 0.6587 0.9040
vt 0.6587 0.9022
vt 0.6507 0.9009
vt 0.6510 0.9026
vt 0.6588 0.8986
vt 0.6588 0.8968
vt 0.6499 0.8956
vt 0.6502 0.8974
vt 0.6589 0.8932
vt 0.6589 0.8914
vt 0.6491 0.8904
vt 0.6494 0.8921
vt 0.6422 0.9006
vt 0.6426 0.9026
vt 0.6412 0.8948
vt 0.6416 0.8968
vt 0.6402 0.8891
vt 0.6405 0.8910
vt 0.6315 0.8987
vt 0.6318 0.9007
vt 0.6305 0.8925
vt 0.6308 0.8946
vt 0.6295 0.8864
vt 0.6298 0.8884
vt 0.6199 0.8966
vt 0.6204 0.8984
vt 0.6184 0.8914
vt 0.6189 0.8931
vt 0.6169 0.8861
vt 0.6174 0.8879
vt 0.6054 0.8942
vt 0.6057 0.8954
vt 0.6044 0.8904
vt 0.6047 0.8916
vt 0.6034 0.8866
vt 0.6037 0.8878
vt 0.5946 0.8927
vt 0.5950 0.8941
vt 0.5936 0.8885
vt 0.5939 0.8899
vt 0.5925 0.8843
vt 0.5928 0.8857
vt 0.5773 0.8945
vt 0.5782 0.8972
vt 0.5745 0.8863
vt 0.5755 0.8891
vt 0.5718 0.8782
vt 0.5727 0.8809
vt 0.5558 0.8939
vt 0.5561 0.8974
vt 0.5548 0.8831
vt 0.5551 0.8867
vt 0.5538 0.8724
vt 0.5542 0.8760
vt 0.5344 0.8786
vt 0.5343 0.8756
vt 0.4679 0.8860
vt 0.4673 0.8873
vt 0.4696 0.8821
vt 0.4691 0.8834
vt 0.4714 0.8781
vt 0.4708 0.8795
vt 0.4506 0.8873
vt 0.4498 0.8888
vt 0.4528 0.8828
vt 0.4521 0.8843
vt 0.4551 0.8783
vt 0.4544 0.8798
vt 0.4318 0.8900
vt 0.4311 0.8918
vt 0.4340 0.8846
vt 0.4333 0.8864
vt 0.4361 0.8793
vt 0.4354 0.8811
vt 0.4253 0.8883
vt 0.4254 0.8897
vt 0.4250 0.8841
vt 0.4251 0.8855
vt 0.4247 0.8799
vt 0.4248 0.8813
vt 0.4173 0.8825
vt 0.4175 0.8831
vt 0.4168 0.8807
vt 0.4169 0.8813
vt 0.4162 0.8790
vt 0.4164 0.8796
vt 0.4120 0.8796
vt 0.4120 0.8801
vt 0.4120 0.8784
vt 0.4120 0.8788
vt 0.4120 0.8771
vt 0.4120 0.8775
vt 0.8018 0.9075
vt 0.8023 0.9045
vt 0.7816 0.8982
vt 0.7804 0.9006
vt 0.8033 0.8986
vt 0.8038 0.8956
vt 0.7852 0.8911
vt 0.7840 0.8935
vt 0.8048 0.8897
vt 0.8054 0.8867
vt 0.7888 0.8839
vt 0.7876 0.8863
vt 0.7630 0.8943
vt 0.7617 0.8962
vt 0.7671 0.8886
vt 0.7658 0.8905
vt 0.7713 0.8830
vt 0.7699 0.8849
vt 0.9627 0.9234
vt 0.9625 0.9214
vt 0.9556 0.9223
vt 0.9560 0.9244
vt 0.9622 0.9175
vt 0.9620 0.9155
vt 0.9543 0.9161
vt 0.9547 0.9181
vt 0.9616 0.9115
vt 0.9614 0.9096
vt 0.9530 0.9098
vt 0.9534 0.9119
vt 0.9456 0.9234
vt 0.9461 0.9257
vt 0.9444 0.9167
vt 0.9448 0.9190
vt 0.9431 0.9100
vt 0.9435 0.9122
vt 0.9322 0.9234
vt 0.9326 0.9255
vt 0.9309 0.9173
vt 0.9314 0.9194
vt 0.9297 0.9112
vt 0.9301 0.9133
vt 0.9185 0.9222
vt 0.9191 0.9242
vt 0.9167 0.9163
vt 0.9173 0.9183
vt 0.9148 0.9104
vt 0.9154 0.9124
vt 0.9054 0.9188
vt 0.9063 0.9208
vt 0.9029 0.9129
vt 0.9037 0.9149
vt 0.9004 0.9070
vt 0.9012 0.9089
vt 0.8910 0.9155
vt 0.8915 0.9173
vt 0.8895 0.9099
vt 0.8900 0.9118
vt 0.8879 0.9043
vt 0.8884 0.9062
vt 0.8746 0.9137
vt 0.8759 0.9168
vt 0.8710 0.9043
vt 0.8722 0.9074
vt 0.8674 0.8949
vt 0.8686 0.8980
vt 0.8504 0.9113
vt 0.8510 0.9153
vt 0.8486 0.8993
vt 0.8492 0.9033
vt 0.8468 0.8874
vt 0.8474 0.8914
vt 0.8260 0.9107
vt 0.8260 0.9144
vt 0.8261 0.8994
vt 0.8261 0.9032
vt 0.8262 0.8882
vt 0.8261 0.8920
vt 0.7507 0.8923
vt 0.7495 0.8939
vt 0.7540 0.8876
vt 0.7529 0.8892
vt 0.7573 0.8829
vt 0.7562 0.8845
vt 0.7303 0.8948
vt 0.7286 0.8968
vt 0.7354 0.8888
vt 0.7337 0.8908
vt 0.7405 0.8828
vt 0.7388 0.8848
vt 0.6978 0.9051
vt 0.6957 0.9079
vt 0.7043 0.8967
vt 0.7021 0.8995
vt 0.7107 0.8882
vt 0.7086 0.8910
vt 0.6803 0.9054
vt 0.6798 0.9073
vt 0.6818 0.8999
vt 0.6813 0.9018
vt 0.6833 0.8944
vt 0.6828 0.8963
vt 0.6692 0.9049
vt 0.6690 0.9065
vt 0.6699 0.8998
vt 0.6697 0.9015
vt 0.6705 0.8947
vt 0.6703 0.8964
vt 0.5071 0.4307
vt 0.5070 0.4298
vt 0.4852 0.4284
vt 0.4850 0.4296
vt 0.5066 0.4280
vt 0.5064 0.4270
vt 0.4857 0.4250
vt 0.4855 0.4262
vt 0.5063 0.4261
vt 0.5061 0.4252
vt 0.4860 0.4228
vt 0.4859 0.4239
vt 0.4654 0.4248
vt 0.4652 0.4258
vt 0.4658 0.4216
vt 0.4656 0.4226
vt 0.4661 0.4195
vt 0.4659 0.4205
vt 0.6603 0.4527
vt 0.6604 0.4502
vt 0.6472 0.4459
vt 0.6471 0.4484
vt 0.6606 0.4451
vt 0.6607 0.4426
vt 0.6475 0.4385
vt 0.6474 0.4409
vt 0.6608 0.4401
vt 0.6609 0.4376
vt 0.6477 0.4335
vt 0.6476 0.4360
vt 0.6298 0.4365
vt 0.6293 0.4385
vt 0.6313 0.4307
vt 0.6308 0.4327
vt 0.6323 0.4269
vt 0.6318 0.4288
vt 0.6135 0.4295
vt 0.6132 0.4313
vt 0.6145 0.4243
vt 0.6141 0.4261
vt 0.6151 0.4208
vt 0.6148 0.4226
vt 0.6006 0.4282
vt 0.6003 0.4297
vt 0.6014 0.4237
vt 0.6011 0.4252
vt 0.6019 0.4208
vt 0.6017 0.4223
vt 0.4528 0.4275
vt 0.4528 0.4285
vt 0.4528 0.4245
vt 0.4528 0.4255
vt 0.4528 0.4224
vt 0.4528 0.4235
vt 0.4433 0.4313
vt 0.4435 0.4322
vt 0.4429 0.4287
vt 0.4430 0.4296
vt 0.4426 0.4269
vt 0.4428 0.4278
vt 0.5841 0.4314
vt 0.5838 0.4336
vt 0.5849 0.4250
vt 0.5846 0.4271
vt 0.5854 0.4207
vt 0.5851 0.4228
vt 0.5636 0.4327
vt 0.5632 0.4348
vt 0.5648 0.4266
vt 0.5644 0.4286
vt 0.5656 0.4225
vt 0.5652 0.4245
vt 0.5479 0.4335
vt 0.5476 0.4349
vt 0.5491 0.4294
vt 0.5487 0.4307
vt 0.5498 0.4266
vt 0.5494 0.4280
vt 0.5377 0.4343
vt 0.5377 0.4350
vt 0.5380 0.4322
vt 0.5379 0.4329
vt 0.5382 0.4307
vt 0.5381 0.4315
vt 0.4329 0.4305
vt 0.4332 0.4314
vt 0.4322 0.4280
vt 0.4324 0.4288
vt 0.4316 0.4262
vt 0.4319 0.4271
vt 0.4235 0.4292
vt 0.4237 0.4299
vt 0.4229 0.4273
vt 0.4231 0.4279
vt 0.4225 0.4260
vt 0.4227 0.4266
vt 0.5271 0.4319
vt 0.5272 0.4325
vt 0.5267 0.4300
vt 0.5268 0.4306
vt 0.5265 0.4287
vt 0.5266 0.4294
vt 0.4164 0.4315
vt 0.4166 0.4319
vt 0.4158 0.4300
vt 0.4160 0.4305
vt 0.4154 0.4290
vt 0.4156 0.4295
vt 0.7945 0.4710
vt 0.7948 0.4693
vt 0.7677 0.4654
vt 0.7673 0.4673
vt 0.7953 0.4659
vt 0.7955 0.4642
vt 0.7692 0.4599
vt 0.7687 0.4617
vt 0.7958 0.4625
vt 0.7961 0.4608
vt 0.7702 0.4562
vt 0.7697 0.4580
vt 0.7464 0.4583
vt 0.7457 0.4601
vt 0.7483 0.4531
vt 0.7476 0.4548
vt 0.7495 0.4496
vt 0.7489 0.4514
vt 0.9482 0.4979
vt 0.9486 0.4963
vt 0.9375 0.4901
vt 0.9374 0.4921
vt 0.9379 0.4824
vt 0.9380 0.4804
vt 0.9215 0.4717
vt 0.9213 0.4734
vt 0.9205 0.4815
vt 0.9207 0.4799
vt 0.9009 0.4706
vt 0.9008 0.4715
vt 0.9210 0.4766
vt 0.9212 0.4750
vt 0.9014 0.4677
vt 0.9012 0.4687
vt 0.9016 0.4659
vt 0.9015 0.4668
vt 0.8900 0.4677
vt 0.8899 0.4685
vt 0.8903 0.4651
vt 0.8902 0.4660
vt 0.8904 0.4635
vt 0.8904 0.4643
vt 0.7290 0.4617
vt 0.7285 0.4634
vt 0.7305 0.4568
vt 0.7300 0.4585
vt 0.7316 0.4536
vt 0.7310 0.4552
vt 0.7143 0.4672
vt 0.7141 0.4688
vt 0.7149 0.4627
vt 0.7147 0.4642
vt 0.7152 0.4597
vt 0.7150 0.4612
vt 0.8796 0.4685
vt 0.8793 0.4693
vt 0.8804 0.4663
vt 0.8802 0.4671
vt 0.8810 0.4649
vt 0.8807 0.4656
vt 0.8665 0.4722
vt 0.8660 0.4731
vt 0.8490 0.4746
vt 0.8484 0.4758
vt 0.8675 0.4702
vt 0.8680 0.4693
vt 0.8511 0.4710
vt 0.8504 0.4722
vt 0.8686 0.4683
vt 0.8691 0.4673
vt 0.8524 0.4685
vt 0.8518 0.4698
vt 0.8353 0.4740
vt 0.8348 0.4752
vt 0.8367 0.4704
vt 0.8363 0.4716
vt 0.8377 0.4681
vt 0.8372 0.4693
vt 0.6982 0.4651
vt 0.6983 0.4670
vt 0.6981 0.4593
vt 0.6981 0.4612
vt 0.6980 0.4554
vt 0.6980 0.4573
vt 0.6825 0.4588
vt 0.6826 0.4609
vt 0.6822 0.4526
vt 0.6823 0.4547
vt 0.6821 0.4484
vt 0.6822 0.4505
vt 0.8212 0.4710
vt 0.8210 0.4723
vt 0.8218 0.4672
vt 0.8216 0.4685
vt 0.8222 0.4647
vt 0.8220 0.4660
vt 0.6710 0.4529
vt 0.6713 0.4553
vt 0.6699 0.4458
vt 0.6703 0.4482
vt 0.6693 0.4410
vt 0.6696 0.4434
vt 0.6212 0.5041
vt 0.6212 0.5077
vt 0.6414 0.5114
vt 0.6422 0.5079
vt 0.6212 0.5112
vt 0.6212 0.5148
vt 0.6399 0.5183
vt 0.6407 0.5148
vt 0.6212 0.5219
vt 0.6212 0.5254
vt 0.6377 0.5287
vt 0.6384 0.5253
vt 0.4578 0.4597
vt 0.4565 0.4611
vt 0.4610 0.4660
vt 0.4622 0.4646
vt 0.4552 0.4626
vt 0.4538 0.4640
vt 0.4586 0.4688
vt 0.4598 0.4674
vt 0.4512 0.4668
vt 0.4498 0.4683
vt 0.4549 0.4730
vt 0.4561 0.4716
vt 0.4349 0.4546
vt 0.4341 0.4553
vt 0.4474 0.4583
vt 0.4482 0.4571
vt 0.4334 0.4560
vt 0.4326 0.4566
vt 0.4459 0.4606
vt 0.4466 0.4594
vt 0.4311 0.4580
vt 0.4304 0.4587
vt 0.4436 0.4641
vt 0.4443 0.4630
vt 0.4706 0.4719
vt 0.4704 0.4734
vt 0.4845 0.4780
vt 0.4846 0.4766
vt 0.4702 0.4750
vt 0.4700 0.4765
vt 0.4843 0.4808
vt 0.4844 0.4794
vt 0.4696 0.4796
vt 0.4694 0.4812
vt 0.4839 0.4850
vt 0.4840 0.4836
vt 0.4989 0.4771
vt 0.4984 0.4789
vt 0.5158 0.4796
vt 0.5160 0.4778
vt 0.4980 0.4807
vt 0.4976 0.4825
vt 0.5153 0.4833
vt 0.5155 0.4815
vt 0.4967 0.4862
vt 0.4962 0.4880
vt 0.5146 0.4889
vt 0.5148 0.4870
vt 0.4162 0.4472
vt 0.4155 0.4475
vt 0.4220 0.4513
vt 0.4227 0.4509
vt 0.4149 0.4479
vt 0.4143 0.4482
vt 0.4207 0.4523
vt 0.4214 0.4518
vt 0.4131 0.4489
vt 0.4125 0.4492
vt 0.4186 0.4537
vt 0.4193 0.4532
vt 0.5349 0.4796
vt 0.5349 0.4820
vt 0.5557 0.4866
vt 0.5562 0.4831
vt 0.5349 0.4844
vt 0.5348 0.4868
vt 0.5547 0.4938
vt 0.5552 0.4902
vt 0.5347 0.4916
vt 0.5347 0.4939
vt 0.5532 0.5045
vt 0.5537 0.5009
vt 0.5751 0.4963
vt 0.5751 0.4989
vt 0.5955 0.5085
vt 0.5949 0.5059
vt 0.5752 0.5014
vt 0.5752 0.5040
vt 0.5966 0.5137
vt 0.5960 0.5111
vt 0.5753 0.5092
vt 0.5753 0.5117
vt 0.5982 0.5215
vt 0.5977 0.5189
vt 0.6536 0.5159
vt 0.6529 0.5186
vt 0.6633 0.5195
vt 0.6640 0.5174
vt 0.6523 0.5213
vt 0.6517 0.5240
vt 0.6619 0.5237
vt 0.6626 0.5216
vt 0.6504 0.5294
vt 0.6498 0.5321
vt 0.6598 0.5301
vt 0.6605 0.5280
vt 0.9205 0.5438
vt 0.9201 0.5468
vt 0.9374 0.5474
vt 0.9379 0.5448
vt 0.9198 0.5499
vt 0.9194 0.5529
vt 0.9365 0.5524
vt 0.9370 0.5499
vt 0.9186 0.5589
vt 0.9182 0.5619
vt 0.9352 0.5600
vt 0.9356 0.5575
vt 0.7287 0.5178
vt 0.7287 0.5196
vt 0.7392 0.5221
vt 0.7390 0.5200
vt 0.7286 0.5214
vt 0.7286 0.5232
vt 0.7397 0.5263
vt 0.7395 0.5242
vt 0.7286 0.5268
vt 0.7286 0.5286
vt 0.7404 0.5327
vt 0.7402 0.5306
vt 0.7050 0.5097
vt 0.7044 0.5112
vt 0.7180 0.5158
vt 0.7181 0.5142
vt 0.7038 0.5127
vt 0.7032 0.5142
vt 0.7176 0.5190
vt 0.7178 0.5174
vt 0.7020 0.5172
vt 0.7013 0.5188
vt 0.7171 0.5237
vt 0.7173 0.5221
vt 0.7526 0.5224
vt 0.7529 0.5247
vt 0.7649 0.5322
vt 0.7646 0.5305
vt 0.7532 0.5270
vt 0.7534 0.5293
vt 0.7656 0.5356
vt 0.7653 0.5339
vt 0.7540 0.5339
vt 0.7543 0.5362
vt 0.7667 0.5408
vt 0.7663 0.5391
vt 0.7847 0.5405
vt 0.7848 0.5427
vt 0.8089 0.5422
vt 0.8088 0.5401
vt 0.6757 0.5129
vt 0.6748 0.5150
vt 0.6884 0.5114
vt 0.6893 0.5096
vt 0.6739 0.5171
vt 0.6730 0.5192
vt 0.6866 0.5151
vt 0.6875 0.5132
vt 0.6712 0.5235
vt 0.6704 0.5256
vt 0.6840 0.5206
vt 0.6849 0.5187
vt 0.8323 0.5318
vt 0.8328 0.5341
vt 0.8568 0.5372
vt 0.8572 0.5335
vt 0.8332 0.5364
vt 0.8337 0.5387
vt 0.8562 0.5445
vt 0.8565 0.5408
vt 0.8346 0.5433
vt 0.8351 0.5456
vt 0.8551 0.5556
vt 0.8555 0.5519
vt 0.8807 0.5357
vt 0.8799 0.5393
vt 0.9012 0.5456
vt 0.9017 0.5423
vt 0.8791 0.5429
vt 0.8783 0.5465
vt 0.9002 0.5522
vt 0.9007 0.5489
vt 0.8767 0.5536
vt 0.8759 0.5572
vt 0.8987 0.5622
vt 0.8992 0.5589
vt 0.9501 0.5464
vt 0.9497 0.5485
vt 0.9579 0.5494
vt 0.9584 0.5475
vt 0.9492 0.5506
vt 0.9487 0.5527
vt 0.9567 0.5531
vt 0.9573 0.5512
vt 0.9477 0.5569
vt 0.9472 0.5590
vt 0.9551 0.5588
vt 0.9556 0.5569
vt 0.7845 0.5317
vt 0.7844 0.5295
vt 0.7846 0.5361
vt 0.7845 0.5339
vt 0.8082 0.5298
vt 0.8083 0.5319
vt 0.4582 0.9006
vt 0.4569 0.9015
vt 0.4749 0.9000
vt 0.4753 0.8985
vt 0.4543 0.9032
vt 0.4529 0.9041
vt 0.4738 0.9044
vt 0.4742 0.9029
vt 0.4516 0.9049
vt 0.4503 0.9058
vt 0.4731 0.9073
vt 0.4735 0.9059
vt 0.6341 0.9149
vt 0.6343 0.9169
vt 0.6459 0.9208
vt 0.6458 0.9186
vt 0.6346 0.9211
vt 0.6348 0.9232
vt 0.6460 0.9275
vt 0.6460 0.9253
vt 0.6350 0.9253
vt 0.6351 0.9274
vt 0.6462 0.9320
vt 0.6461 0.9297
vt 0.4300 0.9016
vt 0.4298 0.9020
vt 0.4384 0.9022
vt 0.4389 0.9016
vt 0.4295 0.9029
vt 0.4294 0.9033
vt 0.4367 0.9041
vt 0.4373 0.9035
vt 0.4293 0.9037
vt 0.4291 0.9041
vt 0.4356 0.9053
vt 0.4361 0.9047
vt 0.4141 0.8864
vt 0.4140 0.8872
vt 0.4235 0.8972
vt 0.4237 0.8965
vt 0.4138 0.8889
vt 0.4137 0.8897
vt 0.4231 0.8992
vt 0.4232 0.8985
vt 0.4136 0.8905
vt 0.4135 0.8913
vt 0.4228 0.9006
vt 0.4229 0.8999
vt 0.4951 0.9032
vt 0.4949 0.9055
vt 0.5144 0.9121
vt 0.5148 0.9094
vt 0.4946 0.9103
vt 0.4944 0.9126
vt 0.5134 0.9203
vt 0.5138 0.9176
vt 0.4942 0.9150
vt 0.4941 0.9173
vt 0.5128 0.9258
vt 0.5131 0.9231
vt 0.6552 0.9191
vt 0.6554 0.9222
vt 0.6623 0.9232
vt 0.6620 0.9202
vt 0.6559 0.9284
vt 0.6561 0.9315
vt 0.6632 0.9323
vt 0.6629 0.9293
vt 0.6563 0.9345
vt 0.6565 0.9376
vt 0.6638 0.9384
vt 0.6635 0.9353
vt 0.5357 0.9159
vt 0.5355 0.9184
vt 0.5552 0.9200
vt 0.5553 0.9176
vt 0.5349 0.9234
vt 0.5346 0.9259
vt 0.5548 0.9273
vt 0.5549 0.9249
vt 0.5344 0.9283
vt 0.5341 0.9308
vt 0.5545 0.9321
vt 0.5546 0.9297
vt 0.5749 0.9096
vt 0.5743 0.9125
vt 0.5922 0.9063
vt 0.5929 0.9035
vt 0.5731 0.9183
vt 0.5726 0.9212
vt 0.5900 0.9146
vt 0.5907 0.9118
vt 0.5720 0.9241
vt 0.5714 0.9271
vt 0.5885 0.9201
vt 0.5892 0.9173
vt 0.6055 0.9067
vt 0.6055 0.9082
vt 0.6212 0.9127
vt 0.6212 0.9108
vt 0.6053 0.9111
vt 0.6053 0.9125
vt 0.6213 0.9183
vt 0.6213 0.9164
vt 0.6052 0.9140
vt 0.6051 0.9154
vt 0.6214 0.9221
vt 0.6214 0.9202
vt 0.4100 0.8834
vt 0.4098 0.8838
vt 0.4095 0.8847
vt 0.4093 0.8852
vt 0.4091 0.8857
vt 0.4090 0.8861
vt 0.7377 0.9118
vt 0.7361 0.9137
vt 0.7561 0.9107
vt 0.7562 0.9088
vt 0.7331 0.9177
vt 0.7316 0.9196
vt 0.7558 0.9162
vt 0.7559 0.9144
vt 0.7301 0.9216
vt 0.7285 0.9236
vt 0.7556 0.9199
vt 0.7557 0.9181
vt 0.9336 0.9374
vt 0.9335 0.9391
vt 0.9483 0.9435
vt 0.9483 0.9417
vt 0.9335 0.9425
vt 0.9334 0.9442
vt 0.9483 0.9489
vt 0.9483 0.9471
vt 0.9334 0.9459
vt 0.9334 0.9476
vt 0.9483 0.9524
vt 0.9483 0.9506
vt 0.6931 0.9231
vt 0.6930 0.9254
vt 0.7095 0.9218
vt 0.7101 0.9196
vt 0.6930 0.9299
vt 0.6929 0.9322
vt 0.7079 0.9284
vt 0.7084 0.9262
vt 0.6929 0.9345
vt 0.6929 0.9368
vt 0.7068 0.9329
vt 0.7073 0.9307
vt 0.6701 0.9212
vt 0.6704 0.9241
vt 0.6797 0.9257
vt 0.6795 0.9229
vt 0.6710 0.9300
vt 0.6714 0.9330
vt 0.6805 0.9340
vt 0.6802 0.9312
vt 0.6717 0.9359
vt 0.6720 0.9389
vt 0.6810 0.9395
vt 0.6807 0.9368
vt 0.7815 0.9183
vt 0.7819 0.9210
vt 0.8053 0.9281
vt 0.8053 0.9253
vt 0.7828 0.9262
vt 0.7832 0.9289
vt 0.8053 0.9363
vt 0.8053 0.9336
vt 0.7837 0.9315
vt 0.7841 0.9342
vt 0.8053 0.9418
vt 0.8053 0.9391
vt 0.9588 0.9421
vt 0.9587 0.9440
vt 0.9668 0.9426
vt 0.9669 0.9406
vt 0.9586 0.9478
vt 0.9585 0.9497
vt 0.9662 0.9486
vt 0.9664 0.9466
vt 0.9585 0.9516
vt 0.9584 0.9534
vt 0.9658 0.9527
vt 0.9660 0.9507
vt 0.8274 0.9401
vt 0.8271 0.9425
vt 0.8471 0.9451
vt 0.8476 0.9428
vt 0.8269 0.9449
vt 0.8266 0.9473
vt 0.8461 0.9497
vt 0.8466 0.9474
vt 0.8725 0.9298
vt 0.8715 0.9325
vt 0.8920 0.9313
vt 0.8930 0.9291
vt 0.8693 0.9379
vt 0.8682 0.9406
vt 0.8891 0.9381
vt 0.8901 0.9358
vt 0.8671 0.9433
vt 0.8660 0.9460
vt 0.8872 0.9426
vt 0.8882 0.9403
vt 0.9073 0.9312
vt 0.9068 0.9328
vt 0.9198 0.9345
vt 0.9199 0.9330
vt 0.9057 0.9361
vt 0.9052 0.9378
vt 0.9194 0.9391
vt 0.9195 0.9376
vt 0.9047 0.9394
vt 0.9041 0.9411
vt 0.9191 0.9422
vt 0.9192 0.9406
vt 0.8279 0.9353
vt 0.8282 0.9328
vt 0.8490 0.9359
vt 0.8485 0.9382
vt 0.4863 0.4205
vt 0.4865 0.4181
vt 0.4668 0.4159
vt 0.4664 0.4173
vt 0.4868 0.4133
vt 0.4869 0.4109
vt 0.4682 0.4114
vt 0.4677 0.4129
vt 0.4872 0.4061
vt 0.4873 0.4037
vt 0.4696 0.4070
vt 0.4691 0.4085
vt 0.6479 0.4286
vt 0.6483 0.4265
vt 0.6342 0.4212
vt 0.6332 0.4230
vt 0.6491 0.4223
vt 0.6494 0.4202
vt 0.6371 0.4157
vt 0.6362 0.4175
vt 0.6502 0.4160
vt 0.6506 0.4139
vt 0.6401 0.4103
vt 0.6391 0.4121
vt 0.6157 0.4174
vt 0.6171 0.4161
vt 0.6032 0.4159
vt 0.6025 0.4178
vt 0.6200 0.4134
vt 0.6214 0.4121
vt 0.6052 0.4104
vt 0.6045 0.4122
vt 0.6242 0.4095
vt 0.6257 0.4082
vt 0.6072 0.4049
vt 0.6065 0.4067
vt 0.4528 0.4204
vt 0.4531 0.4191
vt 0.4422 0.4239
vt 0.4423 0.4252
vt 0.4537 0.4166
vt 0.4540 0.4153
vt 0.4417 0.4198
vt 0.4419 0.4212
vt 0.4545 0.4127
vt 0.4548 0.4114
vt 0.4413 0.4158
vt 0.4415 0.4171
vt 0.5859 0.4164
vt 0.5863 0.4147
vt 0.5671 0.4168
vt 0.5665 0.4183
vt 0.5871 0.4113
vt 0.5875 0.4096
vt 0.5690 0.4121
vt 0.5683 0.4137
vt 0.5883 0.4062
vt 0.5886 0.4045
vt 0.5708 0.4074
vt 0.5702 0.4090
vt 0.5506 0.4238
vt 0.5510 0.4223
vt 0.5385 0.4274
vt 0.5383 0.4293
vt 0.5520 0.4194
vt 0.5525 0.4179
vt 0.5390 0.4217
vt 0.5388 0.4236
vt 0.5535 0.4149
vt 0.5539 0.4134
vt 0.5395 0.4160
vt 0.5393 0.4179
vt 0.4311 0.4245
vt 0.4308 0.4238
vt 0.4219 0.4243
vt 0.4222 0.4247
vt 0.4300 0.4224
vt 0.4297 0.4217
vt 0.4209 0.4234
vt 0.4212 0.4237
vt 0.4290 0.4202
vt 0.4286 0.4195
vt 0.4200 0.4225
vt 0.4203 0.4228
vt 0.5262 0.4275
vt 0.5258 0.4251
vt 0.5055 0.4207
vt 0.5057 0.4234
vt 0.5250 0.4205
vt 0.5246 0.4181
vt 0.5048 0.4129
vt 0.5050 0.4155
vt 0.5238 0.4135
vt 0.5234 0.4112
vt 0.5041 0.4051
vt 0.5043 0.4077
vt 0.6611 0.4326
vt 0.6613 0.4306
vt 0.6617 0.4267
vt 0.6619 0.4247
vt 0.6623 0.4207
vt 0.6625 0.4187
vt 0.4141 0.4266
vt 0.4143 0.4270
vt 0.4134 0.4255
vt 0.4136 0.4259
vt 0.7712 0.4525
vt 0.7723 0.4491
vt 0.7520 0.4436
vt 0.7508 0.4461
vt 0.7747 0.4423
vt 0.7759 0.4390
vt 0.7557 0.4360
vt 0.7544 0.4386
vt 0.7783 0.4322
vt 0.7795 0.4288
vt 0.7594 0.4285
vt 0.7581 0.4310
vt 0.9382 0.4765
vt 0.9389 0.4746
vt 0.9231 0.4666
vt 0.9219 0.4685
vt 0.9402 0.4707
vt 0.9409 0.4687
vt 0.9269 0.4611
vt 0.9256 0.4629
vt 0.9423 0.4648
vt 0.9430 0.4629
vt 0.9306 0.4555
vt 0.9294 0.4573
vt 0.9019 0.4640
vt 0.9036 0.4617
vt 0.8914 0.4594
vt 0.8906 0.4618
vt 0.9068 0.4571
vt 0.9085 0.4548
vt 0.8939 0.4522
vt 0.8931 0.4546
vt 0.9117 0.4502
vt 0.9134 0.4480
vt 0.8963 0.4450
vt 0.8955 0.4474
vt 0.7326 0.4503
vt 0.7338 0.4477
vt 0.7164 0.4536
vt 0.7156 0.4566
vt 0.7362 0.4424
vt 0.7374 0.4398
vt 0.7188 0.4445
vt 0.7180 0.4475
vt 0.7398 0.4345
vt 0.7410 0.4319
vt 0.7211 0.4354
vt 0.7204 0.4384
vt 0.8815 0.4634
vt 0.8819 0.4614
vt 0.8706 0.4639
vt 0.8701 0.4654
vt 0.8826 0.4573
vt 0.8829 0.4553
vt 0.8721 0.4593
vt 0.8716 0.4608
vt 0.8836 0.4512
vt 0.8840 0.4492
vt 0.8736 0.4547
vt 0.8731 0.4562
vt 0.8538 0.4661
vt 0.8546 0.4646
vt 0.8392 0.4639
vt 0.8386 0.4657
vt 0.8561 0.4616
vt 0.8568 0.4601
vt 0.8408 0.4586
vt 0.8403 0.4604
vt 0.8584 0.4571
vt 0.8591 0.4556
vt 0.8425 0.4533
vt 0.8420 0.4551
vt 0.6979 0.4515
vt 0.6984 0.4489
vt 0.6822 0.4419
vt 0.6819 0.4442
vt 0.6993 0.4435
vt 0.6998 0.4408
vt 0.6832 0.4350
vt 0.6828 0.4373
vt 0.7007 0.4354
vt 0.7012 0.4327
vt 0.6842 0.4281
vt 0.6838 0.4304
vt 0.8226 0.4622
vt 0.8225 0.4597
vt 0.7970 0.4542
vt 0.7966 0.4574
vt 0.8224 0.4548
vt 0.8223 0.4523
vt 0.7983 0.4446
vt 0.7979 0.4478
vt 0.8221 0.4473
vt 0.8221 0.4448
vt 0.7997 0.4350
vt 0.7992 0.4382
vt 0.6686 0.4363
vt 0.6687 0.4342
vt 0.6689 0.4301
vt 0.6690 0.4280
vt 0.6692 0.4239
vt 0.6693 0.4218
vt 0.9514 0.4851
vt 0.9517 0.4829
vt 0.9523 0.4784
vt 0.9526 0.4761
vt 0.9532 0.4717
vt 0.9535 0.4694
vt 0.4994 0.8745
vt 0.4991 0.8611
vt 0.4853 0.8638
vt 0.4846 0.8764
vt 0.4815 0.4462
vt 0.4847 0.4318
vt 0.4649 0.4279
vt 0.4660 0.4439
vt 0.5068 0.6790
vt 0.4976 0.6626
vt 0.4787 0.6563
vt 0.4827 0.6715
vt 0.6954 0.6783
vt 0.6835 0.6786
vt 0.6618 0.6943
vt 0.6638 0.6771
vt 0.6520 0.6778
vt 0.6368 0.6949
vt 0.6091 0.6916
vt 0.6286 0.6764
vt 0.6013 0.6732
vt 0.5855 0.6892
vt 0.5668 0.6901
vt 0.5778 0.6707
vt 0.5561 0.6739
vt 0.5519 0.6902
vt 0.5414 0.6897
vt 0.5399 0.6736
vt 0.5192 0.6699
vt 0.5259 0.6845
vt 0.6559 0.4780
vt 0.6470 0.4533
vt 0.6283 0.4423
vt 0.6368 0.4719
vt 0.6143 0.4654
vt 0.6126 0.4347
vt 0.5997 0.4327
vt 0.5975 0.4562
vt 0.5796 0.4535
vt 0.5833 0.4379
vt 0.5623 0.4389
vt 0.5590 0.4490
vt 0.5426 0.4458
vt 0.5468 0.4377
vt 0.5375 0.4364
vt 0.5318 0.4439
vt 0.5170 0.4464
vt 0.5274 0.4338
vt 0.5075 0.4325
vt 0.4988 0.4495
vt 0.6488 0.8886
vt 0.6504 0.8681
vt 0.6386 0.8676
vt 0.6398 0.8871
vt 0.6292 0.8843
vt 0.6273 0.8681
vt 0.6151 0.8694
vt 0.6164 0.8844
vt 0.6031 0.8853
vt 0.6003 0.8685
vt 0.5800 0.8574
vt 0.5921 0.8830
vt 0.5709 0.8755
vt 0.5612 0.8472
vt 0.5455 0.8448
vt 0.5535 0.8688
vt 0.5343 0.8725
vt 0.5268 0.8524
vt 0.5102 0.8580
vt 0.5140 0.8733
vt 0.4720 0.8768
vt 0.4735 0.8652
vt 0.4619 0.8650
vt 0.4559 0.8768
vt 0.4558 0.4434
vt 0.4527 0.4305
vt 0.4438 0.4339
vt 0.4468 0.4428
vt 0.4648 0.6689
vt 0.4668 0.6548
vt 0.4600 0.6563
vt 0.4507 0.6683
vt 0.4368 0.8775
vt 0.4439 0.8642
vt 0.4305 0.8662
vt 0.4246 0.8785
vt 0.4359 0.4411
vt 0.4337 0.4331
vt 0.4241 0.4312
vt 0.4261 0.4387
vt 0.4396 0.6689
vt 0.4496 0.6586
vt 0.4337 0.6617
vt 0.4254 0.6674
vt 0.4161 0.8784
vt 0.4191 0.8693
vt 0.4130 0.8718
vt 0.4120 0.8766
vt 0.4187 0.4385
vt 0.4170 0.4329
vt 0.4126 0.4340
vt 0.4141 0.4382
vt 0.4187 0.6625
vt 0.4114 0.6635
vt 0.4850 0.8221
vt 0.4695 0.8313
vt 0.4799 0.8433
vt 0.4953 0.8327
vt 0.4867 0.3816
vt 0.4618 0.3897
vt 0.4700 0.4055
vt 0.4875 0.4013
vt 0.5021 0.6319
vt 0.4819 0.6252
vt 0.4773 0.6365
vt 0.4942 0.6399
vt 0.6919 0.6337
vt 0.6756 0.6368
vt 0.6833 0.6524
vt 0.6952 0.6509
vt 0.6553 0.6356
vt 0.6324 0.6238
vt 0.6437 0.6456
vt 0.6636 0.6543
vt 0.6159 0.6143
vt 0.6019 0.6090
vt 0.6058 0.6275
vt 0.6216 0.6332
vt 0.5837 0.6108
vt 0.5661 0.6160
vt 0.5702 0.6332
vt 0.5878 0.6296
vt 0.5494 0.6278
vt 0.5293 0.6306
vt 0.5198 0.6461
vt 0.5454 0.6457
vt 0.6642 0.4013
vt 0.6534 0.3979
vt 0.6411 0.4084
vt 0.6510 0.4118
vt 0.6388 0.3933
vt 0.6174 0.3862
vt 0.6078 0.4031
vt 0.6271 0.4069
vt 0.5911 0.3816
vt 0.5707 0.3889
vt 0.5715 0.4058
vt 0.5890 0.4028
vt 0.5507 0.3936
vt 0.5339 0.3924
vt 0.5396 0.4141
vt 0.5544 0.4120
vt 0.5168 0.3864
vt 0.5003 0.3817
vt 0.5038 0.4024
vt 0.5229 0.4088
vt 0.6621 0.8025
vt 0.6479 0.8027
vt 0.6506 0.8229
vt 0.6623 0.8207
vt 0.6300 0.8072
vt 0.6114 0.8130
vt 0.6114 0.8342
vt 0.6300 0.8308
vt 0.5964 0.8137
vt 0.5798 0.8113
vt 0.5694 0.8243
vt 0.5904 0.8319
vt 0.5628 0.8082
vt 0.5445 0.8046
vt 0.5399 0.8220
vt 0.5533 0.8211
vt 0.5204 0.8038
vt 0.4995 0.8125
vt 0.5078 0.8256
vt 0.5237 0.8214
vt 0.4512 0.8322
vt 0.4326 0.8337
vt 0.4480 0.8491
vt 0.4649 0.8473
vt 0.4476 0.3945
vt 0.4391 0.4008
vt 0.4412 0.4144
vt 0.4551 0.4101
vt 0.4665 0.6239
vt 0.4527 0.6264
vt 0.4557 0.6376
vt 0.4646 0.6355
vt 0.4168 0.8321
vt 0.4074 0.8376
vt 0.4205 0.8458
vt 0.4325 0.8474
vt 0.4259 0.4101
vt 0.4168 0.4174
vt 0.4197 0.4222
vt 0.4282 0.4188
vt 0.4425 0.6327
vt 0.4320 0.6393
vt 0.4361 0.6430
vt 0.4482 0.6396
vt 0.4042 0.8510
vt 0.4062 0.8617
vt 0.4104 0.8637
vt 0.4133 0.8535
vt 0.4105 0.4220
vt 0.4072 0.4249
vt 0.4092 0.4275
vt 0.4132 0.4252
vt 0.4195 0.6458
vt 0.4119 0.6520
vt 0.4128 0.6550
vt 0.4204 0.6506
vt 0.4595 0.8997
vt 0.4490 0.9067
vt 0.4727 0.9088
vt 0.4757 0.8970
vt 0.6364 0.7264
vt 0.6334 0.7368
vt 0.6637 0.7443
vt 0.6720 0.7292
vt 0.6212 0.5325
vt 0.6362 0.5357
vt 0.4192 0.6579
vt 0.4121 0.6599
vt 0.6339 0.9128
vt 0.6353 0.9295
vt 0.6462 0.9342
vt 0.6457 0.9163
vt 0.4863 0.4205
vt 0.4664 0.4173
vt 0.4701 0.8569
vt 0.4564 0.8576
vt 0.6947 0.6646
vt 0.6842 0.6651
vt 0.6479 0.4286
vt 0.6332 0.4230
vt 0.4301 0.9012
vt 0.4290 0.9045
vt 0.4350 0.9060
vt 0.4395 0.9010
vt 0.6880 0.7309
vt 0.6762 0.7519
vt 0.6849 0.7565
vt 0.6948 0.7324
vt 0.6589 0.8476
vt 0.6450 0.8457
vt 0.4578 0.4597
vt 0.4472 0.4711
vt 0.4525 0.4758
vt 0.4622 0.4646
vt 0.6659 0.6656
vt 0.6514 0.6663
vt 0.6157 0.4174
vt 0.6025 0.4178
vt 0.4945 0.6515
vt 0.4780 0.6488
vt 0.6311 0.8516
vt 0.6146 0.8538
vt 0.4142 0.8856
vt 0.4134 0.8922
vt 0.4226 0.9013
vt 0.4238 0.8958
vt 0.6259 0.6549
vt 0.6050 0.6502
vt 0.5859 0.4164
vt 0.5665 0.4183
vt 0.4349 0.4546
vt 0.4288 0.4600
vt 0.4420 0.4665
vt 0.4482 0.4571
vt 0.4876 0.6992
vt 0.4866 0.7111
vt 0.5213 0.7172
vt 0.5241 0.7092
vt 0.5953 0.8480
vt 0.5721 0.8367
vt 0.4706 0.4719
vt 0.4690 0.4843
vt 0.4837 0.4878
vt 0.4846 0.4766
vt 0.4606 0.6920
vt 0.4561 0.7035
vt 0.4718 0.7080
vt 0.4774 0.6972
vt 0.4952 0.9008
vt 0.4939 0.9197
vt 0.5125 0.9286
vt 0.5151 0.9066
vt 0.5855 0.6502
vt 0.5647 0.6539
vt 0.5506 0.4238
vt 0.5383 0.4293
vt 0.5418 0.7100
vt 0.5391 0.7237
vt 0.5543 0.7298
vt 0.5563 0.7129
vt 0.5550 0.8320
vt 0.5421 0.8307
vt 0.4989 0.4771
vt 0.4954 0.4916
vt 0.5141 0.4926
vt 0.5160 0.4778
vt 0.4675 0.6486
vt 0.4605 0.6493
vt 0.4113 0.4499
vt 0.4172 0.4546
vt 0.6550 0.9160
vt 0.6568 0.9407
vt 0.6641 0.9414
vt 0.6617 0.9171
vt 0.5360 0.9134
vt 0.5338 0.9333
vt 0.5543 0.9346
vt 0.5555 0.9152
vt 0.5427 0.6531
vt 0.5171 0.6535
vt 0.5262 0.4275
vt 0.5057 0.4234
vt 0.4297 0.6844
vt 0.4287 0.6967
vt 0.4415 0.7012
vt 0.4449 0.6881
vt 0.5688 0.7162
vt 0.5679 0.7329
vt 0.5808 0.7352
vt 0.5809 0.7191
vt 0.5281 0.8346
vt 0.5115 0.8421
vt 0.5349 0.4796
vt 0.5346 0.4987
vt 0.5523 0.5116
vt 0.5562 0.4831
vt 0.4150 0.4281
vt 0.4107 0.4301
vt 0.4979 0.8487
vt 0.4830 0.8537
vt 0.5754 0.9067
vt 0.5708 0.9300
vt 0.5878 0.9229
vt 0.5936 0.9007
vt 0.4504 0.6497
vt 0.4318 0.6552
vt 0.5917 0.7241
vt 0.5909 0.7373
vt 0.6045 0.7375
vt 0.6063 0.7256
vt 0.5751 0.4963
vt 0.5754 0.5169
vt 0.5994 0.5268
vt 0.5949 0.5059
vt 0.4099 0.6746
vt 0.4089 0.6817
vt 0.4175 0.6880
vt 0.4168 0.6779
vt 0.6485 0.5375
vt 0.6584 0.5343
vt 0.6056 0.9053
vt 0.6050 0.9169
vt 0.6215 0.9240
vt 0.6211 0.9089
vt 0.5133 0.8911
vt 0.4954 0.8866
vt 0.4805 0.8873
vt 0.4874 0.4647
vt 0.4764 0.4597
vt 0.4659 0.4549
vt 0.5283 0.6939
vt 0.5011 0.6866
vt 0.4835 0.6875
vt 0.7029 0.6780
vt 0.7017 0.7158
vt 0.6936 0.7097
vt 0.6775 0.7092
vt 0.6481 0.7129
vt 0.6132 0.7124
vt 0.5945 0.7126
vt 0.5799 0.7102
vt 0.5647 0.7064
vt 0.5519 0.7030
vt 0.5414 0.6990
vt 0.6669 0.4797
vt 0.6601 0.4577
vt 0.6674 0.4956
vt 0.6596 0.4943
vt 0.6481 0.4914
vt 0.6184 0.4908
vt 0.5748 0.4744
vt 0.5558 0.4626
vt 0.5364 0.4605
vt 0.5217 0.4620
vt 0.5043 0.4636
vt 0.6590 0.8896
vt 0.6614 0.8705
vt 0.6587 0.9040
vt 0.6510 0.9026
vt 0.6426 0.9026
vt 0.6318 0.9007
vt 0.6204 0.8984
vt 0.6057 0.8954
vt 0.5950 0.8941
vt 0.5782 0.8972
vt 0.5561 0.8974
vt 0.5345 0.8972
vt 0.4673 0.8873
vt 0.4498 0.8888
vt 0.4570 0.4530
vt 0.4484 0.4516
vt 0.4653 0.6834
vt 0.4488 0.6803
vt 0.4311 0.8918
vt 0.4254 0.8897
vt 0.4379 0.4491
vt 0.4324 0.6780
vt 0.4195 0.6742
vt 0.4115 0.6724
vt 0.4082 0.6711
vt 0.4939 0.9197
vt 0.4727 0.9088
vt 0.4739 0.9258
vt 0.4887 0.9361
vt 0.5021 0.9479
vt 0.4690 0.4843
vt 0.4525 0.4758
vt 0.4490 0.4907
vt 0.4720 0.4994
vt 0.4848 0.5034
vt 0.4866 0.7111
vt 0.4718 0.7080
vt 0.4643 0.7231
vt 0.4868 0.7254
vt 0.5091 0.7279
vt 0.6762 0.7519
vt 0.6637 0.7443
vt 0.6624 0.7607
vt 0.6744 0.7699
vt 0.6807 0.7761
vt 0.7008 0.6344
vt 0.7020 0.6493
vt 0.6334 0.7368
vt 0.6045 0.7375
vt 0.6177 0.7483
vt 0.6452 0.7504
vt 0.5909 0.7373
vt 0.5808 0.7352
vt 0.5827 0.7509
vt 0.5983 0.7520
vt 0.5679 0.7329
vt 0.5543 0.7298
vt 0.5462 0.7431
vt 0.5640 0.7494
vt 0.5391 0.7237
vt 0.5279 0.7337
vt 0.6485 0.5375
vt 0.6362 0.5357
vt 0.6301 0.5584
vt 0.6415 0.5570
vt 0.6512 0.5551
vt 0.6714 0.4077
vt 0.6627 0.4168
vt 0.6212 0.5325
vt 0.5994 0.5268
vt 0.5941 0.5464
vt 0.6148 0.5559
vt 0.5754 0.5169
vt 0.5523 0.5116
vt 0.5479 0.5317
vt 0.5685 0.5373
vt 0.5346 0.4987
vt 0.5141 0.4926
vt 0.5196 0.5088
vt 0.5323 0.5185
vt 0.4954 0.4916
vt 0.5019 0.5050
vt 0.6568 0.9407
vt 0.6462 0.9342
vt 0.6455 0.9551
vt 0.6587 0.9594
vt 0.6682 0.9594
vt 0.6727 0.8049
vt 0.6712 0.8212
vt 0.6353 0.9295
vt 0.6215 0.9240
vt 0.6121 0.9396
vt 0.6289 0.9480
vt 0.6050 0.9169
vt 0.5878 0.9229
vt 0.5815 0.9436
vt 0.5976 0.9385
vt 0.5708 0.9300
vt 0.5543 0.9346
vt 0.5480 0.9545
vt 0.5658 0.9501
vt 0.5338 0.9333
vt 0.5236 0.9558
vt 0.4490 0.9067
vt 0.4350 0.9060
vt 0.4380 0.9233
vt 0.4559 0.9236
vt 0.4472 0.4711
vt 0.4420 0.4665
vt 0.4318 0.4743
vt 0.4382 0.4810
vt 0.4561 0.7035
vt 0.4415 0.7012
vt 0.4365 0.7185
vt 0.4495 0.7209
vt 0.4290 0.9045
vt 0.4226 0.9013
vt 0.4177 0.9090
vt 0.4259 0.9156
vt 0.4288 0.4600
vt 0.4172 0.4546
vt 0.4092 0.4593
vt 0.4189 0.4661
vt 0.4287 0.6967
vt 0.4175 0.6880
vt 0.4169 0.7051
vt 0.4261 0.7135
vt 0.4134 0.8922
vt 0.4088 0.8866
vt 0.4058 0.8887
vt 0.4104 0.8979
vt 0.4113 0.4499
vt 0.4084 0.4471
vt 0.4042 0.4487
vt 0.4060 0.4525
vt 0.4089 0.6817
vt 0.4056 0.6791
vt 0.4042 0.6846
vt 0.4075 0.6939
vt 0.7013 0.6653
vt 0.4102 0.8829
vt 0.4121 0.4447
vt 0.5561 0.8974
vt 0.4072 0.6743
vt 0.7900 0.8816
vt 0.7920 0.8638
vt 0.7797 0.8624
vt 0.7726 0.8811
vt 0.7587 0.4949
vt 0.7663 0.4710
vt 0.7445 0.4635
vt 0.7408 0.4919
vt 0.7839 0.6915
vt 0.7604 0.6805
vt 0.9684 0.7128
vt 0.9739 0.7008
vt 0.9593 0.6993
vt 0.9554 0.7116
vt 0.9429 0.7111
vt 0.9472 0.6989
vt 0.9390 0.6992
vt 0.9207 0.7181
vt 0.8970 0.7192
vt 0.9179 0.6998
vt 0.8913 0.6987
vt 0.8747 0.7187
vt 0.8563 0.7207
vt 0.8668 0.6986
vt 0.8450 0.7003
vt 0.8419 0.7204
vt 0.8301 0.7209
vt 0.8285 0.7005
vt 0.8070 0.6993
vt 0.8134 0.7171
vt 0.9456 0.5156
vt 0.9373 0.4960
vt 0.9201 0.4847
vt 0.9322 0.5114
vt 0.9107 0.4992
vt 0.9005 0.4734
vt 0.8897 0.4702
vt 0.8939 0.4873
vt 0.8791 0.4887
vt 0.8788 0.4708
vt 0.8649 0.4751
vt 0.8592 0.4919
vt 0.8399 0.4914
vt 0.8470 0.4782
vt 0.8339 0.4776
vt 0.8262 0.4888
vt 0.8069 0.4897
vt 0.8206 0.4748
vt 0.7940 0.4743
vt 0.7816 0.4949
vt 0.9525 0.9077
vt 0.9477 0.8898
vt 0.9384 0.8894
vt 0.9427 0.9078
vt 0.9292 0.9092
vt 0.9241 0.8887
vt 0.9094 0.8886
vt 0.9142 0.9084
vt 0.8995 0.9050
vt 0.8940 0.8863
vt 0.8745 0.8765
vt 0.8874 0.9025
vt 0.8662 0.8917
vt 0.8549 0.8647
vt 0.8392 0.8596
vt 0.8462 0.8834
vt 0.8262 0.8845
vt 0.8213 0.8630
vt 0.8054 0.8636
vt 0.8059 0.8838
vt 0.7584 0.8813
vt 0.7681 0.8643
vt 0.7558 0.8648
vt 0.7422 0.8808
vt 0.7287 0.4896
vt 0.7274 0.4667
vt 0.7138 0.4718
vt 0.7169 0.4874
vt 0.7439 0.6785
vt 0.7333 0.6764
vt 0.7129 0.8854
vt 0.7338 0.8640
vt 0.7078 0.8703
vt 0.6838 0.8926
vt 0.7028 0.4860
vt 0.6984 0.4709
vt 0.6828 0.4651
vt 0.6877 0.4841
vt 0.7249 0.6751
vt 0.7165 0.6774
vt 0.6708 0.8931
vt 0.6842 0.8711
vt 0.6815 0.4105
vt 0.6694 0.4197
vt 0.7088 0.6782
vt 0.7894 0.8163
vt 0.7675 0.8199
vt 0.7812 0.8428
vt 0.7969 0.8373
vt 0.7816 0.4026
vt 0.7612 0.4017
vt 0.7606 0.4259
vt 0.7807 0.4255
vt 0.7931 0.6513
vt 0.7737 0.6403
vt 0.7614 0.6529
vt 0.7797 0.6603
vt 0.9737 0.6569
vt 0.9593 0.6595
vt 0.9657 0.6769
vt 0.9780 0.6731
vt 0.9405 0.6568
vt 0.9188 0.6460
vt 0.9314 0.6687
vt 0.9503 0.6793
vt 0.9032 0.6377
vt 0.8898 0.6326
vt 0.8940 0.6525
vt 0.9096 0.6578
vt 0.8693 0.6322
vt 0.8498 0.6320
vt 0.8552 0.6540
vt 0.8738 0.6533
vt 0.8350 0.6427
vt 0.8175 0.6477
vt 0.8081 0.6699
vt 0.8331 0.6702
vt 0.9615 0.4519
vt 0.9489 0.4431
vt 0.9319 0.4536
vt 0.9437 0.4610
vt 0.9315 0.4348
vt 0.9081 0.4255
vt 0.8971 0.4427
vt 0.9150 0.4457
vt 0.8866 0.4247
vt 0.8722 0.4324
vt 0.8741 0.4532
vt 0.8844 0.4472
vt 0.8553 0.4328
vt 0.8355 0.4281
vt 0.8431 0.4515
vt 0.8599 0.4541
vt 0.8146 0.4185
vt 0.7959 0.4086
vt 0.8001 0.4318
vt 0.8220 0.4423
vt 0.9675 0.8429
vt 0.9554 0.8401
vt 0.9446 0.8590
vt 0.9552 0.8594
vt 0.9361 0.8408
vt 0.9191 0.8416
vt 0.9078 0.8610
vt 0.9265 0.8609
vt 0.9029 0.8401
vt 0.8847 0.8344
vt 0.8686 0.8448
vt 0.8882 0.8554
vt 0.8664 0.8276
vt 0.8493 0.8213
vt 0.8389 0.8372
vt 0.8525 0.8391
vt 0.8283 0.8149
vt 0.8072 0.8146
vt 0.8084 0.8323
vt 0.8238 0.8327
vt 0.7441 0.8167
vt 0.7201 0.8180
vt 0.7433 0.8380
vt 0.7635 0.8411
vt 0.7434 0.4017
vt 0.7264 0.4068
vt 0.7219 0.4324
vt 0.7422 0.4293
vt 0.7591 0.6341
vt 0.7455 0.6290
vt 0.7367 0.6450
vt 0.7479 0.6472
vt 0.7050 0.8124
vt 0.6938 0.8086
vt 0.7008 0.8200
vt 0.7182 0.8300
vt 0.7116 0.4135
vt 0.6955 0.4130
vt 0.6845 0.4258
vt 0.7016 0.4301
vt 0.7332 0.6277
vt 0.7209 0.6316
vt 0.7179 0.6485
vt 0.7270 0.6466
vt 0.6839 0.8077
vt 0.6864 0.8175
vt 0.6762 0.4812
vt 0.6720 0.4601
vt 0.7109 0.6342
vt 0.7102 0.6487
vt 0.7392 0.9098
vt 0.7270 0.9255
vt 0.7555 0.9218
vt 0.7563 0.9070
vt 0.9212 0.7481
vt 0.9219 0.7575
vt 0.9508 0.7574
vt 0.9502 0.7447
vt 0.9175 0.5679
vt 0.9342 0.5651
vt 0.7068 0.6655
vt 0.9336 0.9357
vt 0.9333 0.9494
vt 0.9484 0.9542
vt 0.9483 0.9399
vt 0.9773 0.6854
vt 0.9671 0.6873
vt 0.6931 0.9208
vt 0.6928 0.9391
vt 0.7062 0.9351
vt 0.7106 0.9173
vt 0.9641 0.7437
vt 0.9658 0.7595
vt 0.9748 0.7608
vt 0.9753 0.7434
vt 0.7286 0.5322
vt 0.7408 0.5370
vt 0.9536 0.6886
vt 0.9394 0.6893
vt 0.7792 0.6754
vt 0.7586 0.6692
vt 0.6697 0.9182
vt 0.6723 0.9419
vt 0.6812 0.9423
vt 0.6792 0.9202
vt 0.9161 0.6787
vt 0.8945 0.6755
vt 0.7001 0.5218
vt 0.7168 0.5269
vt 0.7823 0.7418
vt 0.7799 0.7580
vt 0.8140 0.7557
vt 0.8167 0.7472
vt 0.7548 0.5408
vt 0.7674 0.5442
vt 0.7564 0.7393
vt 0.7492 0.7565
vt 0.7648 0.7581
vt 0.7727 0.7422
vt 0.7810 0.9157
vt 0.7845 0.9368
vt 0.8053 0.9446
vt 0.8053 0.9226
vt 0.8738 0.6754
vt 0.8526 0.6792
vt 0.8538 0.4661
vt 0.8386 0.4657
vt 0.8306 0.7496
vt 0.8324 0.7608
vt 0.8437 0.7638
vt 0.8428 0.7506
vt 0.7844 0.5295
vt 0.7849 0.5472
vt 0.8091 0.5463
vt 0.8082 0.5298
vt 0.7464 0.6636
vt 0.7349 0.6610
vt 0.6686 0.5298
vt 0.6823 0.5242
vt 0.9588 0.9402
vt 0.9584 0.9553
vt 0.9656 0.9547
vt 0.9671 0.9386
vt 0.8285 0.9304
vt 0.8263 0.9497
vt 0.8456 0.9520
vt 0.8495 0.9335
vt 0.8305 0.6792
vt 0.8050 0.6797
vt 0.7258 0.7343
vt 0.7231 0.7552
vt 0.7356 0.7560
vt 0.7417 0.7377
vt 0.8587 0.7508
vt 0.8587 0.7656
vt 0.8738 0.7640
vt 0.8717 0.7529
vt 0.8239 0.8456
vt 0.8067 0.8484
vt 0.8360 0.5502
vt 0.8545 0.5629
vt 0.7954 0.8498
vt 0.7818 0.8538
vt 0.8736 0.9271
vt 0.8650 0.9487
vt 0.8862 0.9448
vt 0.8940 0.9268
vt 0.7250 0.6613
vt 0.7151 0.6649
vt 0.8822 0.7532
vt 0.8837 0.7641
vt 0.8958 0.7627
vt 0.8954 0.7517
vt 0.8743 0.5644
vt 0.8977 0.5688
vt 0.7048 0.7320
vt 0.6972 0.7563
vt 0.7097 0.7555
vt 0.7154 0.7341
vt 0.9463 0.5632
vt 0.9540 0.5626
vt 0.9079 0.9295
vt 0.9036 0.9427
vt 0.9190 0.9437
vt 0.9201 0.9315
vt 0.7665 0.5159
vt 0.7509 0.5122
vt 0.7380 0.5086
vt 0.8165 0.7314
vt 0.7931 0.7243
vt 0.7779 0.7273
vt 0.9810 0.7144
vt 0.9833 0.7016
vt 0.9735 0.7273
vt 0.9634 0.7256
vt 0.9511 0.7249
vt 0.9293 0.7339
vt 0.9007 0.7389
vt 0.8836 0.7420
vt 0.8702 0.7416
vt 0.8548 0.7385
vt 0.8395 0.7393
vt 0.8293 0.7371
vt 0.9552 0.5173
vt 0.9475 0.5011
vt 0.8126 0.5075
vt 0.7895 0.5112
vt 0.9612 0.9076
vt 0.9548 0.8909
vt 0.9063 0.9208
vt 0.8915 0.9173
vt 0.8759 0.9168
vt 0.7288 0.5060
vt 0.7189 0.5035
vt 0.7590 0.7249
vt 0.7406 0.7227
vt 0.7066 0.4991
vt 0.7260 0.7218
vt 0.7154 0.7193
vt 0.6814 0.4955
vt 0.7089 0.7184
vt 0.7845 0.9368
vt 0.7555 0.9218
vt 0.7634 0.9446
vt 0.7807 0.9572
vt 0.7945 0.9678
vt 0.7548 0.5408
vt 0.7408 0.5370
vt 0.7409 0.5556
vt 0.7611 0.5586
vt 0.7768 0.5616
vt 0.7799 0.7580
vt 0.7648 0.7581
vt 0.7542 0.7793
vt 0.7777 0.7767
vt 0.8004 0.7753
vt 0.9658 0.7595
vt 0.9508 0.7574
vt 0.9593 0.7732
vt 0.9754 0.7739
vt 0.9854 0.7727
vt 0.9827 0.6586
vt 0.9856 0.6729
vt 0.9219 0.7575
vt 0.8958 0.7627
vt 0.9119 0.7720
vt 0.9386 0.7680
vt 0.8837 0.7641
vt 0.8738 0.7640
vt 0.8780 0.7804
vt 0.8936 0.7786
vt 0.8587 0.7656
vt 0.8437 0.7638
vt 0.8371 0.7812
vt 0.8570 0.7830
vt 0.8324 0.7608
vt 0.8188 0.7774
vt 0.9463 0.5632
vt 0.9342 0.5651
vt 0.9257 0.5867
vt 0.9393 0.5825
vt 0.9514 0.5774
vt 0.9714 0.4619
vt 0.9539 0.4672
vt 0.9175 0.5679
vt 0.8977 0.5688
vt 0.8851 0.5873
vt 0.9083 0.5895
vt 0.8743 0.5644
vt 0.8545 0.5629
vt 0.8518 0.5845
vt 0.8659 0.5856
vt 0.8360 0.5502
vt 0.8091 0.5463
vt 0.8219 0.5637
vt 0.8402 0.5731
vt 0.7849 0.5472
vt 0.7983 0.5612
vt 0.9584 0.9553
vt 0.9484 0.9542
vt 0.9416 0.9724
vt 0.9540 0.9739
vt 0.9649 0.9721
vt 0.9761 0.8487
vt 0.9625 0.8611
vt 0.9333 0.9494
vt 0.9190 0.9437
vt 0.9062 0.9632
vt 0.9227 0.9674
vt 0.9036 0.9427
vt 0.8862 0.9448
vt 0.8716 0.9637
vt 0.8900 0.9616
vt 0.8650 0.9487
vt 0.8456 0.9520
vt 0.8365 0.9729
vt 0.8537 0.9691
vt 0.8263 0.9497
vt 0.8147 0.9739
vt 0.7270 0.9255
vt 0.7062 0.9351
vt 0.7193 0.9511
vt 0.7406 0.9415
vt 0.7286 0.5322
vt 0.7168 0.5269
vt 0.7067 0.5413
vt 0.7226 0.5501
vt 0.7492 0.7565
vt 0.7356 0.7560
vt 0.7245 0.7830
vt 0.7385 0.7816
vt 0.6928 0.9391
vt 0.6812 0.9423
vt 0.6906 0.9607
vt 0.7030 0.9567
vt 0.7001 0.5218
vt 0.6823 0.5242
vt 0.6739 0.5439
vt 0.6894 0.5395
vt 0.7231 0.7552
vt 0.7097 0.7555
vt 0.6988 0.7825
vt 0.7122 0.7816
vt 0.6723 0.9419
vt 0.6802 0.9607
vt 0.6686 0.5298
vt 0.6614 0.5509
vt 0.6972 0.7563
vt 0.6883 0.7825
vt 0.9875 0.6858
vt 0.5263 0.6861
vt 0.5259 0.6845
vt 0.5068 0.6790
vt 0.5058 0.6803
vt 0.4827 0.6715
vt 0.4828 0.6742
vt 0.7024 0.6974
vt 0.7025 0.6937
vt 0.6959 0.6932
vt 0.6955 0.6960
vt 0.6820 0.6952
vt 0.6812 0.6975
vt 0.6618 0.6943
vt 0.6595 0.6974
vt 0.6368 0.6949
vt 0.6328 0.6978
vt 0.6091 0.6916
vt 0.6067 0.6951
vt 0.5855 0.6892
vt 0.5846 0.6927
vt 0.5668 0.6901
vt 0.5664 0.6928
vt 0.5519 0.6902
vt 0.5519 0.6924
vt 0.5414 0.6897
vt 0.5414 0.6913
vt 0.4648 0.6689
vt 0.4649 0.6713
vt 0.4507 0.6683
vt 0.4504 0.6703
vt 0.4396 0.6689
vt 0.4384 0.6704
vt 0.4254 0.6674
vt 0.4244 0.6685
vt 0.4153 0.6668
vt 0.4146 0.6677
vt 0.4097 0.6666
vt 0.4094 0.6674
vt 0.4834 0.8554
vt 0.4830 0.8537
vt 0.4701 0.8569
vt 0.4707 0.8583
vt 0.4564 0.8576
vt 0.4574 0.8588
vt 0.6692 0.8523
vt 0.6707 0.8487
vt 0.6589 0.8476
vt 0.6575 0.8510
vt 0.6450 0.8457
vt 0.6439 0.8494
vt 0.4386 0.8577
vt 0.4395 0.8588
vt 0.4269 0.8597
vt 0.4275 0.8607
vt 0.6311 0.8516
vt 0.6305 0.8544
vt 0.6146 0.8538
vt 0.6147 0.8564
vt 0.5953 0.8480
vt 0.5961 0.8514
vt 0.5721 0.8367
vt 0.5734 0.8402
vt 0.4176 0.8651
vt 0.4173 0.8642
vt 0.4121 0.8682
vt 0.4123 0.8688
vt 0.5550 0.8320
vt 0.5560 0.8346
vt 0.5421 0.8307
vt 0.5427 0.8330
vt 0.5281 0.8346
vt 0.5279 0.8375
vt 0.5115 0.8421
vt 0.5113 0.8448
vt 0.4979 0.8487
vt 0.4981 0.8508
vt 0.6867 0.8459
vt 0.6872 0.8408
vt 0.8139 0.7195
vt 0.8134 0.7171
vt 0.7954 0.7144
vt 0.7950 0.7160
vt 0.7705 0.7049
vt 0.7717 0.7086
vt 0.9797 0.7165
vt 0.9810 0.7144
vt 0.9684 0.7128
vt 0.9675 0.7149
vt 0.9554 0.7116
vt 0.9547 0.7139
vt 0.9429 0.7111
vt 0.9406 0.7149
vt 0.9207 0.7181
vt 0.9174 0.7215
vt 0.8970 0.7192
vt 0.8948 0.7230
vt 0.8747 0.7187
vt 0.8739 0.7226
vt 0.8563 0.7207
vt 0.8561 0.7236
vt 0.8419 0.7204
vt 0.8415 0.7235
vt 0.8301 0.7209
vt 0.8300 0.7236
vt 0.7491 0.7017
vt 0.7507 0.7056
vt 0.7333 0.6964
vt 0.7345 0.7008
vt 0.7227 0.6937
vt 0.7233 0.6984
vt 0.7142 0.6931
vt 0.7144 0.6975
vt 0.7077 0.6933
vt 0.7079 0.6974
vt 0.7814 0.8553
vt 0.7818 0.8538
vt 0.7688 0.8551
vt 0.7687 0.8566
vt 0.7540 0.8539
vt 0.7543 0.8557
vt 0.9593 0.8786
vt 0.9601 0.8762
vt 0.9506 0.8742
vt 0.9501 0.8768
vt 0.9400 0.8744
vt 0.9398 0.8769
vt 0.7305 0.8504
vt 0.7311 0.8526
vt 0.7050 0.8481
vt 0.7055 0.8518
vt 0.9233 0.8758
vt 0.9234 0.8780
vt 0.9070 0.8763
vt 0.9074 0.8784
vt 0.8889 0.8704
vt 0.8897 0.8731
vt 0.8679 0.8576
vt 0.8690 0.8607
vt 0.8511 0.8503
vt 0.8517 0.8527
vt 0.8391 0.8465
vt 0.8391 0.8487
vt 0.8239 0.8456
vt 0.8235 0.8485
vt 0.8067 0.8484
vt 0.8065 0.8509
vt 0.7954 0.8498
vt 0.7949 0.8521
vt 0.4994 0.8723
vt 0.4993 0.8701
vt 0.4848 0.8722
vt 0.4847 0.8743
vt 0.4992 0.8656
vt 0.4992 0.8634
vt 0.4852 0.8659
vt 0.4851 0.8680
vt 0.6491 0.8852
vt 0.6493 0.8818
vt 0.6394 0.8806
vt 0.6396 0.8839
vt 0.6498 0.8749
vt 0.6501 0.8715
vt 0.6388 0.8708
vt 0.6390 0.8741
vt 0.6288 0.8816
vt 0.6285 0.8789
vt 0.6160 0.8794
vt 0.6162 0.8819
vt 0.6279 0.8735
vt 0.6276 0.8708
vt 0.6153 0.8719
vt 0.6155 0.8744
vt 0.6026 0.8825
vt 0.6022 0.8797
vt 0.5881 0.8745
vt 0.5901 0.8787
vt 0.6012 0.8741
vt 0.6007 0.8713
vt 0.5820 0.8617
vt 0.5840 0.8659
vt 0.5693 0.8708
vt 0.5676 0.8661
vt 0.5508 0.8608
vt 0.5522 0.8648
vt 0.5644 0.8566
vt 0.5628 0.8519
vt 0.5468 0.8488
vt 0.5481 0.8528
vt 0.5331 0.8691
vt 0.5318 0.8658
vt 0.5128 0.8682
vt 0.5134 0.8708
vt 0.5293 0.8591
vt 0.5281 0.8557
vt 0.5108 0.8605
vt 0.5115 0.8631
vt 0.4722 0.8749
vt 0.4725 0.8729
vt 0.4579 0.8729
vt 0.4569 0.8749
vt 0.4730 0.8691
vt 0.4733 0.8671
vt 0.4609 0.8670
vt 0.4599 0.8690
vt 0.4380 0.8753
vt 0.4392 0.8731
vt 0.4266 0.8744
vt 0.4256 0.8764
vt 0.4416 0.8687
vt 0.4427 0.8664
vt 0.4296 0.8682
vt 0.4286 0.8703
vt 0.4166 0.8769
vt 0.4171 0.8754
vt 0.4123 0.8750
vt 0.4122 0.8758
vt 0.4181 0.8723
vt 0.4186 0.8708
vt 0.4128 0.8726
vt 0.4126 0.8734
vt 0.6594 0.8864
vt 0.6598 0.8833
vt 0.6606 0.8769
vt 0.6610 0.8737
vt 0.7903 0.8786
vt 0.7907 0.8757
vt 0.7750 0.8748
vt 0.7738 0.8780
vt 0.7913 0.8697
vt 0.7917 0.8668
vt 0.7785 0.8655
vt 0.7774 0.8686
vt 0.9517 0.9048
vt 0.9509 0.9018
vt 0.9413 0.9016
vt 0.9420 0.9047
vt 0.9493 0.8958
vt 0.9485 0.8928
vt 0.9391 0.8924
vt 0.9398 0.8955
vt 0.9284 0.9058
vt 0.9275 0.9024
vt 0.9126 0.9018
vt 0.9134 0.9051
vt 0.9258 0.8955
vt 0.9249 0.8921
vt 0.9102 0.8919
vt 0.9110 0.8952
vt 0.8986 0.9019
vt 0.8977 0.8988
vt 0.8831 0.8938
vt 0.8853 0.8981
vt 0.8959 0.8925
vt 0.8950 0.8894
vt 0.8766 0.8808
vt 0.8788 0.8852
vt 0.8643 0.8872
vt 0.8624 0.8827
vt 0.8439 0.8755
vt 0.8450 0.8794
vt 0.8587 0.8737
vt 0.8568 0.8692
vt 0.8404 0.8636
vt 0.8415 0.8675
vt 0.8254 0.8809
vt 0.8245 0.8773
vt 0.8057 0.8770
vt 0.8058 0.8804
vt 0.8229 0.8702
vt 0.8221 0.8666
vt 0.8055 0.8669
vt 0.8055 0.8703
vt 0.7601 0.8785
vt 0.7617 0.8756
vt 0.7467 0.8755
vt 0.7444 0.8781
vt 0.7649 0.8700
vt 0.7665 0.8671
vt 0.7536 0.8675
vt 0.7513 0.8701
vt 0.7163 0.8818
vt 0.7198 0.8783
vt 0.6918 0.8852
vt 0.6878 0.8889
vt 0.7268 0.8711
vt 0.7303 0.8675
vt 0.7038 0.8740
vt 0.6998 0.8777
vt 0.6730 0.8894
vt 0.6752 0.8857
vt 0.6797 0.8784
vt 0.6820 0.8748
vt 0.9601 0.9048
vt 0.9591 0.9020
vt 0.9569 0.8964
vt 0.9559 0.8936
vt 0.4846 0.8604
vt 0.4842 0.8587
vt 0.4718 0.8610
vt 0.4724 0.8624
vt 0.4592 0.8613
vt 0.4601 0.8625
vt 0.6645 0.8632
vt 0.6660 0.8596
vt 0.6546 0.8579
vt 0.6532 0.8613
vt 0.6418 0.8566
vt 0.6407 0.8603
vt 0.4412 0.8610
vt 0.4421 0.8621
vt 0.4287 0.8629
vt 0.4293 0.8640
vt 0.6292 0.8598
vt 0.6286 0.8626
vt 0.6148 0.8616
vt 0.6149 0.8642
vt 0.5978 0.8582
vt 0.5986 0.8617
vt 0.5761 0.8471
vt 0.5774 0.8505
vt 0.4182 0.8668
vt 0.4185 0.8676
vt 0.4125 0.8700
vt 0.4127 0.8706
vt 0.5581 0.8396
vt 0.5591 0.8421
vt 0.5438 0.8378
vt 0.5443 0.8401
vt 0.5275 0.8435
vt 0.5273 0.8464
vt 0.5109 0.8500
vt 0.5106 0.8527
vt 0.4985 0.8549
vt 0.4987 0.8570
vt 0.6852 0.8610
vt 0.6857 0.8560
vt 0.7804 0.8595
vt 0.7808 0.8581
vt 0.7685 0.8597
vt 0.7684 0.8612
vt 0.7549 0.8594
vt 0.7552 0.8612
vt 0.9566 0.8860
vt 0.9575 0.8835
vt 0.9492 0.8820
vt 0.9487 0.8846
vt 0.9392 0.8819
vt 0.9389 0.8844
vt 0.7322 0.8572
vt 0.7327 0.8594
vt 0.7064 0.8592
vt 0.7069 0.8629
vt 0.9237 0.8823
vt 0.9238 0.8844
vt 0.9082 0.8824
vt 0.9086 0.8845
vt 0.8915 0.8784
vt 0.8923 0.8810
vt 0.8712 0.8670
vt 0.8723 0.8702
vt 0.8530 0.8575
vt 0.8536 0.8599
vt 0.8391 0.8530
vt 0.8392 0.8552
vt 0.8226 0.8543
vt 0.8221 0.8572
vt 0.8060 0.8560
vt 0.8058 0.8585
vt 0.7937 0.8568
vt 0.7931 0.8592
vt 0.5275 0.6908
vt 0.5271 0.6892
vt 0.5039 0.6828
vt 0.5030 0.6841
vt 0.4831 0.6795
vt 0.4833 0.6822
vt 0.7020 0.7084
vt 0.7021 0.7048
vt 0.6947 0.7015
vt 0.6943 0.7042
vt 0.6798 0.7022
vt 0.6790 0.7045
vt 0.6549 0.7036
vt 0.6527 0.7067
vt 0.6250 0.7036
vt 0.6210 0.7066
vt 0.6018 0.7021
vt 0.5994 0.7056
vt 0.5827 0.6997
vt 0.5817 0.7032
vt 0.5657 0.6982
vt 0.5654 0.7009
vt 0.5519 0.6966
vt 0.5519 0.6987
vt 0.5414 0.6943
vt 0.5414 0.6959
vt 0.4650 0.6762
vt 0.4651 0.6786
vt 0.4497 0.6743
vt 0.4494 0.6763
vt 0.4360 0.6734
vt 0.4348 0.6749
vt 0.4225 0.6708
vt 0.4215 0.6719
vt 0.4134 0.6696
vt 0.4128 0.6705
vt 0.4089 0.6689
vt 0.4087 0.6696
vt 0.8155 0.7266
vt 0.8149 0.7243
vt 0.7943 0.7193
vt 0.7939 0.7210
vt 0.7742 0.7161
vt 0.7754 0.7198
vt 0.9760 0.7230
vt 0.9772 0.7208
vt 0.9659 0.7192
vt 0.9650 0.7214
vt 0.9533 0.7183
vt 0.9526 0.7205
vt 0.9361 0.7225
vt 0.9338 0.7263
vt 0.9107 0.7285
vt 0.9074 0.7320
vt 0.8903 0.7306
vt 0.8881 0.7344
vt 0.8724 0.7302
vt 0.8717 0.7340
vt 0.8556 0.7296
vt 0.8553 0.7325
vt 0.8407 0.7298
vt 0.8403 0.7330
vt 0.8297 0.7290
vt 0.8296 0.7317
vt 0.7540 0.7133
vt 0.7557 0.7172
vt 0.7369 0.7096
vt 0.7382 0.7139
vt 0.7244 0.7077
vt 0.7249 0.7124
vt 0.7148 0.7062
vt 0.7150 0.7105
vt 0.7083 0.7058
vt 0.7085 0.7100
vt 0.4334 0.6606
vt 0.4331 0.6595
vt 0.4189 0.6610
vt 0.4188 0.6618
vt 0.4324 0.6574
vt 0.4321 0.6563
vt 0.4191 0.6587
vt 0.4190 0.6595
vt 0.4116 0.6623
vt 0.4115 0.6629
vt 0.4120 0.6605
vt 0.4119 0.6611
vt 0.7026 0.6759
vt 0.7024 0.6738
vt 0.6952 0.6738
vt 0.6953 0.6761
vt 0.7018 0.6695
vt 0.7016 0.6674
vt 0.6948 0.6669
vt 0.6949 0.6692
vt 0.6837 0.6741
vt 0.6836 0.6763
vt 0.6841 0.6673
vt 0.6840 0.6696
vt 0.6645 0.6733
vt 0.6642 0.6752
vt 0.6655 0.6675
vt 0.6652 0.6694
vt 0.6518 0.6740
vt 0.6519 0.6759
vt 0.6515 0.6682
vt 0.6516 0.6702
vt 0.5188 0.6672
vt 0.5185 0.6644
vt 0.4966 0.6589
vt 0.4971 0.6607
vt 0.5178 0.6590
vt 0.5174 0.6562
vt 0.4950 0.6533
vt 0.4956 0.6552
vt 0.4784 0.6538
vt 0.4786 0.6550
vt 0.4781 0.6501
vt 0.4782 0.6513
vt 0.6277 0.6692
vt 0.6282 0.6728
vt 0.6264 0.6584
vt 0.6268 0.6620
vt 0.6025 0.6655
vt 0.6019 0.6694
vt 0.6044 0.6540
vt 0.6037 0.6579
vt 0.5803 0.6639
vt 0.5791 0.6673
vt 0.5590 0.6672
vt 0.5575 0.6705
vt 0.5829 0.6570
vt 0.5842 0.6536
vt 0.5633 0.6573
vt 0.5618 0.6606
vt 0.4670 0.6527
vt 0.4669 0.6538
vt 0.4674 0.6496
vt 0.4673 0.6507
vt 0.4602 0.6540
vt 0.4601 0.6551
vt 0.4604 0.6504
vt 0.4603 0.6516
vt 0.5409 0.6668
vt 0.5404 0.6702
vt 0.5423 0.6565
vt 0.5418 0.6599
vt 0.4498 0.6556
vt 0.4497 0.6571
vt 0.4503 0.6512
vt 0.4501 0.6527
vt 0.7163 0.6754
vt 0.7161 0.6733
vt 0.7081 0.6740
vt 0.7085 0.6761
vt 0.7156 0.6691
vt 0.7153 0.6670
vt 0.7072 0.6676
vt 0.7075 0.6697
vt 0.9840 0.6989
vt 0.9847 0.6963
vt 0.9750 0.6957
vt 0.9744 0.6982
vt 0.9861 0.6910
vt 0.9868 0.6884
vt 0.9767 0.6880
vt 0.9761 0.6905
vt 0.9619 0.6953
vt 0.9606 0.6973
vt 0.9658 0.6893
vt 0.9645 0.6913
vt 0.9493 0.6955
vt 0.9482 0.6972
vt 0.9525 0.6903
vt 0.9515 0.6920
vt 0.9391 0.6959
vt 0.9391 0.6975
vt 0.9393 0.6909
vt 0.9393 0.6926
vt 0.8067 0.6961
vt 0.8063 0.6928
vt 0.7823 0.6861
vt 0.7831 0.6888
vt 0.8056 0.6862
vt 0.8053 0.6830
vt 0.7800 0.6781
vt 0.7808 0.6808
vt 0.7598 0.6767
vt 0.7601 0.6786
vt 0.7589 0.6711
vt 0.7592 0.6730
vt 0.9173 0.6928
vt 0.9176 0.6963
vt 0.9164 0.6823
vt 0.9167 0.6858
vt 0.8924 0.6910
vt 0.8918 0.6948
vt 0.8940 0.6794
vt 0.8935 0.6832
vt 0.8691 0.6909
vt 0.8679 0.6947
vt 0.8727 0.6793
vt 0.8715 0.6831
vt 0.8475 0.6933
vt 0.8463 0.6968
vt 0.8513 0.6828
vt 0.8500 0.6863
vt 0.7447 0.6735
vt 0.7443 0.6760
vt 0.7460 0.6661
vt 0.7455 0.6686
vt 0.7338 0.6713
vt 0.7335 0.6738
vt 0.7346 0.6636
vt 0.7343 0.6661
vt 0.8292 0.6934
vt 0.8288 0.6969
vt 0.8302 0.6828
vt 0.8298 0.6863
vt 0.7250 0.6705
vt 0.7249 0.6728
vt 0.7250 0.6636
vt 0.7250 0.6659
vt 0.4874 0.4647
vt 0.4888 0.4628
vt 0.4771 0.4580
vt 0.4764 0.4597
vt 0.4917 0.4590
vt 0.4931 0.4571
vt 0.4790 0.4529
vt 0.4783 0.4546
vt 0.4960 0.4533
vt 0.4974 0.4514
vt 0.4808 0.4479
vt 0.4802 0.4496
vt 0.4659 0.4535
vt 0.4659 0.4549
vt 0.4659 0.4494
vt 0.4659 0.4507
vt 0.4660 0.4453
vt 0.4659 0.4466
vt 0.6674 0.4956
vt 0.6673 0.4936
vt 0.6591 0.4922
vt 0.6596 0.4943
vt 0.6672 0.4897
vt 0.6672 0.4877
vt 0.6577 0.4861
vt 0.6582 0.4882
vt 0.6670 0.4837
vt 0.6670 0.4817
vt 0.6563 0.4800
vt 0.6568 0.4820
vt 0.6467 0.4890
vt 0.6481 0.4914
vt 0.6424 0.4817
vt 0.6439 0.4841
vt 0.6382 0.4743
vt 0.6396 0.4768
vt 0.6178 0.4877
vt 0.6184 0.4908
vt 0.6163 0.4781
vt 0.6168 0.4813
vt 0.6148 0.4686
vt 0.6153 0.4717
vt 0.5971 0.4845
vt 0.5970 0.4886
vt 0.5972 0.4724
vt 0.5972 0.4764
vt 0.5974 0.4602
vt 0.5974 0.4643
vt 0.5754 0.4718
vt 0.5748 0.4744
vt 0.5772 0.4640
vt 0.5766 0.4666
vt 0.5790 0.4561
vt 0.5784 0.4587
vt 0.5562 0.4609
vt 0.5558 0.4626
vt 0.5574 0.4558
vt 0.5570 0.4575
vt 0.5586 0.4507
vt 0.5582 0.4524
vt 0.5372 0.4586
vt 0.5364 0.4605
vt 0.5395 0.4532
vt 0.5387 0.4550
vt 0.5418 0.4477
vt 0.5410 0.4495
vt 0.5230 0.4598
vt 0.5217 0.4620
vt 0.5268 0.4530
vt 0.5255 0.4552
vt 0.5306 0.4462
vt 0.5293 0.4485
vt 0.5059 0.4615
vt 0.5043 0.4636
vt 0.5106 0.4550
vt 0.5090 0.4572
vt 0.5154 0.4486
vt 0.5138 0.4507
vt 0.4568 0.4518
vt 0.4570 0.4530
vt 0.4564 0.4482
vt 0.4565 0.4494
vt 0.4560 0.4446
vt 0.4561 0.4458
vt 0.4482 0.4505
vt 0.4484 0.4516
vt 0.4476 0.4472
vt 0.4478 0.4483
vt 0.4470 0.4439
vt 0.4472 0.4450
vt 0.4377 0.4481
vt 0.4379 0.4491
vt 0.4369 0.4451
vt 0.4372 0.4461
vt 0.4362 0.4421
vt 0.4364 0.4431
vt 0.4274 0.4456
vt 0.4276 0.4466
vt 0.4268 0.4426
vt 0.4270 0.4436
vt 0.4263 0.4397
vt 0.4265 0.4407
vt 0.4199 0.4431
vt 0.4200 0.4438
vt 0.4194 0.4411
vt 0.4195 0.4418
vt 0.4189 0.4391
vt 0.4191 0.4398
vt 0.4145 0.4415
vt 0.4146 0.4420
vt 0.4143 0.4401
vt 0.4144 0.4406
vt 0.4141 0.4387
vt 0.4142 0.4392
vt 0.7665 0.5159
vt 0.7684 0.5133
vt 0.7519 0.5101
vt 0.7509 0.5122
vt 0.7722 0.5080
vt 0.7741 0.5054
vt 0.7548 0.5036
vt 0.7538 0.5057
vt 0.7778 0.5002
vt 0.7797 0.4975
vt 0.7577 0.4971
vt 0.7568 0.4992
vt 0.7383 0.5066
vt 0.7380 0.5086
vt 0.7394 0.5003
vt 0.7390 0.5024
vt 0.7404 0.4940
vt 0.7401 0.4961
vt 0.9574 0.5319
vt 0.9572 0.5301
vt 0.9496 0.5288
vt 0.9502 0.5307
vt 0.9566 0.5264
vt 0.9563 0.5246
vt 0.9479 0.5231
vt 0.9484 0.5250
vt 0.9558 0.5209
vt 0.9555 0.5191
vt 0.9461 0.5174
vt 0.9467 0.5193
vt 0.9383 0.5270
vt 0.9392 0.5292
vt 0.9357 0.5203
vt 0.9366 0.5225
vt 0.9331 0.5136
vt 0.9340 0.5158
vt 0.9203 0.5239
vt 0.9217 0.5275
vt 0.9162 0.5133
vt 0.9176 0.5169
vt 0.9121 0.5027
vt 0.9135 0.5063
vt 0.9014 0.5190
vt 0.9025 0.5236
vt 0.8982 0.5054
vt 0.8993 0.5100
vt 0.8950 0.4918
vt 0.8961 0.4964
vt 0.8793 0.5122
vt 0.8793 0.5156
vt 0.8792 0.5021
vt 0.8792 0.5055
vt 0.8791 0.4920
vt 0.8792 0.4954
vt 0.8567 0.5072
vt 0.8564 0.5094
vt 0.8578 0.5006
vt 0.8574 0.5028
vt 0.8589 0.4941
vt 0.8585 0.4963
vt 0.8333 0.5058
vt 0.8324 0.5078
vt 0.8361 0.4996
vt 0.8352 0.5017
vt 0.8389 0.4934
vt 0.8380 0.4955
vt 0.8143 0.5052
vt 0.8126 0.5075
vt 0.8194 0.4982
vt 0.8177 0.5005
vt 0.8245 0.4912
vt 0.8228 0.4935
vt 0.7917 0.5085
vt 0.7895 0.5112
vt 0.7982 0.5004
vt 0.7960 0.5031
vt 0.8047 0.4924
vt 0.8026 0.4950
vt 0.7288 0.5040
vt 0.7288 0.5060
vt 0.7287 0.4978
vt 0.7287 0.4999
vt 0.7287 0.4917
vt 0.7287 0.4937
vt 0.7186 0.5015
vt 0.7189 0.5035
vt 0.7179 0.4955
vt 0.7181 0.4975
vt 0.7172 0.4894
vt 0.7174 0.4914
vt 0.7061 0.4975
vt 0.7066 0.4991
vt 0.7047 0.4925
vt 0.7052 0.4942
vt 0.7033 0.4876
vt 0.7038 0.4893
vt 0.6924 0.4960
vt 0.6931 0.4977
vt 0.6904 0.4909
vt 0.6911 0.4926
vt 0.6884 0.4858
vt 0.6891 0.4875
vt 0.6807 0.4938
vt 0.6814 0.4955
vt 0.6788 0.4884
vt 0.6794 0.4902
vt 0.6769 0.4830
vt 0.6775 0.4848
vt 0.5133 0.8911
vt 0.5134 0.8889
vt 0.4959 0.8851
vt 0.4954 0.8866
vt 0.5136 0.8844
vt 0.5137 0.8822
vt 0.4974 0.8806
vt 0.4969 0.8821
vt 0.5139 0.8778
vt 0.5139 0.8755
vt 0.4989 0.8760
vt 0.4984 0.8775
vt 0.4810 0.8859
vt 0.4805 0.8873
vt 0.4826 0.8818
vt 0.4820 0.8832
vt 0.4841 0.8777
vt 0.4836 0.8791
vt 0.6587 0.9040
vt 0.6587 0.9022
vt 0.6507 0.9009
vt 0.6510 0.9026
vt 0.6588 0.8986
vt 0.6588 0.8968
vt 0.6499 0.8956
vt 0.6502 0.8974
vt 0.6589 0.8932
vt 0.6589 0.8914
vt 0.6491 0.8904
vt 0.6494 0.8921
vt 0.6422 0.9006
vt 0.6426 0.9026
vt 0.6412 0.8948
vt 0.6416 0.8968
vt 0.6402 0.8891
vt 0.6405 0.8910
vt 0.6315 0.8987
vt 0.6318 0.9007
vt 0.6305 0.8925
vt 0.6308 0.8946
vt 0.6295 0.8864
vt 0.6298 0.8884
vt 0.6199 0.8966
vt 0.6204 0.8984
vt 0.6184 0.8914
vt 0.6189 0.8931
vt 0.6169 0.8861
vt 0.6174 0.8879
vt 0.6054 0.8942
vt 0.6057 0.8954
vt 0.6044 0.8904
vt 0.6047 0.8916
vt 0.6034 0.8866
vt 0.6037 0.8878
vt 0.5946 0.8927
vt 0.5950 0.8941
vt 0.5936 0.8885
vt 0.5939 0.8899
vt 0.5925 0.8843
vt 0.5928 0.8857
vt 0.5773 0.8945
vt 0.5782 0.8972
vt 0.5745 0.8863
vt 0.5755 0.8891
vt 0.5718 0.8782
vt 0.5727 0.8809
vt 0.5558 0.8939
vt 0.5561 0.8974
vt 0.5548 0.8831
vt 0.5551 0.8867
vt 0.5538 0.8724
vt 0.5542 0.8760
vt 0.5344 0.8786
vt 0.5343 0.8756
vt 0.4679 0.8860
vt 0.4673 0.8873
vt 0.4696 0.8821
vt 0.4691 0.8834
vt 0.4714 0.8781
vt 0.4708 0.8795
vt 0.4506 0.8873
vt 0.4498 0.8888
vt 0.4528 0.8828
vt 0.4521 0.8843
vt 0.4551 0.8783
vt 0.4544 0.8798
vt 0.4318 0.8900
vt 0.4311 0.8918
vt 0.4340 0.8846
vt 0.4333 0.8864
vt 0.4361 0.8793
vt 0.4354 0.8811
vt 0.4253 0.8883
vt 0.4254 0.8897
vt 0.4250 0.8841
vt 0.4251 0.8855
vt 0.4247 0.8799
vt 0.4248 0.8813
vt 0.4173 0.8825
vt 0.4175 0.8831
vt 0.4168 0.8807
vt 0.4169 0.8813
vt 0.4162 0.8790
vt 0.4164 0.8796
vt 0.4120 0.8796
vt 0.4120 0.8801
vt 0.4120 0.8784
vt 0.4120 0.8788
vt 0.4120 0.8771
vt 0.4120 0.8775
vt 0.8018 0.9075
vt 0.8023 0.9045
vt 0.7816 0.8982
vt 0.7804 0.9006
vt 0.8033 0.8986
vt 0.8038 0.8956
vt 0.7852 0.8911
vt 0.7840 0.8935
vt 0.8048 0.8897
vt 0.8054 0.8867
vt 0.7888 0.8839
vt 0.7876 0.8863
vt 0.7630 0.8943
vt 0.7617 0.8962
vt 0.7671 0.8886
vt 0.7658 0.8905
vt 0.7713 0.8830
vt 0.7699 0.8849
vt 0.9627 0.9234
vt 0.9625 0.9214
vt 0.9556 0.9223
vt 0.9560 0.9244
vt 0.9622 0.9175
vt 0.9620 0.9155
vt 0.9543 0.9161
vt 0.9547 0.9181
vt 0.9616 0.9115
vt 0.9614 0.9096
vt 0.9530 0.9098
vt 0.9534 0.9119
vt 0.9456 0.9234
vt 0.9461 0.9257
vt 0.9444 0.9167
vt 0.9448 0.9190
vt 0.9431 0.9100
vt 0.9435 0.9122
vt 0.9322 0.9234
vt 0.9326 0.9255
vt 0.9309 0.9173
vt 0.9314 0.9194
vt 0.9297 0.9112
vt 0.9301 0.9133
vt 0.9185 0.9222
vt 0.9191 0.9242
vt 0.9167 0.9163
vt 0.9173 0.9183
vt 0.9148 0.9104
vt 0.9154 0.9124
vt 0.9054 0.9188
vt 0.9063 0.9208
vt 0.9029 0.9129
vt 0.9037 0.9149
vt 0.9004 0.9070
vt 0.9012 0.9089
vt 0.8910 0.9155
vt 0.8915 0.9173
vt 0.8895 0.9099
vt 0.8900 0.9118
vt 0.8879 0.9043
vt 0.8884 0.9062
vt 0.8746 0.9137
vt 0.8759 0.9168
vt 0.8710 0.9043
vt 0.8722 0.9074
vt 0.8674 0.8949
vt 0.8686 0.8980
vt 0.8504 0.9113
vt 0.8510 0.9153
vt 0.8486 0.8993
vt 0.8492 0.9033
vt 0.8468 0.8874
vt 0.8474 0.8914
vt 0.8260 0.9107
vt 0.8260 0.9144
vt 0.8261 0.8994
vt 0.8261 0.9032
vt 0.8262 0.8882
vt 0.8261 0.8920
vt 0.7507 0.8923
vt 0.7495 0.8939
vt 0.7540 0.8876
vt 0.7529 0.8892
vt 0.7573 0.8829
vt 0.7562 0.8845
vt 0.7303 0.8948
vt 0.7286 0.8968
vt 0.7354 0.8888
vt 0.7337 0.8908
vt 0.7405 0.8828
vt 0.7388 0.8848
vt 0.6978 0.9051
vt 0.6957 0.9079
vt 0.7043 0.8967
vt 0.7021 0.8995
vt 0.7107 0.8882
vt 0.7086 0.8910
vt 0.6803 0.9054
vt 0.6798 0.9073
vt 0.6818 0.8999
vt 0.6813 0.9018
vt 0.6833 0.8944
vt 0.6828 0.8963
vt 0.6692 0.9049
vt 0.6690 0.9065
vt 0.6699 0.8998
vt 0.6697 0.9015
vt 0.6705 0.8947
vt 0.6703 0.8964
vt 0.5071 0.4307
vt 0.5070 0.4298
vt 0.4852 0.4284
vt 0.4850 0.4296
vt 0.5066 0.4280
vt 0.5064 0.4270
vt 0.4857 0.4250
vt 0.4855 0.4262
vt 0.5063 0.4261
vt 0.5061 0.4252
vt 0.4860 0.4228
vt 0.4859 0.4239
vt 0.4654 0.4248
vt 0.4652 0.4258
vt 0.4658 0.4216
vt 0.4656 0.4226
vt 0.4661 0.4195
vt 0.4659 0.4205
vt 0.6603 0.4527
vt 0.6604 0.4502
vt 0.6472 0.4459
vt 0.6471 0.4484
vt 0.6606 0.4451
vt 0.6607 0.4426
vt 0.6475 0.4385
vt 0.6474 0.4409
vt 0.6608 0.4401
vt 0.6609 0.4376
vt 0.6477 0.4335
vt 0.6476 0.4360
vt 0.6298 0.4365
vt 0.6293 0.4385
vt 0.6313 0.4307
vt 0.6308 0.4327
vt 0.6323 0.4269
vt 0.6318 0.4288
vt 0.6135 0.4295
vt 0.6132 0.4313
vt 0.6145 0.4243
vt 0.6141 0.4261
vt 0.6151 0.4208
vt 0.6148 0.4226
vt 0.6006 0.4282
vt 0.6003 0.4297
vt 0.6014 0.4237
vt 0.6011 0.4252
vt 0.6019 0.4208
vt 0.6017 0.4223
vt 0.4528 0.4275
vt 0.4528 0.4285
vt 0.4528 0.4245
vt 0.4528 0.4255
vt 0.4528 0.4224
vt 0.4528 0.4235
vt 0.4433 0.4313
vt 0.4435 0.4322
vt 0.4429 0.4287
vt 0.4430 0.4296
vt 0.4426 0.4269
vt 0.4428 0.4278
vt 0.5841 0.4314
vt 0.5838 0.4336
vt 0.5849 0.4250
vt 0.5846 0.4271
vt 0.5854 0.4207
vt 0.5851 0.4228
vt 0.5636 0.4327
vt 0.5632 0.4348
vt 0.5648 0.4266
vt 0.5644 0.4286
vt 0.5656 0.4225
vt 0.5652 0.4245
vt 0.5479 0.4335
vt 0.5476 0.4349
vt 0.5491 0.4294
vt 0.5487 0.4307
vt 0.5498 0.4266
vt 0.5494 0.4280
vt 0.5377 0.4343
vt 0.5377 0.4350
vt 0.5380 0.4322
vt 0.5379 0.4329
vt 0.5382 0.4307
vt 0.5381 0.4315
vt 0.4329 0.4305
vt 0.4332 0.4314
vt 0.4322 0.4280
vt 0.4324 0.4288
vt 0.4316 0.4262
vt 0.4319 0.4271
vt 0.4235 0.4292
vt 0.4237 0.4299
vt 0.4229 0.4273
vt 0.4231 0.4279
vt 0.4225 0.4260
vt 0.4227 0.4266
vt 0.5271 0.4319
vt 0.5272 0.4325
vt 0.5267 0.4300
vt 0.5268 0.4306
vt 0.5265 0.4287
vt 0.5266 0.4294
vt 0.4164 0.4315
vt 0.4166 0.4319
vt 0.4158 0.4300
vt 0.4160 0.4305
vt 0.4154 0.4290
vt 0.4156 0.4295
vt 0.7945 0.4710
vt 0.7948 0.4693
vt 0.7677 0.4654
vt 0.7673 0.4673
vt 0.7953 0.4659
vt 0.7955 0.4642
vt 0.7692 0.4599
vt 0.7687 0.4617
vt 0.7958 0.4625
vt 0.7961 0.4608
vt 0.7702 0.4562
vt 0.7697 0.4580
vt 0.7464 0.4583
vt 0.7457 0.4601
vt 0.7483 0.4531
vt 0.7476 0.4548
vt 0.7495 0.4496
vt 0.7489 0.4514
vt 0.9482 0.4979
vt 0.9486 0.4963
vt 0.9375 0.4901
vt 0.9374 0.4921
vt 0.9379 0.4824
vt 0.9380 0.4804
vt 0.9215 0.4717
vt 0.9213 0.4734
vt 0.9205 0.4815
vt 0.9207 0.4799
vt 0.9009 0.4706
vt 0.9008 0.4715
vt 0.9210 0.4766
vt 0.9212 0.4750
vt 0.9014 0.4677
vt 0.9012 0.4687
vt 0.9016 0.4659
vt 0.9015 0.4668
vt 0.8900 0.4677
vt 0.8899 0.4685
vt 0.8903 0.4651
vt 0.8902 0.4660
vt 0.8904 0.4635
vt 0.8904 0.4643
vt 0.7290 0.4617
vt 0.7285 0.4634
vt 0.7305 0.4568
vt 0.7300 0.4585
vt 0.7316 0.4536
vt 0.7310 0.4552
vt 0.7143 0.4672
vt 0.7141 0.4688
vt 0.7149 0.4627
vt 0.7147 0.4642
vt 0.7152 0.4597
vt 0.7150 0.4612
vt 0.8796 0.4685
vt 0.8793 0.4693
vt 0.8804 0.4663
vt 0.8802 0.4671
vt 0.8810 0.4649
vt 0.8807 0.4656
vt 0.8665 0.4722
vt 0.8660 0.4731
vt 0.8490 0.4746
vt 0.8484 0.4758
vt 0.8675 0.4702
vt 0.8680 0.4693
vt 0.8511 0.4710
vt 0.8504 0.4722
vt 0.8686 0.4683
vt 0.8691 0.4673
vt 0.8524 0.4685
vt 0.8518 0.4698
vt 0.8353 0.4740
vt 0.8348 0.4752
vt 0.8367 0.4704
vt 0.8363 0.4716
vt 0.8377 0.4681
vt 0.8372 0.4693
vt 0.6982 0.4651
vt 0.6983 0.4670
vt 0.6981 0.4593
vt 0.6981 0.4612
vt 0.6980 0.4554
vt 0.6980 0.4573
vt 0.6825 0.4588
vt 0.6826 0.4609
vt 0.6822 0.4526
vt 0.6823 0.4547
vt 0.6821 0.4484
vt 0.6822 0.4505
vt 0.8212 0.4710
vt 0.8210 0.4723
vt 0.8218 0.4672
vt 0.8216 0.4685
vt 0.8222 0.4647
vt 0.8220 0.4660
vt 0.6710 0.4529
vt 0.6713 0.4553
vt 0.6699 0.4458
vt 0.6703 0.4482
vt 0.6693 0.4410
vt 0.6696 0.4434
vt 0.6212 0.5041
vt 0.6212 0.5077
vt 0.6414 0.5114
vt 0.6422 0.5079
vt 0.6212 0.5112
vt 0.6212 0.5148
vt 0.6399 0.5183
vt 0.6407 0.5148
vt 0.6212 0.5219
vt 0.6212 0.5254
vt 0.6377 0.5287
vt 0.6384 0.5253
vt 0.4578 0.4597
vt 0.4565 0.4611
vt 0.4610 0.4660
vt 0.4622 0.4646
vt 0.4552 0.4626
vt 0.4538 0.4640
vt 0.4586 0.4688
vt 0.4598 0.4674
vt 0.4512 0.4668
vt 0.4498 0.4683
vt 0.4549 0.4730
vt 0.4561 0.4716
vt 0.4349 0.4546
vt 0.4341 0.4553
vt 0.4474 0.4583
vt 0.4482 0.4571
vt 0.4334 0.4560
vt 0.4326 0.4566
vt 0.4459 0.4606
vt 0.4466 0.4594
vt 0.4311 0.4580
vt 0.4304 0.4587
vt 0.4436 0.4641
vt 0.4443 0.4630
vt 0.4706 0.4719
vt 0.4704 0.4734
vt 0.4845 0.4780
vt 0.4846 0.4766
vt 0.4702 0.4750
vt 0.4700 0.4765
vt 0.4843 0.4808
vt 0.4844 0.4794
vt 0.4696 0.4796
vt 0.4694 0.4812
vt 0.4839 0.4850
vt 0.4840 0.4836
vt 0.4989 0.4771
vt 0.4984 0.4789
vt 0.5158 0.4796
vt 0.5160 0.4778
vt 0.4980 0.4807
vt 0.4976 0.4825
vt 0.5153 0.4833
vt 0.5155 0.4815
vt 0.4967 0.4862
vt 0.4962 0.4880
vt 0.5146 0.4889
vt 0.5148 0.4870
vt 0.4162 0.4472
vt 0.4155 0.4475
vt 0.4220 0.4513
vt 0.4227 0.4509
vt 0.4149 0.4479
vt 0.4143 0.4482
vt 0.4207 0.4523
vt 0.4214 0.4518
vt 0.4131 0.4489
vt 0.4125 0.4492
vt 0.4186 0.4537
vt 0.4193 0.4532
vt 0.5349 0.4796
vt 0.5349 0.4820
vt 0.5557 0.4866
vt 0.5562 0.4831
vt 0.5349 0.4844
vt 0.5348 0.4868
vt 0.5547 0.4938
vt 0.5552 0.4902
vt 0.5347 0.4916
vt 0.5347 0.4939
vt 0.5532 0.5045
vt 0.5537 0.5009
vt 0.5751 0.4963
vt 0.5751 0.4989
vt 0.5955 0.5085
vt 0.5949 0.5059
vt 0.5752 0.5014
vt 0.5752 0.5040
vt 0.5966 0.5137
vt 0.5960 0.5111
vt 0.5753 0.5092
vt 0.5753 0.5117
vt 0.5982 0.5215
vt 0.5977 0.5189
vt 0.6536 0.5159
vt 0.6529 0.5186
vt 0.6633 0.5195
vt 0.6640 0.5174
vt 0.6523 0.5213
vt 0.6517 0.5240
vt 0.6619 0.5237
vt 0.6626 0.5216
vt 0.6504 0.5294
vt 0.6498 0.5321
vt 0.6598 0.5301
vt 0.6605 0.5280
vt 0.9205 0.5438
vt 0.9201 0.5468
vt 0.9374 0.5474
vt 0.9379 0.5448
vt 0.9198 0.5499
vt 0.9194 0.5529
vt 0.9365 0.5524
vt 0.9370 0.5499
vt 0.9186 0.5589
vt 0.9182 0.5619
vt 0.9352 0.5600
vt 0.9356 0.5575
vt 0.7287 0.5178
vt 0.7287 0.5196
vt 0.7392 0.5221
vt 0.7390 0.5200
vt 0.7286 0.5214
vt 0.7286 0.5232
vt 0.7397 0.5263
vt 0.7395 0.5242
vt 0.7286 0.5268
vt 0.7286 0.5286
vt 0.7404 0.5327
vt 0.7402 0.5306
vt 0.7050 0.5097
vt 0.7044 0.5112
vt 0.7180 0.5158
vt 0.7181 0.5142
vt 0.7038 0.5127
vt 0.7032 0.5142
vt 0.7176 0.5190
vt 0.7178 0.5174
vt 0.7020 0.5172
vt 0.7013 0.5188
vt 0.7171 0.5237
vt 0.7173 0.5221
vt 0.7526 0.5224
vt 0.7529 0.5247
vt 0.7649 0.5322
vt 0.7646 0.5305
vt 0.7532 0.5270
vt 0.7534 0.5293
vt 0.7656 0.5356
vt 0.7653 0.5339
vt 0.7540 0.5339
vt 0.7543 0.5362
vt 0.7667 0.5408
vt 0.7663 0.5391
vt 0.7847 0.5405
vt 0.7848 0.5427
vt 0.8089 0.5422
vt 0.8088 0.5401
vt 0.6757 0.5129
vt 0.6748 0.5150
vt 0.6884 0.5114
vt 0.6893 0.5096
vt 0.6739 0.5171
vt 0.6730 0.5192
vt 0.6866 0.5151
vt 0.6875 0.5132
vt 0.6712 0.5235
vt 0.6704 0.5256
vt 0.6840 0.5206
vt 0.6849 0.5187
vt 0.8323 0.5318
vt 0.8328 0.5341
vt 0.8568 0.5372
vt 0.8572 0.5335
vt 0.8332 0.5364
vt 0.8337 0.5387
vt 0.8562 0.5445
vt 0.8565 0.5408
vt 0.8346 0.5433
vt 0.8351 0.5456
vt 0.8551 0.5556
vt 0.8555 0.5519
vt 0.8807 0.5357
vt 0.8799 0.5393
vt 0.9012 0.5456
vt 0.9017 0.5423
vt 0.8791 0.5429
vt 0.8783 0.5465
vt 0.9002 0.5522
vt 0.9007 0.5489
vt 0.8767 0.5536
vt 0.8759 0.5572
vt 0.8987 0.5622
vt 0.8992 0.5589
vt 0.9501 0.5464
vt 0.9497 0.5485
vt 0.9579 0.5494
vt 0.9584 0.5475
vt 0.9492 0.5506
vt 0.9487 0.5527
vt 0.9567 0.5531
vt 0.9573 0.5512
vt 0.9477 0.5569
vt 0.9472 0.5590
vt 0.9551 0.5588
vt 0.9556 0.5569
vt 0.7845 0.5317
vt 0.7844 0.5295
vt 0.7846 0.5361
vt 0.7845 0.5339
vt 0.8082 0.5298
vt 0.8083 0.5319
vt 0.4582 0.9006
vt 0.4569 0.9015
vt 0.4749 0.9000
vt 0.4753 0.8985
vt 0.4543 0.9032
vt 0.4529 0.9041
vt 0.4738 0.9044
vt 0.4742 0.9029
vt 0.4516 0.9049
vt 0.4503 0.9058
vt 0.4731 0.9073
vt 0.4735 0.9059
vt 0.6341 0.9149
vt 0.6343 0.9169
vt 0.6459 0.9208
vt 0.6458 0.9186
vt 0.6346 0.9211
vt 0.6348 0.9232
vt 0.6460 0.9275
vt 0.6460 0.9253
vt 0.6350 0.9253
vt 0.6351 0.9274
vt 0.6462 0.9320
vt 0.6461 0.9297
vt 0.4300 0.9016
vt 0.4298 0.9020
vt 0.4384 0.9022
vt 0.4389 0.9016
vt 0.4295 0.9029
vt 0.4294 0.9033
vt 0.4367 0.9041
vt 0.4373 0.9035
vt 0.4293 0.9037
vt 0.4291 0.9041
vt 0.4356 0.9053
vt 0.4361 0.9047
vt 0.4141 0.8864
vt 0.4140 0.8872
vt 0.4235 0.8972
vt 0.4237 0.8965
vt 0.4138 0.8889
vt 0.4137 0.8897
vt 0.4231 0.8992
vt 0.4232 0.8985
vt 0.4136 0.8905
vt 0.4135 0.8913
vt 0.4228 0.9006
vt 0.4229 0.8999
vt 0.4951 0.9032
vt 0.4949 0.9055
vt 0.5144 0.9121
vt 0.5148 0.9094
vt 0.4946 0.9103
vt 0.4944 0.9126
vt 0.5134 0.9203
vt 0.5138 0.9176
vt 0.4942 0.9150
vt 0.4941 0.9173
vt 0.5128 0.9258
vt 0.5131 0.9231
vt 0.6552 0.9191
vt 0.6554 0.9222
vt 0.6623 0.9232
vt 0.6620 0.9202
vt 0.6559 0.9284
vt 0.6561 0.9315
vt 0.6632 0.9323
vt 0.6629 0.9293
vt 0.6563 0.9345
vt 0.6565 0.9376
vt 0.6638 0.9384
vt 0.6635 0.9353
vt 0.5357 0.9159
vt 0.5355 0.9184
vt 0.5552 0.9200
vt 0.5553 0.9176
vt 0.5349 0.9234
vt 0.5346 0.9259
vt 0.5548 0.9273
vt 0.5549 0.9249
vt 0.5344 0.9283
vt 0.5341 0.9308
vt 0.5545 0.9321
vt 0.5546 0.9297
vt 0.5749 0.9096
vt 0.5743 0.9125
vt 0.5922 0.9063
vt 0.5929 0.9035
vt 0.5731 0.9183
vt 0.5726 0.9212
vt 0.5900 0.9146
vt 0.5907 0.9118
vt 0.5720 0.9241
vt 0.5714 0.9271
vt 0.5885 0.9201
vt 0.5892 0.9173
vt 0.6055 0.9067
vt 0.6055 0.9082
vt 0.6212 0.9127
vt 0.6212 0.9108
vt 0.6053 0.9111
vt 0.6053 0.9125
vt 0.6213 0.9183
vt 0.6213 0.9164
vt 0.6052 0.9140
vt 0.6051 0.9154
vt 0.6214 0.9221
vt 0.6214 0.9202
vt 0.4100 0.8834
vt 0.4098 0.8838
vt 0.4095 0.8847
vt 0.4093 0.8852
vt 0.4091 0.8857
vt 0.4090 0.8861
vt 0.7377 0.9118
vt 0.7361 0.9137
vt 0.7561 0.9107
vt 0.7562 0.9088
vt 0.7331 0.9177
vt 0.7316 0.9196
vt 0.7558 0.9162
vt 0.7559 0.9144
vt 0.7301 0.9216
vt 0.7285 0.9236
vt 0.7556 0.9199
vt 0.7557 0.9181
vt 0.9336 0.9374
vt 0.9335 0.9391
vt 0.9483 0.9435
vt 0.9483 0.9417
vt 0.9335 0.9425
vt 0.9334 0.9442
vt 0.9483 0.9489
vt 0.9483 0.9471
vt 0.9334 0.9459
vt 0.9334 0.9476
vt 0.9483 0.9524
vt 0.9483 0.9506
vt 0.6931 0.9231
vt 0.6930 0.9254
vt 0.7095 0.9218
vt 0.7101 0.9196
vt 0.6930 0.9299
vt 0.6929 0.9322
vt 0.7079 0.9284
vt 0.7084 0.9262
vt 0.6929 0.9345
vt 0.6929 0.9368
vt 0.7068 0.9329
vt 0.7073 0.9307
vt 0.6701 0.9212
vt 0.6704 0.9241
vt 0.6797 0.9257
vt 0.6795 0.9229
vt 0.6710 0.9300
vt 0.6714 0.9330
vt 0.6805 0.9340
vt 0.6802 0.9312
vt 0.6717 0.9359
vt 0.6720 0.9389
vt 0.6810 0.9395
vt 0.6807 0.9368
vt 0.7815 0.9183
vt 0.7819 0.9210
vt 0.8053 0.9281
vt 0.8053 0.9253
vt 0.7828 0.9262
vt 0.7832 0.9289
vt 0.8053 0.9363
vt 0.8053 0.9336
vt 0.7837 0.9315
vt 0.7841 0.9342
vt 0.8053 0.9418
vt 0.8053 0.9391
vt 0.9588 0.9421
vt 0.9587 0.9440
vt 0.9668 0.9426
vt 0.9669 0.9406
vt 0.9586 0.9478
vt 0.9585 0.9497
vt 0.9662 0.9486
vt 0.9664 0.9466
vt 0.9585 0.9516
vt 0.9584 0.9534
vt 0.9658 0.9527
vt 0.9660 0.9507
vt 0.8274 0.9401
vt 0.8271 0.9425
vt 0.8471 0.9451
vt 0.8476 0.9428
vt 0.8269 0.9449
vt 0.8266 0.9473
vt 0.8461 0.9497
vt 0.8466 0.9474
vt 0.8725 0.9298
vt 0.8715 0.9325
vt 0.8920 0.9313
vt 0.8930 0.9291
vt 0.8693 0.9379
vt 0.8682 0.9406
vt 0.8891 0.9381
vt 0.8901 0.9358
vt 0.8671 0.9433
vt 0.8660 0.9460
vt 0.8872 0.9426
vt 0.8882 0.9403
vt 0.9073 0.9312
vt 0.9068 0.9328
vt 0.9198 0.9345
vt 0.9199 0.9330
vt 0.9057 0.9361
vt 0.9052 0.9378
vt 0.9194 0.9391
vt 0.9195 0.9376
vt 0.9047 0.9394
vt 0.9041 0.9411
vt 0.9191 0.9422
vt 0.9192 0.9406
vt 0.8279 0.9353
vt 0.8282 0.9328
vt 0.8490 0.9359
vt 0.8485 0.9382
vt 0.4863 0.4205
vt 0.4865 0.4181
vt 0.4668 0.4159
vt 0.4664 0.4173
vt 0.4868 0.4133
vt 0.4869 0.4109
vt 0.4682 0.4114
vt 0.4677 0.4129
vt 0.4872 0.4061
vt 0.4873 0.4037
vt 0.4696 0.4070
vt 0.4691 0.4085
vt 0.6479 0.4286
vt 0.6483 0.4265
vt 0.6342 0.4212
vt 0.6332 0.4230
vt 0.6491 0.4223
vt 0.6494 0.4202
vt 0.6371 0.4157
vt 0.6362 0.4175
vt 0.6502 0.4160
vt 0.6506 0.4139
vt 0.6401 0.4103
vt 0.6391 0.4121
vt 0.6157 0.4174
vt 0.6171 0.4161
vt 0.6032 0.4159
vt 0.6025 0.4178
vt 0.6200 0.4134
vt 0.6214 0.4121
vt 0.6052 0.4104
vt 0.6045 0.4122
vt 0.6242 0.4095
vt 0.6257 0.4082
vt 0.6072 0.4049
vt 0.6065 0.4067
vt 0.4528 0.4204
vt 0.4531 0.4191
vt 0.4422 0.4239
vt 0.4423 0.4252
vt 0.4537 0.4166
vt 0.4540 0.4153
vt 0.4417 0.4198
vt 0.4419 0.4212
vt 0.4545 0.4127
vt 0.4548 0.4114
vt 0.4413 0.4158
vt 0.4415 0.4171
vt 0.5859 0.4164
vt 0.5863 0.4147
vt 0.5671 0.4168
vt 0.5665 0.4183
vt 0.5871 0.4113
vt 0.5875 0.4096
vt 0.5690 0.4121
vt 0.5683 0.4137
vt 0.5883 0.4062
vt 0.5886 0.4045
vt 0.5708 0.4074
vt 0.5702 0.4090
vt 0.5506 0.4238
vt 0.5510 0.4223
vt 0.5385 0.4274
vt 0.5383 0.4293
vt 0.5520 0.4194
vt 0.5525 0.4179
vt 0.5390 0.4217
vt 0.5388 0.4236
vt 0.5535 0.4149
vt 0.5539 0.4134
vt 0.5395 0.4160
vt 0.5393 0.4179
vt 0.4311 0.4245
vt 0.4308 0.4238
vt 0.4219 0.4243
vt 0.4222 0.4247
vt 0.4300 0.4224
vt 0.4297 0.4217
vt 0.4209 0.4234
vt 0.4212 0.4237
vt 0.4290 0.4202
vt 0.4286 0.4195
vt 0.4200 0.4225
vt 0.4203 0.4228
vt 0.5262 0.4275
vt 0.5258 0.4251
vt 0.5055 0.4207
vt 0.5057 0.4234
vt 0.5250 0.4205
vt 0.5246 0.4181
vt 0.5048 0.4129
vt 0.5050 0.4155
vt 0.5238 0.4135
vt 0.5234 0.4112
vt 0.5041 0.4051
vt 0.5043 0.4077
vt 0.6611 0.4326
vt 0.6613 0.4306
vt 0.6617 0.4267
vt 0.6619 0.4247
vt 0.6623 0.4207
vt 0.6625 0.4187
vt 0.4141 0.4266
vt 0.4143 0.4270
vt 0.4134 0.4255
vt 0.4136 0.4259
vt 0.7712 0.4525
vt 0.7723 0.4491
vt 0.7520 0.4436
vt 0.7508 0.4461
vt 0.7747 0.4423
vt 0.7759 0.4390
vt 0.7557 0.4360
vt 0.7544 0.4386
vt 0.7783 0.4322
vt 0.7795 0.4288
vt 0.7594 0.4285
vt 0.7581 0.4310
vt 0.9382 0.4765
vt 0.9389 0.4746
vt 0.9231 0.4666
vt 0.9219 0.4685
vt 0.9402 0.4707
vt 0.9409 0.4687
vt 0.9269 0.4611
vt 0.9256 0.4629
vt 0.9423 0.4648
vt 0.9430 0.4629
vt 0.9306 0.4555
vt 0.9294 0.4573
vt 0.9019 0.4640
vt 0.9036 0.4617
vt 0.8914 0.4594
vt 0.8906 0.4618
vt 0.9068 0.4571
vt 0.9085 0.4548
vt 0.8939 0.4522
vt 0.8931 0.4546
vt 0.9117 0.4502
vt 0.9134 0.4480
vt 0.8963 0.4450
vt 0.8955 0.4474
vt 0.7326 0.4503
vt 0.7338 0.4477
vt 0.7164 0.4536
vt 0.7156 0.4566
vt 0.7362 0.4424
vt 0.7374 0.4398
vt 0.7188 0.4445
vt 0.7180 0.4475
vt 0.7398 0.4345
vt 0.7410 0.4319
vt 0.7211 0.4354
vt 0.7204 0.4384
vt 0.8815 0.4634
vt 0.8819 0.4614
vt 0.8706 0.4639
vt 0.8701 0.4654
vt 0.8826 0.4573
vt 0.8829 0.4553
vt 0.8721 0.4593
vt 0.8716 0.4608
vt 0.8836 0.4512
vt 0.8840 0.4492
vt 0.8736 0.4547
vt 0.8731 0.4562
vt 0.8538 0.4661
vt 0.8546 0.4646
vt 0.8392 0.4639
vt 0.8386 0.4657
vt 0.8561 0.4616
vt 0.8568 0.4601
vt 0.8408 0.4586
vt 0.8403 0.4604
vt 0.8584 0.4571
vt 0.8591 0.4556
vt 0.8425 0.4533
vt 0.8420 0.4551
vt 0.6979 0.4515
vt 0.6984 0.4489
vt 0.6822 0.4419
vt 0.6819 0.4442
vt 0.6993 0.4435
vt 0.6998 0.4408
vt 0.6832 0.4350
vt 0.6828 0.4373
vt 0.7007 0.4354
vt 0.7012 0.4327
vt 0.6842 0.4281
vt 0.6838 0.4304
vt 0.8226 0.4622
vt 0.8225 0.4597
vt 0.7970 0.4542
vt 0.7966 0.4574
vt 0.8224 0.4548
vt 0.8223 0.4523
vt 0.7983 0.4446
vt 0.7979 0.4478
vt 0.8221 0.4473
vt 0.8221 0.4448
vt 0.7997 0.4350
vt 0.7992 0.4382
vt 0.6686 0.4363
vt 0.6687 0.4342
vt 0.6689 0.4301
vt 0.6690 0.4280
vt 0.6692 0.4239
vt 0.6693 0.4218
vt 0.9514 0.4851
vt 0.9517 0.4829
vt 0.9523 0.4784
vt 0.9526 0.4761
vt 0.9532 0.4717
vt 0.9535 0.4694
vt 0.4994 0.8745
vt 0.4991 0.8611
vt 0.4853 0.8638
vt 0.4846 0.8764
vt 0.4815 0.4462
vt 0.4847 0.4318
vt 0.4649 0.4279
vt 0.4660 0.4439
vt 0.5068 0.6790
vt 0.4976 0.6626
vt 0.4787 0.6563
vt 0.4827 0.6715
vt 0.6954 0.6783
vt 0.6835 0.6786
vt 0.6618 0.6943
vt 0.6638 0.6771
vt 0.6520 0.6778
vt 0.6368 0.6949
vt 0.6091 0.6916
vt 0.6286 0.6764
vt 0.6013 0.6732
vt 0.5855 0.6892
vt 0.5668 0.6901
vt 0.5778 0.6707
vt 0.5561 0.6739
vt 0.5519 0.6902
vt 0.5414 0.6897
vt 0.5399 0.6736
vt 0.5192 0.6699
vt 0.5259 0.6845
vt 0.6559 0.4780
vt 0.6470 0.4533
vt 0.6283 0.4423
vt 0.6368 0.4719
vt 0.6143 0.4654
vt 0.6126 0.4347
vt 0.5997 0.4327
vt 0.5975 0.4562
vt 0.5796 0.4535
vt 0.5833 0.4379
vt 0.5623 0.4389
vt 0.5590 0.4490
vt 0.5426 0.4458
vt 0.5468 0.4377
vt 0.5375 0.4364
vt 0.5318 0.4439
vt 0.5170 0.4464
vt 0.5274 0.4338
vt 0.5075 0.4325
vt 0.4988 0.4495
vt 0.6488 0.8886
vt 0.6504 0.8681
vt 0.6386 0.8676
vt 0.6398 0.8871
vt 0.6292 0.8843
vt 0.6273 0.8681
vt 0.6151 0.8694
vt 0.6164 0.8844
vt 0.6031 0.8853
vt 0.6003 0.8685
vt 0.5800 0.8574
vt 0.5921 0.8830
vt 0.5709 0.8755
vt 0.5612 0.8472
vt 0.5455 0.8448
vt 0.5535 0.8688
vt 0.5343 0.8725
vt 0.5268 0.8524
vt 0.5102 0.8580
vt 0.5140 0.8733
vt 0.4720 0.8768
vt 0.4735 0.8652
vt 0.4619 0.8650
vt 0.4559 0.8768
vt 0.4558 0.4434
vt 0.4527 0.4305
vt 0.4438 0.4339
vt 0.4468 0.4428
vt 0.4648 0.6689
vt 0.4668 0.6548
vt 0.4600 0.6563
vt 0.4507 0.6683
vt 0.4368 0.8775
vt 0.4439 0.8642
vt 0.4305 0.8662
vt 0.4246 0.8785
vt 0.4359 0.4411
vt 0.4337 0.4331
vt 0.4241 0.4312
vt 0.4261 0.4387
vt 0.4396 0.6689
vt 0.4496 0.6586
vt 0.4337 0.6617
vt 0.4254 0.6674
vt 0.4161 0.8784
vt 0.4191 0.8693
vt 0.4130 0.8718
vt 0.4120 0.8766
vt 0.4187 0.4385
vt 0.4170 0.4329
vt 0.4126 0.4340
vt 0.4141 0.4382
vt 0.4187 0.6625
vt 0.4114 0.6635
vt 0.4850 0.8221
vt 0.4695 0.8313
vt 0.4799 0.8433
vt 0.4953 0.8327
vt 0.4867 0.3816
vt 0.4618 0.3897
vt 0.4700 0.4055
vt 0.4875 0.4013
vt 0.5021 0.6319
vt 0.4819 0.6252
vt 0.4773 0.6365
vt 0.4942 0.6399
vt 0.6919 0.6337
vt 0.6756 0.6368
vt 0.6833 0.6524
vt 0.6952 0.6509
vt 0.6553 0.6356
vt 0.6324 0.6238
vt 0.6437 0.6456
vt 0.6636 0.6543
vt 0.6159 0.6143
vt 0.6019 0.6090
vt 0.6058 0.6275
vt 0.6216 0.6332
vt 0.5837 0.6108
vt 0.5661 0.6160
vt 0.5702 0.6332
vt 0.5878 0.6296
vt 0.5494 0.6278
vt 0.5293 0.6306
vt 0.5198 0.6461
vt 0.5454 0.6457
vt 0.6642 0.4013
vt 0.6534 0.3979
vt 0.6411 0.4084
vt 0.6510 0.4118
vt 0.6388 0.3933
vt 0.6174 0.3862
vt 0.6078 0.4031
vt 0.6271 0.4069
vt 0.5911 0.3816
vt 0.5707 0.3889
vt 0.5715 0.4058
vt 0.5890 0.4028
vt 0.5507 0.3936
vt 0.5339 0.3924
vt 0.5396 0.4141
vt 0.5544 0.4120
vt 0.5168 0.3864
vt 0.5003 0.3817
vt 0.5038 0.4024
vt 0.5229 0.4088
vt 0.6621 0.8025
vt 0.6479 0.8027
vt 0.6506 0.8229
vt 0.6623 0.8207
vt 0.6300 0.8072
vt 0.6114 0.8130
vt 0.6114 0.8342
vt 0.6300 0.8308
vt 0.5964 0.8137
vt 0.5798 0.8113
vt 0.5694 0.8243
vt 0.5904 0.8319
vt 0.5628 0.8082
vt 0.5445 0.8046
vt 0.5399 0.8220
vt 0.5533 0.8211
vt 0.5204 0.8038
vt 0.4995 0.8125
vt 0.5078 0.8256
vt 0.5237 0.8214
vt 0.4512 0.8322
vt 0.4326 0.8337
vt 0.4480 0.8491
vt 0.4649 0.8473
vt 0.4476 0.3945
vt 0.4391 0.4008
vt 0.4412 0.4144
vt 0.4551 0.4101
vt 0.4665 0.6239
vt 0.4527 0.6264
vt 0.4557 0.6376
vt 0.4646 0.6355
vt 0.4168 0.8321
vt 0.4074 0.8376
vt 0.4205 0.8458
vt 0.4325 0.8474
vt 0.4259 0.4101
vt 0.4168 0.4174
vt 0.4197 0.4222
vt 0.4282 0.4188
vt 0.4425 0.6327
vt 0.4320 0.6393
vt 0.4361 0.6430
vt 0.4482 0.6396
vt 0.4042 0.8510
vt 0.4062 0.8617
vt 0.4104 0.8637
vt 0.4133 0.8535
vt 0.4105 0.4220
vt 0.4072 0.4249
vt 0.4092 0.4275
vt 0.4132 0.4252
vt 0.4195 0.6458
vt 0.4119 0.6520
vt 0.4128 0.6550
vt 0.4204 0.6506
vt 0.4595 0.8997
vt 0.4490 0.9067
vt 0.4727 0.9088
vt 0.4757 0.8970
vt 0.6364 0.7264
vt 0.6334 0.7368
vt 0.6637 0.7443
vt 0.6720 0.7292
vt 0.6212 0.5325
vt 0.6362 0.5357
vt 0.4192 0.6579
vt 0.4121 0.6599
vt 0.6339 0.9128
vt 0.6353 0.9295
vt 0.6462 0.9342
vt 0.6457 0.9163
vt 0.4863 0.4205
vt 0.4664 0.4173
vt 0.4701 0.8569
vt 0.4564 0.8576
vt 0.6947 0.6646
vt 0.6842 0.6651
vt 0.6479 0.4286
vt 0.6332 0.4230
vt 0.4301 0.9012
vt 0.4290 0.9045
vt 0.4350 0.9060
vt 0.4395 0.9010
vt 0.6880 0.7309
vt 0.6762 0.7519
vt 0.6849 0.7565
vt 0.6948 0.7324
vt 0.6589 0.8476
vt 0.6450 0.8457
vt 0.4578 0.4597
vt 0.4472 0.4711
vt 0.4525 0.4758
vt 0.4622 0.4646
vt 0.6659 0.6656
vt 0.6514 0.6663
vt 0.6157 0.4174
vt 0.6025 0.4178
vt 0.4945 0.6515
vt 0.4780 0.6488
vt 0.6311 0.8516
vt 0.6146 0.8538
vt 0.4142 0.8856
vt 0.4134 0.8922
vt 0.4226 0.9013
vt 0.4238 0.8958
vt 0.6259 0.6549
vt 0.6050 0.6502
vt 0.5859 0.4164
vt 0.5665 0.4183
vt 0.4349 0.4546
vt 0.4288 0.4600
vt 0.4420 0.4665
vt 0.4482 0.4571
vt 0.4876 0.6992
vt 0.4866 0.7111
vt 0.5213 0.7172
vt 0.5241 0.7092
vt 0.5953 0.8480
vt 0.5721 0.8367
vt 0.4706 0.4719
vt 0.4690 0.4843
vt 0.4837 0.4878
vt 0.4846 0.4766
vt 0.4606 0.6920
vt 0.4561 0.7035
vt 0.4718 0.7080
vt 0.4774 0.6972
vt 0.4952 0.9008
vt 0.4939 0.9197
vt 0.5125 0.9286
vt 0.5151 0.9066
vt 0.5855 0.6502
vt 0.5647 0.6539
vt 0.5506 0.4238
vt 0.5383 0.4293
vt 0.5418 0.7100
vt 0.5391 0.7237
vt 0.5543 0.7298
vt 0.5563 0.7129
vt 0.5550 0.8320
vt 0.5421 0.8307
vt 0.4989 0.4771
vt 0.4954 0.4916
vt 0.5141 0.4926
vt 0.5160 0.4778
vt 0.4675 0.6486
vt 0.4605 0.6493
vt 0.4113 0.4499
vt 0.4172 0.4546
vt 0.6550 0.9160
vt 0.6568 0.9407
vt 0.6641 0.9414
vt 0.6617 0.9171
vt 0.5360 0.9134
vt 0.5338 0.9333
vt 0.5543 0.9346
vt 0.5555 0.9152
vt 0.5427 0.6531
vt 0.5171 0.6535
vt 0.5262 0.4275
vt 0.5057 0.4234
vt 0.4297 0.6844
vt 0.4287 0.6967
vt 0.4415 0.7012
vt 0.4449 0.6881
vt 0.5688 0.7162
vt 0.5679 0.7329
vt 0.5808 0.7352
vt 0.5809 0.7191
vt 0.5281 0.8346
vt 0.5115 0.8421
vt 0.5349 0.4796
vt 0.5346 0.4987
vt 0.5523 0.5116
vt 0.5562 0.4831
vt 0.4150 0.4281
vt 0.4107 0.4301
vt 0.4979 0.8487
vt 0.4830 0.8537
vt 0.5754 0.9067
vt 0.5708 0.9300
vt 0.5878 0.9229
vt 0.5936 0.9007
vt 0.4504 0.6497
vt 0.4318 0.6552
vt 0.5917 0.7241
vt 0.5909 0.7373
vt 0.6045 0.7375
vt 0.6063 0.7256
vt 0.5751 0.4963
vt 0.5754 0.5169
vt 0.5994 0.5268
vt 0.5949 0.5059
vt 0.4099 0.6746
vt 0.4089 0.6817
vt 0.4175 0.6880
vt 0.4168 0.6779
vt 0.6485 0.5375
vt 0.6584 0.5343
vt 0.6056 0.9053
vt 0.6050 0.9169
vt 0.6215 0.9240
vt 0.6211 0.9089
vt 0.5133 0.8911
vt 0.4954 0.8866
vt 0.4805 0.8873
vt 0.4874 0.4647
vt 0.4764 0.4597
vt 0.4659 0.4549
vt 0.5283 0.6939
vt 0.5011 0.6866
vt 0.4835 0.6875
vt 0.7029 0.6780
vt 0.7017 0.7158
vt 0.6936 0.7097
vt 0.6775 0.7092
vt 0.6481 0.7129
vt 0.6132 0.7124
vt 0.5945 0.7126
vt 0.5799 0.7102
vt 0.5647 0.7064
vt 0.5519 0.7030
vt 0.5414 0.6990
vt 0.6669 0.4797
vt 0.6601 0.4577
vt 0.6674 0.4956
vt 0.6596 0.4943
vt 0.6481 0.4914
vt 0.6184 0.4908
vt 0.5748 0.4744
vt 0.5558 0.4626
vt 0.5364 0.4605
vt 0.5217 0.4620
vt 0.5043 0.4636
vt 0.6590 0.8896
vt 0.6614 0.8705
vt 0.6587 0.9040
vt 0.6510 0.9026
vt 0.6426 0.9026
vt 0.6318 0.9007
vt 0.6204 0.8984
vt 0.6057 0.8954
vt 0.5950 0.8941
vt 0.5782 0.8972
vt 0.5561 0.8974
vt 0.5345 0.8972
vt 0.4673 0.8873
vt 0.4498 0.8888
vt 0.4570 0.4530
vt 0.4484 0.4516
vt 0.4653 0.6834
vt 0.4488 0.6803
vt 0.4311 0.8918
vt 0.4254 0.8897
vt 0.4379 0.4491
vt 0.4324 0.6780
vt 0.4195 0.6742
vt 0.4115 0.6724
vt 0.4082 0.6711
vt 0.4939 0.9197
vt 0.4727 0.9088
vt 0.4739 0.9258
vt 0.4887 0.9361
vt 0.5021 0.9479
vt 0.4690 0.4843
vt 0.4525 0.4758
vt 0.4490 0.4907
vt 0.4720 0.4994
vt 0.4848 0.5034
vt 0.4866 0.7111
vt 0.4718 0.7080
vt 0.4643 0.7231
vt 0.4868 0.7254
vt 0.5091 0.7279
vt 0.6762 0.7519
vt 0.6637 0.7443
vt 0.6624 0.7607
vt 0.6744 0.7699
vt 0.6807 0.7761
vt 0.7008 0.6344
vt 0.7020 0.6493
vt 0.6334 0.7368
vt 0.6045 0.7375
vt 0.6177 0.7483
vt 0.6452 0.7504
vt 0.5909 0.7373
vt 0.5808 0.7352
vt 0.5827 0.7509
vt 0.5983 0.7520
vt 0.5679 0.7329
vt 0.5543 0.7298
vt 0.5462 0.7431
vt 0.5640 0.7494
vt 0.5391 0.7237
vt 0.5279 0.7337
vt 0.6485 0.5375
vt 0.6362 0.5357
vt 0.6301 0.5584
vt 0.6415 0.5570
vt 0.6512 0.5551
vt 0.6714 0.4077
vt 0.6627 0.4168
vt 0.6212 0.5325
vt 0.5994 0.5268
vt 0.5941 0.5464
vt 0.6148 0.5559
vt 0.5754 0.5169
vt 0.5523 0.5116
vt 0.5479 0.5317
vt 0.5685 0.5373
vt 0.5346 0.4987
vt 0.5141 0.4926
vt 0.5196 0.5088
vt 0.5323 0.5185
vt 0.4954 0.4916
vt 0.5019 0.5050
vt 0.6568 0.9407
vt 0.6462 0.9342
vt 0.6455 0.9551
vt 0.6587 0.9594
vt 0.6682 0.9594
vt 0.6727 0.8049
vt 0.6712 0.8212
vt 0.6353 0.9295
vt 0.6215 0.9240
vt 0.6121 0.9396
vt 0.6289 0.9480
vt 0.6050 0.9169
vt 0.5878 0.9229
vt 0.5815 0.9436
vt 0.5976 0.9385
vt 0.5708 0.9300
vt 0.5543 0.9346
vt 0.5480 0.9545
vt 0.5658 0.9501
vt 0.5338 0.9333
vt 0.5236 0.9558
vt 0.4490 0.9067
vt 0.4350 0.9060
vt 0.4380 0.9233
vt 0.4559 0.9236
vt 0.4472 0.4711
vt 0.4420 0.4665
vt 0.4318 0.4743
vt 0.4382 0.4810
vt 0.4561 0.7035
vt 0.4415 0.7012
vt 0.4365 0.7185
vt 0.4495 0.7209
vt 0.4290 0.9045
vt 0.4226 0.9013
vt 0.4177 0.9090
vt 0.4259 0.9156
vt 0.4288 0.4600
vt 0.4172 0.4546
vt 0.4092 0.4593
vt 0.4189 0.4661
vt 0.4287 0.6967
vt 0.4175 0.6880
vt 0.4169 0.7051
vt 0.4261 0.7135
vt 0.4134 0.8922
vt 0.4088 0.8866
vt 0.4058 0.8887
vt 0.4104 0.8979
vt 0.4113 0.4499
vt 0.4084 0.4471
vt 0.4042 0.4487
vt 0.4060 0.4525
vt 0.4089 0.6817
vt 0.4056 0.6791
vt 0.4042 0.6846
vt 0.4075 0.6939
vt 0.7013 0.6653
vt 0.4102 0.8829
vt 0.4121 0.4447
vt 0.5561 0.8974
vt 0.4072 0.6743
vt 0.7900 0.8816
vt 0.7920 0.8638
vt 0.7797 0.8624
vt 0.7726 0.8811
vt 0.7587 0.4949
vt 0.7663 0.4710
vt 0.7445 0.4635
vt 0.7408 0.4919
vt 0.7839 0.6915
vt 0.7604 0.6805
vt 0.9684 0.7128
vt 0.9739 0.7008
vt 0.9593 0.6993
vt 0.9554 0.7116
vt 0.9429 0.7111
vt 0.9472 0.6989
vt 0.9390 0.6992
vt 0.9207 0.7181
vt 0.8970 0.7192
vt 0.9179 0.6998
vt 0.8913 0.6987
vt 0.8747 0.7187
vt 0.8563 0.7207
vt 0.8668 0.6986
vt 0.8450 0.7003
vt 0.8419 0.7204
vt 0.8301 0.7209
vt 0.8285 0.7005
vt 0.8070 0.6993
vt 0.8134 0.7171
vt 0.9456 0.5156
vt 0.9373 0.4960
vt 0.9201 0.4847
vt 0.9322 0.5114
vt 0.9107 0.4992
vt 0.9005 0.4734
vt 0.8897 0.4702
vt 0.8939 0.4873
vt 0.8791 0.4887
vt 0.8788 0.4708
vt 0.8649 0.4751
vt 0.8592 0.4919
vt 0.8399 0.4914
vt 0.8470 0.4782
vt 0.8339 0.4776
vt 0.8262 0.4888
vt 0.8069 0.4897
vt 0.8206 0.4748
vt 0.7940 0.4743
vt 0.7816 0.4949
vt 0.9525 0.9077
vt 0.9477 0.8898
vt 0.9384 0.8894
vt 0.9427 0.9078
vt 0.9292 0.9092
vt 0.9241 0.8887
vt 0.9094 0.8886
vt 0.9142 0.9084
vt 0.8995 0.9050
vt 0.8940 0.8863
vt 0.8745 0.8765
vt 0.8874 0.9025
vt 0.8662 0.8917
vt 0.8549 0.8647
vt 0.8392 0.8596
vt 0.8462 0.8834
vt 0.8262 0.8845
vt 0.8213 0.8630
vt 0.8054 0.8636
vt 0.8059 0.8838
vt 0.7584 0.8813
vt 0.7681 0.8643
vt 0.7558 0.8648
vt 0.7422 0.8808
vt 0.7287 0.4896
vt 0.7274 0.4667
vt 0.7138 0.4718
vt 0.7169 0.4874
vt 0.7439 0.6785
vt 0.7333 0.6764
vt 0.7129 0.8854
vt 0.7338 0.8640
vt 0.7078 0.8703
vt 0.6838 0.8926
vt 0.7028 0.4860
vt 0.6984 0.4709
vt 0.6828 0.4651
vt 0.6877 0.4841
vt 0.7249 0.6751
vt 0.7165 0.6774
vt 0.6708 0.8931
vt 0.6842 0.8711
vt 0.6815 0.4105
vt 0.6694 0.4197
vt 0.7088 0.6782
vt 0.7894 0.8163
vt 0.7675 0.8199
vt 0.7812 0.8428
vt 0.7969 0.8373
vt 0.7816 0.4026
vt 0.7612 0.4017
vt 0.7606 0.4259
vt 0.7807 0.4255
vt 0.7931 0.6513
vt 0.7737 0.6403
vt 0.7614 0.6529
vt 0.7797 0.6603
vt 0.9737 0.6569
vt 0.9593 0.6595
vt 0.9657 0.6769
vt 0.9780 0.6731
vt 0.9405 0.6568
vt 0.9188 0.6460
vt 0.9314 0.6687
vt 0.9503 0.6793
vt 0.9032 0.6377
vt 0.8898 0.6326
vt 0.8940 0.6525
vt 0.9096 0.6578
vt 0.8693 0.6322
vt 0.8498 0.6320
vt 0.8552 0.6540
vt 0.8738 0.6533
vt 0.8350 0.6427
vt 0.8175 0.6477
vt 0.8081 0.6699
vt 0.8331 0.6702
vt 0.9615 0.4519
vt 0.9489 0.4431
vt 0.9319 0.4536
vt 0.9437 0.4610
vt 0.9315 0.4348
vt 0.9081 0.4255
vt 0.8971 0.4427
vt 0.9150 0.4457
vt 0.8866 0.4247
vt 0.8722 0.4324
vt 0.8741 0.4532
vt 0.8844 0.4472
vt 0.8553 0.4328
vt 0.8355 0.4281
vt 0.8431 0.4515
vt 0.8599 0.4541
vt 0.8146 0.4185
vt 0.7959 0.4086
vt 0.8001 0.4318
vt 0.8220 0.4423
vt 0.9675 0.8429
vt 0.9554 0.8401
vt 0.9446 0.8590
vt 0.9552 0.8594
vt 0.9361 0.8408
vt 0.9191 0.8416
vt 0.9078 0.8610
vt 0.9265 0.8609
vt 0.9029 0.8401
vt 0.8847 0.8344
vt 0.8686 0.8448
vt 0.8882 0.8554
vt 0.8664 0.8276
vt 0.8493 0.8213
vt 0.8389 0.8372
vt 0.8525 0.8391
vt 0.8283 0.8149
vt 0.8072 0.8146
vt 0.8084 0.8323
vt 0.8238 0.8327
vt 0.7441 0.8167
vt 0.7201 0.8180
vt 0.7433 0.8380
vt 0.7635 0.8411
vt 0.7434 0.4017
vt 0.7264 0.4068
vt 0.7219 0.4324
vt 0.7422 0.4293
vt 0.7591 0.6341
vt 0.7455 0.6290
vt 0.7367 0.6450
vt 0.7479 0.6472
vt 0.7050 0.8124
vt 0.6938 0.8086
vt 0.7008 0.8200
vt 0.7182 0.8300
vt 0.7116 0.4135
vt 0.6955 0.4130
vt 0.6845 0.4258
vt 0.7016 0.4301
vt 0.7332 0.6277
vt 0.7209 0.6316
vt 0.7179 0.6485
vt 0.7270 0.6466
vt 0.6839 0.8077
vt 0.6864 0.8175
vt 0.6762 0.4812
vt 0.6720 0.4601
vt 0.7109 0.6342
vt 0.7102 0.6487
vt 0.7392 0.9098
vt 0.7270 0.9255
vt 0.7555 0.9218
vt 0.7563 0.9070
vt 0.9212 0.7481
vt 0.9219 0.7575
vt 0.9508 0.7574
vt 0.9502 0.7447
vt 0.9175 0.5679
vt 0.9342 0.5651
vt 0.7068 0.6655
vt 0.9336 0.9357
vt 0.9333 0.9494
vt 0.9484 0.9542
vt 0.9483 0.9399
vt 0.9773 0.6854
vt 0.9671 0.6873
vt 0.6931 0.9208
vt 0.6928 0.9391
vt 0.7062 0.9351
vt 0.7106 0.9173
vt 0.9641 0.7437
vt 0.9658 0.7595
vt 0.9748 0.7608
vt 0.9753 0.7434
vt 0.7286 0.5322
vt 0.7408 0.5370
vt 0.9536 0.6886
vt 0.9394 0.6893
vt 0.7792 0.6754
vt 0.7586 0.6692
vt 0.6697 0.9182
vt 0.6723 0.9419
vt 0.6812 0.9423
vt 0.6792 0.9202
vt 0.9161 0.6787
vt 0.8945 0.6755
vt 0.7001 0.5218
vt 0.7168 0.5269
vt 0.7823 0.7418
vt 0.7799 0.7580
vt 0.8140 0.7557
vt 0.8167 0.7472
vt 0.7548 0.5408
vt 0.7674 0.5442
vt 0.7564 0.7393
vt 0.7492 0.7565
vt 0.7648 0.7581
vt 0.7727 0.7422
vt 0.7810 0.9157
vt 0.7845 0.9368
vt 0.8053 0.9446
vt 0.8053 0.9226
vt 0.8738 0.6754
vt 0.8526 0.6792
vt 0.8538 0.4661
vt 0.8386 0.4657
vt 0.8306 0.7496
vt 0.8324 0.7608
vt 0.8437 0.7638
vt 0.8428 0.7506
vt 0.7844 0.5295
vt 0.7849 0.5472
vt 0.8091 0.5463
vt 0.8082 0.5298
vt 0.7464 0.6636
vt 0.7349 0.6610
vt 0.6686 0.5298
vt 0.6823 0.5242
vt 0.9588 0.9402
vt 0.9584 0.9553
vt 0.9656 0.9547
vt 0.9671 0.9386
vt 0.8285 0.9304
vt 0.8263 0.9497
vt 0.8456 0.9520
vt 0.8495 0.9335
vt 0.8305 0.6792
vt 0.8050 0.6797
vt 0.7258 0.7343
vt 0.7231 0.7552
vt 0.7356 0.7560
vt 0.7417 0.7377
vt 0.8587 0.7508
vt 0.8587 0.7656
vt 0.8738 0.7640
vt 0.8717 0.7529
vt 0.8239 0.8456
vt 0.8067 0.8484
vt 0.8360 0.5502
vt 0.8545 0.5629
vt 0.7954 0.8498
vt 0.7818 0.8538
vt 0.8736 0.9271
vt 0.8650 0.9487
vt 0.8862 0.9448
vt 0.8940 0.9268
vt 0.7250 0.6613
vt 0.7151 0.6649
vt 0.8822 0.7532
vt 0.8837 0.7641
vt 0.8958 0.7627
vt 0.8954 0.7517
vt 0.8743 0.5644
vt 0.8977 0.5688
vt 0.7048 0.7320
vt 0.6972 0.7563
vt 0.7097 0.7555
vt 0.7154 0.7341
vt 0.9463 0.5632
vt 0.9540 0.5626
vt 0.9079 0.9295
vt 0.9036 0.9427
vt 0.9190 0.9437
vt 0.9201 0.9315
vt 0.7665 0.5159
vt 0.7509 0.5122
vt 0.7380 0.5086
vt 0.8165 0.7314
vt 0.7931 0.7243
vt 0.7779 0.7273
vt 0.9810 0.7144
vt 0.9833 0.7016
vt 0.9735 0.7273
vt 0.9634 0.7256
vt 0.9511 0.7249
vt 0.9293 0.7339
vt 0.9007 0.7389
vt 0.8836 0.7420
vt 0.8702 0.7416
vt 0.8548 0.7385
vt 0.8395 0.7393
vt 0.8293 0.7371
vt 0.9552 0.5173
vt 0.9475 0.5011
vt 0.8126 0.5075
vt 0.7895 0.5112
vt 0.9612 0.9076
vt 0.9548 0.8909
vt 0.9063 0.9208
vt 0.8915 0.9173
vt 0.8759 0.9168
vt 0.7288 0.5060
vt 0.7189 0.5035
vt 0.7590 0.7249
vt 0.7406 0.7227
vt 0.7066 0.4991
vt 0.7260 0.7218
vt 0.7154 0.7193
vt 0.6814 0.4955
vt 0.7089 0.7184
vt 0.7845 0.9368
vt 0.7555 0.9218
vt 0.7634 0.9446
vt 0.7807 0.9572
vt 0.7945 0.9678
vt 0.7548 0.5408
vt 0.7408 0.5370
vt 0.7409 0.5556
vt 0.7611 0.5586
vt 0.7768 0.5616
vt 0.7799 0.7580
vt 0.7648 0.7581
vt 0.7542 0.7793
vt 0.7777 0.7767
vt 0.8004 0.7753
vt 0.9658 0.7595
vt 0.9508 0.7574
vt 0.9593 0.7732
vt 0.9754 0.7739
vt 0.9854 0.7727
vt 0.9827 0.6586
vt 0.9856 0.6729
vt 0.9219 0.7575
vt 0.8958 0.7627
vt 0.9119 0.7720
vt 0.9386 0.7680
vt 0.8837 0.7641
vt 0.8738 0.7640
vt 0.8780 0.7804
vt 0.8936 0.7786
vt 0.8587 0.7656
vt 0.8437 0.7638
vt 0.8371 0.7812
vt 0.8570 0.7830
vt 0.8324 0.7608
vt 0.8188 0.7774
vt 0.9463 0.5632
vt 0.9342 0.5651
vt 0.9257 0.5867
vt 0.9393 0.5825
vt 0.9514 0.5774
vt 0.9714 0.4619
vt 0.9539 0.4672
vt 0.9175 0.5679
vt 0.8977 0.5688
vt 0.8851 0.5873
vt 0.9083 0.5895
vt 0.8743 0.5644
vt 0.8545 0.5629
vt 0.8518 0.5845
vt 0.8659 0.5856
vt 0.8360 0.5502
vt 0.8091 0.5463
vt 0.8219 0.5637
vt 0.8402 0.5731
vt 0.7849 0.5472
vt 0.7983 0.5612
vt 0.9584 0.9553
vt 0.9484 0.9542
vt 0.9416 0.9724
vt 0.9540 0.9739
vt 0.9649 0.9721
vt 0.9761 0.8487
vt 0.9625 0.8611
vt 0.9333 0.9494
vt 0.9190 0.9437
vt 0.9062 0.9632
vt 0.9227 0.9674
vt 0.9036 0.9427
vt 0.8862 0.9448
vt 0.8716 0.9637
vt 0.8900 0.9616
vt 0.8650 0.9487
vt 0.8456 0.9520
vt 0.8365 0.9729
vt 0.8537 0.9691
vt 0.8263 0.9497
vt 0.8147 0.9739
vt 0.7270 0.9255
vt 0.7062 0.9351
vt 0.7193 0.9511
vt 0.7406 0.9415
vt 0.7286 0.5322
vt 0.7168 0.5269
vt 0.7067 0.5413
vt 0.7226 0.5501
vt 0.7492 0.7565
vt 0.7356 0.7560
vt 0.7245 0.7830
vt 0.7385 0.7816
vt 0.6928 0.9391
vt 0.6812 0.9423
vt 0.6906 0.9607
vt 0.7030 0.9567
vt 0.7001 0.5218
vt 0.6823 0.5242
vt 0.6739 0.5439
vt 0.6894 0.5395
vt 0.7231 0.7552
vt 0.7097 0.7555
vt 0.6988 0.7825
vt 0.7122 0.7816
vt 0.6723 0.9419
vt 0.6802 0.9607
vt 0.6686 0.5298
vt 0.6614 0.5509
vt 0.6972 0.7563
vt 0.6883 0.7825
vt 0.9875 0.6858
vt 0.4176 0.8651
vt 0.4123 0.8688
vt 0.4121 0.8682
vt 0.4173 0.8642
vt 0.4227 0.4266
vt 0.4156 0.4295
vt 0.4154 0.4290
vt 0.4225 0.4260
vt 0.4191 0.8693
vt 0.4130 0.8718
vt 0.3203 0.2706
vt 0.3300 0.2665
vt 0.3285 0.2589
vt 0.3197 0.2625
vt 0.3452 0.2637
vt 0.3423 0.2543
vt 0.3616 0.2590
vt 0.3591 0.2463
vt 0.3977 0.2622
vt 0.3932 0.2457
vt 0.4319 0.2735
vt 0.4285 0.2575
vt 0.4584 0.2726
vt 0.4577 0.2651
vt 0.4856 0.2695
vt 0.4853 0.2656
vt 0.5181 0.2549
vt 0.5178 0.2537
vt 0.3193 0.2598
vt 0.3288 0.2552
vt 0.3275 0.2477
vt 0.3189 0.2512
vt 0.3438 0.2518
vt 0.3420 0.2437
vt 0.3626 0.2519
vt 0.3620 0.2441
vt 0.4040 0.2628
vt 0.4019 0.2552
vt 0.4359 0.2784
vt 0.4341 0.2694
vt 0.4585 0.2887
vt 0.4585 0.2828
vt 0.4804 0.2893
vt 0.4803 0.2870
vt 0.5034 0.2870
vt 0.5039 0.2855
vt 0.3203 0.2729
vt 0.3307 0.2686
vt 0.3291 0.2603
vt 0.3199 0.2645
vt 0.3476 0.2640
vt 0.3443 0.2524
vt 0.3671 0.2570
vt 0.3641 0.2409
vt 0.4046 0.2636
vt 0.4001 0.2444
vt 0.4345 0.2732
vt 0.4303 0.2543
vt 0.4538 0.2667
vt 0.4532 0.2577
vt 0.4760 0.2666
vt 0.4757 0.2624
vt 0.5015 0.2551
vt 0.5012 0.2538
vt 0.3183 0.2650
vt 0.3289 0.2572
vt 0.3267 0.2487
vt 0.3170 0.2552
vt 0.3447 0.2442
vt 0.3425 0.2347
vt 0.3680 0.2284
vt 0.3694 0.2192
vt 0.4009 0.2258
vt 0.4014 0.2155
vt 0.4350 0.2416
vt 0.4342 0.2307
vt 0.4781 0.2608
vt 0.4783 0.2547
vt 0.5257 0.2602
vt 0.5251 0.2562
vt 0.5675 0.2612
vt 0.5671 0.2598
vt 0.3170 0.2614
vt 0.3279 0.2544
vt 0.3258 0.2462
vt 0.3157 0.2521
vt 0.3440 0.2407
vt 0.3429 0.2341
vt 0.3675 0.2301
vt 0.3688 0.2256
vt 0.4032 0.2304
vt 0.4041 0.2259
vt 0.4369 0.2467
vt 0.4350 0.2403
vt 0.4707 0.2674
vt 0.4697 0.2617
vt 0.5024 0.2681
vt 0.5017 0.2652
vt 0.5340 0.2669
vt 0.5344 0.2651
vt 0.3217 0.2654
vt 0.3323 0.2574
vt 0.3295 0.2476
vt 0.3202 0.2554
vt 0.3500 0.2433
vt 0.3466 0.2316
vt 0.3752 0.2294
vt 0.3752 0.2179
vt 0.4063 0.2224
vt 0.4063 0.2125
vt 0.4347 0.2257
vt 0.4351 0.2174
vt 0.4662 0.2405
vt 0.4658 0.2343
vt 0.4990 0.2515
vt 0.4986 0.2477
vt 0.5418 0.2587
vt 0.5414 0.2574
vt 0.3181 0.2751
vt 0.3261 0.2744
vt 0.3256 0.2697
vt 0.3175 0.2712
vt 0.3387 0.2869
vt 0.3392 0.2793
vt 0.3542 0.3024
vt 0.3540 0.2972
vt 0.3888 0.3049
vt 0.3948 0.2995
vt 0.4160 0.3043
vt 0.4239 0.2996
vt 0.4485 0.2928
vt 0.4511 0.2906
vt 0.4792 0.2820
vt 0.4801 0.2810
vt 0.5129 0.2733
vt 0.5130 0.2733
vt 0.3185 0.2788
vt 0.3291 0.2775
vt 0.3283 0.2741
vt 0.3185 0.2742
vt 0.3417 0.2939
vt 0.3422 0.2893
vt 0.3589 0.3106
vt 0.3600 0.3090
vt 0.3970 0.3131
vt 0.4007 0.3143
vt 0.4265 0.3084
vt 0.4320 0.3086
vt 0.4566 0.2959
vt 0.4578 0.2952
vt 0.4835 0.2879
vt 0.4836 0.2878
vt 0.5082 0.2815
vt 0.5088 0.2814
vt 0.3204 0.2701
vt 0.3309 0.2636
vt 0.3296 0.2594
vt 0.3203 0.2644
vt 0.3486 0.2654
vt 0.3470 0.2585
vt 0.3671 0.2695
vt 0.3683 0.2626
vt 0.3901 0.2785
vt 0.3940 0.2739
vt 0.4116 0.2828
vt 0.4176 0.2786
vt 0.4423 0.2776
vt 0.4451 0.2742
vt 0.4698 0.2714
vt 0.4707 0.2701
vt 0.4985 0.2649
vt 0.4986 0.2650
vt 0.3189 0.2680
vt 0.3299 0.2608
vt 0.3281 0.2560
vt 0.3182 0.2616
vt 0.3487 0.2597
vt 0.3450 0.2521
vt 0.3720 0.2617
vt 0.3690 0.2500
vt 0.4094 0.2733
vt 0.4126 0.2610
vt 0.4362 0.2755
vt 0.4413 0.2648
vt 0.4748 0.2720
vt 0.4769 0.2700
vt 0.5302 0.2696
vt 0.5303 0.2682
vt 0.5780 0.2624
vt 0.5777 0.2625
vt 0.3170 0.2787
vt 0.3293 0.2749
vt 0.3277 0.2701
vt 0.3163 0.2725
vt 0.3466 0.2836
vt 0.3471 0.2767
vt 0.3709 0.2922
vt 0.3738 0.2884
vt 0.4208 0.2946
vt 0.4261 0.2961
vt 0.4429 0.2898
vt 0.4484 0.2904
vt 0.4691 0.2855
vt 0.4698 0.2854
vt 0.5018 0.2848
vt 0.5016 0.2844
vt 0.5351 0.2800
vt 0.5357 0.2799
vt 0.3196 0.2644
vt 0.3306 0.2550
vt 0.3283 0.2502
vt 0.3188 0.2580
vt 0.3501 0.2498
vt 0.3461 0.2411
vt 0.3733 0.2475
vt 0.3720 0.2367
vt 0.4024 0.2459
vt 0.4052 0.2336
vt 0.4321 0.2420
vt 0.4366 0.2308
vt 0.4656 0.2502
vt 0.4670 0.2472
vt 0.5000 0.2555
vt 0.5002 0.2543
vt 0.5425 0.2552
vt 0.5422 0.2553
vt 0.3193 0.2668
vt 0.3270 0.2638
vt 0.3257 0.2571
vt 0.3188 0.2600
vt 0.3396 0.2593
vt 0.3373 0.2510
vt 0.3519 0.2532
vt 0.3504 0.2423
vt 0.3741 0.2547
vt 0.3729 0.2404
vt 0.4058 0.2623
vt 0.4021 0.2467
vt 0.4393 0.2634
vt 0.4355 0.2533
vt 0.4596 0.2636
vt 0.4587 0.2584
vt 0.4809 0.2620
vt 0.4806 0.2606
vt 0.3180 0.2594
vt 0.3259 0.2566
vt 0.3247 0.2500
vt 0.3176 0.2524
vt 0.3380 0.2527
vt 0.3364 0.2454
vt 0.3506 0.2506
vt 0.3502 0.2427
vt 0.3752 0.2553
vt 0.3746 0.2459
vt 0.4095 0.2654
vt 0.4065 0.2536
vt 0.4445 0.2787
vt 0.4423 0.2704
vt 0.4603 0.2820
vt 0.4600 0.2783
vt 0.4761 0.2841
vt 0.4764 0.2826
vt 0.3218 0.2704
vt 0.3300 0.2683
vt 0.3285 0.2611
vt 0.3213 0.2635
vt 0.3436 0.2654
vt 0.3412 0.2560
vt 0.3580 0.2613
vt 0.3559 0.2488
vt 0.3823 0.2655
vt 0.3812 0.2507
vt 0.4103 0.2724
vt 0.4073 0.2561
vt 0.4355 0.2665
vt 0.4320 0.2554
vt 0.4520 0.2602
vt 0.4511 0.2541
vt 0.4706 0.2570
vt 0.4704 0.2553
vt 0.3199 0.2633
vt 0.3282 0.2585
vt 0.3260 0.2506
vt 0.3186 0.2553
vt 0.3413 0.2490
vt 0.3385 0.2398
vt 0.3569 0.2364
vt 0.3567 0.2265
vt 0.3831 0.2323
vt 0.3843 0.2212
vt 0.4116 0.2376
vt 0.4110 0.2247
vt 0.4528 0.2508
vt 0.4523 0.2432
vt 0.4877 0.2624
vt 0.4871 0.2585
vt 0.5216 0.2520
vt 0.5212 0.2505
vt 0.3210 0.2609
vt 0.3293 0.2556
vt 0.3273 0.2483
vt 0.3197 0.2534
vt 0.3412 0.2421
vt 0.3397 0.2349
vt 0.3577 0.2314
vt 0.3588 0.2246
vt 0.3857 0.2302
vt 0.3874 0.2219
vt 0.4137 0.2401
vt 0.4113 0.2287
vt 0.4488 0.2582
vt 0.4457 0.2494
vt 0.4718 0.2705
vt 0.4710 0.2668
vt 0.4932 0.2711
vt 0.4933 0.2692
vt 0.3221 0.2651
vt 0.3310 0.2614
vt 0.3285 0.2528
vt 0.3207 0.2569
vt 0.3462 0.2543
vt 0.3426 0.2438
vt 0.3639 0.2459
vt 0.3621 0.2340
vt 0.3888 0.2398
vt 0.3885 0.2270
vt 0.4119 0.2353
vt 0.4118 0.2232
vt 0.4417 0.2373
vt 0.4409 0.2297
vt 0.4678 0.2532
vt 0.4673 0.2491
vt 0.4949 0.2557
vt 0.4945 0.2542
vt 0.3195 0.2764
vt 0.3259 0.2769
vt 0.3254 0.2713
vt 0.3189 0.2720
vt 0.3361 0.2870
vt 0.3366 0.2790
vt 0.3470 0.3005
vt 0.3476 0.2938
vt 0.3695 0.3053
vt 0.3726 0.2987
vt 0.3981 0.3058
vt 0.4043 0.2994
vt 0.4313 0.3018
vt 0.4344 0.2976
vt 0.4554 0.2903
vt 0.4561 0.2879
vt 0.4788 0.2797
vt 0.4789 0.2794
vt 0.3198 0.2777
vt 0.3283 0.2766
vt 0.3275 0.2722
vt 0.3197 0.2724
vt 0.3392 0.2879
vt 0.3396 0.2823
vt 0.3495 0.3022
vt 0.3509 0.2984
vt 0.3733 0.3094
vt 0.3767 0.3079
vt 0.3991 0.3116
vt 0.4033 0.3101
vt 0.4286 0.3121
vt 0.4303 0.3107
vt 0.4564 0.3008
vt 0.4567 0.3003
vt 0.4757 0.2932
vt 0.4763 0.2927
vt 0.3224 0.2750
vt 0.3308 0.2717
vt 0.3300 0.2665
vt 0.3221 0.2687
vt 0.3436 0.2769
vt 0.3437 0.2700
vt 0.3570 0.2841
vt 0.3580 0.2773
vt 0.3763 0.2932
vt 0.3794 0.2879
vt 0.3965 0.2970
vt 0.4015 0.2913
vt 0.4247 0.2925
vt 0.4269 0.2882
vt 0.4468 0.2828
vt 0.4476 0.2794
vt 0.4681 0.2727
vt 0.4683 0.2722
vt 0.3200 0.2698
vt 0.3290 0.2646
vt 0.3272 0.2585
vt 0.3192 0.2627
vt 0.3443 0.2653
vt 0.3416 0.2565
vt 0.3606 0.2688
vt 0.3596 0.2566
vt 0.3875 0.2780
vt 0.3905 0.2662
vt 0.4180 0.2845
vt 0.4229 0.2722
vt 0.4505 0.2784
vt 0.4519 0.2725
vt 0.4848 0.2744
vt 0.4851 0.2723
vt 0.5200 0.2649
vt 0.5198 0.2644
vt 0.3186 0.2776
vt 0.3284 0.2742
vt 0.3270 0.2684
vt 0.3179 0.2707
vt 0.3430 0.2793
vt 0.3429 0.2714
vt 0.3583 0.2862
vt 0.3610 0.2794
vt 0.3943 0.2898
vt 0.4007 0.2872
vt 0.4208 0.2923
vt 0.4279 0.2893
vt 0.4448 0.2920
vt 0.4464 0.2887
vt 0.4671 0.2871
vt 0.4672 0.2860
vt 0.4885 0.2834
vt 0.4891 0.2828
vt 0.3229 0.2702
vt 0.3324 0.2650
vt 0.3304 0.2586
vt 0.3221 0.2630
vt 0.3485 0.2656
vt 0.3459 0.2562
vt 0.3664 0.2675
vt 0.3661 0.2567
vt 0.3907 0.2688
vt 0.3922 0.2569
vt 0.4147 0.2651
vt 0.4179 0.2493
vt 0.4457 0.2595
vt 0.4469 0.2521
vt 0.4728 0.2661
vt 0.4731 0.2640
vt 0.5014 0.2654
vt 0.5013 0.2650
vt 0.3203 0.2711
vt 0.3299 0.2665
vt 0.3285 0.2595
vt 0.3197 0.2630
vt 0.3447 0.2651
vt 0.3425 0.2578
vt 0.3610 0.2658
vt 0.3597 0.2572
vt 0.3963 0.2726
vt 0.3982 0.2649
vt 0.4307 0.2814
vt 0.4331 0.2736
vt 0.4584 0.2774
vt 0.4584 0.2718
vt 0.4856 0.2700
vt 0.4853 0.2661
vt 0.5182 0.2555
vt 0.5178 0.2542
vt 0.3193 0.2603
vt 0.3288 0.2560
vt 0.3276 0.2486
vt 0.3189 0.2517
vt 0.3441 0.2561
vt 0.3421 0.2491
vt 0.3632 0.2619
vt 0.3623 0.2564
vt 0.4030 0.2739
vt 0.4057 0.2708
vt 0.4340 0.2840
vt 0.4359 0.2801
vt 0.4578 0.2892
vt 0.4580 0.2852
vt 0.4804 0.2898
vt 0.4802 0.2875
vt 0.5033 0.2875
vt 0.5039 0.2861
vt 0.3203 0.2734
vt 0.3306 0.2681
vt 0.3291 0.2607
vt 0.3199 0.2650
vt 0.3468 0.2639
vt 0.3444 0.2557
vt 0.3656 0.2631
vt 0.3646 0.2539
vt 0.4004 0.2714
vt 0.4025 0.2636
vt 0.4304 0.2779
vt 0.4322 0.2688
vt 0.4533 0.2711
vt 0.4534 0.2648
vt 0.4760 0.2673
vt 0.4758 0.2631
vt 0.5016 0.2556
vt 0.5013 0.2544
vt 0.3183 0.2655
vt 0.3289 0.2579
vt 0.3267 0.2495
vt 0.3170 0.2557
vt 0.3451 0.2503
vt 0.3424 0.2414
vt 0.3667 0.2463
vt 0.3655 0.2364
vt 0.4082 0.2541
vt 0.4066 0.2434
vt 0.4406 0.2595
vt 0.4404 0.2492
vt 0.4782 0.2614
vt 0.4784 0.2554
vt 0.5257 0.2607
vt 0.5251 0.2567
vt 0.5675 0.2617
vt 0.5671 0.2603
vt 0.3170 0.2619
vt 0.3280 0.2551
vt 0.3259 0.2469
vt 0.3157 0.2526
vt 0.3441 0.2475
vt 0.3424 0.2401
vt 0.3657 0.2473
vt 0.3652 0.2410
vt 0.4121 0.2579
vt 0.4130 0.2533
vt 0.4421 0.2634
vt 0.4427 0.2588
vt 0.4708 0.2692
vt 0.5025 0.2687
vt 0.5017 0.2657
vt 0.4699 0.2641
vt 0.5340 0.2674
vt 0.5344 0.2656
vt 0.3217 0.2659
vt 0.3322 0.2575
vt 0.3295 0.2487
vt 0.3202 0.2559
vt 0.3502 0.2493
vt 0.3466 0.2396
vt 0.3749 0.2460
vt 0.3735 0.2357
vt 0.4098 0.2450
vt 0.4102 0.2338
vt 0.4367 0.2402
vt 0.4381 0.2298
vt 0.4664 0.2425
vt 0.4660 0.2362
vt 0.4991 0.2520
vt 0.4986 0.2482
vt 0.5418 0.2592
vt 0.5414 0.2579
vt 0.3181 0.2755
vt 0.3259 0.2738
vt 0.3255 0.2696
vt 0.3175 0.2717
vt 0.3388 0.2812
vt 0.3392 0.2750
vt 0.3528 0.2905
vt 0.3537 0.2862
vt 0.3838 0.2903
vt 0.3890 0.2873
vt 0.4134 0.2911
vt 0.4210 0.2893
vt 0.4479 0.2885
vt 0.4505 0.2867
vt 0.4792 0.2825
vt 0.4800 0.2815
vt 0.5129 0.2738
vt 0.5129 0.2739
vt 0.3185 0.2792
vt 0.3288 0.2765
vt 0.3282 0.2737
vt 0.3185 0.2747
vt 0.3418 0.2873
vt 0.3422 0.2844
vt 0.3553 0.2995
vt 0.3571 0.2993
vt 0.3932 0.2986
vt 0.3987 0.3011
vt 0.4259 0.2972
vt 0.4319 0.2994
vt 0.4562 0.2928
vt 0.4574 0.2927
vt 0.4835 0.2884
vt 0.4836 0.2883
vt 0.5081 0.2820
vt 0.5087 0.2819
vt 0.3204 0.2705
vt 0.3307 0.2629
vt 0.3295 0.2591
vt 0.3203 0.2649
vt 0.3478 0.2616
vt 0.3461 0.2571
vt 0.3660 0.2635
vt 0.3667 0.2601
vt 0.3880 0.2696
vt 0.3912 0.2672
vt 0.4096 0.2744
vt 0.4152 0.2715
vt 0.4418 0.2740
vt 0.4444 0.2715
vt 0.4698 0.2720
vt 0.4707 0.2707
vt 0.4985 0.2654
vt 0.4986 0.2656
vt 0.3189 0.2685
vt 0.3298 0.2605
vt 0.3281 0.2566
vt 0.3181 0.2621
vt 0.3478 0.2599
vt 0.3451 0.2554
vt 0.3694 0.2645
vt 0.3686 0.2600
vt 0.4039 0.2730
vt 0.4098 0.2704
vt 0.4335 0.2734
vt 0.4399 0.2692
vt 0.4748 0.2726
vt 0.4769 0.2706
vt 0.5302 0.2702
vt 0.5303 0.2687
vt 0.5779 0.2630
vt 0.5777 0.2630
vt 0.3170 0.2792
vt 0.3291 0.2740
vt 0.3276 0.2700
vt 0.3163 0.2730
vt 0.3465 0.2786
vt 0.3462 0.2748
vt 0.3672 0.2849
vt 0.3693 0.2847
vt 0.4146 0.2875
vt 0.4212 0.2911
vt 0.4405 0.2852
vt 0.4463 0.2879
vt 0.4690 0.2858
vt 0.4698 0.2857
vt 0.5018 0.2853
vt 0.5016 0.2849
vt 0.5350 0.2805
vt 0.5356 0.2804
vt 0.3196 0.2649
vt 0.3305 0.2549
vt 0.3284 0.2508
vt 0.3188 0.2586
vt 0.3495 0.2504
vt 0.3461 0.2452
vt 0.3727 0.2505
vt 0.3720 0.2459
vt 0.4023 0.2503
vt 0.4062 0.2456
vt 0.4319 0.2469
vt 0.4373 0.2409
vt 0.4657 0.2512
vt 0.4671 0.2486
vt 0.5000 0.2560
vt 0.5002 0.2548
vt 0.5425 0.2557
vt 0.5423 0.2558
vt 0.3193 0.2673
vt 0.3270 0.2642
vt 0.3257 0.2577
vt 0.3188 0.2605
vt 0.3394 0.2602
vt 0.3374 0.2533
vt 0.3520 0.2583
vt 0.3508 0.2507
vt 0.3728 0.2645
vt 0.3741 0.2570
vt 0.4026 0.2724
vt 0.4049 0.2656
vt 0.4395 0.2739
vt 0.4386 0.2682
vt 0.4597 0.2684
vt 0.4592 0.2643
vt 0.4809 0.2625
vt 0.4807 0.2611
vt 0.3180 0.2599
vt 0.3259 0.2572
vt 0.3247 0.2506
vt 0.3176 0.2529
vt 0.3381 0.2553
vt 0.3366 0.2485
vt 0.3511 0.2575
vt 0.3502 0.2514
vt 0.3749 0.2663
vt 0.3767 0.2616
vt 0.4064 0.2749
vt 0.4086 0.2700
vt 0.4420 0.2826
vt 0.4415 0.2782
vt 0.4599 0.2830
vt 0.4596 0.2803
vt 0.4761 0.2846
vt 0.4764 0.2831
vt 0.3218 0.2709
vt 0.3299 0.2679
vt 0.3285 0.2614
vt 0.3213 0.2640
vt 0.3428 0.2644
vt 0.3409 0.2572
vt 0.3567 0.2630
vt 0.3559 0.2551
vt 0.3780 0.2687
vt 0.3802 0.2616
vt 0.4039 0.2748
vt 0.4057 0.2678
vt 0.4333 0.2727
vt 0.4323 0.2666
vt 0.4515 0.2652
vt 0.4510 0.2608
vt 0.4707 0.2583
vt 0.4704 0.2567
vt 0.3199 0.2638
vt 0.3282 0.2589
vt 0.3260 0.2513
vt 0.3186 0.2558
vt 0.3414 0.2520
vt 0.3388 0.2439
vt 0.3569 0.2474
vt 0.3557 0.2386
vt 0.3844 0.2529
vt 0.3845 0.2438
vt 0.4159 0.2594
vt 0.4164 0.2496
vt 0.4530 0.2582
vt 0.4529 0.2518
vt 0.4877 0.2629
vt 0.4871 0.2590
vt 0.5217 0.2526
vt 0.5212 0.2511
vt 0.3210 0.2615
vt 0.3293 0.2564
vt 0.3273 0.2491
vt 0.3198 0.2539
vt 0.3415 0.2475
vt 0.3396 0.2402
vt 0.3565 0.2450
vt 0.3561 0.2379
vt 0.3887 0.2545
vt 0.3893 0.2485
vt 0.4193 0.2625
vt 0.4198 0.2557
vt 0.4492 0.2669
vt 0.4479 0.2612
vt 0.4718 0.2717
vt 0.4932 0.2716
vt 0.4933 0.2697
vt 0.4711 0.2684
vt 0.3221 0.2656
vt 0.3308 0.2609
vt 0.3285 0.2532
vt 0.3207 0.2575
vt 0.3456 0.2549
vt 0.3426 0.2466
vt 0.3634 0.2520
vt 0.3619 0.2433
vt 0.3889 0.2531
vt 0.3898 0.2441
vt 0.4128 0.2509
vt 0.4142 0.2401
vt 0.4418 0.2462
vt 0.4418 0.2395
vt 0.4678 0.2541
vt 0.4674 0.2501
vt 0.4949 0.2562
vt 0.4946 0.2548
vt 0.3195 0.2767
vt 0.3258 0.2763
vt 0.3253 0.2711
vt 0.3189 0.2724
vt 0.3361 0.2825
vt 0.3365 0.2756
vt 0.3465 0.2904
vt 0.3479 0.2848
vt 0.3653 0.2921
vt 0.3687 0.2872
vt 0.3935 0.2911
vt 0.3994 0.2876
vt 0.4296 0.2920
vt 0.4322 0.2895
vt 0.4550 0.2875
vt 0.4556 0.2855
vt 0.4788 0.2803
vt 0.4789 0.2799
vt 0.3198 0.2780
vt 0.3281 0.2758
vt 0.3274 0.2719
vt 0.3197 0.2729
vt 0.3393 0.2830
vt 0.3395 0.2789
vt 0.3487 0.2929
vt 0.3503 0.2906
vt 0.3677 0.2968
vt 0.3713 0.2964
vt 0.3957 0.2960
vt 0.4005 0.2960
vt 0.4287 0.3006
vt 0.4303 0.2996
vt 0.4563 0.2981
vt 0.4565 0.2973
vt 0.4757 0.2936
vt 0.4762 0.2932
vt 0.3223 0.2750
vt 0.3305 0.2704
vt 0.3298 0.2657
vt 0.3221 0.2690
vt 0.3436 0.2715
vt 0.3432 0.2660
vt 0.3568 0.2747
vt 0.3578 0.2698
vt 0.3742 0.2803
vt 0.3768 0.2763
vt 0.3935 0.2833
vt 0.3974 0.2794
vt 0.4220 0.2831
vt 0.4238 0.2801
vt 0.4461 0.2789
vt 0.4467 0.2764
vt 0.4681 0.2732
vt 0.4682 0.2727
vt 0.3199 0.2702
vt 0.3289 0.2641
vt 0.3272 0.2587
vt 0.3192 0.2632
vt 0.3434 0.2631
vt 0.3412 0.2571
vt 0.3589 0.2664
vt 0.3585 0.2600
vt 0.3825 0.2734
vt 0.3858 0.2689
vt 0.4124 0.2785
vt 0.4182 0.2737
vt 0.4498 0.2762
vt 0.4513 0.2723
vt 0.4848 0.2749
vt 0.4851 0.2728
vt 0.5199 0.2654
vt 0.5198 0.2649
vt 0.3186 0.2780
vt 0.3282 0.2735
vt 0.3269 0.2684
vt 0.3179 0.2712
vt 0.3428 0.2753
vt 0.3422 0.2699
vt 0.3572 0.2802
vt 0.3586 0.2771
vt 0.3870 0.2825
vt 0.3925 0.2829
vt 0.4154 0.2843
vt 0.4215 0.2846
vt 0.4436 0.2863
vt 0.4450 0.2843
vt 0.4671 0.2873
vt 0.4672 0.2862
vt 0.4885 0.2839
vt 0.4891 0.2833
vt 0.3228 0.2703
vt 0.3321 0.2638
vt 0.3302 0.2583
vt 0.3221 0.2634
vt 0.3476 0.2620
vt 0.3452 0.2557
vt 0.3651 0.2630
vt 0.3646 0.2572
vt 0.3883 0.2647
vt 0.3906 0.2597
vt 0.4126 0.2637
vt 0.4169 0.2565
vt 0.4449 0.2610
vt 0.4463 0.2564
vt 0.4728 0.2667
vt 0.4731 0.2646
vt 0.5014 0.2660
vt 0.5013 0.2656
vt 0.7232 0.3388
vt 0.7222 0.3432
vt 0.7464 0.3476
vt 0.7470 0.3438
vt 0.7959 0.3350
vt 0.7988 0.3381
vt 0.7771 0.3444
vt 0.7765 0.3418
vt 0.7626 0.3448
vt 0.7626 0.3482
vt 0.7026 0.3335
vt 0.7024 0.3390
vt 0.6572 0.3427
vt 0.6576 0.3482
vt 0.6245 0.3361
vt 0.6264 0.3315
vt 0.6849 0.3042
vt 0.6689 0.3058
vt 0.6691 0.2985
vt 0.6862 0.2968
vt 0.7077 0.3040
vt 0.7122 0.2990
vt 0.7315 0.3026
vt 0.7291 0.3087
vt 0.7499 0.3129
vt 0.7528 0.3033
vt 0.7276 0.3171
vt 0.7493 0.3201
vt 0.7258 0.3229
vt 0.7248 0.3272
vt 0.7499 0.3327
vt 0.7500 0.3263
vt 0.7241 0.3355
vt 0.7479 0.3399
vt 0.7879 0.3075
vt 0.7887 0.3131
vt 0.7722 0.3161
vt 0.7730 0.3103
vt 0.7897 0.3188
vt 0.7737 0.3252
vt 0.7900 0.3230
vt 0.7913 0.3259
vt 0.7751 0.3328
vt 0.7742 0.3286
vt 0.7945 0.3322
vt 0.7759 0.3391
vt 0.7645 0.3053
vt 0.7652 0.3120
vt 0.7662 0.3198
vt 0.7636 0.3258
vt 0.7615 0.3327
vt 0.7626 0.3415
vt 0.7066 0.3121
vt 0.7054 0.3154
vt 0.7043 0.3205
vt 0.7029 0.3277
vt 0.6317 0.3083
vt 0.6323 0.3016
vt 0.6669 0.3183
vt 0.6315 0.3141
vt 0.6653 0.3244
vt 0.6634 0.3322
vt 0.6317 0.3217
vt 0.6324 0.3184
vt 0.6571 0.3393
vt 0.6278 0.3285
vt 0.6793 0.3414
vt 0.6572 0.3427
vt 0.6571 0.3393
vt 0.6801 0.3345
vt 0.6744 0.3234
vt 0.6790 0.3175
vt 0.6653 0.3244
vt 0.6669 0.3183
vt 0.6829 0.3109
vt 0.7026 0.3335
vt 0.7029 0.3277
vt 0.7054 0.3154
vt 0.7066 0.3121
vt 0.6786 0.3477
vt 0.4176 0.8651
vt 0.4173 0.8642
vt 0.4121 0.8682
vt 0.4123 0.8688
vt 0.4227 0.4266
vt 0.4225 0.4260
vt 0.4154 0.4290
vt 0.4156 0.4295
vt 0.4191 0.8693
vt 0.4130 0.8718
vt 0.3203 0.2706
vt 0.3197 0.2625
vt 0.3285 0.2589
vt 0.3300 0.2665
vt 0.3423 0.2543
vt 0.3452 0.2637
vt 0.3591 0.2463
vt 0.3616 0.2590
vt 0.3932 0.2457
vt 0.3977 0.2622
vt 0.4285 0.2575
vt 0.4319 0.2735
vt 0.4577 0.2651
vt 0.4584 0.2726
vt 0.4853 0.2656
vt 0.4856 0.2695
vt 0.5178 0.2537
vt 0.5181 0.2549
vt 0.3193 0.2598
vt 0.3189 0.2512
vt 0.3275 0.2477
vt 0.3288 0.2552
vt 0.3420 0.2437
vt 0.3438 0.2518
vt 0.3620 0.2441
vt 0.3626 0.2519
vt 0.4019 0.2552
vt 0.4040 0.2628
vt 0.4341 0.2694
vt 0.4359 0.2784
vt 0.4585 0.2828
vt 0.4585 0.2887
vt 0.4803 0.2870
vt 0.4804 0.2893
vt 0.5039 0.2855
vt 0.5034 0.2870
vt 0.3203 0.2729
vt 0.3199 0.2645
vt 0.3291 0.2603
vt 0.3307 0.2686
vt 0.3443 0.2524
vt 0.3476 0.2640
vt 0.3641 0.2409
vt 0.3671 0.2570
vt 0.4001 0.2444
vt 0.4046 0.2636
vt 0.4303 0.2543
vt 0.4345 0.2732
vt 0.4532 0.2577
vt 0.4538 0.2667
vt 0.4757 0.2624
vt 0.4760 0.2666
vt 0.5012 0.2538
vt 0.5015 0.2551
vt 0.3183 0.2650
vt 0.3170 0.2552
vt 0.3267 0.2487
vt 0.3289 0.2572
vt 0.3425 0.2347
vt 0.3447 0.2442
vt 0.3694 0.2192
vt 0.3680 0.2284
vt 0.4014 0.2155
vt 0.4009 0.2258
vt 0.4342 0.2307
vt 0.4350 0.2416
vt 0.4783 0.2547
vt 0.4781 0.2608
vt 0.5251 0.2562
vt 0.5257 0.2602
vt 0.5671 0.2598
vt 0.5675 0.2612
vt 0.3170 0.2614
vt 0.3157 0.2521
vt 0.3258 0.2462
vt 0.3279 0.2544
vt 0.3429 0.2341
vt 0.3440 0.2407
vt 0.3688 0.2256
vt 0.3675 0.2301
vt 0.4041 0.2259
vt 0.4032 0.2304
vt 0.4350 0.2403
vt 0.4369 0.2467
vt 0.4697 0.2617
vt 0.4707 0.2674
vt 0.5017 0.2652
vt 0.5024 0.2681
vt 0.5344 0.2651
vt 0.5340 0.2669
vt 0.3217 0.2654
vt 0.3202 0.2554
vt 0.3295 0.2476
vt 0.3323 0.2574
vt 0.3466 0.2316
vt 0.3500 0.2433
vt 0.3752 0.2179
vt 0.3752 0.2294
vt 0.4063 0.2125
vt 0.4063 0.2224
vt 0.4351 0.2174
vt 0.4347 0.2257
vt 0.4658 0.2343
vt 0.4662 0.2405
vt 0.4986 0.2477
vt 0.4990 0.2515
vt 0.5414 0.2574
vt 0.5418 0.2587
vt 0.3181 0.2751
vt 0.3175 0.2712
vt 0.3256 0.2697
vt 0.3261 0.2744
vt 0.3392 0.2793
vt 0.3387 0.2869
vt 0.3540 0.2972
vt 0.3542 0.3024
vt 0.3948 0.2995
vt 0.3888 0.3049
vt 0.4239 0.2996
vt 0.4160 0.3043
vt 0.4511 0.2906
vt 0.4485 0.2928
vt 0.4801 0.2810
vt 0.4792 0.2820
vt 0.5130 0.2733
vt 0.5129 0.2733
vt 0.3185 0.2788
vt 0.3185 0.2742
vt 0.3283 0.2741
vt 0.3291 0.2775
vt 0.3422 0.2893
vt 0.3417 0.2939
vt 0.3600 0.3090
vt 0.3589 0.3106
vt 0.4007 0.3143
vt 0.3970 0.3131
vt 0.4320 0.3086
vt 0.4265 0.3084
vt 0.4578 0.2952
vt 0.4566 0.2959
vt 0.4836 0.2878
vt 0.4835 0.2879
vt 0.5088 0.2814
vt 0.5082 0.2815
vt 0.3204 0.2701
vt 0.3203 0.2644
vt 0.3296 0.2594
vt 0.3309 0.2636
vt 0.3470 0.2585
vt 0.3486 0.2654
vt 0.3683 0.2626
vt 0.3671 0.2695
vt 0.3940 0.2739
vt 0.3901 0.2785
vt 0.4176 0.2786
vt 0.4116 0.2828
vt 0.4451 0.2742
vt 0.4423 0.2776
vt 0.4707 0.2701
vt 0.4698 0.2714
vt 0.4986 0.2650
vt 0.4985 0.2649
vt 0.3189 0.2680
vt 0.3182 0.2616
vt 0.3281 0.2560
vt 0.3299 0.2608
vt 0.3450 0.2521
vt 0.3487 0.2597
vt 0.3690 0.2500
vt 0.3720 0.2617
vt 0.4126 0.2610
vt 0.4094 0.2733
vt 0.4413 0.2648
vt 0.4362 0.2755
vt 0.4769 0.2700
vt 0.4748 0.2720
vt 0.5303 0.2682
vt 0.5302 0.2696
vt 0.5777 0.2625
vt 0.5780 0.2624
vt 0.3170 0.2787
vt 0.3163 0.2725
vt 0.3277 0.2701
vt 0.3293 0.2749
vt 0.3471 0.2767
vt 0.3466 0.2836
vt 0.3738 0.2884
vt 0.3709 0.2922
vt 0.4261 0.2961
vt 0.4208 0.2946
vt 0.4484 0.2904
vt 0.4429 0.2898
vt 0.4698 0.2854
vt 0.4691 0.2855
vt 0.5016 0.2844
vt 0.5018 0.2848
vt 0.5357 0.2799
vt 0.5351 0.2800
vt 0.3196 0.2644
vt 0.3188 0.2580
vt 0.3283 0.2502
vt 0.3306 0.2550
vt 0.3461 0.2411
vt 0.3501 0.2498
vt 0.3720 0.2367
vt 0.3733 0.2475
vt 0.4052 0.2336
vt 0.4024 0.2459
vt 0.4366 0.2308
vt 0.4321 0.2420
vt 0.4670 0.2472
vt 0.4656 0.2502
vt 0.5002 0.2543
vt 0.5000 0.2555
vt 0.5422 0.2553
vt 0.5425 0.2552
vt 0.3193 0.2668
vt 0.3188 0.2600
vt 0.3257 0.2571
vt 0.3270 0.2638
vt 0.3373 0.2510
vt 0.3396 0.2593
vt 0.3504 0.2423
vt 0.3519 0.2532
vt 0.3729 0.2404
vt 0.3741 0.2547
vt 0.4021 0.2467
vt 0.4058 0.2623
vt 0.4355 0.2533
vt 0.4393 0.2634
vt 0.4587 0.2584
vt 0.4596 0.2636
vt 0.4806 0.2606
vt 0.4809 0.2620
vt 0.3180 0.2594
vt 0.3176 0.2524
vt 0.3247 0.2500
vt 0.3259 0.2566
vt 0.3364 0.2454
vt 0.3380 0.2527
vt 0.3502 0.2427
vt 0.3506 0.2506
vt 0.3746 0.2459
vt 0.3752 0.2553
vt 0.4065 0.2536
vt 0.4095 0.2654
vt 0.4423 0.2704
vt 0.4445 0.2787
vt 0.4600 0.2783
vt 0.4603 0.2820
vt 0.4764 0.2826
vt 0.4761 0.2841
vt 0.3218 0.2704
vt 0.3213 0.2635
vt 0.3285 0.2611
vt 0.3300 0.2683
vt 0.3412 0.2560
vt 0.3436 0.2654
vt 0.3559 0.2488
vt 0.3580 0.2613
vt 0.3812 0.2507
vt 0.3823 0.2655
vt 0.4073 0.2561
vt 0.4103 0.2724
vt 0.4320 0.2554
vt 0.4355 0.2665
vt 0.4511 0.2541
vt 0.4520 0.2602
vt 0.4704 0.2553
vt 0.4706 0.2570
vt 0.3199 0.2633
vt 0.3186 0.2553
vt 0.3260 0.2506
vt 0.3282 0.2585
vt 0.3385 0.2398
vt 0.3413 0.2490
vt 0.3567 0.2265
vt 0.3569 0.2364
vt 0.3843 0.2212
vt 0.3831 0.2323
vt 0.4110 0.2247
vt 0.4116 0.2376
vt 0.4523 0.2432
vt 0.4528 0.2508
vt 0.4871 0.2585
vt 0.4877 0.2624
vt 0.5212 0.2505
vt 0.5216 0.2520
vt 0.3210 0.2609
vt 0.3197 0.2534
vt 0.3273 0.2483
vt 0.3293 0.2556
vt 0.3397 0.2349
vt 0.3412 0.2421
vt 0.3588 0.2246
vt 0.3577 0.2314
vt 0.3874 0.2219
vt 0.3857 0.2302
vt 0.4113 0.2287
vt 0.4137 0.2401
vt 0.4457 0.2494
vt 0.4488 0.2582
vt 0.4710 0.2668
vt 0.4718 0.2705
vt 0.4933 0.2692
vt 0.4932 0.2711
vt 0.3221 0.2651
vt 0.3207 0.2569
vt 0.3285 0.2528
vt 0.3310 0.2614
vt 0.3426 0.2438
vt 0.3462 0.2543
vt 0.3621 0.2340
vt 0.3639 0.2459
vt 0.3885 0.2270
vt 0.3888 0.2398
vt 0.4118 0.2232
vt 0.4119 0.2353
vt 0.4409 0.2297
vt 0.4417 0.2373
vt 0.4673 0.2491
vt 0.4678 0.2532
vt 0.4945 0.2542
vt 0.4949 0.2557
vt 0.3195 0.2764
vt 0.3189 0.2720
vt 0.3254 0.2713
vt 0.3259 0.2769
vt 0.3366 0.2790
vt 0.3361 0.2870
vt 0.3476 0.2938
vt 0.3470 0.3005
vt 0.3726 0.2987
vt 0.3695 0.3053
vt 0.4043 0.2994
vt 0.3981 0.3058
vt 0.4344 0.2976
vt 0.4313 0.3018
vt 0.4561 0.2879
vt 0.4554 0.2903
vt 0.4789 0.2794
vt 0.4788 0.2797
vt 0.3198 0.2777
vt 0.3197 0.2724
vt 0.3275 0.2722
vt 0.3283 0.2766
vt 0.3396 0.2823
vt 0.3392 0.2879
vt 0.3509 0.2984
vt 0.3495 0.3022
vt 0.3767 0.3079
vt 0.3733 0.3094
vt 0.4033 0.3101
vt 0.3991 0.3116
vt 0.4303 0.3107
vt 0.4286 0.3121
vt 0.4567 0.3003
vt 0.4564 0.3008
vt 0.4763 0.2927
vt 0.4757 0.2932
vt 0.3224 0.2750
vt 0.3221 0.2687
vt 0.3300 0.2665
vt 0.3308 0.2717
vt 0.3437 0.2700
vt 0.3436 0.2769
vt 0.3580 0.2773
vt 0.3570 0.2841
vt 0.3794 0.2879
vt 0.3763 0.2932
vt 0.4015 0.2913
vt 0.3965 0.2970
vt 0.4269 0.2882
vt 0.4247 0.2925
vt 0.4476 0.2794
vt 0.4468 0.2828
vt 0.4683 0.2722
vt 0.4681 0.2727
vt 0.3200 0.2698
vt 0.3192 0.2627
vt 0.3272 0.2585
vt 0.3290 0.2646
vt 0.3416 0.2565
vt 0.3443 0.2653
vt 0.3596 0.2566
vt 0.3606 0.2688
vt 0.3905 0.2662
vt 0.3875 0.2780
vt 0.4229 0.2722
vt 0.4180 0.2845
vt 0.4519 0.2725
vt 0.4505 0.2784
vt 0.4851 0.2723
vt 0.4848 0.2744
vt 0.5198 0.2644
vt 0.5200 0.2649
vt 0.3186 0.2776
vt 0.3179 0.2707
vt 0.3270 0.2684
vt 0.3284 0.2742
vt 0.3429 0.2714
vt 0.3430 0.2793
vt 0.3610 0.2794
vt 0.3583 0.2862
vt 0.4007 0.2872
vt 0.3943 0.2898
vt 0.4279 0.2893
vt 0.4208 0.2923
vt 0.4464 0.2887
vt 0.4448 0.2920
vt 0.4672 0.2860
vt 0.4671 0.2871
vt 0.4891 0.2828
vt 0.4885 0.2834
vt 0.3229 0.2702
vt 0.3221 0.2630
vt 0.3304 0.2586
vt 0.3324 0.2650
vt 0.3459 0.2562
vt 0.3485 0.2656
vt 0.3661 0.2567
vt 0.3664 0.2675
vt 0.3922 0.2569
vt 0.3907 0.2688
vt 0.4179 0.2493
vt 0.4147 0.2651
vt 0.4469 0.2521
vt 0.4457 0.2595
vt 0.4731 0.2640
vt 0.4728 0.2661
vt 0.5013 0.2650
vt 0.5014 0.2654
vt 0.3203 0.2711
vt 0.3197 0.2630
vt 0.3285 0.2595
vt 0.3299 0.2665
vt 0.3425 0.2578
vt 0.3447 0.2651
vt 0.3597 0.2572
vt 0.3610 0.2658
vt 0.3982 0.2649
vt 0.3963 0.2726
vt 0.4331 0.2736
vt 0.4307 0.2814
vt 0.4584 0.2718
vt 0.4584 0.2774
vt 0.4853 0.2661
vt 0.4856 0.2700
vt 0.5178 0.2542
vt 0.5182 0.2555
vt 0.3193 0.2603
vt 0.3189 0.2517
vt 0.3276 0.2486
vt 0.3288 0.2560
vt 0.3421 0.2491
vt 0.3441 0.2561
vt 0.3623 0.2564
vt 0.3632 0.2619
vt 0.4057 0.2708
vt 0.4030 0.2739
vt 0.4359 0.2801
vt 0.4340 0.2840
vt 0.4580 0.2852
vt 0.4578 0.2892
vt 0.4802 0.2875
vt 0.4804 0.2898
vt 0.5039 0.2861
vt 0.5033 0.2875
vt 0.3203 0.2734
vt 0.3199 0.2650
vt 0.3291 0.2607
vt 0.3306 0.2681
vt 0.3444 0.2557
vt 0.3468 0.2639
vt 0.3646 0.2539
vt 0.3656 0.2631
vt 0.4025 0.2636
vt 0.4004 0.2714
vt 0.4322 0.2688
vt 0.4304 0.2779
vt 0.4534 0.2648
vt 0.4533 0.2711
vt 0.4758 0.2631
vt 0.4760 0.2673
vt 0.5013 0.2544
vt 0.5016 0.2556
vt 0.3183 0.2655
vt 0.3170 0.2557
vt 0.3267 0.2495
vt 0.3289 0.2579
vt 0.3424 0.2414
vt 0.3451 0.2503
vt 0.3655 0.2364
vt 0.3667 0.2463
vt 0.4066 0.2434
vt 0.4082 0.2541
vt 0.4404 0.2492
vt 0.4406 0.2595
vt 0.4784 0.2554
vt 0.4782 0.2614
vt 0.5251 0.2567
vt 0.5257 0.2607
vt 0.5671 0.2603
vt 0.5675 0.2617
vt 0.3170 0.2619
vt 0.3157 0.2526
vt 0.3259 0.2469
vt 0.3280 0.2551
vt 0.3424 0.2401
vt 0.3441 0.2475
vt 0.3652 0.2410
vt 0.3657 0.2473
vt 0.4130 0.2533
vt 0.4121 0.2579
vt 0.4427 0.2588
vt 0.4421 0.2634
vt 0.4708 0.2692
vt 0.4699 0.2641
vt 0.5017 0.2657
vt 0.5025 0.2687
vt 0.5344 0.2656
vt 0.5340 0.2674
vt 0.3217 0.2659
vt 0.3202 0.2559
vt 0.3295 0.2487
vt 0.3322 0.2575
vt 0.3466 0.2396
vt 0.3502 0.2493
vt 0.3735 0.2357
vt 0.3749 0.2460
vt 0.4102 0.2338
vt 0.4098 0.2450
vt 0.4381 0.2298
vt 0.4367 0.2402
vt 0.4660 0.2362
vt 0.4664 0.2425
vt 0.4986 0.2482
vt 0.4991 0.2520
vt 0.5414 0.2579
vt 0.5418 0.2592
vt 0.3181 0.2755
vt 0.3175 0.2717
vt 0.3255 0.2696
vt 0.3259 0.2738
vt 0.3392 0.2750
vt 0.3388 0.2812
vt 0.3537 0.2862
vt 0.3528 0.2905
vt 0.3890 0.2873
vt 0.3838 0.2903
vt 0.4210 0.2893
vt 0.4134 0.2911
vt 0.4505 0.2867
vt 0.4479 0.2885
vt 0.4800 0.2815
vt 0.4792 0.2825
vt 0.5129 0.2739
vt 0.5129 0.2738
vt 0.3185 0.2792
vt 0.3185 0.2747
vt 0.3282 0.2737
vt 0.3288 0.2765
vt 0.3422 0.2844
vt 0.3418 0.2873
vt 0.3571 0.2993
vt 0.3553 0.2995
vt 0.3987 0.3011
vt 0.3932 0.2986
vt 0.4319 0.2994
vt 0.4259 0.2972
vt 0.4574 0.2927
vt 0.4562 0.2928
vt 0.4836 0.2883
vt 0.4835 0.2884
vt 0.5087 0.2819
vt 0.5081 0.2820
vt 0.3204 0.2705
vt 0.3203 0.2649
vt 0.3295 0.2591
vt 0.3307 0.2629
vt 0.3461 0.2571
vt 0.3478 0.2616
vt 0.3667 0.2601
vt 0.3660 0.2635
vt 0.3912 0.2672
vt 0.3880 0.2696
vt 0.4152 0.2715
vt 0.4096 0.2744
vt 0.4444 0.2715
vt 0.4418 0.2740
vt 0.4707 0.2707
vt 0.4698 0.2720
vt 0.4986 0.2656
vt 0.4985 0.2654
vt 0.3189 0.2685
vt 0.3181 0.2621
vt 0.3281 0.2566
vt 0.3298 0.2605
vt 0.3451 0.2554
vt 0.3478 0.2599
vt 0.3686 0.2600
vt 0.3694 0.2645
vt 0.4098 0.2704
vt 0.4039 0.2730
vt 0.4399 0.2692
vt 0.4335 0.2734
vt 0.4769 0.2706
vt 0.4748 0.2726
vt 0.5303 0.2687
vt 0.5302 0.2702
vt 0.5777 0.2630
vt 0.5779 0.2630
vt 0.3170 0.2792
vt 0.3163 0.2730
vt 0.3276 0.2700
vt 0.3291 0.2740
vt 0.3462 0.2748
vt 0.3465 0.2786
vt 0.3693 0.2847
vt 0.3672 0.2849
vt 0.4212 0.2911
vt 0.4146 0.2875
vt 0.4463 0.2879
vt 0.4405 0.2852
vt 0.4698 0.2857
vt 0.4690 0.2858
vt 0.5016 0.2849
vt 0.5018 0.2853
vt 0.5356 0.2804
vt 0.5350 0.2805
vt 0.3196 0.2649
vt 0.3188 0.2586
vt 0.3284 0.2508
vt 0.3305 0.2549
vt 0.3461 0.2452
vt 0.3495 0.2504
vt 0.3720 0.2459
vt 0.3727 0.2505
vt 0.4062 0.2456
vt 0.4023 0.2503
vt 0.4373 0.2409
vt 0.4319 0.2469
vt 0.4671 0.2486
vt 0.4657 0.2512
vt 0.5002 0.2548
vt 0.5000 0.2560
vt 0.5423 0.2558
vt 0.5425 0.2557
vt 0.3193 0.2673
vt 0.3188 0.2605
vt 0.3257 0.2577
vt 0.3270 0.2642
vt 0.3374 0.2533
vt 0.3394 0.2602
vt 0.3508 0.2507
vt 0.3520 0.2583
vt 0.3741 0.2570
vt 0.3728 0.2645
vt 0.4049 0.2656
vt 0.4026 0.2724
vt 0.4386 0.2682
vt 0.4395 0.2739
vt 0.4592 0.2643
vt 0.4597 0.2684
vt 0.4807 0.2611
vt 0.4809 0.2625
vt 0.3180 0.2599
vt 0.3176 0.2529
vt 0.3247 0.2506
vt 0.3259 0.2572
vt 0.3366 0.2485
vt 0.3381 0.2553
vt 0.3502 0.2514
vt 0.3511 0.2575
vt 0.3767 0.2616
vt 0.3749 0.2663
vt 0.4086 0.2700
vt 0.4064 0.2749
vt 0.4415 0.2782
vt 0.4420 0.2826
vt 0.4596 0.2803
vt 0.4599 0.2830
vt 0.4764 0.2831
vt 0.4761 0.2846
vt 0.3218 0.2709
vt 0.3213 0.2640
vt 0.3285 0.2614
vt 0.3299 0.2679
vt 0.3409 0.2572
vt 0.3428 0.2644
vt 0.3559 0.2551
vt 0.3567 0.2630
vt 0.3802 0.2616
vt 0.3780 0.2687
vt 0.4057 0.2678
vt 0.4039 0.2748
vt 0.4323 0.2666
vt 0.4333 0.2727
vt 0.4510 0.2608
vt 0.4515 0.2652
vt 0.4704 0.2567
vt 0.4707 0.2583
vt 0.3199 0.2638
vt 0.3186 0.2558
vt 0.3260 0.2513
vt 0.3282 0.2589
vt 0.3388 0.2439
vt 0.3414 0.2520
vt 0.3557 0.2386
vt 0.3569 0.2474
vt 0.3845 0.2438
vt 0.3844 0.2529
vt 0.4164 0.2496
vt 0.4159 0.2594
vt 0.4529 0.2518
vt 0.4530 0.2582
vt 0.4871 0.2590
vt 0.4877 0.2629
vt 0.5212 0.2511
vt 0.5217 0.2526
vt 0.3210 0.2615
vt 0.3198 0.2539
vt 0.3273 0.2491
vt 0.3293 0.2564
vt 0.3396 0.2402
vt 0.3415 0.2475
vt 0.3561 0.2379
vt 0.3565 0.2450
vt 0.3893 0.2485
vt 0.3887 0.2545
vt 0.4198 0.2557
vt 0.4193 0.2625
vt 0.4479 0.2612
vt 0.4492 0.2669
vt 0.4718 0.2717
vt 0.4711 0.2684
vt 0.4933 0.2697
vt 0.4932 0.2716
vt 0.3221 0.2656
vt 0.3207 0.2575
vt 0.3285 0.2532
vt 0.3308 0.2609
vt 0.3426 0.2466
vt 0.3456 0.2549
vt 0.3619 0.2433
vt 0.3634 0.2520
vt 0.3898 0.2441
vt 0.3889 0.2531
vt 0.4142 0.2401
vt 0.4128 0.2509
vt 0.4418 0.2395
vt 0.4418 0.2462
vt 0.4674 0.2501
vt 0.4678 0.2541
vt 0.4946 0.2548
vt 0.4949 0.2562
vt 0.3195 0.2767
vt 0.3189 0.2724
vt 0.3253 0.2711
vt 0.3258 0.2763
vt 0.3365 0.2756
vt 0.3361 0.2825
vt 0.3479 0.2848
vt 0.3465 0.2904
vt 0.3687 0.2872
vt 0.3653 0.2921
vt 0.3994 0.2876
vt 0.3935 0.2911
vt 0.4322 0.2895
vt 0.4296 0.2920
vt 0.4556 0.2855
vt 0.4550 0.2875
vt 0.4789 0.2799
vt 0.4788 0.2803
vt 0.3198 0.2780
vt 0.3197 0.2729
vt 0.3274 0.2719
vt 0.3281 0.2758
vt 0.3395 0.2789
vt 0.3393 0.2830
vt 0.3503 0.2906
vt 0.3487 0.2929
vt 0.3713 0.2964
vt 0.3677 0.2968
vt 0.4005 0.2960
vt 0.3957 0.2960
vt 0.4303 0.2996
vt 0.4287 0.3006
vt 0.4565 0.2973
vt 0.4563 0.2981
vt 0.4762 0.2932
vt 0.4757 0.2936
vt 0.3223 0.2750
vt 0.3221 0.2690
vt 0.3298 0.2657
vt 0.3305 0.2704
vt 0.3432 0.2660
vt 0.3436 0.2715
vt 0.3578 0.2698
vt 0.3568 0.2747
vt 0.3768 0.2763
vt 0.3742 0.2803
vt 0.3974 0.2794
vt 0.3935 0.2833
vt 0.4238 0.2801
vt 0.4220 0.2831
vt 0.4467 0.2764
vt 0.4461 0.2789
vt 0.4682 0.2727
vt 0.4681 0.2732
vt 0.3199 0.2702
vt 0.3192 0.2632
vt 0.3272 0.2587
vt 0.3289 0.2641
vt 0.3412 0.2571
vt 0.3434 0.2631
vt 0.3585 0.2600
vt 0.3589 0.2664
vt 0.3858 0.2689
vt 0.3825 0.2734
vt 0.4182 0.2737
vt 0.4124 0.2785
vt 0.4513 0.2723
vt 0.4498 0.2762
vt 0.4851 0.2728
vt 0.4848 0.2749
vt 0.5198 0.2649
vt 0.5199 0.2654
vt 0.3186 0.2780
vt 0.3179 0.2712
vt 0.3269 0.2684
vt 0.3282 0.2735
vt 0.3422 0.2699
vt 0.3428 0.2753
vt 0.3586 0.2771
vt 0.3572 0.2802
vt 0.3925 0.2829
vt 0.3870 0.2825
vt 0.4215 0.2846
vt 0.4154 0.2843
vt 0.4450 0.2843
vt 0.4436 0.2863
vt 0.4672 0.2862
vt 0.4671 0.2873
vt 0.4891 0.2833
vt 0.4885 0.2839
vt 0.3228 0.2703
vt 0.3221 0.2634
vt 0.3302 0.2583
vt 0.3321 0.2638
vt 0.3452 0.2557
vt 0.3476 0.2620
vt 0.3646 0.2572
vt 0.3651 0.2630
vt 0.3906 0.2597
vt 0.3883 0.2647
vt 0.4169 0.2565
vt 0.4126 0.2637
vt 0.4463 0.2564
vt 0.4449 0.2610
vt 0.4731 0.2646
vt 0.4728 0.2667
vt 0.5013 0.2656
vt 0.5014 0.2660
vt 0.7232 0.3388
vt 0.7470 0.3438
vt 0.7464 0.3476
vt 0.7222 0.3432
vt 0.7959 0.3350
vt 0.7988 0.3381
vt 0.7771 0.3444
vt 0.7765 0.3418
vt 0.7626 0.3448
vt 0.7626 0.3482
vt 0.7026 0.3335
vt 0.7024 0.3390
vt 0.6572 0.3427
vt 0.6576 0.3482
vt 0.6245 0.3361
vt 0.6264 0.3315
vt 0.6849 0.3042
vt 0.6689 0.3058
vt 0.6691 0.2985
vt 0.6862 0.2968
vt 0.7077 0.3040
vt 0.7122 0.2990
vt 0.7315 0.3026
vt 0.7528 0.3033
vt 0.7499 0.3129
vt 0.7291 0.3087
vt 0.7493 0.3201
vt 0.7276 0.3171
vt 0.7258 0.3229
vt 0.7500 0.3263
vt 0.7499 0.3327
vt 0.7248 0.3272
vt 0.7479 0.3399
vt 0.7241 0.3355
vt 0.7879 0.3075
vt 0.7887 0.3131
vt 0.7722 0.3161
vt 0.7730 0.3103
vt 0.7897 0.3188
vt 0.7737 0.3252
vt 0.7900 0.3230
vt 0.7913 0.3259
vt 0.7751 0.3328
vt 0.7742 0.3286
vt 0.7945 0.3322
vt 0.7759 0.3391
vt 0.7645 0.3053
vt 0.7652 0.3120
vt 0.7662 0.3198
vt 0.7636 0.3258
vt 0.7615 0.3327
vt 0.7626 0.3415
vt 0.7066 0.3121
vt 0.7054 0.3154
vt 0.7043 0.3205
vt 0.7029 0.3277
vt 0.6317 0.3083
vt 0.6323 0.3016
vt 0.6669 0.3183
vt 0.6315 0.3141
vt 0.6653 0.3244
vt 0.6634 0.3322
vt 0.6317 0.3217
vt 0.6324 0.3184
vt 0.6571 0.3393
vt 0.6278 0.3285
vt 0.6793 0.3414
vt 0.6572 0.3427
vt 0.6571 0.3393
vt 0.6801 0.3345
vt 0.6744 0.3234
vt 0.6790 0.3175
vt 0.6653 0.3244
vt 0.6669 0.3183
vt 0.6829 0.3109
vt 0.7026 0.3335
vt 0.7029 0.3277
vt 0.7054 0.3154
vt 0.7066 0.3121
vt 0.6786 0.3477
f 1/1 2/2 3/3 4/4
f 4/4 3/3 5/5 6/6
f 6/6 5/5 7/7 8/8
f 8/8 7/7 9/9 10/10
f 10/10 9/9 11/11 12/12
f 12/12 11/11 13/13 14/14
f 14/14 13/13 15/15 16/16
f 16/16 15/15 17/17 18/18
f 18/18 17/17 19/19 20/20
f 20/20 19/19 21/21 22/22
f 22/22 21/21 23/23 24/24
f 25/25 26/26 27/27 28/28
f 29/29 30/30 31/31 32/32
f 33/33 34/34 35/35 36/36
f 37/37 38/38 39/39 40/40
f 41/41 42/42 43/43 44/44
f 45/45 46/46 47/47 48/48
f 49/49 50/50 51/51 52/52
f 53/53 54/54 55/55 56/56
f 57/57 58/58 59/59 60/60
f 61/61 62/62 63/63 64/64
f 46/46 65/65 66/66 47/47
f 67/67 68/68 69/69 70/70
f 71/71 72/72 73/73 74/74
f 75/75 33/33 36/36 76/76
f 42/42 49/49 52/52 43/43
f 30/30 53/53 56/56 31/31
f 58/58 77/77 78/78 59/59
f 62/62 79/79 80/80 63/63
f 81/81 45/82 48/83 82/84
f 34/34 67/67 70/70 35/35
f 72/72 41/41 44/44 73/73
f 54/54 75/75 76/76 55/55
f 38/38 57/57 60/60 39/39
f 83/85 29/29 32/32 84/86
f 65/65 37/37 40/40 66/66
f 77/77 61/61 64/64 78/78
f 79/79 71/71 74/74 80/80
f 68/68 81/81 82/84 69/69
f 85/87 86/88 87/89 88/90
f 89/91 90/92 91/93 92/94
f 93/95 94/96 95/97 96/98
f 97/99 98/100 99/101 100/102
f 101/103 102/104 103/105 104/106
f 105/107 106/108 107/109 108/110
f 109/111 110/112 111/113 112/114
f 102/104 113/115 114/116 103/105
f 115/117 116/118 117/119 118/120
f 119/121 120/122 121/123 122/124
f 123/125 124/126 125/127 126/128
f 127/129 128/130 129/131 130/132
f 131/133 89/91 92/94 132/134
f 98/100 101/103 104/106 99/101
f 86/88 105/107 108/110 87/89
f 110/112 133/135 134/136 111/113
f 116/118 135/137 136/138 117/119
f 137/139 138/140 139/141 140/142
f 90/92 123/125 126/128 91/93
f 128/130 97/99 100/102 129/131
f 106/108 131/133 132/134 107/109
f 94/96 109/111 112/114 95/97
f 113/115 85/87 88/90 114/116
f 120/122 93/95 96/98 121/123
f 133/135 115/117 118/120 134/136
f 135/137 127/129 130/132 136/138
f 124/126 137/139 140/142 125/127
f 141/143 142/144 143/145 144/146
f 145/147 146/148 147/149 148/150
f 149/151 141/143 144/146 150/152
f 151/153 145/147 148/150 152/154
f 153/155 154/156 155/157 156/158
f 157/159 158/160 159/161 160/162
f 142/144 161/163 162/164 143/145
f 146/148 163/165 164/166 147/149
f 165/167 166/168 167/169 168/170
f 169/171 170/172 171/173 172/174
f 173/175 174/176 175/177 176/178
f 177/179 178/180 179/181 180/182
f 181/183 182/184 183/185 184/186
f 185/187 186/188 187/189 188/190
f 189/191 190/192 191/193 192/194
f 193/195 194/196 195/197 196/198
f 197/199 198/200 199/201 200/202
f 201/203 202/204 203/205 204/206
f 205/207 206/208 207/209 208/210
f 209/211 210/212 211/213 212/214
f 213/215 153/155 156/158 214/216
f 215/217 157/159 160/162 216/218
f 217/219 218/220 219/221 220/222
f 221/223 222/224 223/225 224/226
f 225/227 173/175 176/178 226/228
f 227/229 177/179 180/182 228/230
f 166/168 229/231 230/232 167/169
f 170/172 231/233 232/234 171/173
f 190/192 233/235 234/236 191/193
f 194/196 235/237 236/238 195/197
f 237/239 181/183 184/186 238/240
f 239/241 185/187 188/190 240/242
f 198/200 149/151 150/152 199/201
f 202/204 151/153 152/154 203/205
f 154/156 205/207 208/210 155/157
f 158/160 209/211 212/214 159/161
f 241/243 237/239 238/240 242/244
f 243/245 239/241 240/242 244/246
f 174/176 213/215 214/216 175/177
f 178/180 215/217 216/218 179/181
f 218/220 245/247 246/248 219/221
f 222/224 243/245 244/246 223/225
f 247/249 165/167 168/170 248/250
f 249/251 169/171 172/174 250/252
f 182/184 225/227 226/228 183/185
f 186/188 227/229 228/230 187/189
f 251/253 189/191 192/194 252/254
f 253/255 193/195 196/198 254/256
f 233/235 197/199 200/202 234/236
f 235/237 201/203 204/206 236/238
f 206/208 247/249 248/250 207/209
f 210/212 249/251 250/252 211/213
f 161/163 217/219 220/222 162/164
f 163/165 221/223 224/226 164/166
f 231/233 253/257 254/258 232/234
f 2/2 1/1 255/259 256/260
f 257/261 258/262 259/263 260/264
f 256/260 255/259 261/265 262/266
f 260/264 259/263 263/267 264/268
f 258/262 257/261 265/269 266/270
f 266/270 265/269 267/271 268/272
f 268/272 267/271 269/273 270/274
f 270/274 269/273 271/275 272/276
f 272/276 271/275 273/277 274/278
f 274/278 273/277 275/279 276/280
f 276/280 275/279 277/281 278/282
f 278/282 277/281 279/283 280/284
f 280/284 279/283 281/285 282/286
f 282/286 281/285 283/287 284/288
f 284/288 283/287 285/289 286/290
f 262/266 261/265 287/291 288/292
f 264/268 263/267 289/293 290/294
f 291/295 292/296 293/297 294/298
f 295/299 296/300 297/301 298/302
f 294/298 293/297 299/303 300/304
f 298/302 297/301 301/305 302/306
f 300/304 299/303 303/307 304/308
f 302/306 301/305 305/309 306/310
f 304/308 303/307 307/311 308/312
f 306/310 305/309 309/313 310/314
f 308/312 307/311 311/315 312/316
f 310/314 309/313 313/317 314/318
f 312/316 311/315 315/319 316/320
f 314/318 313/317 317/321 318/322
f 316/320 315/319 25/25 28/28
f 318/322 317/321 319/323 320/324
f 27/27 26/26 321/325 322/326
f 323/327 324/328 325/329 326/330
f 327/331 328/332 329/333 330/334
f 331/335 332/336 333/337 334/338
f 335/339 336/340 337/341 338/342
f 334/338 333/337 339/343 340/344
f 341/345 338/342 337/341 342/346
f 343/347 340/344 339/343 344/348
f 319/323 324/328 323/327 320/324
f 290/294 289/293 296/349 295/350
f 322/326 321/325 328/332 327/331
f 326/330 325/329 332/336 331/335
f 345/351 346/352 347/353 348/354
f 349/355 350/356 351/357 352/358
f 353/359 354/360 355/361 356/362
f 357/363 358/364 359/365 360/366
f 361/367 362/368 363/369 364/370
f 365/371 366/372 367/373 368/374
f 362/368 369/375 370/376 363/369
f 371/377 372/378 373/379 374/380
f 375/381 376/382 377/383 378/384
f 379/385 380/386 381/387 382/388
f 383/389 384/390 385/391 386/392
f 387/393 349/355 352/358 388/394
f 358/364 361/367 364/370 359/365
f 346/352 365/371 368/374 347/353
f 389/395 390/396 391/397 392/398
f 372/378 393/399 394/400 373/379
f 395/401 396/402 397/403 398/404
f 350/356 379/385 382/388 351/357
f 384/390 357/363 360/366 385/391
f 366/372 387/393 388/394 367/373
f 354/360 399/405 400/406 355/361
f 369/375 345/351 348/354 370/376
f 376/382 353/359 356/362 377/383
f 390/396 371/377 374/380 391/397
f 393/399 383/389 386/392 394/400
f 380/386 395/401 398/404 381/387
f 401/407 402/408 403/409 404/410
f 405/411 406/412 407/413 408/414
f 409/415 410/416 411/417 412/418
f 413/419 414/420 415/421 416/422
f 417/423 418/424 419/425 420/426
f 421/427 422/428 423/429 424/430
f 425/431 426/432 427/433 428/434
f 418/424 429/435 430/436 419/425
f 431/437 432/438 433/439 434/440
f 435/441 436/442 437/443 438/444
f 439/445 440/446 441/447 442/448
f 443/449 444/450 445/451 446/452
f 447/453 405/411 408/414 448/454
f 414/420 417/423 420/426 415/421
f 402/408 421/427 424/430 403/409
f 426/432 449/455 450/456 427/433
f 432/438 451/457 452/458 433/439
f 453/459 454/460 455/461 456/462
f 406/412 439/445 442/448 407/413
f 444/450 413/419 416/422 445/451
f 422/428 447/453 448/454 423/429
f 410/416 425/431 428/434 411/417
f 429/435 401/407 404/410 430/436
f 436/442 409/415 412/418 437/443
f 449/455 431/437 434/440 450/456
f 451/457 443/449 446/452 452/458
f 440/446 453/459 456/462 441/447
f 457/463 458/464 459/465 460/466
f 460/466 459/465 461/467 462/468
f 458/464 457/463 463/469 464/470
f 464/470 463/469 465/471 466/472
f 466/472 465/471 467/473 468/474
f 468/474 467/473 469/475 470/476
f 470/476 469/475 471/477 472/478
f 472/478 471/477 473/479 474/480
f 474/480 473/479 475/481 476/482
f 476/482 475/481 477/483 478/484
f 478/484 477/483 479/485 480/486
f 480/486 479/485 481/487 482/488
f 482/488 481/487 483/489 484/490
f 462/468 461/467 485/491 486/492
f 487/493 488/494 489/495 490/496
f 490/496 489/495 491/497 492/498
f 492/498 491/497 493/499 494/500
f 494/500 493/499 495/501 496/502
f 496/502 495/501 497/503 498/504
f 498/504 497/503 499/505 500/506
f 500/506 499/505 501/507 502/508
f 502/509 503/510 504/511 505/512
f 503/513 506/514 507/515 508/516
f 509/517 510/518 511/519 512/520
f 512/520 511/519 513/521 514/522
f 483/489 514/522 513/521 484/490
f 500/506 502/508 505/512 515/523
f 469/475 467/473 516/524 517/525
f 503/510 508/516 518/526 504/511
f 460/466 462/468 519/527 520/528
f 475/481 473/479 521/529 522/530
f 481/487 479/485 523/531 524/532
f 490/496 492/498 525/533 526/534
f 496/502 498/504 527/535 528/536
f 465/471 463/469 529/537 530/538
f 531/539 532/540 533/541 534/542
f 471/477 469/475 517/525 535/543
f 509/517 512/520 536/544 537/545
f 477/483 475/481 522/530 538/546
f 462/468 486/492 539/547 519/527
f 492/498 494/500 540/548 525/533
f 483/489 481/487 524/532 541/549
f 498/504 500/506 515/523 527/535
f 467/473 465/471 530/538 516/524
f 514/522 483/489 541/549 542/550
f 473/479 471/477 535/543 521/529
f 512/520 514/522 542/550 536/544
f 457/463 460/466 520/528 543/551
f 479/485 477/483 538/546 523/531
f 487/493 490/496 526/534 544/552
f 494/500 496/502 528/536 540/548
f 463/469 457/463 543/551 529/537
f 545/553 546/554 547/555 548/556
f 549/557 550/558 551/559 552/560
f 553/561 554/562 555/563 556/564
f 532/540 557/565 558/566 533/541
f 559/567 560/568 561/569 562/570
f 563/571 564/572 565/573 566/574
f 567/575 568/576 569/577 570/578
f 571/579 572/580 573/581 574/582
f 575/583 576/584 577/585 578/586
f 579/587 580/588 581/589 582/590
f 583/591 584/592 585/593 586/594
f 587/595 588/596 589/597 590/598
f 546/554 563/571 566/574 547/555
f 591/599 549/557 552/560 592/600
f 554/562 593/601 594/602 555/563
f 595/603 545/553 548/556 596/604
f 550/558 597/605 598/606 551/559
f 560/568 599/607 600/608 561/569
f 597/605 559/567 562/570 598/606
f 564/572 571/579 574/582 565/573
f 576/584 531/539 534/542 577/585
f 572/580 579/587 582/590 573/581
f 584/592 575/583 578/586 585/593
f 580/588 587/595 590/598 581/589
f 593/601 583/591 586/594 594/602
f 588/596 591/599 592/600 589/597
f 601/609 602/610 603/611 604/612
f 605/613 606/614 607/615 608/616
f 609/617 610/618 611/619 612/620
f 613/621 614/622 615/623 616/624
f 617/625 618/626 619/627 620/628
f 621/629 622/630 623/631 624/632
f 618/626 625/633 626/634 619/627
f 627/635 628/636 629/637 630/638
f 631/639 567/575 570/578 632/640
f 633/641 634/642 635/643 636/644
f 637/645 638/646 639/647 640/648
f 641/649 642/650 643/651 644/652
f 610/618 645/653 646/654 611/619
f 647/655 605/613 608/616 648/656
f 614/622 601/609 604/612 615/623
f 606/614 617/625 620/628 607/615
f 649/657 609/617 612/620 650/658
f 568/576 651/659 652/660 569/577
f 625/633 621/629 624/632 626/634
f 602/610 627/635 630/638 603/611
f 628/636 633/641 636/644 629/637
f 638/646 631/639 632/640 639/647
f 634/642 641/649 644/652 635/643
f 645/653 637/645 640/648 646/654
f 642/650 647/655 648/656 643/651
f 653/661 603/611 630/638 654/662
f 654/662 630/638 629/637 655/663
f 655/663 629/637 636/644 656/664
f 657/665 604/612 603/611 653/661
f 658/666 615/623 604/612 657/665
f 659/667 616/624 615/623 658/666
f 660/668 569/577 652/660 661/669
f 501/507 506/514 503/513 502/508
f 662/670 663/671 664/672 665/673
f 663/671 666/674 667/675 664/672
f 666/674 668/676 669/677 667/675
f 668/676 670/678 671/679 669/677
f 670/678 672/680 673/681 671/679
f 665/673 664/672 674/682 675/683
f 664/672 667/675 676/684 674/682
f 667/675 669/677 677/685 676/684
f 669/677 671/679 678/686 677/685
f 671/679 673/681 679/687 678/686
f 675/683 674/682 680/688 681/689
f 674/682 676/684 682/690 680/688
f 676/684 677/685 683/691 682/690
f 677/685 678/686 684/692 683/691
f 678/686 679/687 685/693 684/692
f 686/694 687/695 663/671 662/670
f 687/695 688/696 666/674 663/671
f 688/696 689/697 668/676 666/674
f 689/697 690/698 670/678 668/676
f 690/698 691/699 672/680 670/678
f 692/700 693/701 687/695 686/694
f 693/701 694/702 688/696 687/695
f 694/702 695/703 689/697 688/696
f 695/703 696/704 690/698 689/697
f 696/704 697/705 691/699 690/698
f 698/706 699/707 693/701 692/700
f 699/707 700/708 694/702 693/701
f 700/708 701/709 695/703 694/702
f 701/709 702/710 696/704 695/703
f 702/710 703/711 697/705 696/704
f 704/712 705/713 706/714 707/715
f 705/713 708/716 709/717 706/714
f 708/716 710/718 711/719 709/717
f 710/718 712/720 713/721 711/719
f 712/720 714/722 715/723 713/721
f 626/634 662/670 665/673 619/627
f 619/627 665/673 675/683 620/628
f 620/628 675/683 681/689 607/615
f 624/632 686/694 662/670 626/634
f 623/631 692/700 686/694 624/632
f 650/724 698/706 692/700 623/631
f 611/619 704/712 707/715 612/620
f 608/616 607/615 681/689 680/688
f 672/680 653/661 654/662 673/681
f 673/681 654/662 655/663 679/687
f 679/687 655/663 656/664 685/693
f 691/699 657/665 653/661 672/680
f 697/705 658/666 657/665 691/699
f 703/711 659/667 658/666 697/705
f 714/722 660/668 661/669 715/723
f 569/577 660/668 714/722 570/578
f 570/578 714/722 712/720 632/640
f 632/640 712/720 710/718 639/647
f 639/647 710/718 708/716 640/648
f 640/648 708/716 705/713 646/654
f 646/654 705/713 704/712 611/619
f 648/656 608/616 680/688 682/690
f 643/651 648/656 682/690 683/691
f 644/652 643/651 683/691 684/692
f 635/643 644/652 684/692 685/693
f 636/644 635/643 685/693 656/664
f 534/725 533/726 568/576 567/575
f 547/727 566/728 602/610 601/609
f 592/729 552/730 606/614 605/613
f 555/731 594/732 610/618 609/617
f 596/733 548/734 614/622 613/621
f 551/735 598/736 618/626 617/625
f 561/737 600/738 622/630 621/629
f 598/736 562/739 625/633 618/626
f 565/740 574/741 628/636 627/635
f 577/742 534/725 567/575 631/639
f 573/743 582/744 634/642 633/641
f 585/745 578/746 638/646 637/645
f 581/747 590/748 642/650 641/649
f 594/732 586/749 645/653 610/618
f 589/750 592/729 605/613 647/655
f 548/734 547/727 601/609 614/622
f 552/730 551/735 617/625 606/614
f 556/751 555/731 609/617 649/657
f 533/726 558/752 651/659 568/576
f 562/739 561/737 621/629 625/633
f 566/728 565/740 627/635 602/610
f 574/741 573/743 633/641 628/636
f 578/746 577/742 631/639 638/646
f 582/744 581/747 641/649 634/642
f 586/749 585/745 637/645 645/653
f 590/748 589/750 647/655 642/650
f 505/512 504/511 532/540 531/539
f 536/544 542/550 546/554 545/553
f 530/538 529/537 550/558 549/557
f 544/552 526/534 554/562 553/561
f 504/511 518/526 557/565 532/540
f 520/528 519/527 560/568 559/567
f 541/549 524/532 564/572 563/571
f 523/531 538/546 572/580 571/579
f 527/535 515/523 576/584 575/583
f 522/530 521/529 580/588 579/587
f 540/548 528/536 584/592 583/591
f 535/543 517/525 588/596 587/595
f 542/550 541/549 563/571 546/554
f 516/524 530/538 549/557 591/599
f 526/534 525/533 593/601 554/562
f 537/545 536/544 545/553 595/603
f 529/537 543/551 597/605 550/558
f 519/527 539/547 599/607 560/568
f 543/551 520/528 559/567 597/605
f 524/532 523/531 571/579 564/572
f 515/523 505/512 531/539 576/584
f 538/546 522/530 579/587 572/580
f 528/536 527/535 575/583 584/592
f 521/529 535/543 587/595 580/588
f 525/533 540/548 583/591 593/601
f 517/525 516/524 591/599 588/596
f 486/492 485/491 488/753 487/754
f 508/516 507/515 510/518 509/517
f 508/516 509/517 537/545 518/526
f 486/492 487/754 544/755 539/547
f 599/607 553/756 556/757 600/608
f 557/565 595/603 596/604 558/566
f 651/659 613/621 616/624 652/660
f 622/630 649/657 650/658 623/631
f 661/669 652/660 616/624 659/667
f 707/715 706/714 699/707 698/706
f 706/714 709/717 700/708 699/707
f 709/717 711/719 701/709 700/708
f 711/719 713/721 702/710 701/709
f 713/721 715/723 703/711 702/710
f 612/620 707/715 698/706 650/658
f 715/723 661/669 659/667 703/711
f 558/752 596/733 613/621 651/659
f 600/738 556/751 649/657 622/630
f 539/547 544/755 553/756 599/607
f 518/526 537/545 595/603 557/565
f 716/758 717/759 718/760 719/761
f 720/762 721/763 722/764 723/765
f 724/766 725/767 726/768 727/769
f 728/770 729/771 730/772 731/773
f 732/774 733/775 734/776 735/777
f 736/778 737/779 738/780 739/781
f 740/782 741/783 742/784 743/785
f 744/786 745/787 746/788 747/789
f 737/779 748/790 749/791 738/780
f 750/792 751/793 752/794 753/795
f 733/775 754/796 755/797 734/776
f 756/798 757/799 758/800 759/801
f 760/802 761/803 762/804 763/805
f 764/806 720/762 723/765 765/807
f 729/771 736/778 739/781 730/772
f 717/759 740/782 743/785 718/760
f 745/787 766/808 767/809 746/788
f 751/793 768/810 769/811 752/794
f 770/812 732/813 735/814 771/815
f 721/763 756/798 759/801 722/764
f 761/803 728/770 731/773 762/804
f 741/783 764/806 765/807 742/784
f 725/767 744/786 747/789 726/768
f 748/790 716/758 719/761 749/791
f 754/796 724/766 727/769 755/797
f 766/808 750/792 753/795 767/809
f 768/810 760/802 763/805 769/811
f 757/799 770/812 771/815 758/800
f 510/518 507/515 717/759 716/758
f 497/503 495/501 721/763 720/762
f 459/465 458/464 725/767 724/766
f 480/486 482/488 729/771 728/770
f 488/753 485/491 733/775 732/774
f 484/490 513/521 737/779 736/778
f 506/514 501/507 741/783 740/782
f 464/470 466/472 745/787 744/786
f 513/521 511/519 748/790 737/779
f 470/476 472/478 751/793 750/792
f 485/491 461/467 754/796 733/775
f 493/499 491/497 757/799 756/798
f 476/482 478/484 761/803 760/802
f 499/505 497/503 720/762 764/806
f 482/488 484/490 736/778 729/771
f 507/515 506/514 740/782 717/759
f 466/472 468/474 766/808 745/787
f 472/478 474/480 768/810 751/793
f 489/495 488/494 732/813 770/812
f 495/501 493/499 756/798 721/763
f 478/484 480/486 728/770 761/803
f 501/507 499/505 764/806 741/783
f 458/464 464/470 744/786 725/767
f 511/519 510/518 716/758 748/790
f 461/467 459/465 724/766 754/796
f 468/474 470/476 750/792 766/808
f 474/480 476/482 760/802 768/810
f 491/497 489/495 770/812 757/799
f 330/334 329/333 336/340 335/339
f 23/23 341/345 342/346 24/24
f 245/247 241/243 242/244 246/248
f 285/289 343/347 344/348 286/290
f 772/816 773/817 774/818 775/819
f 775/819 774/818 776/820 777/821
f 778/822 779/823 780/824 781/825
f 781/825 780/824 782/826 783/827
f 783/827 782/826 784/828 785/829
f 785/829 784/828 786/830 787/831
f 787/831 786/830 788/832 789/833
f 789/833 788/832 790/834 791/835
f 791/835 790/834 792/836 793/837
f 793/837 792/836 794/838 795/839
f 795/839 794/838 796/840 797/841
f 797/841 796/840 773/817 772/816
f 777/821 776/820 798/842 799/843
f 799/843 798/842 800/844 801/845
f 801/845 800/844 802/846 803/847
f 803/847 802/846 804/848 805/849
f 805/849 804/848 806/850 807/851
f 807/851 806/850 808/852 809/853
f 810/854 811/855 812/856 813/857
f 813/857 812/856 814/858 815/859
f 816/860 817/861 818/862 819/863
f 819/863 818/862 820/864 821/865
f 815/859 814/858 822/866 823/867
f 823/867 822/866 824/868 825/869
f 821/865 820/864 826/870 827/871
f 827/871 826/870 828/872 829/873
f 829/873 828/872 830/874 831/875
f 831/875 830/874 832/876 833/877
f 834/878 835/879 836/880 837/881
f 833/877 832/876 838/882 839/883
f 839/883 838/882 840/884 841/885
f 841/885 840/884 842/886 843/887
f 843/887 842/886 844/888 845/889
f 845/889 844/888 846/890 847/891
f 847/891 846/890 811/855 810/854
f 848/892 849/893 817/861 816/860
f 850/894 851/895 852/896 853/897
f 853/897 852/896 854/898 855/899
f 856/900 857/901 858/902 859/903
f 859/903 858/902 860/904 861/905
f 861/905 860/904 862/906 863/907
f 863/907 862/906 864/908 865/909
f 865/909 864/908 866/910 867/911
f 867/911 866/910 868/912 869/913
f 869/913 868/912 870/914 871/915
f 871/915 870/914 872/916 873/917
f 873/917 872/916 874/918 875/919
f 875/919 874/918 851/895 850/894
f 855/899 854/898 876/920 877/921
f 877/921 876/920 878/922 879/923
f 879/923 878/922 880/924 881/925
f 881/925 880/924 882/926 883/927
f 883/927 882/926 884/928 885/929
f 885/929 884/928 779/823 778/822
f 886/930 887/931 888/932 889/933
f 889/933 888/932 890/934 891/935
f 892/936 893/937 894/938 895/939
f 895/939 894/938 896/940 897/941
f 891/935 890/934 898/942 899/943
f 899/943 898/942 900/944 901/945
f 897/941 896/940 902/946 903/947
f 903/947 902/946 904/948 905/949
f 905/949 904/948 906/950 907/951
f 907/951 906/950 908/952 909/953
f 901/945 900/944 849/893 848/892
f 909/953 908/952 910/954 911/955
f 911/955 910/954 912/956 913/957
f 913/957 912/956 914/958 915/959
f 915/959 914/958 916/960 917/961
f 917/961 916/960 918/962 919/963
f 919/963 918/962 887/931 886/930
f 920/964 921/965 922/966 923/967
f 924/968 925/969 926/970 927/971
f 928/972 929/973 930/974 931/975
f 932/976 933/977 934/978 935/979
f 936/980 937/981 938/982 939/983
f 940/984 941/985 942/986 943/987
f 944/988 945/989 946/990 947/991
f 948/992 949/993 950/994 951/995
f 952/996 953/997 954/998 955/999
f 956/1000 957/1001 958/1002 959/1003
f 960/1004 961/1005 962/1006 963/1007
f 964/1008 965/1009 966/1010 967/1011
f 968/1012 969/1013 970/1014 971/1015
f 972/1016 973/1017 974/1018 975/1019
f 976/1020 977/1021 978/1022 979/1023
f 980/1024 981/1025 982/1026 983/1027
f 984/1028 985/1029 986/1030 987/1031
f 988/1032 989/1033 990/1034 991/1035
f 963/1007 962/1006 921/965 920/964
f 967/1011 966/1010 925/969 924/968
f 992/1036 993/1037 929/973 928/972
f 994/1038 995/1039 933/977 932/976
f 931/975 930/974 937/981 936/980
f 935/979 934/978 941/985 940/984
f 939/983 938/982 945/989 944/988
f 943/987 942/986 949/993 948/992
f 947/991 946/990 953/997 952/996
f 951/995 950/994 957/1001 956/1000
f 959/1003 958/1002 965/1009 964/1008
f 923/967 922/966 969/1013 968/1012
f 927/971 926/970 973/1017 972/1016
f 971/1015 970/1014 977/1021 976/1020
f 975/1019 974/1018 981/1025 980/1024
f 979/1023 978/1022 985/1029 984/1028
f 983/1027 982/1026 989/1033 988/1032
f 996/1040 997/1041 998/1042 999/1043
f 1000/1044 1001/1045 1002/1046 1003/1047
f 1004/1048 1005/1049 1006/1050 1007/1051
f 1008/1052 1009/1053 1010/1054 1011/1055
f 1012/1056 1013/1057 1014/1058 1015/1059
f 1016/1060 1017/1061 1018/1062 1019/1063
f 1020/1064 1021/1065 1022/1066 1023/1067
f 1024/1068 1025/1069 1026/1070 1027/1071
f 1028/1072 1029/1073 1030/1074 1031/1075
f 1032/1076 1033/1077 1034/1078 1035/1079
f 1036/1080 1037/1081 1038/1082 1039/1083
f 1040/1084 1041/1085 1042/1086 1043/1087
f 1044/1088 1045/1089 1046/1090 1047/1091
f 1048/1092 1049/1093 1050/1094 1051/1095
f 1052/1096 1053/1097 1054/1098 1055/1099
f 1056/1100 1057/1101 1058/1102 1059/1103
f 1060/1104 1061/1105 993/1037 992/1036
f 1062/1106 1063/1107 995/1039 994/1038
f 1039/1083 1038/1082 997/1041 996/1040
f 1043/1087 1042/1086 1001/1045 1000/1044
f 1064/1108 1065/1109 1005/1049 1004/1048
f 1066/1110 1067/1111 1009/1053 1008/1052
f 1007/1051 1006/1050 1013/1057 1012/1056
f 1011/1055 1010/1054 1017/1061 1016/1060
f 1015/1059 1014/1058 1021/1065 1020/1064
f 1019/1063 1018/1062 1025/1069 1024/1068
f 1023/1067 1022/1066 1029/1073 1028/1072
f 1027/1071 1026/1070 1033/1077 1032/1076
f 1031/1075 1030/1074 1037/1081 1036/1080
f 1035/1079 1034/1078 1041/1085 1040/1084
f 999/1043 998/1042 1045/1089 1044/1088
f 1003/1047 1002/1046 1049/1093 1048/1092
f 1047/1091 1046/1090 1053/1097 1052/1096
f 1051/1095 1050/1094 1057/1101 1056/1100
f 1055/1099 1054/1098 1061/1105 1060/1104
f 1059/1103 1058/1102 1063/1107 1062/1106
f 1068/1112 1069/1113 1070/1114 1071/1115
f 1071/1115 1070/1114 1072/1116 1073/1117
f 1074/1118 1075/1119 1076/1120 1077/1121
f 1077/1121 1076/1120 1078/1122 1079/1123
f 1073/1117 1072/1116 1080/1124 1081/1125
f 1081/1125 1080/1124 1082/1126 1083/1127
f 1079/1123 1078/1122 1084/1128 1085/1129
f 1085/1129 1084/1128 1086/1130 1087/1131
f 1087/1131 1086/1130 1088/1132 1089/1133
f 1089/1133 1088/1132 1090/1134 1091/1135
f 1083/1127 1082/1126 1092/1136 1093/1137
f 1093/1137 1092/1136 1094/1138 1095/1139
f 1091/1135 1090/1134 1096/1140 1097/1141
f 1097/1141 1096/1140 1098/1142 1099/1143
f 1099/1143 1098/1142 1100/1144 1101/1145
f 1101/1145 1100/1144 1102/1146 1103/1147
f 1103/1147 1102/1146 1104/1148 1105/1149
f 1105/1149 1104/1148 1069/1113 1068/1112
f 1106/1150 1107/1151 1075/1119 1074/1118
f 1108/1152 1109/1153 1110/1154 1111/1155
f 1111/1155 1110/1154 1112/1156 1113/1157
f 1114/1158 1115/1159 1116/1160 1117/1161
f 1117/1161 1116/1160 1118/1162 1119/1163
f 1113/1157 1112/1156 1120/1164 1121/1165
f 1121/1165 1120/1164 1122/1166 1123/1167
f 1119/1163 1118/1162 1124/1168 1125/1169
f 1125/1169 1124/1168 1126/1170 1127/1171
f 1127/1171 1126/1170 1128/1172 1129/1173
f 1129/1173 1128/1172 1130/1174 1131/1175
f 1123/1167 1122/1166 1107/1151 1106/1150
f 1131/1175 1130/1174 1132/1176 1133/1177
f 1133/1177 1132/1176 1134/1178 1135/1179
f 1135/1179 1134/1178 1136/1180 1137/1181
f 1137/1181 1136/1180 1138/1182 1139/1183
f 1139/1183 1138/1182 1140/1184 1141/1185
f 1141/1185 1140/1184 1109/1153 1108/1152
f 1142/1186 1143/1187 1144/1188 1145/1189
f 1145/1189 1144/1188 1146/1190 1147/1191
f 1148/1192 1149/1193 1150/1194 1151/1195
f 1151/1195 1150/1194 1152/1196 1153/1197
f 1153/1197 1152/1196 1154/1198 1155/1199
f 1155/1199 1154/1198 1156/1200 1157/1201
f 1157/1201 1156/1200 1158/1202 1159/1203
f 1159/1203 1158/1202 1160/1204 1161/1205
f 1161/1205 1160/1204 1162/1206 1163/1207
f 1163/1207 1162/1206 1164/1208 1165/1209
f 1165/1209 1164/1208 1166/1210 1167/1211
f 1167/1211 1166/1210 1143/1187 1142/1186
f 1147/1191 1146/1190 1168/1212 1169/1213
f 1169/1213 1168/1212 1170/1214 1171/1215
f 1171/1215 1170/1214 1172/1216 1173/1217
f 1173/1217 1172/1216 1174/1218 1175/1219
f 1175/1219 1174/1218 1176/1220 1177/1221
f 1177/1221 1176/1220 1178/1222 1179/1223
f 1180/1224 1181/1225 1182/1226 1183/1227
f 1183/1227 1182/1226 1184/1228 1185/1229
f 1186/1230 1187/1231 1188/1232 1189/1233
f 1189/1233 1188/1232 1190/1234 1191/1235
f 1191/1235 1190/1234 1192/1236 1193/1237
f 1193/1237 1192/1236 1194/1238 1195/1239
f 1195/1239 1194/1238 1196/1240 1197/1241
f 1197/1241 1196/1240 1198/1242 1199/1243
f 1199/1243 1198/1242 1200/1244 1201/1245
f 1201/1245 1200/1244 1202/1246 1203/1247
f 1203/1247 1202/1246 1204/1248 1205/1249
f 1205/1249 1204/1248 1181/1225 1180/1224
f 1185/1229 1184/1228 1206/1250 1207/1251
f 1207/1251 1206/1250 1208/1252 1209/1253
f 1209/1253 1208/1252 1210/1254 1211/1255
f 1211/1255 1210/1254 1212/1256 1213/1257
f 1213/1257 1212/1256 1214/1258 1215/1259
f 1215/1259 1214/1258 1149/1193 1148/1192
f 1216/1260 1217/1261 1218/1262 1219/1263
f 1220/1264 1221/1265 1222/1266 1223/1267
f 1219/1263 1218/1262 1224/1268 1225/1269
f 1223/1267 1222/1266 1226/1270 1227/1271
f 1228/1272 1229/1273 1230/1274 1231/1275
f 1232/1276 1233/1277 1234/1278 1235/1279
f 1231/1275 1230/1274 1236/1280 1237/1281
f 1235/1279 1234/1278 1238/1282 1239/1283
f 1237/1281 1236/1280 1240/1284 1241/1285
f 1239/1283 1238/1282 1242/1286 1243/1287
f 1241/1285 1240/1284 1244/1288 1245/1289
f 1243/1287 1242/1286 1246/1290 1247/1291
f 1248/1292 1249/1293 1250/1294 1251/1295
f 1252/1296 1253/1297 1254/1298 1255/1299
f 1251/1295 1250/1294 1256/1300 1257/1301
f 1255/1299 1254/1298 1258/1302 1259/1303
f 1245/1289 1244/1288 1260/1304 1261/1305
f 1247/1291 1246/1290 1262/1306 1263/1307
f 1261/1305 1260/1304 1264/1308 1265/1309
f 1263/1307 1262/1306 1266/1310 1267/1311
f 1265/1309 1264/1308 1268/1312 1269/1313
f 1269/1313 1268/1312 1270/1314 1271/1315
f 1272/1316 1273/1317 1274/1318 1275/1319
f 1257/1301 1256/1300 1276/1320 1277/1321
f 1259/1303 1258/1302 1278/1322 1279/1323
f 1277/1321 1276/1320 1280/1324 1281/1325
f 1279/1323 1278/1322 1282/1326 1283/1327
f 1271/1315 1270/1314 1284/1328 1285/1329
f 1275/1319 1274/1318 1286/1330 1287/1331
f 1285/1329 1284/1328 1249/1293 1248/1292
f 1287/1331 1286/1330 1253/1297 1252/1296
f 1281/1325 1280/1324 1288/1332 1289/1333
f 1283/1327 1282/1326 1290/1334 1291/1335
f 1289/1333 1288/1332 1217/1261 1216/1260
f 1291/1335 1290/1334 1221/1265 1220/1264
f 1292/1336 1293/1337 1294/1338 1295/1339
f 1296/1340 1297/1341 1298/1342 1299/1343
f 1300/1344 1301/1345 1302/1346 1303/1347
f 1304/1348 1305/1349 1306/1350 1307/1351
f 1303/1347 1302/1346 1308/1352 1309/1353
f 1307/1351 1306/1350 1310/1354 1311/1355
f 1309/1353 1308/1352 1312/1356 1313/1357
f 1311/1355 1310/1354 1314/1358 1315/1359
f 1313/1357 1312/1356 1316/1360 1317/1361
f 1315/1359 1314/1358 1318/1362 1319/1363
f 1320/1364 1321/1365 1322/1366 1323/1367
f 1324/1368 1325/1369 1326/1370 1327/1371
f 1323/1367 1322/1366 1328/1372 1329/1373
f 1327/1371 1326/1370 1330/1374 1331/1375
f 1317/1361 1316/1360 1332/1376 1333/1377
f 1319/1363 1318/1362 1334/1378 1335/1379
f 1333/1377 1332/1376 1336/1380 1337/1381
f 1335/1379 1334/1378 1338/1382 1339/1383
f 1337/1381 1336/1380 1340/1384 1341/1385
f 1339/1383 1338/1382 1342/1386 1343/1387
f 1341/1385 1340/1384 1344/1388 1345/1389
f 1343/1387 1342/1386 1346/1390 1347/1391
f 1329/1373 1328/1372 1348/1392 1349/1393
f 1331/1375 1330/1374 1350/1394 1351/1395
f 1349/1393 1348/1392 1352/1396 1353/1397
f 1351/1395 1350/1394 1354/1398 1355/1399
f 1345/1389 1344/1388 1356/1400 1357/1401
f 1347/1391 1346/1390 1358/1402 1359/1403
f 1357/1401 1356/1400 1321/1365 1320/1364
f 1359/1403 1358/1402 1325/1369 1324/1368
f 1353/1397 1352/1396 1360/1404 1361/1405
f 1355/1399 1354/1398 1362/1406 1363/1407
f 1361/1405 1360/1404 1293/1337 1292/1336
f 1363/1407 1362/1406 1297/1341 1296/1340
f 1295/1339 1294/1338 1229/1273 1228/1272
f 1299/1343 1298/1342 1233/1277 1232/1276
f 1364/1408 1365/1409 1366/1410 1367/1411
f 1368/1412 1369/1413 1370/1414 1371/1415
f 1372/1416 1373/1417 1374/1418 1375/1419
f 1367/1411 1366/1410 1376/1420 1377/1421
f 1371/1415 1370/1414 1378/1422 1379/1423
f 1375/1419 1374/1418 1380/1424 1381/1425
f 1382/1426 1383/1427 1384/1428 1385/1429
f 1386/1430 1387/1431 1388/1432 1389/1433
f 1390/1434 1391/1435 1392/1436 1393/1437
f 1385/1429 1384/1428 1394/1438 1395/1439
f 1389/1433 1388/1432 1396/1440 1397/1441
f 1393/1437 1392/1436 1398/1442 1399/1443
f 1395/1439 1394/1438 1400/1444 1401/1445
f 1397/1441 1396/1440 1402/1446 1403/1447
f 1399/1443 1398/1442 1404/1448 1405/1449
f 1401/1445 1400/1444 1406/1450 1407/1451
f 1403/1447 1402/1446 1408/1452 1409/1453
f 1405/1449 1404/1448 1410/1454 1411/1455
f 1407/1451 1406/1450 1412/1456 1413/1457
f 1409/1453 1408/1452 1414/1458 1415/1459
f 1411/1455 1410/1454 1416/1460 1417/1461
f 1413/1457 1412/1456 1418/1462 1419/1463
f 1415/1459 1414/1458 1420/1464 1421/1465
f 1417/1461 1416/1460 1422/1466 1423/1467
f 1419/1463 1418/1462 1424/1468 1425/1469
f 1421/1465 1420/1464 1426/1470 1427/1471
f 1423/1467 1422/1466 1428/1472 1429/1473
f 1425/1469 1424/1468 1430/1474 1431/1475
f 1427/1471 1426/1470 1432/1476 1433/1477
f 1429/1473 1428/1472 1434/1478 1435/1479
f 1431/1475 1430/1474 1436/1480 1437/1481
f 1433/1477 1432/1476 1438/1482 1439/1483
f 1435/1479 1434/1478 1440/1484 1441/1485
f 1437/1481 1436/1480 1365/1409 1364/1408
f 1439/1483 1438/1482 1369/1413 1368/1412
f 1441/1485 1440/1484 1373/1417 1372/1416
f 1377/1421 1376/1420 1442/1486 1443/1487
f 1379/1423 1378/1422 1444/1488 1445/1489
f 1381/1425 1380/1424 1446/1490 1447/1491
f 1443/1487 1442/1486 1448/1492 1449/1493
f 1445/1489 1444/1488 1450/1494 1451/1495
f 1447/1491 1446/1490 1452/1496 1453/1497
f 1449/1493 1448/1492 1454/1498 1455/1499
f 1451/1495 1450/1494 1456/1500 1457/1501
f 1453/1497 1452/1496 1458/1502 1459/1503
f 1455/1499 1454/1498 1460/1504 1461/1505
f 1457/1501 1456/1500 1462/1506 1463/1507
f 1459/1503 1458/1502 1464/1508 1465/1509
f 1461/1505 1460/1504 1466/1510 1467/1511
f 1463/1507 1462/1506 1468/1512 1469/1513
f 1465/1509 1464/1508 1470/1514 1471/1515
f 1467/1511 1466/1510 1472/1516 1473/1517
f 1469/1513 1468/1512 1474/1518 1475/1519
f 1471/1515 1470/1514 1476/1520 1477/1521
f 1478/1522 1479/1523 1480/1524 1481/1525
f 1482/1526 1483/1527 1484/1528 1485/1529
f 1486/1530 1487/1531 1488/1532 1489/1533
f 1481/1525 1480/1524 1490/1534 1491/1535
f 1485/1529 1484/1528 1492/1536 1493/1537
f 1489/1533 1488/1532 1494/1538 1495/1539
f 1496/1540 1497/1541 1498/1542 1499/1543
f 1500/1544 1501/1545 1502/1546 1503/1547
f 1504/1548 1505/1549 1506/1550 1507/1551
f 1499/1543 1498/1542 1508/1552 1509/1553
f 1503/1547 1502/1546 1510/1554 1511/1555
f 1507/1551 1506/1550 1512/1556 1513/1557
f 1509/1553 1508/1552 1514/1558 1515/1559
f 1511/1555 1510/1554 1516/1560 1517/1561
f 1513/1557 1512/1556 1518/1562 1519/1563
f 1515/1559 1514/1558 1520/1564 1521/1565
f 1517/1561 1516/1560 1522/1566 1523/1567
f 1519/1563 1518/1562 1524/1568 1525/1569
f 1521/1565 1520/1564 1526/1570 1527/1571
f 1523/1567 1522/1566 1528/1572 1529/1573
f 1525/1569 1524/1568 1530/1574 1531/1575
f 1527/1571 1526/1570 1532/1576 1533/1577
f 1529/1573 1528/1572 1534/1578 1535/1579
f 1531/1575 1530/1574 1536/1580 1537/1581
f 1533/1577 1532/1576 1538/1582 1539/1583
f 1535/1579 1534/1578 1540/1584 1541/1585
f 1537/1581 1536/1580 1542/1586 1543/1587
f 1539/1583 1538/1582 1544/1588 1545/1589
f 1541/1585 1540/1584 1546/1590 1547/1591
f 1543/1587 1542/1586 1548/1592 1549/1593
f 1545/1589 1544/1588 1550/1594 1551/1595
f 1547/1591 1546/1590 1552/1596 1553/1597
f 1549/1593 1548/1592 1554/1598 1555/1599
f 1551/1595 1550/1594 1479/1523 1478/1522
f 1553/1597 1552/1596 1483/1527 1482/1526
f 1555/1599 1554/1598 1487/1531 1486/1530
f 1491/1535 1490/1534 1556/1600 1557/1601
f 1493/1537 1492/1536 1558/1602 1559/1603
f 1495/1539 1494/1538 1560/1604 1561/1605
f 1557/1601 1556/1600 1562/1606 1563/1607
f 1559/1603 1558/1602 1564/1608 1565/1609
f 1561/1605 1560/1604 1566/1610 1567/1611
f 1563/1607 1562/1606 1568/1612 1569/1613
f 1565/1609 1564/1608 1570/1614 1571/1615
f 1567/1611 1566/1610 1572/1616 1573/1617
f 1569/1613 1568/1612 1574/1618 1575/1619
f 1571/1615 1570/1614 1576/1620 1577/1621
f 1573/1617 1572/1616 1578/1622 1579/1623
f 1575/1619 1574/1618 1580/1624 1581/1625
f 1577/1621 1576/1620 1582/1626 1583/1627
f 1579/1623 1578/1622 1584/1628 1585/1629
f 1581/1625 1580/1624 1383/1427 1382/1426
f 1583/1627 1582/1626 1387/1431 1386/1430
f 1585/1629 1584/1628 1391/1435 1390/1434
f 1586/1630 1587/1631 1588/1632 1589/1633
f 1590/1634 1591/1635 1592/1636 1593/1637
f 1594/1638 1595/1639 1596/1640 1597/1641
f 1589/1633 1588/1632 1598/1642 1599/1643
f 1593/1637 1592/1636 1600/1644 1601/1645
f 1597/1641 1596/1640 1602/1646 1603/1647
f 1604/1648 1605/1649 1606/1650 1607/1651
f 1608/1652 1609/1653 1610/1654 1611/1655
f 1612/1656 1613/1657 1614/1658 1615/1659
f 1607/1651 1606/1650 1616/1660 1617/1661
f 1611/1655 1610/1654 1618/1662 1619/1663
f 1615/1659 1614/1658 1620/1664 1621/1665
f 1617/1661 1616/1660 1622/1666 1623/1667
f 1619/1663 1618/1662 1624/1668 1625/1669
f 1621/1665 1620/1664 1626/1670 1627/1671
f 1623/1667 1622/1666 1628/1672 1629/1673
f 1625/1669 1624/1668 1630/1674 1631/1675
f 1627/1671 1626/1670 1632/1676 1633/1677
f 1629/1673 1628/1672 1634/1678 1635/1679
f 1631/1675 1630/1674 1636/1680 1637/1681
f 1633/1677 1632/1676 1638/1682 1639/1683
f 1635/1679 1634/1678 1640/1684 1641/1685
f 1637/1681 1636/1680 1642/1686 1643/1687
f 1639/1683 1638/1682 1644/1688 1645/1689
f 1641/1685 1640/1684 1646/1690 1647/1691
f 1643/1687 1642/1686 1648/1692 1649/1693
f 1645/1689 1644/1688 1650/1694 1651/1695
f 1647/1691 1646/1690 1652/1696 1653/1697
f 1649/1693 1648/1692 1654/1698 1655/1699
f 1651/1695 1650/1694 1656/1700 1657/1701
f 1658/1702 1659/1703 1595/1639 1594/1638
f 1599/1643 1598/1642 1660/1704 1661/1705
f 1601/1645 1600/1644 1662/1706 1663/1707
f 1603/1647 1602/1646 1664/1708 1665/1709
f 1661/1705 1660/1704 1666/1710 1667/1711
f 1663/1707 1662/1706 1668/1712 1669/1713
f 1665/1709 1664/1708 1670/1714 1671/1715
f 1667/1711 1666/1710 1672/1716 1673/1717
f 1669/1713 1668/1712 1674/1718 1675/1719
f 1671/1715 1670/1714 1676/1720 1677/1721
f 1673/1717 1672/1716 1678/1722 1679/1723
f 1675/1719 1674/1718 1680/1724 1681/1725
f 1677/1721 1676/1720 1682/1726 1683/1727
f 1679/1723 1678/1722 1684/1728 1685/1729
f 1681/1725 1680/1724 1686/1730 1687/1731
f 1683/1727 1682/1726 1688/1732 1689/1733
f 1685/1729 1684/1728 1690/1734 1691/1735
f 1687/1731 1686/1730 1692/1736 1693/1737
f 1689/1733 1688/1732 1694/1738 1695/1739
f 1696/1740 1697/1741 1698/1742 1699/1743
f 1700/1744 1701/1745 1702/1746 1703/1747
f 1704/1748 1705/1749 1706/1750 1707/1751
f 1699/1743 1698/1742 1708/1752 1709/1753
f 1703/1747 1702/1746 1710/1754 1711/1755
f 1707/1751 1706/1750 1712/1756 1713/1757
f 1714/1758 1715/1759 1716/1760 1717/1761
f 1718/1762 1719/1763 1720/1764 1721/1765
f 1722/1766 1723/1767 1724/1768 1725/1769
f 1717/1761 1716/1760 1726/1770 1727/1771
f 1721/1765 1720/1764 1728/1772 1729/1773
f 1725/1769 1724/1768 1730/1774 1731/1775
f 1727/1771 1726/1770 1732/1776 1733/1777
f 1729/1773 1728/1772 1734/1778 1735/1779
f 1731/1775 1730/1774 1736/1780 1737/1781
f 1733/1777 1732/1776 1738/1782 1739/1783
f 1735/1779 1734/1778 1740/1784 1741/1785
f 1737/1781 1736/1780 1742/1786 1743/1787
f 1739/1783 1738/1782 1744/1788 1745/1789
f 1741/1785 1740/1784 1746/1790 1747/1791
f 1743/1787 1742/1786 1748/1792 1749/1793
f 1745/1789 1744/1788 1750/1794 1751/1795
f 1747/1791 1746/1790 1752/1796 1753/1797
f 1749/1793 1748/1792 1754/1798 1755/1799
f 1751/1795 1750/1794 1756/1800 1757/1801
f 1753/1797 1752/1796 1758/1802 1759/1803
f 1755/1799 1754/1798 1760/1804 1761/1805
f 1757/1801 1756/1800 1762/1806 1763/1807
f 1759/1803 1758/1802 1764/1808 1765/1809
f 1761/1805 1760/1804 1766/1810 1767/1811
f 1763/1807 1762/1806 1768/1812 1769/1813
f 1765/1809 1764/1808 1770/1814 1771/1815
f 1767/1811 1766/1810 1772/1816 1773/1817
f 1769/1813 1768/1812 1697/1741 1696/1740
f 1773/1817 1772/1816 1705/1749 1704/1748
f 1709/1753 1708/1752 1774/1818 1775/1819
f 1711/1755 1710/1754 1776/1820 1777/1821
f 1713/1757 1712/1756 1778/1822 1779/1823
f 1775/1819 1774/1818 1780/1824 1781/1825
f 1777/1821 1776/1820 1782/1826 1783/1827
f 1779/1823 1778/1822 1784/1828 1785/1829
f 1781/1825 1780/1824 1786/1830 1787/1831
f 1783/1827 1782/1826 1788/1832 1789/1833
f 1785/1829 1784/1828 1790/1834 1791/1835
f 1787/1831 1786/1830 1792/1836 1793/1837
f 1789/1833 1788/1832 1794/1838 1795/1839
f 1791/1835 1790/1834 1796/1840 1797/1841
f 1793/1837 1792/1836 1798/1842 1799/1843
f 1795/1839 1794/1838 1800/1844 1801/1845
f 1797/1841 1796/1840 1802/1846 1803/1847
f 1799/1843 1798/1842 1605/1649 1604/1648
f 1801/1845 1800/1844 1609/1653 1608/1652
f 1803/1847 1802/1846 1613/1657 1612/1656
f 1804/1848 1805/1849 1806/1850 1807/1851
f 1808/1852 1809/1853 1810/1854 1811/1855
f 1812/1856 1813/1857 1814/1858 1815/1859
f 1807/1851 1806/1850 1816/1860 1817/1861
f 1811/1855 1810/1854 1818/1862 1819/1863
f 1815/1859 1814/1858 1820/1864 1821/1865
f 1822/1866 1823/1867 1824/1868 1825/1869
f 1826/1870 1827/1871 1828/1872 1829/1873
f 1830/1874 1831/1875 1832/1876 1833/1877
f 1825/1869 1824/1868 1834/1878 1835/1879
f 1829/1873 1828/1872 1836/1880 1837/1881
f 1833/1877 1832/1876 1838/1882 1839/1883
f 1835/1879 1834/1878 1840/1884 1841/1885
f 1837/1881 1836/1880 1842/1886 1843/1887
f 1839/1883 1838/1882 1844/1888 1845/1889
f 1841/1885 1840/1884 1846/1890 1847/1891
f 1843/1887 1842/1886 1848/1892 1849/1893
f 1845/1889 1844/1888 1850/1894 1851/1895
f 1817/1861 1816/1860 1852/1896 1853/1897
f 1819/1863 1818/1862 1854/1898 1855/1899
f 1821/1865 1820/1864 1856/1900 1857/1901
f 1853/1897 1852/1896 1858/1902 1859/1903
f 1855/1899 1854/1898 1860/1904 1861/1905
f 1857/1901 1856/1900 1862/1906 1863/1907
f 1847/1891 1846/1890 1864/1908 1865/1909
f 1849/1893 1848/1892 1866/1910 1867/1911
f 1851/1895 1850/1894 1868/1912 1869/1913
f 1865/1909 1864/1908 1870/1914 1871/1915
f 1867/1911 1866/1910 1872/1916 1873/1917
f 1869/1913 1868/1912 1874/1918 1875/1919
f 1871/1915 1870/1914 1876/1920 1877/1921
f 1873/1917 1872/1916 1878/1922 1879/1923
f 1875/1919 1874/1918 1880/1924 1881/1925
f 1877/1921 1876/1920 1882/1926 1883/1927
f 1879/1923 1878/1922 1884/1928 1885/1929
f 1881/1925 1880/1924 1886/1930 1887/1931
f 1859/1903 1858/1902 1888/1932 1889/1933
f 1861/1905 1860/1904 1890/1934 1891/1935
f 1863/1907 1862/1906 1892/1936 1893/1937
f 1889/1933 1888/1932 1894/1938 1895/1939
f 1891/1935 1890/1934 1896/1940 1897/1941
f 1893/1937 1892/1936 1898/1942 1899/1943
f 1883/1927 1882/1926 1900/1944 1901/1945
f 1885/1929 1884/1928 1902/1946 1903/1947
f 1887/1931 1886/1930 1904/1948 1905/1949
f 1901/1945 1900/1944 1805/1849 1804/1848
f 1903/1947 1902/1946 1809/1853 1808/1852
f 1905/1949 1904/1948 1813/1857 1812/1856
f 1895/1939 1894/1938 1906/1950 1907/1951
f 1897/1941 1896/1940 1908/1952 1909/1953
f 1899/1943 1898/1942 1910/1954 1911/1955
f 1912/1956 1913/1957 1914/1958 1915/1959
f 1916/1960 1917/1961 1918/1962 1919/1963
f 1920/1964 1921/1965 1922/1966 1923/1967
f 1915/1959 1914/1958 1924/1968 1925/1969
f 1919/1963 1918/1962 1926/1970 1927/1971
f 1923/1967 1922/1966 1928/1972 1929/1973
f 1930/1974 1931/1975 1932/1976 1933/1977
f 1934/1978 1935/1979 1936/1980 1937/1981
f 1938/1982 1939/1983 1940/1984 1941/1985
f 1942/1986 1943/1987 1944/1988 1945/1989
f 1937/1981 1936/1980 1946/1990 1947/1991
f 1941/1985 1940/1984 1948/1992 1949/1993
f 1945/1989 1944/1988 1950/1994 1951/1995
f 1947/1991 1946/1990 1952/1996 1953/1997
f 1925/1969 1924/1968 1954/1998 1955/1999
f 1927/1971 1926/1970 1956/2000 1957/2001
f 1929/1973 1928/1972 1958/2002 1959/2003
f 1955/1999 1954/1998 1960/2004 1961/2005
f 1957/2001 1956/2000 1962/2006 1963/2007
f 1959/2003 1958/2002 1964/2008 1965/2009
f 1949/1993 1948/1992 1966/2010 1967/2011
f 1951/1995 1950/1994 1968/2012 1969/2013
f 1953/1997 1952/1996 1970/2014 1971/2015
f 1967/2011 1966/2010 1972/2016 1973/2017
f 1973/2017 1972/2016 1974/2018 1975/2019
f 1976/2020 1977/2021 1978/2022 1979/2023
f 1980/2024 1981/2025 1982/2026 1983/2027
f 1975/2019 1974/2018 1984/2028 1985/2029
f 1979/2023 1978/2022 1986/2030 1987/2031
f 1983/2027 1982/2026 1988/2032 1989/2033
f 1961/2005 1960/2004 1990/2034 1991/2035
f 1963/2007 1962/2006 1992/2036 1993/2037
f 1965/2009 1964/2008 1994/2038 1995/2039
f 1991/2035 1990/2034 1996/2040 1997/2041
f 1993/2037 1992/2036 1998/2042 1999/2043
f 1995/2039 1994/2038 2000/2044 2001/2045
f 1985/2029 1984/2028 2002/2046 2003/2047
f 1987/2031 1986/2030 2004/2048 2005/2049
f 1989/2033 1988/2032 2006/2050 2007/2051
f 2003/2047 2002/2046 1913/1957 1912/1956
f 2005/2049 2004/2048 1917/1961 1916/1960
f 2007/2051 2006/2050 1921/1965 1920/1964
f 1997/2041 1996/2040 2008/2052 2009/2053
f 1999/2043 1998/2042 2010/2054 2011/2055
f 2001/2045 2000/2044 2012/2056 2013/2057
f 2009/2053 2008/2052 1823/1867 1822/1866
f 2011/2055 2010/2054 1827/1871 1826/1870
f 2013/2057 2012/2056 1831/1875 1830/1874
f 2014/2058 2015/2059 2016/2060 2017/2061
f 2018/2062 2019/2063 2020/2064 2021/2065
f 2022/2066 2023/2067 2024/2068 2025/2069
f 2026/2070 2027/2071 2028/2072 2029/2073
f 2030/2074 2031/2075 2032/2076 2033/2077
f 2034/2078 2035/2079 2036/2080 2037/2081
f 2038/2082 2039/2083 2040/2084 2041/2085
f 2042/2086 2043/2087 2044/2088 2045/2089
f 2046/2090 2047/2091 2048/2092 2049/2093
f 2050/2094 2051/2095 2052/2096 2053/2097
f 2054/2098 2055/2099 2056/2100 2057/2101
f 2058/2102 2059/2103 2060/2104 2061/2105
f 2062/2106 2063/2107 2064/2108 2065/2109
f 2066/2110 2067/2111 2068/2112 2069/2113
f 2070/2114 2071/2115 2072/2116 2073/2117
f 2074/2118 2075/2119 2076/2120 2077/2121
f 2078/2122 2079/2123 2080/2124 2081/2125
f 2082/2126 2083/2127 2084/2128 2085/2129
f 2086/2130 2087/2131 2088/2132 2089/2133
f 2090/2134 2091/2135 2092/2136 2093/2137
f 2094/2138 2095/2139 2096/2140 2097/2141
f 2098/2142 2099/2143 2100/2144 2101/2145
f 2102/2146 2103/2147 2104/2148 2105/2149
f 2106/2150 2107/2151 2108/2152 2109/2153
f 2110/2154 2111/2155 2112/2156 2113/2157
f 2114/2158 2115/2159 2116/2160 2117/2161
f 2118/2162 2119/2163 2120/2164 2121/2165
f 2101/2145 2100/2144 2015/2059 2014/2058
f 2105/2149 2104/2148 2019/2063 2018/2062
f 2109/2153 2108/2152 2023/2067 2022/2066
f 2041/2085 2040/2084 2027/2071 2026/2070
f 2045/2089 2044/2088 2031/2075 2030/2074
f 2049/2093 2048/2092 2035/2079 2034/2078
f 2077/2121 2076/2120 2039/2083 2038/2082
f 2081/2125 2080/2124 2043/2087 2042/2086
f 2085/2129 2084/2128 2047/2091 2046/2090
f 2029/2073 2028/2072 2051/2095 2050/2094
f 2033/2077 2032/2076 2055/2099 2054/2098
f 2037/2081 2036/2080 2059/2103 2058/2102
f 2053/2097 2052/2096 2063/2107 2062/2106
f 2057/2101 2056/2100 2067/2111 2066/2110
f 2061/2105 2060/2104 2071/2115 2070/2114
f 2065/2109 2064/2108 2087/2131 2086/2130
f 2069/2113 2068/2112 2091/2135 2090/2134
f 2073/2117 2072/2116 2095/2139 2094/2138
f 2089/2133 2088/2132 2099/2143 2098/2142
f 2093/2137 2092/2136 2103/2147 2102/2146
f 2097/2141 2096/2140 2107/2151 2106/2150
f 2017/2061 2016/2060 2111/2155 2110/2154
f 2021/2065 2020/2064 2115/2159 2114/2158
f 2025/2069 2024/2068 2119/2163 2118/2162
f 2122/2166 2123/2167 2124/2168 2125/2169
f 2126/2170 2127/2171 2128/2172 2129/2173
f 2130/2174 2131/2175 2132/2176 2133/2177
f 2134/2178 2135/2179 2136/2180 2137/2181
f 2138/2182 2139/2183 2140/2184 2141/2185
f 2142/2186 2143/2187 2144/2188 2145/2189
f 2146/2190 2147/2191 2148/2192 2149/2193
f 2150/2194 2151/2195 2152/2196 2153/2197
f 2154/2198 2155/2199 2156/2200 2157/2201
f 2158/2202 2159/2203 2160/2204 2161/2205
f 2162/2206 2163/2207 2164/2208 2165/2209
f 2166/2210 2167/2211 2168/2212 2169/2213
f 2170/2214 2171/2215 2172/2216 2173/2217
f 2174/2218 2175/2219 2176/2220 2177/2221
f 2178/2222 2179/2223 2180/2224 2181/2225
f 2182/2226 2183/2227 2184/2228 2185/2229
f 2186/2230 2187/2231 2188/2232 2189/2233
f 2190/2234 2191/2235 2192/2236 2193/2237
f 2194/2238 2195/2239 2196/2240 2197/2241
f 2198/2242 2199/2243 2200/2244 2201/2245
f 2202/2246 2203/2247 2204/2248 2205/2249
f 2206/2250 2207/2251 2208/2252 2209/2253
f 2210/2254 2211/2255 2212/2256 2213/2257
f 2214/2258 2215/2259 2216/2260 2217/2261
f 2218/2262 2219/2263 2220/2264 2221/2265
f 2201/2245 2200/2244 2123/2167 2122/2166
f 2205/2249 2204/2248 2127/2171 2126/2170
f 2209/2253 2208/2252 2131/2175 2130/2174
f 2149/2193 2148/2192 2135/2179 2134/2178
f 2153/2197 2152/2196 2139/2183 2138/2182
f 2177/2221 2176/2220 2147/2191 2146/2190
f 2181/2225 2180/2224 2151/2195 2150/2194
f 2185/2229 2184/2228 2155/2199 2154/2198
f 2137/2181 2136/2180 2159/2203 2158/2202
f 2141/2185 2140/2184 2163/2207 2162/2206
f 2145/2189 2144/2188 2167/2211 2166/2210
f 2161/2205 2160/2204 2222/2266 2223/2267
f 2165/2209 2164/2208 2224/2268 2225/2269
f 2169/2213 2168/2212 2171/2215 2170/2214
f 2113/2157 2112/2156 2175/2219 2174/2218
f 2117/2161 2116/2160 2179/2223 2178/2222
f 2121/2165 2120/2164 2183/2227 2182/2226
f 2226/2270 2227/2271 2187/2231 2186/2230
f 2189/2233 2188/2232 2199/2243 2198/2242
f 2193/2237 2192/2236 2203/2247 2202/2246
f 2197/2241 2196/2240 2207/2251 2206/2250
f 2125/2169 2124/2168 2211/2255 2210/2254
f 2129/2173 2128/2172 2215/2259 2214/2258
f 2133/2177 2132/2176 2219/2263 2218/2262
f 2228/2272 2229/2273 2230/2274 2231/2275
f 2232/2276 2233/2277 2234/2278 2235/2279
f 2236/2280 2237/2281 2238/2282 2239/2283
f 2240/2284 2241/2285 2242/2286 2243/2287
f 2244/2288 2245/2289 2246/2290 2247/2291
f 2248/2292 2249/2293 2250/2294 2251/2295
f 2252/2296 2253/2297 2254/2298 2255/2299
f 2256/2300 2257/2301 2258/2302 2259/2303
f 2260/2304 2261/2305 2262/2306 2263/2307
f 2264/2308 2265/2309 2266/2310 2267/2311
f 2268/2312 2269/2313 2270/2314 2271/2315
f 2272/2316 2273/2317 2274/2318 2275/2319
f 2276/2320 2277/2321 2278/2322 2279/2323
f 2280/2324 2281/2325 2282/2326 2283/2327
f 2284/2328 2285/2329 2286/2330 2287/2331
f 2288/2332 2289/2333 2290/2334 2291/2335
f 2292/2336 2293/2337 2294/2338 2295/2339
f 2296/2340 2297/2341 2298/2342 2299/2343
f 2300/2344 2301/2345 2302/2346 2303/2347
f 2304/2348 2305/2349 2306/2350 2307/2351
f 2308/2352 2309/2353 2310/2354 2311/2355
f 2312/2356 2313/2357 2314/2358 2315/2359
f 2316/2360 2317/2361 2318/2362 2319/2363
f 2320/2364 2321/2365 2322/2366 2323/2367
f 2324/2368 2325/2369 2326/2370 2327/2371
f 2328/2372 2329/2373 2330/2374 2331/2375
f 2332/2376 2333/2377 2334/2378 2335/2379
f 2255/2299 2254/2298 2229/2273 2228/2272
f 2259/2303 2258/2302 2233/2277 2232/2276
f 2263/2307 2262/2306 2237/2281 2236/2280
f 2327/2371 2326/2370 2241/2285 2240/2284
f 2331/2375 2330/2374 2245/2289 2244/2288
f 2335/2379 2334/2378 2249/2293 2248/2292
f 2267/2311 2266/2310 2253/2297 2252/2296
f 2271/2315 2270/2314 2257/2301 2256/2300
f 2275/2319 2274/2318 2261/2305 2260/2304
f 2336/2380 2337/2381 2265/2309 2264/2308
f 2338/2382 2339/2383 2269/2313 2268/2312
f 2340/2384 2341/2385 2273/2317 2272/2316
f 2231/2275 2230/2274 2277/2321 2276/2320
f 2235/2279 2234/2278 2281/2325 2280/2324
f 2239/2283 2238/2282 2285/2329 2284/2328
f 2243/2287 2242/2286 2289/2333 2288/2332
f 2247/2291 2246/2290 2293/2337 2292/2336
f 2251/2295 2250/2294 2297/2341 2296/2340
f 2279/2323 2278/2322 2301/2345 2300/2344
f 2283/2327 2282/2326 2305/2349 2304/2348
f 2287/2331 2286/2330 2309/2353 2308/2352
f 2303/2347 2302/2346 2313/2357 2312/2356
f 2307/2351 2306/2350 2317/2361 2316/2360
f 2311/2355 2310/2354 2321/2365 2320/2364
f 2315/2359 2314/2358 2325/2369 2324/2368
f 2319/2363 2318/2362 2329/2373 2328/2372
f 2323/2367 2322/2366 2333/2377 2332/2376
f 2342/2386 2343/2387 2344/2388 2345/2389
f 2346/2390 2347/2391 2348/2392 2349/2393
f 2350/2394 2351/2395 2352/2396 2353/2397
f 2354/2398 2355/2399 2356/2400 2357/2401
f 2358/2402 2359/2403 2360/2404 2361/2405
f 2362/2406 2363/2407 2364/2408 2365/2409
f 2366/2410 2367/2411 2368/2412 2369/2413
f 2370/2414 2371/2415 2372/2416 2373/2417
f 2374/2418 2375/2419 2376/2420 2377/2421
f 2378/2422 2379/2423 2380/2424 2381/2425
f 2382/2426 2383/2427 2384/2428 2385/2429
f 2386/2430 2387/2431 2388/2432 2389/2433
f 2390/2434 2391/2435 2392/2436 2393/2437
f 2394/2438 2395/2439 2396/2440 2397/2441
f 2398/2442 2399/2443 2400/2444 2401/2445
f 2402/2446 2403/2447 2404/2448 2405/2449
f 2406/2450 2407/2451 2408/2452 2409/2453
f 2410/2454 2411/2455 2412/2456 2413/2457
f 2414/2458 2415/2459 2416/2460 2417/2461
f 2418/2462 2419/2463 2420/2464 2421/2465
f 2422/2466 2423/2467 2424/2468 2425/2469
f 2426/2470 2427/2471 2428/2472 2429/2473
f 2430/2474 2431/2475 2432/2476 2433/2477
f 2434/2478 2435/2479 2436/2480 2437/2481
f 2438/2482 2439/2483 2440/2484 2441/2485
f 2442/2486 2443/2487 2444/2488 2445/2489
f 2369/2413 2368/2412 2343/2387 2342/2386
f 2373/2417 2372/2416 2347/2391 2346/2390
f 2377/2421 2376/2420 2351/2395 2350/2394
f 2437/2481 2436/2480 2355/2399 2354/2398
f 2441/2485 2440/2484 2359/2403 2358/2402
f 2445/2489 2444/2488 2363/2407 2362/2406
f 2381/2425 2380/2424 2367/2411 2366/2410
f 2385/2429 2384/2428 2371/2415 2370/2414
f 2389/2433 2388/2432 2375/2419 2374/2418
f 2291/2335 2290/2334 2379/2423 2378/2422
f 2295/2339 2294/2338 2383/2427 2382/2426
f 2299/2343 2298/2342 2387/2431 2386/2430
f 2345/2389 2344/2388 2391/2435 2390/2434
f 2353/2397 2352/2396 2399/2443 2398/2442
f 2357/2401 2356/2400 2403/2447 2402/2446
f 2361/2405 2360/2404 2407/2451 2406/2450
f 2365/2409 2364/2408 2411/2455 2410/2454
f 2393/2437 2392/2436 2446/2490 2447/2491
f 2397/2441 2396/2440 2415/2459 2414/2458
f 2401/2445 2400/2444 2419/2463 2418/2462
f 2448/2492 2449/2493 2423/2467 2422/2466
f 2417/2461 2416/2460 2427/2471 2426/2470
f 2421/2465 2420/2464 2431/2475 2430/2474
f 2425/2469 2424/2468 2435/2479 2434/2478
f 2429/2473 2428/2472 2439/2483 2438/2482
f 2433/2477 2432/2476 2443/2487 2442/2486
f 2450/2494 2451/2495 2452/2496 2453/2497
f 2454/2498 2455/2499 2456/2500 2457/2501
f 2458/2502 2459/2503 2460/2504 2461/2505
f 2462/2506 2463/2507 2464/2508 2465/2509
f 2466/2510 2467/2511 2468/2512 2469/2513
f 2470/2514 2471/2515 2472/2516 2473/2517
f 2474/2518 2475/2519 2476/2520 2477/2521
f 2478/2522 2479/2523 2480/2524 2481/2525
f 2482/2526 2483/2527 2484/2528 2485/2529
f 2486/2530 2487/2531 2488/2532 2489/2533
f 2490/2534 2491/2535 2492/2536 2493/2537
f 2494/2538 2495/2539 2496/2540 2497/2541
f 2498/2542 2499/2543 2500/2544 2501/2545
f 2502/2546 2503/2547 2504/2548 2505/2549
f 2506/2550 2507/2551 2508/2552 2509/2553
f 2510/2554 2511/2555 2512/2556 2513/2557
f 2514/2558 2515/2559 2516/2560 2517/2561
f 2518/2562 2519/2563 2520/2564 2521/2565
f 2522/2566 2523/2567 2524/2568 2525/2569
f 2526/2570 2527/2571 2528/2572 2529/2573
f 2530/2574 2531/2575 2532/2576 2533/2577
f 2534/2578 2535/2579 2536/2580 2537/2581
f 2538/2582 2539/2583 2540/2584 2541/2585
f 2542/2586 2543/2587 2544/2588 2545/2589
f 2537/2581 2536/2580 2451/2495 2450/2494
f 2541/2585 2540/2584 2455/2499 2454/2498
f 2545/2589 2544/2588 2459/2503 2458/2502
f 2546/2590 2547/2591 2463/2507 2462/2506
f 2548/2592 2549/2593 2467/2511 2466/2510
f 2550/2594 2551/2595 2471/2515 2470/2514
f 2465/2509 2464/2508 2475/2519 2474/2518
f 2469/2513 2468/2512 2479/2523 2478/2522
f 2473/2517 2472/2516 2483/2527 2482/2526
f 2453/2497 2452/2496 2487/2531 2486/2530
f 2457/2501 2456/2500 2491/2535 2490/2534
f 2461/2505 2460/2504 2495/2539 2494/2538
f 2477/2521 2476/2520 2499/2543 2498/2542
f 2481/2525 2480/2524 2503/2547 2502/2546
f 2485/2529 2484/2528 2507/2551 2506/2550
f 2501/2545 2500/2544 2511/2555 2510/2554
f 2505/2549 2504/2548 2515/2559 2514/2558
f 2509/2553 2508/2552 2519/2563 2518/2562
f 2489/2533 2488/2532 2523/2567 2522/2566
f 2493/2537 2492/2536 2527/2571 2526/2570
f 2497/2541 2496/2540 2531/2575 2530/2574
f 2513/2557 2512/2556 2535/2579 2534/2578
f 2517/2561 2516/2560 2539/2583 2538/2582
f 2521/2565 2520/2564 2543/2587 2542/2586
f 2529/2573 2528/2572 2552/2596 2553/2597
f 2533/2577 2532/2576 2554/2598 2555/2599
f 2556/2600 2557/2601 2558/2602 2559/2603
f 2560/2604 2561/2605 2562/2606 2563/2607
f 2564/2608 2565/2609 2566/2610 2567/2611
f 2568/2612 2569/2613 2570/2614 2571/2615
f 2572/2616 2573/2617 2574/2618 2575/2619
f 2576/2620 2577/2621 2578/2622 2579/2623
f 2580/2624 2581/2625 2582/2626 2583/2627
f 2584/2628 2585/2629 2586/2630 2587/2631
f 2588/2632 2589/2633 2590/2634 2591/2635
f 2592/2636 2593/2637 2594/2638 2595/2639
f 2596/2640 2597/2641 2598/2642 2599/2643
f 2600/2644 2601/2645 2602/2646 2603/2647
f 2604/2648 2605/2649 2606/2650 2607/2651
f 2608/2652 2609/2653 2610/2654 2611/2655
f 2612/2656 2613/2657 2614/2658 2615/2659
f 2616/2660 2617/2661 2618/2662 2619/2663
f 2620/2664 2621/2665 2622/2666 2623/2667
f 2624/2668 2625/2669 2626/2670 2627/2671
f 2628/2672 2629/2673 2630/2674 2631/2675
f 2632/2676 2633/2677 2634/2678 2635/2679
f 2636/2680 2637/2681 2638/2682 2639/2683
f 2640/2684 2641/2685 2642/2686 2643/2687
f 2644/2688 2645/2689 2646/2690 2647/2691
f 2648/2692 2649/2693 2650/2694 2651/2695
f 2652/2696 2653/2697 2547/2591 2546/2590
f 2654/2698 2655/2699 2549/2593 2548/2592
f 2656/2700 2657/2701 2551/2595 2550/2594
f 2643/2687 2642/2686 2557/2601 2556/2600
f 2647/2691 2646/2690 2561/2605 2560/2604
f 2651/2695 2650/2694 2565/2609 2564/2608
f 2658/2702 2659/2703 2569/2613 2568/2612
f 2660/2704 2661/2705 2573/2617 2572/2616
f 2662/2706 2663/2707 2577/2621 2576/2620
f 2571/2615 2570/2614 2581/2625 2580/2624
f 2575/2619 2574/2618 2585/2629 2584/2628
f 2579/2623 2578/2622 2589/2633 2588/2632
f 2559/2603 2558/2602 2593/2637 2592/2636
f 2563/2607 2562/2606 2597/2641 2596/2640
f 2567/2611 2566/2610 2601/2645 2600/2644
f 2583/2627 2582/2626 2605/2649 2604/2648
f 2587/2631 2586/2630 2609/2653 2608/2652
f 2591/2635 2590/2634 2613/2657 2612/2656
f 2607/2651 2606/2650 2617/2661 2616/2660
f 2611/2655 2610/2654 2621/2665 2620/2664
f 2615/2659 2614/2658 2625/2669 2624/2668
f 2595/2639 2594/2638 2629/2673 2628/2672
f 2619/2663 2618/2662 2641/2685 2640/2684
f 2623/2667 2622/2666 2645/2689 2644/2688
f 2627/2671 2626/2670 2649/2693 2648/2692
f 2631/2675 2630/2674 2653/2697 2652/2696
f 2635/2679 2634/2678 2655/2699 2654/2698
f 2639/2683 2638/2682 2657/2701 2656/2700
f 2664/2708 2665/2709 2666/2710 2667/2711
f 2668/2712 2669/2713 2670/2714 2671/2715
f 2672/2716 2673/2717 2674/2718 2675/2719
f 780/824 2676/2720 2677/2721 782/826
f 2678/2722 2679/2723 2680/2724 2681/2725
f 2682/2726 2683/2727 2684/2728 2685/2729
f 2686/2730 2687/2731 2688/2732 2689/2733
f 2690/2734 2691/2735 2692/2736 2693/2737
f 2694/2738 2695/2739 2696/2740 2697/2741
f 2698/2742 2699/2743 2700/2744 2701/2745
f 2702/2746 2703/2747 2704/2748 2705/2749
f 2706/2750 2707/2751 2708/2752 2709/2753
f 2710/2754 2711/2755 2712/2756 2713/2757
f 2714/2758 2715/2759 2716/2760 2717/2761
f 2718/2762 2719/2763 2720/2764 2721/2765
f 2722/2766 2723/2767 2724/2768 2725/2769
f 2726/2770 2727/2771 2728/2772 2729/2773
f 2730/2774 2731/2775 2732/2776 2733/2777
f 2734/2778 2735/2779 2736/2780 2737/2781
f 2738/2782 2739/2783 2740/2784 2741/2785
f 2742/2786 2743/2787 2744/2788 2745/2789
f 2746/2790 2747/2791 2748/2792 2749/2793
f 2750/2794 2751/2795 2752/2796 2753/2797
f 2754/2798 2755/2799 2756/2800 2757/2801
f 2758/2802 2759/2803 2760/2804 2761/2805
f 2762/2806 2763/2807 2764/2808 2765/2809
f 806/850 2766/2810 2767/2811 808/852
f 2768/2812 2769/2813 2770/2814 2771/2815
f 2772/2816 2773/2817 2774/2818 2775/2819
f 2776/2820 2777/2821 2778/2822 2779/2823
f 2780/2824 2781/2825 2782/2826 2783/2827
f 2784/2828 2785/2829 2786/2830 2787/2831
f 2788/2832 2789/2833 2790/2834 2791/2835
f 2792/2836 2793/2837 2794/2838 2795/2839
f 2796/2840 2797/2841 2798/2842 2799/2843
f 2800/2844 2801/2845 2802/2846 2803/2847
f 2804/2848 2805/2849 2806/2850 2807/2851
f 2808/2852 2809/2853 2810/2854 2811/2855
f 2812/2856 2813/2857 2814/2858 2815/2859
f 2816/2860 2817/2861 2818/2862 2819/2863
f 2820/2864 2821/2865 2822/2866 2823/2867
f 2824/2868 2825/2869 2826/2870 2827/2871
f 2828/2872 2829/2873 2830/2874 2831/2875
f 2832/2876 2833/2877 2834/2878 2835/2879
f 2836/2880 2837/2881 2838/2882 2839/2883
f 2840/2884 2841/2885 2842/2886 2843/2887
f 2844/2888 2845/2889 2846/2890 2847/2891
f 2848/2892 2849/2893 2850/2894 2851/2895
f 2852/2896 2853/2897 2854/2898 2855/2899
f 2856/2900 2857/2901 2858/2902 2859/2903
f 2860/2904 2861/2905 2862/2906 2863/2907
f 2864/2908 2865/2909 2866/2910 2867/2911
f 2868/2912 2869/2913 2870/2914 2871/2915
f 2872/2916 2873/2917 2874/2918 2875/2919
f 2876/2920 2877/2921 2878/2922 2879/2923
f 2880/2924 2881/2925 2882/2926 2883/2927
f 2014/2058 2884/2928 2885/2929 2017/2061
f 2886/2930 2875/2919 2874/2918 2887/2931
f 2888/2932 2889/2933 2890/2934 2891/2935
f 2450/2936 2775/2819 2774/2818 2892/2937
f 2893/2938 2843/2887 2842/2886 2894/2939
f 2895/2940 2783/2827 2782/2826 2896/2941
f 2462/2942 2803/2847 2802/2846 2897/2943
f 2898/2944 2899/2945 2900/2946 2901/2947
f 2902/2948 2903/2949 2904/2950 2905/2951
f 818/2952 2823/2867 2822/2866 2906/2953
f 2907/2954 2908/2955 2909/2956 2910/2957
f 2911/2958 2787/2831 2786/2830 2912/2959
f 822/866 2855/2899 2854/2898 824/868
f 2913/2960 2807/2851 2806/2850 2914/2961
f 2915/2962 2779/2823 2778/2822 2916/2963
f 2917/2964 2827/2871 2826/2870 828/2965
f 2486/2530 2847/2891 2846/2890 2489/2533
f 2918/2966 2919/2967 2920/2968 2921/2969
f 2922/2970 2791/2835 2790/2834 2923/2971
f 2924/2972 2811/2855 2810/2854 2925/2973
f 2926/2974 2927/2975 2928/2976 2929/2977
f 2930/2978 2931/2979 2932/2980 2933/2981
f 2934/2982 2831/2875 2830/2874 2935/2983
f 2936/2984 2937/2985 2938/2986 2939/2987
f 2940/2988 2941/2989 2942/2990 2943/2991
f 835/879 2867/2911 2866/2910 836/880
f 2944/2992 2945/2993 2946/2994 2947/2995
f 2948/2996 2795/2839 2794/2838 2949/2997
f 2950/2998 2815/2859 2814/2858 2951/2999
f 2522/2566 2859/2903 2858/2902 2525/2569
f 2952/3000 2953/3001 2954/3002 2955/3003
f 838/3004 2835/2879 2834/2878 2956/3005
f 2957/3006 2958/3007 2959/3008 2960/3009
f 2961/3010 2851/2895 2850/2894 2962/3011
f 2074/2118 2963/3012 2964/3013 2077/2121
f 2965/3014 2966/3015 2967/3016 2968/3017
f 2969/3018 2970/3019 2971/3020 2972/3021
f 2973/3022 2799/2843 2798/2842 2974/3023
f 2975/3024 2819/2863 2818/2862 2537/3025
f 2976/3026 2977/3027 2978/3028 2979/3029
f 2980/3030 2981/3031 2982/3032 2983/3033
f 2984/3034 2839/2883 2838/2882 2985/3035
f 2986/3036 2987/3037 2988/3038 2989/3039
f 2990/3040 2871/2915 2870/2914 2991/3041
f 2992/3042 2771/2815 2770/2814 2993/3043
f 2994/3044 2995/3045 2996/3046 2997/3047
f 2998/3048 2863/2907 2862/2906 2999/3049
f 3000/3050 3001/3051 3002/3052 3003/3053
f 3004/3054 3005/3055 3006/3056 2101/3057
f 3007/3058 3008/3059 3009/3060 3010/3061
f 2110/2154 3011/3062 3012/3063 2113/2157
f 3013/3064 3014/3065 3015/3066 3016/3067
f 2733/2777 2732/2776 2665/2709 2664/2708
f 3017/3068 2733/2777 2664/2708 3018/3069
f 3018/3069 2664/2708 2667/2711 3019/3070
f 2713/2757 2712/2756 2669/2713 2668/2712
f 3020/3071 2713/2757 2668/2712 3021/3072
f 3021/3072 2668/2712 2671/2715 3022/3073
f 2693/2737 2692/2736 2673/2717 2672/2716
f 3023/3074 2693/2737 2672/2716 3024/3075
f 3024/3075 2672/2716 2675/2719 3025/3076
f 779/823 3026/3077 2676/2720 780/824
f 3027/3078 779/823 780/824 3028/3079
f 3028/3079 780/824 782/826 3029/3080
f 782/826 2677/2721 2679/2723 2678/2722
f 3029/3080 782/826 2678/2722 3030/3081
f 3030/3081 2678/2722 2681/2725 3031/3082
f 2681/2725 2680/2724 2683/2727 2682/2726
f 3031/3082 2681/2725 2682/2726 3032/3083
f 3032/3083 2682/2726 2685/2729 3033/3084
f 2685/2729 2684/2728 2687/2731 2686/2730
f 3033/3084 2685/2729 2686/2730 3034/3085
f 3034/3085 2686/2730 2689/2733 3035/3086
f 2689/2733 2688/2732 2691/2735 2690/2734
f 3035/3086 2689/2733 2690/2734 3036/3087
f 3036/3087 2690/2734 2693/2737 3023/3074
f 3037/3088 3038/3089 2695/2739 2694/2738
f 3039/3090 3037/3088 2694/2738 3040/3091
f 3040/3091 2694/2738 2697/2741 3041/3092
f 2697/2741 2696/2740 2699/2743 2698/2742
f 3041/3092 2697/2741 2698/2742 1401/3093
f 1401/1445 2698/2742 2701/2745 1407/1451
f 2701/2745 2700/2744 2703/2747 2702/2746
f 1407/1451 2701/2745 2702/2746 3042/3094
f 3042/3094 2702/2746 2705/2749 3043/3095
f 2705/2749 2704/2748 2707/2751 2706/2750
f 3043/3095 2705/2749 2706/2750 3044/3096
f 3044/3096 2706/2750 2709/2753 3045/3097
f 2709/2753 2708/2752 2711/2755 2710/2754
f 3045/3097 2709/2753 2710/2754 3046/3098
f 3046/3098 2710/2754 2713/2757 3020/3071
f 3047/3099 3048/3100 2715/2759 2714/2758
f 1604/3101 3047/3099 2714/2758 3049/3102
f 3049/3102 2714/2758 2717/2761 3050/3103
f 2717/2761 2716/2760 2719/2763 2718/2762
f 3050/3103 2717/2761 2718/2762 3051/3104
f 3051/3104 2718/2762 2721/2765 3052/3105
f 2721/2765 2720/2764 2723/2767 2722/2766
f 3052/3105 2721/2765 2722/2766 3053/3106
f 3053/3106 2722/2766 2725/2769 3054/3107
f 2725/2769 2724/2768 2727/2771 2726/2770
f 3054/3107 2725/2769 2726/2770 3055/3108
f 3055/3108 2726/2770 2729/2773 3056/3109
f 2729/2773 2728/2772 2731/2775 2730/2774
f 3057/3110 2730/2774 2733/2777 3017/3068
f 2667/2711 2666/2710 2735/2779 2734/2778
f 3019/3070 2667/2711 2734/2778 3058/3111
f 3058/3111 2734/2778 2737/2781 3059/3112
f 2671/2715 2670/2714 2739/2783 2738/2782
f 3022/3073 2671/2715 2738/2782 3060/3113
f 3060/3113 2738/2782 2741/2785 3061/3114
f 2675/2719 2674/2718 2743/2787 2742/2786
f 3025/3076 2675/2719 2742/2786 3062/3115
f 3062/3115 2742/2786 2745/2789 3063/3116
f 2737/2781 2736/2780 2747/2791 2746/2790
f 3059/3112 2737/2781 2746/2790 3064/3117
f 3064/3117 2746/2790 2749/2793 1679/3118
f 2741/2785 2740/2784 2751/2795 2750/2794
f 3061/3114 2741/2785 2750/2794 1455/3119
f 1455/3119 2750/2794 2753/2797 1461/1505
f 2745/2789 2744/2788 2755/2799 2754/2798
f 3063/3116 2745/2789 2754/2798 3065/3120
f 3065/3120 2754/2798 2757/2801 3066/3121
f 2749/2793 2748/2792 2759/2803 2758/2802
f 1679/1723 2749/2793 2758/2802 1685/1729
f 1685/1729 2758/2802 2761/2805 1691/1735
f 2753/2797 2752/2796 2763/2807 2762/2806
f 1461/1505 2753/2797 2762/2806 1467/1511
f 1467/1511 2762/2806 2765/2809 1473/1517
f 2757/2801 2756/2800 2766/2810 806/850
f 3066/3121 2757/2801 806/850 3067/3122
f 3067/3122 806/850 808/852 3068/3123
f 2945/3124 2878/3125 2769/3126 2768/3127
f 2946/2994 2945/2993 2768/3127 2837/3128
f 2837/2881 2768/2812 2771/2815 2838/2882
f 2937/3129 2909/3130 2773/3131 2772/3132
f 2938/2986 2937/2985 2772/3132 2817/3133
f 2817/2861 2772/2816 2775/2819 2818/2862
f 2931/3134 2942/3135 2777/3136 2776/3137
f 2932/2980 2931/2979 2776/3137 2797/3138
f 2797/2841 2776/2820 2779/2823 2798/2842
f 2903/3139 2882/3140 2781/3141 2780/3142
f 2904/2950 2903/2949 2780/3142 3069/3143
f 3069/3144 2780/2824 2783/2827 3070/3145
f 2881/3146 3002/3147 2785/3148 2784/3149
f 2882/3140 2881/2925 2784/3149 2781/3141
f 2781/2825 2784/2828 2787/2831 2782/2826
f 3001/3150 2982/3151 2789/3152 2788/3153
f 3002/3147 3001/3051 2788/3153 2785/3148
f 2785/2829 2788/2832 2791/2835 2786/2830
f 2981/3154 2954/3155 2793/3156 2792/3157
f 2982/3032 2981/3031 2792/3157 2789/3152
f 2789/2833 2792/2836 2795/2839 2790/2834
f 2953/3158 2932/2980 2797/3138 2796/3159
f 2954/3002 2953/3001 2796/3159 2793/3156
f 2793/2837 2796/2840 2799/2843 2794/2838
f 3011/3160 2885/3161 2801/3162 2800/3163
f 3012/3063 3011/3062 2800/3163 3071/3164
f 3071/3165 2800/2844 2803/2847 3072/3166
f 2884/3167 3006/3168 2805/3169 2804/3170
f 2885/3161 2884/2928 2804/3170 2801/3162
f 2801/2845 2804/2848 2807/2851 2802/2846
f 3005/3171 2988/3172 2809/3173 2808/3174
f 3006/3168 3005/3055 2808/3174 2805/3169
f 2805/2849 2808/2852 2811/2855 2806/2850
f 2987/3175 2959/3176 2813/3177 2812/3178
f 2988/3038 2987/3037 2812/3178 2809/3173
f 2809/2853 2812/2856 2815/2859 2810/2854
f 2958/3179 2938/2986 2817/3133 2816/3180
f 2959/3008 2958/3007 2816/3180 2813/3177
f 2813/2857 2816/2860 2819/2863 2814/2858
f 2966/3181 2890/3182 2821/3183 2820/3184
f 2967/3016 2966/3015 2820/3184 3073/3185
f 3073/3186 2820/2864 2823/2867 3074/3187
f 2889/3188 3015/3189 2825/3190 2824/3191
f 2890/2934 2889/2933 2824/3191 2821/3183
f 2821/2865 2824/2868 2827/2871 2822/2866
f 3014/3192 2996/3193 2829/3194 2828/3195
f 3015/3066 3014/3065 2828/3195 2825/3190
f 2825/2869 2828/2872 2831/2875 2826/2870
f 2995/3196 2971/3197 2833/3198 2832/3199
f 2996/3193 2995/3045 2832/3199 2829/3194
f 2829/2873 2832/2876 2835/2879 2830/2874
f 2970/3200 2946/2994 2837/3128 2836/3201
f 2971/3020 2970/3019 2836/3201 2833/3198
f 2833/2877 2836/2880 2839/2883 2834/2878
f 2877/3202 2900/3203 2841/3204 2840/3205
f 2878/3125 2877/2921 2840/3205 2769/3126
f 2769/2813 2840/2884 2843/2887 2770/2814
f 2908/3206 2928/3207 2845/3208 2844/3209
f 2909/2956 2908/2955 2844/3209 2773/3131
f 2773/2817 2844/2888 2847/2891 2774/2818
f 2941/3210 2978/3211 2849/3212 2848/3213
f 2942/3135 2941/2989 2848/3213 2777/3136
f 2777/2821 2848/2892 2851/2895 2778/2822
f 2899/3214 2920/3215 2853/3216 2852/3217
f 2900/3203 2899/2945 2852/3217 2841/3204
f 2841/2885 2852/2896 2855/2899 2842/2886
f 2927/3218 2964/3219 2857/3220 2856/3221
f 2928/3207 2927/2975 2856/3221 2845/3208
f 2845/2889 2856/2900 2859/2903 2846/2890
f 2977/3222 3009/3223 2861/3224 2860/3225
f 2978/3211 2977/3027 2860/3225 2849/3212
f 2849/2893 2860/2904 2863/2907 2850/2894
f 2919/3226 3075/3227 2865/3228 2864/3229
f 2920/3215 2919/2967 2864/3229 2853/3216
f 2853/2897 2864/2908 2867/2911 2854/2898
f 2963/3230 3076/3231 2869/3232 2868/3233
f 2964/3013 2963/3012 2868/3233 2857/3220
f 2857/2901 2868/2912 2871/2915 2858/2902
f 3008/3234 3077/3235 2873/3236 2872/3237
f 3009/3223 3008/3059 2872/3237 2861/3224
f 2861/2905 2872/2916 2875/2919 2862/2906
f 2901/2947 2900/2946 2877/3202 2876/2920
f 3059/3112 2901/2947 2876/2920 3058/3111
f 3058/3111 2876/2920 2879/2923 3019/3070
f 3003/3053 3002/3052 2881/3146 2880/2924
f 3031/3082 3003/3053 2880/2924 3030/3081
f 3030/3081 2880/2924 2883/2927 3029/3080
f 2101/2145 3006/3056 2884/3167 2014/2058
f 1407/1451 2101/2145 2014/2058 1401/1445
f 1401/1445 2014/2058 2017/2061 3041/3092
f 2999/3049 2862/2906 2875/2919 2886/2930
f 2756/2800 2999/3049 2886/2930 2766/2810
f 2766/2810 2886/2930 2887/2931 2767/2811
f 3016/3067 3015/3066 2889/3188 2888/2932
f 3052/3105 3016/3067 2888/2932 3051/3104
f 3051/3104 2888/2932 2891/2935 3050/3103
f 2537/2581 2818/2862 2775/2819 2450/2494
f 2712/2756 2537/2581 2450/2494 2669/2713
f 2669/2713 2450/2494 2892/2937 2670/2714
f 2993/3043 2770/2814 2843/2887 2893/2938
f 2666/2710 2993/3043 2893/2938 2735/2779
f 2735/2779 2893/2938 2894/2939 2736/2780
f 3078/3238 3070/3145 2783/2827 2895/2940
f 3026/3077 3078/3238 2895/2940 2676/2720
f 2676/2720 2895/2940 2896/2941 2677/2721
f 2546/2590 3072/3166 2803/2847 2462/2506
f 3038/3089 2546/2590 2462/2506 2695/2739
f 2695/2739 2462/2506 2897/2943 2696/2740
f 2921/2969 2920/2968 2899/3214 2898/2944
f 1679/3118 2921/2969 2898/2944 3064/3117
f 3064/3117 2898/2944 2901/2947 3059/3112
f 2883/2927 2882/2926 2903/3139 2902/2948
f 3029/3080 2883/2927 2902/2948 3028/3079
f 3028/3079 2902/2948 2905/2951 3027/3078
f 817/861 3074/3187 2823/2867 818/862
f 3048/3100 817/861 818/862 2715/2759
f 2715/2759 818/862 2906/2953 2716/2760
f 2929/2977 2928/2976 2908/3206 2907/2954
f 3061/3114 2929/2977 2907/2954 3060/3113
f 3060/3113 2907/2954 2910/2957 3022/3073
f 2896/2941 2782/2826 2787/2831 2911/2958
f 2677/2721 2896/2941 2911/2958 2679/2723
f 2679/2723 2911/2958 2912/2959 2680/2724
f 2894/2939 2842/2886 2855/2899 822/866
f 2736/2780 2894/2939 822/866 2747/2791
f 2747/2791 822/866 824/868 2748/2792
f 2897/2943 2802/2846 2807/2851 2913/2960
f 2696/2740 2897/2943 2913/2960 2699/2743
f 2699/2743 2913/2960 2914/2961 2700/2744
f 2974/3023 2798/2842 2779/2823 2915/2962
f 2692/2736 2974/3023 2915/2962 2673/2717
f 2673/2717 2915/2962 2916/2963 2674/2718
f 2906/2953 2822/2866 2827/2871 2917/2964
f 2716/2760 2906/2953 2917/2964 2719/2763
f 2719/2763 2917/2964 828/2965 2720/2764
f 2892/2937 2774/2818 2847/2891 2486/2530
f 2670/2714 2892/2937 2486/2530 2739/2783
f 2739/2783 2486/2530 2489/2533 2740/2784
f 3079/3239 3075/3227 2919/3226 2918/2966
f 1691/1735 3079/3239 2918/2966 1685/1729
f 1685/1729 2918/2966 2921/2969 1679/1723
f 2912/2959 2786/2830 2791/2835 2922/2970
f 2680/2724 2912/2959 2922/2970 2683/2727
f 2683/2727 2922/2970 2923/2971 2684/2728
f 2914/2961 2806/2850 2811/2855 2924/2972
f 2700/2744 2914/2961 2924/2972 2703/2747
f 2703/2747 2924/2972 2925/2973 2704/2748
f 2077/2121 2964/3013 2927/3218 2926/2974
f 1461/1505 2077/2121 2926/2974 1455/1499
f 1455/1499 2926/2974 2929/2977 3061/3114
f 2943/2991 2942/2990 2931/3134 2930/2978
f 3025/3076 2943/2991 2930/2978 3024/3075
f 3024/3075 2930/2978 2933/2981 3023/3074
f 828/2965 2826/2870 2831/2875 2934/2982
f 2720/2764 828/2965 2934/2982 2723/2767
f 2723/2767 2934/2982 2935/2983 2724/2768
f 2910/2957 2909/2956 2937/3129 2936/2984
f 3022/3073 2910/2957 2936/2984 3021/3072
f 3021/3072 2936/2984 2939/2987 3020/3071
f 2979/3029 2978/3028 2941/3210 2940/2988
f 3063/3116 2979/3029 2940/2988 3062/3115
f 3062/3115 2940/2988 2943/2991 3025/3076
f 824/868 2854/2898 2867/2911 835/879
f 2748/2792 824/868 835/879 2759/2803
f 2759/2803 835/879 836/880 2760/2804
f 2879/2923 2878/2922 2945/3124 2944/2992
f 3019/3070 2879/2923 2944/2992 3018/3069
f 3018/3069 2944/2992 2947/2995 3017/3068
f 2923/2971 2790/2834 2795/2839 2948/2996
f 2684/2728 2923/2971 2948/2996 2687/2731
f 2687/2731 2948/2996 2949/2997 2688/2732
f 2925/2973 2810/2854 2815/2859 2950/2998
f 2704/2748 2925/2973 2950/2998 2707/2751
f 2707/2751 2950/2998 2951/2999 2708/2752
f 2489/2533 2846/2890 2859/2903 2522/2566
f 2740/2784 2489/2533 2522/2566 2751/2795
f 2751/2795 2522/2566 2525/2569 2752/2796
f 2933/2981 2932/2980 2953/3158 2952/3000
f 3023/3074 2933/2981 2952/3000 3036/3087
f 3036/3087 2952/3000 2955/3003 3035/3086
f 2935/2983 2830/2874 2835/2879 838/3004
f 2724/2768 2935/2983 838/3004 2727/2771
f 2727/2771 838/3004 2956/3005 2728/2772
f 2939/2987 2938/2986 2958/3179 2957/3006
f 3020/3071 2939/2987 2957/3006 3046/3098
f 3046/3098 2957/3006 2960/3009 3045/3097
f 2916/2963 2778/2822 2851/2895 2961/3010
f 2674/2718 2916/2963 2961/3010 2743/2787
f 2743/2787 2961/3010 2962/3011 2744/2788
f 3080/3240 3076/3231 2963/3230 2074/2118
f 1473/1517 3080/3240 2074/2118 1467/1511
f 1467/1511 2074/2118 2077/2121 1461/1505
f 2891/2935 2890/2934 2966/3181 2965/3014
f 3050/3103 2891/2935 2965/3014 3049/3102
f 3049/3102 2965/3014 2968/3017 1604/3101
f 2947/2995 2946/2994 2970/3200 2969/3018
f 3017/3068 2947/2995 2969/3018 3057/3110
f 3057/3110 2969/3018 2972/3021 3056/3241
f 2949/2997 2794/2838 2799/2843 2973/3022
f 2688/2732 2949/2997 2973/3022 2691/2735
f 2691/2735 2973/3022 2974/3023 2692/2736
f 2951/2999 2814/2858 2819/2863 2975/3024
f 2708/2752 2951/2999 2975/3024 2711/2755
f 2711/2755 2975/3024 2537/3025 2712/2756
f 3010/3061 3009/3060 2977/3222 2976/3026
f 3066/3121 3010/3061 2976/3026 3065/3120
f 3065/3120 2976/3026 2979/3029 3063/3116
f 2955/3003 2954/3002 2981/3154 2980/3030
f 3035/3086 2955/3003 2980/3030 3034/3085
f 3034/3085 2980/3030 2983/3033 3033/3084
f 2956/3005 2834/2878 2839/2883 2984/3034
f 2728/2772 2956/3005 2984/3034 2731/2775
f 2731/2775 2984/3034 2985/3035 2732/2776
f 2960/3009 2959/3008 2987/3175 2986/3036
f 3045/3097 2960/3009 2986/3036 3044/3096
f 3044/3096 2986/3036 2989/3039 3043/3095
f 2525/2569 2858/2902 2871/2915 2990/3040
f 2752/2796 2525/2569 2990/3040 2763/2807
f 2763/2807 2990/3040 2991/3041 2764/2808
f 2985/3035 2838/2882 2771/2815 2992/3042
f 2732/2776 2985/3035 2992/3042 2665/2709
f 2665/2709 2992/3042 2993/3043 2666/2710
f 2972/3021 2971/3020 2995/3196 2994/3044
f 3056/3241 2972/3021 2994/3044 3055/3108
f 3055/3108 2994/3044 2997/3047 3054/3107
f 2962/3011 2850/2894 2863/2907 2998/3048
f 2744/2788 2962/3011 2998/3048 2755/2799
f 2755/2799 2998/3048 2999/3049 2756/2800
f 2983/3033 2982/3032 3001/3150 3000/3050
f 3033/3084 2983/3033 3000/3050 3032/3083
f 3032/3083 3000/3050 3003/3053 3031/3082
f 2989/3039 2988/3038 3005/3171 3004/3054
f 3043/3095 2989/3039 3004/3054 3042/3094
f 3042/3094 3004/3054 2101/3057 1407/1451
f 3081/3242 3077/3235 3008/3234 3007/3058
f 3068/3123 3081/3242 3007/3058 3067/3122
f 3067/3122 3007/3058 3010/3061 3066/3121
f 2017/2061 2885/2929 3011/3160 2110/2154
f 3041/3092 2017/2061 2110/2154 3040/3091
f 3040/3091 2110/2154 2113/2157 3039/3090
f 2997/3047 2996/3046 3014/3192 3013/3064
f 3054/3107 2997/3047 3013/3064 3053/3106
f 3053/3106 3013/3064 3016/3067 3052/3105
f 3082/3243 3083/3244 3084/3245 3085/3246
f 3086/3247 3087/3248 3088/3249 3089/3250
f 852/896 3090/3251 3091/3252 854/898
f 3092/3253 3093/3254 3094/3255 3095/3256
f 3096/3257 3097/3258 3098/3259 3099/3260
f 3100/3261 3101/3262 3102/3263 3103/3264
f 3104/3265 3105/3266 3106/3267 3107/3268
f 3108/3269 3109/3270 3110/3271 3111/3272
f 3112/3273 3113/3274 3114/3275 3115/3276
f 3116/3277 3117/3278 3118/3279 3119/3280
f 3120/3281 3121/3282 3122/3283 3123/3284
f 3124/3285 3125/3286 3126/3287 3127/3288
f 3128/3289 3129/3290 3130/3291 3131/3292
f 3132/3293 3133/3294 3134/3295 3135/3296
f 3136/3297 3137/3298 3138/3299 3139/3300
f 3140/3301 3141/3302 3142/3303 3143/3304
f 3144/3305 3145/3306 3146/3307 3147/3308
f 3148/3309 3149/3310 3150/3311 3151/3312
f 3152/3313 3153/3314 3154/3315 3155/3316
f 3156/3317 3157/3318 3158/3319 3159/3320
f 876/920 3160/3321 3161/3322 878/922
f 3162/3323 3163/3324 3164/3325 3165/3326
f 3166/3327 3167/3328 3168/3329 3169/3330
f 880/924 3170/3331 3171/3332 882/926
f 3172/3333 3173/3334 3048/3100 3047/3099
f 3174/3335 3071/3165 3072/3166 3175/3336
f 884/928 3176/3337 3026/3077 779/823
f 3177/3338 3178/3339 3179/3340 3180/3341
f 3181/3342 3182/3343 3183/3344 3184/3345
f 3185/3346 3186/3347 3187/3348 3188/3349
f 3189/3350 3190/3351 3191/3352 3192/3353
f 3193/3354 3194/3355 3195/3356 3196/3357
f 3197/3358 3198/3359 3199/3360 3200/3361
f 3201/3362 3202/3363 3203/3364 3204/3365
f 3205/3366 3206/3367 3207/3368 3208/3369
f 3209/3370 3210/3371 3211/3372 3212/3373
f 3213/3374 3214/3375 3215/3376 3216/3377
f 3217/3378 3218/3379 3219/3380 3220/3381
f 3221/3382 3222/3383 3223/3384 3224/3385
f 3225/3386 3226/3387 3227/3388 3228/3389
f 3229/3390 3230/3391 3231/3392 3232/3393
f 3233/3394 3234/3395 3235/3396 3236/3397
f 3237/3398 3238/3399 3239/3400 3240/3401
f 3241/3402 3242/3403 3243/3404 3244/3405
f 3245/3406 3246/3407 3247/3408 3248/3409
f 3249/3410 3250/3411 3251/3412 3252/3413
f 3253/3414 3254/3415 3255/3416 3256/3417
f 3257/3418 3258/3419 3259/3420 3260/3421
f 3261/3422 3262/3423 3263/3424 3264/3425
f 3265/3426 3266/3427 3267/3428 3268/3429
f 3269/3430 3270/3431 3271/3432 3272/3433
f 3273/3434 3073/3186 3074/3187 3274/3435
f 3275/3436 3276/3437 3038/3089 3037/3088
f 3277/3438 3069/3144 3070/3145 3278/3439
f 3279/3440 3280/3441 3281/3442 3282/3443
f 3283/3444 3284/3445 3285/3446 3286/3447
f 2122/2166 3287/3448 3288/3449 2125/2169
f 3289/3450 3278/3439 3070/3145 3078/3238
f 3290/3451 3291/3452 3292/3453 3293/3454
f 2556/2600 3184/3345 3183/3344 2559/2603
f 888/932 3252/3413 3251/3412 890/934
f 3294/3455 3192/3353 3191/3352 3295/3456
f 2568/2612 3212/3373 3211/3372 2571/2615
f 3296/3457 3297/3458 3298/3459 3299/3460
f 3300/3461 3301/3462 3302/3463 3303/3464
f 894/938 3232/3393 3231/3392 896/940
f 2134/2178 3304/3465 3305/3466 2137/2181
f 3306/3467 3196/3357 3195/3356 3307/3468
f 898/942 3264/3425 3263/3424 900/944
f 2580/2624 3216/3377 3215/3376 2583/2627
f 3308/3469 3188/3349 3187/3348 3309/3470
f 902/946 3236/3397 3235/3396 904/948
f 2592/2636 3256/3417 3255/3416 2595/2639
f 3310/3471 3311/3472 3312/3473 3313/3474
f 3314/3475 3200/3361 3199/3360 3315/3476
f 2604/2648 3220/3381 3219/3380 2607/2651
f 2146/2190 3316/3477 3317/3478 2149/2193
f 3318/3479 3319/3480 3320/3481 3321/3482
f 906/950 3240/3401 3239/3400 908/952
f 2158/2202 3322/3483 3323/3484 2161/2205
f 3324/3485 3325/3486 3326/3487 3327/3488
f 3173/3334 849/893 817/861 3048/3100
f 3328/3489 3329/3490 3330/3491 3331/3492
f 3332/3493 3204/3365 3203/3364 3333/3494
f 3334/3495 3224/3385 3223/3384 3335/3496
f 2628/2672 3268/3429 3267/3428 2631/2675
f 3336/3497 3337/3498 3338/3499 3339/3500
f 910/954 3244/3405 3243/3404 912/956
f 3340/3501 3341/3502 3342/3503 2226/3504
f 3343/3505 3260/3421 3259/3420 3344/3506
f 2174/2218 3345/3507 3346/3508 2177/2221
f 3347/3509 3348/3510 3349/3511 3350/3512
f 3351/3513 3352/3514 3353/3515 3354/3516
f 3355/3517 3208/3369 3207/3368 3356/3518
f 2640/2684 3228/3389 3227/3388 2643/2687
f 3357/3519 3358/3520 3359/3521 3360/3522
f 3361/3523 3362/3524 3363/3525 3364/3526
f 3365/3527 3248/3409 3247/3408 3366/3528
f 2186/2230 3367/3529 3368/3530 2189/2233
f 3369/3531 3180/3341 3179/3340 3370/3532
f 3371/3533 3372/3534 3373/3535 3374/3536
f 3375/3537 3272/3433 3271/3432 3376/3538
f 3377/3539 3378/3540 3379/3541 3380/3542
f 2198/2242 3381/3543 3382/3544 2201/2245
f 3383/3545 3384/3546 3385/3547 3386/3548
f 2210/2254 3387/3549 3388/3550 2213/2257
f 3389/3551 3390/3552 3391/3553 3392/3554
f 3151/3312 3150/3311 3083/3244 3082/3243
f 1696/1740 3151/3312 3082/3243 1699/1743
f 1699/1743 3082/3243 3085/3246 1709/1753
f 3131/3292 3130/3291 3087/3248 3086/3247
f 3393/3555 3131/3292 3086/3247 1481/3556
f 1481/3556 3086/3247 3089/3250 3394/3557
f 3111/3272 3110/3271 3090/3251 852/896
f 3395/3558 3111/3272 852/896 3396/3559
f 3396/3559 852/896 854/898 3397/3560
f 3398/3561 3399/3562 3093/3254 3092/3253
f 3400/3563 3398/3561 3092/3253 3401/3564
f 3401/3564 3092/3253 3095/3256 3402/3565
f 3095/3256 3094/3255 3097/3258 3096/3257
f 3402/3565 3095/3256 3096/3257 3403/3566
f 3403/3566 3096/3257 3099/3260 3404/3567
f 3099/3260 3098/3259 3101/3262 3100/3261
f 3404/3567 3099/3260 3100/3261 3405/3568
f 3405/3568 3100/3261 3103/3264 3406/3569
f 3103/3264 3102/3263 3105/3266 3104/3265
f 3406/3569 3103/3264 3104/3265 3407/3570
f 3407/3570 3104/3265 3107/3268 3408/3571
f 3107/3268 3106/3267 3109/3270 3108/3269
f 3408/3571 3107/3268 3108/3269 3409/3572
f 3409/3572 3108/3269 3111/3272 3395/3558
f 3410/3573 3411/3574 3113/3274 3112/3273
f 1496/1540 3410/3573 3112/3273 1499/1543
f 1499/1543 3112/3273 3115/3276 1509/1553
f 3115/3276 3114/3275 3117/3278 3116/3277
f 1509/1553 3115/3276 3116/3277 1515/1559
f 1515/1559 3116/3277 3119/3280 1521/1565
f 3119/3280 3118/3279 3121/3282 3120/3281
f 1521/1565 3119/3280 3120/3281 1527/1571
f 1527/1571 3120/3281 3123/3284 1533/1577
f 3123/3284 3122/3283 3125/3286 3124/3285
f 1533/1577 3123/3284 3124/3285 1539/1583
f 1539/1583 3124/3285 3127/3288 3412/3575
f 3127/3288 3126/3287 3129/3290 3128/3289
f 3412/3575 3127/3288 3128/3289 3413/3576
f 3413/3576 3128/3289 3131/3292 3393/3555
f 3414/3577 3415/3578 3133/3294 3132/3293
f 1714/1758 3414/3577 3132/3293 1717/1761
f 1717/1761 3132/3293 3135/3296 1727/1771
f 3135/3296 3134/3295 3137/3298 3136/3297
f 1727/1771 3135/3296 3136/3297 1733/1777
f 1733/1777 3136/3297 3139/3300 1739/1783
f 3139/3300 3138/3299 3141/3302 3140/3301
f 1739/1783 3139/3300 3140/3301 3416/3579
f 3416/3579 3140/3301 3143/3304 3417/3580
f 3143/3304 3142/3303 3145/3306 3144/3305
f 3417/3580 3143/3304 3144/3305 1757/3581
f 1757/1801 3144/3305 3147/3308 1763/1807
f 3147/3308 3146/3307 3149/3310 3148/3309
f 1763/1807 3147/3308 3148/3309 1769/1813
f 1769/1813 3148/3309 3151/3312 1696/1740
f 3085/3246 3084/3245 3153/3314 3152/3313
f 1709/1753 3085/3246 3152/3313 1775/1819
f 1775/1819 3152/3313 3155/3316 1781/1825
f 3089/3250 3088/3249 3157/3318 3156/3317
f 3394/3557 3089/3250 3156/3317 3418/3582
f 3418/3582 3156/3317 3159/3320 3419/3583
f 854/898 3091/3252 3160/3321 876/920
f 3397/3560 854/898 876/920 3420/3584
f 3420/3584 876/920 878/922 3421/3585
f 3155/3316 3154/3315 3163/3324 3162/3323
f 1781/1825 3155/3316 3162/3323 1787/1831
f 1787/1831 3162/3323 3165/3326 1793/1837
f 3159/3320 3158/3319 3167/3328 3166/3327
f 3419/3583 3159/3320 3166/3327 1569/3586
f 1569/3586 3166/3327 3169/3330 1575/1619
f 878/922 3161/3322 3170/3331 880/924
f 3421/3585 878/922 880/924 3422/3587
f 3422/3587 880/924 882/926 3423/3588
f 3165/3326 3164/3325 3173/3334 3172/3333
f 1793/1837 3165/3326 3172/3333 1799/1843
f 1799/1843 3172/3333 3047/3099 1604/1648
f 3169/3330 3168/3329 3276/3437 3275/3436
f 1575/1619 3169/3330 3275/3436 3424/3589
f 3424/3589 3275/3436 3037/3088 3039/3090
f 882/926 3171/3332 3176/3337 884/928
f 3423/3588 882/926 884/928 3425/3590
f 2652/2696 3175/3336 3072/3166 2546/2590
f 3329/3591 3281/3592 3178/3593 3177/3594
f 3330/3491 3329/3490 3177/3594 3246/3595
f 3246/3407 3177/3338 3180/3341 3247/3408
f 3322/3596 3305/3597 3182/3598 3181/3599
f 3323/3484 3322/3483 3181/3599 3226/3600
f 3226/3387 3181/3342 3184/3345 3227/3388
f 3319/3601 3326/3602 3186/3603 3185/3604
f 3320/3481 3319/3480 3185/3604 3206/3605
f 3206/3367 3185/3346 3188/3349 3207/3368
f 3301/3606 3285/3607 3190/3608 3189/3609
f 3302/3463 3301/3462 3189/3609 3426/3610
f 3426/3611 3189/3350 3192/3353 3427/3612
f 3284/3613 3379/3614 3194/3615 3193/3616
f 3285/3446 3284/3445 3193/3616 3190/3608
f 3190/3351 3193/3354 3196/3357 3191/3352
f 3378/3617 3363/3618 3198/3619 3197/3620
f 3379/3614 3378/3540 3197/3620 3194/3615
f 3194/3355 3197/3358 3200/3361 3195/3356
f 3362/3621 3338/3622 3202/3623 3201/3624
f 3363/3618 3362/3524 3201/3624 3198/3619
f 3198/3359 3201/3362 3204/3365 3199/3360
f 3337/3625 3320/3481 3206/3605 3205/3626
f 3338/3499 3337/3498 3205/3626 3202/3623
f 3202/3363 3205/3366 3208/3369 3203/3364
f 3387/3627 3288/3628 3210/3629 3209/3630
f 3388/3550 3387/3549 3209/3630 3428/3631
f 3428/3632 3209/3370 3212/3373 3429/3633
f 3287/3634 3382/3635 3214/3636 3213/3637
f 3288/3628 3287/3448 3213/3637 3210/3629
f 3210/3371 3213/3374 3216/3377 3211/3372
f 3381/3638 3368/3639 3218/3640 3217/3641
f 3382/3544 3381/3543 3217/3641 3214/3636
f 3214/3375 3217/3378 3220/3381 3215/3376
f 3367/3642 3342/3643 3222/3644 3221/3645
f 3368/3639 3367/3529 3221/3645 3218/3640
f 3218/3379 3221/3382 3224/3385 3219/3380
f 3341/3646 3323/3484 3226/3600 3225/3647
f 3342/3503 3341/3502 3225/3647 3222/3644
f 3222/3383 3225/3386 3228/3389 3223/3384
f 3348/3648 3292/3649 3230/3650 3229/3651
f 3349/3511 3348/3510 3229/3651 3430/3652
f 3430/3653 3229/3390 3232/3393 3431/3654
f 3291/3655 3391/3656 3234/3657 3233/3658
f 3292/3453 3291/3452 3233/3658 3230/3650
f 3230/3391 3233/3394 3236/3397 3231/3392
f 3390/3659 3373/3660 3238/3661 3237/3662
f 3391/3656 3390/3552 3237/3662 3234/3657
f 3234/3395 3237/3398 3240/3401 3235/3396
f 3372/3663 3353/3664 3242/3665 3241/3666
f 3373/3535 3372/3534 3241/3666 3238/3661
f 3238/3399 3241/3402 3244/3405 3239/3400
f 3352/3667 3330/3491 3246/3595 3245/3668
f 3353/3664 3352/3514 3245/3668 3242/3665
f 3242/3403 3245/3406 3248/3409 3243/3404
f 3280/3669 3298/3670 3250/3671 3249/3672
f 3281/3442 3280/3441 3249/3672 3178/3593
f 3178/3339 3249/3410 3252/3413 3179/3340
f 3304/3673 3317/3674 3254/3675 3253/3676
f 3305/3466 3304/3465 3253/3676 3182/3598
f 3182/3343 3253/3414 3256/3417 3183/3344
f 3325/3677 3359/3678 3258/3679 3257/3680
f 3326/3487 3325/3486 3257/3680 3186/3603
f 3186/3347 3257/3418 3260/3421 3187/3348
f 3297/3681 3312/3682 3262/3683 3261/3684
f 3298/3670 3297/3458 3261/3684 3250/3671
f 3250/3411 3261/3422 3264/3425 3251/3412
f 3316/3685 3346/3686 3266/3687 3265/3688
f 3317/3674 3316/3477 3265/3688 3254/3675
f 3254/3415 3265/3426 3268/3429 3255/3416
f 3358/3689 3385/3690 3270/3691 3269/3692
f 3359/3678 3358/3520 3269/3692 3258/3679
f 3258/3419 3269/3430 3272/3433 3259/3420
f 3311/3693 2967/3016 3073/3185 3273/3694
f 3312/3682 3311/3472 3273/3694 3262/3683
f 3262/3423 3273/3434 3274/3435 3263/3424
f 3345/3695 3012/3063 3071/3164 3174/3696
f 3346/3508 3345/3507 3174/3696 3266/3687
f 3266/3427 3174/3335 3175/3336 3267/3428
f 3384/3697 2904/2950 3069/3143 3277/3698
f 3385/3547 3384/3546 3277/3698 3270/3691
f 3270/3431 3277/3438 3278/3439 3271/3432
f 3299/3460 3298/3459 3280/3669 3279/3440
f 1781/1825 3299/3460 3279/3440 1775/1819
f 1775/1819 3279/3440 3282/3443 1709/1753
f 3380/3542 3379/3541 3284/3613 3283/3444
f 3404/3567 3380/3542 3283/3444 3403/3566
f 3403/3566 3283/3444 3286/3447 3402/3565
f 2201/2245 3382/3544 3287/3634 2122/2166
f 1521/1565 2201/2245 2122/2166 1515/1559
f 1515/1559 2122/2166 2125/2169 1509/1553
f 3376/3538 3271/3432 3278/3439 3289/3450
f 3171/3332 3376/3538 3289/3450 3176/3337
f 3425/3590 884/928 779/823 3027/3078
f 3392/3554 3391/3553 3291/3655 3290/3451
f 1739/1783 3392/3554 3290/3451 1733/1777
f 1733/1777 3290/3451 3293/3454 1727/1771
f 2643/2687 3227/3388 3184/3345 2556/2600
f 3130/3291 2643/2687 2556/2600 3087/3248
f 3087/3248 2556/2600 2559/2603 3088/3249
f 3370/3532 3179/3340 3252/3413 888/932
f 3084/3245 3370/3532 888/932 3153/3314
f 3153/3314 888/932 890/934 3154/3315
f 3432/3699 3427/3612 3192/3353 3294/3455
f 3399/3562 3432/3699 3294/3455 3093/3254
f 3093/3254 3294/3455 3295/3456 3094/3255
f 2658/2702 3429/3633 3212/3373 2568/2612
f 3411/3574 2658/2702 2568/2612 3113/3274
f 3113/3274 2568/2612 2571/2615 3114/3275
f 3313/3474 3312/3473 3297/3681 3296/3457
f 1793/1837 3313/3474 3296/3457 1787/1831
f 1787/1831 3296/3457 3299/3460 1781/1825
f 3286/3447 3285/3446 3301/3606 3300/3461
f 3402/3565 3286/3447 3300/3461 3401/3564
f 3401/3564 3300/3461 3303/3464 3400/3563
f 893/937 3431/3654 3232/3393 894/938
f 3415/3578 893/937 894/938 3133/3294
f 3133/3294 894/938 896/940 3134/3295
f 2149/2193 3317/3478 3304/3673 2134/2178
f 3419/3583 2149/2193 2134/2178 3418/3582
f 3418/3582 2134/2178 2137/2181 3394/3557
f 3295/3456 3191/3352 3196/3357 3306/3467
f 3094/3255 3295/3456 3306/3467 3097/3258
f 3097/3258 3306/3467 3307/3468 3098/3259
f 890/934 3251/3412 3264/3425 898/942
f 3154/3315 890/934 898/942 3163/3324
f 3163/3324 898/942 900/944 3164/3325
f 2571/2615 3211/3372 3216/3377 2580/2624
f 3114/3275 2571/2615 2580/2624 3117/3278
f 3117/3278 2580/2624 2583/2627 3118/3279
f 3356/3518 3207/3368 3188/3349 3308/3469
f 3110/3271 3356/3518 3308/3469 3090/3251
f 3090/3251 3308/3469 3309/3470 3091/3252
f 896/940 3231/3392 3236/3397 902/946
f 3134/3295 896/940 902/946 3137/3298
f 3137/3298 902/946 904/948 3138/3299
f 2559/2603 3183/3344 3256/3417 2592/2636
f 3088/3249 2559/2603 2592/2636 3157/3318
f 3157/3318 2592/2636 2595/2639 3158/3319
f 2968/3017 2967/3016 3311/3693 3310/3471
f 1604/3101 2968/3017 3310/3471 1799/1843
f 1799/1843 3310/3471 3313/3474 1793/1837
f 3307/3468 3195/3356 3200/3361 3314/3475
f 3098/3259 3307/3468 3314/3475 3101/3262
f 3101/3262 3314/3475 3315/3476 3102/3263
f 2583/2627 3215/3376 3220/3381 2604/2648
f 3118/3279 2583/2627 2604/2648 3121/3282
f 3121/3282 2604/2648 2607/2651 3122/3283
f 2177/2221 3346/3508 3316/3685 2146/2190
f 1575/1619 2177/2221 2146/2190 1569/1613
f 1569/3586 2146/2190 2149/2193 3419/3583
f 3327/3488 3326/3487 3319/3601 3318/3479
f 3397/3560 3327/3488 3318/3479 3396/3559
f 3396/3559 3318/3479 3321/3482 3395/3558
f 904/948 3235/3396 3240/3401 906/950
f 3138/3299 904/948 906/950 3141/3302
f 3141/3302 906/950 908/952 3142/3303
f 2137/2181 3305/3466 3322/3596 2158/2202
f 3394/3557 2137/2181 2158/2202 1481/3556
f 1481/3556 2158/2202 2161/2205 3393/3555
f 3360/3522 3359/3521 3325/3677 3324/3485
f 3421/3585 3360/3522 3324/3485 3420/3584
f 3420/3584 3324/3485 3327/3488 3397/3560
f 900/944 3263/3424 3274/3435 849/893
f 3164/3325 900/944 849/893 3173/3334
f 849/893 3274/3435 3074/3187 817/861
f 3282/3443 3281/3442 3329/3591 3328/3489
f 1709/1753 3282/3443 3328/3489 1699/1743
f 1699/1743 3328/3489 3331/3492 1696/1740
f 3315/3476 3199/3360 3204/3365 3332/3493
f 3102/3263 3315/3476 3332/3493 3105/3266
f 3105/3266 3332/3493 3333/3494 3106/3267
f 2607/2651 3219/3380 3224/3385 3334/3495
f 3122/3283 2607/2651 3334/3495 3125/3286
f 3125/3286 3334/3495 3335/3496 3126/3287
f 2595/2639 3255/3416 3268/3429 2628/2672
f 3158/3319 2595/2639 2628/2672 3167/3328
f 3167/3328 2628/2672 2631/2675 3168/3329
f 3321/3482 3320/3481 3337/3625 3336/3497
f 3395/3558 3321/3482 3336/3497 3409/3572
f 3409/3572 3336/3497 3339/3500 3408/3571
f 908/952 3239/3400 3244/3405 910/954
f 3142/3303 908/952 910/954 3145/3306
f 3145/3306 910/954 912/956 3146/3307
f 2161/2205 3323/3484 3341/3646 3340/3501
f 3393/3555 2161/2205 3340/3501 3413/3576
f 3413/3576 3340/3501 2226/3504 3412/3575
f 3309/3470 3187/3348 3260/3421 3343/3505
f 3091/3252 3309/3470 3343/3505 3160/3321
f 3160/3321 3343/3505 3344/3506 3161/3322
f 2113/2157 3012/3063 3345/3695 2174/2218
f 3039/3090 2113/2157 2174/2218 3424/3589
f 3424/3589 2174/2218 2177/2221 1575/1619
f 3293/3454 3292/3453 3348/3648 3347/3509
f 1727/1771 3293/3454 3347/3509 1717/1761
f 1717/1761 3347/3509 3350/3512 1714/1758
f 3331/3492 3330/3491 3352/3667 3351/3513
f 1696/1740 3331/3492 3351/3513 1769/1813
f 1769/1813 3351/3513 3354/3516 1763/1807
f 3333/3494 3203/3364 3208/3369 3355/3517
f 3106/3267 3333/3494 3355/3517 3109/3270
f 3109/3270 3355/3517 3356/3518 3110/3271
f 3335/3496 3223/3384 3228/3389 2640/2684
f 3126/3287 3335/3496 2640/2684 3129/3290
f 3129/3290 2640/2684 2643/2687 3130/3291
f 3386/3548 3385/3547 3358/3689 3357/3519
f 3423/3588 3386/3548 3357/3519 3422/3587
f 3422/3587 3357/3519 3360/3522 3421/3585
f 3339/3500 3338/3499 3362/3621 3361/3523
f 3408/3571 3339/3500 3361/3523 3407/3570
f 3407/3570 3361/3523 3364/3526 3406/3569
f 912/956 3243/3404 3248/3409 3365/3527
f 3146/3307 912/956 3365/3527 3149/3310
f 3149/3310 3365/3527 3366/3528 3150/3311
f 2226/3504 3342/3503 3367/3642 2186/2230
f 3412/3575 2226/3504 2186/2230 1539/1583
f 1539/1583 2186/2230 2189/2233 1533/1577
f 2631/2675 3267/3428 3175/3336 2652/2696
f 3168/3329 2631/2675 2652/2696 3276/3437
f 3276/3437 2652/2696 2546/2590 3038/3089
f 3366/3528 3247/3408 3180/3341 3369/3531
f 3150/3311 3366/3528 3369/3531 3083/3244
f 3083/3244 3369/3531 3370/3532 3084/3245
f 3354/3516 3353/3515 3372/3663 3371/3533
f 1763/1807 3354/3516 3371/3533 1757/1801
f 1757/3581 3371/3533 3374/3536 3417/3580
f 3344/3506 3259/3420 3272/3433 3375/3537
f 3161/3322 3344/3506 3375/3537 3170/3331
f 3170/3331 3375/3537 3376/3538 3171/3332
f 3364/3526 3363/3525 3378/3617 3377/3539
f 3406/3569 3364/3526 3377/3539 3405/3568
f 3405/3568 3377/3539 3380/3542 3404/3567
f 2189/2233 3368/3530 3381/3638 2198/2242
f 1533/1577 2189/2233 2198/2242 1527/1571
f 1527/1571 2198/2242 2201/2245 1521/1565
f 2905/2951 2904/2950 3384/3697 3383/3545
f 3027/3078 2905/2951 3383/3545 3425/3590
f 3425/3590 3383/3545 3386/3548 3423/3588
f 2125/2169 3288/3449 3387/3627 2210/2254
f 1509/1553 2125/2169 2210/2254 1499/1543
f 1499/1543 2210/2254 2213/2257 1496/1540
f 3374/3536 3373/3535 3390/3659 3389/3551
f 3417/3580 3374/3536 3389/3551 3416/3579
f 3416/3579 3389/3551 3392/3554 1739/1783
f 3176/3337 3289/3450 3078/3238 3026/3077
f 3433/3700 3434/3701 3435/3702 3436/3703
f 3436/3703 3435/3702 3437/3704 3438/3705
f 3439/3706 3440/3707 3441/3708 3442/3709
f 3442/3709 3441/3708 3443/3710 3444/3711
f 3444/3711 3443/3710 3445/3712 3446/3713
f 3446/3713 3445/3712 3447/3714 3448/3715
f 3448/3715 3447/3714 3449/3716 3450/3717
f 3450/3717 3449/3716 3451/3718 3452/3719
f 3452/3719 3451/3718 3453/3720 3454/3721
f 3454/3721 3453/3720 3455/3722 3456/3723
f 3456/3723 3455/3722 3457/3724 3458/3725
f 3458/3725 3457/3724 3434/3701 3433/3700
f 3438/3705 3437/3704 3459/3726 3460/3727
f 3460/3727 3459/3726 3461/3728 3462/3729
f 3462/3729 3461/3728 3463/3730 3464/3731
f 3464/3731 3463/3730 3465/3732 3466/3733
f 3466/3733 3465/3732 3467/3734 3468/3735
f 3468/3735 3467/3734 3469/3736 3470/3737
f 3471/3738 3472/3739 3473/3740 3474/3741
f 3474/3741 3473/3740 3475/3742 3476/3743
f 3477/3744 3478/3745 3479/3746 3480/3747
f 3480/3747 3479/3746 3481/3748 3482/3749
f 3476/3743 3475/3742 3483/3750 3484/3751
f 3484/3751 3483/3750 3485/3752 3486/3753
f 3482/3749 3481/3748 3487/3754 3488/3755
f 3488/3755 3487/3754 3489/3756 3490/3757
f 3490/3757 3489/3756 3491/3758 3492/3759
f 3492/3759 3491/3758 3493/3760 3494/3761
f 3495/3762 3496/3763 3497/3764 3498/3765
f 3494/3761 3493/3760 3499/3766 3500/3767
f 3500/3767 3499/3766 3501/3768 3502/3769
f 3502/3769 3501/3768 3503/3770 3504/3771
f 3504/3771 3503/3770 3505/3772 3506/3773
f 3506/3773 3505/3772 3507/3774 3508/3775
f 3508/3775 3507/3774 3472/3739 3471/3738
f 3509/3776 3510/3777 3478/3745 3477/3744
f 3511/3778 3512/3779 3513/3780 3514/3781
f 3514/3781 3513/3780 3515/3782 3516/3783
f 3517/3784 3518/3785 3519/3786 3520/3787
f 3520/3787 3519/3786 3521/3788 3522/3789
f 3522/3789 3521/3788 3523/3790 3524/3791
f 3524/3791 3523/3790 3525/3792 3526/3793
f 3526/3793 3525/3792 3527/3794 3528/3795
f 3528/3795 3527/3794 3529/3796 3530/3797
f 3530/3797 3529/3796 3531/3798 3532/3799
f 3532/3799 3531/3798 3533/3800 3534/3801
f 3534/3801 3533/3800 3535/3802 3536/3803
f 3536/3803 3535/3802 3512/3779 3511/3778
f 3516/3783 3515/3782 3537/3804 3538/3805
f 3538/3805 3537/3804 3539/3806 3540/3807
f 3540/3807 3539/3806 3541/3808 3542/3809
f 3542/3809 3541/3808 3543/3810 3544/3811
f 3544/3811 3543/3810 3545/3812 3546/3813
f 3546/3813 3545/3812 3440/3707 3439/3706
f 3547/3814 3548/3815 3549/3816 3550/3817
f 3550/3817 3549/3816 3551/3818 3552/3819
f 3553/3820 3554/3821 3555/3822 3556/3823
f 3556/3823 3555/3822 3557/3824 3558/3825
f 3552/3819 3551/3818 3559/3826 3560/3827
f 3560/3827 3559/3826 3561/3828 3562/3829
f 3558/3825 3557/3824 3563/3830 3564/3831
f 3564/3831 3563/3830 3565/3832 3566/3833
f 3566/3833 3565/3832 3567/3834 3568/3835
f 3568/3835 3567/3834 3569/3836 3570/3837
f 3562/3829 3561/3828 3510/3777 3509/3776
f 3570/3837 3569/3836 3571/3838 3572/3839
f 3572/3839 3571/3838 3573/3840 3574/3841
f 3574/3841 3573/3840 3575/3842 3576/3843
f 3576/3843 3575/3842 3577/3844 3578/3845
f 3578/3845 3577/3844 3579/3846 3580/3847
f 3580/3847 3579/3846 3548/3815 3547/3814
f 3581/3848 3582/3849 3583/3850 3584/3851
f 3585/3852 3586/3853 3587/3854 3588/3855
f 3589/3856 3590/3857 3591/3858 3592/3859
f 3593/3860 3594/3861 3595/3862 3596/3863
f 3597/3864 3598/3865 3599/3866 3600/3867
f 3601/3868 3602/3869 3603/3870 3604/3871
f 3605/3872 3606/3873 3607/3874 3608/3875
f 3609/3876 3610/3877 3611/3878 3612/3879
f 3613/3880 3614/3881 3615/3882 3616/3883
f 3617/3884 3618/3885 3619/3886 3620/3887
f 3621/3888 3622/3889 3623/3890 3624/3891
f 3625/3892 3626/3893 3627/3894 3628/3895
f 3629/3896 3630/3897 3631/3898 3632/3899
f 3633/3900 3634/3901 3635/3902 3636/3903
f 3637/3904 3638/3905 3639/3906 3640/3907
f 3641/3908 3642/3909 3643/3910 3644/3911
f 3645/3912 3646/3913 3647/3914 3648/3915
f 3649/3916 3650/3917 3651/3918 3652/3919
f 3624/3891 3623/3890 3582/3849 3581/3848
f 3628/3895 3627/3894 3586/3853 3585/3852
f 3653/3920 3654/3921 3590/3857 3589/3856
f 3655/3922 3656/3923 3594/3861 3593/3860
f 3592/3859 3591/3858 3598/3865 3597/3864
f 3596/3863 3595/3862 3602/3869 3601/3868
f 3600/3867 3599/3866 3606/3873 3605/3872
f 3604/3871 3603/3870 3610/3877 3609/3876
f 3608/3875 3607/3874 3614/3881 3613/3880
f 3612/3879 3611/3878 3618/3885 3617/3884
f 3620/3887 3619/3886 3626/3893 3625/3892
f 3584/3851 3583/3850 3630/3897 3629/3896
f 3588/3855 3587/3854 3634/3901 3633/3900
f 3632/3899 3631/3898 3638/3905 3637/3904
f 3636/3903 3635/3902 3642/3909 3641/3908
f 3640/3907 3639/3906 3646/3913 3645/3912
f 3644/3911 3643/3910 3650/3917 3649/3916
f 3657/3924 3658/3925 3659/3926 3660/3927
f 3661/3928 3662/3929 3663/3930 3664/3931
f 3665/3932 3666/3933 3667/3934 3668/3935
f 3669/3936 3670/3937 3671/3938 3672/3939
f 3673/3940 3674/3941 3675/3942 3676/3943
f 3677/3944 3678/3945 3679/3946 3680/3947
f 3681/3948 3682/3949 3683/3950 3684/3951
f 3685/3952 3686/3953 3687/3954 3688/3955
f 3689/3956 3690/3957 3691/3958 3692/3959
f 3693/3960 3694/3961 3695/3962 3696/3963
f 3697/3964 3698/3965 3699/3966 3700/3967
f 3701/3968 3702/3969 3703/3970 3704/3971
f 3705/3972 3706/3973 3707/3974 3708/3975
f 3709/3976 3710/3977 3711/3978 3712/3979
f 3713/3980 3714/3981 3715/3982 3716/3983
f 3717/3984 3718/3985 3719/3986 3720/3987
f 3721/3988 3722/3989 3654/3921 3653/3920
f 3723/3990 3724/3991 3656/3923 3655/3922
f 3700/3967 3699/3966 3658/3925 3657/3924
f 3704/3971 3703/3970 3662/3929 3661/3928
f 3725/3992 3726/3993 3666/3933 3665/3932
f 3727/3994 3728/3995 3670/3937 3669/3936
f 3668/3935 3667/3934 3674/3941 3673/3940
f 3672/3939 3671/3938 3678/3945 3677/3944
f 3676/3943 3675/3942 3682/3949 3681/3948
f 3680/3947 3679/3946 3686/3953 3685/3952
f 3684/3951 3683/3950 3690/3957 3689/3956
f 3688/3955 3687/3954 3694/3961 3693/3960
f 3692/3959 3691/3958 3698/3965 3697/3964
f 3696/3963 3695/3962 3702/3969 3701/3968
f 3660/3927 3659/3926 3706/3973 3705/3972
f 3664/3931 3663/3930 3710/3977 3709/3976
f 3708/3975 3707/3974 3714/3981 3713/3980
f 3712/3979 3711/3978 3718/3985 3717/3984
f 3716/3983 3715/3982 3722/3989 3721/3988
f 3720/3987 3719/3986 3724/3991 3723/3990
f 3729/3996 3730/3997 3731/3998 3732/3999
f 3732/3999 3731/3998 3733/4000 3734/4001
f 3735/4002 3736/4003 3737/4004 3738/4005
f 3738/4005 3737/4004 3739/4006 3740/4007
f 3734/4001 3733/4000 3741/4008 3742/4009
f 3742/4009 3741/4008 3743/4010 3744/4011
f 3740/4007 3739/4006 3745/4012 3746/4013
f 3746/4013 3745/4012 3747/4014 3748/4015
f 3748/4015 3747/4014 3749/4016 3750/4017
f 3750/4017 3749/4016 3751/4018 3752/4019
f 3744/4011 3743/4010 3753/4020 3754/4021
f 3754/4021 3753/4020 3755/4022 3756/4023
f 3752/4019 3751/4018 3757/4024 3758/4025
f 3758/4025 3757/4024 3759/4026 3760/4027
f 3760/4027 3759/4026 3761/4028 3762/4029
f 3762/4029 3761/4028 3763/4030 3764/4031
f 3764/4031 3763/4030 3765/4032 3766/4033
f 3766/4033 3765/4032 3730/3997 3729/3996
f 3767/4034 3768/4035 3736/4003 3735/4002
f 3769/4036 3770/4037 3771/4038 3772/4039
f 3772/4039 3771/4038 3773/4040 3774/4041
f 3775/4042 3776/4043 3777/4044 3778/4045
f 3778/4045 3777/4044 3779/4046 3780/4047
f 3774/4041 3773/4040 3781/4048 3782/4049
f 3782/4049 3781/4048 3783/4050 3784/4051
f 3780/4047 3779/4046 3785/4052 3786/4053
f 3786/4053 3785/4052 3787/4054 3788/4055
f 3788/4055 3787/4054 3789/4056 3790/4057
f 3790/4057 3789/4056 3791/4058 3792/4059
f 3784/4051 3783/4050 3768/4035 3767/4034
f 3792/4059 3791/4058 3793/4060 3794/4061
f 3794/4061 3793/4060 3795/4062 3796/4063
f 3796/4063 3795/4062 3797/4064 3798/4065
f 3798/4065 3797/4064 3799/4066 3800/4067
f 3800/4067 3799/4066 3801/4068 3802/4069
f 3802/4069 3801/4068 3770/4037 3769/4036
f 3803/4070 3804/4071 3805/4072 3806/4073
f 3806/4073 3805/4072 3807/4074 3808/4075
f 3809/4076 3810/4077 3811/4078 3812/4079
f 3812/4079 3811/4078 3813/4080 3814/4081
f 3814/4081 3813/4080 3815/4082 3816/4083
f 3816/4083 3815/4082 3817/4084 3818/4085
f 3818/4085 3817/4084 3819/4086 3820/4087
f 3820/4087 3819/4086 3821/4088 3822/4089
f 3822/4089 3821/4088 3823/4090 3824/4091
f 3824/4091 3823/4090 3825/4092 3826/4093
f 3826/4093 3825/4092 3827/4094 3828/4095
f 3828/4095 3827/4094 3804/4071 3803/4070
f 3808/4075 3807/4074 3829/4096 3830/4097
f 3830/4097 3829/4096 3831/4098 3832/4099
f 3832/4099 3831/4098 3833/4100 3834/4101
f 3834/4101 3833/4100 3835/4102 3836/4103
f 3836/4103 3835/4102 3837/4104 3838/4105
f 3838/4105 3837/4104 3839/4106 3840/4107
f 3841/4108 3842/4109 3843/4110 3844/4111
f 3844/4111 3843/4110 3845/4112 3846/4113
f 3847/4114 3848/4115 3849/4116 3850/4117
f 3850/4117 3849/4116 3851/4118 3852/4119
f 3852/4119 3851/4118 3853/4120 3854/4121
f 3854/4121 3853/4120 3855/4122 3856/4123
f 3856/4123 3855/4122 3857/4124 3858/4125
f 3858/4125 3857/4124 3859/4126 3860/4127
f 3860/4127 3859/4126 3861/4128 3862/4129
f 3862/4129 3861/4128 3863/4130 3864/4131
f 3864/4131 3863/4130 3865/4132 3866/4133
f 3866/4133 3865/4132 3842/4109 3841/4108
f 3846/4113 3845/4112 3867/4134 3868/4135
f 3868/4135 3867/4134 3869/4136 3870/4137
f 3870/4137 3869/4136 3871/4138 3872/4139
f 3872/4139 3871/4138 3873/4140 3874/4141
f 3874/4141 3873/4140 3875/4142 3876/4143
f 3876/4143 3875/4142 3810/4077 3809/4076
f 3877/4144 3878/4145 3879/4146 3880/4147
f 3881/4148 3882/4149 3883/4150 3884/4151
f 3880/4147 3879/4146 3885/4152 3886/4153
f 3884/4151 3883/4150 3887/4154 3888/4155
f 3889/4156 3890/4157 3891/4158 3892/4159
f 3893/4160 3894/4161 3895/4162 3896/4163
f 3892/4159 3891/4158 3897/4164 3898/4165
f 3896/4163 3895/4162 3899/4166 3900/4167
f 3898/4165 3897/4164 3901/4168 3902/4169
f 3900/4167 3899/4166 3903/4170 3904/4171
f 3902/4169 3901/4168 3905/4172 3906/4173
f 3904/4171 3903/4170 3907/4174 3908/4175
f 3909/4176 3910/4177 3911/4178 3912/4179
f 3913/4180 3914/4181 3915/4182 3916/4183
f 3912/4179 3911/4178 3917/4184 3918/4185
f 3916/4183 3915/4182 3919/4186 3920/4187
f 3906/4173 3905/4172 3921/4188 3922/4189
f 3908/4175 3907/4174 3923/4190 3924/4191
f 3922/4189 3921/4188 3925/4192 3926/4193
f 3924/4191 3923/4190 3927/4194 3928/4195
f 3926/4193 3925/4192 3929/4196 3930/4197
f 3930/4197 3929/4196 3931/4198 3932/4199
f 3933/4200 3934/4201 3935/4202 3936/4203
f 3918/4185 3917/4184 3937/4204 3938/4205
f 3920/4187 3919/4186 3939/4206 3940/4207
f 3938/4205 3937/4204 3941/4208 3942/4209
f 3940/4207 3939/4206 3943/4210 3944/4211
f 3932/4199 3931/4198 3945/4212 3946/4213
f 3936/4203 3935/4202 3947/4214 3948/4215
f 3946/4213 3945/4212 3910/4177 3909/4176
f 3948/4215 3947/4214 3914/4181 3913/4180
f 3942/4209 3941/4208 3949/4216 3950/4217
f 3944/4211 3943/4210 3951/4218 3952/4219
f 3950/4217 3949/4216 3878/4145 3877/4144
f 3952/4219 3951/4218 3882/4149 3881/4148
f 3953/4220 3954/4221 3955/4222 3956/4223
f 3957/4224 3958/4225 3959/4226 3960/4227
f 3961/4228 3962/4229 3963/4230 3964/4231
f 3965/4232 3966/4233 3967/4234 3968/4235
f 3964/4231 3963/4230 3969/4236 3970/4237
f 3968/4235 3967/4234 3971/4238 3972/4239
f 3970/4237 3969/4236 3973/4240 3974/4241
f 3972/4239 3971/4238 3975/4242 3976/4243
f 3974/4241 3973/4240 3977/4244 3978/4245
f 3976/4243 3975/4242 3979/4246 3980/4247
f 3981/4248 3982/4249 3983/4250 3984/4251
f 3985/4252 3986/4253 3987/4254 3988/4255
f 3984/4251 3983/4250 3989/4256 3990/4257
f 3988/4255 3987/4254 3991/4258 3992/4259
f 3978/4245 3977/4244 3993/4260 3994/4261
f 3980/4247 3979/4246 3995/4262 3996/4263
f 3994/4261 3993/4260 3997/4264 3998/4265
f 3996/4263 3995/4262 3999/4266 4000/4267
f 3998/4265 3997/4264 4001/4268 4002/4269
f 4000/4267 3999/4266 4003/4270 4004/4271
f 4002/4269 4001/4268 4005/4272 4006/4273
f 4004/4271 4003/4270 4007/4274 4008/4275
f 3990/4257 3989/4256 4009/4276 4010/4277
f 3992/4259 3991/4258 4011/4278 4012/4279
f 4010/4277 4009/4276 4013/4280 4014/4281
f 4012/4279 4011/4278 4015/4282 4016/4283
f 4006/4273 4005/4272 4017/4284 4018/4285
f 4008/4275 4007/4274 4019/4286 4020/4287
f 4018/4285 4017/4284 3982/4249 3981/4248
f 4020/4287 4019/4286 3986/4253 3985/4252
f 4014/4281 4013/4280 4021/4288 4022/4289
f 4016/4283 4015/4282 4023/4290 4024/4291
f 4022/4289 4021/4288 3954/4221 3953/4220
f 4024/4291 4023/4290 3958/4225 3957/4224
f 3956/4223 3955/4222 3890/4157 3889/4156
f 3960/4227 3959/4226 3894/4161 3893/4160
f 4025/4292 4026/4293 4027/4294 4028/4295
f 4029/4296 4030/4297 4031/4298 4032/4299
f 4033/4300 4034/4301 4035/4302 4036/4303
f 4028/4295 4027/4294 4037/4304 4038/4305
f 4032/4299 4031/4298 4039/4306 4040/4307
f 4036/4303 4035/4302 4041/4308 4042/4309
f 4043/4310 4044/4311 4045/4312 4046/4313
f 4047/4314 4048/4315 4049/4316 4050/4317
f 4051/4318 4052/4319 4053/4320 4054/4321
f 4046/4313 4045/4312 4055/4322 4056/4323
f 4050/4317 4049/4316 4057/4324 4058/4325
f 4054/4321 4053/4320 4059/4326 4060/4327
f 4056/4323 4055/4322 4061/4328 4062/4329
f 4058/4325 4057/4324 4063/4330 4064/4331
f 4060/4327 4059/4326 4065/4332 4066/4333
f 4062/4329 4061/4328 4067/4334 4068/4335
f 4064/4331 4063/4330 4069/4336 4070/4337
f 4066/4333 4065/4332 4071/4338 4072/4339
f 4068/4335 4067/4334 4073/4340 4074/4341
f 4070/4337 4069/4336 4075/4342 4076/4343
f 4072/4339 4071/4338 4077/4344 4078/4345
f 4074/4341 4073/4340 4079/4346 4080/4347
f 4076/4343 4075/4342 4081/4348 4082/4349
f 4078/4345 4077/4344 4083/4350 4084/4351
f 4080/4347 4079/4346 4085/4352 4086/4353
f 4082/4349 4081/4348 4087/4354 4088/4355
f 4084/4351 4083/4350 4089/4356 4090/4357
f 4086/4353 4085/4352 4091/4358 4092/4359
f 4088/4355 4087/4354 4093/4360 4094/4361
f 4090/4357 4089/4356 4095/4362 4096/4363
f 4092/4359 4091/4358 4097/4364 4098/4365
f 4094/4361 4093/4360 4099/4366 4100/4367
f 4096/4363 4095/4362 4101/4368 4102/4369
f 4098/4365 4097/4364 4026/4293 4025/4292
f 4100/4367 4099/4366 4030/4297 4029/4296
f 4102/4369 4101/4368 4034/4301 4033/4300
f 4038/4305 4037/4304 4103/4370 4104/4371
f 4040/4307 4039/4306 4105/4372 4106/4373
f 4042/4309 4041/4308 4107/4374 4108/4375
f 4104/4371 4103/4370 4109/4376 4110/4377
f 4106/4373 4105/4372 4111/4378 4112/4379
f 4108/4375 4107/4374 4113/4380 4114/4381
f 4110/4377 4109/4376 4115/4382 4116/4383
f 4112/4379 4111/4378 4117/4384 4118/4385
f 4114/4381 4113/4380 4119/4386 4120/4387
f 4116/4383 4115/4382 4121/4388 4122/4389
f 4118/4385 4117/4384 4123/4390 4124/4391
f 4120/4387 4119/4386 4125/4392 4126/4393
f 4122/4389 4121/4388 4127/4394 4128/4395
f 4124/4391 4123/4390 4129/4396 4130/4397
f 4126/4393 4125/4392 4131/4398 4132/4399
f 4128/4395 4127/4394 4133/4400 4134/4401
f 4130/4397 4129/4396 4135/4402 4136/4403
f 4132/4399 4131/4398 4137/4404 4138/4405
f 4139/4406 4140/4407 4141/4408 4142/4409
f 4143/4410 4144/4411 4145/4412 4146/4413
f 4147/4414 4148/4415 4149/4416 4150/4417
f 4142/4409 4141/4408 4151/4418 4152/4419
f 4146/4413 4145/4412 4153/4420 4154/4421
f 4150/4417 4149/4416 4155/4422 4156/4423
f 4157/4424 4158/4425 4159/4426 4160/4427
f 4161/4428 4162/4429 4163/4430 4164/4431
f 4165/4432 4166/4433 4167/4434 4168/4435
f 4160/4427 4159/4426 4169/4436 4170/4437
f 4164/4431 4163/4430 4171/4438 4172/4439
f 4168/4435 4167/4434 4173/4440 4174/4441
f 4170/4437 4169/4436 4175/4442 4176/4443
f 4172/4439 4171/4438 4177/4444 4178/4445
f 4174/4441 4173/4440 4179/4446 4180/4447
f 4176/4443 4175/4442 4181/4448 4182/4449
f 4178/4445 4177/4444 4183/4450 4184/4451
f 4180/4447 4179/4446 4185/4452 4186/4453
f 4182/4449 4181/4448 4187/4454 4188/4455
f 4184/4451 4183/4450 4189/4456 4190/4457
f 4186/4453 4185/4452 4191/4458 4192/4459
f 4188/4455 4187/4454 4193/4460 4194/4461
f 4190/4457 4189/4456 4195/4462 4196/4463
f 4192/4459 4191/4458 4197/4464 4198/4465
f 4194/4461 4193/4460 4199/4466 4200/4467
f 4196/4463 4195/4462 4201/4468 4202/4469
f 4198/4465 4197/4464 4203/4470 4204/4471
f 4200/4467 4199/4466 4205/4472 4206/4473
f 4202/4469 4201/4468 4207/4474 4208/4475
f 4204/4471 4203/4470 4209/4476 4210/4477
f 4206/4473 4205/4472 4211/4478 4212/4479
f 4208/4475 4207/4474 4213/4480 4214/4481
f 4210/4477 4209/4476 4215/4482 4216/4483
f 4212/4479 4211/4478 4140/4407 4139/4406
f 4214/4481 4213/4480 4144/4411 4143/4410
f 4216/4483 4215/4482 4148/4415 4147/4414
f 4152/4419 4151/4418 4217/4484 4218/4485
f 4154/4421 4153/4420 4219/4486 4220/4487
f 4156/4423 4155/4422 4221/4488 4222/4489
f 4218/4485 4217/4484 4223/4490 4224/4491
f 4220/4487 4219/4486 4225/4492 4226/4493
f 4222/4489 4221/4488 4227/4494 4228/4495
f 4224/4491 4223/4490 4229/4496 4230/4497
f 4226/4493 4225/4492 4231/4498 4232/4499
f 4228/4495 4227/4494 4233/4500 4234/4501
f 4230/4497 4229/4496 4235/4502 4236/4503
f 4232/4499 4231/4498 4237/4504 4238/4505
f 4234/4501 4233/4500 4239/4506 4240/4507
f 4236/4503 4235/4502 4241/4508 4242/4509
f 4238/4505 4237/4504 4243/4510 4244/4511
f 4240/4507 4239/4506 4245/4512 4246/4513
f 4242/4509 4241/4508 4044/4311 4043/4310
f 4244/4511 4243/4510 4048/4315 4047/4314
f 4246/4513 4245/4512 4052/4319 4051/4318
f 4247/4514 4248/4515 4249/4516 4250/4517
f 4251/4518 4252/4519 4253/4520 4254/4521
f 4255/4522 4256/4523 4257/4524 4258/4525
f 4250/4517 4249/4516 4259/4526 4260/4527
f 4254/4521 4253/4520 4261/4528 4262/4529
f 4258/4525 4257/4524 4263/4530 4264/4531
f 4265/4532 4266/4533 4267/4534 4268/4535
f 4269/4536 4270/4537 4271/4538 4272/4539
f 4273/4540 4274/4541 4275/4542 4276/4543
f 4268/4535 4267/4534 4277/4544 4278/4545
f 4272/4539 4271/4538 4279/4546 4280/4547
f 4276/4543 4275/4542 4281/4548 4282/4549
f 4278/4545 4277/4544 4283/4550 4284/4551
f 4280/4547 4279/4546 4285/4552 4286/4553
f 4282/4549 4281/4548 4287/4554 4288/4555
f 4284/4551 4283/4550 4289/4556 4290/4557
f 4286/4553 4285/4552 4291/4558 4292/4559
f 4288/4555 4287/4554 4293/4560 4294/4561
f 4290/4557 4289/4556 4295/4562 4296/4563
f 4292/4559 4291/4558 4297/4564 4298/4565
f 4294/4561 4293/4560 4299/4566 4300/4567
f 4296/4563 4295/4562 4301/4568 4302/4569
f 4298/4565 4297/4564 4303/4570 4304/4571
f 4300/4567 4299/4566 4305/4572 4306/4573
f 4302/4569 4301/4568 4307/4574 4308/4575
f 4304/4571 4303/4570 4309/4576 4310/4577
f 4306/4573 4305/4572 4311/4578 4312/4579
f 4308/4575 4307/4574 4313/4580 4314/4581
f 4310/4577 4309/4576 4315/4582 4316/4583
f 4312/4579 4311/4578 4317/4584 4318/4585
f 4319/4586 4320/4587 4256/4523 4255/4522
f 4260/4527 4259/4526 4321/4588 4322/4589
f 4262/4529 4261/4528 4323/4590 4324/4591
f 4264/4531 4263/4530 4325/4592 4326/4593
f 4322/4589 4321/4588 4327/4594 4328/4595
f 4324/4591 4323/4590 4329/4596 4330/4597
f 4326/4593 4325/4592 4331/4598 4332/4599
f 4328/4595 4327/4594 4333/4600 4334/4601
f 4330/4597 4329/4596 4335/4602 4336/4603
f 4332/4599 4331/4598 4337/4604 4338/4605
f 4334/4601 4333/4600 4339/4606 4340/4607
f 4336/4603 4335/4602 4341/4608 4342/4609
f 4338/4605 4337/4604 4343/4610 4344/4611
f 4340/4607 4339/4606 4345/4612 4346/4613
f 4342/4609 4341/4608 4347/4614 4348/4615
f 4344/4611 4343/4610 4349/4616 4350/4617
f 4346/4613 4345/4612 4351/4618 4352/4619
f 4348/4615 4347/4614 4353/4620 4354/4621
f 4350/4617 4349/4616 4355/4622 4356/4623
f 4357/4624 4358/4625 4359/4626 4360/4627
f 4361/4628 4362/4629 4363/4630 4364/4631
f 4365/4632 4366/4633 4367/4634 4368/4635
f 4360/4627 4359/4626 4369/4636 4370/4637
f 4364/4631 4363/4630 4371/4638 4372/4639
f 4368/4635 4367/4634 4373/4640 4374/4641
f 4375/4642 4376/4643 4377/4644 4378/4645
f 4379/4646 4380/4647 4381/4648 4382/4649
f 4383/4650 4384/4651 4385/4652 4386/4653
f 4378/4645 4377/4644 4387/4654 4388/4655
f 4382/4649 4381/4648 4389/4656 4390/4657
f 4386/4653 4385/4652 4391/4658 4392/4659
f 4388/4655 4387/4654 4393/4660 4394/4661
f 4390/4657 4389/4656 4395/4662 4396/4663
f 4392/4659 4391/4658 4397/4664 4398/4665
f 4394/4661 4393/4660 4399/4666 4400/4667
f 4396/4663 4395/4662 4401/4668 4402/4669
f 4398/4665 4397/4664 4403/4670 4404/4671
f 4400/4667 4399/4666 4405/4672 4406/4673
f 4402/4669 4401/4668 4407/4674 4408/4675
f 4404/4671 4403/4670 4409/4676 4410/4677
f 4406/4673 4405/4672 4411/4678 4412/4679
f 4408/4675 4407/4674 4413/4680 4414/4681
f 4410/4677 4409/4676 4415/4682 4416/4683
f 4412/4679 4411/4678 4417/4684 4418/4685
f 4414/4681 4413/4680 4419/4686 4420/4687
f 4416/4683 4415/4682 4421/4688 4422/4689
f 4418/4685 4417/4684 4423/4690 4424/4691
f 4420/4687 4419/4686 4425/4692 4426/4693
f 4422/4689 4421/4688 4427/4694 4428/4695
f 4424/4691 4423/4690 4429/4696 4430/4697
f 4426/4693 4425/4692 4431/4698 4432/4699
f 4428/4695 4427/4694 4433/4700 4434/4701
f 4430/4697 4429/4696 4358/4625 4357/4624
f 4434/4701 4433/4700 4366/4633 4365/4632
f 4370/4637 4369/4636 4435/4702 4436/4703
f 4372/4639 4371/4638 4437/4704 4438/4705
f 4374/4641 4373/4640 4439/4706 4440/4707
f 4436/4703 4435/4702 4441/4708 4442/4709
f 4438/4705 4437/4704 4443/4710 4444/4711
f 4440/4707 4439/4706 4445/4712 4446/4713
f 4442/4709 4441/4708 4447/4714 4448/4715
f 4444/4711 4443/4710 4449/4716 4450/4717
f 4446/4713 4445/4712 4451/4718 4452/4719
f 4448/4715 4447/4714 4453/4720 4454/4721
f 4450/4717 4449/4716 4455/4722 4456/4723
f 4452/4719 4451/4718 4457/4724 4458/4725
f 4454/4721 4453/4720 4459/4726 4460/4727
f 4456/4723 4455/4722 4461/4728 4462/4729
f 4458/4725 4457/4724 4463/4730 4464/4731
f 4460/4727 4459/4726 4266/4533 4265/4532
f 4462/4729 4461/4728 4270/4537 4269/4536
f 4464/4731 4463/4730 4274/4541 4273/4540
f 4465/4732 4466/4733 4467/4734 4468/4735
f 4469/4736 4470/4737 4471/4738 4472/4739
f 4473/4740 4474/4741 4475/4742 4476/4743
f 4468/4735 4467/4734 4477/4744 4478/4745
f 4472/4739 4471/4738 4479/4746 4480/4747
f 4476/4743 4475/4742 4481/4748 4482/4749
f 4483/4750 4484/4751 4485/4752 4486/4753
f 4487/4754 4488/4755 4489/4756 4490/4757
f 4491/4758 4492/4759 4493/4760 4494/4761
f 4486/4753 4485/4752 4495/4762 4496/4763
f 4490/4757 4489/4756 4497/4764 4498/4765
f 4494/4761 4493/4760 4499/4766 4500/4767
f 4496/4763 4495/4762 4501/4768 4502/4769
f 4498/4765 4497/4764 4503/4770 4504/4771
f 4500/4767 4499/4766 4505/4772 4506/4773
f 4502/4769 4501/4768 4507/4774 4508/4775
f 4504/4771 4503/4770 4509/4776 4510/4777
f 4506/4773 4505/4772 4511/4778 4512/4779
f 4478/4745 4477/4744 4513/4780 4514/4781
f 4480/4747 4479/4746 4515/4782 4516/4783
f 4482/4749 4481/4748 4517/4784 4518/4785
f 4514/4781 4513/4780 4519/4786 4520/4787
f 4516/4783 4515/4782 4521/4788 4522/4789
f 4518/4785 4517/4784 4523/4790 4524/4791
f 4508/4775 4507/4774 4525/4792 4526/4793
f 4510/4777 4509/4776 4527/4794 4528/4795
f 4512/4779 4511/4778 4529/4796 4530/4797
f 4526/4793 4525/4792 4531/4798 4532/4799
f 4528/4795 4527/4794 4533/4800 4534/4801
f 4530/4797 4529/4796 4535/4802 4536/4803
f 4532/4799 4531/4798 4537/4804 4538/4805
f 4534/4801 4533/4800 4539/4806 4540/4807
f 4536/4803 4535/4802 4541/4808 4542/4809
f 4538/4805 4537/4804 4543/4810 4544/4811
f 4540/4807 4539/4806 4545/4812 4546/4813
f 4542/4809 4541/4808 4547/4814 4548/4815
f 4520/4787 4519/4786 4549/4816 4550/4817
f 4522/4789 4521/4788 4551/4818 4552/4819
f 4524/4791 4523/4790 4553/4820 4554/4821
f 4550/4817 4549/4816 4555/4822 4556/4823
f 4552/4819 4551/4818 4557/4824 4558/4825
f 4554/4821 4553/4820 4559/4826 4560/4827
f 4544/4811 4543/4810 4561/4828 4562/4829
f 4546/4813 4545/4812 4563/4830 4564/4831
f 4548/4815 4547/4814 4565/4832 4566/4833
f 4562/4829 4561/4828 4466/4733 4465/4732
f 4564/4831 4563/4830 4470/4737 4469/4736
f 4566/4833 4565/4832 4474/4741 4473/4740
f 4556/4823 4555/4822 4567/4834 4568/4835
f 4558/4825 4557/4824 4569/4836 4570/4837
f 4560/4827 4559/4826 4571/4838 4572/4839
f 4573/4840 4574/4841 4575/4842 4576/4843
f 4577/4844 4578/4845 4579/4846 4580/4847
f 4581/4848 4582/4849 4583/4850 4584/4851
f 4576/4843 4575/4842 4585/4852 4586/4853
f 4580/4847 4579/4846 4587/4854 4588/4855
f 4584/4851 4583/4850 4589/4856 4590/4857
f 4591/4858 4592/4859 4593/4860 4594/4861
f 4595/4862 4596/4863 4597/4864 4598/4865
f 4599/4866 4600/4867 4601/4868 4602/4869
f 4603/4870 4604/4871 4605/4872 4606/4873
f 4598/4865 4597/4864 4607/4874 4608/4875
f 4602/4869 4601/4868 4609/4876 4610/4877
f 4606/4873 4605/4872 4611/4878 4612/4879
f 4608/4875 4607/4874 4613/4880 4614/4881
f 4586/4853 4585/4852 4615/4882 4616/4883
f 4588/4855 4587/4854 4617/4884 4618/4885
f 4590/4857 4589/4856 4619/4886 4620/4887
f 4616/4883 4615/4882 4621/4888 4622/4889
f 4618/4885 4617/4884 4623/4890 4624/4891
f 4620/4887 4619/4886 4625/4892 4626/4893
f 4610/4877 4609/4876 4627/4894 4628/4895
f 4612/4879 4611/4878 4629/4896 4630/4897
f 4614/4881 4613/4880 4631/4898 4632/4899
f 4628/4895 4627/4894 4633/4900 4634/4901
f 4634/4901 4633/4900 4635/4902 4636/4903
f 4637/4904 4638/4905 4639/4906 4640/4907
f 4641/4908 4642/4909 4643/4910 4644/4911
f 4636/4903 4635/4902 4645/4912 4646/4913
f 4640/4907 4639/4906 4647/4914 4648/4915
f 4644/4911 4643/4910 4649/4916 4650/4917
f 4622/4889 4621/4888 4651/4918 4652/4919
f 4624/4891 4623/4890 4653/4920 4654/4921
f 4626/4893 4625/4892 4655/4922 4656/4923
f 4652/4919 4651/4918 4657/4924 4658/4925
f 4654/4921 4653/4920 4659/4926 4660/4927
f 4656/4923 4655/4922 4661/4928 4662/4929
f 4646/4913 4645/4912 4663/4930 4664/4931
f 4648/4915 4647/4914 4665/4932 4666/4933
f 4650/4917 4649/4916 4667/4934 4668/4935
f 4664/4931 4663/4930 4574/4841 4573/4840
f 4666/4933 4665/4932 4578/4845 4577/4844
f 4668/4935 4667/4934 4582/4849 4581/4848
f 4658/4925 4657/4924 4669/4936 4670/4937
f 4660/4927 4659/4926 4671/4938 4672/4939
f 4662/4929 4661/4928 4673/4940 4674/4941
f 4670/4937 4669/4936 4484/4751 4483/4750
f 4672/4939 4671/4938 4488/4755 4487/4754
f 4674/4941 4673/4940 4492/4759 4491/4758
f 4675/4942 4676/4943 4677/4944 4678/4945
f 4679/4946 4680/4947 4681/4948 4682/4949
f 4683/4950 4684/4951 4685/4952 4686/4953
f 4687/4954 4688/4955 4689/4956 4690/4957
f 4691/4958 4692/4959 4693/4960 4694/4961
f 4695/4962 4696/4963 4697/4964 4698/4965
f 4699/4966 4700/4967 4701/4968 4702/4969
f 4703/4970 4704/4971 4705/4972 4706/4973
f 4707/4974 4708/4975 4709/4976 4710/4977
f 4711/4978 4712/4979 4713/4980 4714/4981
f 4715/4982 4716/4983 4717/4984 4718/4985
f 4719/4986 4720/4987 4721/4988 4722/4989
f 4723/4990 4724/4991 4725/4992 4726/4993
f 4727/4994 4728/4995 4729/4996 4730/4997
f 4731/4998 4732/4999 4733/5000 4734/5001
f 4735/5002 4736/5003 4737/5004 4738/5005
f 4739/5006 4740/5007 4741/5008 4742/5009
f 4743/5010 4744/5011 4745/5012 4746/5013
f 4747/5014 4748/5015 4749/5016 4750/5017
f 4751/5018 4752/5019 4753/5020 4754/5021
f 4755/5022 4756/5023 4757/5024 4758/5025
f 4759/5026 4760/5027 4761/5028 4762/5029
f 4763/5030 4764/5031 4765/5032 4766/5033
f 4767/5034 4768/5035 4769/5036 4770/5037
f 4771/5038 4772/5039 4773/5040 4774/5041
f 4775/5042 4776/5043 4777/5044 4778/5045
f 4779/5046 4780/5047 4781/5048 4782/5049
f 4762/5029 4761/5028 4676/4943 4675/4942
f 4766/5033 4765/5032 4680/4947 4679/4946
f 4770/5037 4769/5036 4684/4951 4683/4950
f 4702/4969 4701/4968 4688/4955 4687/4954
f 4706/4973 4705/4972 4692/4959 4691/4958
f 4710/4977 4709/4976 4696/4963 4695/4962
f 4738/5005 4737/5004 4700/4967 4699/4966
f 4742/5009 4741/5008 4704/4971 4703/4970
f 4746/5013 4745/5012 4708/4975 4707/4974
f 4690/4957 4689/4956 4712/4979 4711/4978
f 4694/4961 4693/4960 4716/4983 4715/4982
f 4698/4965 4697/4964 4720/4987 4719/4986
f 4714/4981 4713/4980 4724/4991 4723/4990
f 4718/4985 4717/4984 4728/4995 4727/4994
f 4722/4989 4721/4988 4732/4999 4731/4998
f 4726/4993 4725/4992 4748/5015 4747/5014
f 4730/4997 4729/4996 4752/5019 4751/5018
f 4734/5001 4733/5000 4756/5023 4755/5022
f 4750/5017 4749/5016 4760/5027 4759/5026
f 4754/5021 4753/5020 4764/5031 4763/5030
f 4758/5025 4757/5024 4768/5035 4767/5034
f 4678/4945 4677/4944 4772/5039 4771/5038
f 4682/4949 4681/4948 4776/5043 4775/5042
f 4686/4953 4685/4952 4780/5047 4779/5046
f 4783/5050 4784/5051 4785/5052 4786/5053
f 4787/5054 4788/5055 4789/5056 4790/5057
f 4791/5058 4792/5059 4793/5060 4794/5061
f 4795/5062 4796/5063 4797/5064 4798/5065
f 4799/5066 4800/5067 4801/5068 4802/5069
f 4803/5070 4804/5071 4805/5072 4806/5073
f 4807/5074 4808/5075 4809/5076 4810/5077
f 4811/5078 4812/5079 4813/5080 4814/5081
f 4815/5082 4816/5083 4817/5084 4818/5085
f 4819/5086 4820/5087 4821/5088 4822/5089
f 4823/5090 4824/5091 4825/5092 4826/5093
f 4827/5094 4828/5095 4829/5096 4830/5097
f 4831/5098 4832/5099 4833/5100 4834/5101
f 4835/5102 4836/5103 4837/5104 4838/5105
f 4839/5106 4840/5107 4841/5108 4842/5109
f 4843/5110 4844/5111 4845/5112 4846/5113
f 4847/5114 4848/5115 4849/5116 4850/5117
f 4851/5118 4852/5119 4853/5120 4854/5121
f 4855/5122 4856/5123 4857/5124 4858/5125
f 4859/5126 4860/5127 4861/5128 4862/5129
f 4863/5130 4864/5131 4865/5132 4866/5133
f 4867/5134 4868/5135 4869/5136 4870/5137
f 4871/5138 4872/5139 4873/5140 4874/5141
f 4875/5142 4876/5143 4877/5144 4878/5145
f 4879/5146 4880/5147 4881/5148 4882/5149
f 4862/5129 4861/5128 4784/5051 4783/5050
f 4866/5133 4865/5132 4788/5055 4787/5054
f 4870/5137 4869/5136 4792/5059 4791/5058
f 4810/5077 4809/5076 4796/5063 4795/5062
f 4814/5081 4813/5080 4800/5067 4799/5066
f 4838/5105 4837/5104 4808/5075 4807/5074
f 4842/5109 4841/5108 4812/5079 4811/5078
f 4846/5113 4845/5112 4816/5083 4815/5082
f 4798/5065 4797/5064 4820/5087 4819/5086
f 4802/5069 4801/5068 4824/5091 4823/5090
f 4806/5073 4805/5072 4828/5095 4827/5094
f 4822/5089 4821/5088 4883/5150 4884/5151
f 4826/5093 4825/5092 4885/5152 4886/5153
f 4830/5097 4829/5096 4832/5099 4831/5098
f 4774/5041 4773/5040 4836/5103 4835/5102
f 4778/5045 4777/5044 4840/5107 4839/5106
f 4782/5049 4781/5048 4844/5111 4843/5110
f 4887/5154 4888/5155 4848/5115 4847/5114
f 4850/5117 4849/5116 4860/5127 4859/5126
f 4854/5121 4853/5120 4864/5131 4863/5130
f 4858/5125 4857/5124 4868/5135 4867/5134
f 4786/5053 4785/5052 4872/5139 4871/5138
f 4790/5057 4789/5056 4876/5143 4875/5142
f 4794/5061 4793/5060 4880/5147 4879/5146
f 4889/5156 4890/5157 4891/5158 4892/5159
f 4893/5160 4894/5161 4895/5162 4896/5163
f 4897/5164 4898/5165 4899/5166 4900/5167
f 4901/5168 4902/5169 4903/5170 4904/5171
f 4905/5172 4906/5173 4907/5174 4908/5175
f 4909/5176 4910/5177 4911/5178 4912/5179
f 4913/5180 4914/5181 4915/5182 4916/5183
f 4917/5184 4918/5185 4919/5186 4920/5187
f 4921/5188 4922/5189 4923/5190 4924/5191
f 4925/5192 4926/5193 4927/5194 4928/5195
f 4929/5196 4930/5197 4931/5198 4932/5199
f 4933/5200 4934/5201 4935/5202 4936/5203
f 4937/5204 4938/5205 4939/5206 4940/5207
f 4941/5208 4942/5209 4943/5210 4944/5211
f 4945/5212 4946/5213 4947/5214 4948/5215
f 4949/5216 4950/5217 4951/5218 4952/5219
f 4953/5220 4954/5221 4955/5222 4956/5223
f 4957/5224 4958/5225 4959/5226 4960/5227
f 4961/5228 4962/5229 4963/5230 4964/5231
f 4965/5232 4966/5233 4967/5234 4968/5235
f 4969/5236 4970/5237 4971/5238 4972/5239
f 4973/5240 4974/5241 4975/5242 4976/5243
f 4977/5244 4978/5245 4979/5246 4980/5247
f 4981/5248 4982/5249 4983/5250 4984/5251
f 4985/5252 4986/5253 4987/5254 4988/5255
f 4989/5256 4990/5257 4991/5258 4992/5259
f 4993/5260 4994/5261 4995/5262 4996/5263
f 4916/5183 4915/5182 4890/5157 4889/5156
f 4920/5187 4919/5186 4894/5161 4893/5160
f 4924/5191 4923/5190 4898/5165 4897/5164
f 4988/5255 4987/5254 4902/5169 4901/5168
f 4992/5259 4991/5258 4906/5173 4905/5172
f 4996/5263 4995/5262 4910/5177 4909/5176
f 4928/5195 4927/5194 4914/5181 4913/5180
f 4932/5199 4931/5198 4918/5185 4917/5184
f 4936/5203 4935/5202 4922/5189 4921/5188
f 4997/5264 4998/5265 4926/5193 4925/5192
f 4999/5266 5000/5267 4930/5197 4929/5196
f 5001/5268 5002/5269 4934/5201 4933/5200
f 4892/5159 4891/5158 4938/5205 4937/5204
f 4896/5163 4895/5162 4942/5209 4941/5208
f 4900/5167 4899/5166 4946/5213 4945/5212
f 4904/5171 4903/5170 4950/5217 4949/5216
f 4908/5175 4907/5174 4954/5221 4953/5220
f 4912/5179 4911/5178 4958/5225 4957/5224
f 4940/5207 4939/5206 4962/5229 4961/5228
f 4944/5211 4943/5210 4966/5233 4965/5232
f 4948/5215 4947/5214 4970/5237 4969/5236
f 4964/5231 4963/5230 4974/5241 4973/5240
f 4968/5235 4967/5234 4978/5245 4977/5244
f 4972/5239 4971/5238 4982/5249 4981/5248
f 4976/5243 4975/5242 4986/5253 4985/5252
f 4980/5247 4979/5246 4990/5257 4989/5256
f 4984/5251 4983/5250 4994/5261 4993/5260
f 5003/5270 5004/5271 5005/5272 5006/5273
f 5007/5274 5008/5275 5009/5276 5010/5277
f 5011/5278 5012/5279 5013/5280 5014/5281
f 5015/5282 5016/5283 5017/5284 5018/5285
f 5019/5286 5020/5287 5021/5288 5022/5289
f 5023/5290 5024/5291 5025/5292 5026/5293
f 5027/5294 5028/5295 5029/5296 5030/5297
f 5031/5298 5032/5299 5033/5300 5034/5301
f 5035/5302 5036/5303 5037/5304 5038/5305
f 5039/5306 5040/5307 5041/5308 5042/5309
f 5043/5310 5044/5311 5045/5312 5046/5313
f 5047/5314 5048/5315 5049/5316 5050/5317
f 5051/5318 5052/5319 5053/5320 5054/5321
f 5055/5322 5056/5323 5057/5324 5058/5325
f 5059/5326 5060/5327 5061/5328 5062/5329
f 5063/5330 5064/5331 5065/5332 5066/5333
f 5067/5334 5068/5335 5069/5336 5070/5337
f 5071/5338 5072/5339 5073/5340 5074/5341
f 5075/5342 5076/5343 5077/5344 5078/5345
f 5079/5346 5080/5347 5081/5348 5082/5349
f 5083/5350 5084/5351 5085/5352 5086/5353
f 5087/5354 5088/5355 5089/5356 5090/5357
f 5091/5358 5092/5359 5093/5360 5094/5361
f 5095/5362 5096/5363 5097/5364 5098/5365
f 5099/5366 5100/5367 5101/5368 5102/5369
f 5103/5370 5104/5371 5105/5372 5106/5373
f 5030/5297 5029/5296 5004/5271 5003/5270
f 5034/5301 5033/5300 5008/5275 5007/5274
f 5038/5305 5037/5304 5012/5279 5011/5278
f 5098/5365 5097/5364 5016/5283 5015/5282
f 5102/5369 5101/5368 5020/5287 5019/5286
f 5106/5373 5105/5372 5024/5291 5023/5290
f 5042/5309 5041/5308 5028/5295 5027/5294
f 5046/5313 5045/5312 5032/5299 5031/5298
f 5050/5317 5049/5316 5036/5303 5035/5302
f 4952/5219 4951/5218 5040/5307 5039/5306
f 4956/5223 4955/5222 5044/5311 5043/5310
f 4960/5227 4959/5226 5048/5315 5047/5314
f 5006/5273 5005/5272 5052/5319 5051/5318
f 5014/5281 5013/5280 5060/5327 5059/5326
f 5018/5285 5017/5284 5064/5331 5063/5330
f 5022/5289 5021/5288 5068/5335 5067/5334
f 5026/5293 5025/5292 5072/5339 5071/5338
f 5054/5321 5053/5320 5107/5374 5108/5375
f 5058/5325 5057/5324 5076/5343 5075/5342
f 5062/5329 5061/5328 5080/5347 5079/5346
f 5109/5376 5110/5377 5084/5351 5083/5350
f 5078/5345 5077/5344 5088/5355 5087/5354
f 5082/5349 5081/5348 5092/5359 5091/5358
f 5086/5353 5085/5352 5096/5363 5095/5362
f 5090/5357 5089/5356 5100/5367 5099/5366
f 5094/5361 5093/5360 5104/5371 5103/5370
f 5111/5378 5112/5379 5113/5380 5114/5381
f 5115/5382 5116/5383 5117/5384 5118/5385
f 5119/5386 5120/5387 5121/5388 5122/5389
f 5123/5390 5124/5391 5125/5392 5126/5393
f 5127/5394 5128/5395 5129/5396 5130/5397
f 5131/5398 5132/5399 5133/5400 5134/5401
f 5135/5402 5136/5403 5137/5404 5138/5405
f 5139/5406 5140/5407 5141/5408 5142/5409
f 5143/5410 5144/5411 5145/5412 5146/5413
f 5147/5414 5148/5415 5149/5416 5150/5417
f 5151/5418 5152/5419 5153/5420 5154/5421
f 5155/5422 5156/5423 5157/5424 5158/5425
f 5159/5426 5160/5427 5161/5428 5162/5429
f 5163/5430 5164/5431 5165/5432 5166/5433
f 5167/5434 5168/5435 5169/5436 5170/5437
f 5171/5438 5172/5439 5173/5440 5174/5441
f 5175/5442 5176/5443 5177/5444 5178/5445
f 5179/5446 5180/5447 5181/5448 5182/5449
f 5183/5450 5184/5451 5185/5452 5186/5453
f 5187/5454 5188/5455 5189/5456 5190/5457
f 5191/5458 5192/5459 5193/5460 5194/5461
f 5195/5462 5196/5463 5197/5464 5198/5465
f 5199/5466 5200/5467 5201/5468 5202/5469
f 5203/5470 5204/5471 5205/5472 5206/5473
f 5198/5465 5197/5464 5112/5379 5111/5378
f 5202/5469 5201/5468 5116/5383 5115/5382
f 5206/5473 5205/5472 5120/5387 5119/5386
f 5207/5474 5208/5475 5124/5391 5123/5390
f 5209/5476 5210/5477 5128/5395 5127/5394
f 5211/5478 5212/5479 5132/5399 5131/5398
f 5126/5393 5125/5392 5136/5403 5135/5402
f 5130/5397 5129/5396 5140/5407 5139/5406
f 5134/5401 5133/5400 5144/5411 5143/5410
f 5114/5381 5113/5380 5148/5415 5147/5414
f 5118/5385 5117/5384 5152/5419 5151/5418
f 5122/5389 5121/5388 5156/5423 5155/5422
f 5138/5405 5137/5404 5160/5427 5159/5426
f 5142/5409 5141/5408 5164/5431 5163/5430
f 5146/5413 5145/5412 5168/5435 5167/5434
f 5162/5429 5161/5428 5172/5439 5171/5438
f 5166/5433 5165/5432 5176/5443 5175/5442
f 5170/5437 5169/5436 5180/5447 5179/5446
f 5150/5417 5149/5416 5184/5451 5183/5450
f 5154/5421 5153/5420 5188/5455 5187/5454
f 5158/5425 5157/5424 5192/5459 5191/5458
f 5174/5441 5173/5440 5196/5463 5195/5462
f 5178/5445 5177/5444 5200/5467 5199/5466
f 5182/5449 5181/5448 5204/5471 5203/5470
f 5190/5457 5189/5456 5213/5480 5214/5481
f 5194/5461 5193/5460 5215/5482 5216/5483
f 5217/5484 5218/5485 5219/5486 5220/5487
f 5221/5488 5222/5489 5223/5490 5224/5491
f 5225/5492 5226/5493 5227/5494 5228/5495
f 5229/5496 5230/5497 5231/5498 5232/5499
f 5233/5500 5234/5501 5235/5502 5236/5503
f 5237/5504 5238/5505 5239/5506 5240/5507
f 5241/5508 5242/5509 5243/5510 5244/5511
f 5245/5512 5246/5513 5247/5514 5248/5515
f 5249/5516 5250/5517 5251/5518 5252/5519
f 5253/5520 5254/5521 5255/5522 5256/5523
f 5257/5524 5258/5525 5259/5526 5260/5527
f 5261/5528 5262/5529 5263/5530 5264/5531
f 5265/5532 5266/5533 5267/5534 5268/5535
f 5269/5536 5270/5537 5271/5538 5272/5539
f 5273/5540 5274/5541 5275/5542 5276/5543
f 5277/5544 5278/5545 5279/5546 5280/5547
f 5281/5548 5282/5549 5283/5550 5284/5551
f 5285/5552 5286/5553 5287/5554 5288/5555
f 5289/5556 5290/5557 5291/5558 5292/5559
f 5293/5560 5294/5561 5295/5562 5296/5563
f 5297/5564 5298/5565 5299/5566 5300/5567
f 5301/5568 5302/5569 5303/5570 5304/5571
f 5305/5572 5306/5573 5307/5574 5308/5575
f 5309/5576 5310/5577 5311/5578 5312/5579
f 5313/5580 5314/5581 5208/5475 5207/5474
f 5315/5582 5316/5583 5210/5477 5209/5476
f 5317/5584 5318/5585 5212/5479 5211/5478
f 5304/5571 5303/5570 5218/5485 5217/5484
f 5308/5575 5307/5574 5222/5489 5221/5488
f 5312/5579 5311/5578 5226/5493 5225/5492
f 5319/5586 5320/5587 5230/5497 5229/5496
f 5321/5588 5322/5589 5234/5501 5233/5500
f 5323/5590 5324/5591 5238/5505 5237/5504
f 5232/5499 5231/5498 5242/5509 5241/5508
f 5236/5503 5235/5502 5246/5513 5245/5512
f 5240/5507 5239/5506 5250/5517 5249/5516
f 5220/5487 5219/5486 5254/5521 5253/5520
f 5224/5491 5223/5490 5258/5525 5257/5524
f 5228/5495 5227/5494 5262/5529 5261/5528
f 5244/5511 5243/5510 5266/5533 5265/5532
f 5248/5515 5247/5514 5270/5537 5269/5536
f 5252/5519 5251/5518 5274/5541 5273/5540
f 5268/5535 5267/5534 5278/5545 5277/5544
f 5272/5539 5271/5538 5282/5549 5281/5548
f 5276/5543 5275/5542 5286/5553 5285/5552
f 5256/5523 5255/5522 5290/5557 5289/5556
f 5280/5547 5279/5546 5302/5569 5301/5568
f 5284/5551 5283/5550 5306/5573 5305/5572
f 5288/5555 5287/5554 5310/5577 5309/5576
f 5292/5559 5291/5558 5314/5581 5313/5580
f 5296/5563 5295/5562 5316/5583 5315/5582
f 5300/5567 5299/5566 5318/5585 5317/5584
f 5325/5592 5326/5593 5327/5594 5328/5595
f 5329/5596 5330/5597 5331/5598 5332/5599
f 5333/5600 5334/5601 5335/5602 5336/5603
f 3441/3708 5337/5604 5338/5605 3443/3710
f 5339/5606 5340/5607 5341/5608 5342/5609
f 5343/5610 5344/5611 5345/5612 5346/5613
f 5347/5614 5348/5615 5349/5616 5350/5617
f 5351/5618 5352/5619 5353/5620 5354/5621
f 5355/5622 5356/5623 5357/5624 5358/5625
f 5359/5626 5360/5627 5361/5628 5362/5629
f 5363/5630 5364/5631 5365/5632 5366/5633
f 5367/5634 5368/5635 5369/5636 5370/5637
f 5371/5638 5372/5639 5373/5640 5374/5641
f 5375/5642 5376/5643 5377/5644 5378/5645
f 5379/5646 5380/5647 5381/5648 5382/5649
f 5383/5650 5384/5651 5385/5652 5386/5653
f 5387/5654 5388/5655 5389/5656 5390/5657
f 5391/5658 5392/5659 5393/5660 5394/5661
f 5395/5662 5396/5663 5397/5664 5398/5665
f 5399/5666 5400/5667 5401/5668 5402/5669
f 5403/5670 5404/5671 5405/5672 5406/5673
f 5407/5674 5408/5675 5409/5676 5410/5677
f 5411/5678 5412/5679 5413/5680 5414/5681
f 5415/5682 5416/5683 5417/5684 5418/5685
f 5419/5686 5420/5687 5421/5688 5422/5689
f 5423/5690 5424/5691 5425/5692 5426/5693
f 3467/3734 5427/5694 5428/5695 3469/3736
f 5429/5696 5430/5697 5431/5698 5432/5699
f 5433/5700 5434/5701 5435/5702 5436/5703
f 5437/5704 5438/5705 5439/5706 5440/5707
f 5441/5708 5442/5709 5443/5710 5444/5711
f 5445/5712 5446/5713 5447/5714 5448/5715
f 5449/5716 5450/5717 5451/5718 5452/5719
f 5453/5720 5454/5721 5455/5722 5456/5723
f 5457/5724 5458/5725 5459/5726 5460/5727
f 5461/5728 5462/5729 5463/5730 5464/5731
f 5465/5732 5466/5733 5467/5734 5468/5735
f 5469/5736 5470/5737 5471/5738 5472/5739
f 5473/5740 5474/5741 5475/5742 5476/5743
f 5477/5744 5478/5745 5479/5746 5480/5747
f 5481/5748 5482/5749 5483/5750 5484/5751
f 5485/5752 5486/5753 5487/5754 5488/5755
f 5489/5756 5490/5757 5491/5758 5492/5759
f 5493/5760 5494/5761 5495/5762 5496/5763
f 5497/5764 5498/5765 5499/5766 5500/5767
f 5501/5768 5502/5769 5503/5770 5504/5771
f 5505/5772 5506/5773 5507/5774 5508/5775
f 5509/5776 5510/5777 5511/5778 5512/5779
f 5513/5780 5514/5781 5515/5782 5516/5783
f 5517/5784 5518/5785 5519/5786 5520/5787
f 5521/5788 5522/5789 5523/5790 5524/5791
f 5525/5792 5526/5793 5527/5794 5528/5795
f 5529/5796 5530/5797 5531/5798 5532/5799
f 5533/5800 5534/5801 5535/5802 5536/5803
f 5537/5804 5538/5805 5539/5806 5540/5807
f 5541/5808 5542/5809 5543/5810 5544/5811
f 4675/4942 5545/5812 5546/5813 4678/4945
f 5547/5814 5536/5803 5535/5802 5548/5815
f 5549/5816 5550/5817 5551/5818 5552/5819
f 5111/5820 5436/5703 5435/5702 5553/5821
f 5554/5822 5504/5771 5503/5770 5555/5823
f 5556/5824 5444/5711 5443/5710 5557/5825
f 5123/5826 5464/5731 5463/5730 5558/5827
f 5559/5828 5560/5829 5561/5830 5562/5831
f 5563/5832 5564/5833 5565/5834 5566/5835
f 3479/5836 5484/5751 5483/5750 5567/5837
f 5568/5838 5569/5839 5570/5840 5571/5841
f 5572/5842 5448/5715 5447/5714 5573/5843
f 3483/3750 5516/5783 5515/5782 3485/3752
f 5574/5844 5468/5735 5467/5734 5575/5845
f 5576/5846 5440/5707 5439/5706 5577/5847
f 5578/5848 5488/5755 5487/5754 3489/5849
f 5147/5414 5508/5775 5507/5774 5150/5417
f 5579/5850 5580/5851 5581/5852 5582/5853
f 5583/5854 5452/5719 5451/5718 5584/5855
f 5585/5856 5472/5739 5471/5738 5586/5857
f 5587/5858 5588/5859 5589/5860 5590/5861
f 5591/5862 5592/5863 5593/5864 5594/5865
f 5595/5866 5492/5759 5491/5758 5596/5867
f 5597/5868 5598/5869 5599/5870 5600/5871
f 5601/5872 5602/5873 5603/5874 5604/5875
f 3496/3763 5528/5795 5527/5794 3497/3764
f 5605/5876 5606/5877 5607/5878 5608/5879
f 5609/5880 5456/5723 5455/5722 5610/5881
f 5611/5882 5476/5743 5475/5742 5612/5883
f 5183/5450 5520/5787 5519/5786 5186/5453
f 5613/5884 5614/5885 5615/5886 5616/5887
f 3499/5888 5496/5763 5495/5762 5617/5889
f 5618/5890 5619/5891 5620/5892 5621/5893
f 5622/5894 5512/5779 5511/5778 5623/5895
f 4735/5002 5624/5896 5625/5897 4738/5005
f 5626/5898 5627/5899 5628/5900 5629/5901
f 5630/5902 5631/5903 5632/5904 5633/5905
f 5634/5906 5460/5727 5459/5726 5635/5907
f 5636/5908 5480/5747 5479/5746 5198/5909
f 5637/5910 5638/5911 5639/5912 5640/5913
f 5641/5914 5642/5915 5643/5916 5644/5917
f 5645/5918 5500/5767 5499/5766 5646/5919
f 5647/5920 5648/5921 5649/5922 5650/5923
f 5651/5924 5532/5799 5531/5798 5652/5925
f 5653/5926 5432/5699 5431/5698 5654/5927
f 5655/5928 5656/5929 5657/5930 5658/5931
f 5659/5932 5524/5791 5523/5790 5660/5933
f 5661/5934 5662/5935 5663/5936 5664/5937
f 5665/5938 5666/5939 5667/5940 4762/5941
f 5668/5942 5669/5943 5670/5944 5671/5945
f 4771/5038 5672/5946 5673/5947 4774/5041
f 5674/5948 5675/5949 5676/5950 5677/5951
f 5394/5661 5393/5660 5326/5593 5325/5592
f 5678/5952 5394/5661 5325/5592 5679/5953
f 5679/5953 5325/5592 5328/5595 5680/5954
f 5374/5641 5373/5640 5330/5597 5329/5596
f 5681/5955 5374/5641 5329/5596 5682/5956
f 5682/5956 5329/5596 5332/5599 5683/5957
f 5354/5621 5353/5620 5334/5601 5333/5600
f 5684/5958 5354/5621 5333/5600 5685/5959
f 5685/5959 5333/5600 5336/5603 5686/5960
f 3440/3707 5687/5961 5337/5604 3441/3708
f 5688/5962 3440/3707 3441/3708 5689/5963
f 5689/5963 3441/3708 3443/3710 5690/5964
f 3443/3710 5338/5605 5340/5607 5339/5606
f 5690/5964 3443/3710 5339/5606 5691/5965
f 5691/5965 5339/5606 5342/5609 5692/5966
f 5342/5609 5341/5608 5344/5611 5343/5610
f 5692/5966 5342/5609 5343/5610 5693/5967
f 5693/5967 5343/5610 5346/5613 5694/5968
f 5346/5613 5345/5612 5348/5615 5347/5614
f 5694/5968 5346/5613 5347/5614 5695/5969
f 5695/5969 5347/5614 5350/5617 5696/5970
f 5350/5617 5349/5616 5352/5619 5351/5618
f 5696/5970 5350/5617 5351/5618 5697/5971
f 5697/5971 5351/5618 5354/5621 5684/5958
f 5698/5972 5699/5973 5356/5623 5355/5622
f 5700/5974 5698/5972 5355/5622 5701/5975
f 5701/5975 5355/5622 5358/5625 5702/5976
f 5358/5625 5357/5624 5360/5627 5359/5626
f 5702/5976 5358/5625 5359/5626 4062/5977
f 4062/4329 5359/5626 5362/5629 4068/4335
f 5362/5629 5361/5628 5364/5631 5363/5630
f 4068/4335 5362/5629 5363/5630 5703/5978
f 5703/5978 5363/5630 5366/5633 5704/5979
f 5366/5633 5365/5632 5368/5635 5367/5634
f 5704/5979 5366/5633 5367/5634 5705/5980
f 5705/5980 5367/5634 5370/5637 5706/5981
f 5370/5637 5369/5636 5372/5639 5371/5638
f 5706/5981 5370/5637 5371/5638 5707/5982
f 5707/5982 5371/5638 5374/5641 5681/5955
f 5708/5983 5709/5984 5376/5643 5375/5642
f 4265/5985 5708/5983 5375/5642 5710/5986
f 5710/5986 5375/5642 5378/5645 5711/5987
f 5378/5645 5377/5644 5380/5647 5379/5646
f 5711/5987 5378/5645 5379/5646 5712/5988
f 5712/5988 5379/5646 5382/5649 5713/5989
f 5382/5649 5381/5648 5384/5651 5383/5650
f 5713/5989 5382/5649 5383/5650 5714/5990
f 5714/5990 5383/5650 5386/5653 5715/5991
f 5386/5653 5385/5652 5388/5655 5387/5654
f 5715/5991 5386/5653 5387/5654 5716/5992
f 5716/5992 5387/5654 5390/5657 5717/5993
f 5390/5657 5389/5656 5392/5659 5391/5658
f 5718/5994 5391/5658 5394/5661 5678/5952
f 5328/5595 5327/5594 5396/5663 5395/5662
f 5680/5954 5328/5595 5395/5662 5719/5995
f 5719/5995 5395/5662 5398/5665 5720/5996
f 5332/5599 5331/5598 5400/5667 5399/5666
f 5683/5957 5332/5599 5399/5666 5721/5997
f 5721/5997 5399/5666 5402/5669 5722/5998
f 5336/5603 5335/5602 5404/5671 5403/5670
f 5686/5960 5336/5603 5403/5670 5723/5999
f 5723/5999 5403/5670 5406/5673 5724/6000
f 5398/5665 5397/5664 5408/5675 5407/5674
f 5720/5996 5398/5665 5407/5674 5725/6001
f 5725/6001 5407/5674 5410/5677 4340/6002
f 5402/5669 5401/5668 5412/5679 5411/5678
f 5722/5998 5402/5669 5411/5678 4116/6003
f 4116/6003 5411/5678 5414/5681 4122/4389
f 5406/5673 5405/5672 5416/5683 5415/5682
f 5724/6000 5406/5673 5415/5682 5726/6004
f 5726/6004 5415/5682 5418/5685 5727/6005
f 5410/5677 5409/5676 5420/5687 5419/5686
f 4340/4607 5410/5677 5419/5686 4346/4613
f 4346/4613 5419/5686 5422/5689 4352/4619
f 5414/5681 5413/5680 5424/5691 5423/5690
f 4122/4389 5414/5681 5423/5690 4128/4395
f 4128/4395 5423/5690 5426/5693 4134/4401
f 5418/5685 5417/5684 5427/5694 3467/3734
f 5727/6005 5418/5685 3467/3734 5728/6006
f 5728/6006 3467/3734 3469/3736 5729/6007
f 5606/6008 5539/6009 5430/6010 5429/6011
f 5607/5878 5606/5877 5429/6011 5498/6012
f 5498/5765 5429/5696 5432/5699 5499/5766
f 5598/6013 5570/6014 5434/6015 5433/6016
f 5599/5870 5598/5869 5433/6016 5478/6017
f 5478/5745 5433/5700 5436/5703 5479/5746
f 5592/6018 5603/6019 5438/6020 5437/6021
f 5593/5864 5592/5863 5437/6021 5458/6022
f 5458/5725 5437/5704 5440/5707 5459/5726
f 5564/6023 5543/6024 5442/6025 5441/6026
f 5565/5834 5564/5833 5441/6026 5730/6027
f 5730/6028 5441/5708 5444/5711 5731/6029
f 5542/6030 5663/6031 5446/6032 5445/6033
f 5543/6024 5542/5809 5445/6033 5442/6025
f 5442/5709 5445/5712 5448/5715 5443/5710
f 5662/6034 5643/6035 5450/6036 5449/6037
f 5663/6031 5662/5935 5449/6037 5446/6032
f 5446/5713 5449/5716 5452/5719 5447/5714
f 5642/6038 5615/6039 5454/6040 5453/6041
f 5643/5916 5642/5915 5453/6041 5450/6036
f 5450/5717 5453/5720 5456/5723 5451/5718
f 5614/6042 5593/5864 5458/6022 5457/6043
f 5615/5886 5614/5885 5457/6043 5454/6040
f 5454/5721 5457/5724 5460/5727 5455/5722
f 5672/6044 5546/6045 5462/6046 5461/6047
f 5673/5947 5672/5946 5461/6047 5732/6048
f 5732/6049 5461/5728 5464/5731 5733/6050
f 5545/6051 5667/6052 5466/6053 5465/6054
f 5546/6045 5545/5812 5465/6054 5462/6046
f 5462/5729 5465/5732 5468/5735 5463/5730
f 5666/6055 5649/6056 5470/6057 5469/6058
f 5667/6052 5666/5939 5469/6058 5466/6053
f 5466/5733 5469/5736 5472/5739 5467/5734
f 5648/6059 5620/6060 5474/6061 5473/6062
f 5649/5922 5648/5921 5473/6062 5470/6057
f 5470/5737 5473/5740 5476/5743 5471/5738
f 5619/6063 5599/5870 5478/6017 5477/6064
f 5620/5892 5619/5891 5477/6064 5474/6061
f 5474/5741 5477/5744 5480/5747 5475/5742
f 5627/6065 5551/6066 5482/6067 5481/6068
f 5628/5900 5627/5899 5481/6068 5734/6069
f 5734/6070 5481/5748 5484/5751 5735/6071
f 5550/6072 5676/6073 5486/6074 5485/6075
f 5551/5818 5550/5817 5485/6075 5482/6067
f 5482/5749 5485/5752 5488/5755 5483/5750
f 5675/6076 5657/6077 5490/6078 5489/6079
f 5676/5950 5675/5949 5489/6079 5486/6074
f 5486/5753 5489/5756 5492/5759 5487/5754
f 5656/6080 5632/6081 5494/6082 5493/6083
f 5657/6077 5656/5929 5493/6083 5490/6078
f 5490/5757 5493/5760 5496/5763 5491/5758
f 5631/6084 5607/5878 5498/6012 5497/6085
f 5632/5904 5631/5903 5497/6085 5494/6082
f 5494/5761 5497/5764 5500/5767 5495/5762
f 5538/6086 5561/6087 5502/6088 5501/6089
f 5539/6009 5538/5805 5501/6089 5430/6010
f 5430/5697 5501/5768 5504/5771 5431/5698
f 5569/6090 5589/6091 5506/6092 5505/6093
f 5570/5840 5569/5839 5505/6093 5434/6015
f 5434/5701 5505/5772 5508/5775 5435/5702
f 5602/6094 5639/6095 5510/6096 5509/6097
f 5603/6019 5602/5873 5509/6097 5438/6020
f 5438/5705 5509/5776 5512/5779 5439/5706
f 5560/6098 5581/6099 5514/6100 5513/6101
f 5561/6087 5560/5829 5513/6101 5502/6088
f 5502/5769 5513/5780 5516/5783 5503/5770
f 5588/6102 5625/6103 5518/6104 5517/6105
f 5589/6091 5588/5859 5517/6105 5506/6092
f 5506/5773 5517/5784 5520/5787 5507/5774
f 5638/6106 5670/6107 5522/6108 5521/6109
f 5639/6095 5638/5911 5521/6109 5510/6096
f 5510/5777 5521/5788 5524/5791 5511/5778
f 5580/6110 5736/6111 5526/6112 5525/6113
f 5581/6099 5580/5851 5525/6113 5514/6100
f 5514/5781 5525/5792 5528/5795 5515/5782
f 5624/6114 5737/6115 5530/6116 5529/6117
f 5625/5897 5624/5896 5529/6117 5518/6104
f 5518/5785 5529/5796 5532/5799 5519/5786
f 5669/6118 5738/6119 5534/6120 5533/6121
f 5670/6107 5669/5943 5533/6121 5522/6108
f 5522/5789 5533/5800 5536/5803 5523/5790
f 5562/5831 5561/5830 5538/6086 5537/5804
f 5720/5996 5562/5831 5537/5804 5719/5995
f 5719/5995 5537/5804 5540/5807 5680/5954
f 5664/5937 5663/5936 5542/6030 5541/5808
f 5692/5966 5664/5937 5541/5808 5691/5965
f 5691/5965 5541/5808 5544/5811 5690/5964
f 4762/5029 5667/5940 5545/6051 4675/4942
f 4068/4335 4762/5029 4675/4942 4062/4329
f 4062/4329 4675/4942 4678/4945 5702/5976
f 5660/5933 5523/5790 5536/5803 5547/5814
f 5417/5684 5660/5933 5547/5814 5427/5694
f 5427/5694 5547/5814 5548/5815 5428/5695
f 5677/5951 5676/5950 5550/6072 5549/5816
f 5713/5989 5677/5951 5549/5816 5712/5988
f 5712/5988 5549/5816 5552/5819 5711/5987
f 5198/5465 5479/5746 5436/5703 5111/5378
f 5373/5640 5198/5465 5111/5378 5330/5597
f 5330/5597 5111/5378 5553/5821 5331/5598
f 5654/5927 5431/5698 5504/5771 5554/5822
f 5327/5594 5654/5927 5554/5822 5396/5663
f 5396/5663 5554/5822 5555/5823 5397/5664
f 5739/6122 5731/6029 5444/5711 5556/5824
f 5687/5961 5739/6122 5556/5824 5337/5604
f 5337/5604 5556/5824 5557/5825 5338/5605
f 5207/5474 5733/6050 5464/5731 5123/5390
f 5699/5973 5207/5474 5123/5390 5356/5623
f 5356/5623 5123/5390 5558/5827 5357/5624
f 5582/5853 5581/5852 5560/6098 5559/5828
f 4340/6002 5582/5853 5559/5828 5725/6001
f 5725/6001 5559/5828 5562/5831 5720/5996
f 5544/5811 5543/5810 5564/6023 5563/5832
f 5690/5964 5544/5811 5563/5832 5689/5963
f 5689/5963 5563/5832 5566/5835 5688/5962
f 3478/3745 5735/6071 5484/5751 3479/3746
f 5709/5984 3478/3745 3479/3746 5376/5643
f 5376/5643 3479/3746 5567/5837 5377/5644
f 5590/5861 5589/5860 5569/6090 5568/5838
f 5722/5998 5590/5861 5568/5838 5721/5997
f 5721/5997 5568/5838 5571/5841 5683/5957
f 5557/5825 5443/5710 5448/5715 5572/5842
f 5338/5605 5557/5825 5572/5842 5340/5607
f 5340/5607 5572/5842 5573/5843 5341/5608
f 5555/5823 5503/5770 5516/5783 3483/3750
f 5397/5664 5555/5823 3483/3750 5408/5675
f 5408/5675 3483/3750 3485/3752 5409/5676
f 5558/5827 5463/5730 5468/5735 5574/5844
f 5357/5624 5558/5827 5574/5844 5360/5627
f 5360/5627 5574/5844 5575/5845 5361/5628
f 5635/5907 5459/5726 5440/5707 5576/5846
f 5353/5620 5635/5907 5576/5846 5334/5601
f 5334/5601 5576/5846 5577/5847 5335/5602
f 5567/5837 5483/5750 5488/5755 5578/5848
f 5377/5644 5567/5837 5578/5848 5380/5647
f 5380/5647 5578/5848 3489/5849 5381/5648
f 5553/5821 5435/5702 5508/5775 5147/5414
f 5331/5598 5553/5821 5147/5414 5400/5667
f 5400/5667 5147/5414 5150/5417 5401/5668
f 5740/6123 5736/6111 5580/6110 5579/5850
f 4352/4619 5740/6123 5579/5850 4346/4613
f 4346/4613 5579/5850 5582/5853 4340/4607
f 5573/5843 5447/5714 5452/5719 5583/5854
f 5341/5608 5573/5843 5583/5854 5344/5611
f 5344/5611 5583/5854 5584/5855 5345/5612
f 5575/5845 5467/5734 5472/5739 5585/5856
f 5361/5628 5575/5845 5585/5856 5364/5631
f 5364/5631 5585/5856 5586/5857 5365/5632
f 4738/5005 5625/5897 5588/6102 5587/5858
f 4122/4389 4738/5005 5587/5858 4116/4383
f 4116/4383 5587/5858 5590/5861 5722/5998
f 5604/5875 5603/5874 5592/6018 5591/5862
f 5686/5960 5604/5875 5591/5862 5685/5959
f 5685/5959 5591/5862 5594/5865 5684/5958
f 3489/5849 5487/5754 5492/5759 5595/5866
f 5381/5648 3489/5849 5595/5866 5384/5651
f 5384/5651 5595/5866 5596/5867 5385/5652
f 5571/5841 5570/5840 5598/6013 5597/5868
f 5683/5957 5571/5841 5597/5868 5682/5956
f 5682/5956 5597/5868 5600/5871 5681/5955
f 5640/5913 5639/5912 5602/6094 5601/5872
f 5724/6000 5640/5913 5601/5872 5723/5999
f 5723/5999 5601/5872 5604/5875 5686/5960
f 3485/3752 5515/5782 5528/5795 3496/3763
f 5409/5676 3485/3752 3496/3763 5420/5687
f 5420/5687 3496/3763 3497/3764 5421/5688
f 5540/5807 5539/5806 5606/6008 5605/5876
f 5680/5954 5540/5807 5605/5876 5679/5953
f 5679/5953 5605/5876 5608/5879 5678/5952
f 5584/5855 5451/5718 5456/5723 5609/5880
f 5345/5612 5584/5855 5609/5880 5348/5615
f 5348/5615 5609/5880 5610/5881 5349/5616
f 5586/5857 5471/5738 5476/5743 5611/5882
f 5365/5632 5586/5857 5611/5882 5368/5635
f 5368/5635 5611/5882 5612/5883 5369/5636
f 5150/5417 5507/5774 5520/5787 5183/5450
f 5401/5668 5150/5417 5183/5450 5412/5679
f 5412/5679 5183/5450 5186/5453 5413/5680
f 5594/5865 5593/5864 5614/6042 5613/5884
f 5684/5958 5594/5865 5613/5884 5697/5971
f 5697/5971 5613/5884 5616/5887 5696/5970
f 5596/5867 5491/5758 5496/5763 3499/5888
f 5385/5652 5596/5867 3499/5888 5388/5655
f 5388/5655 3499/5888 5617/5889 5389/5656
f 5600/5871 5599/5870 5619/6063 5618/5890
f 5681/5955 5600/5871 5618/5890 5707/5982
f 5707/5982 5618/5890 5621/5893 5706/5981
f 5577/5847 5439/5706 5512/5779 5622/5894
f 5335/5602 5577/5847 5622/5894 5404/5671
f 5404/5671 5622/5894 5623/5895 5405/5672
f 5741/6124 5737/6115 5624/6114 4735/5002
f 4134/4401 5741/6124 4735/5002 4128/4395
f 4128/4395 4735/5002 4738/5005 4122/4389
f 5552/5819 5551/5818 5627/6065 5626/5898
f 5711/5987 5552/5819 5626/5898 5710/5986
f 5710/5986 5626/5898 5629/5901 4265/5985
f 5608/5879 5607/5878 5631/6084 5630/5902
f 5678/5952 5608/5879 5630/5902 5718/5994
f 5718/5994 5630/5902 5633/5905 5717/6125
f 5610/5881 5455/5722 5460/5727 5634/5906
f 5349/5616 5610/5881 5634/5906 5352/5619
f 5352/5619 5634/5906 5635/5907 5353/5620
f 5612/5883 5475/5742 5480/5747 5636/5908
f 5369/5636 5612/5883 5636/5908 5372/5639
f 5372/5639 5636/5908 5198/5909 5373/5640
f 5671/5945 5670/5944 5638/6106 5637/5910
f 5727/6005 5671/5945 5637/5910 5726/6004
f 5726/6004 5637/5910 5640/5913 5724/6000
f 5616/5887 5615/5886 5642/6038 5641/5914
f 5696/5970 5616/5887 5641/5914 5695/5969
f 5695/5969 5641/5914 5644/5917 5694/5968
f 5617/5889 5495/5762 5500/5767 5645/5918
f 5389/5656 5617/5889 5645/5918 5392/5659
f 5392/5659 5645/5918 5646/5919 5393/5660
f 5621/5893 5620/5892 5648/6059 5647/5920
f 5706/5981 5621/5893 5647/5920 5705/5980
f 5705/5980 5647/5920 5650/5923 5704/5979
f 5186/5453 5519/5786 5532/5799 5651/5924
f 5413/5680 5186/5453 5651/5924 5424/5691
f 5424/5691 5651/5924 5652/5925 5425/5692
f 5646/5919 5499/5766 5432/5699 5653/5926
f 5393/5660 5646/5919 5653/5926 5326/5593
f 5326/5593 5653/5926 5654/5927 5327/5594
f 5633/5905 5632/5904 5656/6080 5655/5928
f 5717/6125 5633/5905 5655/5928 5716/5992
f 5716/5992 5655/5928 5658/5931 5715/5991
f 5623/5895 5511/5778 5524/5791 5659/5932
f 5405/5672 5623/5895 5659/5932 5416/5683
f 5416/5683 5659/5932 5660/5933 5417/5684
f 5644/5917 5643/5916 5662/6034 5661/5934
f 5694/5968 5644/5917 5661/5934 5693/5967
f 5693/5967 5661/5934 5664/5937 5692/5966
f 5650/5923 5649/5922 5666/6055 5665/5938
f 5704/5979 5650/5923 5665/5938 5703/5978
f 5703/5978 5665/5938 4762/5941 4068/4335
f 5742/6126 5738/6119 5669/6118 5668/5942
f 5729/6007 5742/6126 5668/5942 5728/6006
f 5728/6006 5668/5942 5671/5945 5727/6005
f 4678/4945 5546/5813 5672/6044 4771/5038
f 5702/5976 4678/4945 4771/5038 5701/5975
f 5701/5975 4771/5038 4774/5041 5700/5974
f 5658/5931 5657/5930 5675/6076 5674/5948
f 5715/5991 5658/5931 5674/5948 5714/5990
f 5714/5990 5674/5948 5677/5951 5713/5989
f 5743/6127 5744/6128 5745/6129 5746/6130
f 5747/6131 5748/6132 5749/6133 5750/6134
f 3513/3780 5751/6135 5752/6136 3515/3782
f 5753/6137 5754/6138 5755/6139 5756/6140
f 5757/6141 5758/6142 5759/6143 5760/6144
f 5761/6145 5762/6146 5763/6147 5764/6148
f 5765/6149 5766/6150 5767/6151 5768/6152
f 5769/6153 5770/6154 5771/6155 5772/6156
f 5773/6157 5774/6158 5775/6159 5776/6160
f 5777/6161 5778/6162 5779/6163 5780/6164
f 5781/6165 5782/6166 5783/6167 5784/6168
f 5785/6169 5786/6170 5787/6171 5788/6172
f 5789/6173 5790/6174 5791/6175 5792/6176
f 5793/6177 5794/6178 5795/6179 5796/6180
f 5797/6181 5798/6182 5799/6183 5800/6184
f 5801/6185 5802/6186 5803/6187 5804/6188
f 5805/6189 5806/6190 5807/6191 5808/6192
f 5809/6193 5810/6194 5811/6195 5812/6196
f 5813/6197 5814/6198 5815/6199 5816/6200
f 5817/6201 5818/6202 5819/6203 5820/6204
f 3537/3804 5821/6205 5822/6206 3539/3806
f 5823/6207 5824/6208 5825/6209 5826/6210
f 5827/6211 5828/6212 5829/6213 5830/6214
f 3541/3808 5831/6215 5832/6216 3543/3810
f 5833/6217 5834/6218 5709/5984 5708/5983
f 5835/6219 5732/6049 5733/6050 5836/6220
f 3545/3812 5837/6221 5687/5961 3440/3707
f 5838/6222 5839/6223 5840/6224 5841/6225
f 5842/6226 5843/6227 5844/6228 5845/6229
f 5846/6230 5847/6231 5848/6232 5849/6233
f 5850/6234 5851/6235 5852/6236 5853/6237
f 5854/6238 5855/6239 5856/6240 5857/6241
f 5858/6242 5859/6243 5860/6244 5861/6245
f 5862/6246 5863/6247 5864/6248 5865/6249
f 5866/6250 5867/6251 5868/6252 5869/6253
f 5870/6254 5871/6255 5872/6256 5873/6257
f 5874/6258 5875/6259 5876/6260 5877/6261
f 5878/6262 5879/6263 5880/6264 5881/6265
f 5882/6266 5883/6267 5884/6268 5885/6269
f 5886/6270 5887/6271 5888/6272 5889/6273
f 5890/6274 5891/6275 5892/6276 5893/6277
f 5894/6278 5895/6279 5896/6280 5897/6281
f 5898/6282 5899/6283 5900/6284 5901/6285
f 5902/6286 5903/6287 5904/6288 5905/6289
f 5906/6290 5907/6291 5908/6292 5909/6293
f 5910/6294 5911/6295 5912/6296 5913/6297
f 5914/6298 5915/6299 5916/6300 5917/6301
f 5918/6302 5919/6303 5920/6304 5921/6305
f 5922/6306 5923/6307 5924/6308 5925/6309
f 5926/6310 5927/6311 5928/6312 5929/6313
f 5930/6314 5931/6315 5932/6316 5933/6317
f 5934/6318 5734/6070 5735/6071 5935/6319
f 5936/6320 5937/6321 5699/5973 5698/5972
f 5938/6322 5730/6028 5731/6029 5939/6323
f 5940/6324 5941/6325 5942/6326 5943/6327
f 5944/6328 5945/6329 5946/6330 5947/6331
f 4783/5050 5948/6332 5949/6333 4786/5053
f 5950/6334 5939/6323 5731/6029 5739/6122
f 5951/6335 5952/6336 5953/6337 5954/6338
f 5217/5484 5845/6229 5844/6228 5220/5487
f 3549/3816 5913/6297 5912/6296 3551/3818
f 5955/6339 5853/6237 5852/6236 5956/6340
f 5229/5496 5873/6257 5872/6256 5232/5499
f 5957/6341 5958/6342 5959/6343 5960/6344
f 5961/6345 5962/6346 5963/6347 5964/6348
f 3555/3822 5893/6277 5892/6276 3557/3824
f 4795/5062 5965/6349 5966/6350 4798/5065
f 5967/6351 5857/6241 5856/6240 5968/6352
f 3559/3826 5925/6309 5924/6308 3561/3828
f 5241/5508 5877/6261 5876/6260 5244/5511
f 5969/6353 5849/6233 5848/6232 5970/6354
f 3563/3830 5897/6281 5896/6280 3565/3832
f 5253/5520 5917/6301 5916/6300 5256/5523
f 5971/6355 5972/6356 5973/6357 5974/6358
f 5975/6359 5861/6245 5860/6244 5976/6360
f 5265/5532 5881/6265 5880/6264 5268/5535
f 4807/5074 5977/6361 5978/6362 4810/5077
f 5979/6363 5980/6364 5981/6365 5982/6366
f 3567/3834 5901/6285 5900/6284 3569/3836
f 4819/5086 5983/6367 5984/6368 4822/5089
f 5985/6369 5986/6370 5987/6371 5988/6372
f 5834/6218 3510/3777 3478/3745 5709/5984
f 5989/6373 5990/6374 5991/6375 5992/6376
f 5993/6377 5865/6249 5864/6248 5994/6378
f 5995/6379 5885/6269 5884/6268 5996/6380
f 5289/5556 5929/6313 5928/6312 5292/5559
f 5997/6381 5998/6382 5999/6383 6000/6384
f 3571/3838 5905/6289 5904/6288 3573/3840
f 6001/6385 6002/6386 6003/6387 4887/6388
f 6004/6389 5921/6305 5920/6304 6005/6390
f 4835/5102 6006/6391 6007/6392 4838/5105
f 6008/6393 6009/6394 6010/6395 6011/6396
f 6012/6397 6013/6398 6014/6399 6015/6400
f 6016/6401 5869/6253 5868/6252 6017/6402
f 5301/5568 5889/6273 5888/6272 5304/5571
f 6018/6403 6019/6404 6020/6405 6021/6406
f 6022/6407 6023/6408 6024/6409 6025/6410
f 6026/6411 5909/6293 5908/6292 6027/6412
f 4847/5114 6028/6413 6029/6414 4850/5117
f 6030/6415 5841/6225 5840/6224 6031/6416
f 6032/6417 6033/6418 6034/6419 6035/6420
f 6036/6421 5933/6317 5932/6316 6037/6422
f 6038/6423 6039/6424 6040/6425 6041/6426
f 4859/5126 6042/6427 6043/6428 4862/5129
f 6044/6429 6045/6430 6046/6431 6047/6432
f 4871/5138 6048/6433 6049/6434 4874/5141
f 6050/6435 6051/6436 6052/6437 6053/6438
f 5812/6196 5811/6195 5744/6128 5743/6127
f 4357/4624 5812/6196 5743/6127 4360/4627
f 4360/4627 5743/6127 5746/6130 4370/4637
f 5792/6176 5791/6175 5748/6132 5747/6131
f 6054/6439 5792/6176 5747/6131 4142/6440
f 4142/6440 5747/6131 5750/6134 6055/6441
f 5772/6156 5771/6155 5751/6135 3513/3780
f 6056/6442 5772/6156 3513/3780 6057/6443
f 6057/6443 3513/3780 3515/3782 6058/6444
f 6059/6445 6060/6446 5754/6138 5753/6137
f 6061/6447 6059/6445 5753/6137 6062/6448
f 6062/6448 5753/6137 5756/6140 6063/6449
f 5756/6140 5755/6139 5758/6142 5757/6141
f 6063/6449 5756/6140 5757/6141 6064/6450
f 6064/6450 5757/6141 5760/6144 6065/6451
f 5760/6144 5759/6143 5762/6146 5761/6145
f 6065/6451 5760/6144 5761/6145 6066/6452
f 6066/6452 5761/6145 5764/6148 6067/6453
f 5764/6148 5763/6147 5766/6150 5765/6149
f 6067/6453 5764/6148 5765/6149 6068/6454
f 6068/6454 5765/6149 5768/6152 6069/6455
f 5768/6152 5767/6151 5770/6154 5769/6153
f 6069/6455 5768/6152 5769/6153 6070/6456
f 6070/6456 5769/6153 5772/6156 6056/6442
f 6071/6457 6072/6458 5774/6158 5773/6157
f 4157/4424 6071/6457 5773/6157 4160/4427
f 4160/4427 5773/6157 5776/6160 4170/4437
f 5776/6160 5775/6159 5778/6162 5777/6161
f 4170/4437 5776/6160 5777/6161 4176/4443
f 4176/4443 5777/6161 5780/6164 4182/4449
f 5780/6164 5779/6163 5782/6166 5781/6165
f 4182/4449 5780/6164 5781/6165 4188/4455
f 4188/4455 5781/6165 5784/6168 4194/4461
f 5784/6168 5783/6167 5786/6170 5785/6169
f 4194/4461 5784/6168 5785/6169 4200/4467
f 4200/4467 5785/6169 5788/6172 6073/6459
f 5788/6172 5787/6171 5790/6174 5789/6173
f 6073/6459 5788/6172 5789/6173 6074/6460
f 6074/6460 5789/6173 5792/6176 6054/6439
f 6075/6461 6076/6462 5794/6178 5793/6177
f 4375/4642 6075/6461 5793/6177 4378/4645
f 4378/4645 5793/6177 5796/6180 4388/4655
f 5796/6180 5795/6179 5798/6182 5797/6181
f 4388/4655 5796/6180 5797/6181 4394/4661
f 4394/4661 5797/6181 5800/6184 4400/4667
f 5800/6184 5799/6183 5802/6186 5801/6185
f 4400/4667 5800/6184 5801/6185 6077/6463
f 6077/6463 5801/6185 5804/6188 6078/6464
f 5804/6188 5803/6187 5806/6190 5805/6189
f 6078/6464 5804/6188 5805/6189 4418/6465
f 4418/4685 5805/6189 5808/6192 4424/4691
f 5808/6192 5807/6191 5810/6194 5809/6193
f 4424/4691 5808/6192 5809/6193 4430/4697
f 4430/4697 5809/6193 5812/6196 4357/4624
f 5746/6130 5745/6129 5814/6198 5813/6197
f 4370/4637 5746/6130 5813/6197 4436/4703
f 4436/4703 5813/6197 5816/6200 4442/4709
f 5750/6134 5749/6133 5818/6202 5817/6201
f 6055/6441 5750/6134 5817/6201 6079/6466
f 6079/6466 5817/6201 5820/6204 6080/6467
f 3515/3782 5752/6136 5821/6205 3537/3804
f 6058/6444 3515/3782 3537/3804 6081/6468
f 6081/6468 3537/3804 3539/3806 6082/6469
f 5816/6200 5815/6199 5824/6208 5823/6207
f 4442/4709 5816/6200 5823/6207 4448/4715
f 4448/4715 5823/6207 5826/6210 4454/4721
f 5820/6204 5819/6203 5828/6212 5827/6211
f 6080/6467 5820/6204 5827/6211 4230/6470
f 4230/6470 5827/6211 5830/6214 4236/4503
f 3539/3806 5822/6206 5831/6215 3541/3808
f 6082/6469 3539/3806 3541/3808 6083/6471
f 6083/6471 3541/3808 3543/3810 6084/6472
f 5826/6210 5825/6209 5834/6218 5833/6217
f 4454/4721 5826/6210 5833/6217 4460/4727
f 4460/4727 5833/6217 5708/5983 4265/4532
f 5830/6214 5829/6213 5937/6321 5936/6320
f 4236/4503 5830/6214 5936/6320 6085/6473
f 6085/6473 5936/6320 5698/5972 5700/5974
f 3543/3810 5832/6216 5837/6221 3545/3812
f 6084/6472 3543/3810 3545/3812 6086/6474
f 5313/5580 5836/6220 5733/6050 5207/5474
f 5990/6475 5942/6476 5839/6477 5838/6478
f 5991/6375 5990/6374 5838/6478 5907/6479
f 5907/6291 5838/6222 5841/6225 5908/6292
f 5983/6480 5966/6481 5843/6482 5842/6483
f 5984/6368 5983/6367 5842/6483 5887/6484
f 5887/6271 5842/6226 5845/6229 5888/6272
f 5980/6485 5987/6486 5847/6487 5846/6488
f 5981/6365 5980/6364 5846/6488 5867/6489
f 5867/6251 5846/6230 5849/6233 5868/6252
f 5962/6490 5946/6491 5851/6492 5850/6493
f 5963/6347 5962/6346 5850/6493 6087/6494
f 6087/6495 5850/6234 5853/6237 6088/6496
f 5945/6497 6040/6498 5855/6499 5854/6500
f 5946/6330 5945/6329 5854/6500 5851/6492
f 5851/6235 5854/6238 5857/6241 5852/6236
f 6039/6501 6024/6502 5859/6503 5858/6504
f 6040/6498 6039/6424 5858/6504 5855/6499
f 5855/6239 5858/6242 5861/6245 5856/6240
f 6023/6505 5999/6506 5863/6507 5862/6508
f 6024/6502 6023/6408 5862/6508 5859/6503
f 5859/6243 5862/6246 5865/6249 5860/6244
f 5998/6509 5981/6365 5867/6489 5866/6510
f 5999/6383 5998/6382 5866/6510 5863/6507
f 5863/6247 5866/6250 5869/6253 5864/6248
f 6048/6511 5949/6512 5871/6513 5870/6514
f 6049/6434 6048/6433 5870/6514 6089/6515
f 6089/6516 5870/6254 5873/6257 6090/6517
f 5948/6518 6043/6519 5875/6520 5874/6521
f 5949/6512 5948/6332 5874/6521 5871/6513
f 5871/6255 5874/6258 5877/6261 5872/6256
f 6042/6522 6029/6523 5879/6524 5878/6525
f 6043/6428 6042/6427 5878/6525 5875/6520
f 5875/6259 5878/6262 5881/6265 5876/6260
f 6028/6526 6003/6527 5883/6528 5882/6529
f 6029/6523 6028/6413 5882/6529 5879/6524
f 5879/6263 5882/6266 5885/6269 5880/6264
f 6002/6530 5984/6368 5887/6484 5886/6531
f 6003/6387 6002/6386 5886/6531 5883/6528
f 5883/6267 5886/6270 5889/6273 5884/6268
f 6009/6532 5953/6533 5891/6534 5890/6535
f 6010/6395 6009/6394 5890/6535 6091/6536
f 6091/6537 5890/6274 5893/6277 6092/6538
f 5952/6539 6052/6540 5895/6541 5894/6542
f 5953/6337 5952/6336 5894/6542 5891/6534
f 5891/6275 5894/6278 5897/6281 5892/6276
f 6051/6543 6034/6544 5899/6545 5898/6546
f 6052/6540 6051/6436 5898/6546 5895/6541
f 5895/6279 5898/6282 5901/6285 5896/6280
f 6033/6547 6014/6548 5903/6549 5902/6550
f 6034/6419 6033/6418 5902/6550 5899/6545
f 5899/6283 5902/6286 5905/6289 5900/6284
f 6013/6551 5991/6375 5907/6479 5906/6552
f 6014/6548 6013/6398 5906/6552 5903/6549
f 5903/6287 5906/6290 5909/6293 5904/6288
f 5941/6553 5959/6554 5911/6555 5910/6556
f 5942/6326 5941/6325 5910/6556 5839/6477
f 5839/6223 5910/6294 5913/6297 5840/6224
f 5965/6557 5978/6558 5915/6559 5914/6560
f 5966/6350 5965/6349 5914/6560 5843/6482
f 5843/6227 5914/6298 5917/6301 5844/6228
f 5986/6561 6020/6562 5919/6563 5918/6564
f 5987/6371 5986/6370 5918/6564 5847/6487
f 5847/6231 5918/6302 5921/6305 5848/6232
f 5958/6565 5973/6566 5923/6567 5922/6568
f 5959/6554 5958/6342 5922/6568 5911/6555
f 5911/6295 5922/6306 5925/6309 5912/6296
f 5977/6569 6007/6570 5927/6571 5926/6572
f 5978/6558 5977/6361 5926/6572 5915/6559
f 5915/6299 5926/6310 5929/6313 5916/6300
f 6019/6573 6046/6574 5931/6575 5930/6576
f 6020/6562 6019/6404 5930/6576 5919/6563
f 5919/6303 5930/6314 5933/6317 5920/6304
f 5972/6577 5628/5900 5734/6069 5934/6578
f 5973/6566 5972/6356 5934/6578 5923/6567
f 5923/6307 5934/6318 5935/6319 5924/6308
f 6006/6579 5673/5947 5732/6048 5835/6580
f 6007/6392 6006/6391 5835/6580 5927/6571
f 5927/6311 5835/6219 5836/6220 5928/6312
f 6045/6581 5565/5834 5730/6027 5938/6582
f 6046/6431 6045/6430 5938/6582 5931/6575
f 5931/6315 5938/6322 5939/6323 5932/6316
f 5960/6344 5959/6343 5941/6553 5940/6324
f 4442/4709 5960/6344 5940/6324 4436/4703
f 4436/4703 5940/6324 5943/6327 4370/4637
f 6041/6426 6040/6425 5945/6497 5944/6328
f 6065/6451 6041/6426 5944/6328 6064/6450
f 6064/6450 5944/6328 5947/6331 6063/6449
f 4862/5129 6043/6428 5948/6518 4783/5050
f 4182/4449 4862/5129 4783/5050 4176/4443
f 4176/4443 4783/5050 4786/5053 4170/4437
f 6037/6422 5932/6316 5939/6323 5950/6334
f 5832/6216 6037/6422 5950/6334 5837/6221
f 6086/6474 3545/3812 3440/3707 5688/5962
f 6053/6438 6052/6437 5952/6539 5951/6335
f 4400/4667 6053/6438 5951/6335 4394/4661
f 4394/4661 5951/6335 5954/6338 4388/4655
f 5304/5571 5888/6272 5845/6229 5217/5484
f 5791/6175 5304/5571 5217/5484 5748/6132
f 5748/6132 5217/5484 5220/5487 5749/6133
f 6031/6416 5840/6224 5913/6297 3549/3816
f 5745/6129 6031/6416 3549/3816 5814/6198
f 5814/6198 3549/3816 3551/3818 5815/6199
f 6093/6583 6088/6496 5853/6237 5955/6339
f 6060/6446 6093/6583 5955/6339 5754/6138
f 5754/6138 5955/6339 5956/6340 5755/6139
f 5319/5586 6090/6517 5873/6257 5229/5496
f 6072/6458 5319/5586 5229/5496 5774/6158
f 5774/6158 5229/5496 5232/5499 5775/6159
f 5974/6358 5973/6357 5958/6565 5957/6341
f 4454/4721 5974/6358 5957/6341 4448/4715
f 4448/4715 5957/6341 5960/6344 4442/4709
f 5947/6331 5946/6330 5962/6490 5961/6345
f 6063/6449 5947/6331 5961/6345 6062/6448
f 6062/6448 5961/6345 5964/6348 6061/6447
f 3554/3821 6092/6538 5893/6277 3555/3822
f 6076/6462 3554/3821 3555/3822 5794/6178
f 5794/6178 3555/3822 3557/3824 5795/6179
f 4810/5077 5978/6362 5965/6557 4795/5062
f 6080/6467 4810/5077 4795/5062 6079/6466
f 6079/6466 4795/5062 4798/5065 6055/6441
f 5956/6340 5852/6236 5857/6241 5967/6351
f 5755/6139 5956/6340 5967/6351 5758/6142
f 5758/6142 5967/6351 5968/6352 5759/6143
f 3551/3818 5912/6296 5925/6309 3559/3826
f 5815/6199 3551/3818 3559/3826 5824/6208
f 5824/6208 3559/3826 3561/3828 5825/6209
f 5232/5499 5872/6256 5877/6261 5241/5508
f 5775/6159 5232/5499 5241/5508 5778/6162
f 5778/6162 5241/5508 5244/5511 5779/6163
f 6017/6402 5868/6252 5849/6233 5969/6353
f 5771/6155 6017/6402 5969/6353 5751/6135
f 5751/6135 5969/6353 5970/6354 5752/6136
f 3557/3824 5892/6276 5897/6281 3563/3830
f 5795/6179 3557/3824 3563/3830 5798/6182
f 5798/6182 3563/3830 3565/3832 5799/6183
f 5220/5487 5844/6228 5917/6301 5253/5520
f 5749/6133 5220/5487 5253/5520 5818/6202
f 5818/6202 5253/5520 5256/5523 5819/6203
f 5629/5901 5628/5900 5972/6577 5971/6355
f 4265/5985 5629/5901 5971/6355 4460/4727
f 4460/4727 5971/6355 5974/6358 4454/4721
f 5968/6352 5856/6240 5861/6245 5975/6359
f 5759/6143 5968/6352 5975/6359 5762/6146
f 5762/6146 5975/6359 5976/6360 5763/6147
f 5244/5511 5876/6260 5881/6265 5265/5532
f 5779/6163 5244/5511 5265/5532 5782/6166
f 5782/6166 5265/5532 5268/5535 5783/6167
f 4838/5105 6007/6392 5977/6569 4807/5074
f 4236/4503 4838/5105 4807/5074 4230/4497
f 4230/6470 4807/5074 4810/5077 6080/6467
f 5988/6372 5987/6371 5980/6485 5979/6363
f 6058/6444 5988/6372 5979/6363 6057/6443
f 6057/6443 5979/6363 5982/6366 6056/6442
f 3565/3832 5896/6280 5901/6285 3567/3834
f 5799/6183 3565/3832 3567/3834 5802/6186
f 5802/6186 3567/3834 3569/3836 5803/6187
f 4798/5065 5966/6350 5983/6480 4819/5086
f 6055/6441 4798/5065 4819/5086 4142/6440
f 4142/6440 4819/5086 4822/5089 6054/6439
f 6021/6406 6020/6405 5986/6561 5985/6369
f 6082/6469 6021/6406 5985/6369 6081/6468
f 6081/6468 5985/6369 5988/6372 6058/6444
f 3561/3828 5924/6308 5935/6319 3510/3777
f 5825/6209 3561/3828 3510/3777 5834/6218
f 3510/3777 5935/6319 5735/6071 3478/3745
f 5943/6327 5942/6326 5990/6475 5989/6373
f 4370/4637 5943/6327 5989/6373 4360/4627
f 4360/4627 5989/6373 5992/6376 4357/4624
f 5976/6360 5860/6244 5865/6249 5993/6377
f 5763/6147 5976/6360 5993/6377 5766/6150
f 5766/6150 5993/6377 5994/6378 5767/6151
f 5268/5535 5880/6264 5885/6269 5995/6379
f 5783/6167 5268/5535 5995/6379 5786/6170
f 5786/6170 5995/6379 5996/6380 5787/6171
f 5256/5523 5916/6300 5929/6313 5289/5556
f 5819/6203 5256/5523 5289/5556 5828/6212
f 5828/6212 5289/5556 5292/5559 5829/6213
f 5982/6366 5981/6365 5998/6509 5997/6381
f 6056/6442 5982/6366 5997/6381 6070/6456
f 6070/6456 5997/6381 6000/6384 6069/6455
f 3569/3836 5900/6284 5905/6289 3571/3838
f 5803/6187 3569/3836 3571/3838 5806/6190
f 5806/6190 3571/3838 3573/3840 5807/6191
f 4822/5089 5984/6368 6002/6530 6001/6385
f 6054/6439 4822/5089 6001/6385 6074/6460
f 6074/6460 6001/6385 4887/6388 6073/6459
f 5970/6354 5848/6232 5921/6305 6004/6389
f 5752/6136 5970/6354 6004/6389 5821/6205
f 5821/6205 6004/6389 6005/6390 5822/6206
f 4774/5041 5673/5947 6006/6579 4835/5102
f 5700/5974 4774/5041 4835/5102 6085/6473
f 6085/6473 4835/5102 4838/5105 4236/4503
f 5954/6338 5953/6337 6009/6532 6008/6393
f 4388/4655 5954/6338 6008/6393 4378/4645
f 4378/4645 6008/6393 6011/6396 4375/4642
f 5992/6376 5991/6375 6013/6551 6012/6397
f 4357/4624 5992/6376 6012/6397 4430/4697
f 4430/4697 6012/6397 6015/6400 4424/4691
f 5994/6378 5864/6248 5869/6253 6016/6401
f 5767/6151 5994/6378 6016/6401 5770/6154
f 5770/6154 6016/6401 6017/6402 5771/6155
f 5996/6380 5884/6268 5889/6273 5301/5568
f 5787/6171 5996/6380 5301/5568 5790/6174
f 5790/6174 5301/5568 5304/5571 5791/6175
f 6047/6432 6046/6431 6019/6573 6018/6403
f 6084/6472 6047/6432 6018/6403 6083/6471
f 6083/6471 6018/6403 6021/6406 6082/6469
f 6000/6384 5999/6383 6023/6505 6022/6407
f 6069/6455 6000/6384 6022/6407 6068/6454
f 6068/6454 6022/6407 6025/6410 6067/6453
f 3573/3840 5904/6288 5909/6293 6026/6411
f 5807/6191 3573/3840 6026/6411 5810/6194
f 5810/6194 6026/6411 6027/6412 5811/6195
f 4887/6388 6003/6387 6028/6526 4847/5114
f 6073/6459 4887/6388 4847/5114 4200/4467
f 4200/4467 4847/5114 4850/5117 4194/4461
f 5292/5559 5928/6312 5836/6220 5313/5580
f 5829/6213 5292/5559 5313/5580 5937/6321
f 5937/6321 5313/5580 5207/5474 5699/5973
f 6027/6412 5908/6292 5841/6225 6030/6415
f 5811/6195 6027/6412 6030/6415 5744/6128
f 5744/6128 6030/6415 6031/6416 5745/6129
f 6015/6400 6014/6399 6033/6547 6032/6417
f 4424/4691 6015/6400 6032/6417 4418/4685
f 4418/6465 6032/6417 6035/6420 6078/6464
f 6005/6390 5920/6304 5933/6317 6036/6421
f 5822/6206 6005/6390 6036/6421 5831/6215
f 5831/6215 6036/6421 6037/6422 5832/6216
f 6025/6410 6024/6409 6039/6501 6038/6423
f 6067/6453 6025/6410 6038/6423 6066/6452
f 6066/6452 6038/6423 6041/6426 6065/6451
f 4850/5117 6029/6414 6042/6522 4859/5126
f 4194/4461 4850/5117 4859/5126 4188/4455
f 4188/4455 4859/5126 4862/5129 4182/4449
f 5566/5835 5565/5834 6045/6581 6044/6429
f 5688/5962 5566/5835 6044/6429 6086/6474
f 6086/6474 6044/6429 6047/6432 6084/6472
f 4786/5053 5949/6333 6048/6511 4871/5138
f 4170/4437 4786/5053 4871/5138 4160/4427
f 4160/4427 4871/5138 4874/5141 4157/4424
f 6035/6420 6034/6419 6051/6543 6050/6435
f 6078/6464 6035/6420 6050/6435 6077/6463
f 6077/6463 6050/6435 6053/6438 4400/4667
f 5837/6221 5950/6334 5739/6122 5687/5961
f 6094/6584 6097/6585 6096/6586 6095/6587
f 6098/6588 6101/6589 6100/6590 6099/6591
f 6102/6592 6103/6593 6096/6586 6095/6587
f 6104/6594 6107/6595 6106/6596 6105/6597
f 6107/6595 6109/6598 6108/6599 6106/6596
f 6109/6598 6111/6600 6110/6601 6108/6599
f 6111/6600 6113/6602 6112/6603 6110/6601
f 6113/6602 6115/6604 6114/6605 6112/6603
f 6115/6604 6117/6606 6116/6607 6114/6605
f 6117/6606 6119/6608 6118/6609 6116/6607
f 6119/6608 6121/6610 6120/6611 6118/6609
f 6122/6612 6125/6613 6124/6614 6123/6615
f 6125/6613 6127/6616 6126/6617 6124/6614
f 6127/6616 6129/6618 6128/6619 6126/6617
f 6129/6618 6131/6620 6130/6621 6128/6619
f 6131/6620 6133/6622 6132/6623 6130/6621
f 6133/6622 6135/6624 6134/6625 6132/6623
f 6135/6624 6137/6626 6136/6627 6134/6625
f 6137/6626 6139/6628 6138/6629 6136/6627
f 6140/6630 6143/6631 6142/6632 6141/6633
f 6143/6631 6145/6634 6144/6635 6142/6632
f 6145/6634 6147/6636 6146/6637 6144/6635
f 6147/6636 6149/6638 6148/6639 6146/6637
f 6149/6638 6151/6640 6150/6641 6148/6639
f 6151/6640 6153/6642 6152/6643 6150/6641
f 6153/6642 6155/6644 6154/6645 6152/6643
f 6155/6644 6157/6646 6156/6647 6154/6645
f 6158/6648 6161/6649 6160/6650 6159/6651
f 6161/6649 6163/6652 6162/6653 6160/6650
f 6163/6652 6165/6654 6164/6655 6162/6653
f 6165/6654 6167/6656 6166/6657 6164/6655
f 6167/6656 6169/6658 6168/6659 6166/6657
f 6169/6658 6171/6660 6170/6661 6168/6659
f 6171/6660 6173/6662 6172/6663 6170/6661
f 6173/6662 6175/6664 6174/6665 6172/6663
f 6176/6666 6179/6667 6178/6668 6177/6669
f 6179/6667 6181/6670 6180/6671 6178/6668
f 6181/6670 6183/6672 6182/6673 6180/6671
f 6183/6672 6185/6674 6184/6675 6182/6673
f 6185/6674 6187/6676 6186/6677 6184/6675
f 6187/6676 6189/6678 6188/6679 6186/6677
f 6189/6678 6191/6680 6190/6681 6188/6679
f 6191/6680 6193/6682 6192/6683 6190/6681
f 6194/6684 6197/6685 6196/6686 6195/6687
f 6197/6685 6199/6688 6198/6689 6196/6686
f 6199/6688 6201/6690 6200/6691 6198/6689
f 6201/6690 6203/6692 6202/6693 6200/6691
f 6203/6692 6205/6694 6204/6695 6202/6693
f 6205/6694 6207/6696 6206/6697 6204/6695
f 6207/6696 6209/6698 6208/6699 6206/6697
f 6209/6698 6211/6700 6210/6701 6208/6699
f 6212/6702 6215/6703 6214/6704 6213/6705
f 6215/6703 6217/6706 6216/6707 6214/6704
f 6217/6706 6219/6708 6218/6709 6216/6707
f 6219/6708 6221/6710 6220/6711 6218/6709
f 6221/6710 6223/6712 6222/6713 6220/6711
f 6223/6712 6225/6714 6224/6715 6222/6713
f 6225/6714 6227/6716 6226/6717 6224/6715
f 6227/6716 6229/6718 6228/6719 6226/6717
f 6230/6720 6233/6721 6232/6722 6231/6723
f 6233/6721 6235/6724 6234/6725 6232/6722
f 6235/6724 6237/6726 6236/6727 6234/6725
f 6237/6726 6239/6728 6238/6729 6236/6727
f 6239/6728 6241/6730 6240/6731 6238/6729
f 6241/6730 6243/6732 6242/6733 6240/6731
f 6243/6732 6245/6734 6244/6735 6242/6733
f 6245/6734 6247/6736 6246/6737 6244/6735
f 6248/6738 6251/6739 6250/6740 6249/6741
f 6251/6739 6253/6742 6252/6743 6250/6740
f 6253/6742 6255/6744 6254/6745 6252/6743
f 6255/6744 6257/6746 6256/6747 6254/6745
f 6257/6746 6259/6748 6258/6749 6256/6747
f 6259/6748 6261/6750 6260/6751 6258/6749
f 6261/6750 6263/6752 6262/6753 6260/6751
f 6263/6752 6265/6754 6264/6755 6262/6753
f 6266/6756 6269/6757 6268/6758 6267/6759
f 6269/6757 6271/6760 6270/6761 6268/6758
f 6271/6760 6273/6762 6272/6763 6270/6761
f 6273/6762 6275/6764 6274/6765 6272/6763
f 6275/6764 6277/6766 6276/6767 6274/6765
f 6277/6766 6279/6768 6278/6769 6276/6767
f 6279/6768 6281/6770 6280/6771 6278/6769
f 6281/6770 6283/6772 6282/6773 6280/6771
f 6284/6774 6287/6775 6286/6776 6285/6777
f 6287/6775 6289/6778 6288/6779 6286/6776
f 6289/6778 6291/6780 6290/6781 6288/6779
f 6291/6780 6293/6782 6292/6783 6290/6781
f 6293/6782 6295/6784 6294/6785 6292/6783
f 6295/6784 6297/6786 6296/6787 6294/6785
f 6297/6786 6299/6788 6298/6789 6296/6787
f 6299/6788 6301/6790 6300/6791 6298/6789
f 6302/6792 6305/6793 6304/6794 6303/6795
f 6305/6793 6307/6796 6306/6797 6304/6794
f 6307/6796 6309/6798 6308/6799 6306/6797
f 6309/6798 6311/6800 6310/6801 6308/6799
f 6311/6800 6313/6802 6312/6803 6310/6801
f 6313/6802 6315/6804 6314/6805 6312/6803
f 6315/6804 6317/6806 6316/6807 6314/6805
f 6317/6806 6319/6808 6318/6809 6316/6807
f 6320/6810 6323/6811 6322/6812 6321/6813
f 6323/6811 6325/6814 6324/6815 6322/6812
f 6325/6814 6327/6816 6326/6817 6324/6815
f 6327/6816 6329/6818 6328/6819 6326/6817
f 6329/6818 6331/6820 6330/6821 6328/6819
f 6331/6820 6333/6822 6332/6823 6330/6821
f 6333/6822 6335/6824 6334/6825 6332/6823
f 6335/6824 6337/6826 6336/6827 6334/6825
f 6338/6828 6341/6829 6340/6830 6339/6831
f 6341/6829 6343/6832 6342/6833 6340/6830
f 6343/6832 6345/6834 6344/6835 6342/6833
f 6345/6834 6347/6836 6346/6837 6344/6835
f 6347/6836 6349/6838 6348/6839 6346/6837
f 6349/6838 6351/6840 6350/6841 6348/6839
f 6351/6840 6353/6842 6352/6843 6350/6841
f 6353/6842 6355/6844 6354/6845 6352/6843
f 6356/6846 6359/6847 6358/6848 6357/6849
f 6359/6847 6361/6850 6360/6851 6358/6848
f 6361/6850 6363/6852 6362/6853 6360/6851
f 6363/6852 6365/6854 6364/6855 6362/6853
f 6365/6854 6367/6856 6366/6857 6364/6855
f 6367/6856 6369/6858 6368/6859 6366/6857
f 6369/6858 6371/6860 6370/6861 6368/6859
f 6371/6860 6373/6862 6372/6863 6370/6861
f 6374/6864 6377/6865 6376/6866 6375/6867
f 6377/6865 6379/6868 6378/6869 6376/6866
f 6379/6868 6381/6870 6380/6871 6378/6869
f 6381/6870 6383/6872 6382/6873 6380/6871
f 6383/6872 6385/6874 6384/6875 6382/6873
f 6385/6874 6387/6876 6386/6877 6384/6875
f 6387/6876 6389/6878 6388/6879 6386/6877
f 6389/6878 6391/6880 6390/6881 6388/6879
f 6392/6882 6395/6883 6394/6884 6393/6885
f 6395/6883 6397/6886 6396/6887 6394/6884
f 6397/6886 6399/6888 6398/6889 6396/6887
f 6399/6888 6401/6890 6400/6891 6398/6889
f 6401/6890 6403/6892 6402/6893 6400/6891
f 6403/6892 6405/6894 6404/6895 6402/6893
f 6405/6894 6407/6896 6406/6897 6404/6895
f 6407/6896 6409/6898 6408/6899 6406/6897
f 6410/6900 6413/6901 6412/6902 6411/6903
f 6413/6901 6415/6904 6414/6905 6412/6902
f 6415/6904 6417/6906 6416/6907 6414/6905
f 6417/6906 6419/6908 6418/6909 6416/6907
f 6419/6908 6421/6910 6420/6911 6418/6909
f 6421/6910 6423/6912 6422/6913 6420/6911
f 6423/6912 6425/6914 6424/6915 6422/6913
f 6425/6914 6427/6916 6426/6917 6424/6915
f 6428/6918 6431/6919 6430/6920 6429/6921
f 6431/6919 6433/6922 6432/6923 6430/6920
f 6433/6922 6435/6924 6434/6925 6432/6923
f 6435/6924 6437/6926 6436/6927 6434/6925
f 6437/6926 6439/6928 6438/6929 6436/6927
f 6439/6928 6441/6930 6440/6931 6438/6929
f 6441/6930 6443/6932 6442/6933 6440/6931
f 6443/6932 6445/6934 6444/6935 6442/6933
f 6446/6936 6449/6937 6448/6938 6447/6939
f 6449/6937 6451/6940 6450/6941 6448/6938
f 6451/6940 6453/6942 6452/6943 6450/6941
f 6453/6942 6455/6944 6454/6945 6452/6943
f 6455/6944 6457/6946 6456/6947 6454/6945
f 6457/6946 6459/6948 6458/6949 6456/6947
f 6459/6948 6461/6950 6460/6951 6458/6949
f 6461/6950 6463/6952 6462/6953 6460/6951
f 6464/6954 6467/6955 6466/6956 6465/6957
f 6467/6955 6469/6958 6468/6959 6466/6956
f 6469/6958 6471/6960 6470/6961 6468/6959
f 6471/6960 6473/6962 6472/6963 6470/6961
f 6473/6962 6475/6964 6474/6965 6472/6963
f 6475/6964 6477/6966 6476/6967 6474/6965
f 6477/6966 6479/6968 6478/6969 6476/6967
f 6479/6968 6481/6970 6480/6971 6478/6969
f 6482/6972 6485/6973 6484/6974 6483/6975
f 6485/6973 6487/6976 6486/6977 6484/6974
f 6487/6976 6489/6978 6488/6979 6486/6977
f 6489/6978 6491/6980 6490/6981 6488/6979
f 6491/6980 6493/6982 6492/6983 6490/6981
f 6493/6982 6495/6984 6494/6985 6492/6983
f 6495/6984 6497/6986 6496/6987 6494/6985
f 6497/6986 6499/6988 6498/6989 6496/6987
f 6500/6990 6503/6991 6502/6992 6501/6993
f 6503/6991 6505/6994 6504/6995 6502/6992
f 6505/6994 6507/6996 6506/6997 6504/6995
f 6507/6996 6509/6998 6508/6999 6506/6997
f 6509/6998 6511/7000 6510/7001 6508/6999
f 6511/7000 6513/7002 6512/7003 6510/7001
f 6513/7002 6515/7004 6514/7005 6512/7003
f 6515/7004 6517/7006 6516/7007 6514/7005
f 6518/7008 6521/7009 6520/7010 6519/7011
f 6521/7009 6523/7012 6522/7013 6520/7010
f 6523/7012 6525/7014 6524/7015 6522/7013
f 6525/7014 6527/7016 6526/7017 6524/7015
f 6527/7016 6529/7018 6528/7019 6526/7017
f 6529/7018 6531/7020 6530/7021 6528/7019
f 6531/7020 6533/7022 6532/7023 6530/7021
f 6533/7022 6535/7024 6534/7025 6532/7023
f 6536/7026 6539/7027 6538/7028 6537/7029
f 6539/7027 6541/7030 6540/7031 6538/7028
f 6541/7030 6543/7032 6542/7033 6540/7031
f 6543/7032 6545/7034 6544/7035 6542/7033
f 6545/7034 6547/7036 6546/7037 6544/7035
f 6547/7036 6549/7038 6548/7039 6546/7037
f 6549/7038 6551/7040 6550/7041 6548/7039
f 6551/7040 6553/7042 6552/7043 6550/7041
f 6554/7044 6557/7045 6556/7046 6555/7047
f 6557/7045 6559/7048 6558/7049 6556/7046
f 6559/7048 6561/7050 6560/7051 6558/7049
f 6561/7050 6563/7052 6562/7053 6560/7051
f 6563/7052 6565/7054 6564/7055 6562/7053
f 6565/7054 6567/7056 6566/7057 6564/7055
f 6567/7056 6569/7058 6568/7059 6566/7057
f 6569/7058 6571/7060 6570/7061 6568/7059
f 6572/7062 6575/7063 6574/7064 6573/7065
f 6575/7063 6577/7066 6576/7067 6574/7064
f 6577/7066 6579/7068 6578/7069 6576/7067
f 6579/7068 6581/7070 6580/7071 6578/7069
f 6581/7070 6583/7072 6582/7073 6580/7071
f 6583/7072 6585/7074 6584/7075 6582/7073
f 6585/7074 6587/7076 6586/7077 6584/7075
f 6587/7076 6589/7078 6588/7079 6586/7077
f 6590/7080 6593/7081 6592/7082 6591/7083
f 6593/7081 6595/7084 6594/7085 6592/7082
f 6595/7084 6597/7086 6596/7087 6594/7085
f 6597/7086 6599/7088 6598/7089 6596/7087
f 6599/7088 6601/7090 6600/7091 6598/7089
f 6601/7090 6603/7092 6602/7093 6600/7091
f 6603/7092 6605/7094 6604/7095 6602/7093
f 6605/7094 6607/7096 6606/7097 6604/7095
f 6608/7098 6611/7099 6610/7100 6609/7101
f 6611/7099 6613/7102 6612/7103 6610/7100
f 6613/7102 6615/7104 6614/7105 6612/7103
f 6615/7104 6617/7106 6616/7107 6614/7105
f 6617/7106 6619/7108 6618/7109 6616/7107
f 6620/7110 6623/7111 6622/7112 6621/7113
f 6623/7111 6625/7114 6624/7115 6622/7112
f 6626/7116 6629/7117 6628/7118 6627/7119
f 6629/7117 6631/7120 6630/7121 6628/7118
f 6631/7120 6633/7122 6632/7123 6630/7121
f 6633/7122 6635/7124 6634/7125 6632/7123
f 6635/7124 6637/7126 6636/7127 6634/7125
f 6637/7126 6639/7128 6638/7129 6636/7127
f 6639/7128 6641/7130 6640/7131 6638/7129
f 6641/7130 6643/7132 6642/7133 6640/7131
f 6644/7134 6647/7135 6646/7136 6645/7137
f 6647/7135 6649/7138 6648/7139 6646/7136
f 6649/7138 6651/7140 6650/7141 6648/7139
f 6651/7140 6653/7142 6652/7143 6650/7141
f 6653/7142 6655/7144 6654/7145 6652/7143
f 6655/7144 6657/7146 6656/7147 6654/7145
f 6657/7146 6659/7148 6658/7149 6656/7147
f 6659/7148 6661/7150 6660/7151 6658/7149
f 6662/7152 6665/7153 6664/7154 6663/7155
f 6665/7153 6667/7156 6666/7157 6664/7154
f 6667/7156 6669/7158 6668/7159 6666/7157
f 6669/7158 6671/7160 6670/7161 6668/7159
f 6671/7160 6673/7162 6672/7163 6670/7161
f 6673/7162 6675/7164 6674/7165 6672/7163
f 6675/7164 6677/7166 6676/7167 6674/7165
f 6677/7166 6679/7168 6678/7169 6676/7167
f 6680/7170 6683/7171 6682/7172 6681/7173
f 6683/7171 6685/7174 6684/7175 6682/7172
f 6685/7174 6687/7176 6686/7177 6684/7175
f 6687/7176 6689/7178 6688/7179 6686/7177
f 6689/7178 6691/7180 6690/7181 6688/7179
f 6691/7180 6693/7182 6692/7183 6690/7181
f 6693/7182 6695/7184 6694/7185 6692/7183
f 6695/7184 6697/7186 6696/7187 6694/7185
f 6698/7188 6701/7189 6700/7190 6699/7191
f 6701/7189 6703/7192 6702/7193 6700/7190
f 6703/7192 6705/7194 6704/7195 6702/7193
f 6705/7194 6707/7196 6706/7197 6704/7195
f 6707/7196 6709/7198 6708/7199 6706/7197
f 6709/7198 6711/7200 6710/7201 6708/7199
f 6711/7200 6713/7202 6712/7203 6710/7201
f 6713/7202 6715/7204 6714/7205 6712/7203
f 6716/7206 6719/7207 6718/7208 6717/7209
f 6719/7207 6721/7210 6720/7211 6718/7208
f 6721/7210 6723/7212 6722/7213 6720/7211
f 6723/7212 6725/7214 6724/7215 6722/7213
f 6725/7214 6727/7216 6726/7217 6724/7215
f 6727/7216 6729/7218 6728/7219 6726/7217
f 6729/7218 6731/7220 6730/7221 6728/7219
f 6731/7220 6733/7222 6732/7223 6730/7221
f 6734/7224 6737/7225 6736/7226 6735/7227
f 6737/7225 6739/7228 6738/7229 6736/7226
f 6739/7228 6741/7230 6740/7231 6738/7229
f 6741/7230 6743/7232 6742/7233 6740/7231
f 6743/7232 6745/7234 6744/7235 6742/7233
f 6745/7234 6747/7236 6746/7237 6744/7235
f 6747/7236 6749/7238 6748/7239 6746/7237
f 6749/7238 6751/7240 6750/7241 6748/7239
f 6752/7242 6755/7243 6754/7244 6753/7245
f 6755/7243 6757/7246 6756/7247 6754/7244
f 6757/7246 6759/7248 6758/7249 6756/7247
f 6759/7248 6761/7250 6760/7251 6758/7249
f 6761/7250 6763/7252 6762/7253 6760/7251
f 6763/7252 6765/7254 6764/7255 6762/7253
f 6765/7254 6767/7256 6766/7257 6764/7255
f 6767/7256 6769/7258 6768/7259 6766/7257
f 6770/7260 6773/7261 6772/7262 6771/7263
f 6773/7261 6775/7264 6774/7265 6772/7262
f 6775/7264 6777/7266 6776/7267 6774/7265
f 6777/7266 6779/7268 6778/7269 6776/7267
f 6779/7268 6781/7270 6780/7271 6778/7269
f 6781/7270 6783/7272 6782/7273 6780/7271
f 6783/7272 6785/7274 6784/7275 6782/7273
f 6785/7274 6787/7276 6786/7277 6784/7275
f 6788/7278 6791/7279 6790/7280 6789/7281
f 6791/7279 6793/7282 6792/7283 6790/7280
f 6793/7282 6795/7284 6794/7285 6792/7283
f 6795/7284 6797/7286 6796/7287 6794/7285
f 6797/7286 6799/7288 6798/7289 6796/7287
f 6799/7288 6801/7290 6800/7291 6798/7289
f 6801/7290 6803/7292 6802/7293 6800/7291
f 6803/7292 6805/7294 6804/7295 6802/7293
f 6806/7296 6809/7297 6808/7298 6807/7299
f 6809/7297 6811/7300 6810/7301 6808/7298
f 6811/7300 6813/7302 6812/7303 6810/7301
f 6813/7302 6815/7304 6814/7305 6812/7303
f 6815/7304 6817/7306 6816/7307 6814/7305
f 6817/7306 6819/7308 6818/7309 6816/7307
f 6819/7308 6821/7310 6820/7311 6818/7309
f 6821/7310 6823/7312 6822/7313 6820/7311
f 6824/7314 6827/7315 6826/7316 6825/7317
f 6827/7315 6829/7318 6828/7319 6826/7316
f 6829/7318 6831/7320 6830/7321 6828/7319
f 6831/7320 6833/7322 6832/7323 6830/7321
f 6833/7322 6835/7324 6834/7325 6832/7323
f 6835/7324 6837/7326 6836/7327 6834/7325
f 6838/7328 6841/7329 6840/7330 6839/7331
f 6842/7332 6845/7333 6844/7334 6843/7335
f 6845/7333 6847/7336 6846/7337 6844/7334
f 6847/7336 6849/7338 6848/7339 6846/7337
f 6849/7338 6851/7340 6850/7341 6848/7339
f 6851/7340 6853/7342 6852/7343 6850/7341
f 6853/7342 6855/7344 6854/7345 6852/7343
f 6855/7344 6857/7346 6856/7347 6854/7345
f 6857/7346 6859/7348 6858/7349 6856/7347
f 6860/7350 6863/7351 6862/7352 6861/7353
f 6863/7351 6865/7354 6864/7355 6862/7352
f 6865/7354 6867/7356 6866/7357 6864/7355
f 6867/7356 6869/7358 6868/7359 6866/7357
f 6869/7358 6871/7360 6870/7361 6868/7359
f 6871/7360 6873/7362 6872/7363 6870/7361
f 6873/7362 6875/7364 6874/7365 6872/7363
f 6875/7364 6877/7366 6876/7367 6874/7365
f 6878/7368 6881/7369 6880/7370 6879/7371
f 6881/7369 6883/7372 6882/7373 6880/7370
f 6883/7372 6885/7374 6884/7375 6882/7373
f 6885/7374 6887/7376 6886/7377 6884/7375
f 6887/7376 6889/7378 6888/7379 6886/7377
f 6889/7378 6891/7380 6890/7381 6888/7379
f 6891/7380 6893/7382 6892/7383 6890/7381
f 6893/7382 6895/7384 6894/7385 6892/7383
f 6896/7386 6899/7387 6898/7388 6897/7389
f 6899/7387 6901/7390 6900/7391 6898/7388
f 6901/7390 6903/7392 6902/7393 6900/7391
f 6903/7392 6905/7394 6904/7395 6902/7393
f 6905/7394 6907/7396 6906/7397 6904/7395
f 6907/7396 6909/7398 6908/7399 6906/7397
f 6909/7398 6911/7400 6910/7401 6908/7399
f 6911/7400 6913/7402 6912/7403 6910/7401
f 6914/7404 6917/7405 6916/7406 6915/7407
f 6917/7405 6919/7408 6918/7409 6916/7406
f 6919/7408 6921/7410 6920/7411 6918/7409
f 6921/7410 6923/7412 6922/7413 6920/7411
f 6923/7412 6925/7414 6924/7415 6922/7413
f 6925/7414 6927/7416 6926/7417 6924/7415
f 6927/7416 6929/7418 6928/7419 6926/7417
f 6929/7418 6931/7420 6930/7421 6928/7419
f 6932/7422 6935/7423 6934/7424 6933/7425
f 6935/7423 6937/7426 6936/7427 6934/7424
f 6937/7426 6939/7428 6938/7429 6936/7427
f 6939/7428 6941/7430 6940/7431 6938/7429
f 6941/7430 6943/7432 6942/7433 6940/7431
f 6943/7432 6945/7434 6944/7435 6942/7433
f 6945/7434 6947/7436 6946/7437 6944/7435
f 6947/7436 6949/7438 6948/7439 6946/7437
f 6950/7440 6953/7441 6952/7442 6951/7443
f 6953/7441 6955/7444 6954/7445 6952/7442
f 6955/7444 6957/7446 6956/7447 6954/7445
f 6957/7446 6959/7448 6958/7449 6956/7447
f 6959/7448 6961/7450 6960/7451 6958/7449
f 6961/7450 6963/7452 6962/7453 6960/7451
f 6963/7452 6965/7454 6964/7455 6962/7453
f 6965/7454 6967/7456 6966/7457 6964/7455
f 6968/7458 6971/7459 6970/7460 6969/7461
f 6972/7462 6973/7463 6974/7464 6975/7465
f 6976/7466 6975/7465 6974/7464 6977/7467
f 6978/7468 6979/7469 6971/7459 6968/7458
f 6980/7470 6981/7471 6973/7472 6972/7473
f 6982/7474 6983/7475 6984/7476 6985/7477
f 6986/7478 6982/7474 6985/7477 6987/7479
f 6969/7461 6970/7460 6977/7467 6976/7466
f 6988/7480 6991/7481 6990/7482 6989/7483
f 6991/7481 6993/7484 6992/7485 6990/7482
f 6994/7486 6997/7487 6996/7488 6995/7489
f 6997/7487 6999/7490 6998/7491 6996/7488
f 7000/7492 7001/7493 7002/7494 7003/7495
f 7001/7493 7004/7496 7005/7497 7002/7494
f 7006/7498 7007/7499 7008/7500 7009/7501
f 7007/7499 7010/7502 7011/7503 7008/7500
f 7012/7504 7003/7495 7002/7494 7013/7505
f 7013/7505 7002/7494 7005/7497 7014/7506
f 7015/7507 7009/7501 7008/7500 7016/7508
f 7016/7508 7008/7500 7011/7503 7017/7509
f 6987/7479 6986/7478 6991/7481 6988/7480
f 6986/7478 7018/7510 6993/7484 6991/7481
f 7019/7511 7020/7512 6997/7487 6994/7486
f 7020/7512 7021/7513 6999/7490 6997/7487
f 6984/7476 6983/7475 7001/7514 7000/7515
f 6983/7475 7022/7516 7004/7517 7001/7514
f 7023/7518 7024/7519 7007/7520 7006/7521
f 7024/7519 7025/7522 7010/7523 7007/7520
f 7026/7524 6980/7525 7025/7526 7027/7527
f 7027/7527 7025/7526 7024/7519 7028/7528
f 7029/7529 7023/7530 7022/7531 7030/7532
f 7030/7532 7022/7531 6983/7475 6982/7474
f 6978/7533 7026/7524 7027/7527 7021/7534
f 7021/7513 7027/7527 7028/7528 7020/7512
f 7019/7535 7029/7529 7030/7532 7018/7536
f 7018/7536 7030/7532 6982/7474 6986/7478
f 6989/7483 6990/7482 7013/7505 7012/7504
f 6990/7482 7013/7505 7014/7506 6992/7485
f 6995/7489 7015/7507 7016/7508 6996/7488
f 6996/7488 6998/7491 7017/7509 7016/7508
f 6993/7484 6994/7486 6995/7489 6992/7485
f 7004/7496 7006/7498 7009/7501 7005/7497
f 7014/7506 7005/7497 7009/7501 7015/7507
f 7018/7510 7019/7535 6994/7486 6993/7484
f 7022/7516 7023/7530 7006/7521 7004/7517
f 7028/7528 7024/7519 7023/7518 7029/7529
f 7020/7512 7028/7528 7029/7529 7019/7511
f 6992/7485 7014/7506 7015/7507 6995/7489
f 6999/7490 6968/7458 6969/7461 6998/7491
f 7010/7502 6972/7462 6975/7465 7011/7503
f 7017/7509 7011/7503 6975/7465 6976/7466
f 7021/7513 6978/7533 6968/7458 6999/7490
f 7025/7522 6980/7525 6972/7473 7010/7523
f 6998/7491 6969/7461 6976/7466 7017/7509
f 7031/7537 6981/7471 6980/7470 7026/7524
f 6979/7469 7031/7537 7026/7524 6978/7468
f 7032/7538 7033/7539 7034/7540 7035/7541
f 7036/7542 7037/7543 7038/7544 7039/7545
f 7040/7546 7033/7539 7034/7540 7041/7547
f 7042/7548 7043/7549 7044/7550 7045/7551
f 7045/7551 7044/7550 7046/7552 7047/7553
f 7047/7553 7046/7552 7048/7554 7049/7555
f 7049/7555 7048/7554 7050/7556 7051/7557
f 7051/7557 7050/7556 7052/7558 7053/7559
f 7053/7559 7052/7558 7054/7560 7055/7561
f 7055/7561 7054/7560 7056/7562 7057/7563
f 7057/7563 7056/7562 7058/7564 7059/7565
f 7060/7566 7061/7567 7062/7568 7063/7569
f 7063/7569 7062/7568 7064/7570 7065/7571
f 7065/7571 7064/7570 7066/7572 7067/7573
f 7067/7573 7066/7572 7068/7574 7069/7575
f 7069/7575 7068/7574 7070/7576 7071/7577
f 7071/7577 7070/7576 7072/7578 7073/7579
f 7073/7579 7072/7578 7074/7580 7075/7581
f 7075/7581 7074/7580 7076/7582 7077/7583
f 7078/7584 7079/7585 7080/7586 7081/7587
f 7081/7587 7080/7586 7082/7588 7083/7589
f 7083/7589 7082/7588 7084/7590 7085/7591
f 7085/7591 7084/7590 7086/7592 7087/7593
f 7087/7593 7086/7592 7088/7594 7089/7595
f 7089/7595 7088/7594 7090/7596 7091/7597
f 7091/7597 7090/7596 7092/7598 7093/7599
f 7093/7599 7092/7598 7094/7600 7095/7601
f 7096/7602 7097/7603 7098/7604 7099/7605
f 7099/7605 7098/7604 7100/7606 7101/7607
f 7101/7607 7100/7606 7102/7608 7103/7609
f 7103/7609 7102/7608 7104/7610 7105/7611
f 7105/7611 7104/7610 7106/7612 7107/7613
f 7107/7613 7106/7612 7108/7614 7109/7615
f 7109/7615 7108/7614 7110/7616 7111/7617
f 7111/7617 7110/7616 7112/7618 7113/7619
f 7114/7620 7115/7621 7116/7622 7117/7623
f 7117/7623 7116/7622 7118/7624 7119/7625
f 7119/7625 7118/7624 7120/7626 7121/7627
f 7121/7627 7120/7626 7122/7628 7123/7629
f 7123/7629 7122/7628 7124/7630 7125/7631
f 7125/7631 7124/7630 7126/7632 7127/7633
f 7127/7633 7126/7632 7128/7634 7129/7635
f 7129/7635 7128/7634 7130/7636 7131/7637
f 7132/7638 7133/7639 7134/7640 7135/7641
f 7135/7641 7134/7640 7136/7642 7137/7643
f 7137/7643 7136/7642 7138/7644 7139/7645
f 7139/7645 7138/7644 7140/7646 7141/7647
f 7141/7647 7140/7646 7142/7648 7143/7649
f 7143/7649 7142/7648 7144/7650 7145/7651
f 7145/7651 7144/7650 7146/7652 7147/7653
f 7147/7653 7146/7652 7148/7654 7149/7655
f 7150/7656 7151/7657 7152/7658 7153/7659
f 7153/7659 7152/7658 7154/7660 7155/7661
f 7155/7661 7154/7660 7156/7662 7157/7663
f 7157/7663 7156/7662 7158/7664 7159/7665
f 7159/7665 7158/7664 7160/7666 7161/7667
f 7161/7667 7160/7666 7162/7668 7163/7669
f 7163/7669 7162/7668 7164/7670 7165/7671
f 7165/7671 7164/7670 7166/7672 7167/7673
f 7168/7674 7169/7675 7170/7676 7171/7677
f 7171/7677 7170/7676 7172/7678 7173/7679
f 7173/7679 7172/7678 7174/7680 7175/7681
f 7175/7681 7174/7680 7176/7682 7177/7683
f 7177/7683 7176/7682 7178/7684 7179/7685
f 7179/7685 7178/7684 7180/7686 7181/7687
f 7181/7687 7180/7686 7182/7688 7183/7689
f 7183/7689 7182/7688 7184/7690 7185/7691
f 7186/7692 7187/7693 7188/7694 7189/7695
f 7189/7695 7188/7694 7190/7696 7191/7697
f 7191/7697 7190/7696 7192/7698 7193/7699
f 7193/7699 7192/7698 7194/7700 7195/7701
f 7195/7701 7194/7700 7196/7702 7197/7703
f 7197/7703 7196/7702 7198/7704 7199/7705
f 7199/7705 7198/7704 7200/7706 7201/7707
f 7201/7707 7200/7706 7202/7708 7203/7709
f 7204/7710 7205/7711 7206/7712 7207/7713
f 7207/7713 7206/7712 7208/7714 7209/7715
f 7209/7715 7208/7714 7210/7716 7211/7717
f 7211/7717 7210/7716 7212/7718 7213/7719
f 7213/7719 7212/7718 7214/7720 7215/7721
f 7215/7721 7214/7720 7216/7722 7217/7723
f 7217/7723 7216/7722 7218/7724 7219/7725
f 7219/7725 7218/7724 7220/7726 7221/7727
f 7222/7728 7223/7729 7224/7730 7225/7731
f 7225/7731 7224/7730 7226/7732 7227/7733
f 7227/7733 7226/7732 7228/7734 7229/7735
f 7229/7735 7228/7734 7230/7736 7231/7737
f 7231/7737 7230/7736 7232/7738 7233/7739
f 7233/7739 7232/7738 7234/7740 7235/7741
f 7235/7741 7234/7740 7236/7742 7237/7743
f 7237/7743 7236/7742 7238/7744 7239/7745
f 7240/7746 7241/7747 7242/7748 7243/7749
f 7243/7749 7242/7748 7244/7750 7245/7751
f 7245/7751 7244/7750 7246/7752 7247/7753
f 7247/7753 7246/7752 7248/7754 7249/7755
f 7249/7755 7248/7754 7250/7756 7251/7757
f 7251/7757 7250/7756 7252/7758 7253/7759
f 7253/7759 7252/7758 7254/7760 7255/7761
f 7255/7761 7254/7760 7256/7762 7257/7763
f 7258/7764 7259/7765 7260/7766 7261/7767
f 7261/7767 7260/7766 7262/7768 7263/7769
f 7263/7769 7262/7768 7264/7770 7265/7771
f 7265/7771 7264/7770 7266/7772 7267/7773
f 7267/7773 7266/7772 7268/7774 7269/7775
f 7269/7775 7268/7774 7270/7776 7271/7777
f 7271/7777 7270/7776 7272/7778 7273/7779
f 7273/7779 7272/7778 7274/7780 7275/7781
f 7276/7782 7277/7783 7278/7784 7279/7785
f 7279/7785 7278/7784 7280/7786 7281/7787
f 7281/7787 7280/7786 7282/7788 7283/7789
f 7283/7789 7282/7788 7284/7790 7285/7791
f 7285/7791 7284/7790 7286/7792 7287/7793
f 7287/7793 7286/7792 7288/7794 7289/7795
f 7289/7795 7288/7794 7290/7796 7291/7797
f 7291/7797 7290/7796 7292/7798 7293/7799
f 7294/7800 7295/7801 7296/7802 7297/7803
f 7297/7803 7296/7802 7298/7804 7299/7805
f 7299/7805 7298/7804 7300/7806 7301/7807
f 7301/7807 7300/7806 7302/7808 7303/7809
f 7303/7809 7302/7808 7304/7810 7305/7811
f 7305/7811 7304/7810 7306/7812 7307/7813
f 7307/7813 7306/7812 7308/7814 7309/7815
f 7309/7815 7308/7814 7310/7816 7311/7817
f 7312/7818 7313/7819 7314/7820 7315/7821
f 7315/7821 7314/7820 7316/7822 7317/7823
f 7317/7823 7316/7822 7318/7824 7319/7825
f 7319/7825 7318/7824 7320/7826 7321/7827
f 7321/7827 7320/7826 7322/7828 7323/7829
f 7323/7829 7322/7828 7324/7830 7325/7831
f 7325/7831 7324/7830 7326/7832 7327/7833
f 7327/7833 7326/7832 7328/7834 7329/7835
f 7330/7836 7331/7837 7332/7838 7333/7839
f 7333/7839 7332/7838 7334/7840 7335/7841
f 7335/7841 7334/7840 7336/7842 7337/7843
f 7337/7843 7336/7842 7338/7844 7339/7845
f 7339/7845 7338/7844 7340/7846 7341/7847
f 7341/7847 7340/7846 7342/7848 7343/7849
f 7343/7849 7342/7848 7344/7850 7345/7851
f 7345/7851 7344/7850 7346/7852 7347/7853
f 7348/7854 7349/7855 7350/7856 7351/7857
f 7351/7857 7350/7856 7352/7858 7353/7859
f 7353/7859 7352/7858 7354/7860 7355/7861
f 7355/7861 7354/7860 7356/7862 7357/7863
f 7357/7863 7356/7862 7358/7864 7359/7865
f 7359/7865 7358/7864 7360/7866 7361/7867
f 7361/7867 7360/7866 7362/7868 7363/7869
f 7363/7869 7362/7868 7364/7870 7365/7871
f 7366/7872 7367/7873 7368/7874 7369/7875
f 7369/7875 7368/7874 7370/7876 7371/7877
f 7371/7877 7370/7876 7372/7878 7373/7879
f 7373/7879 7372/7878 7374/7880 7375/7881
f 7375/7881 7374/7880 7376/7882 7377/7883
f 7377/7883 7376/7882 7378/7884 7379/7885
f 7379/7885 7378/7884 7380/7886 7381/7887
f 7381/7887 7380/7886 7382/7888 7383/7889
f 7384/7890 7385/7891 7386/7892 7387/7893
f 7387/7893 7386/7892 7388/7894 7389/7895
f 7389/7895 7388/7894 7390/7896 7391/7897
f 7391/7897 7390/7896 7392/7898 7393/7899
f 7393/7899 7392/7898 7394/7900 7395/7901
f 7395/7901 7394/7900 7396/7902 7397/7903
f 7397/7903 7396/7902 7398/7904 7399/7905
f 7399/7905 7398/7904 7400/7906 7401/7907
f 7402/7908 7403/7909 7404/7910 7405/7911
f 7405/7911 7404/7910 7406/7912 7407/7913
f 7407/7913 7406/7912 7408/7914 7409/7915
f 7409/7915 7408/7914 7410/7916 7411/7917
f 7411/7917 7410/7916 7412/7918 7413/7919
f 7413/7919 7412/7918 7414/7920 7415/7921
f 7415/7921 7414/7920 7416/7922 7417/7923
f 7417/7923 7416/7922 7418/7924 7419/7925
f 7420/7926 7421/7927 7422/7928 7423/7929
f 7423/7929 7422/7928 7424/7930 7425/7931
f 7425/7931 7424/7930 7426/7932 7427/7933
f 7427/7933 7426/7932 7428/7934 7429/7935
f 7429/7935 7428/7934 7430/7936 7431/7937
f 7431/7937 7430/7936 7432/7938 7433/7939
f 7433/7939 7432/7938 7434/7940 7435/7941
f 7435/7941 7434/7940 7436/7942 7437/7943
f 7438/7944 7439/7945 7440/7946 7441/7947
f 7441/7947 7440/7946 7442/7948 7443/7949
f 7443/7949 7442/7948 7444/7950 7445/7951
f 7445/7951 7444/7950 7446/7952 7447/7953
f 7447/7953 7446/7952 7448/7954 7449/7955
f 7449/7955 7448/7954 7450/7956 7451/7957
f 7451/7957 7450/7956 7452/7958 7453/7959
f 7453/7959 7452/7958 7454/7960 7455/7961
f 7456/7962 7457/7963 7458/7964 7459/7965
f 7459/7965 7458/7964 7460/7966 7461/7967
f 7461/7967 7460/7966 7462/7968 7463/7969
f 7463/7969 7462/7968 7464/7970 7465/7971
f 7465/7971 7464/7970 7466/7972 7467/7973
f 7467/7973 7466/7972 7468/7974 7469/7975
f 7469/7975 7468/7974 7470/7976 7471/7977
f 7471/7977 7470/7976 7472/7978 7473/7979
f 7474/7980 7475/7981 7476/7982 7477/7983
f 7477/7983 7476/7982 7478/7984 7479/7985
f 7479/7985 7478/7984 7480/7986 7481/7987
f 7481/7987 7480/7986 7482/7988 7483/7989
f 7483/7989 7482/7988 7484/7990 7485/7991
f 7485/7991 7484/7990 7486/7992 7487/7993
f 7487/7993 7486/7992 7488/7994 7489/7995
f 7489/7995 7488/7994 7490/7996 7491/7997
f 7492/7998 7493/7999 7494/8000 7495/8001
f 7495/8001 7494/8000 7496/8002 7497/8003
f 7497/8003 7496/8002 7498/8004 7499/8005
f 7499/8005 7498/8004 7500/8006 7501/8007
f 7501/8007 7500/8006 7502/8008 7503/8009
f 7503/8009 7502/8008 7504/8010 7505/8011
f 7505/8011 7504/8010 7506/8012 7507/8013
f 7507/8013 7506/8012 7508/8014 7509/8015
f 7510/8016 7511/8017 7512/8018 7513/8019
f 7513/8019 7512/8018 7514/8020 7515/8021
f 7515/8021 7514/8020 7516/8022 7517/8023
f 7517/8023 7516/8022 7518/8024 7519/8025
f 7519/8025 7518/8024 7520/8026 7521/8027
f 7521/8027 7520/8026 7522/8028 7523/8029
f 7523/8029 7522/8028 7524/8030 7525/8031
f 7525/8031 7524/8030 7526/8032 7527/8033
f 7528/8034 7529/8035 7530/8036 7531/8037
f 7531/8037 7530/8036 7532/8038 7533/8039
f 7533/8039 7532/8038 7534/8040 7535/8041
f 7535/8041 7534/8040 7536/8042 7537/8043
f 7537/8043 7536/8042 7538/8044 7539/8045
f 7539/8045 7538/8044 7540/8046 7541/8047
f 7541/8047 7540/8046 7542/8048 7543/8049
f 7543/8049 7542/8048 7544/8050 7545/8051
f 7546/8052 7547/8053 7548/8054 7549/8055
f 7549/8055 7548/8054 7550/8056 7551/8057
f 7551/8057 7550/8056 7552/8058 7553/8059
f 7553/8059 7552/8058 7554/8060 7555/8061
f 7555/8061 7554/8060 7556/8062 7557/8063
f 7558/8064 7559/8065 7560/8066 7561/8067
f 7561/8067 7560/8066 7562/8068 7563/8069
f 7564/8070 7565/8071 7566/8072 7567/8073
f 7567/8073 7566/8072 7568/8074 7569/8075
f 7569/8075 7568/8074 7570/8076 7571/8077
f 7571/8077 7570/8076 7572/8078 7573/8079
f 7573/8079 7572/8078 7574/8080 7575/8081
f 7575/8081 7574/8080 7576/8082 7577/8083
f 7577/8083 7576/8082 7578/8084 7579/8085
f 7579/8085 7578/8084 7580/8086 7581/8087
f 7582/8088 7583/8089 7584/8090 7585/8091
f 7585/8091 7584/8090 7586/8092 7587/8093
f 7587/8093 7586/8092 7588/8094 7589/8095
f 7589/8095 7588/8094 7590/8096 7591/8097
f 7591/8097 7590/8096 7592/8098 7593/8099
f 7593/8099 7592/8098 7594/8100 7595/8101
f 7595/8101 7594/8100 7596/8102 7597/8103
f 7597/8103 7596/8102 7598/8104 7599/8105
f 7600/8106 7601/8107 7602/8108 7603/8109
f 7603/8109 7602/8108 7604/8110 7605/8111
f 7605/8111 7604/8110 7606/8112 7607/8113
f 7607/8113 7606/8112 7608/8114 7609/8115
f 7609/8115 7608/8114 7610/8116 7611/8117
f 7611/8117 7610/8116 7612/8118 7613/8119
f 7613/8119 7612/8118 7614/8120 7615/8121
f 7615/8121 7614/8120 7616/8122 7617/8123
f 7618/8124 7619/8125 7620/8126 7621/8127
f 7621/8127 7620/8126 7622/8128 7623/8129
f 7623/8129 7622/8128 7624/8130 7625/8131
f 7625/8131 7624/8130 7626/8132 7627/8133
f 7627/8133 7626/8132 7628/8134 7629/8135
f 7629/8135 7628/8134 7630/8136 7631/8137
f 7631/8137 7630/8136 7632/8138 7633/8139
f 7633/8139 7632/8138 7634/8140 7635/8141
f 7636/8142 7637/8143 7638/8144 7639/8145
f 7639/8145 7638/8144 7640/8146 7641/8147
f 7641/8147 7640/8146 7642/8148 7643/8149
f 7643/8149 7642/8148 7644/8150 7645/8151
f 7645/8151 7644/8150 7646/8152 7647/8153
f 7647/8153 7646/8152 7648/8154 7649/8155
f 7649/8155 7648/8154 7650/8156 7651/8157
f 7651/8157 7650/8156 7652/8158 7653/8159
f 7654/8160 7655/8161 7656/8162 7657/8163
f 7657/8163 7656/8162 7658/8164 7659/8165
f 7659/8165 7658/8164 7660/8166 7661/8167
f 7661/8167 7660/8166 7662/8168 7663/8169
f 7663/8169 7662/8168 7664/8170 7665/8171
f 7665/8171 7664/8170 7666/8172 7667/8173
f 7667/8173 7666/8172 7668/8174 7669/8175
f 7669/8175 7668/8174 7670/8176 7671/8177
f 7672/8178 7673/8179 7674/8180 7675/8181
f 7675/8181 7674/8180 7676/8182 7677/8183
f 7677/8183 7676/8182 7678/8184 7679/8185
f 7679/8185 7678/8184 7680/8186 7681/8187
f 7681/8187 7680/8186 7682/8188 7683/8189
f 7683/8189 7682/8188 7684/8190 7685/8191
f 7685/8191 7684/8190 7686/8192 7687/8193
f 7687/8193 7686/8192 7688/8194 7689/8195
f 7690/8196 7691/8197 7692/8198 7693/8199
f 7693/8199 7692/8198 7694/8200 7695/8201
f 7695/8201 7694/8200 7696/8202 7697/8203
f 7697/8203 7696/8202 7698/8204 7699/8205
f 7699/8205 7698/8204 7700/8206 7701/8207
f 7701/8207 7700/8206 7702/8208 7703/8209
f 7703/8209 7702/8208 7704/8210 7705/8211
f 7705/8211 7704/8210 7706/8212 7707/8213
f 7708/8214 7709/8215 7710/8216 7711/8217
f 7711/8217 7710/8216 7712/8218 7713/8219
f 7713/8219 7712/8218 7714/8220 7715/8221
f 7715/8221 7714/8220 7716/8222 7717/8223
f 7717/8223 7716/8222 7718/8224 7719/8225
f 7719/8225 7718/8224 7720/8226 7721/8227
f 7721/8227 7720/8226 7722/8228 7723/8229
f 7723/8229 7722/8228 7724/8230 7725/8231
f 7726/8232 7727/8233 7728/8234 7729/8235
f 7729/8235 7728/8234 7730/8236 7731/8237
f 7731/8237 7730/8236 7732/8238 7733/8239
f 7733/8239 7732/8238 7734/8240 7735/8241
f 7735/8241 7734/8240 7736/8242 7737/8243
f 7737/8243 7736/8242 7738/8244 7739/8245
f 7739/8245 7738/8244 7740/8246 7741/8247
f 7741/8247 7740/8246 7742/8248 7743/8249
f 7744/8250 7745/8251 7746/8252 7747/8253
f 7747/8253 7746/8252 7748/8254 7749/8255
f 7749/8255 7748/8254 7750/8256 7751/8257
f 7751/8257 7750/8256 7752/8258 7753/8259
f 7753/8259 7752/8258 7754/8260 7755/8261
f 7755/8261 7754/8260 7756/8262 7757/8263
f 7757/8263 7756/8262 7758/8264 7759/8265
f 7759/8265 7758/8264 7760/8266 7761/8267
f 7762/8268 7763/8269 7764/8270 7765/8271
f 7765/8271 7764/8270 7766/8272 7767/8273
f 7767/8273 7766/8272 7768/8274 7769/8275
f 7769/8275 7768/8274 7770/8276 7771/8277
f 7771/8277 7770/8276 7772/8278 7773/8279
f 7773/8279 7772/8278 7774/8280 7775/8281
f 7776/8282 7777/8283 7778/8284 7779/8285
f 7780/8286 7781/8287 7782/8288 7783/8289
f 7783/8289 7782/8288 7784/8290 7785/8291
f 7785/8291 7784/8290 7786/8292 7787/8293
f 7787/8293 7786/8292 7788/8294 7789/8295
f 7789/8295 7788/8294 7790/8296 7791/8297
f 7791/8297 7790/8296 7792/8298 7793/8299
f 7793/8299 7792/8298 7794/8300 7795/8301
f 7795/8301 7794/8300 7796/8302 7797/8303
f 7798/8304 7799/8305 7800/8306 7801/8307
f 7801/8307 7800/8306 7802/8308 7803/8309
f 7803/8309 7802/8308 7804/8310 7805/8311
f 7805/8311 7804/8310 7806/8312 7807/8313
f 7807/8313 7806/8312 7808/8314 7809/8315
f 7809/8315 7808/8314 7810/8316 7811/8317
f 7811/8317 7810/8316 7812/8318 7813/8319
f 7813/8319 7812/8318 7814/8320 7815/8321
f 7816/8322 7817/8323 7818/8324 7819/8325
f 7819/8325 7818/8324 7820/8326 7821/8327
f 7821/8327 7820/8326 7822/8328 7823/8329
f 7823/8329 7822/8328 7824/8330 7825/8331
f 7825/8331 7824/8330 7826/8332 7827/8333
f 7827/8333 7826/8332 7828/8334 7829/8335
f 7829/8335 7828/8334 7830/8336 7831/8337
f 7831/8337 7830/8336 7832/8338 7833/8339
f 7834/8340 7835/8341 7836/8342 7837/8343
f 7837/8343 7836/8342 7838/8344 7839/8345
f 7839/8345 7838/8344 7840/8346 7841/8347
f 7841/8347 7840/8346 7842/8348 7843/8349
f 7843/8349 7842/8348 7844/8350 7845/8351
f 7845/8351 7844/8350 7846/8352 7847/8353
f 7847/8353 7846/8352 7848/8354 7849/8355
f 7849/8355 7848/8354 7850/8356 7851/8357
f 7852/8358 7853/8359 7854/8360 7855/8361
f 7855/8361 7854/8360 7856/8362 7857/8363
f 7857/8363 7856/8362 7858/8364 7859/8365
f 7859/8365 7858/8364 7860/8366 7861/8367
f 7861/8367 7860/8366 7862/8368 7863/8369
f 7863/8369 7862/8368 7864/8370 7865/8371
f 7865/8371 7864/8370 7866/8372 7867/8373
f 7867/8373 7866/8372 7868/8374 7869/8375
f 7870/8376 7871/8377 7872/8378 7873/8379
f 7873/8379 7872/8378 7874/8380 7875/8381
f 7875/8381 7874/8380 7876/8382 7877/8383
f 7877/8383 7876/8382 7878/8384 7879/8385
f 7879/8385 7878/8384 7880/8386 7881/8387
f 7881/8387 7880/8386 7882/8388 7883/8389
f 7883/8389 7882/8388 7884/8390 7885/8391
f 7885/8391 7884/8390 7886/8392 7887/8393
f 7888/8394 7889/8395 7890/8396 7891/8397
f 7891/8397 7890/8396 7892/8398 7893/8399
f 7893/8399 7892/8398 7894/8400 7895/8401
f 7895/8401 7894/8400 7896/8402 7897/8403
f 7897/8403 7896/8402 7898/8404 7899/8405
f 7899/8405 7898/8404 7900/8406 7901/8407
f 7901/8407 7900/8406 7902/8408 7903/8409
f 7903/8409 7902/8408 7904/8410 7905/8411
f 7906/8412 7907/8413 7908/8414 7909/8415
f 7910/8416 7911/8417 7912/8418 7913/8419
f 7914/8420 7913/8419 7912/8418 7915/8421
f 7916/8422 7906/8412 7909/8415 7917/8423
f 7918/8424 7919/8425 7911/8426 7910/8427
f 7920/8428 7921/8429 7922/8430 7923/8431
f 7924/8432 7920/8428 7923/8431 7925/8433
f 7907/8413 7914/8420 7915/8421 7908/8414
f 7926/8434 7927/8435 7928/8436 7929/8437
f 7929/8437 7928/8436 7930/8438 7931/8439
f 7932/8440 7933/8441 7934/8442 7935/8443
f 7935/8443 7934/8442 7936/8444 7937/8445
f 7938/8446 7939/8447 7940/8448 7941/8449
f 7939/8447 7942/8450 7943/8451 7940/8448
f 7944/8452 7945/8453 7946/8454 7947/8455
f 7945/8453 7948/8456 7949/8457 7946/8454
f 7950/8458 7941/8449 7940/8448 7951/8459
f 7951/8459 7940/8448 7943/8451 7952/8460
f 7953/8461 7947/8455 7946/8454 7954/8462
f 7954/8462 7946/8454 7949/8457 7955/8463
f 7925/8433 7926/8434 7929/8437 7924/8432
f 7924/8432 7929/8437 7931/8439 7956/8464
f 7957/8465 7932/8440 7935/8443 7958/8466
f 7958/8466 7935/8443 7937/8445 7959/8467
f 7922/8430 7921/8429 7939/8468 7938/8469
f 7921/8429 7960/8470 7942/8471 7939/8468
f 7961/8472 7962/8473 7945/8474 7944/8475
f 7962/8473 7963/8476 7948/8477 7945/8474
f 7964/8478 7918/8479 7963/8480 7965/8481
f 7965/8481 7963/8480 7962/8473 7966/8482
f 7967/8483 7961/8484 7960/8485 7968/8486
f 7968/8486 7960/8485 7921/8429 7920/8428
f 7916/8487 7964/8478 7965/8481 7959/8488
f 7959/8467 7965/8481 7966/8482 7958/8466
f 7957/8489 7967/8483 7968/8486 7956/8490
f 7956/8490 7968/8486 7920/8428 7924/8432
f 7927/8435 7950/8458 7951/8459 7928/8436
f 7928/8436 7951/8459 7952/8460 7930/8438
f 7933/8441 7953/8461 7954/8462 7934/8442
f 7934/8442 7954/8462 7955/8463 7936/8444
f 7931/8439 7930/8438 7933/8441 7932/8440
f 7942/8450 7944/8452 7947/8455 7943/8451
f 7952/8460 7943/8451 7947/8455 7953/8461
f 7956/8464 7931/8439 7932/8440 7957/8489
f 7960/8470 7961/8484 7944/8475 7942/8471
f 7966/8482 7962/8473 7961/8472 7967/8483
f 7958/8466 7966/8482 7967/8483 7957/8465
f 7930/8438 7952/8460 7953/8461 7933/8441
f 7937/8445 7936/8444 7907/8413 7906/8412
f 7948/8456 7910/8416 7913/8419 7949/8457
f 7955/8463 7949/8457 7913/8419 7914/8420
f 7959/8467 7937/8445 7906/8412 7916/8487
f 7963/8476 7918/8479 7910/8427 7948/8477
f 7936/8444 7955/8463 7914/8420 7907/8413
f 7969/8491 7919/8425 7918/8424 7964/8478
f 7917/8423 7969/8491 7964/8478 7916/8422