# Exported from MakeClothes (TM)
# author Unknown
# license AGPL3 (see also http://www.makehuman.org/doc/node/external_tools_license.html)
# homepage http://www.makehuman.org/
v -0.0553 4.2230 -1.1164
v -0.0434 4.2244 -1.1197
v 0.0396 4.1155 -1.0622
v 0.0350 4.1073 -1.0579
v 0.1202 4.0136 -0.9663
v 0.1066 4.0096 -0.9651
v 0.1806 4.9493 -1.0143
v 0.1965 4.9593 -1.0265
v 0.1882 4.9151 -1.0495
v 0.1739 4.9085 -1.0396
v 0.1470 4.8070 -1.0529
v 0.1376 4.8033 -1.0432
v 0.0851 4.6839 -1.0537
v 0.0779 4.6782 -1.0375
v 0.0419 4.5781 -0.9846
v 0.0272 4.5705 -0.9730
v -0.0235 4.4971 -0.9649
v -0.0395 4.4959 -0.9574
v -0.0739 4.4348 -0.9727
v -0.0893 4.4360 -0.9683
v -0.1055 4.4050 -1.0205
v -0.1189 4.4021 -1.0151
v -0.1183 4.3820 -1.0825
v -0.1301 4.3751 -1.0740
v -0.1124 4.3304 -1.1180
v -0.1224 4.3246 -1.1108
v 0.1524 3.9301 -0.9159
v 0.1407 3.9288 -0.9162
v 0.1561 3.8559 -0.8937
v 0.1470 3.8565 -0.8934
v 0.1295 3.8143 -0.9123
v 0.1215 3.8117 -0.9078
v 0.0839 3.7549 -0.9276
v 0.0769 3.7533 -0.9212
v 0.0496 3.7053 -0.9153
v 0.0425 3.7043 -0.9120
v 0.0348 3.6778 -0.9146
v 0.0314 3.6775 -0.9118
v 0.2845 4.0382 -0.9990
v 0.2877 4.0304 -0.9864
v 0.2437 3.9505 -0.9844
v 0.2407 3.9569 -0.9957
v 0.1952 3.8647 -0.9404
v 0.1927 3.8709 -0.9512
v -0.0260 4.7671 -0.9077
v -0.0211 4.7624 -0.8921
v 0.0070 4.7286 -0.9141
v 0.0017 4.7323 -0.9306
v 0.0397 4.6822 -0.9353
v 0.0322 4.6855 -0.9538
v 0.1362 3.7879 -0.8813
v 0.1352 3.7923 -0.8885
v 0.0931 3.7531 -0.8674
v 0.0933 3.7552 -0.8727
v 0.0694 4.6500 -0.9876
v 0.0630 4.6530 -1.0044
v 0.0982 4.5719 -1.0054
v 0.0914 4.5741 -1.0194
v 0.0953 4.4773 -0.9627
v 0.0927 4.4791 -0.9776
v 0.1268 4.3957 -0.8848
v 0.1236 4.3984 -0.8980
v 0.0744 3.7135 -0.8823
v 0.0734 3.7128 -0.8781
v 0.0662 3.6864 -0.8922
v 0.0663 3.6868 -0.8955
v 0.1826 4.3360 -0.8368
v 0.1791 4.3397 -0.8482
v 0.2461 4.2765 -0.8111
v 0.2424 4.2828 -0.8244
v 0.2868 4.2060 -0.8352
v 0.2818 4.2133 -0.8512
v 0.3055 4.1461 -0.8928
v 0.3018 4.1573 -0.9103
v 0.3039 4.1033 -0.9506
v 0.3026 4.1141 -0.9668
v -0.0148 4.8134 -0.8579
v -0.0049 4.8051 -0.8430
v -0.0873 5.4179 -0.9704
v -0.0684 5.4212 -0.9709
v -0.0007 5.3074 -0.9659
v -0.0085 5.2994 -0.9666
v 0.0873 5.1973 -0.9194
v 0.0690 5.1946 -0.9211
v 0.2518 6.0096 -0.6199
v 0.2644 6.0116 -0.6244
v 0.2338 5.9684 -0.6407
v 0.2225 5.9655 -0.6309
v 0.1769 5.8922 -0.6271
v 0.1662 5.8943 -0.6176
v 0.1021 5.8334 -0.6515
v 0.0888 5.8356 -0.6444
v 0.0357 5.7765 -0.7155
v 0.0204 5.7715 -0.7281
v -0.0361 5.7141 -0.8151
v -0.0564 5.7151 -0.8138
v -0.1568 5.6488 -0.7677
v -0.1745 5.6503 -0.7569
v -0.1508 5.6146 -0.8278
v -0.1587 5.6120 -0.8289
v -0.1404 5.5910 -0.8926
v -0.1632 5.5814 -0.8882
v -0.1393 5.5344 -0.9377
v -0.1612 5.5253 -0.9369
v 0.1341 5.1048 -0.8958
v 0.1164 5.1049 -0.8979
v 0.1783 5.0370 -0.8931
v 0.1601 5.0376 -0.8934
v 0.2013 5.0218 -0.9370
v 0.1818 5.0162 -0.9314
v 0.2098 4.9932 -0.9695
v 0.1895 4.9871 -0.9623
v 0.2074 4.9772 -0.9997
v 0.1871 4.9693 -0.9896
v 0.3594 5.1914 -0.9178
v 0.3637 5.1831 -0.9075
v 0.2932 5.1130 -0.9539
v 0.2880 5.1207 -0.9626
v 0.2061 5.0393 -0.9508
v 0.2026 5.0474 -0.9605
v -0.0835 5.9875 -0.6005
v -0.0813 5.9843 -0.5883
v -0.0438 5.9515 -0.6005
v -0.0488 5.9557 -0.6133
v -0.0190 5.9118 -0.6294
v -0.0245 5.9158 -0.6411
v 0.1042 4.9574 -0.9087
v 0.1007 4.9638 -0.9181
v 0.0198 4.8843 -0.8709
v 0.0144 4.8919 -0.8825
v 0.0241 5.8516 -0.6736
v 0.0189 5.8556 -0.6834
v 0.0679 5.7815 -0.7009
v 0.0633 5.7847 -0.7107
v 0.1098 5.6975 -0.6852
v 0.1065 5.7007 -0.6975
v 0.1554 5.6083 -0.6356
v 0.1516 5.6129 -0.6480
v 0.2220 5.5396 -0.6043
v 0.2184 5.5448 -0.6153
v 0.2889 5.4715 -0.5947
v 0.2861 5.4786 -0.6081
v 0.3403 5.3756 -0.6380
v 0.3373 5.3859 -0.6533
v 0.3994 5.3018 -0.7142
v 0.3937 5.3148 -0.7271
v 0.4182 5.2412 -0.7905
v 0.4113 5.2578 -0.8065
v 0.1980 4.1817 -1.0649
v 0.2164 4.1787 -1.0614
v 0.1901 4.0864 -1.0753
v 0.1721 4.0892 -1.0788
v 0.2528 4.1723 -1.0541
v 0.2706 4.1690 -1.0505
v 0.2435 4.0777 -1.0641
v 0.2260 4.0806 -1.0676
v -0.1250 4.7557 -1.0620
v -0.1060 4.7556 -1.0550
v -0.0895 4.7123 -1.0962
v -0.1089 4.7134 -1.1039
v -0.0672 4.7548 -1.0387
v -0.0475 4.7540 -1.0296
v -0.0290 4.7067 -1.0664
v -0.0495 4.7089 -1.0772
v -0.0694 4.6649 -1.1414
v -0.0500 4.6661 -1.1326
v -0.0136 4.5815 -1.1373
v -0.0306 4.5799 -1.1473
v -0.0103 4.6677 -1.1126
v 0.0098 4.6683 -1.1019
v 0.0382 4.5854 -1.1051
v 0.0209 4.5842 -1.1161
v 0.0116 4.4722 -1.1124
v 0.0250 4.4754 -1.1002
v 0.0642 4.4063 -1.0326
v 0.0533 4.4050 -1.0498
v 0.0520 4.4817 -1.0756
v 0.0655 4.4849 -1.0635
v 0.0971 4.4100 -0.9812
v 0.0862 4.4087 -0.9983
v 0.0930 4.3465 -0.9585
v 0.1067 4.3491 -0.9479
v 0.1582 4.3012 -0.9140
v 0.1417 4.2979 -0.9198
v 0.1341 4.3540 -0.9265
v 0.1478 4.3565 -0.9159
v 0.2077 4.3109 -0.8967
v 0.1912 4.3076 -0.9025
v 0.1733 4.2381 -0.9364
v 0.1901 4.2401 -0.9354
v 0.2152 4.2082 -0.9983
v 0.1988 4.2073 -0.9983
v 0.2236 4.2443 -0.9335
v 0.2403 4.2463 -0.9324
v 0.2638 4.2109 -0.9981
v 0.2477 4.2101 -0.9982
v 0.1428 3.9978 -1.0512
v 0.1589 3.9961 -1.0513
v 0.1206 3.8995 -0.9919
v 0.1058 3.8990 -0.9887
v 0.1910 3.9921 -1.0505
v 0.2067 3.9902 -1.0505
v 0.1660 3.9016 -1.0008
v 0.1508 3.9008 -0.9974
v 0.0649 3.8079 -0.9198
v 0.0779 3.8092 -0.9209
v 0.0545 3.7515 -0.8970
v 0.0447 3.7480 -0.8965
v 0.1039 3.8119 -0.9226
v 0.1169 3.8132 -0.9238
v 0.0840 3.7620 -0.8985
v 0.0741 3.7585 -0.8979
v 0.0407 3.7078 -0.9135
v 0.0484 3.7096 -0.9115
v 0.0511 3.6862 -0.9161
v 0.0471 3.6857 -0.9172
v 0.0639 3.7132 -0.9074
v 0.0716 3.7149 -0.9055
v 0.0631 3.6879 -0.9127
v 0.0591 3.6874 -0.9138
v -0.1336 4.7955 -1.0140
v -0.1175 4.7949 -1.0095
v -0.0849 4.7932 -0.9997
v -0.0686 4.7924 -0.9944
v 0.2379 5.3620 -0.9214
v 0.2625 5.3573 -0.9174
v 0.2236 5.2606 -0.9834
v 0.1951 5.2676 -0.9870
v 0.3127 5.3478 -0.9085
v 0.3377 5.3432 -0.9041
v 0.3089 5.2395 -0.9726
v 0.2805 5.2465 -0.9762
v -0.1588 5.9893 -0.7075
v -0.1419 5.9869 -0.7016
v -0.1236 5.9394 -0.7575
v -0.1415 5.9403 -0.7640
v -0.1079 5.9820 -0.6895
v -0.0910 5.9796 -0.6836
v -0.0702 5.9366 -0.7378
v -0.0880 5.9375 -0.7443
v -0.1185 5.8667 -0.8017
v -0.0963 5.8685 -0.7942
v -0.0479 5.7851 -0.7976
v -0.0699 5.7812 -0.8070
v -0.0520 5.8720 -0.7791
v -0.0298 5.8738 -0.7717
v 0.0221 5.7970 -0.7696
v 0.0001 5.7930 -0.7789
v 0.0051 5.7020 -0.8219
v 0.0221 5.7049 -0.8092
v 0.0667 5.6391 -0.7724
v 0.0500 5.6399 -0.7880
v 0.0600 5.7105 -0.7838
v 0.0769 5.7133 -0.7711
v 0.1163 5.6366 -0.7256
v 0.0998 5.6375 -0.7412
v 0.1182 5.5750 -0.7317
v 0.1346 5.5741 -0.7195
v 0.1965 5.5092 -0.7055
v 0.1776 5.5080 -0.7132
v 0.1675 5.5724 -0.6950
v 0.1840 5.5716 -0.6827
v 0.2530 5.5129 -0.6825
v 0.2341 5.5117 -0.6902
v 0.2097 5.4329 -0.7571
v 0.2303 5.4335 -0.7535
v 0.2559 5.3886 -0.8280
v 0.2325 5.3913 -0.8338
v 0.2719 5.4347 -0.7458
v 0.2927 5.4354 -0.7420
v 0.3270 5.3806 -0.8101
v 0.3035 5.3833 -0.8159
v 0.1293 5.1878 -1.0142
v 0.1558 5.1821 -1.0127
v 0.0875 5.0926 -1.0079
v 0.0631 5.0938 -1.0078
v 0.2089 5.1708 -1.0095
v 0.2354 5.1652 -1.0078
v 0.1606 5.0889 -1.0084
v 0.1362 5.0901 -1.0082
v -0.0225 4.9886 -0.9492
v -0.0012 4.9900 -0.9524
v -0.0963 4.9130 -0.9493
v -0.1174 4.9088 -0.9516
v 0.0411 4.9929 -0.9587
v 0.0622 4.9943 -0.9619
v -0.0333 4.9257 -0.9425
v -0.0543 4.9215 -0.9448
v -0.1485 4.8534 -0.9748
v -0.1318 4.8537 -0.9663
v -0.0982 4.8544 -0.9493
v -0.0814 4.8547 -0.9408
v -0.1715 6.0177 -0.6767
v -0.1561 6.0148 -0.6737
v -0.1253 6.0090 -0.6678
v -0.1100 6.0061 -0.6648
v 0.2717 4.0606 -1.0360
v 0.2764 4.0533 -1.0238
v 0.2341 3.9696 -1.0174
v 0.2304 3.9759 -1.0286
v 0.1880 3.8834 -0.9720
v 0.1858 3.8896 -0.9828
v -0.0415 4.7814 -0.9558
v -0.0362 4.7765 -0.9394
v -0.0097 4.7404 -0.9656
v -0.0156 4.7446 -0.9837
v 0.0163 4.6927 -0.9934
v 0.0082 4.6966 -1.0139
v 0.1330 3.8013 -0.9029
v 0.1320 3.8057 -0.9103
v 0.0934 3.7593 -0.8831
v 0.0936 3.7614 -0.8884
v 0.0498 4.6593 -1.0390
v 0.0431 4.6625 -1.0565
v 0.0772 4.5789 -1.0487
v 0.0701 4.5815 -1.0638
v 0.0874 4.4826 -1.0072
v 0.0847 4.4844 -1.0220
v 0.1173 4.4035 -0.9244
v 0.1142 4.4061 -0.9377
v 0.0764 3.7148 -0.8907
v 0.0774 3.7154 -0.8950
v 0.0667 3.6874 -0.9019
v 0.0667 3.6878 -0.9051
v 0.1720 4.3475 -0.8710
v 0.1685 4.3513 -0.8824
v 0.2351 4.2953 -0.8510
v 0.2315 4.3016 -0.8644
v 0.2720 4.2271 -0.8834
v 0.2670 4.2343 -0.8994
v 0.2938 4.1791 -0.9457
v 0.2893 4.1901 -0.9631
v 0.2982 4.1351 -0.9992
v 0.2953 4.1454 -1.0151
v -0.0448 4.8383 -0.9025
v -0.0348 4.8301 -0.8876
v 0.3460 5.2160 -0.9487
v 0.3504 5.2078 -0.9384
v 0.2776 5.1363 -0.9801
v 0.2723 5.1440 -0.9888
v 0.1956 5.0635 -0.9797
v 0.1920 5.0716 -0.9893
v -0.0901 5.9969 -0.6373
v -0.0879 5.9937 -0.6251
v -0.0589 5.9643 -0.6390
v -0.0640 5.9686 -0.6518
v -0.0356 5.9237 -0.6645
v -0.0412 5.9277 -0.6762
v 0.0938 4.9765 -0.9369
v 0.0903 4.9829 -0.9462
v 0.0038 4.9071 -0.9056
v -0.0015 4.9147 -0.9171
v 0.0082 5.8636 -0.7030
v 0.0030 5.8675 -0.7128
v 0.0540 5.7913 -0.7306
v 0.0493 5.7945 -0.7404
v 0.0998 5.7068 -0.7218
v 0.0965 5.7099 -0.7340
v 0.1442 5.6221 -0.6728
v 0.1404 5.6267 -0.6852
v 0.2112 5.5551 -0.6373
v 0.2076 5.5604 -0.6484
v 0.2803 5.4928 -0.6348
v 0.2776 5.4999 -0.6481
v 0.3295 5.4062 -0.6857
v 0.3246 5.4162 -0.7027
v 0.3786 5.3404 -0.7559
v 0.3696 5.3529 -0.7716
v 0.3939 5.2903 -0.8418
v 0.3838 5.3064 -0.8608
v -0.0909 4.2169 -1.1067
v -0.0790 4.2182 -1.1100
v 0.0257 4.0898 -1.0468
v 0.0211 4.0817 -1.0422
v 0.0805 4.0023 -0.9593
v 0.0679 3.9987 -0.9582
v 0.1327 4.9194 -0.9778
v 0.1487 4.9294 -0.9900
v 0.1452 4.8953 -1.0198
v 0.1309 4.8886 -1.0099
v 0.1187 4.7957 -1.0236
v 0.1093 4.7920 -1.0138
v 0.0637 4.6665 -1.0042
v 0.0568 4.6605 -0.9872
v -0.0019 4.5552 -0.9491
v -0.0163 4.5474 -0.9370
v -0.0714 4.4934 -0.9421
v -0.0873 4.4923 -0.9346
v -0.1202 4.4387 -0.9595
v -0.1356 4.4399 -0.9550
v -0.1456 4.3962 -1.0043
v -0.1589 4.3933 -0.9987
v -0.1537 4.3607 -1.0579
v -0.1655 4.3538 -1.0493
v -0.1425 4.3117 -1.0975
v -0.1526 4.3060 -1.0903
v 0.1179 3.9274 -0.9133
v 0.1066 3.9263 -0.9137
v 0.1289 3.8586 -0.8906
v 0.1198 3.8593 -0.8905
v 0.1054 3.8067 -0.8969
v 0.0973 3.8040 -0.8925
v 0.0628 3.7502 -0.9078
v 0.0558 3.7487 -0.9015
v 0.0282 3.7024 -0.9056
v 0.0210 3.7014 -0.9024
v 0.0246 3.6769 -0.9060
v 0.0212 3.6767 -0.9032
v -0.1432 5.4074 -0.9680
v -0.1248 5.4110 -0.9691
v -0.0240 5.2834 -0.9682
v -0.0318 5.2755 -0.9689
v 0.0324 5.1888 -0.9246
v 0.0141 5.1861 -0.9264
v 0.2149 6.0125 -0.6232
v 0.2275 6.0140 -0.6250
v 0.1982 5.9742 -0.6648
v 0.1869 5.9717 -0.6581
v 0.1471 5.9103 -0.6946
v 0.1370 5.9120 -0.6856
v 0.0719 5.8425 -0.6888
v 0.0576 5.8450 -0.6737
v -0.0187 5.7703 -0.6650
v -0.0360 5.7660 -0.6569
v -0.0949 5.7167 -0.6828
v -0.1137 5.7169 -0.6766
v -0.1446 5.6552 -0.7184
v -0.1622 5.6567 -0.7133
v -0.1764 5.6063 -0.7879
v -0.1922 5.6032 -0.7838
v -0.2070 5.5611 -0.8703
v -0.2279 5.5503 -0.8659
v -0.2030 5.5060 -0.9324
v -0.2225 5.4955 -0.9284
v 0.0810 5.1054 -0.9022
v 0.0632 5.1056 -0.9045
v 0.1236 5.0386 -0.8941
v 0.1054 5.0392 -0.8945
v 0.1427 5.0050 -0.9200
v 0.1230 4.9994 -0.9144
v 0.1486 4.9748 -0.9477
v 0.1283 4.9687 -0.9404
v 0.1465 4.9534 -0.9694
v 0.1261 4.9454 -0.9594
v 0.1437 3.7679 -0.9174
v 0.1436 3.7652 -0.9101
v 0.0851 3.7056 -0.9072
v 0.0830 3.7066 -0.9111
v 0.1436 3.7600 -0.8957
v 0.1436 3.7575 -0.8886
v 0.0914 3.7024 -0.8952
v 0.0893 3.7035 -0.8992
v 0.0580 3.6758 -0.9121
v 0.0560 3.6765 -0.9148
v 0.0642 3.6737 -0.9039
v 0.0621 3.6744 -0.9066
v 0.3345 4.9029 -0.9884
v 0.3450 4.8884 -0.9751
v 0.3329 4.8306 -1.0008
v 0.3229 4.8455 -1.0169
v 0.3660 4.8596 -0.9486
v 0.3765 4.8452 -0.9354
v 0.3631 4.7863 -0.9522
v 0.3530 4.8010 -0.9684
v 0.2878 4.7374 -1.0226
v 0.2776 4.7491 -1.0368
v 0.3182 4.7022 -0.9799
v 0.3081 4.7140 -0.9941
v 0.2004 4.6166 -1.0216
v 0.1943 4.6209 -1.0328
v 0.2183 4.6039 -0.9879
v 0.2124 4.6081 -0.9991
v 0.1415 4.5604 -1.0105
v 0.1385 4.5630 -1.0203
v 0.1504 4.5527 -0.9811
v 0.1475 4.5552 -0.9909
v 0.0462 4.1910 -1.0425
v 0.0519 4.1877 -1.0304
v 0.1296 4.0978 -0.9718
v 0.1252 4.0984 -0.9807
v 0.0631 4.1814 -1.0063
v 0.0687 4.1783 -0.9943
v 0.1427 4.0957 -0.9458
v 0.1384 4.0964 -0.9547
v 0.2009 4.0194 -0.9139
v 0.1974 4.0192 -0.9200
v 0.2114 4.0193 -0.8966
v 0.2080 4.0192 -0.9026
v 0.0644 4.4941 -0.9532
v 0.0624 4.5002 -0.9653
v 0.0701 4.4754 -0.9170
v 0.0682 4.4816 -0.9291
v 0.0110 4.4222 -0.9351
v 0.0070 4.4280 -0.9470
v 0.0233 4.4046 -0.8995
v 0.0193 4.4105 -0.9114
v -0.0252 4.3607 -0.9408
v -0.0322 4.3656 -0.9510
v -0.0272 4.3267 -0.9942
v -0.0343 4.3328 -1.0073
v -0.0110 4.3508 -0.9205
v -0.0039 4.3458 -0.9103
v -0.0060 4.3082 -0.9550
v -0.0131 4.3143 -0.9681
v 0.2365 3.9582 -0.8979
v 0.2341 3.9583 -0.9038
v 0.2438 3.9574 -0.8806
v 0.2414 3.9576 -0.8865
v 0.2441 3.9173 -0.9050
v 0.2400 3.9193 -0.9130
v 0.2569 3.9111 -0.8815
v 0.2525 3.9131 -0.8894
v -0.0128 4.2696 -1.0263
v -0.0204 4.2759 -1.0399
v 0.0103 4.2509 -0.9852
v 0.0027 4.2571 -0.9989
v 0.2200 3.8468 -0.9087
v 0.2148 3.8493 -0.9189
v 0.2357 3.8390 -0.8783
v 0.2304 3.8416 -0.8884
v 0.3155 4.9783 -0.9208
v 0.3259 4.9691 -0.9107
v 0.3407 4.9284 -0.9497
v 0.3288 4.9408 -0.9608
v 0.3468 4.9508 -0.8906
v 0.3572 4.9416 -0.8805
v 0.3765 4.8911 -0.9162
v 0.3646 4.9036 -0.9274
v 0.3380 6.0226 -0.6061
v 0.3427 6.0188 -0.5937
v 0.3455 5.9656 -0.6202
v 0.3372 5.9722 -0.6342
v 0.3520 5.9821 -0.5784
v 0.3567 5.9783 -0.5660
v 0.3625 5.9168 -0.5878
v 0.3543 5.9233 -0.6017
v 0.3028 5.8509 -0.6726
v 0.2898 5.8538 -0.6868
v 0.3336 5.8425 -0.6299
v 0.3206 5.8453 -0.6441
v 0.2202 5.7804 -0.7083
v 0.2115 5.7800 -0.7215
v 0.2465 5.7816 -0.6687
v 0.2378 5.7812 -0.6819
v 0.1555 5.7414 -0.7171
v 0.1519 5.7424 -0.7269
v 0.1665 5.7384 -0.6873
v 0.1628 5.7394 -0.6972
v 0.0430 5.3887 -0.9037
v 0.0491 5.3842 -0.8920
v 0.1158 5.2790 -0.8708
v 0.1093 5.2808 -0.8814
v 0.0611 5.3755 -0.8687
v 0.0671 5.3710 -0.8571
v 0.1353 5.2736 -0.8392
v 0.1288 5.2754 -0.8497
v 0.2039 5.1853 -0.8372
v 0.1981 5.1864 -0.8457
v 0.2219 5.1821 -0.8110
v 0.2158 5.1832 -0.8198
v 0.0696 5.7039 -0.6809
v 0.0669 5.7092 -0.6919
v 0.0775 5.6879 -0.6482
v 0.0748 5.6932 -0.6592
v 0.0124 5.6350 -0.6913
v 0.0071 5.6409 -0.7024
v 0.0281 5.6170 -0.6580
v 0.0229 5.6229 -0.6691
v -0.0278 5.5680 -0.7227
v -0.0365 5.5736 -0.7325
v -0.0016 5.5513 -0.6933
v -0.0104 5.5569 -0.7031
v -0.0163 5.5367 -0.7938
v -0.0228 5.5449 -0.8062
v 0.0025 5.5127 -0.7579
v -0.0036 5.5206 -0.7697
v 0.2507 5.1069 -0.8343
v 0.2456 5.1082 -0.8471
v 0.2659 5.1028 -0.7957
v 0.2609 5.1041 -0.8086
v 0.2892 5.0500 -0.8429
v 0.2828 5.0548 -0.8568
v 0.3086 5.0356 -0.8012
v 0.3021 5.0404 -0.8151
v 0.0067 5.4812 -0.8514
v -0.0001 5.4896 -0.8639
v 0.0264 5.4565 -0.8149
v 0.0201 5.4646 -0.8268
v 0.3175 5.0089 -0.8667
v 0.3110 5.0176 -0.8798
v 0.3368 4.9827 -0.8273
v 0.3303 4.9915 -0.8404
v -0.1241 4.1549 -0.9377
v -0.1112 4.1559 -0.9413
v -0.1443 4.1020 -0.9688
v -0.1564 4.1028 -0.9670
v -0.0857 4.1582 -0.9483
v -0.0730 4.1593 -0.9520
v -0.1077 4.0999 -0.9744
v -0.1200 4.1006 -0.9725
v -0.0477 4.1616 -0.9590
v -0.0349 4.1627 -0.9625
v -0.0706 4.0978 -0.9802
v -0.0830 4.0985 -0.9782
v -0.1488 4.0234 -0.9892
v -0.1595 4.0246 -0.9885
v -0.1159 4.0198 -0.9918
v -0.1269 4.0210 -0.9909
v -0.0823 4.0163 -0.9944
v -0.0935 4.0174 -0.9936
v -0.0467 4.7702 -0.9874
v -0.0362 4.7726 -0.9906
v -0.0148 4.7355 -0.9757
v -0.0252 4.7345 -0.9761
v -0.0152 4.7773 -0.9968
v -0.0046 4.7797 -0.9998
v 0.0164 4.7387 -0.9743
v 0.0060 4.7376 -0.9747
v 0.0164 4.7842 -1.0058
v 0.0270 4.7865 -1.0088
v 0.0474 4.7420 -0.9734
v 0.0372 4.7408 -0.9735
v 0.0225 4.6840 -0.9546
v 0.0104 4.6849 -0.9590
v 0.0582 4.6814 -0.9428
v 0.0464 4.6821 -0.9465
v 0.0930 4.6796 -0.9334
v 0.0814 4.6801 -0.9365
v 0.0797 4.5968 -0.8929
v 0.0691 4.5953 -0.8916
v 0.1116 4.6012 -0.8968
v 0.1010 4.5997 -0.8955
v 0.1435 4.6056 -0.9007
v 0.1329 4.6041 -0.8995
v 0.1066 4.5336 -0.8948
v 0.0931 4.5291 -0.8894
v 0.1471 4.5469 -0.9108
v 0.1336 4.5425 -0.9055
v 0.1882 4.5601 -0.9266
v 0.1744 4.5557 -0.9214
v 0.1195 4.5029 -0.9645
v 0.1079 4.4976 -0.9595
v 0.1545 4.5189 -0.9792
v 0.1428 4.5135 -0.9743
v 0.1896 4.5349 -0.9940
v 0.1779 4.5295 -0.9891
v 0.1138 4.4585 -1.0428
v 0.1041 4.4557 -1.0367
v 0.1430 4.4667 -1.0610
v 0.1333 4.4640 -1.0550
v 0.1721 4.4751 -1.0793
v 0.1624 4.4723 -1.0732
v 0.0566 4.3613 -1.0470
v 0.0465 4.3599 -1.0378
v 0.0877 4.3651 -1.0752
v 0.0773 4.3637 -1.0660
v 0.1192 4.3687 -1.1032
v 0.1087 4.3674 -1.0940
v 0.0218 4.2863 -1.0052
v 0.0113 4.2866 -0.9954
v 0.0532 4.2853 -1.0348
v 0.0428 4.2856 -1.0251
v 0.0847 4.2843 -1.0645
v 0.0742 4.2845 -1.0547
v -0.0401 4.2226 -0.9671
v -0.0525 4.2227 -0.9623
v -0.0029 4.2225 -0.9816
v -0.0153 4.2225 -0.9768
v 0.0343 4.2222 -0.9962
v 0.0219 4.2223 -0.9913
v -0.1419 3.9507 -0.9899
v -0.1525 3.9507 -0.9876
v -0.1097 3.9509 -0.9969
v -0.1205 3.9508 -0.9946
v -0.0772 3.9511 -1.0040
v -0.0880 3.9510 -1.0018
v -0.1173 3.8780 -0.9843
v -0.1274 3.8771 -0.9809
v -0.0870 3.8806 -0.9949
v -0.0971 3.8797 -0.9916
v -0.0570 3.8832 -1.0056
v -0.0670 3.8823 -1.0022
v -0.0640 3.8019 -0.9682
v -0.0721 3.8019 -0.9655
v -0.0399 3.8019 -0.9767
v -0.0480 3.8019 -0.9740
v -0.0159 3.8020 -0.9852
v -0.0239 3.8020 -0.9825
v -0.0218 3.7315 -0.9468
v -0.0294 3.7313 -0.9451
v 0.0011 3.7323 -0.9519
v -0.0066 3.7320 -0.9502
v 0.0239 3.7330 -0.9570
v 0.0163 3.7327 -0.9553
v 0.0118 3.6888 -0.9290
v 0.0074 3.6883 -0.9292
v 0.0248 3.6901 -0.9282
v 0.0205 3.6896 -0.9285
v 0.0378 3.6914 -0.9275
v 0.0334 3.6910 -0.9277
v 0.0321 3.6666 -0.9135
v 0.0295 3.6665 -0.9131
v 0.0396 3.6672 -0.9145
v 0.0371 3.6670 -0.9141
v 0.0471 3.6678 -0.9155
v 0.0446 3.6676 -0.9151
v -0.1910 5.3336 -0.8176
v -0.1772 5.3361 -0.8231
v -0.2405 5.2824 -0.8790
v -0.2550 5.2823 -0.8759
v -0.1494 5.3408 -0.8340
v -0.1354 5.3431 -0.8393
v -0.1971 5.2828 -0.8883
v -0.2116 5.2827 -0.8852
v -0.1070 5.3476 -0.8494
v -0.0927 5.3497 -0.8543
v -0.1535 5.2829 -0.8972
v -0.1681 5.2829 -0.8942
v -0.2647 5.2110 -0.9485
v -0.2802 5.2100 -0.9462
v -0.2177 5.2141 -0.9540
v -0.2333 5.2131 -0.9522
v -0.1711 5.2171 -0.9608
v -0.1866 5.2160 -0.9585
v -0.0638 5.9920 -0.6213
v -0.0543 5.9936 -0.6207
v -0.0395 5.9599 -0.6393
v -0.0512 5.9584 -0.6392
v -0.0352 5.9969 -0.6195
v -0.0256 5.9985 -0.6189
v -0.0043 5.9644 -0.6395
v -0.0160 5.9629 -0.6395
v -0.0066 6.0016 -0.6177
v 0.0029 6.0033 -0.6172
v 0.0309 5.9688 -0.6397
v 0.0192 5.9674 -0.6397
v -0.0035 5.9039 -0.6411
v -0.0163 5.9036 -0.6441
v 0.0348 5.9047 -0.6320
v 0.0220 5.9045 -0.6350
v 0.0730 5.9056 -0.6229
v 0.0603 5.9053 -0.6259
v 0.0515 5.8302 -0.6297
v 0.0365 5.8321 -0.6358
v 0.0965 5.8245 -0.6113
v 0.0815 5.8264 -0.6175
v 0.1416 5.8188 -0.5930
v 0.1266 5.8207 -0.5991
v 0.1018 5.7717 -0.6339
v 0.0831 5.7727 -0.6359
v 0.1578 5.7683 -0.6277
v 0.1391 5.7694 -0.6297
v 0.2137 5.7649 -0.6216
v 0.1950 5.7660 -0.6236
v 0.1310 5.7329 -0.6983
v 0.1155 5.7323 -0.6928
v 0.1774 5.7435 -0.6969
v 0.1620 5.7429 -0.6974
v 0.2239 5.7451 -0.6955
v 0.2084 5.7445 -0.6959
v 0.1177 5.6759 -0.7835
v 0.1073 5.6722 -0.7735
v 0.1489 5.7021 -0.7994
v 0.1384 5.6984 -0.7953
v 0.1807 5.7134 -0.8116
v 0.1701 5.7096 -0.8075
v 0.0510 5.5803 -0.8386
v 0.0425 5.5762 -0.8295
v 0.0765 5.5991 -0.8694
v 0.0680 5.5950 -0.8603
v 0.1030 5.6121 -0.8966
v 0.0940 5.6077 -0.8875
v -0.0064 5.4928 -0.8468
v -0.0157 5.4900 -0.8362
v 0.0217 5.5010 -0.8786
v 0.0124 5.4982 -0.8680
v 0.0492 5.5095 -0.9111
v 0.0402 5.5066 -0.9002
v -0.0857 5.4166 -0.8316
v -0.0972 5.4148 -0.8227
v -0.0508 5.4216 -0.8572
v -0.0625 5.4201 -0.8488
v -0.0153 5.4263 -0.8821
v -0.0271 5.4248 -0.8738
v -0.2585 5.1370 -1.0090
v -0.2748 5.1337 -1.0077
v -0.2063 5.1484 -1.0027
v -0.2239 5.1445 -1.0052
v -0.1573 5.1586 -1.0056
v -0.1729 5.1554 -1.0027
v -0.2158 5.0642 -1.0161
v -0.2306 5.0599 -1.0128
v -0.1717 5.0770 -1.0272
v -0.1864 5.0728 -1.0235
v -0.1276 5.0898 -1.0383
v -0.1423 5.0856 -1.0346
v -0.1519 4.9887 -1.0313
v -0.1629 4.9870 -1.0284
v -0.1188 4.9938 -1.0401
v -0.1298 4.9921 -1.0372
v -0.0857 4.9989 -1.0489
v -0.0968 4.9972 -1.0460
v -0.1046 4.9064 -1.0253
v -0.1153 4.9067 -1.0215
v -0.0724 4.9056 -1.0366
v -0.0831 4.9059 -1.0328
v -0.0402 4.9048 -1.0479
v -0.0509 4.9051 -1.0441
v -0.0623 4.8443 -1.0132
v -0.0730 4.8451 -1.0099
v -0.0301 4.8416 -1.0227
v -0.0408 4.8426 -1.0195
v 0.0023 4.8390 -1.0322
v -0.0085 4.8399 -1.0290
v 0.1010 4.1890 -0.9929
v 0.1110 4.1911 -0.9936
v 0.1127 4.1532 -1.0472
v 0.1031 4.1486 -1.0441
v 0.1312 4.1954 -0.9949
v 0.1414 4.1975 -0.9956
v 0.1416 4.1668 -1.0564
v 0.1320 4.1621 -1.0532
v 0.1619 4.2017 -0.9968
v 0.1721 4.2040 -0.9975
v 0.1702 4.1795 -1.0651
v 0.1608 4.1749 -1.0620
v 0.0814 4.0718 -1.0498
v 0.0713 4.0689 -1.0449
v 0.1124 4.0803 -1.0637
v 0.1020 4.0773 -1.0587
v 0.1436 4.0880 -1.0764
v 0.1333 4.0851 -1.0715
v -0.2357 4.7702 -0.9825
v -0.2248 4.7734 -0.9866
v -0.2189 4.7303 -1.0230
v -0.2296 4.7267 -1.0164
v -0.2033 4.7798 -0.9954
v -0.1926 4.7830 -1.0000
v -0.1868 4.7413 -1.0429
v -0.1976 4.7376 -1.0363
v -0.1711 4.7896 -1.0092
v -0.1604 4.7928 -1.0138
v -0.1546 4.7520 -1.0622
v -0.1654 4.7485 -1.0560
v -0.2073 4.6793 -1.0520
v -0.2183 4.6741 -1.0428
v -0.1739 4.6948 -1.0789
v -0.1851 4.6897 -1.0701
v -0.1396 4.7096 -1.1033
v -0.1512 4.7048 -1.0956
v -0.1845 4.6223 -1.0960
v -0.1976 4.6158 -1.0864
v -0.1450 4.6414 -1.1231
v -0.1583 4.6352 -1.1144
v -0.1031 4.6584 -1.1440
v -0.1174 4.6530 -1.1379
v -0.1419 4.5533 -1.1193
v -0.1547 4.5491 -1.1120
v -0.1026 4.5651 -1.1386
v -0.1159 4.5613 -1.1327
v -0.0614 4.5751 -1.1529
v -0.0754 4.5719 -1.1487
v -0.0749 4.4528 -1.1080
v -0.0853 4.4504 -1.1053
v -0.0438 4.4599 -1.1156
v -0.0542 4.4576 -1.1131
v -0.0124 4.4668 -1.1224
v -0.0229 4.4646 -1.1202
v -0.0270 4.3801 -1.0687
v -0.0369 4.3767 -1.0690
v 0.0027 4.3902 -1.0679
v -0.0072 4.3869 -1.0682
v 0.0325 4.4004 -1.0671
v 0.0226 4.3970 -1.0674
v 0.0109 4.3223 -0.9885
v 0.0011 4.3191 -0.9912
v 0.0402 4.3316 -0.9803
v 0.0304 4.3285 -0.9830
v 0.0696 4.3410 -0.9725
v 0.0598 4.3379 -0.9751
v 0.0533 4.2686 -0.9409
v 0.0430 4.2648 -0.9430
v 0.0841 4.2799 -0.9345
v 0.0738 4.2761 -0.9366
v 0.1149 4.2914 -0.9284
v 0.1047 4.2876 -0.9305
v 0.1361 4.2311 -0.9395
v 0.1463 4.2339 -0.9386
v 0.0688 3.9864 -1.0096
v 0.0610 3.9846 -1.0032
v 0.0932 3.9919 -1.0272
v 0.0850 3.9900 -1.0208
v 0.1183 3.9972 -1.0431
v 0.1099 3.9952 -1.0367
v 0.0414 3.8953 -0.9353
v 0.0342 3.8949 -0.9275
v 0.0628 3.8968 -0.9567
v 0.0556 3.8963 -0.9490
v 0.0841 3.8982 -0.9761
v 0.0770 3.8978 -0.9685
v -0.0209 3.7991 -0.8764
v -0.0314 3.7979 -0.8703
v 0.0103 3.8023 -0.8944
v -0.0001 3.8013 -0.8883
v 0.0415 3.8058 -0.9111
v 0.0311 3.8048 -0.9049
v -0.0255 3.7590 -0.8868
v -0.0341 3.7610 -0.8856
v 0.0004 3.7528 -0.8906
v -0.0082 3.7549 -0.8894
v 0.0263 3.7468 -0.8942
v 0.0176 3.7488 -0.8928
v 0.0112 3.7099 -0.9058
v 0.0081 3.7104 -0.9044
v 0.0205 3.7082 -0.9099
v 0.0174 3.7088 -0.9086
v 0.0298 3.7066 -0.9142
v 0.0267 3.7071 -0.9127
v 0.0294 3.6838 -0.9119
v 0.0275 3.6836 -0.9109
v 0.0353 3.6844 -0.9147
v 0.0333 3.6842 -0.9137
v 0.0411 3.6850 -0.9174
v 0.0392 3.6848 -0.9165
v 0.1030 5.3801 -0.8481
v 0.1161 5.3818 -0.8472
v 0.1056 5.3412 -0.9244
v 0.0901 5.3377 -0.9243
v 0.1423 5.3852 -0.8453
v 0.1554 5.3870 -0.8444
v 0.1521 5.3522 -0.9245
v 0.1366 5.3486 -0.9244
v 0.1818 5.3905 -0.8423
v 0.1956 5.3923 -0.8408
v 0.1986 5.3632 -0.9247
v 0.1831 5.3595 -0.9246
v 0.0483 5.2643 -0.9773
v 0.0314 5.2629 -0.9680
v 0.0990 5.2687 -0.9830
v 0.0821 5.2673 -0.9811
v 0.1498 5.2732 -0.9887
v 0.1329 5.2717 -0.9868
v -0.1745 6.0058 -0.6455
v -0.2181 6.0077 -0.6456
v -0.2117 5.9751 -0.6654
v -0.1694 5.9727 -0.6730
v -0.2389 6.0113 -0.6791
v -0.2285 6.0131 -0.6792
v -0.2233 5.9823 -0.7174
v -0.2353 5.9799 -0.7152
v -0.2077 6.0169 -0.6794
v -0.1973 6.0187 -0.6796
v -0.1876 5.9894 -0.7239
v -0.1996 5.9871 -0.7217
v -0.2439 5.9198 -0.7198
v -0.2568 5.9167 -0.7269
v -0.2109 5.9290 -0.7404
v -0.2239 5.9259 -0.7378
v -0.1722 5.9381 -0.7486
v -0.1851 5.9351 -0.7459
v -0.2361 5.8449 -0.7617
v -0.2497 5.8421 -0.7594
v -0.1952 5.8535 -0.7716
v -0.2089 5.8506 -0.7694
v -0.1543 5.8621 -0.7784
v -0.1679 5.8592 -0.7761
v -0.2074 5.7541 -0.8087
v -0.2240 5.7507 -0.8076
v -0.1579 5.7639 -0.8152
v -0.1744 5.7607 -0.8141
v -0.1084 5.7739 -0.8184
v -0.1249 5.7705 -0.8173
v -0.1283 5.6723 -0.8360
v -0.1453 5.6687 -0.8367
v -0.0779 5.6836 -0.8348
v -0.0946 5.6797 -0.8350
v -0.0283 5.6954 -0.8347
v -0.0449 5.6915 -0.8348
v -0.0421 5.6154 -0.8104
v -0.0533 5.6121 -0.8118
v -0.0096 5.6262 -0.8072
v -0.0203 5.6226 -0.8082
v 0.0227 5.6371 -0.8045
v 0.0120 5.6334 -0.8054
v 0.0118 5.5641 -0.7736
v -0.0011 5.5625 -0.7779
v 0.0504 5.5692 -0.7609
v 0.0375 5.5675 -0.7651
v 0.0889 5.5742 -0.7482
v 0.0760 5.5725 -0.7524
v 0.0632 5.4914 -0.7479
v 0.0496 5.4891 -0.7518
v 0.1042 5.4980 -0.7364
v 0.0905 5.4958 -0.7402
v 0.1451 5.5045 -0.7247
v 0.1314 5.5023 -0.7286
v 0.0939 5.4205 -0.7775
v 0.0803 5.4189 -0.7799
v 0.1347 5.4256 -0.7703
v 0.1211 5.4239 -0.7727
v 0.1756 5.4307 -0.7630
v 0.1619 5.4290 -0.7655
v 0.0173 5.1825 -0.9876
v 0.0051 5.1809 -0.9762
v 0.0539 5.1872 -0.9997
v 0.0417 5.1856 -0.9957
v 0.0905 5.1919 -1.0118
v 0.0783 5.1903 -1.0078
v -0.0337 5.0779 -0.9509
v -0.0440 5.0755 -0.9428
v -0.0027 5.0853 -0.9752
v -0.0130 5.0828 -0.9671
v 0.0284 5.0925 -0.9995
v 0.0180 5.0901 -0.9914
v -0.1291 4.9512 -0.8922
v -0.1414 4.9460 -0.8845
v -0.0925 4.9666 -0.9153
v -0.1047 4.9615 -0.9075
v -0.0558 4.9820 -0.9384
v -0.0680 4.9769 -0.9307
v -0.2015 4.8952 -0.9178
v -0.2105 4.8939 -0.9126
v -0.1744 4.8992 -0.9332
v -0.1834 4.8979 -0.9281
v -0.1473 4.9033 -0.9487
v -0.1564 4.9019 -0.9435
v -0.2367 4.8405 -0.9508
v -0.2469 4.8387 -0.9462
v -0.2061 4.8459 -0.9648
v -0.2163 4.8441 -0.9602
v -0.1755 4.8513 -0.9787
v -0.1857 4.8495 -0.9740
v 0.0561 4.1475 -0.9692
v 0.0574 4.1451 -0.9659
v 0.0175 4.0736 -0.9514
v 0.0155 4.0753 -0.9561
v 0.0601 4.1401 -0.9592
v 0.0614 4.1376 -0.9559
v 0.0235 4.0683 -0.9372
v 0.0215 4.0701 -0.9419
v 0.0628 4.1351 -0.9527
v 0.0641 4.1327 -0.9493
v 0.0274 4.0648 -0.9278
v 0.0254 4.0666 -0.9325
v 0.0296 3.9867 -0.9391
v 0.0273 3.9878 -0.9441
v 0.0365 3.9833 -0.9234
v 0.0342 3.9845 -0.9285
v 0.0411 3.9811 -0.9130
v 0.0388 3.9823 -0.9181
v 0.1343 4.8044 -0.9245
v 0.1377 4.8067 -0.9149
v 0.1609 4.7510 -0.8826
v 0.1562 4.7493 -0.8913
v 0.1446 4.8112 -0.8957
v 0.1481 4.8135 -0.8861
v 0.1752 4.7558 -0.8568
v 0.1705 4.7542 -0.8654
v 0.1516 4.8158 -0.8764
v 0.1551 4.8181 -0.8668
v 0.1848 4.7590 -0.8395
v 0.1800 4.7574 -0.8482
v 0.2229 4.6904 -0.8574
v 0.2195 4.6893 -0.8656
v 0.2328 4.6939 -0.8329
v 0.2295 4.6927 -0.8411
v 0.2395 4.6961 -0.8166
v 0.2361 4.6950 -0.8248
v 0.2837 4.6274 -0.8600
v 0.2814 4.6305 -0.8691
v 0.2906 4.6177 -0.8326
v 0.2883 4.6209 -0.8417
v 0.2951 4.6113 -0.8144
v 0.2929 4.6145 -0.8235
v 0.3207 4.5788 -0.8914
v 0.3182 4.5839 -0.9002
v 0.3284 4.5637 -0.8648
v 0.3258 4.5687 -0.8736
v 0.3335 4.5536 -0.8472
v 0.3310 4.5586 -0.8560
v 0.0358 3.9290 -0.9567
v 0.0329 3.9302 -0.9623
v 0.0446 3.9256 -0.9395
v 0.0417 3.9267 -0.9451
v 0.0505 3.9233 -0.9281
v 0.0476 3.9245 -0.9336
v 0.0399 3.8763 -0.9817
v 0.0371 3.8774 -0.9880
v 0.0483 3.8729 -0.9631
v 0.0455 3.8741 -0.9695
v 0.0539 3.8707 -0.9508
v 0.0512 3.8718 -0.9571
v 0.3101 4.5151 -0.9544
v 0.3055 4.5247 -0.9665
v 0.3232 4.4866 -0.9181
v 0.3189 4.4961 -0.9302
v 0.3318 4.4675 -0.8940
v 0.3275 4.4771 -0.9060
v 0.2876 4.4384 -1.0440
v 0.2825 4.4501 -1.0591
v 0.3015 4.4037 -0.9990
v 0.2971 4.4152 -1.0140
v 0.3100 4.3808 -0.9691
v 0.3058 4.3922 -0.9841
v 0.2283 4.3488 -1.0894
v 0.2239 4.3545 -1.1011
v 0.2411 4.3317 -1.0545
v 0.2370 4.3374 -1.0662
v 0.2493 4.3206 -1.0312
v 0.2453 4.3261 -1.0429
v 0.1786 4.2687 -1.0971
v 0.1753 4.2714 -1.1034
v 0.1884 4.2605 -1.0782
v 0.1852 4.2632 -1.0845
v 0.1950 4.2552 -1.0656
v 0.1917 4.2579 -1.0719
v 0.0677 3.8025 -0.9526
v 0.0643 3.8026 -0.9591
v 0.0780 3.8024 -0.9332
v 0.0746 3.8025 -0.9397
v 0.0849 3.8024 -0.9202
v 0.0814 3.8024 -0.9268
v 0.0868 3.7382 -0.9105
v 0.0852 3.7380 -0.9154
v 0.0917 3.7388 -0.8956
v 0.0900 3.7386 -0.9006
v 0.0950 3.7393 -0.8856
v 0.0933 3.7390 -0.8906
v 0.1252 4.1948 -1.0361
v 0.1233 4.1969 -1.0404
v 0.1310 4.1887 -1.0232
v 0.1291 4.1907 -1.0275
v 0.1348 4.1847 -1.0147
v 0.1329 4.1867 -1.0189
v 0.0764 3.6915 -0.8992
v 0.0749 3.6917 -0.9021
v 0.0806 3.6907 -0.8907
v 0.0792 3.6910 -0.8935
v 0.0835 3.6901 -0.8850
v 0.0821 3.6904 -0.8878
v 0.0138 5.3374 -0.8700
v 0.0167 5.3340 -0.8657
v -0.0366 5.2583 -0.8765
v -0.0385 5.2611 -0.8815
v 0.0227 5.3272 -0.8570
v 0.0256 5.3238 -0.8527
v -0.0309 5.2498 -0.8615
v -0.0328 5.2526 -0.8665
v 0.0287 5.3204 -0.8483
v 0.0316 5.3171 -0.8440
v -0.0271 5.2441 -0.8514
v -0.0290 5.2470 -0.8564
v -0.0197 5.1862 -0.9087
v -0.0207 5.1896 -0.9150
v -0.0164 5.1763 -0.8895
v -0.0175 5.1796 -0.8958
v -0.0143 5.1696 -0.8766
v -0.0154 5.1729 -0.8831
v 0.1041 5.9843 -0.5688
v 0.1047 5.9828 -0.5614
v 0.1539 5.9387 -0.5494
v 0.1513 5.9413 -0.5584
v 0.1642 5.9282 -0.5137
v 0.1667 5.9255 -0.5048
v 0.2322 5.8480 -0.4977
v 0.2291 5.8507 -0.5044
v 0.2140 5.8641 -0.5374
v 0.2171 5.8615 -0.5308
v 0.2923 5.7786 -0.5572
v 0.2906 5.7816 -0.5607
v 0.2231 5.8561 -0.5175
v 0.2261 5.8534 -0.5110
v 0.2971 5.7697 -0.5466
v 0.2955 5.7726 -0.5501
v 0.3004 5.7637 -0.5395
v 0.2988 5.7666 -0.5431
v 0.3417 5.7444 -0.5942
v 0.3403 5.7488 -0.5975
v 0.3458 5.7316 -0.5844
v 0.3445 5.7359 -0.5876
v 0.3487 5.7230 -0.5778
v 0.3473 5.7273 -0.5811
v -0.0001 5.1443 -0.9609
v -0.0019 5.1476 -0.9678
v 0.0055 5.1346 -0.9406
v 0.0037 5.1378 -0.9474
v 0.0093 5.1280 -0.9269
v 0.0074 5.1313 -0.9337
v 0.0051 5.0933 -1.0144
v 0.0022 5.0953 -1.0209
v 0.0138 5.0869 -0.9948
v 0.0109 5.0891 -1.0014
v 0.0196 5.0827 -0.9817
v 0.0167 5.0848 -0.9883
v 0.3746 5.7180 -0.6676
v 0.3733 5.7220 -0.6720
v 0.3755 5.7057 -0.6478
v 0.3741 5.7098 -0.6523
v 0.3782 5.6977 -0.6391
v 0.3768 5.7018 -0.6435
v 0.3581 5.6702 -0.7795
v 0.3525 5.6740 -0.7862
v 0.2891 5.5797 -0.8773
v 0.2799 5.5835 -0.8843
v 0.3663 5.6624 -0.7594
v 0.3721 5.6586 -0.7527
v 0.3249 5.5671 -0.8573
v 0.3093 5.5714 -0.8637
v 0.3780 5.6549 -0.7459
v 0.3839 5.6511 -0.7393
v 0.3588 5.5580 -0.8447
v 0.3422 5.5626 -0.8510
v 0.1948 5.4783 -0.9181
v 0.1868 5.4830 -0.9243
v 0.2182 5.4640 -0.8996
v 0.2105 5.4689 -0.9057
v 0.2330 5.4542 -0.8873
v 0.2256 5.4591 -0.8935
v 0.0360 4.9968 -1.0140
v 0.0315 4.9973 -1.0221
v 0.0492 4.9952 -0.9898
v 0.0449 4.9957 -0.9978
v 0.0582 4.9941 -0.9736
v 0.0537 4.9947 -0.9817
v 0.0961 4.9168 -0.9860
v 0.0926 4.9157 -0.9956
v 0.1067 4.9201 -0.9569
v 0.1032 4.9190 -0.9666
v 0.1138 4.9222 -0.9375
v 0.1103 4.9211 -0.9472
v 0.1132 5.3933 -0.9058
v 0.1087 5.3967 -0.9114
v 0.1269 5.3831 -0.8889
v 0.1223 5.3865 -0.8945
v 0.1360 5.3763 -0.8776
v 0.1314 5.3798 -0.8832
v 0.1289 4.8585 -0.9470
v 0.1264 4.8586 -0.9580
v 0.1366 4.8584 -0.9141
v 0.1341 4.8584 -0.9251
v 0.1417 4.8583 -0.8922
v 0.1392 4.8584 -0.9032
v 0.0376 4.5952 -0.8608
v 0.0408 4.5979 -0.8483
v -0.0015 4.6711 -0.8659
v -0.0074 4.6688 -0.8797
v 0.0441 4.6007 -0.8358
v 0.0473 4.6035 -0.8232
v 0.0104 4.6758 -0.8385
v 0.0044 4.6735 -0.8521
v 0.0539 4.6091 -0.7982
v 0.0571 4.6119 -0.7857
v 0.0282 4.6827 -0.7972
v 0.0222 4.6804 -0.8109
v -0.1752 3.9461 -0.9289
v -0.1694 3.9342 -0.9156
v -0.1767 3.9611 -0.8840
v -0.1826 3.9724 -0.8956
v -0.1628 3.9223 -0.9026
v -0.1559 3.9106 -0.8895
v -0.1636 3.9394 -0.8599
v -0.1703 3.9504 -0.8714
v -0.1411 3.8874 -0.8635
v -0.1334 3.8757 -0.8509
v -0.1416 3.9072 -0.8242
v -0.1490 3.9180 -0.8358
v -0.0782 3.7828 -0.9152
v -0.0734 3.7817 -0.9099
v -0.1399 3.8666 -0.9229
v -0.1456 3.8706 -0.9324
v -0.0687 3.7807 -0.9047
v -0.0640 3.7797 -0.8993
v -0.1283 3.8586 -0.9046
v -0.1341 3.8625 -0.9140
v -0.0546 3.7776 -0.8889
v -0.0499 3.7766 -0.8835
v -0.1102 3.8466 -0.8772
v -0.1163 3.8505 -0.8865
v -0.1737 4.0256 -0.8577
v -0.1678 4.0218 -0.8486
v -0.1378 4.1222 -0.8502
v -0.1436 4.1265 -0.8583
v -0.1616 4.0186 -0.8386
v -0.1553 4.0148 -0.8295
v -0.1260 4.1140 -0.8337
v -0.1319 4.1182 -0.8418
v -0.1424 4.0080 -0.8104
v -0.1358 4.0044 -0.8012
v -0.1080 4.1015 -0.8092
v -0.1140 4.1057 -0.8173
v -0.0799 4.2007 -0.8914
v -0.0752 4.1953 -0.8818
v -0.0147 4.2701 -0.9175
v -0.0186 4.2739 -0.9252
v -0.0705 4.1902 -0.8721
v -0.0659 4.1849 -0.8625
v -0.0070 4.2626 -0.9024
v -0.0108 4.2664 -0.9100
v -0.0564 4.1744 -0.8432
v -0.0517 4.1691 -0.8335
v 0.0047 4.2515 -0.8794
v 0.0008 4.2552 -0.8871
v 0.0118 3.6840 -0.8951
v 0.0140 3.6833 -0.8915
v -0.0157 3.7182 -0.8961
v -0.0195 3.7181 -0.8994
v 0.0161 3.6827 -0.8880
v 0.0182 3.6821 -0.8845
v -0.0080 3.7186 -0.8895
v -0.0118 3.7185 -0.8928
v 0.0226 3.6809 -0.8773
v 0.0248 3.6802 -0.8737
v 0.0036 3.7191 -0.8794
v -0.0002 3.7190 -0.8828
v 0.0403 4.3425 -0.9484
v 0.0451 4.3383 -0.9403
v 0.0967 4.4040 -0.9309
v 0.0928 4.4124 -0.9432
v 0.0499 4.3342 -0.9322
v 0.0547 4.3299 -0.9241
v 0.1045 4.3872 -0.9061
v 0.1006 4.3956 -0.9185
v 0.0642 4.3216 -0.9079
v 0.0690 4.3174 -0.8997
v 0.1162 4.3619 -0.8690
v 0.1123 4.3704 -0.8814
v 0.0803 4.4478 -0.8829
v 0.0820 4.4433 -0.8730
v 0.0624 4.5015 -0.8313
v 0.0601 4.5005 -0.8414
v 0.0838 4.4388 -0.8633
v 0.0857 4.4344 -0.8534
v 0.0669 4.5035 -0.8110
v 0.0647 4.5026 -0.8212
v 0.0892 4.4254 -0.8339
v 0.0911 4.4209 -0.8240
v 0.0737 4.5067 -0.7805
v 0.0714 4.5056 -0.7907
v -0.0401 4.7216 -0.8647
v -0.0339 4.7241 -0.8538
v -0.0601 4.7717 -0.8687
v -0.0647 4.7706 -0.8785
v -0.0277 4.7266 -0.8429
v -0.0216 4.7292 -0.8320
v -0.0511 4.7740 -0.8490
v -0.0556 4.7729 -0.8589
v -0.0093 4.7342 -0.8103
v -0.0031 4.7366 -0.7994
v -0.0375 4.7774 -0.8196
v -0.0420 4.7762 -0.8294
v 0.0053 5.7965 -0.5877
v 0.0087 5.7914 -0.5746
v -0.0441 5.8630 -0.5683
v -0.0476 5.8678 -0.5812
v 0.0121 5.7863 -0.5615
v 0.0155 5.7813 -0.5485
v -0.0371 5.8537 -0.5426
v -0.0406 5.8583 -0.5555
v 0.0223 5.7711 -0.5223
v 0.0257 5.7661 -0.5092
v -0.0266 5.8395 -0.5040
v -0.0301 5.8442 -0.5169
v -0.2951 5.0805 -0.9000
v -0.2903 5.0724 -0.8862
v -0.2989 5.1533 -0.8400
v -0.3058 5.1616 -0.8566
v -0.2854 5.0644 -0.8723
v -0.2806 5.0563 -0.8584
v -0.2854 5.1369 -0.8068
v -0.2922 5.1451 -0.8234
v -0.2709 5.0402 -0.8308
v -0.2661 5.0321 -0.8169
v -0.2651 5.1122 -0.7570
v -0.2718 5.1205 -0.7736
v -0.1887 4.9535 -0.9748
v -0.1849 4.9513 -0.9674
v -0.2504 5.0100 -0.9335
v -0.2537 5.0153 -0.9438
v -0.1810 4.9492 -0.9599
v -0.1771 4.9470 -0.9525
v -0.2438 4.9994 -0.9130
v -0.2472 5.0047 -0.9232
v -0.1694 4.9426 -0.9376
v -0.1655 4.9405 -0.9302
v -0.2341 4.9834 -0.8821
v -0.2373 4.9888 -0.8924
v -0.2694 5.2578 -0.8036
v -0.2619 5.2494 -0.7889
v -0.2010 5.2928 -0.7234
v -0.2078 5.2980 -0.7327
v -0.2543 5.2411 -0.7741
v -0.2468 5.2328 -0.7593
v -0.1873 5.2822 -0.7050
v -0.1942 5.2875 -0.7142
v -0.2318 5.2161 -0.7298
v -0.2242 5.2079 -0.7150
v -0.1669 5.2664 -0.6773
v -0.1737 5.2717 -0.6865
v -0.0880 5.3546 -0.6860
v -0.0822 5.3484 -0.6760
v 0.0034 5.4456 -0.6945
v -0.0015 5.4496 -0.7020
v -0.0929 4.8175 -0.9211
v -0.0890 4.8175 -0.9110
v -0.1241 4.8782 -0.9510
v -0.1279 4.8797 -0.9597
v -0.0851 4.8176 -0.9009
v -0.0812 4.8176 -0.8908
v -0.1167 4.8753 -0.9336
v -0.1204 4.8768 -0.9424
v -0.0734 4.8177 -0.8705
v -0.0695 4.8176 -0.8604
v -0.1054 4.8708 -0.9076
v -0.1092 4.8723 -0.9163
v 0.0545 5.5453 -0.7345
v 0.0597 5.5421 -0.7272
v 0.1237 5.6114 -0.6943
v 0.1190 5.6199 -0.7035
v 0.0649 5.5391 -0.7200
v 0.0701 5.5360 -0.7128
v 0.1330 5.5943 -0.6758
v 0.1283 5.6029 -0.6851
v 0.0805 5.5298 -0.6984
v 0.0857 5.5267 -0.6911
v 0.1469 5.5688 -0.6481
v 0.1423 5.5773 -0.6573
v 0.0964 5.6855 -0.6509
v 0.0999 5.6749 -0.6415
v 0.0577 5.7247 -0.5902
v 0.0542 5.7321 -0.6018
v 0.1034 5.6643 -0.6321
v 0.1070 5.6536 -0.6228
v 0.0647 5.7101 -0.5671
v 0.0612 5.7173 -0.5786
v 0.1140 5.6324 -0.6041
v 0.1175 5.6218 -0.5947
v 0.0752 5.6879 -0.5323
v 0.0717 5.6953 -0.5438
v -0.0818 5.9254 -0.5664
v -0.0783 5.9208 -0.5553
v -0.0792 5.9649 -0.5404
v -0.0810 5.9700 -0.5497
v -0.0748 5.9162 -0.5442
v -0.0713 5.9116 -0.5331
v -0.0756 5.9547 -0.5218
v -0.0774 5.9598 -0.5311
v -0.0642 5.9025 -0.5109
v -0.0607 5.8979 -0.4997
v -0.0701 5.9394 -0.4940
v -0.0719 5.9445 -0.5033
v -0.1109 5.3791 -0.7257
v -0.1167 5.3853 -0.7359
v -0.0994 5.3668 -0.7058
v -0.1051 5.3729 -0.7158
v -0.0263 5.4697 -0.7397
v -0.0213 5.4657 -0.7322
v 0.0265 3.9557 -0.9228
v 0.0250 3.9496 -0.9151
v 0.0686 4.0251 -0.9680
v 0.0652 4.0293 -0.9745
v 0.0220 3.9374 -0.8997
v 0.0206 3.9315 -0.8919
v 0.0787 4.0126 -0.9489
v 0.0753 4.0168 -0.9554
v 0.0191 3.9255 -0.8843
v 0.0176 3.9195 -0.8765
v 0.0853 4.0042 -0.9362
v 0.0820 4.0084 -0.9426
v -0.2144 4.5636 -0.9699
v -0.2089 4.5574 -0.9551
v -0.2194 4.6188 -0.9064
v -0.2262 4.6258 -0.9204
v -0.1984 4.5454 -0.9264
v -0.1932 4.5396 -0.9125
v -0.1990 4.5978 -0.8643
v -0.2058 4.6047 -0.8784
v -0.1880 4.5337 -0.8984
v -0.1829 4.5278 -0.8845
v -0.1854 4.5837 -0.8363
v -0.1922 4.5907 -0.8503
v -0.0860 3.8009 -0.8111
v -0.0844 3.7996 -0.8067
v -0.0449 3.8695 -0.8460
v -0.0449 3.8725 -0.8525
v -0.0813 3.7973 -0.7977
v -0.0798 3.7960 -0.7934
v -0.0449 3.8606 -0.8265
v -0.0449 3.8636 -0.8330
v -0.0782 3.7948 -0.7889
v -0.0767 3.7936 -0.7845
v -0.0449 3.8546 -0.8135
v -0.0449 3.8576 -0.8200
v 0.0145 3.6972 -0.8796
v 0.0113 3.6953 -0.8757
v -0.0536 3.7395 -0.8309
v -0.0524 3.7416 -0.8360
v 0.0051 3.6916 -0.8680
v 0.0020 3.6897 -0.8641
v -0.0570 3.7337 -0.8152
v -0.0558 3.7357 -0.8203
v -0.0012 3.6878 -0.8602
v -0.0043 3.6859 -0.8563
v -0.0593 3.7297 -0.8047
v -0.0581 3.7317 -0.8098
v 0.1136 4.0997 -0.9677
v 0.1183 4.0941 -0.9587
v 0.0950 4.1289 -0.9126
v 0.0923 4.1365 -0.9226
v 0.1275 4.0828 -0.9405
v 0.1319 4.0772 -0.9315
v 0.1034 4.1062 -0.8824
v 0.1006 4.1139 -0.8924
v 0.1363 4.0716 -0.9223
v 0.1406 4.0659 -0.9132
v 0.1089 4.0911 -0.8623
v 0.1061 4.0987 -0.8723
v -0.2310 4.6870 -0.8960
v -0.2189 4.6784 -0.8782
v -0.2151 4.7201 -0.8563
v -0.2283 4.7280 -0.8726
v -0.1946 4.6614 -0.8426
v -0.1826 4.6528 -0.8248
v -0.1756 4.6963 -0.8074
v -0.1888 4.7043 -0.8237
v -0.1704 4.6443 -0.8071
v -0.1583 4.6357 -0.7892
v -0.1493 4.6805 -0.7748
v -0.1624 4.6884 -0.7912
v 0.0543 4.1758 -0.8886
v 0.0569 4.1712 -0.8802
v 0.0198 4.2323 -0.8814
v 0.0178 4.2346 -0.8896
v 0.0621 4.1621 -0.8633
v 0.0647 4.1575 -0.8548
v 0.0256 4.2253 -0.8568
v 0.0237 4.2276 -0.8650
v 0.0674 4.1529 -0.8464
v 0.0700 4.1483 -0.8379
v 0.0296 4.2205 -0.8405
v 0.0276 4.2228 -0.8487
v -0.0162 4.3023 -0.9433
v -0.0155 4.3001 -0.9323
v -0.0599 4.3619 -1.0039
v -0.0604 4.3629 -1.0175
v -0.0143 4.2957 -0.9102
v -0.0137 4.2935 -0.8990
v -0.0586 4.3590 -0.9631
v -0.0590 4.3599 -0.9767
v -0.0131 4.2913 -0.8880
v -0.0124 4.2890 -0.8769
v -0.0577 4.3570 -0.9359
v -0.0582 4.3579 -0.9495
v -0.1067 4.4311 -1.0314
v -0.1055 4.4311 -1.0245
v -0.1732 4.4969 -1.0035
v -0.1776 4.5005 -1.0157
v -0.1031 4.4311 -1.0106
v -0.1019 4.4311 -1.0036
v -0.1601 4.4866 -0.9673
v -0.1643 4.4900 -0.9792
v -0.1008 4.4311 -0.9967
v -0.0996 4.4310 -0.9898
v -0.1516 4.4802 -0.9442
v -0.1558 4.4834 -0.9557
v 0.0271 3.6758 -0.8917
v 0.0268 3.6750 -0.8892
v 0.0262 3.6735 -0.8843
v 0.0260 3.6727 -0.8820
v 0.0256 3.6720 -0.8795
v 0.0253 3.6712 -0.8771
v -0.0326 5.1275 -0.8939
v -0.0318 5.1171 -0.8853
v 0.0196 5.2115 -0.9120
v 0.0154 5.2168 -0.9184
v -0.0298 5.0963 -0.8682
v -0.0289 5.0859 -0.8596
v 0.0324 5.1957 -0.8927
v 0.0281 5.2010 -0.8991
v -0.0279 5.0755 -0.8510
v -0.0270 5.0651 -0.8424
v 0.0409 5.1851 -0.8799
v 0.0366 5.1904 -0.8863
v -0.2742 5.8041 -0.6887
v -0.2684 5.8018 -0.6804
v -0.2871 5.8680 -0.6159
v -0.2911 5.8725 -0.6253
v -0.2458 5.7899 -0.6737
v -0.2400 5.7876 -0.6653
v -0.2711 5.8597 -0.6002
v -0.2751 5.8642 -0.6095
v -0.2342 5.7956 -0.6549
v -0.2284 5.7934 -0.6466
v -0.2601 5.8486 -0.5815
v -0.2641 5.8531 -0.5908
v -0.1522 4.9117 -0.8086
v -0.1437 4.9032 -0.7988
v -0.0890 4.9859 -0.8270
v -0.0934 4.9939 -0.8368
v -0.1267 4.8862 -0.7793
v -0.1182 4.8776 -0.7694
v -0.0759 4.9618 -0.7977
v -0.0802 4.9698 -0.8075
v -0.1097 4.8691 -0.7597
v -0.1012 4.8606 -0.7499
v -0.0671 4.9457 -0.7781
v -0.0715 4.9538 -0.7879
v -0.2265 4.7779 -0.8460
v -0.2117 4.7700 -0.8320
v -0.1864 4.8270 -0.8086
v -0.2005 4.8358 -0.8196
v -0.1821 4.7541 -0.8039
v -0.1672 4.7461 -0.7900
v -0.1441 4.8008 -0.7753
v -0.1582 4.8096 -0.7864
v -0.1524 4.7381 -0.7759
v -0.1376 4.7302 -0.7619
v -0.1159 4.7833 -0.7531
v -0.1300 4.7920 -0.7642
v 0.0977 5.2882 -0.8667
v 0.1039 5.2838 -0.8588
v 0.0893 5.3299 -0.7874
v 0.0864 5.3367 -0.7960
v 0.1160 5.2748 -0.8428
v 0.1221 5.2703 -0.8349
v 0.0981 5.3092 -0.7617
v 0.0952 5.3161 -0.7703
v 0.1282 5.2659 -0.8270
v 0.1342 5.2614 -0.8190
v 0.1040 5.2955 -0.7446
v 0.1011 5.3023 -0.7531
v -0.2682 5.9713 -0.6060
v -0.2644 5.9659 -0.5959
v -0.2534 6.0103 -0.5861
v -0.2552 6.0161 -0.5952
v -0.2513 6.0017 -0.5779
v -0.2474 5.9963 -0.5678
v -0.2351 6.0269 -0.5587
v -0.2370 6.0328 -0.5678
v -0.2492 5.9791 -0.5530
v -0.2455 5.9737 -0.5429
v -0.2400 6.0159 -0.5359
v -0.2419 6.0217 -0.5450
v 0.0616 5.3719 -0.7118
v 0.0649 5.3676 -0.7038
v 0.0275 5.4383 -0.6732
v 0.0246 5.4418 -0.6818
v 0.0682 5.3634 -0.6959
v 0.0715 5.3590 -0.6879
v 0.0332 5.4312 -0.6560
v 0.0303 5.4348 -0.6646
v -0.0226 5.5411 -0.7367
v -0.0215 5.5369 -0.7256
v -0.0922 5.6000 -0.7614
v -0.0960 5.6009 -0.7735
v -0.0191 5.5285 -0.7032
v -0.0179 5.5243 -0.6920
v -0.0817 5.5980 -0.7265
v -0.0850 5.5985 -0.7379
v -0.0167 5.5201 -0.6809
v -0.0155 5.5159 -0.6697
v -0.0751 5.5969 -0.7038
v -0.0784 5.5974 -0.7151
v -0.1779 5.6524 -0.7772
v -0.1716 5.6537 -0.7676
v -0.2339 5.7302 -0.7462
v -0.2401 5.7299 -0.7543
v -0.1593 5.6565 -0.7490
v -0.1533 5.6580 -0.7398
v -0.2152 5.7309 -0.7219
v -0.2214 5.7307 -0.7300
v -0.1473 5.6595 -0.7307
v -0.1414 5.6610 -0.7215
v -0.2028 5.7315 -0.7036
v -0.2090 5.7312 -0.7117
v 0.0550 5.3806 -0.7279
v 0.0516 5.3849 -0.7358
v 0.0160 5.4524 -0.7076
v 0.0189 5.4489 -0.6990
v 0.0314 4.0614 -0.9183
v 0.0324 4.0584 -0.9085
v 0.0442 3.9782 -0.8959
v 0.0457 3.9789 -0.9024
v 0.0345 4.0522 -0.8891
v 0.0354 4.0492 -0.8793
v 0.0398 3.9762 -0.8760
v 0.0413 3.9769 -0.8825
v 0.0375 4.0431 -0.8599
v 0.0385 4.0400 -0.8502
v 0.0354 3.9742 -0.8560
v 0.0369 3.9748 -0.8626
v 0.1943 4.7622 -0.8223
v 0.1926 4.7614 -0.8115
v 0.2416 4.6980 -0.7895
v 0.2461 4.6984 -0.8003
v 0.1890 4.7599 -0.7900
v 0.1872 4.7591 -0.7793
v 0.2283 4.6971 -0.7571
v 0.2327 4.6974 -0.7679
v 0.1837 4.7577 -0.7579
v 0.1818 4.7569 -0.7471
v 0.2149 4.6961 -0.7248
v 0.2194 4.6964 -0.7356
v 0.2997 4.6049 -0.7963
v 0.2931 4.6065 -0.7870
v 0.3312 4.5386 -0.8192
v 0.3387 4.5435 -0.8295
v 0.2801 4.6097 -0.7687
v 0.2736 4.6113 -0.7596
v 0.3086 4.5243 -0.7887
v 0.3162 4.5291 -0.7989
v 0.2605 4.6145 -0.7414
v 0.2539 4.6161 -0.7323
v 0.2857 4.5098 -0.7584
v 0.2934 4.5146 -0.7685
v 0.0564 3.9210 -0.9165
v 0.0546 3.9203 -0.9098
v 0.0582 3.8671 -0.9310
v 0.0595 3.8685 -0.9386
v 0.0510 3.9190 -0.8963
v 0.0492 3.9182 -0.8897
v 0.0543 3.8627 -0.9085
v 0.0556 3.8641 -0.9160
v 0.0456 3.9168 -0.8763
v 0.0438 3.9160 -0.8697
v 0.0503 3.8583 -0.8860
v 0.0516 3.8597 -0.8936
v 0.3405 4.4485 -0.8699
v 0.3354 4.4430 -0.8599
v 0.3158 4.3537 -0.9280
v 0.3186 4.3580 -0.9393
v 0.3255 4.4318 -0.8400
v 0.3206 4.4263 -0.8300
v 0.3077 4.3411 -0.8943
v 0.3103 4.3453 -0.9056
v 0.3106 4.4151 -0.8102
v 0.3057 4.4095 -0.8003
v 0.3004 4.3282 -0.8604
v 0.3028 4.3326 -0.8718
v 0.2574 4.3095 -1.0080
v 0.2564 4.3067 -0.9978
v 0.2002 4.2481 -1.0401
v 0.2015 4.2499 -1.0529
v 0.2546 4.3012 -0.9776
v 0.2537 4.2984 -0.9673
v 0.1964 4.2429 -1.0014
v 0.1977 4.2447 -1.0143
v 0.2520 4.2929 -0.9470
v 0.2512 4.2901 -0.9367
v 0.1926 4.2379 -0.9627
v 0.1938 4.2395 -0.9756
v 0.0918 3.8023 -0.9074
v 0.0903 3.8009 -0.9020
v 0.0978 3.7382 -0.8728
v 0.0982 3.7397 -0.8757
v 0.0873 3.7978 -0.8915
v 0.0859 3.7963 -0.8861
v 0.0968 3.7337 -0.8637
v 0.0971 3.7352 -0.8667
v 0.0830 3.7933 -0.8755
v 0.0814 3.7918 -0.8701
v 0.0958 3.7292 -0.8547
v 0.0961 3.7307 -0.8578
v 0.1387 4.1807 -1.0061
v 0.1353 4.1806 -0.9949
v 0.0671 4.1244 -0.9324
v 0.0667 4.1278 -0.9427
v 0.1287 4.1805 -0.9727
v 0.1253 4.1806 -0.9616
v 0.0681 4.1143 -0.9016
v 0.0678 4.1176 -0.9119
v 0.1189 4.1807 -0.9394
v 0.1158 4.1809 -0.9283
v 0.0691 4.1042 -0.8708
v 0.0687 4.1075 -0.8811
v 0.1620 4.8226 -0.8475
v 0.1587 4.8207 -0.8386
v 0.1524 4.8170 -0.8208
v 0.1491 4.8151 -0.8118
v 0.1427 4.8113 -0.7939
v 0.1395 4.8094 -0.7850
v 0.0856 3.6869 -0.8700
v 0.0858 3.6876 -0.8724
v 0.0850 3.6848 -0.8631
v 0.0853 3.6855 -0.8654
v -0.0233 5.2385 -0.8414
v -0.0221 5.2333 -0.8293
v -0.0158 5.1594 -0.8544
v -0.0121 5.1630 -0.8639
v -0.0200 5.2228 -0.8049
v -0.0189 5.2176 -0.7928
v -0.0267 5.1489 -0.8257
v -0.0231 5.1524 -0.8352
v -0.0166 5.2070 -0.7685
v -0.0155 5.2018 -0.7564
v -0.0377 5.1382 -0.7970
v -0.0341 5.1418 -0.8066
v 0.1719 5.9202 -0.4870
v 0.1683 5.9151 -0.4786
v 0.2319 5.8389 -0.4756
v 0.2382 5.8427 -0.4845
v 0.1612 5.9049 -0.4620
v 0.1576 5.8998 -0.4537
v 0.2132 5.8273 -0.4488
v 0.2194 5.8312 -0.4577
v 0.1505 5.8896 -0.4370
v 0.1469 5.8844 -0.4287
v 0.1944 5.8157 -0.4219
v 0.2006 5.8196 -0.4309
v 0.3036 5.7577 -0.5325
v 0.2958 5.7516 -0.5199
v 0.3431 5.7032 -0.5620
v 0.3515 5.7144 -0.5712
v 0.2802 5.7396 -0.4947
v 0.2724 5.7336 -0.4820
v 0.3179 5.6694 -0.5341
v 0.3263 5.6807 -0.5433
v 0.2567 5.7215 -0.4568
v 0.2489 5.7155 -0.4441
v 0.2928 5.6356 -0.5061
v 0.3012 5.6469 -0.5154
v 0.0131 5.1215 -0.9133
v 0.0071 5.1170 -0.9037
v 0.0198 5.0732 -0.9587
v 0.0255 5.0784 -0.9687
v -0.0047 5.1080 -0.8845
v -0.0107 5.1035 -0.8748
v 0.0027 5.0574 -0.9287
v 0.0084 5.0627 -0.9387
v -0.0225 5.0944 -0.8556
v -0.0285 5.0899 -0.8460
v -0.0144 5.0416 -0.8986
v -0.0087 5.0469 -0.9086
v 0.3809 5.6895 -0.6304
v 0.3740 5.6780 -0.6225
v 0.3904 5.6362 -0.7157
v 0.3958 5.6436 -0.7258
v 0.3601 5.6550 -0.6069
v 0.3531 5.6435 -0.5990
v 0.3741 5.6140 -0.6855
v 0.3795 5.6215 -0.6955
v 0.3392 5.6205 -0.5834
v 0.3323 5.6089 -0.5755
v 0.3577 5.5919 -0.6552
v 0.3632 5.5993 -0.6653
v 0.3823 5.5487 -0.8315
v 0.3756 5.5465 -0.8190
v 0.2475 5.4442 -0.8619
v 0.2475 5.4443 -0.8746
v 0.3482 5.5420 -0.7929
v 0.3348 5.5398 -0.7799
v 0.2466 5.4437 -0.8233
v 0.2470 5.4439 -0.8362
v 0.3233 5.5353 -0.7549
v 0.3204 5.5331 -0.7425
v 0.2446 5.4429 -0.7850
v 0.2454 5.4432 -0.7977
v 0.0671 4.9930 -0.9575
v 0.0620 4.9892 -0.9474
v 0.1149 4.9209 -0.9091
v 0.1210 4.9243 -0.9182
v 0.0517 4.9815 -0.9272
v 0.0466 4.9776 -0.9171
v 0.0969 4.9106 -0.8818
v 0.1029 4.9140 -0.8909
v 0.0365 4.9700 -0.8969
v 0.0314 4.9661 -0.8868
v 0.0789 4.9003 -0.8545
v 0.0849 4.9037 -0.8635
v 0.1451 5.3695 -0.8663
v 0.1424 5.3689 -0.8537
v 0.0386 5.3051 -0.8234
v 0.0376 5.3103 -0.8353
v 0.1370 5.3675 -0.8286
v 0.1342 5.3669 -0.8161
v 0.0418 5.2897 -0.7874
v 0.0407 5.2949 -0.7994
v 0.1288 5.3655 -0.7910
v 0.1261 5.3649 -0.7785
v 0.0450 5.2742 -0.7516
v 0.0439 5.2793 -0.7635
v 0.1468 4.8583 -0.8703
v 0.1431 4.8558 -0.8611
v 0.1355 4.8508 -0.8428
v 0.1318 4.8483 -0.8337
v 0.1242 4.8432 -0.8154
v 0.1205 4.8407 -0.8063
v 0.1089 5.9716 -0.5102
v 0.1078 5.9657 -0.5012
v 0.1058 5.9542 -0.4831
v 0.1048 5.9484 -0.4741
v 0.1028 5.9369 -0.4559
v 0.1018 5.9311 -0.4469
v 0.1772 4.1838 -1.0681
v 0.2803 4.1622 -1.0455
v 0.2429 4.0669 -1.0568
v 0.1478 4.0893 -1.0814
v -0.0577 4.0972 -0.9822
v 0.0116 4.0789 -0.9656
v 0.0229 3.9901 -0.9545
v -0.0674 4.0156 -0.9962
v 0.0396 4.1143 -1.0605
v 0.1170 4.0975 -0.9852
v 0.1861 4.0171 -0.9210
v 0.1166 4.0124 -0.9629
v 0.3128 4.8603 -1.0331
v 0.2675 4.7608 -1.0511
v 0.0864 4.6827 -1.0501
v 0.1876 4.6253 -1.0442
v 0.1345 4.5659 -1.0302
v 0.0429 4.5772 -0.9818
v -0.0233 4.4970 -0.9644
v 0.0605 4.5065 -0.9774
v 0.0028 4.4340 -0.9597
v -0.0739 4.4348 -0.9735
v -0.1055 4.4049 -1.0214
v -0.0393 4.3708 -0.9631
v -0.0413 4.3385 -1.0222
v -0.1183 4.3814 -1.0835
v -0.1124 4.3290 -1.1192
v -0.0281 4.2808 -1.0549
v 0.0406 4.1922 -1.0538
v -0.0434 4.2220 -1.1198
v 0.0578 4.7431 -0.9731
v 0.1466 4.7462 -0.9086
v 0.2128 4.6870 -0.8820
v 0.1047 4.6790 -0.9303
v 0.1541 4.6071 -0.9021
v 0.2763 4.6370 -0.8879
v 0.3122 4.5940 -0.9185
v 0.2008 4.5647 -0.9322
v 0.1976 4.5414 -0.9994
v 0.2917 4.5454 -0.9914
v 0.2628 4.4768 -1.0905
v 0.1766 4.4796 -1.0861
v 0.1284 4.3699 -1.1133
v 0.2107 4.3676 -1.1248
v 0.1686 4.2769 -1.1160
v 0.0952 4.2834 -1.0748
v 0.0467 4.2221 -1.0010
v 0.1197 4.2011 -1.0490
v 0.0535 4.1525 -0.9758
v -0.0223 4.1638 -0.9660
v -0.1376 4.7499 -1.0518
v -0.0240 4.7499 -1.0104
v -0.0018 4.6985 -1.0374
v -0.1166 4.7039 -1.0800
v -0.0742 4.6505 -1.1105
v 0.0358 4.6636 -1.0753
v 0.0587 4.5838 -1.0857
v -0.0382 4.5699 -1.1318
v -0.0011 4.4683 -1.1225
v 0.0787 4.4882 -1.0517
v 0.1075 4.4115 -0.9646
v 0.0424 4.4037 -1.0670
v 0.0794 4.3442 -0.9703
v 0.1613 4.3595 -0.9061
v 0.2242 4.3143 -0.8911
v 0.1252 4.2953 -0.9264
v 0.1566 4.2366 -0.9376
v 0.2571 4.2484 -0.9314
v 0.2776 4.2108 -0.9977
v 0.1811 4.2057 -0.9981
v 0.1224 3.9979 -1.0506
v 0.2093 3.9826 -1.0473
v 0.1788 3.9013 -1.0034
v 0.0912 3.8986 -0.9860
v -0.0637 3.9515 -1.0071
v 0.0270 3.9325 -0.9737
v 0.0315 3.8797 -1.0000
v -0.0468 3.8840 -1.0093
v 0.1516 3.9304 -0.9132
v 0.2268 3.9569 -0.9072
v 0.2326 3.9202 -0.9197
v 0.1561 3.8564 -0.8918
v 0.0520 3.8065 -0.9191
v 0.1299 3.8146 -0.9248
v 0.0938 3.7655 -0.8989
v 0.0349 3.7445 -0.8961
v -0.0079 3.8020 -0.9882
v 0.0574 3.8026 -0.9717
v 0.0819 3.7375 -0.9254
v 0.0315 3.7332 -0.9587
v 0.1295 3.8146 -0.9110
v 0.2096 3.8519 -0.9291
v 0.1437 3.7704 -0.9246
v 0.0839 3.7549 -0.9272
v 0.0329 3.7060 -0.9155
v 0.0793 3.7168 -0.9035
v 0.0671 3.6885 -0.9115
v 0.0431 3.6851 -0.9183
v 0.0421 3.6918 -0.9273
v 0.0721 3.6922 -0.9078
v 0.0702 3.6670 -0.9026
v 0.0496 3.6679 -0.9159
v 0.0810 3.7077 -0.9151
v 0.0539 3.6772 -0.9176
v 0.1855 4.0081 -0.8428
v 0.1643 3.9806 -0.8991
v 0.2480 3.9942 -0.9163
v 0.2671 4.0301 -0.8493
v -0.0283 4.0312 -0.7898
v -0.0322 3.9281 -0.8033
v 0.0340 3.9737 -0.8490
v 0.0396 4.0373 -0.8402
v 0.0651 4.0800 -0.8882
v 0.1161 3.9757 -0.8059
v 0.1888 3.9913 -0.8127
v 0.1295 4.0867 -0.8689
v 0.2231 4.7111 -0.7926
v 0.1885 4.6658 -0.8534
v 0.2975 4.6505 -0.8722
v 0.3283 4.7231 -0.8326
v 0.1055 4.5983 -0.8673
v 0.0168 4.5011 -0.8119
v 0.1066 4.5300 -0.8830
v 0.2028 4.5783 -0.9114
v -0.0421 4.4152 -0.7703
v -0.0900 4.3518 -0.7727
v 0.0019 4.3654 -0.8046
v 0.0466 4.4367 -0.8195
v -0.1060 4.2744 -0.7971
v -0.0988 4.2143 -0.8349
v -0.0163 4.2488 -0.8607
v -0.0163 4.3004 -0.8275
v -0.0573 4.2016 -0.9110
v -0.0114 4.1729 -0.9778
v 0.0620 4.1693 -0.9538
v 0.0149 4.2306 -0.9409
v 0.0879 4.7604 -0.7180
v 0.1213 4.7071 -0.6951
v 0.2104 4.6958 -0.7140
v 0.1801 4.7561 -0.7363
v 0.1523 4.6255 -0.6860
v 0.1692 4.5079 -0.7136
v 0.2765 4.5050 -0.7500
v 0.2465 4.6178 -0.7239
v 0.1807 4.3762 -0.7475
v 0.2060 4.3137 -0.8072
v 0.2981 4.3238 -0.8491
v 0.2999 4.4039 -0.7913
v 0.1646 4.2847 -0.8734
v 0.0973 4.2402 -0.8816
v 0.1914 4.2363 -0.9498
v 0.2504 4.2873 -0.9265
v 0.0403 4.1658 -0.8369
v 0.0016 4.0870 -0.7955
v 0.0694 4.1011 -0.8604
v 0.1127 4.1811 -0.9173
v -0.0405 4.6174 -0.7422
v -0.0577 4.5738 -0.7898
v 0.0145 4.6248 -0.8403
v 0.0224 4.6586 -0.8010
v -0.0642 4.5376 -0.8613
v -0.0460 4.4988 -0.9288
v 0.0423 4.5283 -0.9427
v 0.0194 4.5871 -0.9157
v -0.0135 4.4292 -0.9133
v 0.0206 4.3567 -0.8598
v 0.0999 4.3656 -0.8384
v 0.0685 4.4484 -0.9054
v 0.0634 4.2849 -0.8106
v 0.1062 4.2010 -0.7753
v 0.2080 4.2293 -0.7790
v 0.1496 4.2922 -0.7930
v 0.1518 4.0931 -0.7565
v 0.1828 4.0291 -0.7895
v 0.2652 4.0630 -0.8001
v 0.2453 4.1317 -0.7688
v 0.1151 3.9035 -0.8640
v 0.0709 3.8281 -0.8113
v 0.1719 3.8382 -0.8674
v 0.2131 3.9225 -0.9119
v -0.0291 3.8719 -0.8232
v -0.0176 3.8459 -0.8541
v 0.0490 3.8569 -0.8781
v 0.0420 3.9155 -0.8625
v 0.1533 3.9027 -0.7784
v 0.1782 3.8383 -0.7693
v 0.2489 3.8461 -0.7777
v 0.2270 3.9104 -0.7769
v 0.0127 3.7825 -0.7829
v -0.0065 3.7331 -0.7818
v 0.0593 3.7535 -0.8106
v 0.1143 3.7823 -0.8230
v 0.0272 3.7788 -0.8606
v 0.0609 3.7231 -0.8584
v 0.0954 3.7276 -0.8517
v 0.0800 3.7903 -0.8646
v 0.1870 3.7868 -0.7833
v 0.1636 3.7349 -0.8031
v 0.1931 3.7390 -0.8192
v 0.2449 3.7946 -0.7929
v 0.0088 3.6902 -0.8215
v 0.0384 3.6739 -0.8617
v 0.0580 3.6840 -0.8690
v 0.0478 3.7139 -0.8314
v 0.0624 3.6818 -0.8591
v 0.0650 3.6589 -0.8625
v 0.0818 3.6598 -0.8656
v 0.0849 3.6842 -0.8608
v 0.1171 3.6836 -0.8314
v 0.0740 3.6665 -0.8582
v 0.0768 3.6689 -0.8754
v 0.1132 3.6936 -0.8556
v 0.0282 3.9635 -0.9231
v 0.0164 3.9155 -0.8641
v 0.0885 4.0018 -0.9235
v 0.0617 4.0337 -0.9751
v 0.0109 4.6160 -0.8903
v 0.0256 4.5898 -0.8511
v 0.1148 4.6874 -0.8635
v 0.0841 4.7443 -0.9077
v 0.0636 4.6175 -0.7608
v 0.0400 4.6874 -0.7697
v 0.0934 3.7014 -0.8912
v 0.0663 3.6730 -0.9011
v -0.2190 4.5690 -0.9824
v -0.1777 4.5220 -0.8705
v -0.1786 4.5767 -0.8222
v -0.2330 4.6328 -0.9345
v 0.0457 3.9789 -0.9026
v 0.2338 3.9465 -0.9815
v 0.1951 3.8648 -0.9397
v 0.3732 4.7715 -0.9359
v 0.3283 4.6905 -0.9657
v 0.2459 4.6984 -0.8004
v -0.0875 3.8025 -0.8146
v -0.0751 3.7925 -0.7799
v -0.0447 3.8526 -0.8053
v -0.0430 3.8775 -0.8548
v 0.0961 4.8119 -0.9009
v 0.1431 4.7288 -0.8337
v 0.1448 4.7562 -0.8032
v 0.0975 4.8393 -0.8901
v 0.0399 4.6821 -0.9349
v -0.1612 3.9481 -0.9312
v -0.1151 3.8532 -0.8256
v -0.1223 3.8866 -0.8012
v -0.1666 3.9745 -0.8990
v 0.2229 4.6001 -0.9767
v 0.1523 4.5505 -0.9714
v 0.2984 4.6049 -0.7975
v 0.3371 4.5435 -0.8311
v 0.1431 4.0947 -0.9335
v 0.2097 4.0181 -0.8879
v 0.0702 4.6493 -0.9856
v 0.0176 3.6990 -0.8835
v -0.0074 3.6840 -0.8524
v -0.0604 3.7279 -0.7992
v -0.0513 3.7437 -0.8407
v 0.0720 4.4692 -0.9050
v 0.0275 4.3994 -0.8889
v 0.3392 4.4486 -0.8709
v 0.3166 4.3588 -0.9399
v -0.0782 3.7829 -0.9148
v -0.0405 3.7746 -0.8728
v -0.0957 3.8391 -0.8592
v -0.1390 3.8717 -0.9330
v 0.0078 4.0138 -0.9303
v 0.0194 4.0324 -0.8891
v -0.0922 4.1615 -0.9524
v -0.1185 4.1669 -0.9896
v 0.0950 4.4774 -0.9628
v 0.1268 4.3959 -0.8852
v -0.1619 4.0274 -0.8602
v -0.1175 3.9982 -0.7836
v -0.0951 4.0938 -0.7927
v -0.1419 4.1270 -0.8586
v 0.0676 3.9059 -0.8764
v 0.0869 3.9020 -0.8302
v 0.0504 3.9673 -0.8500
v 0.0290 3.9704 -0.9022
v 0.1069 4.1047 -0.9731
v 0.1427 4.0617 -0.8992
v 0.1117 4.0873 -0.8487
v 0.0896 4.1456 -0.9307
v 0.0031 4.3423 -0.9021
v 0.0010 4.3031 -0.9439
v 0.2550 4.3103 -1.0083
v 0.2013 4.2500 -1.0529
v -0.1785 4.2529 -0.9944
v -0.1454 4.2113 -0.9188
v -0.1857 4.2478 -0.8641
v -0.2131 4.3225 -0.9670
v 0.2461 4.2768 -0.8113
v -0.0799 4.2016 -0.8913
v -0.0422 4.1615 -0.8133
v 0.0124 4.2468 -0.8648
v -0.0186 4.2751 -0.9263
v 0.2442 3.9564 -0.8744
v 0.2610 3.9089 -0.8738
v 0.0291 3.6790 -0.8667
v 0.0113 3.7195 -0.8728
v -0.2431 4.6955 -0.9137
v -0.1461 4.6272 -0.7714
v -0.1361 4.6725 -0.7586
v -0.2414 4.7359 -0.8888
v 0.0517 4.1826 -0.8963
v 0.0725 4.1473 -0.8278
v 0.0316 4.2210 -0.8324
v 0.0159 4.2387 -0.8983
v 0.0180 4.2452 -0.9723
v 0.0744 4.1753 -0.9809
v 0.1376 4.1803 -1.0059
v 0.0759 3.7897 -0.8533
v 0.1116 3.7854 -0.8146
v 0.1111 3.8423 -0.8145
v 0.0875 3.8480 -0.8595
v -0.2187 4.3831 -0.9351
v -0.1965 4.3115 -0.8303
v -0.1806 4.3837 -0.8038
v -0.1989 4.4465 -0.9074
v 0.2868 4.2067 -0.8351
v 0.3039 4.1459 -0.8922
v 0.0403 4.3431 -0.9504
v 0.0786 4.3109 -0.8852
v 0.1240 4.3468 -0.8458
v 0.0927 4.4128 -0.9444
v 0.0864 3.6896 -0.8793
v 0.0822 3.6633 -0.8817
v 0.2931 4.0990 -0.9481
v 0.2701 4.0232 -0.9821
v -0.0167 4.3050 -0.9556
v -0.0119 4.2885 -0.8669
v -0.0574 4.3563 -0.9230
v -0.0608 4.3637 -1.0313
v 0.2408 3.8364 -0.8681
v 0.1436 3.7549 -0.8813
v -0.1541 4.4809 -0.8682
v -0.1356 4.4364 -0.7929
v -0.0756 4.4952 -0.8036
v -0.0873 4.5265 -0.8630
v 0.0803 4.4478 -0.8830
v 0.0946 4.4123 -0.8049
v 0.0782 4.5087 -0.7602
v 0.0046 3.6870 -0.8732
v 0.0512 3.6869 -0.8518
v 0.0800 3.7325 -0.8327
v 0.0324 3.7360 -0.8635
v 0.0093 4.7417 -0.7776
v -0.0283 4.7796 -0.8000
v -0.1078 4.4312 -1.0383
v -0.0984 4.4310 -0.9829
v -0.1475 4.4769 -0.9327
v -0.1808 4.5028 -1.0245
v 0.1010 4.1889 -0.9927
v 0.1023 4.1479 -1.0436
v 0.0707 4.0683 -1.0438
v -0.1237 4.1549 -0.9379
v -0.1529 4.1032 -0.9678
v -0.1516 4.0257 -0.9902
v -0.1146 4.2139 -1.1001
v 0.0118 4.0654 -1.0326
v 0.0434 3.9918 -0.9560
v 0.3240 4.9173 -1.0016
v 0.1008 4.8995 -0.9535
v 0.1022 4.8754 -0.9901
v 0.0904 4.7845 -0.9943
v 0.0438 4.6479 -0.9511
v -0.0453 4.5320 -0.9132
v -0.1194 4.4899 -0.9197
v -0.1664 4.4426 -0.9462
v -0.1857 4.3874 -0.9883
v -0.1890 4.3397 -1.0330
v -0.1727 4.2941 -1.0761
v 0.0377 4.7887 -1.0112
v 0.1274 4.7999 -0.9438
v -0.0449 4.7686 -0.9825
v -0.0230 4.7325 -0.9701
v 0.0118 4.6837 -0.9550
v 0.1075 4.4977 -0.9596
v 0.1027 4.4561 -1.0374
v 0.0465 4.3594 -1.0390
v 0.0113 4.2865 -0.9964
v -0.0525 4.2229 -0.9623
v -0.1482 4.7947 -1.0143
v -0.0510 4.7904 -0.9861
v -0.2282 4.7254 -1.0126
v -0.2141 4.6702 -1.0314
v -0.1903 4.6092 -1.0667
v -0.1479 4.5429 -1.0936
v -0.0844 4.4496 -1.1029
v -0.0369 4.3766 -1.0691
v 0.0011 4.3191 -0.9919
v 0.0430 4.2653 -0.9435
v 0.0744 4.2151 -0.9450
v 0.0609 3.9845 -1.0018
v 0.0342 3.8952 -0.9261
v -0.1439 3.9518 -0.9895
v -0.1233 3.8776 -0.9817
v 0.0842 3.9241 -0.9146
v 0.1016 3.8605 -0.8908
v -0.0314 3.7979 -0.8706
v 0.0813 3.7986 -0.8840
v 0.0417 3.7456 -0.8889
v 0.0067 3.6996 -0.8960
v 0.0144 3.6762 -0.8974
v 0.2438 4.7453 -0.7675
v 0.3260 4.7671 -0.8105
v 0.0735 4.7994 -0.7606
v 0.1363 4.8075 -0.7761
v -0.0333 4.6656 -0.7290
v 0.0093 4.6963 -0.7911
v 0.0251 3.6704 -0.8747
v 0.0416 3.6604 -0.8719
v 0.0435 3.6683 -0.8633
v 0.3871 4.8308 -0.9221
v 0.0273 3.6766 -0.8940
v 0.0283 3.6631 -0.8926
v 0.0165 3.6709 -0.8782
v 0.2141 5.3668 -0.9247
v 0.3547 5.3374 -0.9072
v 0.3373 5.2325 -0.9690
v 0.1667 5.2746 -0.9832
v -0.1388 5.2829 -0.8999
v -0.0423 5.2668 -0.8915
v -0.0229 5.1963 -0.9279
v -0.1555 5.2180 -0.9630
v 0.1027 5.2826 -0.8918
v 0.1924 5.1876 -0.8541
v 0.2374 5.9893 -0.6598
v 0.3259 5.9571 -0.6429
v 0.2739 5.8643 -0.6702
v 0.1822 5.9127 -0.6825
v 0.1148 5.8350 -0.6867
v 0.2027 5.7794 -0.6855
v 0.1482 5.7431 -0.6870
v 0.0333 5.7831 -0.6491
v -0.0384 5.7163 -0.6665
v 0.0643 5.7143 -0.6644
v 0.0019 5.6468 -0.6906
v -0.0915 5.6505 -0.7141
v -0.1260 5.6136 -0.7879
v -0.0453 5.5790 -0.7327
v -0.0281 5.5523 -0.8154
v -0.1318 5.5858 -0.8658
v -0.1259 5.5264 -0.9198
v -0.0052 5.4970 -0.8742
v 0.0371 5.3930 -0.9152
v -0.0641 5.4186 -0.9652
v 0.0426 5.9703 -0.6398
v 0.1462 5.9466 -0.5763
v 0.2080 5.8695 -0.5506
v 0.0857 5.9059 -0.6199
v 0.1566 5.8169 -0.5869
v 0.2874 5.7876 -0.5677
v 0.3375 5.7573 -0.6040
v 0.2324 5.7638 -0.6195
v 0.2393 5.7367 -0.6890
v 0.3674 5.7301 -0.6740
v 0.3362 5.6812 -0.7930
v 0.1902 5.7015 -0.8059
v 0.1105 5.6097 -0.9020
v 0.2387 5.5830 -0.8983
v 0.1663 5.4908 -0.9366
v 0.0583 5.5124 -0.9221
v -0.0025 5.4273 -0.8892
v 0.0996 5.4035 -0.9227
v 0.0078 5.3442 -0.8787
v -0.0769 5.3510 -0.8572
v -0.1758 5.9918 -0.7233
v -0.0740 5.9771 -0.6775
v -0.0524 5.9356 -0.6992
v -0.1593 5.9412 -0.7484
v -0.1407 5.8650 -0.7772
v -0.0077 5.8756 -0.7322
v 0.0400 5.8010 -0.7602
v -0.0919 5.7771 -0.8163
v -0.0118 5.6992 -0.8347
v 0.0898 5.7161 -0.7584
v 0.1330 5.6359 -0.7099
v 0.0335 5.6408 -0.8036
v 0.1018 5.5758 -0.7439
v 0.2004 5.5707 -0.6705
v 0.2718 5.5141 -0.6748
v 0.1588 5.5067 -0.7209
v 0.1891 5.4324 -0.7607
v 0.3028 5.4346 -0.7483
v 0.3317 5.3755 -0.8218
v 0.2078 5.3939 -0.8407
v 0.1027 5.1934 -1.0085
v 0.2619 5.1596 -1.0062
v 0.1850 5.0877 -1.0085
v 0.0388 5.0950 -1.0076
v -0.1416 5.1617 -1.0086
v -0.0058 5.1541 -0.9814
v -0.0037 5.0996 -1.0339
v -0.1130 5.0941 -1.0420
v 0.2405 5.1096 -0.8600
v 0.2764 5.0597 -0.8706
v -0.0436 4.9871 -0.9461
v 0.0834 4.9957 -0.9650
v -0.0123 4.9299 -0.9403
v -0.1384 4.9046 -0.9538
v -0.0748 5.0007 -1.0519
v 0.0227 4.9984 -1.0382
v 0.0855 4.9136 -1.0150
v -0.0294 4.9045 -1.0517
v 0.3046 5.0264 -0.8929
v 0.3051 4.9874 -0.9309
v -0.1653 4.8531 -0.9834
v -0.0647 4.8550 -0.9323
v 0.0388 4.8374 -0.7928
v 0.1167 4.8382 -0.7971
v 0.3169 4.9533 -0.9720
v 0.1931 5.1864 -0.7554
v 0.1558 5.1587 -0.8451
v 0.3115 5.1508 -0.8482
v 0.3248 5.1783 -0.7396
v -0.0951 5.1854 -0.6770
v -0.1347 5.1116 -0.7320
v -0.0414 5.1347 -0.7875
v -0.0144 5.1966 -0.7442
v 0.0305 5.2507 -0.7872
v 0.0811 5.1219 -0.7118
v 0.1899 5.1380 -0.7121
v 0.1240 5.2546 -0.7519
v 0.2040 5.9038 -0.4637
v 0.1924 5.8625 -0.5142
v 0.3035 5.8238 -0.5369
v 0.2987 5.8964 -0.4999
v 0.1031 5.8117 -0.5430
v 0.0051 5.7209 -0.5230
v 0.1133 5.7403 -0.5678
v 0.2252 5.7615 -0.5786
v -0.0559 5.6326 -0.5127
v -0.1049 5.5606 -0.5333
v 0.0020 5.5761 -0.5566
v 0.0488 5.6517 -0.5435
v -0.1251 5.4481 -0.5869
v -0.1307 5.3562 -0.6579
v -0.0230 5.4206 -0.6743
v -0.0171 5.4893 -0.6110
v -0.0953 5.3681 -0.7585
v -0.0472 5.3569 -0.8489
v 0.0516 5.3542 -0.8186
v 0.0186 5.4254 -0.7754
v 0.0417 5.8717 -0.4129
v 0.0826 5.8048 -0.4017
v 0.1881 5.8119 -0.4130
v 0.1434 5.8793 -0.4204
v 0.1349 5.7224 -0.4134
v 0.1769 5.6120 -0.4659
v 0.2844 5.6243 -0.4969
v 0.2411 5.7095 -0.4315
v 0.2131 5.5383 -0.5334
v 0.2457 5.5256 -0.6043
v 0.3523 5.5845 -0.6452
v 0.3253 5.5974 -0.5677
v 0.1969 5.5099 -0.6759
v 0.1173 5.4383 -0.7005
v 0.2396 5.4419 -0.7757
v 0.3162 5.5305 -0.7302
v 0.0330 5.3417 -0.6806
v -0.0387 5.2455 -0.6629
v 0.0460 5.2690 -0.7396
v 0.1234 5.3642 -0.7659
v -0.1672 5.8852 -0.5024
v -0.1476 5.8376 -0.5377
v -0.0439 5.8652 -0.5693
v -0.0647 5.9034 -0.5352
v -0.1097 5.7912 -0.6128
v -0.0676 5.7367 -0.6630
v 0.0370 5.7465 -0.6575
v -0.0048 5.8122 -0.6243
v -0.0208 5.6612 -0.6625
v 0.0272 5.5758 -0.6266
v 0.1229 5.5731 -0.5983
v 0.0787 5.6635 -0.6444
v 0.0815 5.4885 -0.5933
v 0.1286 5.3986 -0.5836
v 0.2434 5.4155 -0.5712
v 0.1818 5.4920 -0.5680
v 0.1655 5.2829 -0.6040
v 0.1917 5.2101 -0.6754
v 0.2954 5.2172 -0.6665
v 0.2760 5.3026 -0.5983
v 0.0795 5.0582 -0.8320
v 0.0476 4.9354 -0.7782
v 0.1573 5.0005 -0.8643
v 0.2299 5.0872 -0.8845
v -0.1444 5.0369 -0.7816
v -0.1255 4.9968 -0.8524
v -0.0201 5.0364 -0.8886
v -0.0345 5.0853 -0.8363
v 0.1246 5.0291 -0.6839
v 0.1558 4.9424 -0.6675
v 0.2723 4.9576 -0.6866
v 0.2353 5.0373 -0.6830
v 0.0211 4.8473 -0.7325
v 0.0070 4.7760 -0.7083
v 0.0476 4.8236 -0.7572
v 0.0764 4.9105 -0.8145
v -0.0628 4.9441 -0.8784
v -0.0081 4.8793 -0.8429
v 0.0729 4.8969 -0.8454
v 0.0263 4.9622 -0.8767
v 0.1835 4.8795 -0.6837
v 0.2287 4.8286 -0.7097
v 0.3276 4.8624 -0.7578
v 0.3082 4.9071 -0.7178
v -0.0109 4.7240 -0.7166
v 0.0289 4.7460 -0.7516
v 0.0130 4.8381 -1.0354
v 0.1213 4.8586 -0.9800
v 0.2557 4.7808 -0.7310
v 0.3303 4.8158 -0.7834
v -0.0336 5.1379 -0.9025
v -0.0261 5.0546 -0.8339
v 0.0451 5.1798 -0.8735
v 0.0111 5.2221 -0.9248
v -0.0113 5.8363 -0.5546
v 0.0078 5.8104 -0.5271
v 0.1138 5.8843 -0.5149
v 0.0964 5.9135 -0.5474
v 0.0326 5.7559 -0.4831
v -0.0196 5.8301 -0.4783
v 0.3884 4.8786 -0.9050
v -0.2690 5.8137 -0.7070
v -0.2226 5.7956 -0.6403
v -0.2520 5.8486 -0.5721
v -0.2841 5.8843 -0.6470
v 0.3268 5.9318 -0.5596
v 0.3466 5.8395 -0.5927
v -0.1607 4.9202 -0.8185
v -0.0926 4.8521 -0.7401
v -0.0628 4.9376 -0.7684
v -0.0977 5.0020 -0.8466
v 0.1408 5.9616 -0.5337
v 0.1544 5.9217 -0.4849
v 0.1815 5.9474 -0.4638
v 0.1842 5.9953 -0.5252
v -0.2564 5.0160 -0.7891
v -0.2515 5.0958 -0.7238
v 0.2554 5.7818 -0.6197
v 0.1702 5.7372 -0.6358
v 0.1419 5.2717 -0.8287
v 0.2262 5.1809 -0.8039
v -0.2413 4.7858 -0.8600
v -0.1228 4.7222 -0.7479
v -0.1018 4.7745 -0.7420
v -0.2147 4.8445 -0.8307
v 0.0802 5.6825 -0.6072
v 0.0333 5.6109 -0.6286
v -0.1578 4.9362 -0.9153
v -0.2275 4.9728 -0.8615
v -0.0685 5.1953 -0.8857
v -0.0477 5.2034 -0.8177
v -0.1822 5.3247 -0.8327
v -0.2143 5.3308 -0.8699
v -0.2091 5.1913 -0.6854
v -0.1532 5.2559 -0.6588
v -0.0040 5.0778 -0.8620
v 0.0239 5.0557 -0.7840
v -0.0198 5.1285 -0.7898
v -0.0490 5.1474 -0.8702
v 0.0917 5.2927 -0.8746
v 0.1403 5.2569 -0.8111
v 0.1070 5.2887 -0.7359
v 0.0834 5.3436 -0.8046
v 0.0070 5.5457 -0.6760
v 0.0086 5.5048 -0.7451
v 0.3272 5.5437 -0.8290
v 0.2417 5.4422 -0.8750
v -0.2886 5.3914 -0.8201
v -0.2380 5.3656 -0.7460
v -0.2425 5.4166 -0.6832
v -0.2877 5.4801 -0.7621
v -0.1166 5.3852 -0.7356
v -0.0708 5.3361 -0.6562
v 0.0132 5.4376 -0.6794
v 0.2710 5.1014 -0.7828
v 0.3150 5.0307 -0.7872
v -0.0617 4.8177 -0.8402
v -0.0980 4.8678 -0.8902
v -0.2459 5.9392 -0.6185
v -0.2378 5.8963 -0.5374
v -0.2383 5.9382 -0.5314
v -0.2311 5.9845 -0.6043
v 0.0483 5.3892 -0.7438
v 0.0748 5.3547 -0.6799
v 0.0361 5.4277 -0.6474
v 0.0131 5.4560 -0.7161
v 0.0327 5.4484 -0.8030
v 0.0731 5.3667 -0.8455
v 0.0735 4.9682 -0.8618
v 0.0668 4.9260 -0.7761
v 0.0512 4.9897 -0.7764
v 0.0318 5.0202 -0.8552
v -0.2541 5.5760 -0.6982
v -0.2258 5.5018 -0.6168
v -0.2063 5.6013 -0.5628
v -0.2318 5.6470 -0.6352
v 0.3277 5.3740 -0.6497
v 0.3699 5.2979 -0.7418
v 0.0961 5.5205 -0.6767
v 0.1562 5.5518 -0.6296
v 0.3995 5.2388 -0.8079
v 0.3623 5.1829 -0.9089
v -0.0238 5.5453 -0.7479
v -0.0143 5.5117 -0.6585
v -0.0718 5.5963 -0.6923
v -0.0982 5.6007 -0.7834
v 0.3431 4.9740 -0.8142
v 0.3676 4.9324 -0.8705
v -0.1884 5.7051 -0.5973
v -0.1628 5.6602 -0.5350
v -0.1021 5.7203 -0.5246
v -0.1190 5.7545 -0.5724
v 0.1244 5.6006 -0.5761
v 0.0823 5.6733 -0.5090
v 0.0883 4.8832 -0.8853
v 0.1254 4.8105 -0.7904
v 0.0930 4.8619 -0.7800
v 0.0782 4.9244 -0.8690
v -0.0536 5.8887 -0.4775
v -0.0664 5.9293 -0.4755
v -0.1833 5.6506 -0.7855
v -0.1354 5.6625 -0.7124
v -0.1966 5.7317 -0.6976
v -0.2463 5.7297 -0.7624
v -0.1895 5.3327 -0.8156
v -0.2799 5.2101 -0.9451
v -0.1702 5.3944 -0.9528
v -0.0473 5.2595 -0.9703
v -0.0225 5.1804 -0.9300
v 0.2651 6.0187 -0.6062
v 0.3333 5.9971 -0.6111
v 0.1898 6.0091 -0.5897
v 0.1640 5.9665 -0.6054
v 0.1170 5.9151 -0.6184
v 0.0289 5.8495 -0.6055
v -0.0708 5.7572 -0.6170
v -0.1514 5.7169 -0.6460
v -0.1977 5.6597 -0.6949
v -0.2205 5.5952 -0.7697
v -0.2578 5.5218 -0.8412
v -0.2461 5.4652 -0.8996
v 0.0124 6.0049 -0.6165
v 0.1030 5.9876 -0.5834
v -0.0142 5.4891 -0.8342
v -0.0930 5.4123 -0.8171
v -0.1868 6.0205 -0.6797
v -0.0946 6.0032 -0.6618
v -0.1440 5.6679 -0.8350
v -0.0526 5.6116 -0.8109
v -0.2669 5.1365 -0.9850
v -0.2304 5.0599 -1.0123
v 0.0279 5.1059 -0.9087
v 0.0688 5.0403 -0.8951
v 0.0839 4.9883 -0.9031
v 0.0875 4.9565 -0.9258
v -0.0730 4.8450 -1.0098
v 0.0856 4.9296 -0.9392
v 0.2332 5.9471 -0.4595
v 0.3111 5.9424 -0.4907
v 0.0102 5.9308 -0.4443
v 0.1008 5.9253 -0.4379
v -0.1810 5.9394 -0.5109
v -0.0862 5.9371 -0.5249
v 0.2975 5.9804 -0.5452
v -0.0211 7.4540 1.6091
v -0.0253 7.4746 1.6000
v -0.2951 7.3408 1.5819
v -0.2915 7.3199 1.5892
v -0.5671 7.1559 1.4540
v -0.5586 7.1371 1.4593
v -0.7621 6.9650 1.2772
v -0.7550 6.9470 1.2860
v -0.9119 6.7730 1.0883
v -0.9043 6.7558 1.0936
v -0.9528 6.6268 0.7810
v -0.9455 6.6095 0.7882
v -0.9078 6.5505 0.5263
v -0.8983 6.5283 0.5333
v -0.8203 6.4694 0.2411
v -0.8059 6.4450 0.2495
v -0.6227 6.3643 -0.0310
v -0.6170 6.3433 -0.0288
v -0.4844 6.2467 -0.3140
v -0.4783 6.2295 -0.3246
v -0.3159 6.1848 -0.4559
v -0.3130 6.1683 -0.4602
v -0.1356 6.1569 -0.5249
v -0.1359 6.1395 -0.5298
v 0.7878 6.3862 0.3026
v 0.6150 6.2972 0.0077
v 0.6198 6.3133 0.0006
v 0.7962 6.4067 0.2959
v 0.3598 5.9271 -0.2998
v 0.4293 5.9986 -0.1183
v 0.4245 5.9889 -0.1102
v 0.3571 5.9173 -0.2942
v 0.6361 6.4130 0.8378
v 0.6471 6.6068 0.9726
v 0.6311 6.5960 0.9743
v 0.6154 6.4037 0.8403
v 0.2169 7.2268 1.5517
v -0.0193 7.1350 1.6190
v -0.0200 7.1212 1.6109
v 0.2141 7.2110 1.5455
v -0.4230 5.9330 -0.3785
v -0.2887 5.9134 -0.5061
v -0.2835 5.9045 -0.5043
v -0.4198 5.9231 -0.3753
v 0.5258 7.4428 1.1728
v 0.5070 7.4637 1.2109
v 0.5055 7.4593 1.2141
v 0.5246 7.4385 1.1759
v 0.0226 5.8922 -0.5508
v 0.0861 5.9257 -0.3177
v 0.0858 5.9185 -0.3157
v 0.0361 5.8859 -0.5433
v 0.4648 6.0430 0.1957
v 0.5614 6.1024 0.4815
v 0.5405 6.0942 0.4919
v 0.4540 6.0321 0.2093
v -0.2444 7.0264 1.5953
v -0.4530 6.8960 1.4665
v -0.4437 6.8846 1.4567
v -0.2377 7.0133 1.5857
v -0.6508 6.5563 1.1295
v -0.6438 6.3462 0.8743
v -0.6241 6.3361 0.8769
v -0.6327 6.5534 1.1279
v 0.3876 7.3531 1.3978
v 0.3843 7.3411 1.3981
v 0.6465 6.7872 1.0782
v 0.6069 6.9525 1.1610
v 0.5954 6.9367 1.1625
v 0.6323 6.7738 1.0789
v -0.5465 6.1099 0.3942
v -0.5037 6.0560 0.0459
v -0.4974 6.0462 0.0521
v -0.5339 6.0974 0.4014
v 0.6254 6.2083 0.6891
v 0.6015 6.1990 0.6952
v -0.5963 6.7276 1.3045
v -0.5848 6.7203 1.2966
v -0.5988 6.1746 0.6525
v -0.5809 6.1598 0.6581
v 0.5811 7.1419 1.2072
v 0.5754 7.1267 1.2128
v 0.1609 5.9095 -0.4163
v 0.1588 5.9005 -0.4130
v 0.3733 5.9919 -0.3323
v 0.4566 6.0616 -0.1659
v 0.4534 6.0476 -0.1588
v 0.3732 5.9763 -0.3280
v 0.7482 6.4175 0.8201
v 0.7702 6.6204 0.9558
v 0.7567 6.6066 0.9624
v 0.7306 6.4046 0.8266
v 0.2509 7.3555 1.5838
v -0.0033 7.2617 1.6495
v -0.0033 7.2483 1.6482
v 0.2513 7.3424 1.5849
v -0.4422 6.0047 -0.3920
v -0.3088 5.9823 -0.5188
v -0.3060 5.9688 -0.5223
v -0.4376 5.9926 -0.4016
v 0.0787 5.9600 -0.4992
v 0.0748 5.9716 -0.2950
v 0.0744 5.9609 -0.2948
v 0.0819 5.9474 -0.4995
v 0.5299 6.1217 0.1165
v 0.6149 6.1661 0.4042
v 0.5947 6.1567 0.4154
v 0.5198 6.1090 0.1282
v -0.2895 7.1336 1.6370
v -0.5287 6.9722 1.5297
v -0.5275 6.9613 1.5339
v -0.2886 7.1212 1.6389
v 0.2475 5.9643 -0.4213
v 0.2480 5.9505 -0.4192
v -0.7741 6.5917 1.1391
v -0.7912 6.4065 0.8523
v -0.7739 6.3926 0.8562
v -0.7606 6.5808 1.1415
v 0.5160 7.4910 1.1920
v 0.4155 7.4402 1.3985
v 0.4151 7.4282 1.4004
v 0.5151 7.4864 1.1955
v 0.7412 6.8344 1.0619
v 0.6888 7.0283 1.1475
v 0.6806 7.0106 1.1538
v 0.7295 6.8188 1.0677
v -0.6196 6.1583 0.3110
v -0.5367 6.0859 -0.0106
v -0.5315 6.0722 -0.0067
v -0.6071 6.1454 0.3184
v 0.6911 6.2517 0.6369
v 0.6694 6.2397 0.6451
v -0.6869 6.7838 1.3634
v -0.6806 6.7728 1.3655
v -0.7142 6.2644 0.5874
v -0.6963 6.2482 0.5931
v 0.6196 7.2243 1.1773
v 0.5335 7.4694 1.1538
v 0.5322 7.4647 1.1577
v 0.6159 7.2104 1.1844
v 0.8363 6.5001 0.2678
v 0.6606 6.3976 -0.0161
v 0.6711 6.4256 -0.0229
v 0.8418 6.5306 0.2558
v 0.8482 6.5899 0.2298
v 0.6897 6.4811 -0.0374
v 0.7002 6.5091 -0.0442
v 0.8537 6.6204 0.2178
v 0.8784 6.6364 0.5008
v 0.8806 6.6662 0.4867
v 0.8841 6.7248 0.4581
v 0.8863 6.7547 0.4440
v -0.9168 6.8341 1.0526
v -0.7903 7.0483 1.2585
v -0.7991 7.0723 1.2541
v -0.9192 6.8576 1.0404
v -0.9206 6.9263 1.0103
v -0.8148 7.1260 1.2440
v -0.8237 7.1497 1.2396
v -0.9229 6.9499 0.9980
v 0.5183 6.3457 -0.2309
v 0.5245 6.3680 -0.2336
v 0.5343 6.4135 -0.2379
v 0.5406 6.4358 -0.2407
v 0.2120 7.6202 1.4445
v 0.4209 7.6533 1.2714
v 0.4210 7.6724 1.2559
v 0.2144 7.6390 1.4321
v 0.2194 7.6767 1.4075
v 0.4210 7.7105 1.2251
v 0.4210 7.7295 1.2097
v 0.2219 7.6955 1.3951
v -0.8271 6.5370 0.2137
v -0.9146 6.6090 0.4940
v -0.9167 6.6334 0.4826
v -0.8288 6.5614 0.2045
v -0.8400 6.6178 0.1815
v -0.9290 6.7037 0.4510
v -0.9310 6.7281 0.4397
v -0.8416 6.6422 0.1723
v -0.3026 6.2521 -0.4450
v -0.4879 6.3270 -0.3110
v -0.4915 6.3519 -0.3064
v -0.2994 6.2790 -0.4404
v -0.2864 6.3391 -0.4298
v -0.4791 6.4046 -0.3139
v -0.4814 6.4315 -0.3115
v -0.2824 6.3659 -0.4252
v 0.6297 7.5135 1.0196
v 0.7531 7.3418 0.9851
v 0.7490 7.3685 0.9650
v 0.6257 7.5361 1.0065
v 0.6205 7.5791 0.9821
v 0.7472 7.4254 0.9219
v 0.7433 7.4510 0.9028
v 0.6163 7.6013 0.9694
v 0.8900 6.9606 0.8129
v 0.8869 6.8165 0.6869
v 0.8888 6.8451 0.6731
v 0.8917 6.9860 0.8001
v 0.8906 7.0546 0.7598
v 0.8918 6.9052 0.6432
v 0.8937 6.9342 0.6291
v 0.8925 7.0811 0.7461
v -0.5880 7.2510 1.4129
v -0.3102 7.4352 1.5168
v -0.3094 7.4591 1.5032
v -0.5928 7.2741 1.4037
v -0.6023 7.3203 1.3852
v -0.3076 7.5068 1.4761
v -0.3067 7.5307 1.4625
v -0.6071 7.3434 1.3759
v -0.9548 6.6813 0.7465
v -0.9562 6.7056 0.7341
v -0.9614 6.7837 0.6996
v -0.9627 6.8080 0.6871
v 0.3943 6.3022 -0.3700
v 0.2597 6.2677 -0.4542
v 0.2654 6.2907 -0.4533
v 0.3991 6.3243 -0.3696
v 0.4024 6.3685 -0.3715
v 0.2703 6.3361 -0.4562
v 0.2751 6.3589 -0.4556
v 0.4069 6.3909 -0.3712
v -0.6466 6.4381 -0.0570
v -0.6537 6.4625 -0.0651
v -0.6639 6.5106 -0.0914
v -0.6715 6.5351 -0.0991
v 0.4981 7.6425 1.0768
v 0.4963 7.6571 1.0673
v 0.4811 7.6477 1.0545
v 0.4793 7.6624 1.0450
v 0.8471 7.1417 0.9301
v 0.8439 7.1697 0.9119
v 0.8364 7.2447 0.8597
v 0.8332 7.2725 0.8416
v -0.1229 6.2091 -0.4817
v -0.1180 6.2350 -0.4772
v -0.1157 6.3069 -0.4807
v -0.1111 6.3331 -0.4767
v -0.0375 6.2273 -0.4712
v -0.0347 6.2517 -0.4700
v 0.0698 6.3283 -0.4911
v 0.0694 6.3605 -0.4947
v 0.0480 6.2455 -0.4406
v 0.0486 6.2683 -0.4427
v -0.0412 7.5479 1.5350
v -0.0390 7.5677 1.5224
v -0.0347 7.6072 1.4971
v -0.0325 7.6270 1.4845
v 0.5098 7.6236 1.0554
v 0.5076 7.6374 1.0450
v 0.4965 7.6285 1.0305
v 0.4943 7.6422 1.0202
v 0.2243 7.5366 1.5108
v 0.2208 7.5555 1.5006
v -0.0171 7.3740 1.6312
v -0.0131 7.3530 1.6401
v 0.2456 7.4603 1.5632
v 0.2421 7.4789 1.5531
v 0.4252 7.5807 1.3325
v 0.4265 7.5933 1.3243
v 0.4156 7.5174 1.3766
v 0.4166 7.5290 1.3683
v -0.3010 7.2359 1.6126
v -0.2975 7.2150 1.6204
v -0.5492 7.0614 1.4970
v -0.5406 7.0426 1.5022
v -0.7309 6.8664 1.3341
v -0.7236 6.8482 1.3427
v -0.8604 6.6574 1.1192
v -0.8528 6.6399 1.1245
v -0.8854 6.5323 0.8195
v -0.8781 6.5149 0.8267
v -0.8213 6.4102 0.5616
v -0.8117 6.3876 0.5686
v -0.7124 6.2898 0.2850
v -0.6981 6.2654 0.2934
v -0.5766 6.2089 -0.0182
v -0.5708 6.1880 -0.0159
v -0.4574 6.1225 -0.3521
v -0.4522 6.1048 -0.3619
v -0.3063 6.1214 -0.4998
v -0.3038 6.1061 -0.5060
v -0.1437 6.1019 -0.5152
v -0.1440 6.0829 -0.5208
v 0.5037 7.5878 1.1121
v 0.5033 7.5985 1.1042
v 0.5199 7.5240 1.1667
v 0.5195 7.5346 1.1588
v 0.5216 7.5993 1.0927
v 0.5228 7.5881 1.0979
v 0.6387 7.4302 1.0660
v 0.6386 7.4495 1.0557
v 0.5370 7.5139 1.1251
v 0.5381 7.5023 1.1307
v 0.6365 7.3032 1.1384
v 0.6366 7.3232 1.1276
v 0.7401 7.2536 1.0454
v 0.7411 7.2737 1.0347
v 0.7312 7.1315 1.1098
v 0.7322 7.1508 1.1002
v 0.8234 7.0469 0.9863
v 0.8261 7.0648 0.9776
v 0.8136 6.9356 1.0262
v 0.8156 6.9541 1.0180
v 0.8719 6.8625 0.8640
v 0.8751 6.8794 0.8546
v 0.8621 6.7169 0.9214
v 0.8657 6.7361 0.9109
v 0.8892 6.7041 0.7394
v 0.8927 6.7246 0.7324
v 0.8540 6.5255 0.7871
v 0.8589 6.5457 0.7802
v 0.8699 6.5201 0.5491
v 0.8752 6.5408 0.5418
v 0.8101 6.3535 0.5923
v 0.8154 6.3737 0.5850
v 0.7265 6.2322 0.3430
v 0.7345 6.2523 0.3363
v 0.5017 6.2595 -0.2229
v 0.5047 6.2778 -0.2249
v 0.5957 6.2017 0.0416
v 0.5908 6.1855 0.0488
v 0.4871 6.1428 -0.2100
v 0.4903 6.1610 -0.2120
v 0.3843 6.2358 -0.3726
v 0.3837 6.2151 -0.3719
v 0.2453 6.1819 -0.4539
v 0.2455 6.2033 -0.4546
v 0.3815 6.1101 -0.3630
v 0.3808 6.0895 -0.3622
v 0.2460 6.0546 -0.4401
v 0.2458 6.0759 -0.4411
v 0.1409 6.1902 -0.4399
v 0.1378 6.1714 -0.4370
v 0.1023 6.1536 -0.3152
v 0.1045 6.1763 -0.3124
v 0.0702 6.0531 -0.3478
v 0.0672 6.0760 -0.3395
v 0.0140 6.2006 -0.4450
v 0.0188 6.1738 -0.4553
v 0.0462 6.0765 -0.4364
v 0.0483 6.0538 -0.4445
v 0.3737 6.0388 -0.3453
v 0.4660 6.1037 -0.1873
v 0.4629 6.0897 -0.1802
v 0.3736 6.0232 -0.3410
v 0.8103 6.4785 0.8021
v 0.8178 6.6777 0.9375
v 0.8045 6.6642 0.9441
v 0.7927 6.4656 0.8087
v 0.2405 7.4041 1.5684
v -0.0089 7.3068 1.6464
v -0.0087 7.2933 1.6452
v 0.2409 7.3911 1.5695
v -0.4494 6.0496 -0.3751
v -0.3123 6.0222 -0.5099
v -0.3096 6.0087 -0.5135
v -0.4449 6.0376 -0.3845
v 0.0713 5.9976 -0.4973
v 0.0761 6.0037 -0.2954
v 0.0757 5.9930 -0.2953
v 0.0746 5.9850 -0.4976
v 0.5601 6.1600 0.0814
v 0.6793 6.2050 0.3712
v 0.6590 6.1955 0.3824
v 0.5501 6.1475 0.0931
v 0.2460 6.0055 -0.4279
v 0.2465 5.9918 -0.4257
v -0.8146 6.6222 1.1322
v -0.8423 6.4472 0.8430
v -0.8251 6.4334 0.8469
v -0.8011 6.6114 1.1345
v 0.5186 7.5049 1.1813
v 0.4120 7.4811 1.3867
v 0.4115 7.4693 1.3884
v 0.5176 7.5004 1.1847
v 0.7811 6.8907 1.0429
v 0.7150 7.0821 1.1287
v 0.7069 7.0648 1.1350
v 0.7695 6.8753 1.0488
v -0.6535 6.1994 0.3046
v -0.5503 6.1281 -0.0127
v -0.5451 6.1144 -0.0088
v -0.6408 6.1866 0.3121
v 0.7642 6.3087 0.6138
v 0.7423 6.2963 0.6219
v -0.5035 7.0092 1.4919
v -0.6921 6.8176 1.3454
v -0.6860 6.8065 1.3477
v -0.5024 6.9983 1.4962
v -0.7654 6.3153 0.5806
v -0.7473 6.2991 0.5864
v 0.6299 7.2621 1.1588
v 0.5371 7.4828 1.1427
v 0.5358 7.4781 1.1466
v 0.6264 7.2484 1.1658
v -0.2801 7.1728 1.6208
v -0.2790 7.1605 1.6224
v 0.3678 5.9566 -0.3167
v 0.4438 6.0279 -0.1426
v 0.4390 6.0181 -0.1345
v 0.3652 5.9468 -0.3111
v 0.6996 6.4250 0.8310
v 0.7333 6.6299 0.9667
v 0.7171 6.6190 0.9683
v 0.6788 6.4157 0.8335
v 0.2382 7.2771 1.5639
v -0.0111 7.1827 1.6395
v -0.0120 7.1690 1.6313
v 0.2353 7.2614 1.5576
v -0.4316 5.9625 -0.3896
v -0.3004 5.9414 -0.5144
v -0.2951 5.9325 -0.5127
v -0.4284 5.9526 -0.3862
v 0.0174 5.9186 -0.5566
v 0.0869 5.9472 -0.3234
v 0.0866 5.9401 -0.3214
v 0.0310 5.9122 -0.5490
v 0.4978 6.0707 0.1553
v 0.5557 6.1259 0.4359
v 0.5349 6.1099 0.4463
v 0.4870 6.0547 0.1689
v -0.2653 7.0729 1.6225
v -0.4836 6.9278 1.5016
v -0.4748 6.9163 1.4924
v -0.2586 7.0598 1.6129
v 0.1673 5.9366 -0.4264
v 0.1652 5.9276 -0.4230
v -0.7262 6.5657 1.1451
v -0.7285 6.3580 0.8618
v -0.7085 6.3481 0.8640
v -0.7089 6.5634 1.1437
v 0.5116 7.4768 1.2012
v 0.4045 7.3897 1.3936
v 0.4014 7.3778 1.3938
v 0.5102 7.4724 1.2044
v 0.7041 6.8178 1.0777
v 0.6594 6.9869 1.1633
v 0.6480 6.9711 1.1647
v 0.6894 6.8046 1.0782
v -0.5742 6.1232 0.3405
v -0.5139 6.0544 0.0107
v -0.5076 6.0444 0.0168
v -0.5617 6.1106 0.3477
v 0.6291 6.2306 0.6566
v 0.6052 6.2216 0.6627
v -0.6466 6.7441 1.3525
v -0.6351 6.7368 1.3446
v -0.6532 6.2150 0.6094
v -0.6347 6.2007 0.6147
v 0.6062 7.1780 1.1971
v 0.5296 7.4559 1.1636
v 0.5284 7.4516 1.1667
v 0.6012 7.1624 1.2029
v -0.0477 7.4886 1.5729
v -0.0140 7.3245 1.6459
v 0.2312 7.4136 1.5613
v 0.2046 7.5637 1.4815
v 0.4086 7.4962 1.3807
v 0.4209 7.5962 1.3176
v -0.3129 7.3636 1.5575
v -0.2825 7.1973 1.6176
v -0.5737 7.1817 1.4407
v -0.5058 7.0309 1.4833
v -0.7615 6.9837 1.2701
v -0.7044 6.8397 1.3408
v -0.9015 6.7875 1.0845
v -0.8404 6.6490 1.1267
v -0.9299 6.6507 0.7768
v -0.8714 6.5120 0.8340
v -0.8839 6.5759 0.5224
v -0.8082 6.3973 0.5787
v -0.8067 6.4840 0.2392
v -0.6925 6.2875 0.3063
v -0.6146 6.3688 -0.0278
v -0.5496 6.1801 -0.1026
v -0.3913 6.2255 -0.3076
v -0.3968 6.0848 -0.3850
v -0.2836 6.1942 -0.4429
v -0.2334 6.0739 -0.4761
v -0.0522 6.1583 -0.5106
v 0.0002 6.0466 -0.4856
v 0.4649 7.4529 1.1708
v 0.4619 7.5380 1.1079
v 0.5003 7.5308 1.0926
v 0.5099 7.4411 1.1346
v 0.6400 7.3025 1.1319
v 0.6388 7.4511 1.0544
v 0.7367 7.1481 1.0928
v 0.7433 7.2963 1.0174
v 0.8085 6.9616 1.0168
v 0.8303 7.1066 0.9456
v 0.8466 6.7534 0.9224
v 0.8757 6.9002 0.8388
v 0.8481 6.5643 0.7868
v 0.8812 6.7286 0.7299
v 0.8100 6.3830 0.5956
v 0.8530 6.5480 0.5374
v 0.7207 6.2454 0.3480
v 0.7851 6.4103 0.2937
v 0.6185 6.3139 0.0012
v 0.6960 6.5388 -0.0550
v 0.8259 6.6546 0.1967
v 0.4884 6.1388 -0.0073
v 0.4153 6.0972 -0.2196
v 0.4964 6.2801 -0.2198
v 0.3751 6.2369 -0.3627
v 0.3607 6.0822 -0.3095
v 0.2425 6.0535 -0.3983
v 0.2416 6.2040 -0.4400
v 0.0849 6.0133 -0.3125
v 0.0597 6.1589 -0.3174
v 0.8710 6.7864 0.4253
v -0.8325 7.1735 1.2352
v -0.9189 6.9769 0.9864
v 0.5469 6.4580 -0.2435
v 0.4211 7.7486 1.1942
v 0.2243 7.7143 1.3828
v -0.9007 6.7702 0.4317
v -0.8204 6.6792 0.1655
v -0.4836 6.4636 -0.2807
v -0.2802 6.3966 -0.4046
v 0.7235 7.4895 0.8734
v 0.6113 7.6241 0.9561
v 0.8940 6.9649 0.6136
v 0.8777 7.1236 0.7197
v -0.3058 7.5546 1.4489
v -0.6119 7.3666 1.3666
v 0.8321 6.8208 0.1165
v 0.7164 6.7031 -0.0999
v 0.6960 6.7516 -0.1045
v 0.8122 6.8670 0.1004
v -0.9389 6.8462 0.6773
v 0.2798 6.3854 -0.4383
v 0.4115 6.4148 -0.3637
v -0.6737 6.5647 -0.0941
v 0.4473 7.6550 1.0319
v 0.8004 7.3256 0.8035
v -0.1123 6.3618 -0.4771
v 0.0925 6.3546 -0.4366
v -0.0304 7.6468 1.4718
v 0.4830 7.6410 1.0098
v 0.3149 6.5727 -0.4251
v 0.1253 6.5377 -0.4383
v 0.1273 6.6007 -0.4349
v 0.3115 6.6322 -0.3952
v -0.5978 7.4867 1.3000
v -0.2929 7.6599 1.3761
v -0.2751 7.6787 1.3288
v -0.5703 7.5113 1.2540
v 0.4637 7.7552 0.9526
v 0.5718 7.7018 0.9014
v 0.5234 7.7132 0.8869
v 0.4382 7.7566 0.9328
v 0.5564 6.6366 -0.2664
v 0.5396 6.6891 -0.2533
v 0.2142 7.8195 1.2453
v 0.4087 7.8289 1.0594
v 0.3877 7.8371 1.0267
v 0.2074 7.8363 1.1994
v -0.1041 6.5316 -0.4808
v -0.2834 6.5474 -0.4259
v -0.2741 6.6002 -0.4111
v -0.0922 6.5870 -0.4600
v 0.8100 6.9679 0.0490
v 0.7149 6.8729 -0.1638
v 0.6993 7.0499 -0.2142
v 0.7837 7.1393 -0.0391
v -0.4998 6.5958 -0.3194
v -0.7250 6.6931 -0.1402
v -0.7061 6.7365 -0.1366
v -0.4871 6.6410 -0.3067
v 0.8834 7.1257 0.5143
v 0.8736 6.9593 0.3218
v 0.8473 7.0005 0.3015
v 0.8454 7.1611 0.4938
v -0.8343 6.7897 0.1094
v -0.8883 6.8856 0.3726
v -0.8604 6.9214 0.3564
v -0.8143 6.8281 0.1000
v 0.7949 7.4349 0.7392
v 0.8601 7.2491 0.6424
v 0.8242 7.2824 0.6191
v 0.7640 7.4636 0.7147
v -0.9184 6.9776 0.6209
v -0.8822 7.1215 0.9117
v -0.8514 7.1601 0.8809
v -0.8888 7.0159 0.6020
v -0.8288 7.3001 1.1699
v -0.7914 7.3321 1.1237
v 0.7259 7.5779 0.8213
v 0.6984 7.5959 0.7999
v 0.4185 6.5966 -0.3640
v 0.4076 6.6548 -0.3376
v -0.0245 7.7491 1.3442
v -0.0197 7.7647 1.2959
v 0.4486 7.7720 0.9687
v 0.4271 7.7763 0.9486
v 0.1430 6.7642 -0.4848
v -0.0870 6.7533 -0.5350
v -0.0797 6.9873 -0.5619
v 0.1463 6.9900 -0.5029
v -0.7645 7.4570 1.0639
v -0.5656 7.5939 1.2078
v -0.5316 7.6862 1.1142
v -0.6938 7.5910 0.9685
v 0.5517 7.7913 0.8622
v 0.7024 7.6765 0.7693
v 0.6585 7.7533 0.7032
v 0.5478 7.8516 0.7944
v 0.4184 6.8031 -0.3605
v 0.3260 6.7850 -0.4165
v 0.3339 6.9943 -0.4471
v 0.4342 7.0004 -0.4035
v -0.3073 7.7445 1.2821
v -0.0616 7.8404 1.2589
v -0.1100 7.9066 1.1638
v -0.3320 7.8055 1.1753
v 0.3402 7.9101 1.0296
v 0.4056 7.8776 0.9568
v 0.3871 7.9534 0.8964
v 0.2930 7.9794 0.9635
v 0.1733 7.9127 1.1778
v 0.1132 7.9719 1.0910
v -0.3011 6.7681 -0.4836
v -0.5287 6.8034 -0.3745
v -0.5177 7.0285 -0.3947
v -0.3090 7.0057 -0.5196
v 0.8407 7.0973 0.2449
v 0.7970 7.2572 0.1482
v -0.7240 6.8750 -0.1919
v -0.8428 6.9821 0.0233
v -0.7915 7.1688 -0.0443
v -0.6870 7.0712 -0.2348
v 0.8152 7.3884 0.5591
v 0.8291 7.2519 0.4293
v 0.7769 7.3823 0.3285
v 0.7585 7.5072 0.4790
v -0.8851 7.0881 0.2781
v -0.9064 7.1950 0.5417
v -0.8676 7.4022 0.4590
v -0.8542 7.2876 0.1921
v 0.7651 7.5501 0.6665
v 0.7154 7.6411 0.5971
v -0.8565 7.3212 0.8223
v -0.8060 7.5033 0.7292
v 0.4508 7.8440 0.9241
v 0.4517 7.9183 0.8551
v 0.5457 6.8305 -0.2822
v 0.5574 7.0143 -0.3310
v -0.0729 7.2966 -0.5414
v -0.2912 7.3128 -0.4843
v -0.4890 7.2972 -0.3848
v -0.6413 7.2648 -0.2800
v 0.1478 7.2627 -0.4925
v 0.3424 7.2515 -0.4706
v 0.4570 7.2438 -0.4443
v 0.6785 7.2016 -0.2615
v 0.5717 7.2266 -0.3569
v 0.0407 8.0608 0.9277
v -0.0185 8.0920 0.6830
v -0.2328 8.0493 0.7525
v -0.1620 7.9903 1.0217
v -0.0420 8.0425 0.4080
v -0.2735 8.0123 0.4924
v -0.0589 7.9545 0.0798
v -0.2987 7.9409 0.1496
v -0.0640 7.7817 -0.2009
v -0.2909 7.7699 -0.1398
v -0.0664 7.5659 -0.4017
v -0.2815 7.5615 -0.3441
v -0.3899 7.9088 0.8471
v -0.3405 7.8766 1.0563
v -0.5190 7.9246 0.5586
v -0.5564 7.8625 0.2392
v -0.5327 7.7062 -0.0536
v -0.4956 7.5152 -0.2549
v -0.6098 7.7593 0.8922
v -0.5128 7.7752 1.0448
v -0.7198 7.7334 0.6422
v -0.7788 7.6651 0.3444
v -0.7490 7.5368 0.0675
v -0.6986 7.3947 -0.1523
v 0.2435 8.0304 0.8209
v 0.1966 8.0316 0.6070
v 0.1722 7.9965 0.3367
v 0.1651 7.9075 0.0462
v 0.1566 7.7400 -0.2053
v 0.1533 7.5267 -0.3951
v 0.3812 7.9973 0.7438
v 0.3487 7.9788 0.5463
v 0.3392 7.9327 0.3020
v 0.3480 7.8489 0.0393
v 0.3514 7.7048 -0.2049
v 0.3492 7.5027 -0.3855
v 0.4541 7.9574 0.7070
v 0.4329 7.9328 0.5217
v 0.4314 7.8774 0.2995
v 0.4504 7.7931 0.0588
v 0.4694 7.6639 -0.1779
v 0.4663 7.4772 -0.3539
v 0.6278 7.8095 0.6379
v 0.6449 7.7467 0.5349
v 0.5417 7.8584 0.5106
v 0.5461 7.8906 0.6678
v 0.6567 7.6469 0.3909
v 0.5444 7.7834 0.3254
v 0.6805 7.5425 0.2149
v 0.5727 7.6956 0.1137
v 0.7165 7.4358 0.0213
v 0.5973 7.5766 -0.0996
v 0.7139 7.3135 -0.1498
v 0.6031 7.4253 -0.2770
v 0.3657 5.9950 -0.3062
v 0.4064 6.0072 -0.2206
v 0.4206 5.9339 -0.2544
v 0.3626 5.9310 -0.3228
v 0.7426 6.4876 0.8259
v 0.7668 6.6761 0.9618
v 0.6355 6.6148 0.9734
v 0.6183 6.4356 0.8412
v 0.2335 7.3349 1.5679
v -0.0125 7.2444 1.6395
v -0.0168 7.1619 1.5903
v 0.2165 7.2425 1.5296
v -0.4003 5.9724 -0.4463
v -0.2007 5.9706 -0.4916
v -0.1556 5.8983 -0.5124
v -0.3217 5.8888 -0.4734
v 0.5024 7.4132 1.1574
v 0.4620 7.4218 1.1947
v 0.4534 7.3963 1.2134
v 0.4949 7.3873 1.1758
v 0.0449 5.9714 -0.4940
v 0.0949 5.9495 -0.3177
v 0.0777 5.9047 -0.3099
v 0.0883 5.9217 -0.4695
v 0.4610 6.0639 -0.0186
v 0.5992 6.1875 0.4152
v 0.5435 6.1271 0.4927
v 0.4424 5.9476 -0.0469
v -0.2754 7.1238 1.6272
v -0.4991 6.9657 1.5090
v -0.4464 6.8974 1.4528
v -0.2353 7.0451 1.5696
v 0.2118 5.9748 -0.3932
v 0.1667 5.9181 -0.4132
v -0.7591 6.5848 1.1408
v -0.7684 6.4311 0.8591
v -0.6495 6.3740 0.8740
v -0.6556 6.5727 1.1317
v 0.4051 7.4240 1.3908
v 0.3854 7.3551 1.3910
v 0.7383 6.8713 1.0561
v 0.6885 7.0482 1.1313
v 0.6206 6.9547 1.1393
v 0.6491 6.7913 1.0641
v -0.6162 6.2106 0.3514
v -0.5061 6.0737 -0.1398
v -0.4559 5.9841 -0.1717
v -0.5409 6.1355 0.3946
v 0.6789 6.3057 0.6445
v 0.6052 6.2387 0.6962
v -0.6677 6.7733 1.3546
v -0.5985 6.7297 1.3076
v -0.7010 6.3001 0.6156
v -0.5913 6.2110 0.6492
v 0.6196 7.2249 1.1704
v 0.5911 7.1378 1.1984
v -0.0688 5.9599 -0.7747
v -0.0538 5.9612 -0.7774
v 0.0211 5.8250 -0.7295
v 0.0158 5.8367 -0.7245
v 0.1814 6.8451 -0.6209
v 0.1937 6.8579 -0.6158
v 0.1789 6.8180 -0.6196
v 0.1674 6.8083 -0.6207
v 0.1258 6.6904 -0.6062
v 0.1168 6.6825 -0.6067
v 0.0699 6.4942 -0.6712
v 0.0626 6.4956 -0.6701
v 0.0160 6.3643 -0.6759
v -0.0009 6.3415 -0.6650
v -0.0968 6.2936 -0.7074
v -0.1244 6.2888 -0.6968
v -0.0974 6.2722 -0.6777
v -0.1386 6.2967 -0.6314
v -0.1743 6.1623 -0.7401
v -0.1921 6.1523 -0.7364
v -0.1799 6.1493 -0.7375
v -0.2010 6.1232 -0.7348
v -0.1706 6.0588 -0.7651
v -0.1840 6.0560 -0.7645
v 0.0418 5.8667 -0.6345
v 0.0408 5.8668 -0.6323
v 0.0381 5.8666 -0.6399
v 0.0379 5.8667 -0.6372
v -0.0857 6.5672 -0.4343
v -0.0764 6.5683 -0.4320
v -0.0084 6.5698 -0.6317
v -0.0289 6.5793 -0.6445
v 0.0272 6.5119 -0.6360
v 0.0138 6.5156 -0.6383
v 0.0442 6.4891 -0.6710
v 0.0394 6.4833 -0.6730
v 0.0890 6.3677 -0.6701
v 0.0780 6.3768 -0.6799
v 0.1004 6.2520 -0.6312
v 0.0873 6.2557 -0.6434
v 0.0847 6.1704 -0.5876
v 0.0886 6.1683 -0.5908
v 0.2336 6.0457 -0.4001
v 0.2368 6.0476 -0.4014
v 0.2341 6.0122 -0.3800
v 0.2289 6.0347 -0.3944
v -0.0621 6.6631 -0.3995
v -0.0472 6.6453 -0.3994
v -0.1527 7.4475 -0.5861
v -0.1294 7.4528 -0.5881
v -0.0082 7.3027 -0.6271
v -0.0231 7.2932 -0.6242
v 0.0543 7.1337 -0.4029
v 0.0323 7.1309 -0.4091
v 0.2300 7.9629 0.0244
v 0.2437 7.9584 0.0229
v 0.2158 7.9435 -0.0206
v 0.2048 7.9499 -0.0141
v 0.1755 7.9359 -0.0555
v 0.1629 7.9428 -0.0461
v 0.0906 7.9177 -0.1181
v 0.0746 7.9239 -0.1111
v 0.0100 7.8745 -0.2157
v -0.0096 7.8660 -0.2291
v -0.0808 7.7864 -0.3297
v -0.1047 7.7962 -0.3251
v -0.2452 7.7457 -0.3182
v -0.2692 7.7493 -0.3054
v -0.2345 7.6867 -0.3880
v -0.2442 7.6815 -0.3890
v -0.2234 7.6338 -0.4346
v -0.2400 7.6238 -0.4331
v -0.2076 7.5620 -0.4947
v -0.2347 7.5506 -0.4951
v 0.1114 7.0283 -0.4062
v 0.0900 7.0288 -0.4117
v 0.1520 6.9431 -0.3934
v 0.1320 6.9440 -0.4010
v 0.2371 6.9321 -0.5969
v 0.2180 6.9251 -0.6044
v 0.2324 6.9229 -0.5997
v 0.2131 6.8900 -0.6073
v 0.2170 6.9043 -0.6062
v 0.1989 6.8689 -0.6134
v 0.4290 7.1376 -0.5388
v 0.4378 7.1258 -0.5339
v 0.3345 7.0451 -0.5675
v 0.3257 7.0558 -0.5705
v 0.2367 6.9545 -0.5963
v 0.2290 6.9651 -0.5989
v -0.1165 7.9461 0.0110
v -0.1157 7.9476 0.0215
v -0.0781 7.9401 -0.0113
v -0.0804 7.9824 -0.0216
v -0.0609 7.9654 -0.0620
v -0.0653 7.9609 -0.0715
v 0.0740 6.8480 -0.4205
v 0.0674 6.8568 -0.4220
v -0.0182 6.7685 -0.4214
v -0.0261 6.7817 -0.4267
v -0.0099 7.9251 -0.1355
v -0.0178 7.9226 -0.1431
v 0.0508 7.8767 -0.1993
v 0.0439 7.8734 -0.2044
v 0.1127 7.8331 -0.2396
v 0.1070 7.8283 -0.2463
v 0.1577 7.6379 -0.1164
v 0.1513 7.6339 -0.1220
v 0.2505 7.6071 -0.1340
v 0.2444 7.6043 -0.1383
v 0.3695 7.5528 -0.1541
v 0.3621 7.5507 -0.1608
v 0.4580 7.3957 -0.2326
v 0.4450 7.4034 -0.2383
v 0.4801 7.2602 -0.2636
v 0.4698 7.2866 -0.2714
v 0.4452 7.1999 -0.2815
v 0.4319 7.2226 -0.2936
v -0.1685 6.5988 -0.6381
v -0.1492 6.5997 -0.6439
v -0.1282 6.5447 -0.6558
v -0.1381 6.5448 -0.6534
v -0.1167 6.6009 -0.6517
v -0.0977 6.6006 -0.6521
v -0.0867 6.5405 -0.6560
v -0.1025 6.5425 -0.6578
v -0.1158 6.4846 -0.6700
v -0.1057 6.4871 -0.6698
v -0.0661 6.3546 -0.7025
v -0.0758 6.3535 -0.7033
v -0.0335 6.4619 -0.6754
v -0.0102 6.4662 -0.6771
v 0.0154 6.4003 -0.6873
v -0.0056 6.3989 -0.6864
v -0.0349 6.2508 -0.7224
v -0.0235 6.2532 -0.7198
v 0.0401 6.1675 -0.7012
v 0.0227 6.1670 -0.7090
v 0.0016 6.2582 -0.7088
v 0.0148 6.2592 -0.6999
v 0.0877 6.1861 -0.6482
v 0.0723 6.1790 -0.6703
v 0.1571 6.1498 -0.6245
v 0.1734 6.1217 -0.6058
v 0.1365 6.0967 -0.6198
v 0.0849 6.0501 -0.6187
v 0.1779 6.1085 -0.5795
v 0.1299 6.0742 -0.6052
v 0.1658 6.0413 -0.6246
v 0.2236 6.1049 -0.5948
v 0.2420 5.9368 -0.6127
v 0.2701 5.9387 -0.6118
v 0.0400 5.8668 -0.6341
v 0.0424 5.8668 -0.6298
v 0.0417 5.8666 -0.6372
v 0.0405 5.8666 -0.6395
v -0.1944 6.6439 -0.6232
v -0.1774 6.6453 -0.6278
v -0.1428 6.6494 -0.6365
v -0.1244 6.6524 -0.6403
v 0.2693 7.3814 -0.5522
v 0.3006 7.3765 -0.5502
v 0.2440 7.2331 -0.5844
v 0.2082 7.2420 -0.5872
v 0.3720 7.3607 -0.5461
v 0.4031 7.3477 -0.5425
v 0.3484 7.2051 -0.5618
v 0.3146 7.2142 -0.5717
v -0.1959 7.9278 -0.0890
v -0.1765 7.9332 -0.0858
v -0.1612 7.9127 -0.1369
v -0.1814 7.9078 -0.1387
v -0.1376 7.9441 -0.0794
v -0.1182 7.9495 -0.0762
v -0.0992 7.9316 -0.1235
v -0.1199 7.9253 -0.1279
v -0.1567 7.8785 -0.1884
v -0.1314 7.8883 -0.1856
v -0.0856 7.8302 -0.2702
v -0.1101 7.8186 -0.2760
v -0.0844 7.9048 -0.1822
v -0.0695 7.9090 -0.1793
v -0.0191 7.8578 -0.2413
v -0.0468 7.8525 -0.2524
v -0.0306 7.7796 -0.3410
v -0.0087 7.7868 -0.3287
v 0.0588 7.7632 -0.3428
v 0.0364 7.7569 -0.3546
v 0.0390 7.7960 -0.3161
v 0.0609 7.8031 -0.3039
v 0.0952 7.6082 -0.2205
v 0.1035 7.7551 -0.2064
v 0.1043 7.5672 -0.2065
v 0.1260 7.5715 -0.1970
v 0.2114 7.5334 -0.2239
v 0.1875 7.5303 -0.2317
v 0.1702 7.5807 -0.1783
v 0.1919 7.5854 -0.1690
v 0.2832 7.5428 -0.2006
v 0.2593 7.5396 -0.2084
v 0.2264 7.4321 -0.2877
v 0.2523 7.4333 -0.2845
v 0.2762 7.4677 -0.3936
v 0.2463 7.4697 -0.3968
v 0.3050 7.4350 -0.2769
v 0.3324 7.4350 -0.2710
v 0.3597 7.4574 -0.3790
v 0.3262 7.4643 -0.3697
v 0.1239 7.1430 -0.6187
v 0.1556 7.1349 -0.6116
v 0.0779 7.0250 -0.6425
v 0.0494 7.0267 -0.6499
v 0.2197 7.1220 -0.6015
v 0.2507 7.1147 -0.5924
v 0.1635 7.0197 -0.6203
v 0.1350 7.0214 -0.6277
v -0.0873 6.8902 -0.4566
v -0.0150 6.8913 -0.6659
v -0.1777 6.7708 -0.6439
v -0.2015 6.7688 -0.6371
v 0.0338 6.8955 -0.6551
v 0.0582 6.8975 -0.6496
v -0.0880 6.8427 -0.4556
v -0.1265 6.7750 -0.6477
v -0.2265 6.7181 -0.6148
v -0.2087 6.7140 -0.6183
v -0.1701 6.7049 -0.6248
v -0.1526 6.7004 -0.6279
v -0.2090 7.9218 -0.0130
v -0.1912 7.9295 -0.0129
v -0.1557 7.9467 -0.0417
v -0.1380 7.9558 -0.0367
v -0.0784 6.6571 -0.6371
v -0.0685 6.6581 -0.6348
v -0.0402 6.5842 -0.6432
v -0.0515 6.5894 -0.6449
v -0.0148 6.5266 -0.6492
v -0.0295 6.5310 -0.6517
v 0.0291 6.4824 -0.6755
v 0.0237 6.4802 -0.6756
v 0.0609 6.3975 -0.6882
v 0.0527 6.4021 -0.6886
v 0.0660 6.2674 -0.6613
v 0.0561 6.2687 -0.6659
v 0.1505 6.1662 -0.5845
v 0.1389 6.1730 -0.6076
v 0.1279 6.1413 -0.5690
v 0.1275 6.1276 -0.5803
v 0.2158 6.0064 -0.3525
v 0.2980 6.0344 -0.5551
v -0.0691 6.7264 -0.4211
v -0.0910 6.7127 -0.4134
v 0.3989 7.1741 -0.5498
v 0.4071 7.1631 -0.5482
v 0.3082 7.0766 -0.5759
v 0.2993 7.0868 -0.5783
v 0.2135 6.9862 -0.6042
v 0.2057 6.9968 -0.6068
v -0.1187 7.9544 -0.0206
v -0.1179 7.9594 -0.0101
v -0.0871 7.9715 -0.0423
v -0.0911 7.9659 -0.0525
v -0.0727 7.9516 -0.0905
v -0.0758 7.9469 -0.1000
v 0.1022 6.8733 -0.6398
v 0.0957 6.8821 -0.6412
v -0.0417 6.8080 -0.4373
v -0.0496 6.8211 -0.4426
v -0.0339 7.9173 -0.1585
v -0.0418 7.9147 -0.1661
v 0.0298 7.8667 -0.2148
v 0.0227 7.8634 -0.2199
v 0.0958 7.8185 -0.2598
v 0.0901 7.8136 -0.2665
v 0.1376 7.6261 -0.1334
v 0.1309 7.6222 -0.1391
v 0.2320 7.5986 -0.1469
v 0.2259 7.5958 -0.1511
v 0.3434 7.5713 -0.4666
v 0.3341 7.5705 -0.4731
v 0.3691 7.5086 -0.4882
v 0.3583 7.5127 -0.4901
v 0.3894 7.4399 -0.5199
v 0.3709 7.4517 -0.5285
v 0.4185 7.3725 -0.5421
v 0.4018 7.3940 -0.5447
v -0.1126 5.9548 -0.7656
v -0.0976 5.9560 -0.7686
v 0.0048 5.8893 -0.7423
v -0.0007 5.8883 -0.7380
v 0.0497 5.8665 -0.6502
v 0.0439 5.8662 -0.6514
v 0.1357 6.8002 -0.6262
v 0.1523 6.8166 -0.6258
v 0.1382 6.7850 -0.6226
v 0.1232 6.7733 -0.6236
v 0.1018 6.6392 -0.6105
v 0.0925 6.6381 -0.6125
v 0.0410 6.4995 -0.6644
v 0.0290 6.5038 -0.6589
v -0.0396 6.3891 -0.6559
v 0.0203 6.3726 -0.6186
v -0.1527 6.3019 -0.6872
v -0.1187 6.2365 -0.4788
v -0.1730 6.2877 -0.5692
v -0.1919 6.2743 -0.5451
v -0.2275 6.1290 -0.7231
v -0.2449 6.1174 -0.7129
v -0.2292 6.1126 -0.7393
v -0.2431 6.1077 -0.7413
v -0.2108 6.0474 -0.7637
v -0.2243 6.0429 -0.7630
v 0.0387 5.8671 -0.6279
v 0.0376 5.8672 -0.6257
v 0.0376 5.8670 -0.6319
v 0.0374 5.8671 -0.6293
v -0.2224 7.4269 -0.5757
v -0.1994 7.4348 -0.5772
v -0.0479 7.2742 -0.6392
v -0.0779 7.2654 -0.6443
v -0.0179 7.1253 -0.4288
v -0.0398 7.1225 -0.4350
v 0.1876 7.9713 0.0181
v 0.1995 7.9684 0.0187
v 0.1800 7.9408 -0.0444
v 0.1726 7.9443 -0.0401
v 0.1300 7.9139 -0.1128
v 0.1182 7.9203 -0.1040
v 0.0487 7.9074 -0.1513
v 0.0322 7.9177 -0.1366
v -0.0518 7.9125 -0.1897
v -0.0999 7.9122 -0.1827
v -0.1749 7.8512 -0.2227
v -0.1985 7.8507 -0.2148
v -0.2397 7.7857 -0.2791
v -0.2614 7.7857 -0.2713
v -0.2729 7.7095 -0.3564
v -0.2931 7.7069 -0.3529
v -0.2992 7.6079 -0.4270
v -0.3296 7.5959 -0.4245
v -0.2882 7.5290 -0.4889
v -0.3139 7.5186 -0.4889
v 0.0472 7.0298 -0.4229
v 0.0257 7.0304 -0.4285
v 0.0990 6.9456 -0.4121
v 0.0775 6.9465 -0.4177
v 0.1687 6.9115 -0.6225
v 0.0918 6.8974 -0.4156
v 0.1670 6.8747 -0.6242
v 0.1423 6.8639 -0.6308
v 0.1561 6.8472 -0.6277
v 0.1343 6.8324 -0.6322
v 0.3574 6.7895 -0.5499
v 0.3681 6.7704 -0.5441
v 0.3559 6.6768 -0.5775
v 0.3447 6.6846 -0.5786
v 0.4057 6.7075 -0.5360
v 0.4239 6.7118 -0.5316
v 0.4052 6.6352 -0.5563
v 0.3867 6.6540 -0.5656
v 0.3141 6.5712 -0.6159
v 0.3062 6.5826 -0.6148
v 0.3493 6.5325 -0.5973
v 0.3357 6.5464 -0.6028
v 0.2113 6.4297 -0.6613
v 0.2014 6.4344 -0.6628
v 0.2403 6.4121 -0.6564
v 0.2308 6.4182 -0.6581
v 0.1397 6.3620 -0.6632
v 0.1345 6.3688 -0.6672
v 0.1509 6.3481 -0.6495
v 0.1496 6.3461 -0.6517
v 0.0176 5.8898 -0.7167
v 0.0247 5.8794 -0.7024
v 0.0438 5.8672 -0.6637
v 0.0515 5.8666 -0.6460
v 0.0690 6.2926 -0.6462
v 0.0560 6.2976 -0.6500
v 0.1204 6.2411 -0.6018
v 0.1144 6.2630 -0.6106
v -0.1131 6.1427 -0.5516
v -0.1211 6.1497 -0.5650
v -0.0893 6.1214 -0.5116
v -0.0972 6.1285 -0.5248
v -0.0650 6.0831 -0.4975
v -0.0800 6.1331 -0.7115
v -0.0124 6.0916 -0.7355
v -0.0223 6.0964 -0.7343
v -0.0481 6.0749 -0.4998
v -0.0397 6.0708 -0.5009
v -0.0448 6.0074 -0.7175
v -0.0473 6.0682 -0.7240
v 0.0096 5.9929 -0.7761
v -0.0171 5.9974 -0.7853
v -0.0165 5.9135 -0.5523
v -0.0467 5.8991 -0.6969
v 0.3586 6.8900 -0.5608
v 0.3777 6.8775 -0.5498
v 0.3778 6.8162 -0.5421
v 0.3646 6.8326 -0.5495
v 0.4172 6.8354 -0.5188
v 0.4314 6.8230 -0.5088
v 0.4246 6.7667 -0.5085
v 0.4087 6.7833 -0.5199
v 0.3542 7.9298 0.0203
v 0.3617 7.9334 0.0313
v 0.3622 7.9092 -0.0235
v 0.3496 7.9062 -0.0352
v 0.3391 7.9416 0.0532
v 0.3225 7.9456 0.0640
v 0.3822 7.9194 0.0105
v 0.3758 7.9163 -0.0010
v 0.3207 7.8762 -0.1148
v 0.3031 7.8730 -0.1289
v 0.3713 7.8860 -0.0725
v 0.3557 7.8826 -0.0865
v 0.2419 7.8543 -0.1910
v 0.2299 7.8484 -0.2008
v 0.2827 7.8686 -0.1502
v 0.2710 7.8643 -0.1647
v 0.1623 7.8340 -0.2397
v 0.1565 7.8295 -0.2461
v 0.1788 7.8481 -0.2046
v 0.1731 7.8434 -0.2109
v -0.0081 7.3424 -0.3829
v 0.0028 7.3417 -0.3801
v 0.0937 7.2379 -0.3819
v 0.0828 7.2394 -0.3846
v 0.0245 7.3403 -0.3745
v 0.0353 7.3396 -0.3717
v 0.1286 7.2335 -0.3738
v 0.1155 7.2350 -0.3766
v 0.2103 7.1265 -0.3747
v 0.2007 7.1284 -0.3775
v 0.2399 7.1208 -0.3659
v 0.2299 7.1227 -0.3689
v 0.0627 7.8412 -0.2361
v 0.0578 7.8406 -0.2405
v 0.0525 7.6860 -0.0815
v 0.0475 7.6830 -0.0858
v -0.0270 7.6379 -0.1519
v -0.0351 7.6355 -0.1562
v -0.0024 7.6451 -0.1392
v -0.0106 7.6427 -0.1435
v -0.0678 7.5836 -0.2194
v -0.0756 7.5797 -0.2214
v -0.0360 7.5904 -0.2093
v -0.0483 7.5888 -0.2133
v -0.0632 7.5304 -0.2735
v -0.0732 7.5318 -0.2738
v -0.0341 7.5260 -0.2726
v -0.0436 7.5274 -0.2729
v 0.2633 7.0305 -0.3583
v 0.2532 7.0337 -0.3615
v 0.2906 7.0210 -0.3484
v 0.2837 7.0241 -0.3520
v 0.2816 6.9618 -0.3510
v 0.2908 6.9689 -0.3477
v 0.3214 6.9393 -0.3247
v 0.3081 6.9468 -0.3335
v -0.0376 7.4488 -0.3251
v -0.0481 7.4504 -0.3254
v -0.0073 7.4440 -0.3244
v -0.0171 7.4456 -0.3245
v 0.3780 6.9129 -0.5192
v 0.3654 6.9252 -0.5278
v 0.3287 6.8776 -0.3170
v 0.4026 6.8803 -0.5114
v -0.0959 5.8737 -0.6388
v -0.0800 5.8727 -0.6424
v -0.0921 6.6231 -0.6495
v -0.0782 6.6262 -0.6468
v -0.0484 6.5785 -0.6452
v -0.0610 6.5774 -0.6478
v -0.0543 6.6309 -0.6415
v -0.0422 6.6328 -0.6388
v -0.0106 6.5815 -0.6378
v -0.0233 6.5803 -0.6403
v -0.0181 6.6359 -0.6336
v -0.0060 6.6373 -0.6310
v 0.0271 6.5852 -0.6305
v 0.0146 6.5839 -0.6329
v 0.0018 6.5140 -0.6408
v -0.0138 6.5153 -0.6438
v 0.0471 6.5096 -0.6324
v 0.0326 6.5113 -0.6350
v 0.0915 6.5069 -0.6243
v 0.0767 6.5078 -0.6270
v 0.0778 6.3529 -0.6070
v 0.0649 6.3499 -0.6077
v 0.0590 6.3693 -0.5768
v 0.0479 6.3690 -0.5710
v 0.1421 6.4206 -0.6303
v 0.1287 6.4189 -0.6303
v 0.1076 6.2560 -0.4529
v 0.0948 6.2726 -0.4861
v 0.1420 6.3375 -0.6212
v 0.1432 6.2209 -0.5028
v 0.1944 6.3644 -0.6560
v 0.1769 6.3578 -0.6561
v 0.1038 6.2902 -0.6408
v 0.0842 6.2807 -0.6333
v 0.1547 6.3100 -0.6630
v 0.1392 6.3043 -0.6624
v 0.2008 6.3260 -0.6599
v 0.1860 6.3181 -0.6582
v 0.0557 6.2157 -0.6754
v 0.0547 6.2161 -0.6764
v 0.1547 6.2481 -0.6706
v 0.1417 6.2452 -0.6686
v 0.1940 6.2444 -0.6737
v 0.1810 6.2416 -0.6718
v 0.0343 6.1126 -0.7268
v 0.0221 6.1133 -0.7272
v 0.0596 6.0931 -0.7457
v 0.0527 6.0988 -0.7416
v 0.0732 6.0783 -0.7531
v 0.0696 6.0827 -0.7513
v -0.0014 6.1197 -0.6687
v -0.0096 6.0956 -0.6118
v 0.0564 6.0338 -0.7878
v 0.0157 6.0474 -0.7911
v 0.0812 6.0221 -0.7771
v 0.0767 6.0241 -0.7794
v -0.0859 5.8812 -0.6161
v -0.0986 5.8783 -0.6320
v -0.0411 5.8715 -0.6445
v -0.0559 5.8745 -0.6341
v 0.0030 5.8670 -0.6806
v -0.0117 5.8676 -0.6679
v -0.0127 5.8676 -0.6706
v -0.0223 5.8680 -0.6692
v 0.0328 5.8663 -0.6571
v 0.0108 5.8667 -0.6692
v 0.0361 5.8663 -0.6532
v 0.0350 5.8663 -0.6545
v 0.0407 5.8666 -0.6394
v 0.0402 5.8666 -0.6393
v -0.2691 7.3077 -0.3561
v -0.2530 7.3118 -0.3647
v -0.2887 7.2293 -0.3657
v -0.3039 7.3201 -0.3571
v -0.2197 7.3173 -0.3720
v -0.2016 7.3200 -0.3760
v -0.2634 7.3477 -0.3819
v -0.2582 7.3471 -0.3830
v -0.1650 7.3252 -0.3842
v -0.1466 7.3279 -0.3882
v -0.2093 7.3436 -0.3954
v -0.2274 7.3432 -0.3909
v -0.3922 7.1786 -0.5807
v -0.4080 7.1757 -0.5721
v -0.3256 7.3025 -0.6110
v -0.3605 7.2994 -0.5979
v -0.2686 7.3025 -0.6243
v -0.2876 7.3006 -0.6199
v -0.0756 7.9917 -0.0095
v -0.0659 7.9884 -0.0087
v -0.0735 7.9723 -0.0457
v -0.0805 7.9766 -0.0462
v -0.0695 7.9910 -0.0060
v -0.0644 7.9920 -0.0046
v -0.0525 7.9736 -0.0433
v -0.0594 7.9736 -0.0443
v -0.0543 7.9933 -0.0015
v -0.0481 7.9935 0.0003
v -0.0110 7.9709 -0.0393
v -0.0253 7.9719 -0.0406
v -0.0467 7.9571 -0.0774
v -0.0588 7.9565 -0.0811
v 0.0012 7.9572 -0.0659
v -0.0148 7.9572 -0.0697
v 0.0478 7.9579 -0.0534
v 0.0332 7.9573 -0.0581
v 0.0310 7.9352 -0.1029
v 0.0117 7.9352 -0.1090
v 0.0888 7.9350 -0.0848
v 0.0695 7.9351 -0.0908
v 0.1466 7.9349 -0.0667
v 0.1273 7.9349 -0.0727
v 0.1013 7.9069 -0.1356
v 0.0780 7.9092 -0.1386
v 0.1710 7.9058 -0.1452
v 0.1477 7.9082 -0.1480
v 0.2407 7.8906 -0.1131
v 0.2175 7.8933 -0.1161
v 0.1340 7.8436 -0.2236
v 0.1148 7.8444 -0.2258
v 0.1916 7.8390 -0.2176
v 0.1726 7.8401 -0.2198
v 0.2490 7.8356 -0.2110
v 0.2298 7.8367 -0.2132
v 0.1156 7.7612 -0.3204
v 0.1038 7.7624 -0.3213
v 0.1511 7.7568 -0.3177
v 0.1391 7.7583 -0.3186
v 0.1877 7.7528 -0.3151
v 0.1754 7.7541 -0.3158
v 0.0357 7.6636 -0.4376
v 0.0265 7.6652 -0.4377
v 0.0632 7.6589 -0.4420
v 0.0541 7.6604 -0.4421
v 0.0920 7.6544 -0.4364
v 0.0822 7.6559 -0.4367
v -0.0541 7.4626 -0.3179
v -0.0642 7.4663 -0.3167
v 0.0001 7.5736 -0.5077
v -0.0100 7.5773 -0.5065
v 0.0299 7.5623 -0.5066
v 0.0202 7.5661 -0.5053
v -0.1367 7.3951 -0.3481
v -0.1526 7.3964 -0.3434
v -0.0888 7.3913 -0.3622
v -0.1048 7.3926 -0.3574
v -0.0647 7.3852 -0.3715
v -0.0565 7.3889 -0.3715
v -0.3602 7.0800 -0.6214
v -0.3756 7.0761 -0.6121
v -0.2994 7.0967 -0.6372
v -0.3202 7.0899 -0.6339
v -0.2389 7.1123 -0.6455
v -0.2586 7.1081 -0.6427
v -0.3063 6.9896 -0.6344
v -0.3246 6.9840 -0.6296
v -0.2514 7.0064 -0.6480
v -0.2697 7.0008 -0.6439
v -0.1957 7.0232 -0.6585
v -0.2142 7.0176 -0.6550
v -0.2242 6.8968 -0.6509
v -0.2380 6.8944 -0.6473
v -0.1827 6.9038 -0.6614
v -0.1966 6.9015 -0.6579
v -0.1415 6.9104 -0.6699
v -0.1555 6.9080 -0.6672
v -0.1660 6.7948 -0.6543
v -0.1797 6.7945 -0.6507
v -0.1248 6.7956 -0.6653
v -0.1386 6.7954 -0.6616
v -0.0869 6.7979 -0.6723
v -0.0989 6.7967 -0.6712
v -0.1131 6.7163 -0.6437
v -0.1266 6.7168 -0.6404
v -0.0762 6.7170 -0.6458
v -0.0878 6.7164 -0.6464
v -0.0381 6.7197 -0.6415
v -0.0509 6.7188 -0.6429
v -0.3204 6.6126 -0.6038
v -0.3086 6.6208 -0.6078
v -0.2824 6.5729 -0.6200
v -0.2947 6.5699 -0.6143
v -0.2811 6.6319 -0.6169
v -0.2672 6.6349 -0.6207
v -0.2462 6.5885 -0.6249
v -0.2609 6.5838 -0.6209
v -0.2394 6.6458 -0.6113
v -0.2254 6.6485 -0.6149
v -0.2023 6.6104 -0.6283
v -0.2169 6.6059 -0.6242
v -0.2527 6.5143 -0.6273
v -0.2868 6.4718 -0.6234
v -0.2171 6.5320 -0.6314
v -0.2273 6.5313 -0.6277
v -0.1715 6.5479 -0.6438
v -0.1876 6.5419 -0.6395
v -0.2310 6.4193 -0.6549
v -0.2485 6.4172 -0.6502
v -0.1787 6.4237 -0.6592
v -0.1962 6.4226 -0.6548
v -0.1326 6.4749 -0.6622
v -0.1402 6.4678 -0.6612
v -0.1833 6.3005 -0.7112
v -0.2001 6.3000 -0.7060
v -0.1490 6.3030 -0.7213
v -0.1571 6.3021 -0.7203
v -0.1045 6.3039 -0.7193
v -0.1118 6.3038 -0.7199
v -0.1321 6.2304 -0.7453
v -0.1409 6.2283 -0.7453
v -0.1084 6.2358 -0.7415
v -0.1158 6.2342 -0.7432
v -0.0680 6.2397 -0.7343
v -0.0736 6.2386 -0.7369
v -0.0717 6.1284 -0.7268
v -0.0840 6.1256 -0.7283
v -0.0349 6.1360 -0.7216
v -0.0472 6.1336 -0.7234
v -0.0015 6.1651 -0.7152
v -0.0108 6.1622 -0.7161
v -0.0181 6.0848 -0.7348
v -0.0311 6.0683 -0.7395
v 0.0163 6.0658 -0.7932
v 0.0031 6.0505 -0.7914
v 0.0539 6.0961 -0.7294
v 0.0415 6.0919 -0.7304
v 0.0243 5.9136 -0.5416
v 0.0149 5.9010 -0.5608
v 0.0563 5.9619 -0.5619
v 0.1289 5.9269 -0.6755
v 0.1707 6.0694 -0.5706
v 0.1640 6.0768 -0.5704
v -0.0533 5.8712 -0.6474
v -0.0668 5.8720 -0.6447
v -0.0553 5.8706 -0.6514
v -0.0661 5.8707 -0.6499
v 0.0345 5.8673 -0.6310
v 0.0341 5.8670 -0.6299
v 0.0359 5.8670 -0.6341
v 0.0354 5.8671 -0.6331
v 0.0372 5.8668 -0.6373
v 0.0368 5.8669 -0.6362
v 0.0375 5.8668 -0.6372
v 0.0372 5.8668 -0.6365
v 0.0383 5.8667 -0.6391
v 0.0380 5.8667 -0.6384
v 0.0390 5.8666 -0.6411
v 0.0388 5.8666 -0.6404
v 0.0788 7.4084 -0.3225
v 0.0942 7.3481 -0.3502
v 0.1164 7.3445 -0.5881
v 0.0981 7.4015 -0.5606
v 0.1307 7.3483 -0.3400
v 0.1522 7.3494 -0.3369
v 0.1628 7.3552 -0.5748
v 0.1530 7.3574 -0.5781
v 0.1851 7.3526 -0.3320
v 0.1997 7.3562 -0.3286
v 0.2204 7.3839 -0.5705
v 0.2015 7.3811 -0.5745
v 0.0363 7.2460 -0.6245
v 0.0167 7.2453 -0.6293
v 0.0957 7.2473 -0.6100
v 0.0753 7.2475 -0.6151
v 0.1534 7.2499 -0.5944
v 0.1341 7.2490 -0.5996
v -0.2980 7.8408 -0.0434
v -0.2758 7.8723 -0.0431
v -0.3146 7.8990 -0.0803
v -0.3196 7.8890 -0.0787
v -0.2885 7.8830 0.0181
v -0.2756 7.8916 0.0179
v -0.2757 7.9012 -0.0840
v -0.2907 7.8940 -0.0821
v -0.2521 7.9093 0.0280
v -0.2397 7.9120 0.0283
v -0.2304 7.9202 -0.0902
v -0.2455 7.9181 -0.0881
v -0.3137 7.8919 -0.1131
v -0.3201 7.8815 -0.1121
v -0.2658 7.8973 -0.1233
v -0.2821 7.8955 -0.1198
v -0.2171 7.9026 -0.1337
v -0.2333 7.9009 -0.1303
v -0.3026 7.8456 -0.1757
v -0.3163 7.8430 -0.1738
v -0.2509 7.8555 -0.1823
v -0.2682 7.8522 -0.1801
v -0.1993 7.8654 -0.1890
v -0.2165 7.8621 -0.1867
v -0.2779 7.7736 -0.2726
v -0.2984 7.7688 -0.2710
v -0.2164 7.7880 -0.2773
v -0.2369 7.7832 -0.2757
v -0.1562 7.8023 -0.2802
v -0.1768 7.7978 -0.2789
v -0.1949 7.7271 -0.3565
v -0.2158 7.7213 -0.3566
v -0.1326 7.7440 -0.3567
v -0.1532 7.7384 -0.3566
v -0.0717 7.7595 -0.3562
v -0.0915 7.7550 -0.3570
v -0.1062 7.7243 -0.3885
v -0.1200 7.7194 -0.3898
v -0.0396 7.7140 -0.3994
v -0.0526 7.7125 -0.4035
v 0.0011 7.7056 -0.4015
v -0.0134 7.7054 -0.4047
v -0.0451 7.5859 -0.3752
v -0.0613 7.5458 -0.4309
v 0.0032 7.5703 -0.3767
v -0.0130 7.5686 -0.3821
v 0.0663 7.5610 -0.2943
v 0.0502 7.5593 -0.2997
v 0.0436 7.5074 -0.2750
v 0.0264 7.5044 -0.2792
v 0.0952 7.5162 -0.2622
v 0.0780 7.5133 -0.2665
v 0.1465 7.5252 -0.2449
v 0.1297 7.5232 -0.2504
v 0.0832 7.4198 -0.3174
v 0.0668 7.4190 -0.3226
v 0.1324 7.4226 -0.3021
v 0.1160 7.4216 -0.3070
v 0.1836 7.4289 -0.2935
v 0.1664 7.4268 -0.2963
v 0.0008 7.1443 -0.6509
v -0.0141 7.1451 -0.6545
v 0.0400 7.1473 -0.6402
v 0.0269 7.1462 -0.6438
v 0.0791 7.1501 -0.6294
v 0.0661 7.1491 -0.6330
v -0.0995 7.0020 -0.4598
v -0.0751 6.9972 -0.4579
v -0.0211 7.0123 -0.6678
v -0.0313 7.0085 -0.6700
v 0.0113 7.0252 -0.6599
v 0.0015 7.0219 -0.6626
v -0.1831 6.8567 -0.4318
v -0.1991 6.8488 -0.4252
v -0.1342 6.8627 -0.4449
v -0.1508 6.8555 -0.4405
v -0.0893 6.8800 -0.4561
v -0.1012 6.8771 -0.4537
v -0.3101 6.7454 -0.6000
v -0.3285 6.7423 -0.5932
v -0.2746 6.7536 -0.6131
v -0.2864 6.7509 -0.6088
v -0.2371 6.7640 -0.6264
v -0.2490 6.7611 -0.6224
v -0.3349 6.7034 -0.5758
v -0.3468 6.7014 -0.5687
v -0.2956 6.7145 -0.6007
v -0.3086 6.7117 -0.5959
v -0.2565 6.7202 -0.6069
v -0.2696 6.7173 -0.6021
v 0.0352 5.8664 -0.6501
v 0.0369 5.8665 -0.6462
v 0.0400 5.8666 -0.6384
v 0.0416 5.8667 -0.6345
v 0.0431 5.8668 -0.6307
v 0.0446 5.8668 -0.6268
v 0.1352 6.6675 -0.5996
v 0.1401 6.6715 -0.5986
v 0.1589 6.5694 -0.3915
v 0.1652 6.6048 -0.6087
v 0.1502 6.6795 -0.5966
v 0.1552 6.6835 -0.5956
v 0.1786 6.5787 -0.3887
v 0.1721 6.5756 -0.3896
v 0.1413 6.6102 -0.3941
v 0.1464 6.6179 -0.3883
v 0.1918 6.5850 -0.3868
v 0.1852 6.5818 -0.3877
v 0.2385 6.4980 -0.3995
v 0.2338 6.4955 -0.4002
v 0.2527 6.5055 -0.3973
v 0.2479 6.5030 -0.3981
v 0.2622 6.5104 -0.3959
v 0.2574 6.5079 -0.3966
v 0.2705 6.4322 -0.3934
v 0.2634 6.4369 -0.3976
v 0.2915 6.4178 -0.3808
v 0.2845 6.4226 -0.3850
v 0.3054 6.4082 -0.3726
v 0.2985 6.4130 -0.3767
v 0.4063 6.3727 -0.5813
v 0.3991 6.3802 -0.5860
v 0.4202 6.2915 -0.5391
v 0.4215 6.3442 -0.5694
v 0.4327 6.3373 -0.5522
v 0.4257 6.3443 -0.5564
v 0.0301 5.8657 -0.6800
v 0.0272 5.8659 -0.6816
v 0.3582 6.2996 -0.6127
v 0.3466 6.3116 -0.6173
v 0.3903 6.2518 -0.5923
v 0.3801 6.2730 -0.6012
v 0.4004 6.2049 -0.5568
v 0.3973 6.2275 -0.5776
v 0.2909 6.2302 -0.6555
v 0.2850 6.2405 -0.6606
v 0.3234 6.1604 -0.6409
v 0.3116 6.1709 -0.6465
v 0.3471 6.1323 -0.6268
v 0.3355 6.1461 -0.6337
v 0.2477 6.1167 -0.6699
v 0.2450 6.1211 -0.6704
v 0.2571 6.0787 -0.6637
v 0.2537 6.1063 -0.6676
v 0.2658 6.0633 -0.6608
v 0.2612 6.0717 -0.6619
v 0.1212 5.9936 -0.7528
v 0.1157 6.0074 -0.7575
v 0.1364 5.9838 -0.7540
v 0.1274 5.9860 -0.7562
v 0.1807 5.9943 -0.7145
v 0.1692 5.9974 -0.7319
v 0.0404 5.8659 -0.6651
v 0.0380 5.8656 -0.6737
v 0.0528 5.8671 -0.6173
v 0.0514 5.8670 -0.6236
v 0.1125 5.9145 -0.7305
v 0.1110 5.9166 -0.7357
v 0.1158 5.9061 -0.7261
v 0.1149 5.9075 -0.7312
v 0.1588 5.9106 -0.7102
v 0.1403 5.9179 -0.7101
v -0.0273 7.3134 -0.3979
v -0.0225 7.3097 -0.3975
v -0.0788 7.2175 -0.4272
v -0.0800 7.2201 -0.4265
v -0.0128 7.3022 -0.3965
v -0.0081 7.2984 -0.3961
v -0.0753 7.2094 -0.4279
v -0.0790 7.2122 -0.4282
v -0.0032 7.2947 -0.3956
v 0.0016 7.2910 -0.3952
v -0.0679 7.2035 -0.4272
v -0.0716 7.2065 -0.4275
v -0.0728 7.1247 -0.4425
v -0.0759 7.1280 -0.4427
v -0.0634 7.1148 -0.4421
v -0.0666 7.1181 -0.4423
v -0.0575 7.1086 -0.4418
v -0.0603 7.1115 -0.4420
v 0.0823 7.9994 0.0437
v 0.0811 8.0024 0.0503
v 0.1473 7.9913 0.0434
v 0.1428 7.9883 0.0360
v 0.0366 8.0143 0.0728
v 0.0379 8.0194 0.0800
v 0.2650 7.9679 0.0526
v 0.2598 7.9665 0.0472
v 0.2337 7.9598 0.0204
v 0.2389 7.9612 0.0258
v 0.3401 7.9084 -0.0341
v 0.3372 7.9079 -0.0362
v 0.2493 7.9639 0.0365
v 0.2545 7.9652 0.0419
v 0.3484 7.9099 -0.0274
v 0.3457 7.9093 -0.0297
v 0.3541 7.9108 -0.0231
v 0.3513 7.9103 -0.0253
v 0.4233 7.8585 -0.0782
v 0.4191 7.8602 -0.0803
v 0.4320 7.8554 -0.0721
v 0.4279 7.8571 -0.0741
v 0.4344 7.8566 -0.0658
v 0.4306 7.8576 -0.0679
v -0.0104 7.1008 -0.6606
v -0.0147 7.1043 -0.6612
v -0.0528 7.0579 -0.4484
v -0.0571 7.0614 -0.4490
v -0.0442 7.0599 -0.4457
v -0.0484 7.0643 -0.4467
v -0.0221 7.0255 -0.6681
v -0.0272 7.0287 -0.6692
v -0.0066 7.0159 -0.6646
v -0.0118 7.0192 -0.6658
v 0.0038 7.0097 -0.6622
v -0.0014 7.0128 -0.6634
v 0.4460 7.8251 -0.1561
v 0.4421 7.8250 -0.1609
v 0.4538 7.8188 -0.1459
v 0.4499 7.8193 -0.1493
v 0.4653 7.8159 -0.1393
v 0.4614 7.8164 -0.1426
v 0.4092 7.7373 -0.2871
v 0.4000 7.7384 -0.2914
v 0.3260 7.6256 -0.4268
v 0.3137 7.6263 -0.4278
v 0.4280 7.7280 -0.2784
v 0.4375 7.7269 -0.2740
v 0.3780 7.6210 -0.4219
v 0.3531 7.6238 -0.4249
v 0.4470 7.7283 -0.2695
v 0.4567 7.7271 -0.2650
v 0.4237 7.6137 -0.4101
v 0.4021 7.6185 -0.4158
v 0.2091 7.5081 -0.5018
v 0.1983 7.5106 -0.5016
v 0.2406 7.5003 -0.5028
v 0.2303 7.5030 -0.5024
v 0.3144 7.5153 -0.5200
v 0.3022 7.5190 -0.5173
v 0.0132 6.9050 -0.6597
v 0.0057 6.9064 -0.6614
v 0.0354 6.9010 -0.6547
v 0.0281 6.9023 -0.6564
v 0.0503 6.8983 -0.6514
v 0.0428 6.8997 -0.6531
v 0.0897 6.7977 -0.6361
v 0.0830 6.7992 -0.6379
v 0.1101 6.7932 -0.6306
v 0.1034 6.7947 -0.6324
v 0.1236 6.7902 -0.6269
v 0.1169 6.7917 -0.6287
v 0.1285 7.4322 -0.5555
v 0.1212 7.4342 -0.5567
v 0.0950 7.3311 -0.3585
v 0.1432 7.4285 -0.5500
v 0.1612 7.3009 -0.4518
v 0.1538 7.3032 -0.4520
v 0.1348 6.7182 -0.6098
v 0.1290 6.7215 -0.6118
v 0.1525 6.7084 -0.6038
v 0.1466 6.7116 -0.6058
v 0.1524 6.7017 -0.6127
v 0.1462 6.7050 -0.6150
v -0.0011 6.4255 -0.4080
v 0.0051 6.4216 -0.4052
v -0.0484 6.4822 -0.4284
v -0.0588 6.4791 -0.4308
v 0.0113 6.4179 -0.4023
v 0.0176 6.4140 -0.3994
v -0.0276 6.4884 -0.4238
v -0.0380 6.4853 -0.4261
v 0.0300 6.4064 -0.3937
v 0.0362 6.4027 -0.3909
v 0.0034 6.4975 -0.4171
v -0.0069 6.4946 -0.4192
v -0.1076 5.8723 -0.6490
v -0.1024 5.8722 -0.6484
v -0.2066 5.8961 -0.5598
v -0.2114 5.8945 -0.5601
v -0.1351 5.9121 -0.5602
v -0.1281 5.9133 -0.5583
v -0.0631 5.9610 -0.5198
v -0.0692 5.9617 -0.5203
v -0.1211 5.9145 -0.5564
v -0.1140 5.9155 -0.5546
v -0.0508 5.9594 -0.5188
v -0.0569 5.9602 -0.5193
v -0.0997 5.9175 -0.5512
v -0.0925 5.9183 -0.5496
v -0.0460 5.9598 -0.5247
v -0.0385 5.9579 -0.5178
v -0.0310 5.8693 -0.6562
v -0.0353 5.8694 -0.6564
v 0.0170 6.0602 -0.5049
v -0.0624 6.0239 -0.5871
v 0.1324 6.1788 -0.6142
v 0.1083 6.1903 -0.6329
v -0.0571 6.0176 -0.5772
v -0.0517 6.0113 -0.5674
v 0.1590 6.1446 -0.5650
v 0.1530 6.1594 -0.5802
v -0.0411 5.9988 -0.5475
v -0.0358 5.9925 -0.5376
v 0.0873 6.0406 -0.5568
v 0.0728 6.0912 -0.5850
v 0.0908 6.1456 -0.5509
v 0.0827 6.1350 -0.5339
v 0.0257 6.3189 -0.3520
v 0.0534 6.2283 -0.5507
v 0.1309 6.2097 -0.5288
v 0.1374 6.2043 -0.5192
v 0.0346 6.3102 -0.3463
v 0.0302 6.3146 -0.3492
v 0.1504 6.1934 -0.5002
v 0.0252 6.1683 -0.5291
v 0.0479 6.2973 -0.3379
v 0.0435 6.3016 -0.3407
v -0.0949 6.5460 -0.4321
v -0.0849 6.5492 -0.4299
v -0.0997 6.5848 -0.4265
v -0.1030 6.5786 -0.4292
v -0.0748 6.5525 -0.4276
v -0.0648 6.5559 -0.4255
v -0.0932 6.5972 -0.4211
v -0.0964 6.5910 -0.4238
v -0.0450 6.5622 -0.4213
v -0.0351 6.5653 -0.4192
v -0.0837 6.6150 -0.4114
v -0.0910 6.6101 -0.4149
v -0.0210 8.0016 0.3299
v -0.0154 7.9725 -0.0248
v -0.0967 7.9830 -0.0103
v -0.0986 7.9541 0.3142
v -0.0317 7.7626 0.0321
v -0.0261 7.7668 0.0426
v -0.0774 7.9716 -0.0050
v -0.0793 7.9665 -0.0152
v -0.0151 7.7755 0.0636
v -0.0095 7.7797 0.0742
v -0.0739 7.9917 -0.0035
v -0.0759 7.9866 -0.0136
v -0.4502 6.9969 -0.5624
v -0.4530 6.9850 -0.5601
v -0.3784 7.0724 -0.3547
v -0.3751 7.0787 -0.3550
v -0.3413 6.9831 -0.3701
v -0.3441 6.9712 -0.3678
v -0.3821 7.0650 -0.3496
v -0.3797 7.0776 -0.3518
v -0.3543 6.9428 -0.3626
v -0.3562 6.9325 -0.3621
v -0.3895 7.0275 -0.3432
v -0.3870 7.0400 -0.3453
v -0.2829 6.8462 -0.6342
v -0.2805 6.8425 -0.6346
v -0.3864 6.9122 -0.5968
v -0.3840 6.9202 -0.5986
v -0.2781 6.8389 -0.6351
v -0.2757 6.8295 -0.6349
v -0.3910 6.8961 -0.5931
v -0.3888 6.9041 -0.5949
v -0.2702 6.8058 -0.6307
v -0.2674 6.8000 -0.6297
v 0.2052 6.8741 -0.3968
v -0.2896 6.8810 -0.3973
v -0.3594 7.2087 -0.3292
v -0.3602 7.2013 -0.3306
v -0.3295 7.2692 -0.3320
v -0.3312 7.2736 -0.3301
v -0.3619 7.1948 -0.3314
v -0.3635 7.1884 -0.3322
v -0.3259 7.2600 -0.3358
v -0.3276 7.2646 -0.3339
v -0.3669 7.1753 -0.3337
v -0.3685 7.1688 -0.3345
v -0.3252 7.2505 -0.3382
v -0.3250 7.2533 -0.3377
v -0.1767 7.4126 -0.3266
v -0.1726 7.4128 -0.3274
v -0.0212 7.4984 -0.2895
v -0.0284 7.4985 -0.2904
v -0.1731 6.6497 -0.6068
v -0.1716 6.6450 -0.6056
v -0.2064 6.7347 -0.6253
v -0.2086 6.7402 -0.6264
v -0.1700 6.6403 -0.6044
v -0.1103 6.7046 -0.4026
v -0.2021 6.7237 -0.6230
v -0.2042 6.7292 -0.6242
v -0.1070 6.6863 -0.3981
v -0.1056 6.6774 -0.3969
v -0.1426 6.7703 -0.4156
v -0.1977 6.7127 -0.6208
v 0.0293 7.5558 -0.2351
v 0.0369 7.5574 -0.2317
v 0.1111 7.6099 -0.1571
v 0.1033 7.6102 -0.1582
v 0.0446 7.5590 -0.2283
v 0.0522 7.5606 -0.2249
v 0.1269 7.6090 -0.1548
v 0.1190 7.6095 -0.1559
v 0.0675 7.5638 -0.2180
v 0.0752 7.5654 -0.2146
v 0.1501 7.6078 -0.1515
v 0.1425 7.6082 -0.1525
v 0.0757 7.6808 -0.0832
v 0.0820 7.6800 -0.0834
v 0.0267 7.7265 -0.0240
v 0.0202 7.7238 -0.0313
v 0.0884 7.6789 -0.0835
v 0.0948 7.6779 -0.0836
v 0.0396 7.7319 -0.0093
v 0.0331 7.7292 -0.0166
v 0.1074 7.6757 -0.0839
v 0.1145 7.6741 -0.0844
v 0.0591 7.7401 0.0127
v 0.0527 7.7374 0.0054
v -0.1303 7.9455 0.2577
v -0.1281 7.9332 0.0212
v -0.1041 7.9520 0.0594
v -0.1223 7.9011 0.2652
v -0.1046 7.9674 0.0297
v -0.1025 7.9718 0.0381
v -0.1180 7.9415 0.0725
v -0.1182 7.9385 0.0660
v -0.0927 7.9823 0.0551
v -0.0905 7.9867 0.0637
v -0.0863 7.9711 0.1483
v -0.0865 7.9681 0.1418
v -0.1969 7.4135 -0.3203
v -0.2005 7.4127 -0.3198
v -0.1901 7.4151 -0.3212
v -0.1935 7.4142 -0.3208
v -0.0773 7.4974 -0.2923
v -0.0733 7.4983 -0.2927
v -0.3089 6.3677 -0.6412
v -0.3052 6.3649 -0.6426
v -0.3472 6.4433 -0.6000
v -0.3441 6.4520 -0.5987
v -0.2981 6.3596 -0.6455
v -0.2947 6.3569 -0.6469
v -0.2412 6.3690 -0.4035
v -0.3433 6.4329 -0.5876
v -0.2446 6.2850 -0.4293
v -0.2431 6.2824 -0.4305
v -0.2439 6.3607 -0.4046
v -0.2425 6.3648 -0.4041
v -0.3533 6.5069 -0.5684
v -0.3501 6.4940 -0.5697
v -0.2580 6.5501 -0.3714
v -0.3646 6.5554 -0.5642
v -0.2334 6.4803 -0.3809
v -0.2363 6.4506 -0.3805
v -0.2429 6.5143 -0.3780
v -0.2479 6.5263 -0.3758
v -0.2360 6.4411 -0.3831
v -0.2344 6.4361 -0.3850
v -0.2328 6.4905 -0.3825
v -0.2378 6.5025 -0.3803
v -0.0333 5.9262 -0.5271
v -0.0378 5.9296 -0.5366
v -0.0197 5.9172 -0.4986
v -0.0241 5.9199 -0.5081
v -0.0120 5.9115 -0.4851
v -0.0150 5.9144 -0.4891
v -0.0560 6.0672 -0.5062
v -0.0610 6.0290 -0.4992
v -0.1090 6.1284 -0.7286
v -0.1105 6.1237 -0.7301
v -0.0595 6.0117 -0.5002
v -0.0579 6.0090 -0.5005
v -0.1031 6.2029 -0.6318
v -0.1051 6.1578 -0.7133
v -0.0560 6.0071 -0.5006
v -0.0541 6.0056 -0.5007
v -0.1079 6.0745 -0.4986
v -0.1105 6.1295 -0.7116
v -0.1718 6.2104 -0.7334
v -0.1706 6.2141 -0.7320
v -0.2623 6.2888 -0.6897
v -0.2626 6.2886 -0.6897
v -0.1683 6.2197 -0.7297
v -0.1672 6.2224 -0.7286
v -0.2613 6.2916 -0.6890
v -0.2618 6.2901 -0.6895
v -0.1661 6.2250 -0.7276
v -0.1650 6.2277 -0.7265
v -0.2048 6.3570 -0.5659
v -0.2599 6.2966 -0.6873
v -0.0832 7.0583 -0.4560
v -0.0797 7.0450 -0.4555
v -0.0278 7.1533 -0.4268
v -0.0348 7.1592 -0.4274
v -0.0727 7.0180 -0.4539
v -0.0695 7.0044 -0.4531
v -0.0084 7.1369 -0.4245
v -0.0155 7.1430 -0.4254
v -0.0663 6.9906 -0.4524
v -0.0631 6.9769 -0.4516
v 0.0058 7.1248 -0.4226
v -0.0014 7.1308 -0.4236
v -0.3405 7.8550 -0.1450
v -0.3379 7.8595 -0.1414
v -0.3365 7.9036 -0.0567
v -0.3371 7.9002 -0.0636
v -0.3334 7.8683 -0.1340
v -0.3309 7.8727 -0.1303
v -0.3335 7.9140 -0.0359
v -0.3341 7.9105 -0.0428
v -0.3279 7.8771 -0.1266
v -0.3242 7.8818 -0.1230
v -0.3258 7.9208 -0.0220
v -0.3265 7.9174 -0.0289
v -0.2287 6.7807 -0.3945
v -0.2207 6.7663 -0.3919
v -0.1564 6.8755 -0.4400
v -0.1589 6.8867 -0.4398
v -0.2045 6.7373 -0.3866
v -0.1965 6.7228 -0.3839
v -0.1472 6.8258 -0.4316
v -0.1505 6.8392 -0.4349
v -0.1884 6.7084 -0.3813
v -0.1805 6.6966 -0.3797
v -0.1405 6.7990 -0.4250
v -0.1439 6.8125 -0.4283
v -0.2774 6.6212 -0.3638
v -0.2696 6.6095 -0.3674
v -0.2484 6.6798 -0.3537
v -0.2577 6.7093 -0.3552
v -0.2539 6.5861 -0.3748
v -0.2460 6.5743 -0.3785
v -0.2200 6.6442 -0.3674
v -0.2329 6.6523 -0.3624
v -0.2382 6.5625 -0.3822
v -0.2281 6.5508 -0.3867
v -0.1941 6.6338 -0.3772
v -0.2072 6.6383 -0.3723
v 0.0736 7.2506 -0.3853
v 0.0833 7.2456 -0.3835
v 0.0859 7.3219 -0.3658
v 0.0792 7.3259 -0.3657
v 0.1026 7.2356 -0.3799
v 0.1123 7.2306 -0.3782
v 0.1054 7.2871 -0.3712
v 0.0973 7.2964 -0.3718
v 0.1222 7.2256 -0.3764
v 0.1317 7.2207 -0.3753
v 0.1179 7.2716 -0.3703
v 0.1116 7.2793 -0.3708
v -0.2873 7.9071 -0.0048
v -0.2874 7.9104 0.0026
v -0.2077 7.9001 0.0348
v -0.2069 7.8975 0.0285
v -0.2876 7.9169 0.0173
v -0.2877 7.9202 0.0246
v -0.2104 7.9074 0.0535
v -0.2095 7.9050 0.0473
v -0.2878 7.9236 0.0320
v -0.2879 7.9268 0.0393
v -0.2133 7.9119 0.0662
v -0.2115 7.9098 0.0598
v 0.0696 7.4003 -0.3312
v 0.0762 7.3985 -0.3301
v 0.0116 7.5011 -0.2834
v 0.0068 7.5000 -0.2847
v 0.0828 7.3969 -0.3291
v 0.0895 7.3951 -0.3280
v 0.0212 7.5032 -0.2807
v 0.0164 7.5021 -0.2821
v -0.0641 7.5609 -0.2474
v -0.0654 7.5648 -0.2423
v -0.1325 7.5685 -0.2161
v -0.1348 7.5616 -0.2236
v -0.0680 7.5727 -0.2321
v -0.0692 7.5767 -0.2270
v -0.1263 7.5888 -0.1942
v -0.1283 7.5821 -0.2015
v -0.0503 7.5812 -0.2227
v -0.0473 7.5851 -0.2175
v -0.1226 7.6020 -0.1798
v -0.1245 7.5954 -0.1870
v -0.2690 7.7387 -0.3185
v -0.2630 7.7460 -0.3117
v -0.3236 7.7884 -0.2366
v -0.3273 7.7824 -0.2416
v -0.2513 7.7605 -0.2982
v -0.2456 7.7676 -0.2916
v -0.3080 7.8063 -0.2218
v -0.3139 7.8004 -0.2268
v -0.2399 7.7748 -0.2850
v -0.2342 7.7819 -0.2783
v -0.2961 7.8181 -0.2116
v -0.3020 7.8122 -0.2167
v 0.0563 7.4037 -0.3334
v 0.0496 7.4054 -0.3345
v -0.0075 7.4968 -0.2888
v -0.0027 7.4979 -0.2874
v 0.2049 6.5911 -0.3849
v 0.2035 6.5917 -0.3849
v 0.2706 6.5148 -0.3895
v 0.2690 6.5151 -0.3904
v 0.2006 6.5929 -0.3848
v 0.1991 6.5935 -0.3848
v 0.2756 6.5141 -0.3867
v 0.2739 6.5143 -0.3876
v 0.1963 6.5947 -0.3848
v 0.1948 6.5953 -0.3848
v 0.2382 6.5235 -0.3950
v 0.2788 6.5136 -0.3848
v 0.3192 6.3987 -0.3643
v 0.3183 6.3997 -0.3648
v 0.3051 6.3258 -0.3723
v 0.3032 6.3339 -0.3757
v 0.3163 6.4021 -0.3660
v 0.3153 6.4033 -0.3666
v 0.3088 6.3076 -0.3620
v 0.3079 6.3171 -0.3663
v 0.3132 6.4057 -0.3679
v 0.3121 6.4069 -0.3685
v 0.3112 6.2792 -0.3495
v 0.3104 6.2886 -0.3537
v 0.4061 6.2580 -0.5436
v 0.3962 6.2694 -0.5314
v 0.3704 6.0952 -0.5987
v 0.3662 6.0979 -0.6006
v 0.2756 6.2414 -0.4046
v 0.3734 6.1574 -0.5231
v 0.3341 6.0727 -0.5886
v 0.3298 6.0765 -0.5918
v 0.2873 6.2326 -0.3395
v 0.2880 6.2225 -0.3360
v 0.3718 6.1484 -0.5597
v 0.3713 6.0701 -0.5537
v 0.2771 6.0442 -0.6710
v 0.2789 6.0411 -0.6706
v 0.2160 5.9943 -0.7081
v 0.2127 5.9981 -0.7142
v 0.2837 6.0328 -0.6768
v 0.2871 6.0283 -0.6754
v 0.1996 5.9712 -0.6785
v 0.1981 5.9783 -0.6813
v 0.2829 6.0206 -0.6336
v 0.2901 6.0110 -0.6284
v 0.1909 5.9397 -0.6762
v 0.1940 5.9566 -0.6773
v 0.1229 5.9023 -0.7005
v 0.1225 5.8992 -0.6872
v 0.0487 5.8674 -0.6066
v 0.0475 5.8472 -0.6189
v 0.1507 6.6627 -0.3703
v 0.1493 6.6601 -0.3710
v 0.1462 6.6574 -0.3721
v 0.1446 6.6565 -0.3727
v 0.1413 6.6551 -0.3736
v 0.1395 6.6545 -0.3741
v -0.0604 7.1978 -0.4265
v -0.0556 7.1929 -0.4262
v -0.0522 7.0983 -0.4420
v -0.0509 7.1015 -0.4412
v -0.0461 7.1831 -0.4258
v -0.0413 7.1782 -0.4255
v -0.0561 7.0887 -0.4445
v -0.0548 7.0919 -0.4437
v -0.0317 7.1684 -0.4250
v -0.0269 7.1635 -0.4248
v -0.0599 7.0790 -0.4470
v -0.0586 7.0822 -0.4462
v 0.1780 7.9583 0.2665
v 0.1748 7.9936 0.1001
v 0.2703 7.9580 0.0691
v 0.2754 7.9910 0.2262
v 0.1688 8.0062 0.1149
v 0.1663 8.0090 0.1255
v 0.2549 7.9881 0.0863
v 0.2600 7.9837 0.0805
v 0.1603 7.8691 0.2584
v 0.1573 7.8605 0.2579
v 0.1821 7.7998 0.1803
v 0.1873 7.7965 0.1710
v 0.3597 7.9118 -0.0187
v 0.3182 7.7181 0.0780
v 0.3553 7.6668 0.0129
v 0.4420 7.8525 -0.0617
v 0.3033 7.7288 0.0964
v 0.2960 7.7341 0.1056
v 0.3442 7.6772 0.0263
v 0.3477 7.6736 0.0220
v 0.2792 7.7464 0.1250
v 0.2734 7.7522 0.1330
v 0.3421 7.6832 0.0374
v 0.3423 7.6815 0.0338
v -0.0357 7.0512 -0.4438
v -0.0397 7.0452 -0.4451
v 0.0098 6.9958 -0.6608
v 0.0171 7.0063 -0.6583
v -0.0478 7.0333 -0.4476
v -0.0519 7.0273 -0.4489
v -0.0507 6.9745 -0.4488
v -0.0464 6.9820 -0.4479
v -0.0607 7.0147 -0.4512
v -0.0654 7.0082 -0.4522
v -0.0634 6.9522 -0.4515
v -0.0591 6.9597 -0.4506
v 0.4735 7.8150 -0.1327
v 0.4717 7.8166 -0.1299
v 0.4463 7.7267 -0.2543
v 0.4746 7.7279 -0.2560
v 0.3849 7.6291 -0.0540
v 0.3836 7.6307 -0.0511
v 0.3990 7.5736 -0.1147
v 0.4723 7.7303 -0.2507
v 0.3808 7.6340 -0.0457
v 0.3795 7.6356 -0.0429
v 0.3903 7.5817 -0.1091
v 0.3910 7.5799 -0.1106
v 0.4563 7.6077 -0.4017
v 0.4535 7.6180 -0.3950
v 0.2850 7.4920 -0.4979
v 0.2832 7.4869 -0.5006
v 0.4334 7.6393 -0.3791
v 0.3505 7.4898 -0.2397
v 0.2622 7.4143 -0.2926
v 0.2609 7.4092 -0.2951
v 0.3435 7.5031 -0.2266
v 0.3442 7.5089 -0.2194
v 0.2653 7.4293 -0.2851
v 0.2644 7.4244 -0.2875
v 0.0652 6.8956 -0.6474
v 0.0617 6.8900 -0.6488
v 0.0844 6.8225 -0.4124
v 0.1373 6.7871 -0.6232
v 0.0069 6.8796 -0.4356
v 0.0035 6.8739 -0.4363
v 0.0693 6.8010 -0.4115
v 0.0743 6.8082 -0.4118
v -0.0035 6.8627 -0.4378
v -0.0070 6.8570 -0.4386
v 0.0540 6.7794 -0.4106
v 0.0592 6.7866 -0.4109
v 0.1351 7.3225 -0.3522
v 0.1310 7.3278 -0.3503
v 0.0159 7.2788 -0.3940
v 0.0113 7.2835 -0.3942
v 0.1281 7.3376 -0.3459
v 0.1273 7.3426 -0.3435
v 0.0300 7.2644 -0.3933
v 0.0253 7.2692 -0.3935
v 0.1266 7.3522 -0.3388
v 0.1264 7.3571 -0.3364
v 0.0440 7.2499 -0.3926
v 0.0394 7.2547 -0.3928
v 0.1250 6.7382 -0.3854
v 0.1231 6.7322 -0.3847
v 0.1192 6.7201 -0.3833
v 0.1173 6.7141 -0.3825
v 0.1134 6.7021 -0.3811
v 0.1114 6.6961 -0.3804
v 0.0930 7.9250 0.2756
v 0.0929 8.0003 0.1014
v 0.0927 8.0151 0.1127
v 0.0923 8.0173 0.1179
v 0.0923 7.8764 0.2697
v 0.0926 7.8672 0.2688
v 0.0211 5.8538 -0.6913
v 0.0321 5.8604 -0.6869
v 0.0666 5.8689 -0.6476
v 0.3353 6.6905 -0.5784
v 0.2925 6.5951 -0.6091
v 0.0710 6.4946 -0.6710
v 0.1906 6.4389 -0.6644
v 0.1278 6.3752 -0.6708
v 0.0175 6.3603 -0.6743
v -0.0974 6.2933 -0.7073
v 0.0479 6.3008 -0.6518
v -0.0401 6.1835 -0.7183
v -0.0968 6.2696 -0.6812
v -0.1741 6.1623 -0.7401
v -0.0883 6.1372 -0.7103
v -0.0858 6.0974 -0.7346
v -0.1797 6.1490 -0.7375
v -0.1704 6.1084 -0.7750
v -0.0773 6.0639 -0.7950
v 0.0138 5.9491 -0.7507
v -0.0820 6.0103 -0.7701
v 0.0396 6.5864 -0.6281
v 0.1464 6.5928 -0.6109
v 0.2243 6.4905 -0.4017
v 0.1062 6.5061 -0.6216
v 0.1553 6.4223 -0.6302
v 0.2647 6.5275 -0.4624
v 0.3795 6.4088 -0.5933
v 0.2155 6.3893 -0.6851
v 0.2185 6.3520 -0.6883
v 0.3222 6.3398 -0.6358
v 0.2684 6.2601 -0.6626
v 0.2034 6.2601 -0.6597
v 0.0754 6.0745 -0.7551
v 0.1387 6.0933 -0.7074
v 0.1957 5.9939 -0.6891
v 0.0854 6.0191 -0.7751
v 0.0177 5.8376 -0.6936
v 0.1938 5.8703 -0.6705
v 0.0318 5.8330 -0.6577
v -0.0642 5.8581 -0.6460
v -0.1865 6.5856 -0.6333
v -0.0677 6.5957 -0.6475
v -0.0471 6.5305 -0.6491
v -0.1534 6.5338 -0.6499
v -0.1175 6.4495 -0.6684
v 0.0175 6.4705 -0.6749
v 0.0397 6.3991 -0.6815
v -0.0795 6.3474 -0.7012
v -0.0444 6.2481 -0.7266
v 0.0266 6.2599 -0.6874
v 0.1102 6.1785 -0.6381
v 0.0077 6.1678 -0.7134
v 0.1357 6.0595 -0.7073
v 0.1433 6.0604 -0.6018
v 0.2943 6.0554 -0.4668
v 0.2472 5.9649 -0.5533
v 0.1601 5.8865 -0.6470
v 0.2959 5.9042 -0.6070
v 0.0377 5.8667 -0.6384
v 0.0393 5.8665 -0.6417
v 0.2434 6.5323 -0.3931
v 0.2000 6.4722 -0.4032
v 0.3893 6.4604 -0.5790
v 0.3273 6.5416 -0.3544
v 0.1361 6.4251 -0.4084
v -0.0615 6.2614 -0.3799
v 0.1051 6.2719 -0.4416
v 0.2064 6.4677 -0.5681
v -0.0466 6.1686 -0.4034
v -0.1521 6.1028 -0.4907
v -0.0416 6.0980 -0.4223
v -0.0468 6.1748 -0.4011
v -0.1597 6.0119 -0.5098
v -0.1763 5.9389 -0.5372
v -0.0552 5.9642 -0.5170
v -0.0391 6.0256 -0.4669
v -0.0851 5.9006 -0.5875
v -0.0276 5.8697 -0.6750
v 0.0411 5.8669 -0.6282
v -0.0164 5.8880 -0.5933
v 0.0853 6.6042 -0.3914
v 0.1144 6.5328 -0.3959
v 0.2333 6.5247 -0.3951
v 0.1934 6.5959 -0.3847
v 0.1270 6.3178 -0.3440
v 0.1609 6.2638 -0.3246
v 0.3102 6.2697 -0.3476
v 0.3100 6.4081 -0.3698
v 0.1855 6.1073 -0.3634
v 0.2025 6.0274 -0.3999
v 0.4002 6.0541 -0.5730
v 0.2874 6.1601 -0.3428
v 0.2226 5.9338 -0.4657
v 0.2145 5.9161 -0.6213
v 0.3131 5.9681 -0.6156
v -0.0665 6.3827 -0.3994
v -0.0985 6.3572 -0.4077
v -0.0235 6.4417 -0.4196
v -0.0042 6.4677 -0.4210
v -0.1407 6.3085 -0.4712
v -0.0800 6.1889 -0.5499
v 0.0421 6.3156 -0.6544
v -0.0043 6.3450 -0.4759
v -0.0704 6.2272 -0.4964
v -0.0570 6.0736 -0.4789
v 0.1051 6.0143 -0.4486
v 0.0734 6.1517 -0.5765
v -0.0152 5.9592 -0.4443
v 0.1011 5.8731 -0.3921
v 0.2198 5.9230 -0.3980
v 0.1840 5.9901 -0.3720
v 0.2843 5.8747 -0.4240
v -0.0366 6.4599 -0.4306
v -0.0147 6.4140 -0.4047
v 0.1073 6.4986 -0.3996
v 0.0863 6.5882 -0.6192
v 0.0486 6.3951 -0.3852
v 0.0239 6.5034 -0.4128
v -0.3120 6.3702 -0.6399
v -0.2415 6.2798 -0.4318
v -0.2452 6.3565 -0.4052
v -0.3435 6.4551 -0.5979
v 0.4237 6.6163 -0.5470
v 0.3667 6.5174 -0.5884
v 0.2687 6.5152 -0.3905
v 0.0940 6.6805 -0.6021
v 0.1430 6.5517 -0.3940
v 0.1445 6.5871 -0.3892
v 0.0720 6.7305 -0.3969
v 0.0275 6.5118 -0.6360
v 0.2483 6.4043 -0.6547
v 0.1526 6.3448 -0.6497
v 0.3174 6.3988 -0.3654
v 0.3015 6.3340 -0.3779
v 0.0447 6.4892 -0.6710
v 0.1209 6.2120 -0.5916
v -0.0821 6.1149 -0.4995
v 0.4042 6.2581 -0.5443
v 0.3644 6.0986 -0.6023
v -0.0231 5.8701 -0.6500
v -0.1309 5.8750 -0.6469
v -0.1356 5.8761 -0.6448
v 0.1002 6.2522 -0.6265
v 0.0850 6.1705 -0.5877
v -0.0311 6.0680 -0.5018
v -0.0345 6.0682 -0.5068
v 0.2749 6.0184 -0.6392
v 0.2469 5.9571 -0.6128
v -0.2206 5.9426 -0.7148
v -0.1892 5.8921 -0.5802
v -0.2526 5.9521 -0.5018
v -0.2365 6.0458 -0.5626
v 0.2341 6.0126 -0.3802
v -0.1352 5.9128 -0.5596
v -0.0388 5.9507 -0.5062
v -0.0694 5.9625 -0.5200
v -0.3567 6.5197 -0.5671
v -0.2283 6.4296 -0.3886
v -0.2315 6.4770 -0.3819
v -0.3696 6.5672 -0.5620
v -0.0126 5.9098 -0.4752
v -0.0435 5.9357 -0.5462
v -0.0070 5.9225 -0.5771
v 0.0580 5.8675 -0.6617
v 0.2034 5.8672 -0.6198
v -0.3473 6.1378 -0.6538
v -0.2763 6.0369 -0.4605
v -0.2736 6.1242 -0.4433
v -0.2335 6.1940 -0.4558
v 0.3283 5.8727 -0.4856
v 0.0171 6.0606 -0.5048
v -0.0264 5.9815 -0.5196
v 0.0744 6.1007 -0.5529
v 0.1069 6.1905 -0.6339
v -0.0582 6.0011 -0.7163
v -0.0523 6.0066 -0.5004
v -0.1075 6.0768 -0.4980
v -0.1117 6.1206 -0.7310
v -0.2175 6.2349 -0.4526
v -0.2339 6.1954 -0.4553
v -0.1034 6.2742 -0.4303
v -0.1373 6.2954 -0.4550
v 0.0910 6.1459 -0.5512
v 0.1355 6.1606 -0.3384
v 0.0607 6.2880 -0.3322
v -0.0152 6.5717 -0.4150
v -0.0694 6.6223 -0.4066
v -0.1729 6.2074 -0.7344
v -0.1639 6.2304 -0.7254
v -0.2464 6.2755 -0.6697
v -0.2627 6.2883 -0.6898
v -0.1224 5.9521 -0.7180
v -0.0118 5.8712 -0.6848
v 0.0330 5.8664 -0.6536
v 0.3411 6.8090 -0.5573
v 0.1025 6.7673 -0.6271
v 0.0931 6.7501 -0.6257
v 0.0741 6.6349 -0.6167
v 0.0049 6.5292 -0.6226
v -0.1003 6.3024 -0.4608
v -0.1609 6.2348 -0.4679
v -0.2318 6.2500 -0.5184
v -0.2645 6.1942 -0.6912
v -0.2707 6.0987 -0.7466
v -0.2019 6.0310 -0.7356
v 0.0064 6.6385 -0.6284
v 0.1270 6.6595 -0.6019
v -0.0879 6.6208 -0.6492
v -0.0569 6.5750 -0.6472
v -0.0111 6.5138 -0.6434
v 0.0913 6.2980 -0.6684
v 0.0561 6.2168 -0.6773
v 0.0220 6.1124 -0.7274
v -0.0095 6.0961 -0.6126
v -0.0986 5.8783 -0.6322
v -0.2112 6.6364 -0.6186
v -0.0994 6.6545 -0.6413
v -0.2950 6.5618 -0.5987
v -0.2853 6.4715 -0.6129
v -0.2463 6.4138 -0.6402
v -0.1991 6.3018 -0.7052
v -0.1403 6.2275 -0.7453
v -0.0840 6.1254 -0.7284
v 0.0377 6.0156 -0.7213
v 0.0841 5.8475 -0.5444
v 0.2841 6.5737 -0.3770
v 0.3366 6.5967 -0.3438
v 0.0611 6.6470 -0.3869
v 0.1379 6.6541 -0.3746
v -0.0609 6.4178 -0.4141
v -0.0181 6.5148 -0.4198
v 0.4424 6.6870 -0.5265
v 0.2393 7.4474 -0.5214
v 0.4220 7.3286 -0.5415
v 0.3834 7.1959 -0.5529
v 0.1725 7.2508 -0.5899
v -0.1912 7.3549 -0.4000
v -0.0823 7.2527 -0.4251
v -0.0822 7.1618 -0.4429
v -0.2443 7.3109 -0.6296
v 0.0776 7.2409 -0.3940
v 0.1913 7.1303 -0.3802
v 0.2098 7.9448 -0.0522
v 0.3395 7.9145 -0.0511
v 0.2893 7.8880 -0.1310
v 0.1699 7.9186 -0.0910
v 0.1035 7.9033 -0.1419
v 0.2191 7.8684 -0.1721
v 0.1553 7.8541 -0.2075
v 0.0150 7.9181 -0.1414
v -0.0634 7.7002 -0.0831
v 0.0318 7.6932 -0.0766
v -0.0411 7.6462 -0.1447
v -0.1307 7.6247 -0.1503
v -0.2112 7.7196 -0.3600
v -0.0850 7.5811 -0.2167
v -0.0540 7.5334 -0.2733
v -0.2075 7.6445 -0.4276
v -0.1963 7.5658 -0.4888
v -0.0324 7.5744 -0.5066
v 0.0423 7.4386 -0.5828
v -0.1200 7.4539 -0.5889
v 0.0034 8.0421 0.2553
v 0.1342 8.0153 0.2589
v 0.2233 7.9867 0.0097
v 0.0623 7.9581 -0.0483
v 0.1659 7.9349 -0.0606
v 0.3317 7.9069 -0.0406
v 0.4108 7.8612 -0.0844
v 0.2639 7.8880 -0.1101
v 0.2680 7.8345 -0.2088
v 0.4343 7.8181 -0.1684
v 0.3542 7.7299 -0.3003
v 0.1986 7.7514 -0.3146
v 0.1000 7.6526 -0.4366
v 0.2611 7.6222 -0.4355
v 0.1712 7.5142 -0.4991
v 0.0397 7.5586 -0.5078
v -0.0497 7.3814 -0.3721
v 0.1065 7.4378 -0.5560
v -0.0370 7.3209 -0.3988
v -0.1270 7.3299 -0.3927
v -0.2154 7.9224 -0.0922
v -0.0989 7.9549 -0.0730
v -0.0811 7.9374 -0.1188
v -0.2007 7.9044 -0.1373
v -0.1821 7.8687 -0.1912
v -0.0538 7.9115 -0.1750
v 0.0086 7.8567 -0.2302
v -0.1356 7.8068 -0.2816
v -0.0397 7.7684 -0.3470
v 0.0916 7.8111 -0.2738
v 0.1304 7.6218 -0.1458
v 0.0268 7.6919 -0.3539
v 0.0825 7.4660 -0.2868
v 0.2136 7.5901 -0.1612
v 0.3071 7.5459 -0.1929
v 0.1636 7.5272 -0.2395
v 0.2005 7.4310 -0.2908
v 0.3417 7.4303 -0.2699
v 0.3628 7.4096 -0.4128
v 0.2146 7.4949 -0.3728
v 0.0922 7.1510 -0.6258
v 0.2816 7.1074 -0.5833
v 0.1903 7.0179 -0.6120
v 0.0209 7.0285 -0.6573
v -0.2191 7.1163 -0.6483
v -0.0235 7.1111 -0.6625
v -0.0376 7.0351 -0.6716
v -0.1772 7.0289 -0.6620
v 0.2430 7.0369 -0.3647
v 0.2789 6.9971 -0.3819
v -0.0728 6.8869 -0.4593
v 0.0827 6.8996 -0.6442
v -0.0747 6.8362 -0.4512
v -0.2252 6.7667 -0.6303
v -0.1276 6.9128 -0.6725
v -0.0090 6.9091 -0.6646
v 0.0694 6.8022 -0.6416
v -0.0757 6.7994 -0.6721
v 0.3234 6.9591 -0.5316
v 0.3516 6.8861 -0.5561
v -0.2435 6.7232 -0.6117
v -0.1390 6.6959 -0.6308
v 0.0143 6.6858 -0.3917
v 0.1095 6.6901 -0.3798
v 0.3477 6.8487 -0.5570
v 0.2260 7.1230 -0.3700
v 0.1519 7.0939 -0.3926
v 0.3193 7.0916 -0.3418
v 0.3902 7.1074 -0.3100
v -0.1947 7.1552 -0.4180
v -0.2841 7.0197 -0.4069
v -0.1071 7.0793 -0.4482
v -0.0221 7.1587 -0.4245
v 0.0178 7.2171 -0.4047
v 0.1224 7.0426 -0.4016
v 0.2361 7.0534 -0.3673
v 0.1313 7.2200 -0.3755
v 0.1786 7.9930 0.0883
v 0.2120 7.9963 0.0084
v 0.3262 7.9584 -0.0199
v 0.2874 7.9518 0.0568
v 0.1050 7.9628 -0.0565
v -0.0310 7.7639 0.0351
v 0.0945 7.7333 0.0109
v 0.2591 7.9065 -0.1007
v -0.1223 7.7381 0.0015
v -0.1966 7.6691 -0.0734
v -0.0206 7.6828 -0.0981
v 0.0312 7.7275 -0.0206
v -0.2665 7.5609 -0.1737
v -0.2725 7.4183 -0.2875
v -0.0927 7.4867 -0.2960
v -0.0888 7.6013 -0.1916
v -0.1691 7.3871 -0.3458
v -0.0940 7.3377 -0.3976
v 0.0299 7.3398 -0.3731
v -0.0103 7.4371 -0.3294
v 0.0317 7.8035 0.2182
v 0.0607 7.8361 -0.0067
v 0.1769 7.8376 0.0130
v 0.1542 7.8122 0.2414
v 0.1379 7.7984 0.1513
v 0.2107 7.7244 0.0459
v 0.3418 7.6849 0.0409
v 0.2674 7.7579 0.1409
v 0.2472 7.6482 -0.0884
v 0.2810 7.5962 -0.1407
v 0.3904 7.5833 -0.1075
v 0.3786 7.6372 -0.0401
v 0.2150 7.5509 -0.2036
v 0.1276 7.4668 -0.2810
v 0.2613 7.4317 -0.2844
v 0.3435 7.5148 -0.2128
v 0.0485 7.3853 -0.3449
v -0.1276 7.2330 -0.4154
v 0.0487 7.2452 -0.3924
v 0.1262 7.3620 -0.3340
v -0.2483 7.9174 0.0649
v -0.2308 7.9090 -0.0602
v -0.0959 7.9792 -0.0254
v -0.1173 7.9185 0.0311
v -0.1856 7.8279 -0.1645
v -0.1422 7.8397 -0.2003
v 0.0204 7.8850 -0.1950
v -0.0273 7.9408 -0.1100
v -0.0530 7.6733 -0.1182
v 0.0037 7.6397 -0.1445
v 0.1267 7.6419 -0.1180
v 0.0567 7.6741 -0.0947
v 0.0867 7.5989 -0.1746
v 0.1446 7.4767 -0.2731
v 0.2929 7.5498 -0.1909
v 0.2098 7.6039 -0.1450
v 0.2028 7.3399 -0.3358
v 0.2521 7.1479 -0.3618
v 0.4118 7.1411 -0.2985
v 0.3648 7.3575 -0.2959
v 0.0666 6.9681 -0.4199
v 0.0386 6.7960 -0.4174
v 0.1405 6.8964 -0.3993
v 0.2216 7.0120 -0.3700
v -0.2365 6.9339 -0.4225
v -0.1924 6.8928 -0.4317
v -0.0675 6.9449 -0.4517
v -0.0700 7.0017 -0.4532
v 0.1804 6.9247 -0.3832
v 0.2198 6.8009 -0.3676
v 0.3478 6.8249 -0.3008
v 0.3222 6.9246 -0.3235
v 0.0019 6.6828 -0.3928
v -0.0136 6.6264 -0.3988
v 0.0299 6.6687 -0.3883
v 0.0620 6.7792 -0.4087
v -0.1078 6.8373 -0.4454
v -0.0486 6.7496 -0.4195
v 0.0490 6.7723 -0.4103
v -0.0104 6.8513 -0.4386
v 0.2242 6.7105 -0.3536
v 0.2859 6.6843 -0.3328
v 0.3486 6.7183 -0.2916
v 0.3585 6.7687 -0.2890
v -0.0259 6.5507 -0.4186
v 0.0111 6.5972 -0.4028
v -0.0254 6.7206 -0.6400
v 0.1173 6.7279 -0.6157
v 0.3044 6.6419 -0.3428
v 0.3561 6.6319 -0.3235
v -0.0871 7.0678 -0.4559
v -0.0599 6.9631 -0.4508
v 0.0128 7.1186 -0.4217
v -0.0418 7.1650 -0.4280
v -0.0439 7.9961 0.2619
v -0.0376 8.0005 0.0443
v 0.1083 8.0014 0.2477
v 0.0817 7.9905 0.2569
v 0.0016 7.9844 0.0426
v -0.0431 7.9494 0.0161
v 0.4405 6.7501 -0.4970
v -0.3431 7.8252 -0.1486
v -0.3194 7.7657 -0.1182
v -0.3471 7.8136 -0.0151
v -0.3523 7.8715 -0.0705
v 0.3905 7.9276 0.0060
v 0.3867 7.8980 -0.0653
v -0.2368 6.7952 -0.3972
v -0.1730 6.6881 -0.3797
v -0.1372 6.7856 -0.4218
v -0.1615 6.8981 -0.4396
v 0.1324 7.9970 0.0685
v 0.1564 7.9890 0.0656
v 0.1854 7.9950 0.1283
v 0.1795 7.9994 0.0970
v -0.3601 6.9118 -0.3613
v -0.3908 7.0067 -0.3416
v 0.2889 7.8885 -0.1301
v 0.1987 7.8813 -0.1499
v 0.1396 7.2322 -0.3726
v 0.2473 7.1188 -0.3637
v -0.3798 6.6608 -0.5528
v -0.2190 6.5391 -0.3904
v -0.1811 6.6301 -0.3819
v -0.2687 6.7280 -0.3569
v 0.0592 7.7016 -0.0621
v 0.0076 7.6580 -0.1223
v -0.2091 6.8515 -0.4235
v -0.2949 6.8604 -0.3958
v -0.1172 7.0920 -0.4353
v -0.1064 7.1586 -0.4333
v -0.2539 7.2958 -0.3685
v -0.2636 7.2157 -0.3635
v -0.3718 7.1559 -0.3360
v -0.3260 7.2454 -0.3391
v -0.0406 6.9945 -0.4467
v 0.0160 6.9636 -0.4332
v -0.0364 7.0668 -0.4427
v -0.0982 7.0825 -0.4492
v 0.0655 7.2542 -0.3868
v 0.1404 7.2159 -0.3750
v 0.1220 7.2640 -0.3704
v 0.0725 7.3300 -0.3656
v -0.0230 7.5961 -0.2003
v -0.0246 7.5250 -0.2720
v 0.3950 7.6025 -0.4258
v 0.2896 7.4849 -0.5074
v -0.3589 7.2567 -0.3000
v -0.3440 7.3572 -0.2911
v -0.3602 7.4297 -0.2270
v -0.3582 7.4402 -0.2203
v -0.2004 7.4127 -0.3198
v -0.1643 7.4133 -0.3290
v -0.0067 7.4983 -0.2877
v 0.3024 7.0179 -0.3409
v 0.3352 6.9526 -0.3459
v -0.1031 6.6700 -0.3970
v -0.1383 6.7593 -0.4133
v -0.3538 7.8787 -0.0122
v -0.3548 7.8462 0.0467
v -0.3403 7.8709 0.0727
v -0.3066 7.8709 0.0224
v 0.0429 7.4071 -0.3356
v 0.0962 7.3934 -0.3269
v 0.0259 7.5042 -0.2794
v -0.0124 7.4958 -0.2901
v 0.0024 7.4424 -0.3242
v 0.0461 7.3389 -0.3688
v 0.0500 6.8576 -0.4259
v 0.0614 6.7853 -0.4101
v 0.0463 6.8774 -0.4268
v 0.0029 6.9219 -0.4367
v -0.3212 7.5472 -0.1515
v -0.3433 7.5463 -0.1371
v -0.3064 7.6451 -0.0441
v -0.2941 7.6323 -0.0390
v 0.4412 7.3938 -0.2458
v 0.4391 7.2582 -0.2925
v 0.0905 7.5686 -0.2078
v 0.1653 7.6072 -0.1494
v 0.4192 7.1986 -0.2999
v 0.4356 7.1257 -0.5349
v -0.0628 7.5569 -0.2525
v -0.0443 7.5890 -0.2124
v -0.1208 7.6087 -0.1725
v -0.1809 7.7199 -0.3695
v 0.3409 6.8884 -0.3389
v 0.4456 6.8106 -0.4987
v -0.2551 7.6995 0.0143
v -0.2439 7.7143 0.0035
v -0.1597 7.7482 0.0399
v -0.1684 7.7332 0.0112
v 0.1279 7.6711 -0.0850
v 0.0722 7.7455 0.0274
v 0.0562 6.7691 -0.4080
v 0.1213 6.6555 -0.3777
v 0.0842 6.7083 -0.3881
v 0.0511 6.8125 -0.4179
v -0.1128 7.9422 0.2298
v -0.1205 7.9033 0.2731
v -0.2742 7.7320 -0.3248
v -0.2285 7.7890 -0.2716
v -0.2902 7.7906 -0.2066
v -0.3305 7.7766 -0.2465
v -0.2689 7.3072 -0.3564
v -0.4083 7.2684 -0.5718
v -0.2604 7.3307 -0.5727
v -0.1103 7.1993 -0.6437
v -0.0818 7.1149 -0.4464
v 0.2455 7.9690 0.0136
v 0.3482 7.9336 -0.0043
v 0.1767 7.9883 0.0470
v 0.1503 7.9716 0.0059
v 0.0993 7.9567 -0.0392
v 0.0020 7.9594 -0.0610
v -0.1056 7.7277 -0.0285
v -0.2489 7.8533 -0.1565
v -0.3063 7.7839 -0.2205
v -0.3472 7.6928 -0.3357
v -0.3783 7.5718 -0.4138
v -0.3579 7.4214 -0.4814
v -0.0364 7.9968 0.2657
v 0.0797 7.9733 0.2671
v -0.0620 7.4665 -0.3164
v -0.1489 7.3975 -0.3435
v -0.2242 7.9122 -0.0419
v -0.1202 7.9651 -0.0140
v -0.2147 7.7220 -0.3560
v -0.1194 7.6754 -0.3899
v -0.3811 7.0766 -0.6087
v -0.3245 6.9840 -0.6296
v -0.0171 7.0313 -0.4396
v 0.0345 6.9483 -0.4289
v 0.0518 6.8861 -0.4256
v 0.0495 6.8736 -0.4260
v -0.1267 6.7167 -0.6404
v 0.0900 6.8233 -0.6361
v 0.1983 7.9699 0.1381
v 0.2874 7.9374 0.1072
v -0.0207 7.8680 0.2842
v 0.0928 7.8705 0.2677
v -0.2526 7.9165 0.0854
v -0.1377 7.9265 0.0660
v 0.3635 7.9532 0.0527
v 0.0853 3.7317 -0.8799
v 0.0839 3.7309 -0.8743
v 0.0743 3.6957 -0.8929
v 0.0745 3.6961 -0.8973
v 0.1104 3.7657 -0.8911
v 0.1126 3.7660 -0.8845
v 0.0974 3.7006 -0.8833
v 0.0955 3.7010 -0.8871
v 0.0918 3.7360 -0.9081
v 0.0755 3.6983 -0.9186
v 0.0351 3.6361 -0.9256
v 0.0745 3.6382 -0.9179
v 0.0892 3.5991 -0.9193
v 0.0514 3.5928 -0.9108
v 0.1205 3.5349 -0.9444
v 0.0744 3.5224 -0.9365
v 0.1688 3.4578 -0.9699
v 0.1096 3.4461 -0.9707
v 0.1714 3.3063 -0.9544
v 0.0989 3.2843 -0.9671
v 0.1177 3.1481 -0.9448
v 0.0481 3.1315 -0.9594
v 0.0698 3.0213 -0.8919
v 0.0344 3.0179 -0.8914
v 0.0495 2.9030 -0.8237
v 0.0304 2.9017 -0.8207
v 0.0888 2.7628 -0.7570
v 0.0815 2.7617 -0.7524
v 0.0817 3.6440 -0.9048
v 0.1191 3.6489 -0.8922
v 0.1349 3.6085 -0.8914
v 0.0991 3.6019 -0.8906
v 0.1686 3.5372 -0.9380
v 0.1276 3.5297 -0.9285
v 0.1852 3.4435 -0.9882
v 0.1423 3.4419 -0.9687
v 0.1392 3.2638 -0.9892
v 0.0980 3.2559 -0.9707
v 0.0725 3.1202 -0.9752
v 0.0256 3.1134 -0.9599
v -0.0079 3.0158 -0.9085
v -0.0397 3.0169 -0.8957
v -0.0457 2.9236 -0.8419
v -0.0589 2.9234 -0.8347
v -0.0553 2.8223 -0.7799
v -0.0636 2.8251 -0.7757
v 0.0241 3.6348 -0.9250
v 0.0624 3.6372 -0.9216
v 0.0754 3.5979 -0.8962
v 0.0353 3.5908 -0.8912
v 0.1095 3.5313 -0.8802
v 0.0553 3.5161 -0.8792
v 0.1621 3.4438 -0.8670
v 0.0901 3.4290 -0.8765
v 0.1497 3.2826 -0.8644
v 0.0667 3.2601 -0.8834
v 0.1059 3.1473 -0.8584
v 0.0238 3.1264 -0.8782
v 0.0818 3.0473 -0.8225
v 0.0405 3.0440 -0.8252
v 0.0566 2.9477 -0.8026
v 0.0359 2.9467 -0.8003
v 0.0925 2.8354 -0.7780
v 0.0852 2.8344 -0.7735
v 0.0613 3.6450 -0.9214
v 0.0931 3.6536 -0.8968
v 0.1300 3.6099 -0.8950
v 0.0887 3.6000 -0.8908
v 0.1943 3.5391 -0.8864
v 0.1491 3.5293 -0.8837
v 0.2648 3.4205 -0.8685
v 0.2219 3.4263 -0.8692
v 0.2809 3.2787 -0.8497
v 0.2338 3.2801 -0.8531
v 0.2120 3.1314 -0.8435
v 0.1639 3.1268 -0.8512
v 0.0968 2.9354 -0.8157
v 0.0678 2.9361 -0.8132
v 0.0771 2.7302 -0.7531
v 0.0568 2.7281 -0.7481
v 0.0502 2.5459 -0.7033
v 0.0419 2.5445 -0.6980
v 0.0740 3.6486 -0.9059
v 0.1131 3.6539 -0.8873
v 0.1407 3.6113 -0.8896
v 0.1021 3.6023 -0.8891
v 0.2112 3.5339 -0.9302
v 0.1772 3.5296 -0.9204
v 0.2621 3.4158 -0.9546
v 0.2335 3.4236 -0.9313
v 0.2537 3.2609 -0.9159
v 0.2246 3.2668 -0.8914
v 0.1826 3.1237 -0.8915
v 0.1465 3.1168 -0.8716
v 0.0734 2.9712 -0.8480
v 0.0432 2.9673 -0.8370
v 0.0449 2.8318 -0.7960
v 0.0291 2.8287 -0.7894
v 0.0387 2.6879 -0.7605
v 0.0287 2.6897 -0.7556
v 0.0520 3.6308 -0.9009
v 0.0974 3.6381 -0.8962
v 0.1239 3.5995 -0.8617
v 0.0772 3.5868 -0.8566
v 0.1874 3.5264 -0.8177
v 0.1332 3.5111 -0.8182
v 0.2443 3.4014 -0.7806
v 0.1901 3.4015 -0.7798
v 0.2668 3.2641 -0.7588
v 0.2184 3.2644 -0.7531
v 0.2440 3.1356 -0.7457
v 0.2031 3.1376 -0.7397
v 0.1668 2.9981 -0.7392
v 0.1366 2.9962 -0.7359
v 0.1009 2.8526 -0.7145
v 0.0816 2.8508 -0.7102
v 0.0499 2.6631 -0.6781
v 0.0420 2.6620 -0.6727
v -0.0096 3.6506 -0.8512
v 0.0148 3.6520 -0.8709
v 0.0185 3.6168 -0.8571
v -0.0120 3.6165 -0.8293
v -0.0274 3.5562 -0.8479
v -0.0729 3.5607 -0.8164
v -0.1120 3.4898 -0.8399
v -0.1473 3.4919 -0.8053
v -0.1195 3.3074 -0.8319
v -0.1574 3.3374 -0.7958
v -0.1239 3.1789 -0.8070
v -0.1571 3.2169 -0.7753
v -0.0904 3.0602 -0.7671
v -0.1075 3.0738 -0.7472
v -0.0533 2.9337 -0.7299
v -0.0632 2.9388 -0.7136
v -0.0199 2.7882 -0.7067
v -0.0223 2.7890 -0.6983
v -0.0174 3.6465 -0.8812
v 0.0114 3.6448 -0.9044
v 0.0118 3.6010 -0.9001
v -0.0122 3.5997 -0.8736
v -0.0518 3.5368 -0.9176
v -0.0836 3.5413 -0.8864
v -0.1409 3.4561 -0.9213
v -0.1608 3.4644 -0.8827
v -0.1703 3.2762 -0.8878
v -0.1763 3.2956 -0.8534
v -0.1456 3.1375 -0.8673
v -0.1566 3.1649 -0.8322
v -0.0900 3.0249 -0.8332
v -0.1002 3.0320 -0.8119
v -0.0600 2.9115 -0.8066
v -0.0650 2.9127 -0.7933
v -0.0414 2.8024 -0.7602
v -0.0445 2.8058 -0.7516
v 0.0085 3.6419 -0.8341
v 0.0426 3.6406 -0.8570
v 0.0581 3.6013 -0.8274
v 0.0290 3.5978 -0.7985
v 0.0507 3.5269 -0.7833
v 0.0096 3.5220 -0.7555
v 0.0212 3.4348 -0.7419
v -0.0198 3.4422 -0.7147
v -0.0379 3.3218 -0.7107
v -0.0688 3.3414 -0.6830
v -0.0583 3.2158 -0.7059
v -0.0887 3.2454 -0.6752
v -0.0331 3.0928 -0.7078
v -0.0551 3.1064 -0.6903
v -0.0118 2.9780 -0.7035
v -0.0229 2.9834 -0.6880
v 0.0145 2.8534 -0.6993
v 0.0125 2.8547 -0.6908
v 0.0269 3.6467 -0.8614
v 0.0660 3.6476 -0.8895
v 0.0900 3.6042 -0.8790
v 0.0579 3.5982 -0.8473
v 0.1091 3.5286 -0.8736
v 0.0636 3.5145 -0.8409
v 0.1215 3.4214 -0.8714
v 0.0569 3.4104 -0.8390
v 0.0691 3.2272 -0.8503
v 0.0024 3.2434 -0.8225
v 0.0387 3.1023 -0.7971
v -0.0191 3.1268 -0.7750
v 0.0036 2.9469 -0.7479
v -0.0131 2.9578 -0.7260
v 0.0122 2.7091 -0.7250
v 0.0000 2.7107 -0.7074
v 0.0383 2.4984 -0.7020
v 0.0356 2.4979 -0.6922
v -0.0169 3.6530 -0.8830
v 0.0207 3.6542 -0.9102
v 0.0332 3.6030 -0.9077
v 0.0009 3.5983 -0.8765
v 0.0125 3.5139 -0.9322
v -0.0313 3.5189 -0.8969
v -0.0316 3.3921 -0.9544
v -0.0642 3.4089 -0.9088
v -0.0705 3.1596 -0.9224
v -0.0783 3.1871 -0.8783
v -0.0597 3.0649 -0.8617
v -0.0713 3.0931 -0.8198
v -0.0539 2.9740 -0.7972
v -0.0632 2.9795 -0.7702
v -0.0597 2.8352 -0.7502
v -0.0664 2.8357 -0.7340
v -0.0495 2.6867 -0.7005
v -0.0534 2.6900 -0.6903
v 0.0367 3.6454 -0.8381
v 0.0754 3.6469 -0.8669
v 0.1049 3.6063 -0.8395
v 0.0719 3.5989 -0.8054
v 0.1329 3.5313 -0.7867
v 0.0834 3.5154 -0.7559
v 0.1392 3.4196 -0.7287
v 0.0813 3.4155 -0.7052
v 0.1456 3.2740 -0.6894
v 0.0814 3.2878 -0.6696
v 0.1643 3.1331 -0.6918
v 0.1029 3.1550 -0.6660
v 0.1012 2.9937 -0.7231
v 0.0799 3.0016 -0.7003
v 0.0715 2.8448 -0.7195
v 0.0611 2.8469 -0.7041
v 0.0627 2.6587 -0.6877
v 0.0603 2.6584 -0.6783
v 0.0511 3.6387 -0.9220
v 0.0826 3.6427 -0.9184
v 0.0907 3.6131 -0.8991
v 0.0612 3.6066 -0.9044
v 0.1165 3.5623 -0.8848
v 0.0807 3.5511 -0.8931
v 0.1565 3.5046 -0.8755
v 0.1107 3.4960 -0.8918
v 0.1718 3.4031 -0.8859
v 0.1130 3.3952 -0.9113
v 0.1478 3.2714 -0.8917
v 0.0840 3.2518 -0.9196
v 0.1157 3.1228 -0.8719
v 0.0740 3.1043 -0.8887
v 0.0812 3.0219 -0.8287
v 0.0583 3.0175 -0.8328
v 0.0660 2.9258 -0.8030
v 0.0589 2.9246 -0.8016
v 0.0831 3.6484 -0.8937
v 0.1137 3.6505 -0.8914
v 0.1242 3.6186 -0.8923
v 0.0940 3.6133 -0.8904
v 0.1548 3.5633 -0.9222
v 0.1225 3.5558 -0.9276
v 0.1800 3.4990 -0.9557
v 0.1416 3.4971 -0.9524
v 0.1717 3.3882 -0.9675
v 0.1264 3.3862 -0.9618
v 0.1315 3.2474 -0.9398
v 0.0777 3.2333 -0.9424
v 0.0489 3.0886 -0.9112
v 0.0099 3.0785 -0.9113
v -0.0032 3.0135 -0.8560
v -0.0208 3.0120 -0.8551
v -0.0313 2.9426 -0.8241
v -0.0388 2.9438 -0.8231
v 0.0374 3.6263 -0.9217
v 0.0650 3.6303 -0.9093
v 0.0691 3.6005 -0.8859
v 0.0377 3.5928 -0.8912
v 0.0871 3.5465 -0.8632
v 0.0464 3.5347 -0.8729
v 0.1158 3.4825 -0.8419
v 0.0631 3.4714 -0.8597
v 0.1112 3.3690 -0.8433
v 0.0488 3.3616 -0.8655
v 0.0897 3.2514 -0.8436
v 0.0223 3.2354 -0.8719
v 0.0881 3.1428 -0.8181
v 0.0426 3.1254 -0.8363
v 0.0865 3.0598 -0.7849
v 0.0600 3.0550 -0.7922
v 0.0785 2.9747 -0.7692
v 0.0704 2.9737 -0.7683
v 0.0654 3.6377 -0.9133
v 0.0983 3.6450 -0.8988
v 0.1129 3.6141 -0.8730
v 0.0784 3.6035 -0.8794
v 0.1562 3.5605 -0.8434
v 0.1170 3.5468 -0.8544
v 0.2108 3.4819 -0.8104
v 0.1693 3.4797 -0.8269
v 0.2344 3.3595 -0.7945
v 0.1887 3.3631 -0.8158
v 0.2192 3.2404 -0.7862
v 0.1671 3.2353 -0.8124
v 0.1352 3.0551 -0.7776
v 0.1031 3.0523 -0.7878
v 0.0637 2.9001 -0.7622
v 0.0461 2.8971 -0.7641
v 0.0909 2.7512 -0.7155
v 0.0832 2.7492 -0.7135
v 0.0790 3.6346 -0.9173
v 0.1090 3.6426 -0.8999
v 0.1288 3.6091 -0.8846
v 0.0971 3.5989 -0.8925
v 0.1927 3.5521 -0.8851
v 0.1607 3.5445 -0.8914
v 0.2467 3.4657 -0.8951
v 0.2132 3.4710 -0.8910
v 0.2565 3.3390 -0.8741
v 0.2159 3.3472 -0.8684
v 0.2190 3.2343 -0.8457
v 0.1669 3.2229 -0.8482
v 0.1238 3.0799 -0.8364
v 0.0843 3.0656 -0.8402
v 0.0425 2.9668 -0.8256
v 0.0255 2.9633 -0.8259
v 0.0241 2.8695 -0.7931
v 0.0150 2.8701 -0.7920
v 0.0462 3.6308 -0.8780
v 0.0797 3.6387 -0.8632
v 0.0906 3.6061 -0.8333
v 0.0528 3.5940 -0.8396
v 0.1227 3.5462 -0.7956
v 0.0778 3.5289 -0.8071
v 0.1594 3.4620 -0.7569
v 0.1092 3.4524 -0.7743
v 0.1869 3.3458 -0.7288
v 0.1337 3.3428 -0.7497
v 0.2016 3.2431 -0.7079
v 0.1509 3.2410 -0.7277
v 0.1717 3.1131 -0.6984
v 0.1395 3.1087 -0.7084
v 0.0892 2.9930 -0.7120
v 0.0711 2.9907 -0.7156
v 0.0663 2.8715 -0.7041
v 0.0589 2.8701 -0.7020
v -0.0142 3.6438 -0.8558
v 0.0095 3.6461 -0.8648
v 0.0095 3.6179 -0.8524
v -0.0211 3.6165 -0.8384
v -0.0258 3.5678 -0.8506
v -0.0680 3.5707 -0.8362
v -0.0920 3.5174 -0.8549
v -0.1292 3.5216 -0.8363
v -0.1129 3.4058 -0.8505
v -0.1518 3.4213 -0.8269
v -0.1171 3.2649 -0.8342
v -0.1548 3.2940 -0.8123
v -0.1121 3.1319 -0.8094
v -0.1367 3.1465 -0.7950
v -0.0745 3.0375 -0.7754
v -0.0885 3.0413 -0.7663
v -0.0379 2.9371 -0.7546
v -0.0415 2.9380 -0.7485
v -0.0123 3.6404 -0.8805
v 0.0156 3.6404 -0.8910
v 0.0161 3.6055 -0.8864
v -0.0087 3.6034 -0.8713
v -0.0232 3.5495 -0.9058
v -0.0552 3.5530 -0.8872
v -0.0915 3.4972 -0.9233
v -0.1184 3.5055 -0.8946
v -0.1430 3.3839 -0.8902
v -0.1600 3.4016 -0.8603
v -0.1624 3.2674 -0.8504
v -0.1782 3.2888 -0.8238
v -0.1724 3.1492 -0.8156
v -0.1841 3.1582 -0.7994
v -0.1256 3.0328 -0.7972
v -0.1310 3.0346 -0.7883
v -0.0976 2.9475 -0.7645
v -0.1017 2.9506 -0.7585
v -0.0116 3.6324 -0.8418
v 0.0209 3.6327 -0.8509
v 0.0241 3.5997 -0.8251
v -0.0055 3.5974 -0.8084
v 0.0000 3.5404 -0.7953
v -0.0380 3.5422 -0.7767
v -0.0410 3.4783 -0.7680
v -0.0790 3.4843 -0.7491
v -0.0935 3.3838 -0.7486
v -0.1248 3.3989 -0.7304
v -0.1069 3.2844 -0.7481
v -0.1402 3.3083 -0.7292
v -0.0862 3.1699 -0.7561
v -0.1111 3.1809 -0.7422
v -0.0470 3.0787 -0.7407
v -0.0649 3.0825 -0.7335
v -0.0118 2.9864 -0.7354
v -0.0157 2.9876 -0.7298
v 0.0164 3.6422 -0.8544
v 0.0534 3.6448 -0.8661
v 0.0698 3.6100 -0.8528
v 0.0364 3.6031 -0.8362
v 0.0785 3.5461 -0.8447
v 0.0337 3.5350 -0.8316
v 0.0798 3.4658 -0.8419
v 0.0194 3.4620 -0.8307
v 0.0389 3.3269 -0.8412
v -0.0217 3.3412 -0.8259
v 0.0085 3.1831 -0.8199
v -0.0534 3.2057 -0.8078
v -0.0076 3.0577 -0.7602
v -0.0381 3.0646 -0.7518
v -0.0153 2.9121 -0.7182
v -0.0286 2.9143 -0.7072
v 0.0163 2.7594 -0.6860
v 0.0119 2.7592 -0.6791
v -0.0115 3.6457 -0.8819
v 0.0241 3.6483 -0.8931
v 0.0343 3.6081 -0.8871
v 0.0018 3.6028 -0.8706
v 0.0278 3.5354 -0.9045
v -0.0152 3.5361 -0.8853
v 0.0011 3.4518 -0.9303
v -0.0414 3.4661 -0.8981
v -0.0365 3.2751 -0.9101
v -0.0616 3.3068 -0.8719
v -0.0563 3.1567 -0.8652
v -0.0836 3.1913 -0.8279
v -0.0729 3.0790 -0.7963
v -0.0946 3.0879 -0.7774
v -0.0702 2.9890 -0.7564
v -0.0786 2.9903 -0.7453
v -0.0661 2.8944 -0.7120
v -0.0713 2.8977 -0.7049
v 0.0094 3.6305 -0.8370
v 0.0470 3.6333 -0.8490
v 0.0609 3.5982 -0.8244
v 0.0254 3.5905 -0.8061
v 0.0643 3.5311 -0.7927
v 0.0154 3.5205 -0.7767
v 0.0543 3.4434 -0.7596
v -0.0005 3.4427 -0.7461
v 0.0490 3.3283 -0.7342
v -0.0105 3.3354 -0.7239
v 0.0832 3.2140 -0.7192
v 0.0081 3.2284 -0.7166
v 0.0758 3.0835 -0.7236
v 0.0386 3.0896 -0.7168
v 0.0273 2.9651 -0.7351
v 0.0145 2.9669 -0.7268
v 0.0189 2.8403 -0.7118
v 0.0150 2.8405 -0.7050
v 0.0339 3.6357 -0.9242
v 0.0719 3.6398 -0.9148
v 0.0863 3.5989 -0.9194
v 0.0511 3.5933 -0.9109
v 0.1028 3.5344 -0.9387
v 0.0654 3.5251 -0.9293
v 0.1128 3.4562 -0.9551
v 0.0705 3.4508 -0.9481
v 0.0764 3.2845 -0.9371
v 0.0393 3.2929 -0.9350
v 0.0377 3.1283 -0.9288
v 0.0012 3.1389 -0.9294
v 0.0373 3.0181 -0.8883
v 0.0106 3.0184 -0.8870
v 0.0470 2.9027 -0.8237
v 0.0279 2.9015 -0.8208
v 0.0865 2.7626 -0.7570
v 0.0791 2.7616 -0.7524
v 0.0799 3.6393 -0.9088
v 0.1176 3.6414 -0.8984
v 0.1315 3.6038 -0.8951
v 0.0959 3.5985 -0.8938
v 0.1424 3.5368 -0.9359
v 0.1058 3.5287 -0.9234
v 0.1232 3.4430 -0.9744
v 0.0891 3.4409 -0.9483
v 0.0584 3.2488 -0.9637
v 0.0356 3.2626 -0.9396
v 0.0144 3.1140 -0.9496
v -0.0103 3.1240 -0.9301
v -0.0208 3.0183 -0.9039
v -0.0429 3.0200 -0.8930
v -0.0480 2.9236 -0.8419
v -0.0613 2.9235 -0.8346
v -0.0577 2.8225 -0.7799
v -0.0661 2.8253 -0.7757
v 0.0217 3.6348 -0.9250
v 0.0599 3.6372 -0.9216
v 0.0737 3.5980 -0.8964
v 0.0375 3.5917 -0.8913
v 0.0938 3.5311 -0.8786
v 0.0540 3.5206 -0.8741
v 0.1023 3.4409 -0.8707
v 0.0582 3.4365 -0.8670
v 0.0610 3.2710 -0.8670
v 0.0238 3.2806 -0.8657
v 0.0373 3.1386 -0.8557
v -0.0045 3.1458 -0.8599
v 0.0483 3.0462 -0.8214
v 0.0188 3.0463 -0.8225
v 0.0532 2.9474 -0.8028
v 0.0329 2.9465 -0.8005
v 0.0900 2.8352 -0.7780
v 0.0827 2.8341 -0.7735
v 0.0579 3.6463 -0.9165
v 0.1004 3.6546 -0.9019
v 0.1258 3.6108 -0.8912
v 0.0853 3.6006 -0.8884
v 0.1642 3.5394 -0.8910
v 0.1212 3.5275 -0.8853
v 0.1897 3.4359 -0.8867
v 0.1423 3.4307 -0.8839
v 0.1583 3.2525 -0.8728
v 0.1089 3.2448 -0.8754
v 0.1288 3.1025 -0.8517
v 0.0824 3.1008 -0.8561
v 0.0940 2.9349 -0.8158
v 0.0649 2.9359 -0.8134
v 0.0746 2.7301 -0.7532
v 0.0543 2.7280 -0.7481
v 0.0478 2.5459 -0.7033
v 0.0396 2.5445 -0.6980
v 0.0709 3.6479 -0.9023
v 0.1095 3.6526 -0.8814
v 0.1401 3.6067 -0.8862
v 0.0983 3.6016 -0.8874
v 0.1835 3.5361 -0.9317
v 0.1454 3.5292 -0.9203
v 0.1923 3.4312 -0.9630
v 0.1544 3.4307 -0.9371
v 0.1300 3.2191 -0.9282
v 0.1009 3.2249 -0.9039
v 0.0976 3.0887 -0.8939
v 0.0688 3.0931 -0.8714
v 0.0350 2.9668 -0.8376
v 0.0621 2.9701 -0.8488
v 0.0425 2.8316 -0.7961
v 0.0267 2.8286 -0.7894
v 0.0363 2.6879 -0.7605
v 0.0264 2.6898 -0.7556
v 0.0497 3.6308 -0.9009
v 0.0948 3.6380 -0.8962
v 0.1190 3.5992 -0.8620
v 0.0763 3.5874 -0.8569
v 0.1543 3.5251 -0.8306
v 0.1083 3.5095 -0.8273
v 0.1698 3.4062 -0.8101
v 0.1213 3.3999 -0.8083
v 0.1753 3.2441 -0.7827
v 0.1237 3.2452 -0.7857
v 0.1886 3.1213 -0.7537
v 0.1396 3.1272 -0.7540
v 0.1580 2.9968 -0.7394
v 0.1276 2.9952 -0.7366
v 0.0983 2.8524 -0.7146
v 0.0792 2.8506 -0.7102
v 0.0475 2.6631 -0.6781
v 0.0397 2.6620 -0.6727
v -0.0116 3.6506 -0.8512
v 0.0123 3.6520 -0.8709
v 0.0190 3.6172 -0.8572
v -0.0097 3.6173 -0.8295
v -0.0074 3.5562 -0.8481
v -0.0461 3.5603 -0.8176
v -0.0608 3.4915 -0.8394
v -0.0903 3.4983 -0.8089
v -0.0647 3.3342 -0.8274
v -0.0887 3.3599 -0.7979
v -0.0765 3.1924 -0.8055
v -0.0945 3.2285 -0.7777
v -0.0722 3.0634 -0.7666
v -0.0870 3.0764 -0.7476
v -0.0557 2.9338 -0.7299
v -0.0655 2.9390 -0.7136
v -0.0224 2.7883 -0.7067
v -0.0247 2.7891 -0.6983
v -0.0194 3.6465 -0.8813
v 0.0089 3.6448 -0.9044
v 0.0136 3.6016 -0.9002
v -0.0076 3.6007 -0.8737
v -0.0295 3.5371 -0.9161
v -0.0523 3.5412 -0.8866
v -0.0950 3.4693 -0.9228
v -0.1078 3.4802 -0.8867
v -0.1079 3.2850 -0.8913
v -0.1072 3.3126 -0.8577
v -0.1021 3.1380 -0.8686
v -0.1034 3.1679 -0.8350
v -0.0784 3.0266 -0.8338
v -0.0860 3.0339 -0.8124
v -0.0625 2.9116 -0.8066
v -0.0673 2.9128 -0.7933
v -0.0439 2.8026 -0.7602
v -0.0469 2.8060 -0.7516
v 0.0069 3.6420 -0.8341
v 0.0404 3.6406 -0.8570
v 0.0593 3.6019 -0.8274
v 0.0325 3.5989 -0.7985
v 0.0580 3.5310 -0.7854
v 0.0277 3.5254 -0.7568
v 0.0346 3.4413 -0.7476
v 0.0091 3.4469 -0.7182
v -0.0066 3.3341 -0.7117
v -0.0270 3.3509 -0.6842
v -0.0259 3.2272 -0.7035
v -0.0493 3.2546 -0.6760
v -0.0208 3.0957 -0.7064
v -0.0388 3.1090 -0.6889
v -0.0143 2.9781 -0.7036
v -0.0254 2.9834 -0.6881
v 0.0121 2.8534 -0.6993
v 0.0101 2.8545 -0.6908
v 0.0246 3.6467 -0.8614
v 0.0635 3.6476 -0.8895
v 0.0874 3.6042 -0.8792
v 0.0590 3.5989 -0.8474
v 0.0930 3.5284 -0.8726
v 0.0621 3.5186 -0.8397
v 0.0730 3.4232 -0.8667
v 0.0414 3.4223 -0.8334
v 0.0224 3.2401 -0.8429
v -0.0006 3.2692 -0.8109
v 0.0171 3.1089 -0.7942
v -0.0118 3.1394 -0.7692
v 0.0011 2.9468 -0.7480
v -0.0156 2.9578 -0.7261
v 0.0099 2.7091 -0.7250
v -0.0024 2.7108 -0.7075
v 0.0359 2.4984 -0.7020
v 0.0333 2.4979 -0.6922
v -0.0191 3.6530 -0.8830
v 0.0183 3.6542 -0.9102
v 0.0333 3.6034 -0.9077
v 0.0049 3.5993 -0.8766
v 0.0192 3.5185 -0.9253
v -0.0094 3.5201 -0.8915
v -0.0215 3.4141 -0.9330
v -0.0362 3.4270 -0.8917
v -0.0545 3.1837 -0.9014
v -0.0515 3.2166 -0.8606
v -0.0510 3.0748 -0.8537
v -0.0518 3.1042 -0.8135
v -0.0552 2.9741 -0.7973
v -0.0646 2.9797 -0.7702
v -0.0621 2.8354 -0.7502
v -0.0688 2.8359 -0.7340
v -0.0519 2.6869 -0.7005
v -0.0558 2.6904 -0.6903
v 0.0343 3.6454 -0.8381
v 0.0729 3.6468 -0.8669
v 0.1021 3.6062 -0.8397
v 0.0724 3.5994 -0.8054
v 0.1172 3.5300 -0.7967
v 0.0827 3.5175 -0.7634
v 0.1047 3.4174 -0.7556
v 0.0728 3.4167 -0.7240
v 0.0989 3.2669 -0.7190
v 0.0667 3.2869 -0.6888
v 0.1215 3.1284 -0.7064
v 0.0830 3.1548 -0.6764
v 0.0948 2.9932 -0.7238
v 0.0755 3.0014 -0.7007
v 0.0690 2.8446 -0.7195
v 0.0587 2.8468 -0.7041
v 0.0603 2.6586 -0.6877
v 0.0579 2.6583 -0.6783
v 0.0498 3.6385 -0.9247
v 0.0802 3.6427 -0.9184
v 0.0882 3.6129 -0.8992
v 0.0597 3.6067 -0.9045
v 0.1057 3.5618 -0.8848
v 0.0756 3.5524 -0.8911
v 0.1179 3.5023 -0.8786
v 0.0848 3.4962 -0.8864
v 0.0944 3.3969 -0.8869
v 0.0612 3.4018 -0.8946
v 0.0581 3.2584 -0.8863
v 0.0287 3.2679 -0.8958
v 0.0448 3.1090 -0.8677
v 0.0207 3.1038 -0.8755
v 0.0535 3.0197 -0.8292
v 0.0356 3.0168 -0.8332
v 0.0634 2.9255 -0.8031
v 0.0563 2.9244 -0.8018
v 0.0853 3.6515 -0.9173
v 0.1126 3.6568 -0.8975
v 0.1218 3.6233 -0.8922
v 0.0938 3.6161 -0.9026
v 0.1397 3.5629 -0.9213
v 0.1094 3.5554 -0.9254
v 0.1369 3.4991 -0.9496
v 0.1058 3.4956 -0.9414
v 0.0929 3.3802 -0.9499
v 0.0664 3.3892 -0.9365
v 0.0488 3.2390 -0.9207
v 0.0233 3.2492 -0.9136
v 0.0058 3.0937 -0.8921
v -0.0152 3.0915 -0.8906
v -0.0132 3.0155 -0.8548
v -0.0261 3.0140 -0.8543
v -0.0337 2.9426 -0.8241
v -0.0412 2.9438 -0.8231
v 0.0333 3.6286 -0.9224
v 0.0612 3.6321 -0.9099
v 0.0673 3.6016 -0.8863
v 0.0383 3.5949 -0.8918
v 0.0812 3.5478 -0.8628
v 0.0497 3.5385 -0.8698
v 0.0875 3.4820 -0.8452
v 0.0532 3.4777 -0.8539
v 0.0599 3.3730 -0.8433
v 0.0286 3.3821 -0.8513
v 0.0336 3.2588 -0.8415
v 0.0035 3.2657 -0.8513
v 0.0360 3.1410 -0.8191
v 0.0105 3.1356 -0.8282
v 0.0556 3.0601 -0.7866
v 0.0364 3.0571 -0.7921
v 0.0719 2.9742 -0.7699
v 0.0644 2.9732 -0.7690
v 0.0630 3.6377 -0.9133
v 0.0959 3.6449 -0.8988
v 0.1100 3.6139 -0.8731
v 0.0767 3.6035 -0.8795
v 0.1385 3.5588 -0.8485
v 0.1037 3.5462 -0.8564
v 0.1599 3.4845 -0.8296
v 0.1222 3.4782 -0.8406
v 0.1388 3.3555 -0.8272
v 0.1001 3.3545 -0.8396
v 0.1123 3.2132 -0.8152
v 0.0715 3.2138 -0.8325
v 0.0964 3.0519 -0.7816
v 0.0691 3.0507 -0.7902
v 0.0613 2.8999 -0.7623
v 0.0436 2.8969 -0.7641
v 0.0885 2.7510 -0.7155
v 0.0809 2.7491 -0.7135
v 0.0762 3.6336 -0.9158
v 0.1062 3.6410 -0.8979
v 0.1246 3.6080 -0.8834
v 0.0932 3.5979 -0.8917
v 0.1689 3.5522 -0.8889
v 0.1362 3.5431 -0.8932
v 0.1875 3.4768 -0.9057
v 0.1517 3.4752 -0.8986
v 0.1398 3.3280 -0.8976
v 0.1072 3.3318 -0.8849
v 0.1001 3.1938 -0.8663
v 0.0666 3.1961 -0.8602
v 0.0688 3.0700 -0.8364
v 0.0425 3.0636 -0.8368
v 0.0197 2.9631 -0.8263
v 0.0350 2.9664 -0.8263
v 0.0216 2.8694 -0.7932
v 0.0125 2.8700 -0.7920
v 0.0441 3.6308 -0.8780
v 0.0772 3.6385 -0.8633
v 0.0890 3.6061 -0.8334
v 0.0551 3.5950 -0.8396
v 0.1119 3.5455 -0.8026
v 0.0760 3.5314 -0.8102
v 0.1227 3.4607 -0.7793
v 0.0852 3.4530 -0.7887
v 0.1186 3.3365 -0.7653
v 0.0798 3.3397 -0.7769
v 0.1319 3.2296 -0.7377
v 0.0867 3.2341 -0.7556
v 0.1300 3.1081 -0.7103
v 0.1014 3.1071 -0.7194
v 0.0846 2.9927 -0.7126
v 0.0669 2.9905 -0.7160
v 0.0638 2.8714 -0.7041
v 0.0564 2.8699 -0.7020
v -0.0157 3.6439 -0.8559
v 0.0073 3.6461 -0.8648
v 0.0103 3.6184 -0.8525
v -0.0184 3.6173 -0.8385
v -0.0094 3.5681 -0.8510
v -0.0465 3.5708 -0.8370
v -0.0499 3.5166 -0.8543
v -0.0814 3.5240 -0.8390
v -0.0614 3.4241 -0.8444
v -0.0899 3.4404 -0.8290
v -0.0640 3.2874 -0.8286
v -0.0862 3.3148 -0.8136
v -0.0752 3.1419 -0.8077
v -0.0906 3.1542 -0.7964
v -0.0633 3.0396 -0.7750
v -0.0759 3.0432 -0.7662
v -0.0404 2.9371 -0.7546
v -0.0440 2.9380 -0.7485
v -0.0139 3.6406 -0.8805
v 0.0135 3.6404 -0.8910
v 0.0176 3.6062 -0.8865
v -0.0050 3.6043 -0.8714
v -0.0077 3.5500 -0.9049
v -0.0322 3.5526 -0.8872
v -0.0562 3.5004 -0.9196
v -0.0751 3.5094 -0.8947
v -0.0901 3.4086 -0.8896
v -0.1007 3.4267 -0.8629
v -0.0960 3.2803 -0.8525
v -0.1046 3.3039 -0.8274
v -0.1190 3.1493 -0.8194
v -0.1290 3.1575 -0.8039
v -0.1112 3.0334 -0.7981
v -0.1177 3.0350 -0.7893
v -0.0999 2.9477 -0.7644
v -0.1040 2.9508 -0.7585
v -0.0118 3.6327 -0.8419
v 0.0195 3.6329 -0.8509
v 0.0276 3.6007 -0.8252
v 0.0006 3.5985 -0.8087
v 0.0188 3.5429 -0.7953
v -0.0124 3.5424 -0.7780
v -0.0057 3.4793 -0.7686
v -0.0340 3.4850 -0.7514
v -0.0397 3.3954 -0.7483
v -0.0641 3.4083 -0.7327
v -0.0519 3.3033 -0.7467
v -0.0760 3.3218 -0.7306
v -0.0495 3.1842 -0.7523
v -0.0671 3.1933 -0.7422
v -0.0332 3.0826 -0.7392
v -0.0475 3.0861 -0.7320
v -0.0143 2.9865 -0.7356
v -0.0183 2.9877 -0.7300
v 0.0144 3.6422 -0.8544
v 0.0510 3.6448 -0.8661
v 0.0688 3.6102 -0.8529
v 0.0386 3.6038 -0.8362
v 0.0758 3.5480 -0.8450
v 0.0432 3.5390 -0.8301
v 0.0632 3.4707 -0.8406
v 0.0287 3.4698 -0.8253
v 0.0224 3.3487 -0.8307
v -0.0047 3.3649 -0.8133
v -0.0022 3.2050 -0.8102
v -0.0298 3.2319 -0.7963
v -0.0067 3.0607 -0.7597
v -0.0285 3.0681 -0.7507
v -0.0177 2.9121 -0.7182
v -0.0309 2.9144 -0.7072
v 0.0139 2.7594 -0.6860
v 0.0096 2.7592 -0.6792
v -0.0135 3.6457 -0.8819
v 0.0216 3.6483 -0.8931
v 0.0344 3.6084 -0.8872
v 0.0052 3.6037 -0.8707
v 0.0335 3.5388 -0.9005
v 0.0027 3.5373 -0.8822
v 0.0061 3.4640 -0.9131
v -0.0174 3.4725 -0.8849
v -0.0251 3.3139 -0.8850
v -0.0339 3.3411 -0.8539
v -0.0410 3.1867 -0.8469
v -0.0502 3.2169 -0.8168
v -0.0536 3.0856 -0.7936
v -0.0685 3.0934 -0.7762
v -0.0710 2.9892 -0.7564
v -0.0797 2.9906 -0.7453
v -0.0684 2.8946 -0.7120
v -0.0737 2.8979 -0.7049
v 0.0088 3.6307 -0.8371
v 0.0449 3.6333 -0.8491
v 0.0623 3.5990 -0.8245
v 0.0307 3.5920 -0.8061
v 0.0675 3.5343 -0.7954
v 0.0323 3.5246 -0.7775
v 0.0543 3.4491 -0.7674
v 0.0212 3.4485 -0.7496
v 0.0392 3.3344 -0.7460
v 0.0096 3.3461 -0.7270
v 0.0539 3.2174 -0.7335
v 0.0151 3.2377 -0.7191
v 0.0566 3.0861 -0.7275
v 0.0319 3.0931 -0.7181
v 0.0246 2.9651 -0.7353
v 0.0119 2.9669 -0.7270
v 0.0164 2.8403 -0.7119
v 0.0125 2.8405 -0.7050
v 0.0502 3.5927 -0.9305
v 0.1266 3.6009 -0.9221
v 0.1291 3.5897 -0.9262
v 0.0505 3.5816 -0.9209
v 0.0833 3.6035 -0.8071
v 0.0859 3.5960 -0.7963
v 0.1329 3.5920 -0.8503
v 0.1318 3.6006 -0.8501
v 0.1623 3.6064 -0.8867
v 0.1653 3.5955 -0.8882
v -0.0138 3.6058 -0.9124
v -0.0129 3.5900 -0.9064
v -0.0177 3.6054 -0.7889
v -0.0203 3.5891 -0.7928
v -0.0380 3.6872 -0.8705
v -0.0235 3.6768 -0.8227
v -0.0280 3.6980 -0.8169
v -0.0325 3.7101 -0.8727
v -0.0195 3.6837 -0.9463
v -0.0047 3.6990 -0.9571
v 0.0557 3.7024 -0.9402
v 0.1090 3.7091 -0.8990
v 0.1192 3.6834 -0.9155
v 0.0547 3.6828 -0.9463
v 0.1206 3.6597 -0.9161
v 0.0534 3.6563 -0.9421
v 0.0495 3.6439 -0.9277
v 0.1141 3.6454 -0.9060
v 0.1184 3.6292 -0.9077
v 0.0485 3.6293 -0.9306
v 0.1240 3.6121 -0.9180
v 0.0509 3.6030 -0.9352
v 0.0795 3.6872 -0.8208
v 0.0804 3.6686 -0.8176
v 0.1319 3.6649 -0.8447
v 0.1249 3.6835 -0.8419
v 0.0792 3.6503 -0.8204
v 0.1160 3.6432 -0.8567
v 0.0758 3.6392 -0.8277
v 0.0757 3.6293 -0.8251
v 0.1188 3.6228 -0.8565
v 0.1140 3.6340 -0.8597
v 0.0819 3.6125 -0.8109
v 0.1307 3.6092 -0.8500
v 0.1209 3.7021 -0.8659
v 0.1329 3.6840 -0.8666
v 0.1325 3.6601 -0.8679
v 0.1275 3.6473 -0.8775
v 0.1385 3.6351 -0.8855
v 0.1594 3.6172 -0.8852
v -0.0097 3.6640 -0.9310
v -0.0086 3.6560 -0.9247
v -0.0146 3.6426 -0.9259
v -0.0148 3.6214 -0.9183
v -0.0094 3.6542 -0.8358
v -0.0087 3.6407 -0.8322
v -0.0172 3.6310 -0.8160
v -0.0131 3.6146 -0.7935
v -0.0489 3.6067 -0.8494
v -0.0403 3.6224 -0.8554
v -0.0192 3.6418 -0.8483
v -0.0209 3.6542 -0.8589
v -0.0387 3.6654 -0.8654
v -0.0577 3.5910 -0.8436
vt 0.5263 0.6861
vt 0.5259 0.6845
vt 0.5068 0.6790
vt 0.5058 0.6803
vt 0.4827 0.6715
vt 0.4828 0.6742
vt 0.7024 0.6974
vt 0.7025 0.6937
vt 0.6959 0.6932
vt 0.6955 0.6960
vt 0.6820 0.6952
vt 0.6812 0.6975
vt 0.6618 0.6943
vt 0.6595 0.6974
vt 0.6368 0.6949
vt 0.6328 0.6978
vt 0.6091 0.6916
vt 0.6067 0.6951
vt 0.5855 0.6892
vt 0.5846 0.6927
vt 0.5668 0.6901
vt 0.5664 0.6928
vt 0.5519 0.6902
vt 0.5519 0.6924
vt 0.5414 0.6897
vt 0.5414 0.6913
vt 0.4648 0.6689
vt 0.4649 0.6713
vt 0.4507 0.6683
vt 0.4504 0.6703
vt 0.4396 0.6689
vt 0.4384 0.6704
vt 0.4254 0.6674
vt 0.4244 0.6685
vt 0.4153 0.6668
vt 0.4146 0.6677
vt 0.4097 0.6666
vt 0.4094 0.6674
vt 0.4834 0.8554
vt 0.4830 0.8537
vt 0.4701 0.8569
vt 0.4707 0.8583
vt 0.4564 0.8576
vt 0.4574 0.8588
vt 0.6692 0.8523
vt 0.6707 0.8487
vt 0.6589 0.8476
vt 0.6575 0.8510
vt 0.6450 0.8457
vt 0.6439 0.8494
vt 0.4386 0.8577
vt 0.4395 0.8588
vt 0.4269 0.8597
vt 0.4275 0.8607
vt 0.6311 0.8516
vt 0.6305 0.8544
vt 0.6146 0.8538
vt 0.6147 0.8564
vt 0.5953 0.8480
vt 0.5961 0.8514
vt 0.5721 0.8367
vt 0.5734 0.8402
vt 0.4176 0.8651
vt 0.4173 0.8642
vt 0.4121 0.8682
vt 0.4123 0.8688
vt 0.5550 0.8320
vt 0.5560 0.8346
vt 0.5421 0.8307
vt 0.5427 0.8330
vt 0.5281 0.8346
vt 0.5279 0.8375
vt 0.5115 0.8421
vt 0.5113 0.8448
vt 0.4979 0.8487
vt 0.4981 0.8508
vt 0.6867 0.8459
vt 0.6872 0.8408
vt 0.8139 0.7195
vt 0.8134 0.7171
vt 0.7954 0.7144
vt 0.7950 0.7160
vt 0.7705 0.7049
vt 0.7717 0.7086
vt 0.9797 0.7165
vt 0.9810 0.7144
vt 0.9684 0.7128
vt 0.9675 0.7149
vt 0.9554 0.7116
vt 0.9547 0.7139
vt 0.9429 0.7111
vt 0.9406 0.7149
vt 0.9207 0.7181
vt 0.9174 0.7215
vt 0.8970 0.7192
vt 0.8948 0.7230
vt 0.8747 0.7187
vt 0.8739 0.7226
vt 0.8563 0.7207
vt 0.8561 0.7236
vt 0.8419 0.7204
vt 0.8415 0.7235
vt 0.8301 0.7209
vt 0.8300 0.7236
vt 0.7491 0.7017
vt 0.7507 0.7056
vt 0.7333 0.6964
vt 0.7345 0.7008
vt 0.7227 0.6937
vt 0.7233 0.6984
vt 0.7142 0.6931
vt 0.7144 0.6975
vt 0.7077 0.6933
vt 0.7079 0.6974
vt 0.7814 0.8553
vt 0.7818 0.8538
vt 0.7688 0.8551
vt 0.7687 0.8566
vt 0.7540 0.8539
vt 0.7543 0.8557
vt 0.9593 0.8786
vt 0.9601 0.8762
vt 0.9506 0.8742
vt 0.9501 0.8768
vt 0.9400 0.8744
vt 0.9398 0.8769
vt 0.7305 0.8504
vt 0.7311 0.8526
vt 0.7050 0.8481
vt 0.7055 0.8518
vt 0.9233 0.8758
vt 0.9234 0.8780
vt 0.9070 0.8763
vt 0.9074 0.8784
vt 0.8889 0.8704
vt 0.8897 0.8731
vt 0.8679 0.8576
vt 0.8690 0.8607
vt 0.8511 0.8503
vt 0.8517 0.8527
vt 0.8391 0.8465
vt 0.8391 0.8487
vt 0.8239 0.8456
vt 0.8235 0.8485
vt 0.8067 0.8484
vt 0.8065 0.8509
vt 0.7954 0.8498
vt 0.7949 0.8521
vt 0.4994 0.8723
vt 0.4993 0.8701
vt 0.4848 0.8722
vt 0.4847 0.8743
vt 0.4992 0.8656
vt 0.4992 0.8634
vt 0.4852 0.8659
vt 0.4851 0.8680
vt 0.6491 0.8852
vt 0.6493 0.8818
vt 0.6394 0.8806
vt 0.6396 0.8839
vt 0.6498 0.8749
vt 0.6501 0.8715
vt 0.6388 0.8708
vt 0.6390 0.8741
vt 0.6288 0.8816
vt 0.6285 0.8789
vt 0.6160 0.8794
vt 0.6162 0.8819
vt 0.6279 0.8735
vt 0.6276 0.8708
vt 0.6153 0.8719
vt 0.6155 0.8744
vt 0.6026 0.8825
vt 0.6022 0.8797
vt 0.5881 0.8745
vt 0.5901 0.8787
vt 0.6012 0.8741
vt 0.6007 0.8713
vt 0.5820 0.8617
vt 0.5840 0.8659
vt 0.5693 0.8708
vt 0.5676 0.8661
vt 0.5508 0.8608
vt 0.5522 0.8648
vt 0.5644 0.8566
vt 0.5628 0.8519
vt 0.5468 0.8488
vt 0.5481 0.8528
vt 0.5331 0.8691
vt 0.5318 0.8658
vt 0.5128 0.8682
vt 0.5134 0.8708
vt 0.5293 0.8591
vt 0.5281 0.8557
vt 0.5108 0.8605
vt 0.5115 0.8631
vt 0.4722 0.8749
vt 0.4725 0.8729
vt 0.4579 0.8729
vt 0.4569 0.8749
vt 0.4730 0.8691
vt 0.4733 0.8671
vt 0.4609 0.8670
vt 0.4599 0.8690
vt 0.4380 0.8753
vt 0.4392 0.8731
vt 0.4266 0.8744
vt 0.4256 0.8764
vt 0.4416 0.8687
vt 0.4427 0.8664
vt 0.4296 0.8682
vt 0.4286 0.8703
vt 0.4166 0.8769
vt 0.4171 0.8754
vt 0.4123 0.8750
vt 0.4122 0.8758
vt 0.4181 0.8723
vt 0.4186 0.8708
vt 0.4128 0.8726
vt 0.4126 0.8734
vt 0.6594 0.8864
vt 0.6598 0.8833
vt 0.6606 0.8769
vt 0.6610 0.8737
vt 0.7903 0.8786
vt 0.7907 0.8757
vt 0.7750 0.8748
vt 0.7738 0.8780
vt 0.7913 0.8697
vt 0.7917 0.8668
vt 0.7785 0.8655
vt 0.7774 0.8686
vt 0.9517 0.9048
vt 0.9509 0.9018
vt 0.9413 0.9016
vt 0.9420 0.9047
vt 0.9493 0.8958
vt 0.9485 0.8928
vt 0.9391 0.8924
vt 0.9398 0.8955
vt 0.9284 0.9058
vt 0.9275 0.9024
vt 0.9126 0.9018
vt 0.9134 0.9051
vt 0.9258 0.8955
vt 0.9249 0.8921
vt 0.9102 0.8919
vt 0.9110 0.8952
vt 0.8986 0.9019
vt 0.8977 0.8988
vt 0.8831 0.8938
vt 0.8853 0.8981
vt 0.8959 0.8925
vt 0.8950 0.8894
vt 0.8766 0.8808
vt 0.8788 0.8852
vt 0.8643 0.8872
vt 0.8624 0.8827
vt 0.8439 0.8755
vt 0.8450 0.8794
vt 0.8587 0.8737
vt 0.8568 0.8692
vt 0.8404 0.8636
vt 0.8415 0.8675
vt 0.8254 0.8809
vt 0.8245 0.8773
vt 0.8057 0.8770
vt 0.8058 0.8804
vt 0.8229 0.8702
vt 0.8221 0.8666
vt 0.8055 0.8669
vt 0.8055 0.8703
vt 0.7601 0.8785
vt 0.7617 0.8756
vt 0.7467 0.8755
vt 0.7444 0.8781
vt 0.7649 0.8700
vt 0.7665 0.8671
vt 0.7536 0.8675
vt 0.7513 0.8701
vt 0.7163 0.8818
vt 0.7198 0.8783
vt 0.6918 0.8852
vt 0.6878 0.8889
vt 0.7268 0.8711
vt 0.7303 0.8675
vt 0.7038 0.8740
vt 0.6998 0.8777
vt 0.6730 0.8894
vt 0.6752 0.8857
vt 0.6797 0.8784
vt 0.6820 0.8748
vt 0.9601 0.9048
vt 0.9591 0.9020
vt 0.9569 0.8964
vt 0.9559 0.8936
vt 0.4846 0.8604
vt 0.4842 0.8587
vt 0.4718 0.8610
vt 0.4724 0.8624
vt 0.4592 0.8613
vt 0.4601 0.8625
vt 0.6645 0.8632
vt 0.6660 0.8596
vt 0.6546 0.8579
vt 0.6532 0.8613
vt 0.6418 0.8566
vt 0.6407 0.8603
vt 0.4412 0.8610
vt 0.4421 0.8621
vt 0.4287 0.8629
vt 0.4293 0.8640
vt 0.6292 0.8598
vt 0.6286 0.8626
vt 0.6148 0.8616
vt 0.6149 0.8642
vt 0.5978 0.8582
vt 0.5986 0.8617
vt 0.5761 0.8471
vt 0.5774 0.8505
vt 0.4182 0.8668
vt 0.4185 0.8676
vt 0.4125 0.8700
vt 0.4127 0.8706
vt 0.5581 0.8396
vt 0.5591 0.8421
vt 0.5438 0.8378
vt 0.5443 0.8401
vt 0.5275 0.8435
vt 0.5273 0.8464
vt 0.5109 0.8500
vt 0.5106 0.8527
vt 0.4985 0.8549
vt 0.4987 0.8570
vt 0.6852 0.8610
vt 0.6857 0.8560
vt 0.7804 0.8595
vt 0.7808 0.8581
vt 0.7685 0.8597
vt 0.7684 0.8612
vt 0.7549 0.8594
vt 0.7552 0.8612
vt 0.9566 0.8860
vt 0.9575 0.8835
vt 0.9492 0.8820
vt 0.9487 0.8846
vt 0.9392 0.8819
vt 0.9389 0.8844
vt 0.7322 0.8572
vt 0.7327 0.8594
vt 0.7064 0.8592
vt 0.7069 0.8629
vt 0.9237 0.8823
vt 0.9238 0.8844
vt 0.9082 0.8824
vt 0.9086 0.8845
vt 0.8915 0.8784
vt 0.8923 0.8810
vt 0.8712 0.8670
vt 0.8723 0.8702
vt 0.8530 0.8575
vt 0.8536 0.8599
vt 0.8391 0.8530
vt 0.8392 0.8552
vt 0.8226 0.8543
vt 0.8221 0.8572
vt 0.8060 0.8560
vt 0.8058 0.8585
vt 0.7937 0.8568
vt 0.7931 0.8592
vt 0.5275 0.6908
vt 0.5271 0.6892
vt 0.5039 0.6828
vt 0.5030 0.6841
vt 0.4831 0.6795
vt 0.4833 0.6822
vt 0.7020 0.7084
vt 0.7021 0.7048
vt 0.6947 0.7015
vt 0.6943 0.7042
vt 0.6798 0.7022
vt 0.6790 0.7045
vt 0.6549 0.7036
vt 0.6527 0.7067
vt 0.6250 0.7036
vt 0.6210 0.7066
vt 0.6018 0.7021
vt 0.5994 0.7056
vt 0.5827 0.6997
vt 0.5817 0.7032
vt 0.5657 0.6982
vt 0.5654 0.7009
vt 0.5519 0.6966
vt 0.5519 0.6987
vt 0.5414 0.6943
vt 0.5414 0.6959
vt 0.4650 0.6762
vt 0.4651 0.6786
vt 0.4497 0.6743
vt 0.4494 0.6763
vt 0.4360 0.6734
vt 0.4348 0.6749
vt 0.4225 0.6708
vt 0.4215 0.6719
vt 0.4134 0.6696
vt 0.4128 0.6705
vt 0.4089 0.6689
vt 0.4087 0.6696
vt 0.8155 0.7266
vt 0.8149 0.7243
vt 0.7943 0.7193
vt 0.7939 0.7210
vt 0.7742 0.7161
vt 0.7754 0.7198
vt 0.9760 0.7230
vt 0.9772 0.7208
vt 0.9659 0.7192
vt 0.9650 0.7214
vt 0.9533 0.7183
vt 0.9526 0.7205
vt 0.9361 0.7225
vt 0.9338 0.7263
vt 0.9107 0.7285
vt 0.9074 0.7320
vt 0.8903 0.7306
vt 0.8881 0.7344
vt 0.8724 0.7302
vt 0.8717 0.7340
vt 0.8556 0.7296
vt 0.8553 0.7325
vt 0.8407 0.7298
vt 0.8403 0.7330
vt 0.8297 0.7290
vt 0.8296 0.7317
vt 0.7540 0.7133
vt 0.7557 0.7172
vt 0.7369 0.7096
vt 0.7382 0.7139
vt 0.7244 0.7077
vt 0.7249 0.7124
vt 0.7148 0.7062
vt 0.7150 0.7105
vt 0.7083 0.7058
vt 0.7085 0.7100
vt 0.4334 0.6606
vt 0.4331 0.6595
vt 0.4189 0.6610
vt 0.4188 0.6618
vt 0.4324 0.6574
vt 0.4321 0.6563
vt 0.4191 0.6587
vt 0.4190 0.6595
vt 0.4116 0.6623
vt 0.4115 0.6629
vt 0.4120 0.6605
vt 0.4119 0.6611
vt 0.7026 0.6759
vt 0.7024 0.6738
vt 0.6952 0.6738
vt 0.6953 0.6761
vt 0.7018 0.6695
vt 0.7016 0.6674
vt 0.6948 0.6669
vt 0.6949 0.6692
vt 0.6837 0.6741
vt 0.6836 0.6763
vt 0.6841 0.6673
vt 0.6840 0.6696
vt 0.6645 0.6733
vt 0.6642 0.6752
vt 0.6655 0.6675
vt 0.6652 0.6694
vt 0.6518 0.6740
vt 0.6519 0.6759
vt 0.6515 0.6682
vt 0.6516 0.6702
vt 0.5188 0.6672
vt 0.5185 0.6644
vt 0.4966 0.6589
vt 0.4971 0.6607
vt 0.5178 0.6590
vt 0.5174 0.6562
vt 0.4950 0.6533
vt 0.4956 0.6552
vt 0.4784 0.6538
vt 0.4786 0.6550
vt 0.4781 0.6501
vt 0.4782 0.6513
vt 0.6277 0.6692
vt 0.6282 0.6728
vt 0.6264 0.6584
vt 0.6268 0.6620
vt 0.6025 0.6655
vt 0.6019 0.6694
vt 0.6044 0.6540
vt 0.6037 0.6579
vt 0.5803 0.6639
vt 0.5791 0.6673
vt 0.5590 0.6672
vt 0.5575 0.6705
vt 0.5829 0.6570
vt 0.5842 0.6536
vt 0.5633 0.6573
vt 0.5618 0.6606
vt 0.4670 0.6527
vt 0.4669 0.6538
vt 0.4674 0.6496
vt 0.4673 0.6507
vt 0.4602 0.6540
vt 0.4601 0.6551
vt 0.4604 0.6504
vt 0.4603 0.6516
vt 0.5409 0.6668
vt 0.5404 0.6702
vt 0.5423 0.6565
vt 0.5418 0.6599
vt 0.4498 0.6556
vt 0.4497 0.6571
vt 0.4503 0.6512
vt 0.4501 0.6527
vt 0.7163 0.6754
vt 0.7161 0.6733
vt 0.7081 0.6740
vt 0.7085 0.6761
vt 0.7156 0.6691
vt 0.7153 0.6670
vt 0.7072 0.6676
vt 0.7075 0.6697
vt 0.9840 0.6989
vt 0.9847 0.6963
vt 0.9750 0.6957
vt 0.9744 0.6982
vt 0.9861 0.6910
vt 0.9868 0.6884
vt 0.9767 0.6880
vt 0.9761 0.6905
vt 0.9619 0.6953
vt 0.9606 0.6973
vt 0.9658 0.6893
vt 0.9645 0.6913
vt 0.9493 0.6955
vt 0.9482 0.6972
vt 0.9525 0.6903
vt 0.9515 0.6920
vt 0.9391 0.6959
vt 0.9391 0.6975
vt 0.9393 0.6909
vt 0.9393 0.6926
vt 0.8067 0.6961
vt 0.8063 0.6928
vt 0.7823 0.6861
vt 0.7831 0.6888
vt 0.8056 0.6862
vt 0.8053 0.6830
vt 0.7800 0.6781
vt 0.7808 0.6808
vt 0.7598 0.6767
vt 0.7601 0.6786
vt 0.7589 0.6711
vt 0.7592 0.6730
vt 0.9173 0.6928
vt 0.9176 0.6963
vt 0.9164 0.6823
vt 0.9167 0.6858
vt 0.8924 0.6910
vt 0.8918 0.6948
vt 0.8940 0.6794
vt 0.8935 0.6832
vt 0.8691 0.6909
vt 0.8679 0.6947
vt 0.8727 0.6793
vt 0.8715 0.6831
vt 0.8475 0.6933
vt 0.8463 0.6968
vt 0.8513 0.6828
vt 0.8500 0.6863
vt 0.7447 0.6735
vt 0.7443 0.6760
vt 0.7460 0.6661
vt 0.7455 0.6686
vt 0.7338 0.6713
vt 0.7335 0.6738
vt 0.7346 0.6636
vt 0.7343 0.6661
vt 0.8292 0.6934
vt 0.8288 0.6969
vt 0.8302 0.6828
vt 0.8298 0.6863
vt 0.7250 0.6705
vt 0.7249 0.6728
vt 0.7250 0.6636
vt 0.7250 0.6659
vt 0.4874 0.4647
vt 0.4888 0.4628
vt 0.4771 0.4580
vt 0.4764 0.4597
vt 0.4917 0.4590
vt 0.4931 0.4571
vt 0.4790 0.4529
vt 0.4783 0.4546
vt 0.4960 0.4533
vt 0.4974 0.4514
vt 0.4808 0.4479
vt 0.4802 0.4496
vt 0.4659 0.4535
vt 0.4659 0.4549
vt 0.4659 0.4494
vt 0.4659 0.4507
vt 0.4660 0.4453
vt 0.4659 0.4466
vt 0.6674 0.4956
vt 0.6673 0.4936
vt 0.6591 0.4922
vt 0.6596 0.4943
vt 0.6672 0.4897
vt 0.6672 0.4877
vt 0.6577 0.4861
vt 0.6582 0.4882
vt 0.6670 0.4837
vt 0.6670 0.4817
vt 0.6563 0.4800
vt 0.6568 0.4820
vt 0.6467 0.4890
vt 0.6481 0.4914
vt 0.6424 0.4817
vt 0.6439 0.4841
vt 0.6382 0.4743
vt 0.6396 0.4768
vt 0.6178 0.4877
vt 0.6184 0.4908
vt 0.6163 0.4781
vt 0.6168 0.4813
vt 0.6148 0.4686
vt 0.6153 0.4717
vt 0.5971 0.4845
vt 0.5970 0.4886
vt 0.5972 0.4724
vt 0.5972 0.4764
vt 0.5974 0.4602
vt 0.5974 0.4643
vt 0.5754 0.4718
vt 0.5748 0.4744
vt 0.5772 0.4640
vt 0.5766 0.4666
vt 0.5790 0.4561
vt 0.5784 0.4587
vt 0.5562 0.4609
vt 0.5558 0.4626
vt 0.5574 0.4558
vt 0.5570 0.4575
vt 0.5586 0.4507
vt 0.5582 0.4524
vt 0.5372 0.4586
vt 0.5364 0.4605
vt 0.5395 0.4532
vt 0.5387 0.4550
vt 0.5418 0.4477
vt 0.5410 0.4495
vt 0.5230 0.4598
vt 0.5217 0.4620
vt 0.5268 0.4530
vt 0.5255 0.4552
vt 0.5306 0.4462
vt 0.5293 0.4485
vt 0.5059 0.4615
vt 0.5043 0.4636
vt 0.5106 0.4550
vt 0.5090 0.4572
vt 0.5154 0.4486
vt 0.5138 0.4507
vt 0.4568 0.4518
vt 0.4570 0.4530
vt 0.4564 0.4482
vt 0.4565 0.4494
vt 0.4560 0.4446
vt 0.4561 0.4458
vt 0.4482 0.4505
vt 0.4484 0.4516
vt 0.4476 0.4472
vt 0.4478 0.4483
vt 0.4470 0.4439
vt 0.4472 0.4450
vt 0.4377 0.4481
vt 0.4379 0.4491
vt 0.4369 0.4451
vt 0.4372 0.4461
vt 0.4362 0.4421
vt 0.4364 0.4431
vt 0.4274 0.4456
vt 0.4276 0.4466
vt 0.4268 0.4426
vt 0.4270 0.4436
vt 0.4263 0.4397
vt 0.4265 0.4407
vt 0.4199 0.4431
vt 0.4200 0.4438
vt 0.4194 0.4411
vt 0.4195 0.4418
vt 0.4189 0.4391
vt 0.4191 0.4398
vt 0.4145 0.4415
vt 0.4146 0.4420
vt 0.4143 0.4401
vt 0.4144 0.4406
vt 0.4141 0.4387
vt 0.4142 0.4392
vt 0.7665 0.5159
vt 0.7684 0.5133
vt 0.7519 0.5101
vt 0.7509 0.5122
vt 0.7722 0.5080
vt 0.7741 0.5054
vt 0.7548 0.5036
vt 0.7538 0.5057
vt 0.7778 0.5002
vt 0.7797 0.4975
vt 0.7577 0.4971
vt 0.7568 0.4992
vt 0.7383 0.5066
vt 0.7380 0.5086
vt 0.7394 0.5003
vt 0.7390 0.5024
vt 0.7404 0.4940
vt 0.7401 0.4961
vt 0.9574 0.5319
vt 0.9572 0.5301
vt 0.9496 0.5288
vt 0.9502 0.5307
vt 0.9566 0.5264
vt 0.9563 0.5246
vt 0.9479 0.5231
vt 0.9484 0.5250
vt 0.9558 0.5209
vt 0.9555 0.5191
vt 0.9461 0.5174
vt 0.9467 0.5193
vt 0.9383 0.5270
vt 0.9392 0.5292
vt 0.9357 0.5203
vt 0.9366 0.5225
vt 0.9331 0.5136
vt 0.9340 0.5158
vt 0.9203 0.5239
vt 0.9217 0.5275
vt 0.9162 0.5133
vt 0.9176 0.5169
vt 0.9121 0.5027
vt 0.9135 0.5063
vt 0.9014 0.5190
vt 0.9025 0.5236
vt 0.8982 0.5054
vt 0.8993 0.5100
vt 0.8950 0.4918
vt 0.8961 0.4964
vt 0.8793 0.5122
vt 0.8793 0.5156
vt 0.8792 0.5021
vt 0.8792 0.5055
vt 0.8791 0.4920
vt 0.8792 0.4954
vt 0.8567 0.5072
vt 0.8564 0.5094
vt 0.8578 0.5006
vt 0.8574 0.5028
vt 0.8589 0.4941
vt 0.8585 0.4963
vt 0.8333 0.5058
vt 0.8324 0.5078
vt 0.8361 0.4996
vt 0.8352 0.5017
vt 0.8389 0.4934
vt 0.8380 0.4955
vt 0.8143 0.5052
vt 0.8126 0.5075
vt 0.8194 0.4982
vt 0.8177 0.5005
vt 0.8245 0.4912
vt 0.8228 0.4935
vt 0.7917 0.5085
vt 0.7895 0.5112
vt 0.7982 0.5004
vt 0.7960 0.5031
vt 0.8047 0.4924
vt 0.8026 0.4950
vt 0.7288 0.5040
vt 0.7288 0.5060
vt 0.7287 0.4978
vt 0.7287 0.4999
vt 0.7287 0.4917
vt 0.7287 0.4937
vt 0.7186 0.5015
vt 0.7189 0.5035
vt 0.7179 0.4955
vt 0.7181 0.4975
vt 0.7172 0.4894
vt 0.7174 0.4914
vt 0.7061 0.4975
vt 0.7066 0.4991
vt 0.7047 0.4925
vt 0.7052 0.4942
vt 0.7033 0.4876
vt 0.7038 0.4893
vt 0.6924 0.4960
vt 0.6931 0.4977
vt 0.6904 0.4909
vt 0.6911 0.4926
vt 0.6884 0.4858
vt 0.6891 0.4875
vt 0.6807 0.4938
vt 0.6814 0.4955
vt 0.6788 0.4884
vt 0.6794 0.4902
vt 0.6769 0.4830
vt 0.6775 0.4848
vt 0.5133 0.8911
vt 0.5134 0.8889
vt 0.4959 0.8851
vt 0.4954 0.8866
vt 0.5136 0.8844
vt 0.5137 0.8822
vt 0.4974 0.8806
vt 0.4969 0.8821
vt 0.5139 0.8778
vt 0.5139 0.8755
vt 0.4989 0.8760
vt 0.4984 0.8775
vt 0.4810 0.8859
vt 0.4805 0.8873
vt 0.4826 0.8818
vt 0.4820 0.8832
vt 0.4841 0.8777
vt 0.4836 0.8791
vt 0.6587 0.9040
vt 0.6587 0.9022
vt 0.6507 0.9009
vt 0.6510 0.9026
vt 0.6588 0.8986
vt 0.6588 0.8968
vt 0.6499 0.8956
vt 0.6502 0.8974
vt 0.6589 0.8932
vt 0.6589 0.8914
vt 0.6491 0.8904
vt 0.6494 0.8921
vt 0.6422 0.9006
vt 0.6426 0.9026
vt 0.6412 0.8948
vt 0.6416 0.8968
vt 0.6402 0.8891
vt 0.6405 0.8910
vt 0.6315 0.8987
vt 0.6318 0.9007
vt 0.6305 0.8925
vt 0.6308 0.8946
vt 0.6295 0.8864
vt 0.6298 0.8884
vt 0.6199 0.8966
vt 0.6204 0.8984
vt 0.6184 0.8914
vt 0.6189 0.8931
vt 0.6169 0.8861
vt 0.6174 0.8879
vt 0.6054 0.8942
vt 0.6057 0.8954
vt 0.6044 0.8904
vt 0.6047 0.8916
vt 0.6034 0.8866
vt 0.6037 0.8878
vt 0.5946 0.8927
vt 0.5950 0.8941
vt 0.5936 0.8885
vt 0.5939 0.8899
vt 0.5925 0.8843
vt 0.5928 0.8857
vt 0.5773 0.8945
vt 0.5782 0.8972
vt 0.5745 0.8863
vt 0.5755 0.8891
vt 0.5718 0.8782
vt 0.5727 0.8809
vt 0.5558 0.8939
vt 0.5561 0.8974
vt 0.5548 0.8831
vt 0.5551 0.8867
vt 0.5538 0.8724
vt 0.5542 0.8760
vt 0.5344 0.8786
vt 0.5343 0.8756
vt 0.4679 0.8860
vt 0.4673 0.8873
vt 0.4696 0.8821
vt 0.4691 0.8834
vt 0.4714 0.8781
vt 0.4708 0.8795
vt 0.4506 0.8873
vt 0.4498 0.8888
vt 0.4528 0.8828
vt 0.4521 0.8843
vt 0.4551 0.8783
vt 0.4544 0.8798
vt 0.4318 0.8900
vt 0.4311 0.8918
vt 0.4340 0.8846
vt 0.4333 0.8864
vt 0.4361 0.8793
vt 0.4354 0.8811
vt 0.4253 0.8883
vt 0.4254 0.8897
vt 0.4250 0.8841
vt 0.4251 0.8855
vt 0.4247 0.8799
vt 0.4248 0.8813
vt 0.4173 0.8825
vt 0.4175 0.8831
vt 0.4168 0.8807
vt 0.4169 0.8813
vt 0.4162 0.8790
vt 0.4164 0.8796
vt 0.4120 0.8796
vt 0.4120 0.8801
vt 0.4120 0.8784
vt 0.4120 0.8788
vt 0.4120 0.8771
vt 0.4120 0.8775
vt 0.8018 0.9075
vt 0.8023 0.9045
vt 0.7816 0.8982
vt 0.7804 0.9006
vt 0.8033 0.8986
vt 0.8038 0.8956
vt 0.7852 0.8911
vt 0.7840 0.8935
vt 0.8048 0.8897
vt 0.8054 0.8867
vt 0.7888 0.8839
vt 0.7876 0.8863
vt 0.7630 0.8943
vt 0.7617 0.8962
vt 0.7671 0.8886
vt 0.7658 0.8905
vt 0.7713 0.8830
vt 0.7699 0.8849
vt 0.9627 0.9234
vt 0.9625 0.9214
vt 0.9556 0.9223
vt 0.9560 0.9244
vt 0.9622 0.9175
vt 0.9620 0.9155
vt 0.9543 0.9161
vt 0.9547 0.9181
vt 0.9616 0.9115
vt 0.9614 0.9096
vt 0.9530 0.9098
vt 0.9534 0.9119
vt 0.9456 0.9234
vt 0.9461 0.9257
vt 0.9444 0.9167
vt 0.9448 0.9190
vt 0.9431 0.9100
vt 0.9435 0.9122
vt 0.9322 0.9234
vt 0.9326 0.9255
vt 0.9309 0.9173
vt 0.9314 0.9194
vt 0.9297 0.9112
vt 0.9301 0.9133
vt 0.9185 0.9222
vt 0.9191 0.9242
vt 0.9167 0.9163
vt 0.9173 0.9183
vt 0.9148 0.9104
vt 0.9154 0.9124
vt 0.9054 0.9188
vt 0.9063 0.9208
vt 0.9029 0.9129
vt 0.9037 0.9149
vt 0.9004 0.9070
vt 0.9012 0.9089
vt 0.8910 0.9155
vt 0.8915 0.9173
vt 0.8895 0.9099
vt 0.8900 0.9118
vt 0.8879 0.9043
vt 0.8884 0.9062
vt 0.8746 0.9137
vt 0.8759 0.9168
vt 0.8710 0.9043
vt 0.8722 0.9074
vt 0.8674 0.8949
vt 0.8686 0.8980
vt 0.8504 0.9113
vt 0.8510 0.9153
vt 0.8486 0.8993
vt 0.8492 0.9033
vt 0.8468 0.8874
vt 0.8474 0.8914
vt 0.8260 0.9107
vt 0.8260 0.9144
vt 0.8261 0.8994
vt 0.8261 0.9032
vt 0.8262 0.8882
vt 0.8261 0.8920
vt 0.7507 0.8923
vt 0.7495 0.8939
vt 0.7540 0.8876
vt 0.7529 0.8892
vt 0.7573 0.8829
vt 0.7562 0.8845
vt 0.7303 0.8948
vt 0.7286 0.8968
vt 0.7354 0.8888
vt 0.7337 0.8908
vt 0.7405 0.8828
vt 0.7388 0.8848
vt 0.6978 0.9051
vt 0.6957 0.9079
vt 0.7043 0.8967
vt 0.7021 0.8995
vt 0.7107 0.8882
vt 0.7086 0.8910
vt 0.6803 0.9054
vt 0.6798 0.9073
vt 0.6818 0.8999
vt 0.6813 0.9018
vt 0.6833 0.8944
vt 0.6828 0.8963
vt 0.6692 0.9049
vt 0.6690 0.9065
vt 0.6699 0.8998
vt 0.6697 0.9015
vt 0.6705 0.8947
vt 0.6703 0.8964
vt 0.5071 0.4307
vt 0.5070 0.4298
vt 0.4852 0.4284
vt 0.4850 0.4296
vt 0.5066 0.4280
vt 0.5064 0.4270
vt 0.4857 0.4250
vt 0.4855 0.4262
vt 0.5063 0.4261
vt 0.5061 0.4252
vt 0.4860 0.4228
vt 0.4859 0.4239
vt 0.4654 0.4248
vt 0.4652 0.4258
vt 0.4658 0.4216
vt 0.4656 0.4226
vt 0.4661 0.4195
vt 0.4659 0.4205
vt 0.6603 0.4527
vt 0.6604 0.4502
vt 0.6472 0.4459
vt 0.6471 0.4484
vt 0.6606 0.4451
vt 0.6607 0.4426
vt 0.6475 0.4385
vt 0.6474 0.4409
vt 0.6608 0.4401
vt 0.6609 0.4376
vt 0.6477 0.4335
vt 0.6476 0.4360
vt 0.6298 0.4365
vt 0.6293 0.4385
vt 0.6313 0.4307
vt 0.6308 0.4327
vt 0.6323 0.4269
vt 0.6318 0.4288
vt 0.6135 0.4295
vt 0.6132 0.4313
vt 0.6145 0.4243
vt 0.6141 0.4261
vt 0.6151 0.4208
vt 0.6148 0.4226
vt 0.6006 0.4282
vt 0.6003 0.4297
vt 0.6014 0.4237
vt 0.6011 0.4252
vt 0.6019 0.4208
vt 0.6017 0.4223
vt 0.4528 0.4275
vt 0.4528 0.4285
vt 0.4528 0.4245
vt 0.4528 0.4255
vt 0.4528 0.4224
vt 0.4528 0.4235
vt 0.4433 0.4313
vt 0.4435 0.4322
vt 0.4429 0.4287
vt 0.4430 0.4296
vt 0.4426 0.4269
vt 0.4428 0.4278
vt 0.5841 0.4314
vt 0.5838 0.4336
vt 0.5849 0.4250
vt 0.5846 0.4271
vt 0.5854 0.4207
vt 0.5851 0.4228
vt 0.5636 0.4327
vt 0.5632 0.4348
vt 0.5648 0.4266
vt 0.5644 0.4286
vt 0.5656 0.4225
vt 0.5652 0.4245
vt 0.5479 0.4335
vt 0.5476 0.4349
vt 0.5491 0.4294
vt 0.5487 0.4307
vt 0.5498 0.4266
vt 0.5494 0.4280
vt 0.5377 0.4343
vt 0.5377 0.4350
vt 0.5380 0.4322
vt 0.5379 0.4329
vt 0.5382 0.4307
vt 0.5381 0.4315
vt 0.4329 0.4305
vt 0.4332 0.4314
vt 0.4322 0.4280
vt 0.4324 0.4288
vt 0.4316 0.4262
vt 0.4319 0.4271
vt 0.4235 0.4292
vt 0.4237 0.4299
vt 0.4229 0.4273
vt 0.4231 0.4279
vt 0.4225 0.4260
vt 0.4227 0.4266
vt 0.5271 0.4319
vt 0.5272 0.4325
vt 0.5267 0.4300
vt 0.5268 0.4306
vt 0.5265 0.4287
vt 0.5266 0.4294
vt 0.4164 0.4315
vt 0.4166 0.4319
vt 0.4158 0.4300
vt 0.4160 0.4305
vt 0.4154 0.4290
vt 0.4156 0.4295
vt 0.7945 0.4710
vt 0.7948 0.4693
vt 0.7677 0.4654
vt 0.7673 0.4673
vt 0.7953 0.4659
vt 0.7955 0.4642
vt 0.7692 0.4599
vt 0.7687 0.4617
vt 0.7958 0.4625
vt 0.7961 0.4608
vt 0.7702 0.4562
vt 0.7697 0.4580
vt 0.7464 0.4583
vt 0.7457 0.4601
vt 0.7483 0.4531
vt 0.7476 0.4548
vt 0.7495 0.4496
vt 0.7489 0.4514
vt 0.9482 0.4979
vt 0.9486 0.4963
vt 0.9375 0.4901
vt 0.9374 0.4921
vt 0.9379 0.4824
vt 0.9380 0.4804
vt 0.9215 0.4717
vt 0.9213 0.4734
vt 0.9205 0.4815
vt 0.9207 0.4799
vt 0.9009 0.4706
vt 0.9008 0.4715
vt 0.9210 0.4766
vt 0.9212 0.4750
vt 0.9014 0.4677
vt 0.9012 0.4687
vt 0.9016 0.4659
vt 0.9015 0.4668
vt 0.8900 0.4677
vt 0.8899 0.4685
vt 0.8903 0.4651
vt 0.8902 0.4660
vt 0.8904 0.4635
vt 0.8904 0.4643
vt 0.7290 0.4617
vt 0.7285 0.4634
vt 0.7305 0.4568
vt 0.7300 0.4585
vt 0.7316 0.4536
vt 0.7310 0.4552
vt 0.7143 0.4672
vt 0.7141 0.4688
vt 0.7149 0.4627
vt 0.7147 0.4642
vt 0.7152 0.4597
vt 0.7150 0.4612
vt 0.8796 0.4685
vt 0.8793 0.4693
vt 0.8804 0.4663
vt 0.8802 0.4671
vt 0.8810 0.4649
vt 0.8807 0.4656
vt 0.8665 0.4722
vt 0.8660 0.4731
vt 0.8490 0.4746
vt 0.8484 0.4758
vt 0.8675 0.4702
vt 0.8680 0.4693
vt 0.8511 0.4710
vt 0.8504 0.4722
vt 0.8686 0.4683
vt 0.8691 0.4673
vt 0.8524 0.4685
vt 0.8518 0.4698
vt 0.8353 0.4740
vt 0.8348 0.4752
vt 0.8367 0.4704
vt 0.8363 0.4716
vt 0.8377 0.4681
vt 0.8372 0.4693
vt 0.6982 0.4651
vt 0.6983 0.4670
vt 0.6981 0.4593
vt 0.6981 0.4612
vt 0.6980 0.4554
vt 0.6980 0.4573
vt 0.6825 0.4588
vt 0.6826 0.4609
vt 0.6822 0.4526
vt 0.6823 0.4547
vt 0.6821 0.4484
vt 0.6822 0.4505
vt 0.8212 0.4710
vt 0.8210 0.4723
vt 0.8218 0.4672
vt 0.8216 0.4685
vt 0.8222 0.4647
vt 0.8220 0.4660
vt 0.6710 0.4529
vt 0.6713 0.4553
vt 0.6699 0.4458
vt 0.6703 0.4482
vt 0.6693 0.4410
vt 0.6696 0.4434
vt 0.6212 0.5041
vt 0.6212 0.5077
vt 0.6414 0.5114
vt 0.6422 0.5079
vt 0.6212 0.5112
vt 0.6212 0.5148
vt 0.6399 0.5183
vt 0.6407 0.5148
vt 0.6212 0.5219
vt 0.6212 0.5254
vt 0.6377 0.5287
vt 0.6384 0.5253
vt 0.4578 0.4597
vt 0.4565 0.4611
vt 0.4610 0.4660
vt 0.4622 0.4646
vt 0.4552 0.4626
vt 0.4538 0.4640
vt 0.4586 0.4688
vt 0.4598 0.4674
vt 0.4512 0.4668
vt 0.4498 0.4683
vt 0.4549 0.4730
vt 0.4561 0.4716
vt 0.4349 0.4546
vt 0.4341 0.4553
vt 0.4474 0.4583
vt 0.4482 0.4571
vt 0.4334 0.4560
vt 0.4326 0.4566
vt 0.4459 0.4606
vt 0.4466 0.4594
vt 0.4311 0.4580
vt 0.4304 0.4587
vt 0.4436 0.4641
vt 0.4443 0.4630
vt 0.4706 0.4719
vt 0.4704 0.4734
vt 0.4845 0.4780
vt 0.4846 0.4766
vt 0.4702 0.4750
vt 0.4700 0.4765
vt 0.4843 0.4808
vt 0.4844 0.4794
vt 0.4696 0.4796
vt 0.4694 0.4812
vt 0.4839 0.4850
vt 0.4840 0.4836
vt 0.4989 0.4771
vt 0.4984 0.4789
vt 0.5158 0.4796
vt 0.5160 0.4778
vt 0.4980 0.4807
vt 0.4976 0.4825
vt 0.5153 0.4833
vt 0.5155 0.4815
vt 0.4967 0.4862
vt 0.4962 0.4880
vt 0.5146 0.4889
vt 0.5148 0.4870
vt 0.4162 0.4472
vt 0.4155 0.4475
vt 0.4220 0.4513
vt 0.4227 0.4509
vt 0.4149 0.4479
vt 0.4143 0.4482
vt 0.4207 0.4523
vt 0.4214 0.4518
vt 0.4131 0.4489
vt 0.4125 0.4492
vt 0.4186 0.4537
vt 0.4193 0.4532
vt 0.5349 0.4796
vt 0.5349 0.4820
vt 0.5557 0.4866
vt 0.5562 0.4831
vt 0.5349 0.4844
vt 0.5348 0.4868
vt 0.5547 0.4938
vt 0.5552 0.4902
vt 0.5347 0.4916
vt 0.5347 0.4939
vt 0.5532 0.5045
vt 0.5537 0.5009
vt 0.5751 0.4963
vt 0.5751 0.4989
vt 0.5955 0.5085
vt 0.5949 0.5059
vt 0.5752 0.5014
vt 0.5752 0.5040
vt 0.5966 0.5137
vt 0.5960 0.5111
vt 0.5753 0.5092
vt 0.5753 0.5117
vt 0.5982 0.5215
vt 0.5977 0.5189
vt 0.6536 0.5159
vt 0.6529 0.5186
vt 0.6633 0.5195
vt 0.6640 0.5174
vt 0.6523 0.5213
vt 0.6517 0.5240
vt 0.6619 0.5237
vt 0.6626 0.5216
vt 0.6504 0.5294
vt 0.6498 0.5321
vt 0.6598 0.5301
vt 0.6605 0.5280
vt 0.9205 0.5438
vt 0.9201 0.5468
vt 0.9374 0.5474
vt 0.9379 0.5448
vt 0.9198 0.5499
vt 0.9194 0.5529
vt 0.9365 0.5524
vt 0.9370 0.5499
vt 0.9186 0.5589
vt 0.9182 0.5619
vt 0.9352 0.5600
vt 0.9356 0.5575
vt 0.7287 0.5178
vt 0.7287 0.5196
vt 0.7392 0.5221
vt 0.7390 0.5200
vt 0.7286 0.5214
vt 0.7286 0.5232
vt 0.7397 0.5263
vt 0.7395 0.5242
vt 0.7286 0.5268
vt 0.7286 0.5286
vt 0.7404 0.5327
vt 0.7402 0.5306
vt 0.7050 0.5097
vt 0.7044 0.5112
vt 0.7180 0.5158
vt 0.7181 0.5142
vt 0.7038 0.5127
vt 0.7032 0.5142
vt 0.7176 0.5190
vt 0.7178 0.5174
vt 0.7020 0.5172
vt 0.7013 0.5188
vt 0.7171 0.5237
vt 0.7173 0.5221
vt 0.7526 0.5224
vt 0.7529 0.5247
vt 0.7649 0.5322
vt 0.7646 0.5305
vt 0.7532 0.5270
vt 0.7534 0.5293
vt 0.7656 0.5356
vt 0.7653 0.5339
vt 0.7540 0.5339
vt 0.7543 0.5362
vt 0.7667 0.5408
vt 0.7663 0.5391
vt 0.7847 0.5405
vt 0.7848 0.5427
vt 0.8089 0.5422
vt 0.8088 0.5401
vt 0.6757 0.5129
vt 0.6748 0.5150
vt 0.6884 0.5114
vt 0.6893 0.5096
vt 0.6739 0.5171
vt 0.6730 0.5192
vt 0.6866 0.5151
vt 0.6875 0.5132
vt 0.6712 0.5235
vt 0.6704 0.5256
vt 0.6840 0.5206
vt 0.6849 0.5187
vt 0.8323 0.5318
vt 0.8328 0.5341
vt 0.8568 0.5372
vt 0.8572 0.5335
vt 0.8332 0.5364
vt 0.8337 0.5387
vt 0.8562 0.5445
vt 0.8565 0.5408
vt 0.8346 0.5433
vt 0.8351 0.5456
vt 0.8551 0.5556
vt 0.8555 0.5519
vt 0.8807 0.5357
vt 0.8799 0.5393
vt 0.9012 0.5456
vt 0.9017 0.5423
vt 0.8791 0.5429
vt 0.8783 0.5465
vt 0.9002 0.5522
vt 0.9007 0.5489
vt 0.8767 0.5536
vt 0.8759 0.5572
vt 0.8987 0.5622
vt 0.8992 0.5589
vt 0.9501 0.5464
vt 0.9497 0.5485
vt 0.9579 0.5494
vt 0.9584 0.5475
vt 0.9492 0.5506
vt 0.9487 0.5527
vt 0.9567 0.5531
vt 0.9573 0.5512
vt 0.9477 0.5569
vt 0.9472 0.5590
vt 0.9551 0.5588
vt 0.9556 0.5569
vt 0.7845 0.5317
vt 0.7844 0.5295
vt 0.7846 0.5361
vt 0.7845 0.5339
vt 0.8082 0.5298
vt 0.8083 0.5319
vt 0.4582 0.9006
vt 0.4569 0.9015
vt 0.4749 0.9000
vt 0.4753 0.8985
vt 0.4543 0.9032
vt 0.4529 0.9041
vt 0.4738 0.9044
vt 0.4742 0.9029
vt 0.4516 0.9049
vt 0.4503 0.9058
vt 0.4731 0.9073
vt 0.4735 0.9059
vt 0.6341 0.9149
vt 0.6343 0.9169
vt 0.6459 0.9208
vt 0.6458 0.9186
vt 0.6346 0.9211
vt 0.6348 0.9232
vt 0.6460 0.9275
vt 0.6460 0.9253
vt 0.6350 0.9253
vt 0.6351 0.9274
vt 0.6462 0.9320
vt 0.6461 0.9297
vt 0.4300 0.9016
vt 0.4298 0.9020
vt 0.4384 0.9022
vt 0.4389 0.9016
vt 0.4295 0.9029
vt 0.4294 0.9033
vt 0.4367 0.9041
vt 0.4373 0.9035
vt 0.4293 0.9037
vt 0.4291 0.9041
vt 0.4356 0.9053
vt 0.4361 0.9047
vt 0.4141 0.8864
vt 0.4140 0.8872
vt 0.4235 0.8972
vt 0.4237 0.8965
vt 0.4138 0.8889
vt 0.4137 0.8897
vt 0.4231 0.8992
vt 0.4232 0.8985
vt 0.4136 0.8905
vt 0.4135 0.8913
vt 0.4228 0.9006
vt 0.4229 0.8999
vt 0.4951 0.9032
vt 0.4949 0.9055
vt 0.5144 0.9121
vt 0.5148 0.9094
vt 0.4946 0.9103
vt 0.4944 0.9126
vt 0.5134 0.9203
vt 0.5138 0.9176
vt 0.4942 0.9150
vt 0.4941 0.9173
vt 0.5128 0.9258
vt 0.5131 0.9231
vt 0.6552 0.9191
vt 0.6554 0.9222
vt 0.6623 0.9232
vt 0.6620 0.9202
vt 0.6559 0.9284
vt 0.6561 0.9315
vt 0.6632 0.9323
vt 0.6629 0.9293
vt 0.6563 0.9345
vt 0.6565 0.9376
vt 0.6638 0.9384
vt 0.6635 0.9353
vt 0.5357 0.9159
vt 0.5355 0.9184
vt 0.5552 0.9200
vt 0.5553 0.9176
vt 0.5349 0.9234
vt 0.5346 0.9259
vt 0.5548 0.9273
vt 0.5549 0.9249
vt 0.5344 0.9283
vt 0.5341 0.9308
vt 0.5545 0.9321
vt 0.5546 0.9297
vt 0.5749 0.9096
vt 0.5743 0.9125
vt 0.5922 0.9063
vt 0.5929 0.9035
vt 0.5731 0.9183
vt 0.5726 0.9212
vt 0.5900 0.9146
vt 0.5907 0.9118
vt 0.5720 0.9241
vt 0.5714 0.9271
vt 0.5885 0.9201
vt 0.5892 0.9173
vt 0.6055 0.9067
vt 0.6055 0.9082
vt 0.6212 0.9127
vt 0.6212 0.9108
vt 0.6053 0.9111
vt 0.6053 0.9125
vt 0.6213 0.9183
vt 0.6213 0.9164
vt 0.6052 0.9140
vt 0.6051 0.9154
vt 0.6214 0.9221
vt 0.6214 0.9202
vt 0.4100 0.8834
vt 0.4098 0.8838
vt 0.4095 0.8847
vt 0.4093 0.8852
vt 0.4091 0.8857
vt 0.4090 0.8861
vt 0.7377 0.9118
vt 0.7361 0.9137
vt 0.7561 0.9107
vt 0.7562 0.9088
vt 0.7331 0.9177
vt 0.7316 0.9196
vt 0.7558 0.9162
vt 0.7559 0.9144
vt 0.7301 0.9216
vt 0.7285 0.9236
vt 0.7556 0.9199
vt 0.7557 0.9181
vt 0.9336 0.9374
vt 0.9335 0.9391
vt 0.9483 0.9435
vt 0.9483 0.9417
vt 0.9335 0.9425
vt 0.9334 0.9442
vt 0.9483 0.9489
vt 0.9483 0.9471
vt 0.9334 0.9459
vt 0.9334 0.9476
vt 0.9483 0.9524
vt 0.9483 0.9506
vt 0.6931 0.9231
vt 0.6930 0.9254
vt 0.7095 0.9218
vt 0.7101 0.9196
vt 0.6930 0.9299
vt 0.6929 0.9322
vt 0.7079 0.9284
vt 0.7084 0.9262
vt 0.6929 0.9345
vt 0.6929 0.9368
vt 0.7068 0.9329
vt 0.7073 0.9307
vt 0.6701 0.9212
vt 0.6704 0.9241
vt 0.6797 0.9257
vt 0.6795 0.9229
vt 0.6710 0.9300
vt 0.6714 0.9330
vt 0.6805 0.9340
vt 0.6802 0.9312
vt 0.6717 0.9359
vt 0.6720 0.9389
vt 0.6810 0.9395
vt 0.6807 0.9368
vt 0.7815 0.9183
vt 0.7819 0.9210
vt 0.8053 0.9281
vt 0.8053 0.9253
vt 0.7828 0.9262
vt 0.7832 0.9289
vt 0.8053 0.9363
vt 0.8053 0.9336
vt 0.7837 0.9315
vt 0.7841 0.9342
vt 0.8053 0.9418
vt 0.8053 0.9391
vt 0.9588 0.9421
vt 0.9587 0.9440
vt 0.9668 0.9426
vt 0.9669 0.9406
vt 0.9586 0.9478
vt 0.9585 0.9497
vt 0.9662 0.9486
vt 0.9664 0.9466
vt 0.9585 0.9516
vt 0.9584 0.9534
vt 0.9658 0.9527
vt 0.9660 0.9507
vt 0.8274 0.9401
vt 0.8271 0.9425
vt 0.8471 0.9451
vt 0.8476 0.9428
vt 0.8269 0.9449
vt 0.8266 0.9473
vt 0.8461 0.9497
vt 0.8466 0.9474
vt 0.8725 0.9298
vt 0.8715 0.9325
vt 0.8920 0.9313
vt 0.8930 0.9291
vt 0.8693 0.9379
vt 0.8682 0.9406
vt 0.8891 0.9381
vt 0.8901 0.9358
vt 0.8671 0.9433
vt 0.8660 0.9460
vt 0.8872 0.9426
vt 0.8882 0.9403
vt 0.9073 0.9312
vt 0.9068 0.9328
vt 0.9198 0.9345
vt 0.9199 0.9330
vt 0.9057 0.9361
vt 0.9052 0.9378
vt 0.9194 0.9391
vt 0.9195 0.9376
vt 0.9047 0.9394
vt 0.9041 0.9411
vt 0.9191 0.9422
vt 0.9192 0.9406
vt 0.8279 0.9353
vt 0.8282 0.9328
vt 0.8490 0.9359
vt 0.8485 0.9382
vt 0.4863 0.4205
vt 0.4865 0.4181
vt 0.4668 0.4159
vt 0.4664 0.4173
vt 0.4868 0.4133
vt 0.4869 0.4109
vt 0.4682 0.4114
vt 0.4677 0.4129
vt 0.4872 0.4061
vt 0.4873 0.4037
vt 0.4696 0.4070
vt 0.4691 0.4085
vt 0.6479 0.4286
vt 0.6483 0.4265
vt 0.6342 0.4212
vt 0.6332 0.4230
vt 0.6491 0.4223
vt 0.6494 0.4202
vt 0.6371 0.4157
vt 0.6362 0.4175
vt 0.6502 0.4160
vt 0.6506 0.4139
vt 0.6401 0.4103
vt 0.6391 0.4121
vt 0.6157 0.4174
vt 0.6171 0.4161
vt 0.6032 0.4159
vt 0.6025 0.4178
vt 0.6200 0.4134
vt 0.6214 0.4121
vt 0.6052 0.4104
vt 0.6045 0.4122
vt 0.6242 0.4095
vt 0.6257 0.4082
vt 0.6072 0.4049
vt 0.6065 0.4067
vt 0.4528 0.4204
vt 0.4531 0.4191
vt 0.4422 0.4239
vt 0.4423 0.4252
vt 0.4537 0.4166
vt 0.4540 0.4153
vt 0.4417 0.4198
vt 0.4419 0.4212
vt 0.4545 0.4127
vt 0.4548 0.4114
vt 0.4413 0.4158
vt 0.4415 0.4171
vt 0.5859 0.4164
vt 0.5863 0.4147
vt 0.5671 0.4168
vt 0.5665 0.4183
vt 0.5871 0.4113
vt 0.5875 0.4096
vt 0.5690 0.4121
vt 0.5683 0.4137
vt 0.5883 0.4062
vt 0.5886 0.4045
vt 0.5708 0.4074
vt 0.5702 0.4090
vt 0.5506 0.4238
vt 0.5510 0.4223
vt 0.5385 0.4274
vt 0.5383 0.4293
vt 0.5520 0.4194
vt 0.5525 0.4179
vt 0.5390 0.4217
vt 0.5388 0.4236
vt 0.5535 0.4149
vt 0.5539 0.4134
vt 0.5395 0.4160
vt 0.5393 0.4179
vt 0.4311 0.4245
vt 0.4308 0.4238
vt 0.4219 0.4243
vt 0.4222 0.4247
vt 0.4300 0.4224
vt 0.4297 0.4217
vt 0.4209 0.4234
vt 0.4212 0.4237
vt 0.4290 0.4202
vt 0.4286 0.4195
vt 0.4200 0.4225
vt 0.4203 0.4228
vt 0.5262 0.4275
vt 0.5258 0.4251
vt 0.5055 0.4207
vt 0.5057 0.4234
vt 0.5250 0.4205
vt 0.5246 0.4181
vt 0.5048 0.4129
vt 0.5050 0.4155
vt 0.5238 0.4135
vt 0.5234 0.4112
vt 0.5041 0.4051
vt 0.5043 0.4077
vt 0.6611 0.4326
vt 0.6613 0.4306
vt 0.6617 0.4267
vt 0.6619 0.4247
vt 0.6623 0.4207
vt 0.6625 0.4187
vt 0.4141 0.4266
vt 0.4143 0.4270
vt 0.4134 0.4255
vt 0.4136 0.4259
vt 0.7712 0.4525
vt 0.7723 0.4491
vt 0.7520 0.4436
vt 0.7508 0.4461
vt 0.7747 0.4423
vt 0.7759 0.4390
vt 0.7557 0.4360
vt 0.7544 0.4386
vt 0.7783 0.4322
vt 0.7795 0.4288
vt 0.7594 0.4285
vt 0.7581 0.4310
vt 0.9382 0.4765
vt 0.9389 0.4746
vt 0.9231 0.4666
vt 0.9219 0.4685
vt 0.9402 0.4707
vt 0.9409 0.4687
vt 0.9269 0.4611
vt 0.9256 0.4629
vt 0.9423 0.4648
vt 0.9430 0.4629
vt 0.9306 0.4555
vt 0.9294 0.4573
vt 0.9019 0.4640
vt 0.9036 0.4617
vt 0.8914 0.4594
vt 0.8906 0.4618
vt 0.9068 0.4571
vt 0.9085 0.4548
vt 0.8939 0.4522
vt 0.8931 0.4546
vt 0.9117 0.4502
vt 0.9134 0.4480
vt 0.8963 0.4450
vt 0.8955 0.4474
vt 0.7326 0.4503
vt 0.7338 0.4477
vt 0.7164 0.4536
vt 0.7156 0.4566
vt 0.7362 0.4424
vt 0.7374 0.4398
vt 0.7188 0.4445
vt 0.7180 0.4475
vt 0.7398 0.4345
vt 0.7410 0.4319
vt 0.7211 0.4354
vt 0.7204 0.4384
vt 0.8815 0.4634
vt 0.8819 0.4614
vt 0.8706 0.4639
vt 0.8701 0.4654
vt 0.8826 0.4573
vt 0.8829 0.4553
vt 0.8721 0.4593
vt 0.8716 0.4608
vt 0.8836 0.4512
vt 0.8840 0.4492
vt 0.8736 0.4547
vt 0.8731 0.4562
vt 0.8538 0.4661
vt 0.8546 0.4646
vt 0.8392 0.4639
vt 0.8386 0.4657
vt 0.8561 0.4616
vt 0.8568 0.4601
vt 0.8408 0.4586
vt 0.8403 0.4604
vt 0.8584 0.4571
vt 0.8591 0.4556
vt 0.8425 0.4533
vt 0.8420 0.4551
vt 0.6979 0.4515
vt 0.6984 0.4489
vt 0.6822 0.4419
vt 0.6819 0.4442
vt 0.6993 0.4435
vt 0.6998 0.4408
vt 0.6832 0.4350
vt 0.6828 0.4373
vt 0.7007 0.4354
vt 0.7012 0.4327
vt 0.6842 0.4281
vt 0.6838 0.4304
vt 0.8226 0.4622
vt 0.8225 0.4597
vt 0.7970 0.4542
vt 0.7966 0.4574
vt 0.8224 0.4548
vt 0.8223 0.4523
vt 0.7983 0.4446
vt 0.7979 0.4478
vt 0.8221 0.4473
vt 0.8221 0.4448
vt 0.7997 0.4350
vt 0.7992 0.4382
vt 0.6686 0.4363
vt 0.6687 0.4342
vt 0.6689 0.4301
vt 0.6690 0.4280
vt 0.6692 0.4239
vt 0.6693 0.4218
vt 0.9514 0.4851
vt 0.9517 0.4829
vt 0.9523 0.4784
vt 0.9526 0.4761
vt 0.9532 0.4717
vt 0.9535 0.4694
vt 0.4994 0.8745
vt 0.4991 0.8611
vt 0.4853 0.8638
vt 0.4846 0.8764
vt 0.4815 0.4462
vt 0.4847 0.4318
vt 0.4649 0.4279
vt 0.4660 0.4439
vt 0.5068 0.6790
vt 0.4976 0.6626
vt 0.4787 0.6563
vt 0.4827 0.6715
vt 0.6954 0.6783
vt 0.6835 0.6786
vt 0.6618 0.6943
vt 0.6638 0.6771
vt 0.6520 0.6778
vt 0.6368 0.6949
vt 0.6091 0.6916
vt 0.6286 0.6764
vt 0.6013 0.6732
vt 0.5855 0.6892
vt 0.5668 0.6901
vt 0.5778 0.6707
vt 0.5561 0.6739
vt 0.5519 0.6902
vt 0.5414 0.6897
vt 0.5399 0.6736
vt 0.5192 0.6699
vt 0.5259 0.6845
vt 0.6559 0.4780
vt 0.6470 0.4533
vt 0.6283 0.4423
vt 0.6368 0.4719
vt 0.6143 0.4654
vt 0.6126 0.4347
vt 0.5997 0.4327
vt 0.5975 0.4562
vt 0.5796 0.4535
vt 0.5833 0.4379
vt 0.5623 0.4389
vt 0.5590 0.4490
vt 0.5426 0.4458
vt 0.5468 0.4377
vt 0.5375 0.4364
vt 0.5318 0.4439
vt 0.5170 0.4464
vt 0.5274 0.4338
vt 0.5075 0.4325
vt 0.4988 0.4495
vt 0.6488 0.8886
vt 0.6504 0.8681
vt 0.6386 0.8676
vt 0.6398 0.8871
vt 0.6292 0.8843
vt 0.6273 0.8681
vt 0.6151 0.8694
vt 0.6164 0.8844
vt 0.6031 0.8853
vt 0.6003 0.8685
vt 0.5800 0.8574
vt 0.5921 0.8830
vt 0.5709 0.8755
vt 0.5612 0.8472
vt 0.5455 0.8448
vt 0.5535 0.8688
vt 0.5343 0.8725
vt 0.5268 0.8524
vt 0.5102 0.8580
vt 0.5140 0.8733
vt 0.4720 0.8768
vt 0.4735 0.8652
vt 0.4619 0.8650
vt 0.4559 0.8768
vt 0.4558 0.4434
vt 0.4527 0.4305
vt 0.4438 0.4339
vt 0.4468 0.4428
vt 0.4648 0.6689
vt 0.4668 0.6548
vt 0.4600 0.6563
vt 0.4507 0.6683
vt 0.4368 0.8775
vt 0.4439 0.8642
vt 0.4305 0.8662
vt 0.4246 0.8785
vt 0.4359 0.4411
vt 0.4337 0.4331
vt 0.4241 0.4312
vt 0.4261 0.4387
vt 0.4396 0.6689
vt 0.4496 0.6586
vt 0.4337 0.6617
vt 0.4254 0.6674
vt 0.4161 0.8784
vt 0.4191 0.8693
vt 0.4130 0.8718
vt 0.4120 0.8766
vt 0.4187 0.4385
vt 0.4170 0.4329
vt 0.4126 0.4340
vt 0.4141 0.4382
vt 0.4187 0.6625
vt 0.4114 0.6635
vt 0.4850 0.8221
vt 0.4695 0.8313
vt 0.4799 0.8433
vt 0.4953 0.8327
vt 0.4867 0.3816
vt 0.4618 0.3897
vt 0.4700 0.4055
vt 0.4875 0.4013
vt 0.5021 0.6319
vt 0.4819 0.6252
vt 0.4773 0.6365
vt 0.4942 0.6399
vt 0.6919 0.6337
vt 0.6756 0.6368
vt 0.6833 0.6524
vt 0.6952 0.6509
vt 0.6553 0.6356
vt 0.6324 0.6238
vt 0.6437 0.6456
vt 0.6636 0.6543
vt 0.6159 0.6143
vt 0.6019 0.6090
vt 0.6058 0.6275
vt 0.6216 0.6332
vt 0.5837 0.6108
vt 0.5661 0.6160
vt 0.5702 0.6332
vt 0.5878 0.6296
vt 0.5494 0.6278
vt 0.5293 0.6306
vt 0.5198 0.6461
vt 0.5454 0.6457
vt 0.6642 0.4013
vt 0.6534 0.3979
vt 0.6411 0.4084
vt 0.6510 0.4118
vt 0.6388 0.3933
vt 0.6174 0.3862
vt 0.6078 0.4031
vt 0.6271 0.4069
vt 0.5911 0.3816
vt 0.5707 0.3889
vt 0.5715 0.4058
vt 0.5890 0.4028
vt 0.5507 0.3936
vt 0.5339 0.3924
vt 0.5396 0.4141
vt 0.5544 0.4120
vt 0.5168 0.3864
vt 0.5003 0.3817
vt 0.5038 0.4024
vt 0.5229 0.4088
vt 0.6621 0.8025
vt 0.6479 0.8027
vt 0.6506 0.8229
vt 0.6623 0.8207
vt 0.6300 0.8072
vt 0.6114 0.8130
vt 0.6114 0.8342
vt 0.6300 0.8308
vt 0.5964 0.8137
vt 0.5798 0.8113
vt 0.5694 0.8243
vt 0.5904 0.8319
vt 0.5628 0.8082
vt 0.5445 0.8046
vt 0.5399 0.8220
vt 0.5533 0.8211
vt 0.5204 0.8038
vt 0.4995 0.8125
vt 0.5078 0.8256
vt 0.5237 0.8214
vt 0.4512 0.8322
vt 0.4326 0.8337
vt 0.4480 0.8491
vt 0.4649 0.8473
vt 0.4476 0.3945
vt 0.4391 0.4008
vt 0.4412 0.4144
vt 0.4551 0.4101
vt 0.4665 0.6239
vt 0.4527 0.6264
vt 0.4557 0.6376
vt 0.4646 0.6355
vt 0.4168 0.8321
vt 0.4074 0.8376
vt 0.4205 0.8458
vt 0.4325 0.8474
vt 0.4259 0.4101
vt 0.4168 0.4174
vt 0.4197 0.4222
vt 0.4282 0.4188
vt 0.4425 0.6327
vt 0.4320 0.6393
vt 0.4361 0.6430
vt 0.4482 0.6396
vt 0.4042 0.8510
vt 0.4062 0.8617
vt 0.4104 0.8637
vt 0.4133 0.8535
vt 0.4105 0.4220
vt 0.4072 0.4249
vt 0.4092 0.4275
vt 0.4132 0.4252
vt 0.4195 0.6458
vt 0.4119 0.6520
vt 0.4128 0.6550
vt 0.4204 0.6506
vt 0.4595 0.8997
vt 0.4490 0.9067
vt 0.4727 0.9088
vt 0.4757 0.8970
vt 0.6364 0.7264
vt 0.6334 0.7368
vt 0.6637 0.7443
vt 0.6720 0.7292
vt 0.6212 0.5325
vt 0.6362 0.5357
vt 0.4192 0.6579
vt 0.4121 0.6599
vt 0.6339 0.9128
vt 0.6353 0.9295
vt 0.6462 0.9342
vt 0.6457 0.9163
vt 0.4863 0.4205
vt 0.4664 0.4173
vt 0.4701 0.8569
vt 0.4564 0.8576
vt 0.6947 0.6646
vt 0.6842 0.6651
vt 0.6479 0.4286
vt 0.6332 0.4230
vt 0.4301 0.9012
vt 0.4290 0.9045
vt 0.4350 0.9060
vt 0.4395 0.9010
vt 0.6880 0.7309
vt 0.6762 0.7519
vt 0.6849 0.7565
vt 0.6948 0.7324
vt 0.6589 0.8476
vt 0.6450 0.8457
vt 0.4578 0.4597
vt 0.4472 0.4711
vt 0.4525 0.4758
vt 0.4622 0.4646
vt 0.6659 0.6656
vt 0.6514 0.6663
vt 0.6157 0.4174
vt 0.6025 0.4178
vt 0.4945 0.6515
vt 0.4780 0.6488
vt 0.6311 0.8516
vt 0.6146 0.8538
vt 0.4142 0.8856
vt 0.4134 0.8922
vt 0.4226 0.9013
vt 0.4238 0.8958
vt 0.6259 0.6549
vt 0.6050 0.6502
vt 0.5859 0.4164
vt 0.5665 0.4183
vt 0.4349 0.4546
vt 0.4288 0.4600
vt 0.4420 0.4665
vt 0.4482 0.4571
vt 0.4876 0.6992
vt 0.4866 0.7111
vt 0.5213 0.7172
vt 0.5241 0.7092
vt 0.5953 0.8480
vt 0.5721 0.8367
vt 0.4706 0.4719
vt 0.4690 0.4843
vt 0.4837 0.4878
vt 0.4846 0.4766
vt 0.4606 0.6920
vt 0.4561 0.7035
vt 0.4718 0.7080
vt 0.4774 0.6972
vt 0.4952 0.9008
vt 0.4939 0.9197
vt 0.5125 0.9286
vt 0.5151 0.9066
vt 0.5855 0.6502
vt 0.5647 0.6539
vt 0.5506 0.4238
vt 0.5383 0.4293
vt 0.5418 0.7100
vt 0.5391 0.7237
vt 0.5543 0.7298
vt 0.5563 0.7129
vt 0.5550 0.8320
vt 0.5421 0.8307
vt 0.4989 0.4771
vt 0.4954 0.4916
vt 0.5141 0.4926
vt 0.5160 0.4778
vt 0.4675 0.6486
vt 0.4605 0.6493
vt 0.4113 0.4499
vt 0.4172 0.4546
vt 0.6550 0.9160
vt 0.6568 0.9407
vt 0.6641 0.9414
vt 0.6617 0.9171
vt 0.5360 0.9134
vt 0.5338 0.9333
vt 0.5543 0.9346
vt 0.5555 0.9152
vt 0.5427 0.6531
vt 0.5171 0.6535
vt 0.5262 0.4275
vt 0.5057 0.4234
vt 0.4297 0.6844
vt 0.4287 0.6967
vt 0.4415 0.7012
vt 0.4449 0.6881
vt 0.5688 0.7162
vt 0.5679 0.7329
vt 0.5808 0.7352
vt 0.5809 0.7191
vt 0.5281 0.8346
vt 0.5115 0.8421
vt 0.5349 0.4796
vt 0.5346 0.4987
vt 0.5523 0.5116
vt 0.5562 0.4831
vt 0.4150 0.4281
vt 0.4107 0.4301
vt 0.4979 0.8487
vt 0.4830 0.8537
vt 0.5754 0.9067
vt 0.5708 0.9300
vt 0.5878 0.9229
vt 0.5936 0.9007
vt 0.4504 0.6497
vt 0.4318 0.6552
vt 0.5917 0.7241
vt 0.5909 0.7373
vt 0.6045 0.7375
vt 0.6063 0.7256
vt 0.5751 0.4963
vt 0.5754 0.5169
vt 0.5994 0.5268
vt 0.5949 0.5059
vt 0.4099 0.6746
vt 0.4089 0.6817
vt 0.4175 0.6880
vt 0.4168 0.6779
vt 0.6485 0.5375
vt 0.6584 0.5343
vt 0.6056 0.9053
vt 0.6050 0.9169
vt 0.6215 0.9240
vt 0.6211 0.9089
vt 0.5133 0.8911
vt 0.4954 0.8866
vt 0.4805 0.8873
vt 0.4874 0.4647
vt 0.4764 0.4597
vt 0.4659 0.4549
vt 0.5283 0.6939
vt 0.5011 0.6866
vt 0.4835 0.6875
vt 0.7029 0.6780
vt 0.7017 0.7158
vt 0.6936 0.7097
vt 0.6775 0.7092
vt 0.6481 0.7129
vt 0.6132 0.7124
vt 0.5945 0.7126
vt 0.5799 0.7102
vt 0.5647 0.7064
vt 0.5519 0.7030
vt 0.5414 0.6990
vt 0.6669 0.4797
vt 0.6601 0.4577
vt 0.6674 0.4956
vt 0.6596 0.4943
vt 0.6481 0.4914
vt 0.6184 0.4908
vt 0.5748 0.4744
vt 0.5558 0.4626
vt 0.5364 0.4605
vt 0.5217 0.4620
vt 0.5043 0.4636
vt 0.6590 0.8896
vt 0.6614 0.8705
vt 0.6587 0.9040
vt 0.6510 0.9026
vt 0.6426 0.9026
vt 0.6318 0.9007
vt 0.6204 0.8984
vt 0.6057 0.8954
vt 0.5950 0.8941
vt 0.5782 0.8972
vt 0.5561 0.8974
vt 0.5345 0.8972
vt 0.4673 0.8873
vt 0.4498 0.8888
vt 0.4570 0.4530
vt 0.4484 0.4516
vt 0.4653 0.6834
vt 0.4488 0.6803
vt 0.4311 0.8918
vt 0.4254 0.8897
vt 0.4379 0.4491
vt 0.4324 0.6780
vt 0.4195 0.6742
vt 0.4115 0.6724
vt 0.4082 0.6711
vt 0.4939 0.9197
vt 0.4727 0.9088
vt 0.4739 0.9258
vt 0.4887 0.9361
vt 0.5021 0.9479
vt 0.4690 0.4843
vt 0.4525 0.4758
vt 0.4490 0.4907
vt 0.4720 0.4994
vt 0.4848 0.5034
vt 0.4866 0.7111
vt 0.4718 0.7080
vt 0.4643 0.7231
vt 0.4868 0.7254
vt 0.5091 0.7279
vt 0.6762 0.7519
vt 0.6637 0.7443
vt 0.6624 0.7607
vt 0.6744 0.7699
vt 0.6807 0.7761
vt 0.7008 0.6344
vt 0.7020 0.6493
vt 0.6334 0.7368
vt 0.6045 0.7375
vt 0.6177 0.7483
vt 0.6452 0.7504
vt 0.5909 0.7373
vt 0.5808 0.7352
vt 0.5827 0.7509
vt 0.5983 0.7520
vt 0.5679 0.7329
vt 0.5543 0.7298
vt 0.5462 0.7431
vt 0.5640 0.7494
vt 0.5391 0.7237
vt 0.5279 0.7337
vt 0.6485 0.5375
vt 0.6362 0.5357
vt 0.6301 0.5584
vt 0.6415 0.5570
vt 0.6512 0.5551
vt 0.6714 0.4077
vt 0.6627 0.4168
vt 0.6212 0.5325
vt 0.5994 0.5268
vt 0.5941 0.5464
vt 0.6148 0.5559
vt 0.5754 0.5169
vt 0.5523 0.5116
vt 0.5479 0.5317
vt 0.5685 0.5373
vt 0.5346 0.4987
vt 0.5141 0.4926
vt 0.5196 0.5088
vt 0.5323 0.5185
vt 0.4954 0.4916
vt 0.5019 0.5050
vt 0.6568 0.9407
vt 0.6462 0.9342
vt 0.6455 0.9551
vt 0.6587 0.9594
vt 0.6682 0.9594
vt 0.6727 0.8049
vt 0.6712 0.8212
vt 0.6353 0.9295
vt 0.6215 0.9240
vt 0.6121 0.9396
vt 0.6289 0.9480
vt 0.6050 0.9169
vt 0.5878 0.9229
vt 0.5815 0.9436
vt 0.5976 0.9385
vt 0.5708 0.9300
vt 0.5543 0.9346
vt 0.5480 0.9545
vt 0.5658 0.9501
vt 0.5338 0.9333
vt 0.5236 0.9558
vt 0.4490 0.9067
vt 0.4350 0.9060
vt 0.4380 0.9233
vt 0.4559 0.9236
vt 0.4472 0.4711
vt 0.4420 0.4665
vt 0.4318 0.4743
vt 0.4382 0.4810
vt 0.4561 0.7035
vt 0.4415 0.7012
vt 0.4365 0.7185
vt 0.4495 0.7209
vt 0.4290 0.9045
vt 0.4226 0.9013
vt 0.4177 0.9090
vt 0.4259 0.9156
vt 0.4288 0.4600
vt 0.4172 0.4546
vt 0.4092 0.4593
vt 0.4189 0.4661
vt 0.4287 0.6967
vt 0.4175 0.6880
vt 0.4169 0.7051
vt 0.4261 0.7135
vt 0.4134 0.8922
vt 0.4088 0.8866
vt 0.4058 0.8887
vt 0.4104 0.8979
vt 0.4113 0.4499
vt 0.4084 0.4471
vt 0.4042 0.4487
vt 0.4060 0.4525
vt 0.4089 0.6817
vt 0.4056 0.6791
vt 0.4042 0.6846
vt 0.4075 0.6939
vt 0.7013 0.6653
vt 0.4102 0.8829
vt 0.4121 0.4447
vt 0.5561 0.8974
vt 0.4072 0.6743
vt 0.7900 0.8816
vt 0.7920 0.8638
vt 0.7797 0.8624
vt 0.7726 0.8811
vt 0.7587 0.4949
vt 0.7663 0.4710
vt 0.7445 0.4635
vt 0.7408 0.4919
vt 0.7839 0.6915
vt 0.7604 0.6805
vt 0.9684 0.7128
vt 0.9739 0.7008
vt 0.9593 0.6993
vt 0.9554 0.7116
vt 0.9429 0.7111
vt 0.9472 0.6989
vt 0.9390 0.6992
vt 0.9207 0.7181
vt 0.8970 0.7192
vt 0.9179 0.6998
vt 0.8913 0.6987
vt 0.8747 0.7187
vt 0.8563 0.7207
vt 0.8668 0.6986
vt 0.8450 0.7003
vt 0.8419 0.7204
vt 0.8301 0.7209
vt 0.8285 0.7005
vt 0.8070 0.6993
vt 0.8134 0.7171
vt 0.9456 0.5156
vt 0.9373 0.4960
vt 0.9201 0.4847
vt 0.9322 0.5114
vt 0.9107 0.4992
vt 0.9005 0.4734
vt 0.8897 0.4702
vt 0.8939 0.4873
vt 0.8791 0.4887
vt 0.8788 0.4708
vt 0.8649 0.4751
vt 0.8592 0.4919
vt 0.8399 0.4914
vt 0.8470 0.4782
vt 0.8339 0.4776
vt 0.8262 0.4888
vt 0.8069 0.4897
vt 0.8206 0.4748
vt 0.7940 0.4743
vt 0.7816 0.4949
vt 0.9525 0.9077
vt 0.9477 0.8898
vt 0.9384 0.8894
vt 0.9427 0.9078
vt 0.9292 0.9092
vt 0.9241 0.8887
vt 0.9094 0.8886
vt 0.9142 0.9084
vt 0.8995 0.9050
vt 0.8940 0.8863
vt 0.8745 0.8765
vt 0.8874 0.9025
vt 0.8662 0.8917
vt 0.8549 0.8647
vt 0.8392 0.8596
vt 0.8462 0.8834
vt 0.8262 0.8845
vt 0.8213 0.8630
vt 0.8054 0.8636
vt 0.8059 0.8838
vt 0.7584 0.8813
vt 0.7681 0.8643
vt 0.7558 0.8648
vt 0.7422 0.8808
vt 0.7287 0.4896
vt 0.7274 0.4667
vt 0.7138 0.4718
vt 0.7169 0.4874
vt 0.7439 0.6785
vt 0.7333 0.6764
vt 0.7129 0.8854
vt 0.7338 0.8640
vt 0.7078 0.8703
vt 0.6838 0.8926
vt 0.7028 0.4860
vt 0.6984 0.4709
vt 0.6828 0.4651
vt 0.6877 0.4841
vt 0.7249 0.6751
vt 0.7165 0.6774
vt 0.6708 0.8931
vt 0.6842 0.8711
vt 0.6815 0.4105
vt 0.6694 0.4197
vt 0.7088 0.6782
vt 0.7894 0.8163
vt 0.7675 0.8199
vt 0.7812 0.8428
vt 0.7969 0.8373
vt 0.7816 0.4026
vt 0.7612 0.4017
vt 0.7606 0.4259
vt 0.7807 0.4255
vt 0.7931 0.6513
vt 0.7737 0.6403
vt 0.7614 0.6529
vt 0.7797 0.6603
vt 0.9737 0.6569
vt 0.9593 0.6595
vt 0.9657 0.6769
vt 0.9780 0.6731
vt 0.9405 0.6568
vt 0.9188 0.6460
vt 0.9314 0.6687
vt 0.9503 0.6793
vt 0.9032 0.6377
vt 0.8898 0.6326
vt 0.8940 0.6525
vt 0.9096 0.6578
vt 0.8693 0.6322
vt 0.8498 0.6320
vt 0.8552 0.6540
vt 0.8738 0.6533
vt 0.8350 0.6427
vt 0.8175 0.6477
vt 0.8081 0.6699
vt 0.8331 0.6702
vt 0.9615 0.4519
vt 0.9489 0.4431
vt 0.9319 0.4536
vt 0.9437 0.4610
vt 0.9315 0.4348
vt 0.9081 0.4255
vt 0.8971 0.4427
vt 0.9150 0.4457
vt 0.8866 0.4247
vt 0.8722 0.4324
vt 0.8741 0.4532
vt 0.8844 0.4472
vt 0.8553 0.4328
vt 0.8355 0.4281
vt 0.8431 0.4515
vt 0.8599 0.4541
vt 0.8146 0.4185
vt 0.7959 0.4086
vt 0.8001 0.4318
vt 0.8220 0.4423
vt 0.9675 0.8429
vt 0.9554 0.8401
vt 0.9446 0.8590
vt 0.9552 0.8594
vt 0.9361 0.8408
vt 0.9191 0.8416
vt 0.9078 0.8610
vt 0.9265 0.8609
vt 0.9029 0.8401
vt 0.8847 0.8344
vt 0.8686 0.8448
vt 0.8882 0.8554
vt 0.8664 0.8276
vt 0.8493 0.8213
vt 0.8389 0.8372
vt 0.8525 0.8391
vt 0.8283 0.8149
vt 0.8072 0.8146
vt 0.8084 0.8323
vt 0.8238 0.8327
vt 0.7441 0.8167
vt 0.7201 0.8180
vt 0.7433 0.8380
vt 0.7635 0.8411
vt 0.7434 0.4017
vt 0.7264 0.4068
vt 0.7219 0.4324
vt 0.7422 0.4293
vt 0.7591 0.6341
vt 0.7455 0.6290
vt 0.7367 0.6450
vt 0.7479 0.6472
vt 0.7050 0.8124
vt 0.6938 0.8086
vt 0.7008 0.8200
vt 0.7182 0.8300
vt 0.7116 0.4135
vt 0.6955 0.4130
vt 0.6845 0.4258
vt 0.7016 0.4301
vt 0.7332 0.6277
vt 0.7209 0.6316
vt 0.7179 0.6485
vt 0.7270 0.6466
vt 0.6839 0.8077
vt 0.6864 0.8175
vt 0.6762 0.4812
vt 0.6720 0.4601
vt 0.7109 0.6342
vt 0.7102 0.6487
vt 0.7392 0.9098
vt 0.7270 0.9255
vt 0.7555 0.9218
vt 0.7563 0.9070
vt 0.9212 0.7481
vt 0.9219 0.7575
vt 0.9508 0.7574
vt 0.9502 0.7447
vt 0.9175 0.5679
vt 0.9342 0.5651
vt 0.7068 0.6655
vt 0.9336 0.9357
vt 0.9333 0.9494
vt 0.9484 0.9542
vt 0.9483 0.9399
vt 0.9773 0.6854
vt 0.9671 0.6873
vt 0.6931 0.9208
vt 0.6928 0.9391
vt 0.7062 0.9351
vt 0.7106 0.9173
vt 0.9641 0.7437
vt 0.9658 0.7595
vt 0.9748 0.7608
vt 0.9753 0.7434
vt 0.7286 0.5322
vt 0.7408 0.5370
vt 0.9536 0.6886
vt 0.9394 0.6893
vt 0.7792 0.6754
vt 0.7586 0.6692
vt 0.6697 0.9182
vt 0.6723 0.9419
vt 0.6812 0.9423
vt 0.6792 0.9202
vt 0.9161 0.6787
vt 0.8945 0.6755
vt 0.7001 0.5218
vt 0.7168 0.5269
vt 0.7823 0.7418
vt 0.7799 0.7580
vt 0.8140 0.7557
vt 0.8167 0.7472
vt 0.7548 0.5408
vt 0.7674 0.5442
vt 0.7564 0.7393
vt 0.7492 0.7565
vt 0.7648 0.7581
vt 0.7727 0.7422
vt 0.7810 0.9157
vt 0.7845 0.9368
vt 0.8053 0.9446
vt 0.8053 0.9226
vt 0.8738 0.6754
vt 0.8526 0.6792
vt 0.8538 0.4661
vt 0.8386 0.4657
vt 0.8306 0.7496
vt 0.8324 0.7608
vt 0.8437 0.7638
vt 0.8428 0.7506
vt 0.7844 0.5295
vt 0.7849 0.5472
vt 0.8091 0.5463
vt 0.8082 0.5298
vt 0.7464 0.6636
vt 0.7349 0.6610
vt 0.6686 0.5298
vt 0.6823 0.5242
vt 0.9588 0.9402
vt 0.9584 0.9553
vt 0.9656 0.9547
vt 0.9671 0.9386
vt 0.8285 0.9304
vt 0.8263 0.9497
vt 0.8456 0.9520
vt 0.8495 0.9335
vt 0.8305 0.6792
vt 0.8050 0.6797
vt 0.7258 0.7343
vt 0.7231 0.7552
vt 0.7356 0.7560
vt 0.7417 0.7377
vt 0.8587 0.7508
vt 0.8587 0.7656
vt 0.8738 0.7640
vt 0.8717 0.7529
vt 0.8239 0.8456
vt 0.8067 0.8484
vt 0.8360 0.5502
vt 0.8545 0.5629
vt 0.7954 0.8498
vt 0.7818 0.8538
vt 0.8736 0.9271
vt 0.8650 0.9487
vt 0.8862 0.9448
vt 0.8940 0.9268
vt 0.7250 0.6613
vt 0.7151 0.6649
vt 0.8822 0.7532
vt 0.8837 0.7641
vt 0.8958 0.7627
vt 0.8954 0.7517
vt 0.8743 0.5644
vt 0.8977 0.5688
vt 0.7048 0.7320
vt 0.6972 0.7563
vt 0.7097 0.7555
vt 0.7154 0.7341
vt 0.9463 0.5632
vt 0.9540 0.5626
vt 0.9079 0.9295
vt 0.9036 0.9427
vt 0.9190 0.9437
vt 0.9201 0.9315
vt 0.7665 0.5159
vt 0.7509 0.5122
vt 0.7380 0.5086
vt 0.8165 0.7314
vt 0.7931 0.7243
vt 0.7779 0.7273
vt 0.9810 0.7144
vt 0.9833 0.7016
vt 0.9735 0.7273
vt 0.9634 0.7256
vt 0.9511 0.7249
vt 0.9293 0.7339
vt 0.9007 0.7389
vt 0.8836 0.7420
vt 0.8702 0.7416
vt 0.8548 0.7385
vt 0.8395 0.7393
vt 0.8293 0.7371
vt 0.9552 0.5173
vt 0.9475 0.5011
vt 0.8126 0.5075
vt 0.7895 0.5112
vt 0.9612 0.9076
vt 0.9548 0.8909
vt 0.9063 0.9208
vt 0.8915 0.9173
vt 0.8759 0.9168
vt 0.7288 0.5060
vt 0.7189 0.5035
vt 0.7590 0.7249
vt 0.7406 0.7227
vt 0.7066 0.4991
vt 0.7260 0.7218
vt 0.7154 0.7193
vt 0.6814 0.4955
vt 0.7089 0.7184
vt 0.7845 0.9368
vt 0.7555 0.9218
vt 0.7634 0.9446
vt 0.7807 0.9572
vt 0.7945 0.9678
vt 0.7548 0.5408
vt 0.7408 0.5370
vt 0.7409 0.5556
vt 0.7611 0.5586
vt 0.7768 0.5616
vt 0.7799 0.7580
vt 0.7648 0.7581
vt 0.7542 0.7793
vt 0.7777 0.7767
vt 0.8004 0.7753
vt 0.9658 0.7595
vt 0.9508 0.7574
vt 0.9593 0.7732
vt 0.9754 0.7739
vt 0.9854 0.7727
vt 0.9827 0.6586
vt 0.9856 0.6729
vt 0.9219 0.7575
vt 0.8958 0.7627
vt 0.9119 0.7720
vt 0.9386 0.7680
vt 0.8837 0.7641
vt 0.8738 0.7640
vt 0.8780 0.7804
vt 0.8936 0.7786
vt 0.8587 0.7656
vt 0.8437 0.7638
vt 0.8371 0.7812
vt 0.8570 0.7830
vt 0.8324 0.7608
vt 0.8188 0.7774
vt 0.9463 0.5632
vt 0.9342 0.5651
vt 0.9257 0.5867
vt 0.9393 0.5825
vt 0.9514 0.5774
vt 0.9714 0.4619
vt 0.9539 0.4672
vt 0.9175 0.5679
vt 0.8977 0.5688
vt 0.8851 0.5873
vt 0.9083 0.5895
vt 0.8743 0.5644
vt 0.8545 0.5629
vt 0.8518 0.5845
vt 0.8659 0.5856
vt 0.8360 0.5502
vt 0.8091 0.5463
vt 0.8219 0.5637
vt 0.8402 0.5731
vt 0.7849 0.5472
vt 0.7983 0.5612
vt 0.9584 0.9553
vt 0.9484 0.9542
vt 0.9416 0.9724
vt 0.9540 0.9739
vt 0.9649 0.9721
vt 0.9761 0.8487
vt 0.9625 0.8611
vt 0.9333 0.9494
vt 0.9190 0.9437
vt 0.9062 0.9632
vt 0.9227 0.9674
vt 0.9036 0.9427
vt 0.8862 0.9448
vt 0.8716 0.9637
vt 0.8900 0.9616
vt 0.8650 0.9487
vt 0.8456 0.9520
vt 0.8365 0.9729
vt 0.8537 0.9691
vt 0.8263 0.9497
vt 0.8147 0.9739
vt 0.7270 0.9255
vt 0.7062 0.9351
vt 0.7193 0.9511
vt 0.7406 0.9415
vt 0.7286 0.5322
vt 0.7168 0.5269
vt 0.7067 0.5413
vt 0.7226 0.5501
vt 0.7492 0.7565
vt 0.7356 0.7560
vt 0.7245 0.7830
vt 0.7385 0.7816
vt 0.6928 0.9391
vt 0.6812 0.9423
vt 0.6906 0.9607
vt 0.7030 0.9567
vt 0.7001 0.5218
vt 0.6823 0.5242
vt 0.6739 0.5439
vt 0.6894 0.5395
vt 0.7231 0.7552
vt 0.7097 0.7555
vt 0.6988 0.7825
vt 0.7122 0.7816
vt 0.6723 0.9419
vt 0.6802 0.9607
vt 0.6686 0.5298
vt 0.6614 0.5509
vt 0.6972 0.7563
vt 0.6883 0.7825
vt 0.9875 0.6858
vt 0.8770 0.2026
vt 0.8765 0.2058
vt 0.8372 0.1908
vt 0.8376 0.1875
vt 0.7910 0.1728
vt 0.7918 0.1697
vt 0.7473 0.1545
vt 0.7482 0.1515
vt 0.7078 0.1370
vt 0.7082 0.1343
vt 0.6614 0.1264
vt 0.6620 0.1235
vt 0.6219 0.1194
vt 0.6225 0.1155
vt 0.5755 0.1086
vt 0.5759 0.1039
vt 0.5225 0.0875
vt 0.5224 0.0837
vt 0.4692 0.0680
vt 0.4682 0.0648
vt 0.4300 0.0587
vt 0.4293 0.0559
vt 0.4011 0.0543
vt 0.4009 0.0514
vt 0.1934 0.1024
vt 0.2427 0.0861
vt 0.2435 0.0890
vt 0.1939 0.1058
vt 0.3101 0.0222
vt 0.2743 0.0323
vt 0.2735 0.0304
vt 0.3096 0.0204
vt 0.1080 0.0808
vt 0.0828 0.1080
vt 0.0818 0.1052
vt 0.1070 0.0774
vt 0.9206 0.1715
vt 0.8818 0.1556
vt 0.8819 0.1531
vt 0.9211 0.1689
vt 0.4597 0.0203
vt 0.4221 0.0137
vt 0.4220 0.0119
vt 0.4596 0.0186
vt 0.9874 0.2236
vt 0.9794 0.2243
vt 0.9791 0.2234
vt 0.9872 0.2227
vt 0.3958 0.0111
vt 0.3693 0.0121
vt 0.3691 0.0107
vt 0.3956 0.0096
vt 0.2226 0.0345
vt 0.1769 0.0385
vt 0.1757 0.0347
vt 0.2211 0.0317
vt 0.8430 0.1398
vt 0.7991 0.1231
vt 0.7993 0.1204
vt 0.8436 0.1371
vt 0.7207 0.0883
vt 0.6735 0.0662
vt 0.6741 0.0627
vt 0.7218 0.0859
vt 0.9520 0.1969
vt 0.9523 0.1950
vt 0.0596 0.1311
vt 0.0402 0.1543
vt 0.0392 0.1514
vt 0.0584 0.1281
vt 0.5865 0.0361
vt 0.5265 0.0307
vt 0.5271 0.0287
vt 0.5871 0.0330
vt 0.1400 0.0533
vt 0.1389 0.0492
vt 0.7575 0.1063
vt 0.7578 0.1038
vt 0.6315 0.0449
vt 0.6319 0.0410
vt 0.0242 0.1815
vt 0.0099 0.2274
vt 0.0096 0.2266
vt 0.0235 0.1790
vt 0.3379 0.0170
vt 0.3378 0.0154
vt 0.3128 0.0338
vt 0.2791 0.0447
vt 0.2784 0.0422
vt 0.3123 0.0313
vt 0.1146 0.1009
vt 0.0893 0.1247
vt 0.0882 0.1221
vt 0.1135 0.0978
vt 0.9174 0.1864
vt 0.8811 0.1703
vt 0.8812 0.1684
vt 0.9177 0.1845
vt 0.4605 0.0308
vt 0.4229 0.0249
vt 0.4226 0.0226
vt 0.4604 0.0285
vt 0.3974 0.0206
vt 0.3707 0.0211
vt 0.3705 0.0190
vt 0.3970 0.0185
vt 0.2313 0.0514
vt 0.1844 0.0608
vt 0.1832 0.0572
vt 0.2301 0.0484
vt 0.8404 0.1553
vt 0.7981 0.1388
vt 0.7982 0.1370
vt 0.8404 0.1535
vt 0.3389 0.0272
vt 0.3386 0.0250
vt 0.7144 0.1031
vt 0.6697 0.0868
vt 0.6703 0.0835
vt 0.7151 0.1006
vt 0.9810 0.2295
vt 0.9503 0.2083
vt 0.9507 0.2064
vt 0.9808 0.2286
vt 0.0665 0.1488
vt 0.0459 0.1718
vt 0.0449 0.1690
vt 0.0652 0.1460
vt 0.5823 0.0550
vt 0.5228 0.0437
vt 0.5230 0.0411
vt 0.5830 0.0518
vt 0.1462 0.0772
vt 0.1452 0.0735
vt 0.7559 0.1206
vt 0.7562 0.1187
vt 0.6287 0.0687
vt 0.6292 0.0648
vt 0.0283 0.1960
vt 0.0121 0.2324
vt 0.0116 0.2315
vt 0.0276 0.1938
vt 0.1972 0.1203
vt 0.2447 0.1038
vt 0.2451 0.1087
vt 0.1983 0.1252
vt 0.2005 0.1348
vt 0.2459 0.1186
vt 0.2463 0.1236
vt 0.2016 0.1397
vt 0.1589 0.1357
vt 0.1601 0.1403
vt 0.1626 0.1497
vt 0.1638 0.1544
vt 0.7052 0.1482
vt 0.7465 0.1655
vt 0.7462 0.1692
vt 0.7044 0.1520
vt 0.7027 0.1594
vt 0.7456 0.1765
vt 0.7453 0.1801
vt 0.7018 0.1632
vt 0.2832 0.0945
vt 0.2832 0.0984
vt 0.2833 0.1062
vt 0.2833 0.1101
vt 0.9150 0.2302
vt 0.9523 0.2462
vt 0.9527 0.2499
vt 0.9155 0.2335
vt 0.9165 0.2400
vt 0.9535 0.2573
vt 0.9539 0.2609
vt 0.9170 0.2433
vt 0.5722 0.1206
vt 0.6182 0.1314
vt 0.6169 0.1354
vt 0.5711 0.1246
vt 0.5690 0.1326
vt 0.6144 0.1434
vt 0.6132 0.1474
vt 0.5679 0.1366
vt 0.4309 0.0720
vt 0.4710 0.0820
vt 0.4716 0.0866
vt 0.4312 0.0764
vt 0.4318 0.0853
vt 0.4727 0.0959
vt 0.4733 0.1005
vt 0.4321 0.0897
vt 0.0378 0.2449
vt 0.0589 0.2240
vt 0.0601 0.2285
vt 0.0384 0.2489
vt 0.0396 0.2568
vt 0.0626 0.2374
vt 0.0639 0.2419
vt 0.0403 0.2608
vt 0.1048 0.1755
vt 0.1262 0.1558
vt 0.1273 0.1605
vt 0.1058 0.1800
vt 0.1078 0.1892
vt 0.1294 0.1699
vt 0.1305 0.1746
vt 0.1088 0.1937
vt 0.7894 0.1840
vt 0.8373 0.2029
vt 0.8373 0.2069
vt 0.7889 0.1878
vt 0.7878 0.1953
vt 0.8374 0.2150
vt 0.8374 0.2191
vt 0.7872 0.1990
vt 0.6577 0.1380
vt 0.6564 0.1419
vt 0.6540 0.1496
vt 0.6528 0.1535
vt 0.3138 0.0859
vt 0.3393 0.0787
vt 0.3387 0.0826
vt 0.3134 0.0897
vt 0.3126 0.0973
vt 0.3373 0.0904
vt 0.3367 0.0943
vt 0.3121 0.1012
vt 0.5210 0.1008
vt 0.5205 0.1052
vt 0.5195 0.1141
vt 0.5190 0.1185
vt 0.9827 0.2611
vt 0.9824 0.2641
vt 0.9817 0.2701
vt 0.9814 0.2731
vt 0.0807 0.2008
vt 0.0818 0.2057
vt 0.0841 0.2153
vt 0.0852 0.2202
vt 0.4010 0.0674
vt 0.4010 0.0718
vt 0.4010 0.0806
vt 0.4010 0.0850
vt 0.3851 0.0686
vt 0.3849 0.0729
vt 0.3680 0.0821
vt 0.3676 0.0862
vt 0.3692 0.0698
vt 0.3688 0.0739
vt 0.8775 0.2159
vt 0.8779 0.2193
vt 0.8786 0.2260
vt 0.8790 0.2294
vt 0.0183 0.2625
vt 0.0191 0.2654
vt 0.0208 0.2712
vt 0.0217 0.2741
vt 0.9877 0.2700
vt 0.9875 0.2731
vt 0.9137 0.2174
vt 0.9134 0.2204
vt 0.8797 0.1866
vt 0.8803 0.1834
vt 0.9156 0.1990
vt 0.9153 0.2021
vt 0.9508 0.2330
vt 0.9512 0.2352
vt 0.9489 0.2197
vt 0.9492 0.2219
vt 0.8397 0.1711
vt 0.8401 0.1678
vt 0.7959 0.1541
vt 0.7967 0.1510
vt 0.7525 0.1363
vt 0.7533 0.1333
vt 0.7102 0.1208
vt 0.7106 0.1181
vt 0.6653 0.1092
vt 0.6660 0.1063
vt 0.6252 0.0961
vt 0.6257 0.0922
vt 0.5781 0.0803
vt 0.5786 0.0755
vt 0.5217 0.0645
vt 0.5216 0.0606
vt 0.4631 0.0488
vt 0.4620 0.0456
vt 0.4258 0.0420
vt 0.4251 0.0392
vt 0.3996 0.0367
vt 0.3994 0.0338
vt 0.9836 0.2498
vt 0.9838 0.2520
vt 0.9824 0.2364
vt 0.9826 0.2386
vt 0.0158 0.2538
vt 0.0156 0.2517
vt 0.0354 0.2298
vt 0.0359 0.2330
vt 0.0146 0.2412
vt 0.0144 0.2391
vt 0.0323 0.2103
vt 0.0328 0.2135
vt 0.0547 0.2075
vt 0.0552 0.2106
vt 0.0514 0.1890
vt 0.0519 0.1921
vt 0.0768 0.1834
vt 0.0774 0.1863
vt 0.0731 0.1657
vt 0.0737 0.1687
vt 0.1009 0.1588
vt 0.1017 0.1617
vt 0.0959 0.1410
vt 0.0967 0.1439
vt 0.1227 0.1385
vt 0.1230 0.1417
vt 0.1205 0.1198
vt 0.1208 0.1229
vt 0.1548 0.1184
vt 0.1552 0.1216
vt 0.1519 0.0994
vt 0.1524 0.1025
vt 0.1906 0.0821
vt 0.1911 0.0855
vt 0.2830 0.0796
vt 0.2831 0.0827
vt 0.2389 0.0718
vt 0.2381 0.0689
vt 0.2827 0.0605
vt 0.2828 0.0637
vt 0.3150 0.0744
vt 0.3150 0.0709
vt 0.3413 0.0635
vt 0.3414 0.0671
vt 0.3149 0.0535
vt 0.3149 0.0500
vt 0.3406 0.0421
vt 0.3407 0.0456
vt 0.3559 0.0623
vt 0.3559 0.0588
vt 0.3706 0.0542
vt 0.3705 0.0575
vt 0.3715 0.0345
vt 0.3713 0.0378
vt 0.3858 0.0559
vt 0.3857 0.0528
vt 0.3855 0.0373
vt 0.3854 0.0341
vt 0.9902 0.2363
vt 0.9900 0.2384
vt 0.3141 0.0415
vt 0.2813 0.0523
vt 0.2806 0.0497
vt 0.3136 0.0389
vt 0.1179 0.1104
vt 0.0928 0.1327
vt 0.0916 0.1300
vt 0.1168 0.1072
vt 0.9165 0.1921
vt 0.8809 0.1763
vt 0.8810 0.1743
vt 0.9168 0.1902
vt 0.4608 0.0378
vt 0.4238 0.0318
vt 0.4235 0.0295
vt 0.4607 0.0355
vt 0.3984 0.0268
vt 0.3713 0.0271
vt 0.3711 0.0251
vt 0.3981 0.0247
vt 0.2349 0.0602
vt 0.1878 0.0715
vt 0.1867 0.0679
vt 0.2337 0.0572
vt 0.3399 0.0340
vt 0.3396 0.0317
vt 0.7123 0.1105
vt 0.6678 0.0968
vt 0.6684 0.0935
vt 0.7130 0.1080
vt 0.9817 0.2323
vt 0.9493 0.2138
vt 0.9496 0.2119
vt 0.9815 0.2314
vt 0.0701 0.1572
vt 0.0488 0.1803
vt 0.0479 0.1775
vt 0.0689 0.1544
vt 0.5803 0.0645
vt 0.5220 0.0515
vt 0.5222 0.0489
vt 0.5810 0.0613
vt 0.1493 0.0886
vt 0.1483 0.0848
vt 0.7977 0.1443
vt 0.7549 0.1264
vt 0.7552 0.1245
vt 0.7978 0.1424
vt 0.6273 0.0805
vt 0.6278 0.0765
vt 0.0304 0.2026
vt 0.0133 0.2351
vt 0.0129 0.2342
vt 0.0297 0.2004
vt 0.8405 0.1609
vt 0.8405 0.1590
vt 0.3114 0.0276
vt 0.2768 0.0382
vt 0.2760 0.0363
vt 0.3110 0.0258
vt 0.1113 0.0910
vt 0.0860 0.1164
vt 0.0850 0.1136
vt 0.1102 0.0876
vt 0.9188 0.1793
vt 0.8814 0.1633
vt 0.8816 0.1607
vt 0.9194 0.1767
vt 0.4602 0.0252
vt 0.4224 0.0190
vt 0.4223 0.0172
vt 0.4600 0.0236
vt 0.3965 0.0155
vt 0.3701 0.0163
vt 0.3698 0.0149
vt 0.3963 0.0140
vt 0.2271 0.0428
vt 0.1807 0.0497
vt 0.1795 0.0459
vt 0.2256 0.0401
vt 0.8415 0.1480
vt 0.7986 0.1314
vt 0.7988 0.1287
vt 0.8420 0.1453
vt 0.3383 0.0218
vt 0.3382 0.0202
vt 0.7173 0.0957
vt 0.6716 0.0766
vt 0.6722 0.0731
vt 0.7184 0.0933
vt 0.9802 0.2269
vt 0.9512 0.2026
vt 0.9515 0.2007
vt 0.9800 0.2260
vt 0.0630 0.1400
vt 0.0430 0.1631
vt 0.0421 0.1602
vt 0.0618 0.1371
vt 0.5844 0.0456
vt 0.5244 0.0369
vt 0.5251 0.0349
vt 0.5851 0.0424
vt 0.1431 0.0654
vt 0.1420 0.0613
vt 0.7568 0.1137
vt 0.7570 0.1113
vt 0.6301 0.0568
vt 0.6306 0.0529
vt 0.0262 0.1888
vt 0.0109 0.2299
vt 0.0106 0.2290
vt 0.0255 0.1864
vt 0.8765 0.2058
vt 0.8808 0.1802
vt 0.9159 0.1960
vt 0.9134 0.2204
vt 0.9486 0.2175
vt 0.9512 0.2352
vt 0.8372 0.1908
vt 0.8405 0.1646
vt 0.7910 0.1728
vt 0.7975 0.1479
vt 0.7473 0.1545
vt 0.7542 0.1302
vt 0.7078 0.1370
vt 0.7110 0.1154
vt 0.6614 0.1264
vt 0.6666 0.1034
vt 0.6219 0.1194
vt 0.6263 0.0883
vt 0.5755 0.1086
vt 0.5790 0.0708
vt 0.5225 0.0875
vt 0.5215 0.0568
vt 0.4692 0.0680
vt 0.4610 0.0424
vt 0.4300 0.0587
vt 0.4243 0.0364
vt 0.4011 0.0543
vt 0.3991 0.0309
vt 0.9822 0.2341
vt 0.9838 0.2520
vt 0.0158 0.2538
vt 0.0142 0.2369
vt 0.0318 0.2070
vt 0.0359 0.2330
vt 0.0508 0.1859
vt 0.0552 0.2106
vt 0.0725 0.1628
vt 0.0774 0.1863
vt 0.0951 0.1380
vt 0.1017 0.1617
vt 0.1201 0.1167
vt 0.1230 0.1417
vt 0.1514 0.0962
vt 0.1552 0.1216
vt 0.1901 0.0787
vt 0.1939 0.1058
vt 0.1939 0.1058
vt 0.2435 0.0890
vt 0.2467 0.1285
vt 0.2027 0.1445
vt 0.2435 0.0890
vt 0.2374 0.0660
vt 0.2827 0.0573
vt 0.2831 0.0827
vt 0.3150 0.0744
vt 0.3149 0.0466
vt 0.3405 0.0385
vt 0.3414 0.0671
vt 0.3716 0.0312
vt 0.3705 0.0575
vt 0.1650 0.1591
vt 0.7450 0.1838
vt 0.7010 0.1669
vt 0.2833 0.1141
vt 0.9543 0.2646
vt 0.9175 0.2466
vt 0.6119 0.1514
vt 0.5668 0.1406
vt 0.4739 0.1052
vt 0.4324 0.0942
vt 0.0651 0.2463
vt 0.0409 0.2648
vt 0.1315 0.1793
vt 0.1098 0.1983
vt 0.8375 0.2231
vt 0.7867 0.2028
vt 0.2114 0.1717
vt 0.2508 0.1553
vt 0.2533 0.1634
vt 0.2142 0.1796
vt 0.6515 0.1573
vt 0.3360 0.0982
vt 0.3117 0.1050
vt 0.5185 0.1230
vt 0.9810 0.2761
vt 0.0863 0.2250
vt 0.4009 0.0894
vt 0.3672 0.0903
vt 0.8793 0.2327
vt 0.0225 0.2769
vt 0.3326 0.1291
vt 0.3645 0.1216
vt 0.3639 0.1324
vt 0.3323 0.1400
vt 0.7869 0.2240
vt 0.8385 0.2428
vt 0.8392 0.2513
vt 0.7867 0.2333
vt 0.0249 0.2940
vt 0.0427 0.2813
vt 0.0411 0.2896
vt 0.0259 0.2994
vt 0.2870 0.1434
vt 0.2883 0.1526
vt 0.9202 0.2728
vt 0.9599 0.2887
vt 0.9597 0.2953
vt 0.9210 0.2809
vt 0.4008 0.1175
vt 0.4318 0.1199
vt 0.4311 0.1293
vt 0.3996 0.1275
vt 0.1794 0.3418
vt 0.2262 0.3491
vt 0.2159 0.3794
vt 0.1808 0.3766
vt 0.4718 0.1287
vt 0.5169 0.1460
vt 0.5154 0.1534
vt 0.4708 0.1369
vt 0.1402 0.2070
vt 0.1757 0.1884
vt 0.1785 0.1964
vt 0.1428 0.2156
vt 0.5600 0.1597
vt 0.6045 0.1708
vt 0.6017 0.1782
vt 0.5579 0.1665
vt 0.0902 0.2444
vt 0.1155 0.2206
vt 0.1175 0.2290
vt 0.0919 0.2521
vt 0.6464 0.1793
vt 0.6963 0.1924
vt 0.6936 0.2013
vt 0.6441 0.1873
vt 0.7432 0.2039
vt 0.7410 0.2140
vt 0.0690 0.2614
vt 0.0699 0.2674
vt 0.3137 0.1349
vt 0.3140 0.1456
vt 0.8804 0.2580
vt 0.8811 0.2662
vt 0.9785 0.2939
vt 0.9783 0.2993
vt 0.3272 0.4199
vt 0.3486 0.4564
vt 0.3138 0.4721
vt 0.2951 0.4415
vt 0.1626 0.7448
vt 0.1105 0.7298
vt 0.1157 0.7048
vt 0.1574 0.7120
vt 0.0306 0.5079
vt 0.0373 0.4692
vt 0.0534 0.4806
vt 0.0474 0.5100
vt 0.2867 0.3798
vt 0.3026 0.3928
vt 0.2752 0.4176
vt 0.2624 0.4056
vt 0.0651 0.6941
vt 0.0382 0.6527
vt 0.0592 0.6442
vt 0.0824 0.6791
vt 0.0279 0.5669
vt 0.0285 0.5467
vt 0.0471 0.5479
vt 0.0472 0.5682
vt 0.0264 0.6074
vt 0.0471 0.6051
vt 0.3620 0.4930
vt 0.3683 0.5382
vt 0.3306 0.5426
vt 0.3247 0.5058
vt 0.1342 0.3516
vt 0.1445 0.3857
vt 0.3617 0.5879
vt 0.3397 0.6315
vt 0.3101 0.6134
vt 0.3276 0.5797
vt 0.0658 0.4023
vt 0.0927 0.3756
vt 0.1103 0.4038
vt 0.0829 0.4264
vt 0.3097 0.6730
vt 0.2698 0.7078
vt 0.2467 0.6763
vt 0.2820 0.6460
vt 0.0485 0.4381
vt 0.0654 0.4544
vt 0.2178 0.7348
vt 0.2039 0.6990
vt 0.0275 0.5335
vt 0.0466 0.5333
vt 0.2624 0.3643
vt 0.2437 0.3921
vt 0.2749 0.4913
vt 0.2832 0.5188
vt 0.2919 0.5465
vt 0.2989 0.5709
vt 0.2623 0.4644
vt 0.2473 0.4430
vt 0.2371 0.4313
vt 0.2098 0.4028
vt 0.2241 0.4172
vt 0.0774 0.5971
vt 0.1100 0.5835
vt 0.1201 0.6127
vt 0.0839 0.6313
vt 0.1418 0.5654
vt 0.1511 0.5961
vt 0.1784 0.5446
vt 0.1880 0.5728
vt 0.2118 0.5253
vt 0.2213 0.5512
vt 0.2419 0.5085
vt 0.2511 0.5334
vt 0.1264 0.6446
vt 0.0978 0.6616
vt 0.1669 0.6277
vt 0.2016 0.6043
vt 0.2339 0.5801
vt 0.2622 0.5602
vt 0.1481 0.6795
vt 0.1196 0.6855
vt 0.1861 0.6628
vt 0.2221 0.6391
vt 0.2537 0.6129
vt 0.2797 0.5884
vt 0.0722 0.5630
vt 0.1024 0.5522
vt 0.1358 0.5362
vt 0.1697 0.5181
vt 0.2018 0.5008
vt 0.2316 0.4836
vt 0.0712 0.5386
vt 0.0990 0.5280
vt 0.1303 0.5127
vt 0.1619 0.4957
vt 0.1925 0.4792
vt 0.2202 0.4626
vt 0.0704 0.5247
vt 0.0966 0.5138
vt 0.1257 0.4986
vt 0.1558 0.4818
vt 0.1856 0.4653
vt 0.2124 0.4498
vt 0.0671 0.4874
vt 0.0805 0.4730
vt 0.0911 0.4949
vt 0.0691 0.5061
vt 0.1017 0.4539
vt 0.1166 0.4791
vt 0.1290 0.4353
vt 0.1452 0.4622
vt 0.1594 0.4199
vt 0.1744 0.4466
vt 0.1878 0.4096
vt 0.2008 0.4331
vt 0.0466 0.5333
vt 0.1797 0.3185
vt 0.2349 0.3235
vt 0.3560 0.4046
vt 0.3807 0.4432
vt 0.1683 0.7732
vt 0.1070 0.7487
vt 0.0132 0.5042
vt 0.0239 0.4583
vt 0.3084 0.3586
vt 0.3274 0.3739
vt 0.0515 0.7054
vt 0.0202 0.6588
vt 0.0137 0.5564
vt 0.0113 0.5329
vt 0.0096 0.6074
vt 0.3959 0.4798
vt 0.4038 0.5313
vt 0.1285 0.3289
vt 0.3917 0.5934
vt 0.3707 0.6498
vt 0.0524 0.3804
vt 0.0813 0.3549
vt 0.3357 0.6988
vt 0.2944 0.7373
vt 0.0346 0.4232
vt 0.2332 0.7664
vt 0.0096 0.5272
vt 0.2793 0.3406
vt 0.9904 0.2341
vt 0.9886 0.2515
vt 0.9873 0.2762
vt 0.9835 0.2935
vt 0.9833 0.2994
vt 0.3123 0.0313
vt 0.2784 0.0422
vt 0.2735 0.0304
vt 0.3096 0.0204
vt 0.1135 0.0978
vt 0.0882 0.1221
vt 0.0818 0.1052
vt 0.1070 0.0774
vt 0.9177 0.1845
vt 0.8812 0.1684
vt 0.8819 0.1531
vt 0.9211 0.1689
vt 0.4604 0.0285
vt 0.4226 0.0226
vt 0.4220 0.0119
vt 0.4596 0.0186
vt 0.9886 0.2280
vt 0.9808 0.2286
vt 0.9791 0.2234
vt 0.9872 0.2227
vt 0.3970 0.0185
vt 0.3705 0.0190
vt 0.3691 0.0107
vt 0.3956 0.0096
vt 0.2301 0.0484
vt 0.1832 0.0572
vt 0.1757 0.0347
vt 0.2211 0.0317
vt 0.8404 0.1535
vt 0.7982 0.1370
vt 0.7993 0.1204
vt 0.8436 0.1371
vt 0.3386 0.0250
vt 0.3378 0.0154
vt 0.7151 0.1006
vt 0.6703 0.0835
vt 0.6741 0.0627
vt 0.7218 0.0859
vt 0.9507 0.2064
vt 0.9523 0.1950
vt 0.0652 0.1460
vt 0.0449 0.1690
vt 0.0392 0.1514
vt 0.0584 0.1281
vt 0.5830 0.0518
vt 0.5230 0.0411
vt 0.5271 0.0287
vt 0.5871 0.0330
vt 0.1452 0.0735
vt 0.1389 0.0492
vt 0.7562 0.1187
vt 0.7578 0.1038
vt 0.6292 0.0648
vt 0.6319 0.0410
vt 0.0276 0.1938
vt 0.0116 0.2315
vt 0.0096 0.2266
vt 0.0235 0.1790
vt 0.5263 0.6861
vt 0.5259 0.6845
vt 0.5068 0.6790
vt 0.5058 0.6803
vt 0.7024 0.6974
vt 0.7025 0.6937
vt 0.6959 0.6932
vt 0.6955 0.6960
vt 0.6820 0.6952
vt 0.6812 0.6975
vt 0.6618 0.6943
vt 0.6595 0.6974
vt 0.6368 0.6949
vt 0.6328 0.6978
vt 0.6091 0.6916
vt 0.6067 0.6951
vt 0.5855 0.6892
vt 0.5846 0.6927
vt 0.5668 0.6901
vt 0.5664 0.6928
vt 0.5519 0.6902
vt 0.5519 0.6924
vt 0.5414 0.6897
vt 0.5414 0.6913
vt 0.4146 0.6677
vt 0.4153 0.6668
vt 0.4097 0.6666
vt 0.4094 0.6674
vt 0.6692 0.8523
vt 0.6707 0.8487
vt 0.6589 0.8476
vt 0.6575 0.8510
vt 0.6450 0.8457
vt 0.6439 0.8494
vt 0.6311 0.8516
vt 0.6305 0.8544
vt 0.6146 0.8538
vt 0.6147 0.8564
vt 0.5953 0.8480
vt 0.5961 0.8514
vt 0.5721 0.8367
vt 0.5734 0.8402
vt 0.5550 0.8320
vt 0.5560 0.8346
vt 0.5421 0.8307
vt 0.5427 0.8330
vt 0.6867 0.8459
vt 0.6872 0.8408
vt 0.8139 0.7195
vt 0.8134 0.7171
vt 0.7954 0.7144
vt 0.7950 0.7160
vt 0.7705 0.7049
vt 0.7717 0.7086
vt 0.9797 0.7165
vt 0.9810 0.7144
vt 0.9684 0.7128
vt 0.9675 0.7149
vt 0.9554 0.7116
vt 0.9547 0.7139
vt 0.9429 0.7111
vt 0.9406 0.7149
vt 0.9207 0.7181
vt 0.9174 0.7215
vt 0.8970 0.7192
vt 0.8948 0.7230
vt 0.8747 0.7187
vt 0.8739 0.7226
vt 0.8563 0.7207
vt 0.8561 0.7236
vt 0.8419 0.7204
vt 0.8415 0.7235
vt 0.8301 0.7209
vt 0.8300 0.7236
vt 0.7491 0.7017
vt 0.7507 0.7056
vt 0.7333 0.6964
vt 0.7345 0.7008
vt 0.7227 0.6937
vt 0.7233 0.6984
vt 0.7142 0.6931
vt 0.7144 0.6975
vt 0.7077 0.6933
vt 0.7079 0.6974
vt 0.7814 0.8553
vt 0.7818 0.8538
vt 0.7688 0.8551
vt 0.7687 0.8566
vt 0.7540 0.8539
vt 0.7543 0.8557
vt 0.9593 0.8786
vt 0.9601 0.8762
vt 0.9506 0.8742
vt 0.9501 0.8768
vt 0.9400 0.8744
vt 0.9398 0.8769
vt 0.7305 0.8504
vt 0.7311 0.8526
vt 0.7050 0.8481
vt 0.7055 0.8518
vt 0.9233 0.8758
vt 0.9234 0.8780
vt 0.9070 0.8763
vt 0.9074 0.8784
vt 0.8889 0.8704
vt 0.8897 0.8731
vt 0.8679 0.8576
vt 0.8690 0.8607
vt 0.8511 0.8503
vt 0.8517 0.8527
vt 0.8391 0.8465
vt 0.8391 0.8487
vt 0.8239 0.8456
vt 0.8235 0.8485
vt 0.8067 0.8484
vt 0.8065 0.8509
vt 0.7954 0.8498
vt 0.7949 0.8521
vt 0.6491 0.8852
vt 0.6493 0.8818
vt 0.6394 0.8806
vt 0.6396 0.8839
vt 0.6498 0.8749
vt 0.6501 0.8715
vt 0.6388 0.8708
vt 0.6390 0.8741
vt 0.6288 0.8816
vt 0.6285 0.8789
vt 0.6160 0.8794
vt 0.6162 0.8819
vt 0.6279 0.8735
vt 0.6276 0.8708
vt 0.6153 0.8719
vt 0.6155 0.8744
vt 0.6026 0.8825
vt 0.6022 0.8797
vt 0.5881 0.8745
vt 0.5901 0.8787
vt 0.6012 0.8741
vt 0.6007 0.8713
vt 0.5820 0.8617
vt 0.5840 0.8659
vt 0.5693 0.8708
vt 0.5676 0.8661
vt 0.5508 0.8608
vt 0.5522 0.8648
vt 0.5644 0.8566
vt 0.5628 0.8519
vt 0.5468 0.8488
vt 0.5481 0.8528
vt 0.4166 0.8769
vt 0.4171 0.8754
vt 0.4123 0.8750
vt 0.4122 0.8758
vt 0.6594 0.8864
vt 0.6598 0.8833
vt 0.6606 0.8769
vt 0.6610 0.8737
vt 0.5281 0.8557
vt 0.5293 0.8591
vt 0.7903 0.8786
vt 0.7907 0.8757
vt 0.7750 0.8748
vt 0.7738 0.8780
vt 0.7913 0.8697
vt 0.7917 0.8668
vt 0.7785 0.8655
vt 0.7774 0.8686
vt 0.9517 0.9048
vt 0.9509 0.9018
vt 0.9413 0.9016
vt 0.9420 0.9047
vt 0.9493 0.8958
vt 0.9485 0.8928
vt 0.9391 0.8924
vt 0.9398 0.8955
vt 0.9284 0.9058
vt 0.9275 0.9024
vt 0.9126 0.9018
vt 0.9134 0.9051
vt 0.9258 0.8955
vt 0.9249 0.8921
vt 0.9102 0.8919
vt 0.9110 0.8952
vt 0.8986 0.9019
vt 0.8977 0.8988
vt 0.8831 0.8938
vt 0.8853 0.8981
vt 0.8959 0.8925
vt 0.8788 0.8852
vt 0.8766 0.8808
vt 0.8950 0.8894
vt 0.8643 0.8872
vt 0.8624 0.8827
vt 0.8439 0.8755
vt 0.8450 0.8794
vt 0.8587 0.8737
vt 0.8568 0.8692
vt 0.8404 0.8636
vt 0.8415 0.8675
vt 0.8254 0.8809
vt 0.8245 0.8773
vt 0.8057 0.8770
vt 0.8058 0.8804
vt 0.8229 0.8702
vt 0.8221 0.8666
vt 0.8055 0.8669
vt 0.8055 0.8703
vt 0.7601 0.8785
vt 0.7617 0.8756
vt 0.7467 0.8755
vt 0.7444 0.8781
vt 0.7649 0.8700
vt 0.7665 0.8671
vt 0.7536 0.8675
vt 0.7513 0.8701
vt 0.7163 0.8818
vt 0.7198 0.8783
vt 0.6918 0.8852
vt 0.6878 0.8889
vt 0.7268 0.8711
vt 0.7303 0.8675
vt 0.7038 0.8740
vt 0.6998 0.8777
vt 0.6730 0.8894
vt 0.6752 0.8857
vt 0.6797 0.8784
vt 0.6820 0.8748
vt 0.9601 0.9048
vt 0.9591 0.9020
vt 0.9569 0.8964
vt 0.9559 0.8936
vt 0.6645 0.8632
vt 0.6660 0.8596
vt 0.6546 0.8579
vt 0.6532 0.8613
vt 0.6418 0.8566
vt 0.6407 0.8603
vt 0.6292 0.8598
vt 0.6286 0.8626
vt 0.6148 0.8616
vt 0.6149 0.8642
vt 0.5978 0.8582
vt 0.5986 0.8617
vt 0.5761 0.8471
vt 0.5774 0.8505
vt 0.5581 0.8396
vt 0.5591 0.8421
vt 0.5438 0.8378
vt 0.5443 0.8401
vt 0.6852 0.8610
vt 0.6857 0.8560
vt 0.7804 0.8595
vt 0.7808 0.8581
vt 0.7685 0.8597
vt 0.7684 0.8612
vt 0.7549 0.8594
vt 0.7552 0.8612
vt 0.9566 0.8860
vt 0.9575 0.8835
vt 0.9492 0.8820
vt 0.9487 0.8846
vt 0.9392 0.8819
vt 0.9389 0.8844
vt 0.7322 0.8572
vt 0.7327 0.8594
vt 0.7064 0.8592
vt 0.7069 0.8629
vt 0.9237 0.8823
vt 0.9238 0.8844
vt 0.9082 0.8824
vt 0.9086 0.8845
vt 0.8915 0.8784
vt 0.8923 0.8810
vt 0.8712 0.8670
vt 0.8723 0.8702
vt 0.8530 0.8575
vt 0.8536 0.8599
vt 0.8391 0.8530
vt 0.8392 0.8552
vt 0.8226 0.8543
vt 0.8221 0.8572
vt 0.8060 0.8560
vt 0.8058 0.8585
vt 0.7937 0.8568
vt 0.7931 0.8592
vt 0.5275 0.6908
vt 0.5271 0.6892
vt 0.5039 0.6828
vt 0.5030 0.6841
vt 0.4831 0.6795
vt 0.4833 0.6822
vt 0.7020 0.7084
vt 0.7021 0.7048
vt 0.6947 0.7015
vt 0.6943 0.7042
vt 0.6798 0.7022
vt 0.6790 0.7045
vt 0.6549 0.7036
vt 0.6527 0.7067
vt 0.6250 0.7036
vt 0.6210 0.7066
vt 0.6018 0.7021
vt 0.5994 0.7056
vt 0.5827 0.6997
vt 0.5817 0.7032
vt 0.5657 0.6982
vt 0.5654 0.7009
vt 0.5519 0.6966
vt 0.5519 0.6987
vt 0.5414 0.6943
vt 0.5414 0.6959
vt 0.4128 0.6705
vt 0.4134 0.6696
vt 0.4089 0.6689
vt 0.4087 0.6696
vt 0.8155 0.7266
vt 0.8149 0.7243
vt 0.7943 0.7193
vt 0.7939 0.7210
vt 0.7742 0.7161
vt 0.7754 0.7198
vt 0.9760 0.7230
vt 0.9772 0.7208
vt 0.9659 0.7192
vt 0.9650 0.7214
vt 0.9533 0.7183
vt 0.9526 0.7205
vt 0.9361 0.7225
vt 0.9338 0.7263
vt 0.9107 0.7285
vt 0.9074 0.7320
vt 0.8903 0.7306
vt 0.8881 0.7344
vt 0.8724 0.7302
vt 0.8717 0.7340
vt 0.8556 0.7296
vt 0.8553 0.7325
vt 0.8407 0.7298
vt 0.8403 0.7330
vt 0.8297 0.7290
vt 0.8296 0.7317
vt 0.7540 0.7133
vt 0.7557 0.7172
vt 0.7369 0.7096
vt 0.7382 0.7139
vt 0.7244 0.7077
vt 0.7249 0.7124
vt 0.7148 0.7062
vt 0.7150 0.7105
vt 0.7083 0.7058
vt 0.7085 0.7100
vt 0.7026 0.6759
vt 0.7024 0.6738
vt 0.6952 0.6738
vt 0.6953 0.6761
vt 0.7018 0.6695
vt 0.7016 0.6674
vt 0.6948 0.6669
vt 0.6949 0.6692
vt 0.6837 0.6741
vt 0.6836 0.6763
vt 0.6841 0.6673
vt 0.6840 0.6696
vt 0.6645 0.6733
vt 0.6642 0.6752
vt 0.6655 0.6675
vt 0.6652 0.6694
vt 0.6518 0.6740
vt 0.6519 0.6759
vt 0.6515 0.6682
vt 0.6516 0.6702
vt 0.6277 0.6692
vt 0.6282 0.6728
vt 0.6264 0.6584
vt 0.6268 0.6620
vt 0.6025 0.6655
vt 0.6019 0.6694
vt 0.6044 0.6540
vt 0.6037 0.6579
vt 0.5803 0.6639
vt 0.5791 0.6673
vt 0.5590 0.6672
vt 0.5575 0.6705
vt 0.5829 0.6570
vt 0.5842 0.6536
vt 0.5633 0.6573
vt 0.5618 0.6606
vt 0.5409 0.6668
vt 0.5404 0.6702
vt 0.5423 0.6565
vt 0.5418 0.6599
vt 0.5185 0.6644
vt 0.5188 0.6672
vt 0.5174 0.6562
vt 0.5178 0.6590
vt 0.7163 0.6754
vt 0.7161 0.6733
vt 0.7081 0.6740
vt 0.7085 0.6761
vt 0.7156 0.6691
vt 0.7153 0.6670
vt 0.7072 0.6676
vt 0.7075 0.6697
vt 0.9840 0.6989
vt 0.9847 0.6963
vt 0.9750 0.6957
vt 0.9744 0.6982
vt 0.9861 0.6910
vt 0.9868 0.6884
vt 0.9767 0.6880
vt 0.9761 0.6905
vt 0.9619 0.6953
vt 0.9606 0.6973
vt 0.9658 0.6893
vt 0.9645 0.6913
vt 0.9493 0.6955
vt 0.9482 0.6972
vt 0.9525 0.6903
vt 0.9515 0.6920
vt 0.9391 0.6975
vt 0.9391 0.6959
vt 0.9393 0.6926
vt 0.9393 0.6909
vt 0.8067 0.6961
vt 0.8063 0.6928
vt 0.7823 0.6861
vt 0.7831 0.6888
vt 0.8056 0.6862
vt 0.8053 0.6830
vt 0.7800 0.6781
vt 0.7808 0.6808
vt 0.7598 0.6767
vt 0.7601 0.6786
vt 0.7589 0.6711
vt 0.7592 0.6730
vt 0.9176 0.6963
vt 0.9173 0.6928
vt 0.9164 0.6823
vt 0.9167 0.6858
vt 0.8924 0.6910
vt 0.8918 0.6948
vt 0.8940 0.6794
vt 0.8935 0.6832
vt 0.8691 0.6909
vt 0.8679 0.6947
vt 0.8727 0.6793
vt 0.8715 0.6831
vt 0.8475 0.6933
vt 0.8463 0.6968
vt 0.8513 0.6828
vt 0.8500 0.6863
vt 0.7447 0.6735
vt 0.7443 0.6760
vt 0.7460 0.6661
vt 0.7455 0.6686
vt 0.7338 0.6713
vt 0.7335 0.6738
vt 0.7346 0.6636
vt 0.7343 0.6661
vt 0.8292 0.6934
vt 0.8288 0.6969
vt 0.8302 0.6828
vt 0.8298 0.6863
vt 0.7250 0.6705
vt 0.7249 0.6728
vt 0.7250 0.6636
vt 0.7250 0.6659
vt 0.6674 0.4956
vt 0.6673 0.4936
vt 0.6591 0.4922
vt 0.6596 0.4943
vt 0.6672 0.4897
vt 0.6672 0.4877
vt 0.6577 0.4861
vt 0.6582 0.4882
vt 0.6670 0.4837
vt 0.6670 0.4817
vt 0.6563 0.4800
vt 0.6568 0.4820
vt 0.6467 0.4890
vt 0.6481 0.4914
vt 0.6424 0.4817
vt 0.6439 0.4841
vt 0.6382 0.4743
vt 0.6396 0.4768
vt 0.6178 0.4877
vt 0.6184 0.4908
vt 0.6163 0.4781
vt 0.6168 0.4813
vt 0.6148 0.4686
vt 0.6153 0.4717
vt 0.5971 0.4845
vt 0.5970 0.4886
vt 0.5972 0.4724
vt 0.5972 0.4764
vt 0.5974 0.4602
vt 0.5974 0.4643
vt 0.5754 0.4718
vt 0.5748 0.4744
vt 0.5772 0.4640
vt 0.5766 0.4666
vt 0.5790 0.4561
vt 0.5784 0.4587
vt 0.5562 0.4609
vt 0.5558 0.4626
vt 0.5586 0.4507
vt 0.5582 0.4524
vt 0.5372 0.4586
vt 0.5364 0.4605
vt 0.5570 0.4575
vt 0.5574 0.4558
vt 0.5395 0.4532
vt 0.5387 0.4550
vt 0.5418 0.4477
vt 0.5410 0.4495
vt 0.5230 0.4598
vt 0.5217 0.4620
vt 0.5268 0.4530
vt 0.5255 0.4552
vt 0.5306 0.4462
vt 0.5293 0.4485
vt 0.5059 0.4615
vt 0.5043 0.4636
vt 0.5106 0.4550
vt 0.5090 0.4572
vt 0.5154 0.4486
vt 0.5138 0.4507
vt 0.4974 0.4514
vt 0.4960 0.4533
vt 0.4270 0.4436
vt 0.4268 0.4426
vt 0.4194 0.4411
vt 0.4195 0.4418
vt 0.4191 0.4398
vt 0.4189 0.4391
vt 0.4141 0.4387
vt 0.4142 0.4392
vt 0.7665 0.5159
vt 0.7684 0.5133
vt 0.7519 0.5101
vt 0.7509 0.5122
vt 0.7722 0.5080
vt 0.7741 0.5054
vt 0.7548 0.5036
vt 0.7538 0.5057
vt 0.7778 0.5002
vt 0.7797 0.4975
vt 0.7577 0.4971
vt 0.7568 0.4992
vt 0.7383 0.5066
vt 0.7380 0.5086
vt 0.7394 0.5003
vt 0.7390 0.5024
vt 0.7404 0.4940
vt 0.7401 0.4961
vt 0.9574 0.5319
vt 0.9572 0.5301
vt 0.9496 0.5288
vt 0.9502 0.5307
vt 0.9566 0.5264
vt 0.9563 0.5246
vt 0.9479 0.5231
vt 0.9484 0.5250
vt 0.9558 0.5209
vt 0.9555 0.5191
vt 0.9461 0.5174
vt 0.9467 0.5193
vt 0.9383 0.5270
vt 0.9392 0.5292
vt 0.9357 0.5203
vt 0.9366 0.5225
vt 0.9331 0.5136
vt 0.9340 0.5158
vt 0.9203 0.5239
vt 0.9217 0.5275
vt 0.9162 0.5133
vt 0.9176 0.5169
vt 0.9121 0.5027
vt 0.9135 0.5063
vt 0.9014 0.5190
vt 0.9025 0.5236
vt 0.8982 0.5054
vt 0.8993 0.5100
vt 0.8950 0.4918
vt 0.8961 0.4964
vt 0.8793 0.5122
vt 0.8793 0.5156
vt 0.8792 0.5021
vt 0.8792 0.5055
vt 0.8791 0.4920
vt 0.8792 0.4954
vt 0.8567 0.5072
vt 0.8564 0.5094
vt 0.8578 0.5006
vt 0.8574 0.5028
vt 0.8589 0.4941
vt 0.8585 0.4963
vt 0.8333 0.5058
vt 0.8324 0.5078
vt 0.8361 0.4996
vt 0.8352 0.5017
vt 0.8389 0.4934
vt 0.8380 0.4955
vt 0.8143 0.5052
vt 0.8126 0.5075
vt 0.8194 0.4982
vt 0.8177 0.5005
vt 0.8245 0.4912
vt 0.8228 0.4935
vt 0.7917 0.5085
vt 0.7895 0.5112
vt 0.7982 0.5004
vt 0.7960 0.5031
vt 0.8047 0.4924
vt 0.8026 0.4950
vt 0.7288 0.5040
vt 0.7288 0.5060
vt 0.7287 0.4978
vt 0.7287 0.4999
vt 0.7287 0.4917
vt 0.7287 0.4937
vt 0.7186 0.5015
vt 0.7189 0.5035
vt 0.7179 0.4955
vt 0.7181 0.4975
vt 0.7172 0.4894
vt 0.7174 0.4914
vt 0.7061 0.4975
vt 0.7066 0.4991
vt 0.7047 0.4925
vt 0.7052 0.4942
vt 0.7033 0.4876
vt 0.7038 0.4893
vt 0.6924 0.4960
vt 0.6931 0.4977
vt 0.6904 0.4909
vt 0.6911 0.4926
vt 0.6884 0.4858
vt 0.6891 0.4875
vt 0.6807 0.4938
vt 0.6814 0.4955
vt 0.6788 0.4884
vt 0.6794 0.4902
vt 0.6769 0.4830
vt 0.6775 0.4848
vt 0.6587 0.9040
vt 0.6587 0.9022
vt 0.6507 0.9009
vt 0.6510 0.9026
vt 0.6588 0.8986
vt 0.6588 0.8968
vt 0.6499 0.8956
vt 0.6502 0.8974
vt 0.6589 0.8932
vt 0.6589 0.8914
vt 0.6491 0.8904
vt 0.6494 0.8921
vt 0.6422 0.9006
vt 0.6426 0.9026
vt 0.6412 0.8948
vt 0.6416 0.8968
vt 0.6402 0.8891
vt 0.6405 0.8910
vt 0.6315 0.8987
vt 0.6318 0.9007
vt 0.6305 0.8925
vt 0.6308 0.8946
vt 0.6295 0.8864
vt 0.6298 0.8884
vt 0.6199 0.8966
vt 0.6204 0.8984
vt 0.6184 0.8914
vt 0.6189 0.8931
vt 0.6169 0.8861
vt 0.6174 0.8879
vt 0.6054 0.8942
vt 0.6057 0.8954
vt 0.6044 0.8904
vt 0.6047 0.8916
vt 0.6034 0.8866
vt 0.6037 0.8878
vt 0.5946 0.8927
vt 0.5950 0.8941
vt 0.5936 0.8885
vt 0.5939 0.8899
vt 0.5925 0.8843
vt 0.5928 0.8857
vt 0.5773 0.8945
vt 0.5782 0.8972
vt 0.5745 0.8863
vt 0.5755 0.8891
vt 0.5718 0.8782
vt 0.5727 0.8809
vt 0.5558 0.8939
vt 0.5561 0.8974
vt 0.5548 0.8831
vt 0.5551 0.8867
vt 0.5538 0.8724
vt 0.5542 0.8760
vt 0.4311 0.8918
vt 0.4318 0.8900
vt 0.4253 0.8883
vt 0.4254 0.8897
vt 0.4175 0.8831
vt 0.4173 0.8825
vt 0.4120 0.8796
vt 0.4120 0.8801
vt 0.4169 0.8813
vt 0.4168 0.8807
vt 0.4120 0.8784
vt 0.4120 0.8788
vt 0.4164 0.8796
vt 0.4162 0.8790
vt 0.4120 0.8771
vt 0.4120 0.8775
vt 0.8018 0.9075
vt 0.8023 0.9045
vt 0.7816 0.8982
vt 0.7804 0.9006
vt 0.8033 0.8986
vt 0.8038 0.8956
vt 0.7852 0.8911
vt 0.7840 0.8935
vt 0.8048 0.8897
vt 0.8054 0.8867
vt 0.7888 0.8839
vt 0.7876 0.8863
vt 0.7630 0.8943
vt 0.7617 0.8962
vt 0.7671 0.8886
vt 0.7658 0.8905
vt 0.7713 0.8830
vt 0.7699 0.8849
vt 0.9627 0.9234
vt 0.9625 0.9214
vt 0.9556 0.9223
vt 0.9560 0.9244
vt 0.9622 0.9175
vt 0.9620 0.9155
vt 0.9543 0.9161
vt 0.9547 0.9181
vt 0.9616 0.9115
vt 0.9614 0.9096
vt 0.9530 0.9098
vt 0.9534 0.9119
vt 0.9456 0.9234
vt 0.9461 0.9257
vt 0.9444 0.9167
vt 0.9448 0.9190
vt 0.9431 0.9100
vt 0.9435 0.9122
vt 0.9322 0.9234
vt 0.9326 0.9255
vt 0.9309 0.9173
vt 0.9314 0.9194
vt 0.9297 0.9112
vt 0.9301 0.9133
vt 0.9185 0.9222
vt 0.9191 0.9242
vt 0.9167 0.9163
vt 0.9173 0.9183
vt 0.9148 0.9104
vt 0.9154 0.9124
vt 0.9054 0.9188
vt 0.9063 0.9208
vt 0.9029 0.9129
vt 0.9037 0.9149
vt 0.9004 0.9070
vt 0.9012 0.9089
vt 0.8910 0.9155
vt 0.8915 0.9173
vt 0.8895 0.9099
vt 0.8900 0.9118
vt 0.8879 0.9043
vt 0.8884 0.9062
vt 0.8746 0.9137
vt 0.8759 0.9168
vt 0.8710 0.9043
vt 0.8722 0.9074
vt 0.8674 0.8949
vt 0.8686 0.8980
vt 0.8504 0.9113
vt 0.8510 0.9153
vt 0.8486 0.8993
vt 0.8492 0.9033
vt 0.8468 0.8874
vt 0.8474 0.8914
vt 0.8260 0.9107
vt 0.8260 0.9144
vt 0.8261 0.8994
vt 0.8261 0.9032
vt 0.8262 0.8882
vt 0.8261 0.8920
vt 0.7507 0.8923
vt 0.7495 0.8939
vt 0.7540 0.8876
vt 0.7529 0.8892
vt 0.7573 0.8829
vt 0.7562 0.8845
vt 0.7303 0.8948
vt 0.7286 0.8968
vt 0.7354 0.8888
vt 0.7337 0.8908
vt 0.7405 0.8828
vt 0.7388 0.8848
vt 0.6978 0.9051
vt 0.6957 0.9079
vt 0.7043 0.8967
vt 0.7021 0.8995
vt 0.7107 0.8882
vt 0.7086 0.8910
vt 0.6803 0.9054
vt 0.6798 0.9073
vt 0.6818 0.8999
vt 0.6813 0.9018
vt 0.6833 0.8944
vt 0.6828 0.8963
vt 0.6692 0.9049
vt 0.6690 0.9065
vt 0.6699 0.8998
vt 0.6697 0.9015
vt 0.6705 0.8947
vt 0.6703 0.8964
vt 0.6603 0.4527
vt 0.6604 0.4502
vt 0.6472 0.4459
vt 0.6471 0.4484
vt 0.6606 0.4451
vt 0.6607 0.4426
vt 0.6475 0.4385
vt 0.6474 0.4409
vt 0.6608 0.4401
vt 0.6609 0.4376
vt 0.6477 0.4335
vt 0.6476 0.4360
vt 0.6298 0.4365
vt 0.6293 0.4385
vt 0.6313 0.4307
vt 0.6308 0.4327
vt 0.6323 0.4269
vt 0.6318 0.4288
vt 0.6135 0.4295
vt 0.6132 0.4313
vt 0.6145 0.4243
vt 0.6141 0.4261
vt 0.6151 0.4208
vt 0.6148 0.4226
vt 0.6006 0.4282
vt 0.6003 0.4297
vt 0.6014 0.4237
vt 0.6011 0.4252
vt 0.6019 0.4208
vt 0.6017 0.4223
vt 0.5841 0.4314
vt 0.5838 0.4336
vt 0.5849 0.4250
vt 0.5846 0.4271
vt 0.5854 0.4207
vt 0.5851 0.4228
vt 0.5636 0.4327
vt 0.5632 0.4348
vt 0.5648 0.4266
vt 0.5644 0.4286
vt 0.5656 0.4225
vt 0.5652 0.4245
vt 0.5479 0.4335
vt 0.5476 0.4349
vt 0.5491 0.4294
vt 0.5487 0.4307
vt 0.5498 0.4266
vt 0.5494 0.4280
vt 0.5377 0.4343
vt 0.5377 0.4350
vt 0.5380 0.4322
vt 0.5379 0.4329
vt 0.5382 0.4307
vt 0.5381 0.4315
vt 0.4435 0.4322
vt 0.4433 0.4313
vt 0.4329 0.4305
vt 0.4332 0.4314
vt 0.4235 0.4292
vt 0.4237 0.4299
vt 0.5271 0.4319
vt 0.5272 0.4325
vt 0.5267 0.4300
vt 0.5268 0.4306
vt 0.5265 0.4287
vt 0.5266 0.4294
vt 0.5070 0.4298
vt 0.5071 0.4307
vt 0.5064 0.4270
vt 0.5066 0.4280
vt 0.5061 0.4252
vt 0.5063 0.4261
vt 0.7945 0.4710
vt 0.7948 0.4693
vt 0.7677 0.4654
vt 0.7673 0.4673
vt 0.7953 0.4659
vt 0.7955 0.4642
vt 0.7692 0.4599
vt 0.7687 0.4617
vt 0.7958 0.4625
vt 0.7961 0.4608
vt 0.7702 0.4562
vt 0.7697 0.4580
vt 0.7464 0.4583
vt 0.7457 0.4601
vt 0.7483 0.4531
vt 0.7476 0.4548
vt 0.7495 0.4496
vt 0.7489 0.4514
vt 0.9482 0.4979
vt 0.9486 0.4963
vt 0.9375 0.4901
vt 0.9374 0.4921
vt 0.9379 0.4824
vt 0.9380 0.4804
vt 0.9215 0.4717
vt 0.9213 0.4734
vt 0.9205 0.4815
vt 0.9207 0.4799
vt 0.9009 0.4706
vt 0.9008 0.4715
vt 0.9210 0.4766
vt 0.9212 0.4750
vt 0.9014 0.4677
vt 0.9012 0.4687
vt 0.9016 0.4659
vt 0.9015 0.4668
vt 0.8900 0.4677
vt 0.8899 0.4685
vt 0.8903 0.4651
vt 0.8902 0.4660
vt 0.8904 0.4635
vt 0.8904 0.4643
vt 0.7290 0.4617
vt 0.7285 0.4634
vt 0.7305 0.4568
vt 0.7300 0.4585
vt 0.7316 0.4536
vt 0.7310 0.4552
vt 0.7143 0.4672
vt 0.7141 0.4688
vt 0.7149 0.4627
vt 0.7147 0.4642
vt 0.7152 0.4597
vt 0.7150 0.4612
vt 0.8796 0.4685
vt 0.8793 0.4693
vt 0.8804 0.4663
vt 0.8802 0.4671
vt 0.8810 0.4649
vt 0.8807 0.4656
vt 0.8665 0.4722
vt 0.8660 0.4731
vt 0.8490 0.4746
vt 0.8484 0.4758
vt 0.8675 0.4702
vt 0.8680 0.4693
vt 0.8511 0.4710
vt 0.8504 0.4722
vt 0.8686 0.4683
vt 0.8691 0.4673
vt 0.8524 0.4685
vt 0.8518 0.4698
vt 0.8353 0.4740
vt 0.8348 0.4752
vt 0.8367 0.4704
vt 0.8363 0.4716
vt 0.8377 0.4681
vt 0.8372 0.4693
vt 0.6982 0.4651
vt 0.6983 0.4670
vt 0.6981 0.4593
vt 0.6981 0.4612
vt 0.6980 0.4554
vt 0.6980 0.4573
vt 0.6825 0.4588
vt 0.6826 0.4609
vt 0.6822 0.4526
vt 0.6823 0.4547
vt 0.6821 0.4484
vt 0.6822 0.4505
vt 0.8212 0.4710
vt 0.8210 0.4723
vt 0.8218 0.4672
vt 0.8216 0.4685
vt 0.8222 0.4647
vt 0.8220 0.4660
vt 0.6710 0.4529
vt 0.6713 0.4553
vt 0.6699 0.4458
vt 0.6703 0.4482
vt 0.6693 0.4410
vt 0.6696 0.4434
vt 0.6212 0.5041
vt 0.6212 0.5077
vt 0.6414 0.5114
vt 0.6422 0.5079
vt 0.6212 0.5112
vt 0.6212 0.5148
vt 0.6399 0.5183
vt 0.6407 0.5148
vt 0.6212 0.5219
vt 0.6212 0.5254
vt 0.6377 0.5287
vt 0.6384 0.5253
vt 0.4989 0.4771
vt 0.4984 0.4789
vt 0.5158 0.4796
vt 0.5160 0.4778
vt 0.4980 0.4807
vt 0.4976 0.4825
vt 0.5153 0.4833
vt 0.5155 0.4815
vt 0.4967 0.4862
vt 0.4962 0.4880
vt 0.5146 0.4889
vt 0.5148 0.4870
vt 0.5349 0.4796
vt 0.5349 0.4820
vt 0.5557 0.4866
vt 0.5562 0.4831
vt 0.5349 0.4844
vt 0.5348 0.4868
vt 0.5547 0.4938
vt 0.5552 0.4902
vt 0.5347 0.4916
vt 0.5347 0.4939
vt 0.5532 0.5045
vt 0.5537 0.5009
vt 0.5751 0.4963
vt 0.5751 0.4989
vt 0.5955 0.5085
vt 0.5949 0.5059
vt 0.5752 0.5014
vt 0.5752 0.5040
vt 0.5966 0.5137
vt 0.5960 0.5111
vt 0.5753 0.5092
vt 0.5753 0.5117
vt 0.5982 0.5215
vt 0.5977 0.5189
vt 0.6536 0.5159
vt 0.6529 0.5186
vt 0.6633 0.5195
vt 0.6640 0.5174
vt 0.6523 0.5213
vt 0.6517 0.5240
vt 0.6619 0.5237
vt 0.6626 0.5216
vt 0.6504 0.5294
vt 0.6498 0.5321
vt 0.6598 0.5301
vt 0.6605 0.5280
vt 0.4214 0.4518
vt 0.4207 0.4523
vt 0.4326 0.4566
vt 0.4334 0.4560
vt 0.4840 0.4836
vt 0.4839 0.4850
vt 0.9205 0.5438
vt 0.9201 0.5468
vt 0.9374 0.5474
vt 0.9379 0.5448
vt 0.9198 0.5499
vt 0.9194 0.5529
vt 0.9365 0.5524
vt 0.9370 0.5499
vt 0.9186 0.5589
vt 0.9356 0.5575
vt 0.9352 0.5600
vt 0.9182 0.5619
vt 0.7287 0.5178
vt 0.7287 0.5196
vt 0.7392 0.5221
vt 0.7390 0.5200
vt 0.7286 0.5214
vt 0.7286 0.5232
vt 0.7397 0.5263
vt 0.7395 0.5242
vt 0.7286 0.5268
vt 0.7286 0.5286
vt 0.7404 0.5327
vt 0.7402 0.5306
vt 0.7050 0.5097
vt 0.7044 0.5112
vt 0.7180 0.5158
vt 0.7181 0.5142
vt 0.7038 0.5127
vt 0.7032 0.5142
vt 0.7176 0.5190
vt 0.7178 0.5174
vt 0.7020 0.5172
vt 0.7013 0.5188
vt 0.7171 0.5237
vt 0.7173 0.5221
vt 0.7526 0.5224
vt 0.7529 0.5247
vt 0.7649 0.5322
vt 0.7646 0.5305
vt 0.7532 0.5270
vt 0.7534 0.5293
vt 0.7656 0.5356
vt 0.7653 0.5339
vt 0.7540 0.5339
vt 0.7543 0.5362
vt 0.7667 0.5408
vt 0.7663 0.5391
vt 0.7847 0.5405
vt 0.7848 0.5427
vt 0.8089 0.5422
vt 0.8088 0.5401
vt 0.6757 0.5129
vt 0.6748 0.5150
vt 0.6884 0.5114
vt 0.6893 0.5096
vt 0.6739 0.5171
vt 0.6730 0.5192
vt 0.6866 0.5151
vt 0.6875 0.5132
vt 0.6712 0.5235
vt 0.6704 0.5256
vt 0.6840 0.5206
vt 0.6849 0.5187
vt 0.8323 0.5318
vt 0.8328 0.5341
vt 0.8568 0.5372
vt 0.8572 0.5335
vt 0.8332 0.5364
vt 0.8337 0.5387
vt 0.8562 0.5445
vt 0.8565 0.5408
vt 0.8346 0.5433
vt 0.8351 0.5456
vt 0.8551 0.5556
vt 0.8555 0.5519
vt 0.8807 0.5357
vt 0.8799 0.5393
vt 0.9012 0.5456
vt 0.9017 0.5423
vt 0.8791 0.5429
vt 0.8783 0.5465
vt 0.9002 0.5522
vt 0.9007 0.5489
vt 0.8767 0.5536
vt 0.8759 0.5572
vt 0.8987 0.5622
vt 0.8992 0.5589
vt 0.9501 0.5464
vt 0.9584 0.5475
vt 0.9579 0.5494
vt 0.9497 0.5485
vt 0.9492 0.5506
vt 0.9487 0.5527
vt 0.9567 0.5531
vt 0.9573 0.5512
vt 0.9477 0.5569
vt 0.9556 0.5569
vt 0.9551 0.5588
vt 0.9472 0.5590
vt 0.7845 0.5317
vt 0.7844 0.5295
vt 0.7846 0.5361
vt 0.7845 0.5339
vt 0.8082 0.5298
vt 0.8083 0.5319
vt 0.6341 0.9149
vt 0.6343 0.9169
vt 0.6459 0.9208
vt 0.6458 0.9186
vt 0.6346 0.9211
vt 0.6348 0.9232
vt 0.6460 0.9275
vt 0.6460 0.9253
vt 0.6350 0.9253
vt 0.6351 0.9274
vt 0.6462 0.9320
vt 0.6461 0.9297
vt 0.6552 0.9191
vt 0.6554 0.9222
vt 0.6623 0.9232
vt 0.6620 0.9202
vt 0.6559 0.9284
vt 0.6561 0.9315
vt 0.6632 0.9323
vt 0.6629 0.9293
vt 0.6563 0.9345
vt 0.6565 0.9376
vt 0.6638 0.9384
vt 0.6635 0.9353
vt 0.5749 0.9096
vt 0.5743 0.9125
vt 0.5922 0.9063
vt 0.5929 0.9035
vt 0.5731 0.9183
vt 0.5726 0.9212
vt 0.5900 0.9146
vt 0.5907 0.9118
vt 0.5720 0.9241
vt 0.5714 0.9271
vt 0.5885 0.9201
vt 0.5892 0.9173
vt 0.6055 0.9067
vt 0.6055 0.9082
vt 0.6212 0.9127
vt 0.6212 0.9108
vt 0.6053 0.9111
vt 0.6053 0.9125
vt 0.6213 0.9183
vt 0.6213 0.9164
vt 0.6052 0.9140
vt 0.6051 0.9154
vt 0.6214 0.9221
vt 0.6214 0.9202
vt 0.5553 0.9176
vt 0.5552 0.9200
vt 0.5549 0.9249
vt 0.5548 0.9273
vt 0.5546 0.9297
vt 0.5545 0.9321
vt 0.7377 0.9118
vt 0.7361 0.9137
vt 0.7561 0.9107
vt 0.7562 0.9088
vt 0.7331 0.9177
vt 0.7316 0.9196
vt 0.7558 0.9162
vt 0.7559 0.9144
vt 0.7301 0.9216
vt 0.7285 0.9236
vt 0.7556 0.9199
vt 0.7557 0.9181
vt 0.9336 0.9374
vt 0.9335 0.9391
vt 0.9483 0.9435
vt 0.9483 0.9417
vt 0.9335 0.9425
vt 0.9334 0.9442
vt 0.9483 0.9489
vt 0.9483 0.9471
vt 0.9334 0.9459
vt 0.9334 0.9476
vt 0.9483 0.9524
vt 0.9483 0.9506
vt 0.6931 0.9231
vt 0.6930 0.9254
vt 0.7095 0.9218
vt 0.7101 0.9196
vt 0.6930 0.9299
vt 0.6929 0.9322
vt 0.7079 0.9284
vt 0.7084 0.9262
vt 0.6929 0.9345
vt 0.6929 0.9368
vt 0.7068 0.9329
vt 0.7073 0.9307
vt 0.6701 0.9212
vt 0.6704 0.9241
vt 0.6797 0.9257
vt 0.6795 0.9229
vt 0.6710 0.9300
vt 0.6714 0.9330
vt 0.6805 0.9340
vt 0.6802 0.9312
vt 0.6717 0.9359
vt 0.6720 0.9389
vt 0.6810 0.9395
vt 0.6807 0.9368
vt 0.7815 0.9183
vt 0.7819 0.9210
vt 0.8053 0.9281
vt 0.8053 0.9253
vt 0.7828 0.9262
vt 0.7832 0.9289
vt 0.8053 0.9363
vt 0.8053 0.9336
vt 0.7837 0.9315
vt 0.7841 0.9342
vt 0.8053 0.9418
vt 0.8053 0.9391
vt 0.9588 0.9421
vt 0.9587 0.9440
vt 0.9668 0.9426
vt 0.9669 0.9406
vt 0.9586 0.9478
vt 0.9585 0.9497
vt 0.9662 0.9486
vt 0.9664 0.9466
vt 0.9585 0.9516
vt 0.9584 0.9534
vt 0.9658 0.9527
vt 0.9660 0.9507
vt 0.8274 0.9401
vt 0.8271 0.9425
vt 0.8471 0.9451
vt 0.8476 0.9428
vt 0.8269 0.9449
vt 0.8266 0.9473
vt 0.8461 0.9497
vt 0.8466 0.9474
vt 0.8725 0.9298
vt 0.8715 0.9325
vt 0.8920 0.9313
vt 0.8930 0.9291
vt 0.8693 0.9379
vt 0.8682 0.9406
vt 0.8891 0.9381
vt 0.8901 0.9358
vt 0.8671 0.9433
vt 0.8660 0.9460
vt 0.8872 0.9426
vt 0.8882 0.9403
vt 0.9073 0.9312
vt 0.9199 0.9330
vt 0.9198 0.9345
vt 0.9068 0.9328
vt 0.9057 0.9361
vt 0.9195 0.9376
vt 0.9194 0.9391
vt 0.9052 0.9378
vt 0.9047 0.9394
vt 0.9192 0.9406
vt 0.9191 0.9422
vt 0.9041 0.9411
vt 0.8279 0.9353
vt 0.8282 0.9328
vt 0.8490 0.9359
vt 0.8485 0.9382
vt 0.6479 0.4286
vt 0.6483 0.4265
vt 0.6342 0.4212
vt 0.6332 0.4230
vt 0.6491 0.4223
vt 0.6494 0.4202
vt 0.6371 0.4157
vt 0.6362 0.4175
vt 0.6502 0.4160
vt 0.6506 0.4139
vt 0.6401 0.4103
vt 0.6391 0.4121
vt 0.6157 0.4174
vt 0.6171 0.4161
vt 0.6032 0.4159
vt 0.6025 0.4178
vt 0.6200 0.4134
vt 0.6214 0.4121
vt 0.6052 0.4104
vt 0.6045 0.4122
vt 0.6242 0.4095
vt 0.6257 0.4082
vt 0.6072 0.4049
vt 0.6065 0.4067
vt 0.5859 0.4164
vt 0.5863 0.4147
vt 0.5671 0.4168
vt 0.5665 0.4183
vt 0.5871 0.4113
vt 0.5875 0.4096
vt 0.5690 0.4121
vt 0.5683 0.4137
vt 0.5883 0.4062
vt 0.5886 0.4045
vt 0.5708 0.4074
vt 0.5702 0.4090
vt 0.5506 0.4238
vt 0.5510 0.4223
vt 0.5385 0.4274
vt 0.5383 0.4293
vt 0.5520 0.4194
vt 0.5525 0.4179
vt 0.5390 0.4217
vt 0.5388 0.4236
vt 0.5535 0.4149
vt 0.5539 0.4134
vt 0.5395 0.4160
vt 0.5393 0.4179
vt 0.5262 0.4275
vt 0.5258 0.4251
vt 0.5055 0.4207
vt 0.5057 0.4234
vt 0.6611 0.4326
vt 0.6613 0.4306
vt 0.6617 0.4267
vt 0.6619 0.4247
vt 0.6623 0.4207
vt 0.6625 0.4187
vt 0.7712 0.4525
vt 0.7723 0.4491
vt 0.7520 0.4436
vt 0.7508 0.4461
vt 0.7747 0.4423
vt 0.7759 0.4390
vt 0.7557 0.4360
vt 0.7544 0.4386
vt 0.7783 0.4322
vt 0.7795 0.4288
vt 0.7594 0.4285
vt 0.7581 0.4310
vt 0.9382 0.4765
vt 0.9389 0.4746
vt 0.9231 0.4666
vt 0.9219 0.4685
vt 0.9402 0.4707
vt 0.9409 0.4687
vt 0.9269 0.4611
vt 0.9256 0.4629
vt 0.9423 0.4648
vt 0.9430 0.4629
vt 0.9306 0.4555
vt 0.9294 0.4573
vt 0.9019 0.4640
vt 0.9036 0.4617
vt 0.8914 0.4594
vt 0.8906 0.4618
vt 0.9068 0.4571
vt 0.9085 0.4548
vt 0.8939 0.4522
vt 0.8931 0.4546
vt 0.9117 0.4502
vt 0.9134 0.4480
vt 0.8963 0.4450
vt 0.8955 0.4474
vt 0.7326 0.4503
vt 0.7338 0.4477
vt 0.7164 0.4536
vt 0.7156 0.4566
vt 0.7362 0.4424
vt 0.7374 0.4398
vt 0.7188 0.4445
vt 0.7180 0.4475
vt 0.7398 0.4345
vt 0.7410 0.4319
vt 0.7211 0.4354
vt 0.7204 0.4384
vt 0.8815 0.4634
vt 0.8819 0.4614
vt 0.8706 0.4639
vt 0.8701 0.4654
vt 0.8826 0.4573
vt 0.8829 0.4553
vt 0.8721 0.4593
vt 0.8716 0.4608
vt 0.8836 0.4512
vt 0.8840 0.4492
vt 0.8736 0.4547
vt 0.8731 0.4562
vt 0.8538 0.4661
vt 0.8386 0.4657
vt 0.8392 0.4639
vt 0.8546 0.4646
vt 0.8561 0.4616
vt 0.8568 0.4601
vt 0.8408 0.4586
vt 0.8403 0.4604
vt 0.8584 0.4571
vt 0.8591 0.4556
vt 0.8425 0.4533
vt 0.8420 0.4551
vt 0.6979 0.4515
vt 0.6984 0.4489
vt 0.6822 0.4419
vt 0.6819 0.4442
vt 0.6993 0.4435
vt 0.6998 0.4408
vt 0.6832 0.4350
vt 0.6828 0.4373
vt 0.7007 0.4354
vt 0.7012 0.4327
vt 0.6842 0.4281
vt 0.6838 0.4304
vt 0.8226 0.4622
vt 0.8225 0.4597
vt 0.7970 0.4542
vt 0.7966 0.4574
vt 0.8224 0.4548
vt 0.8223 0.4523
vt 0.7983 0.4446
vt 0.7979 0.4478
vt 0.8221 0.4473
vt 0.8221 0.4448
vt 0.7997 0.4350
vt 0.7992 0.4382
vt 0.6686 0.4363
vt 0.6687 0.4342
vt 0.6689 0.4301
vt 0.6690 0.4280
vt 0.6692 0.4239
vt 0.6693 0.4218
vt 0.9514 0.4851
vt 0.9517 0.4829
vt 0.9523 0.4784
vt 0.9526 0.4761
vt 0.9532 0.4717
vt 0.9535 0.4694
vt 0.6954 0.6783
vt 0.6835 0.6786
vt 0.6618 0.6943
vt 0.6638 0.6771
vt 0.6520 0.6778
vt 0.6368 0.6949
vt 0.6091 0.6916
vt 0.6286 0.6764
vt 0.6013 0.6732
vt 0.5855 0.6892
vt 0.5668 0.6901
vt 0.5778 0.6707
vt 0.5561 0.6739
vt 0.5519 0.6902
vt 0.5414 0.6897
vt 0.5399 0.6736
vt 0.5192 0.6699
vt 0.5259 0.6845
vt 0.6559 0.4780
vt 0.6470 0.4533
vt 0.6283 0.4423
vt 0.6368 0.4719
vt 0.6143 0.4654
vt 0.6126 0.4347
vt 0.5997 0.4327
vt 0.5975 0.4562
vt 0.5796 0.4535
vt 0.5833 0.4379
vt 0.5623 0.4389
vt 0.5590 0.4490
vt 0.5426 0.4458
vt 0.5468 0.4377
vt 0.5375 0.4364
vt 0.5318 0.4439
vt 0.5170 0.4464
vt 0.5274 0.4338
vt 0.5075 0.4325
vt 0.4988 0.4495
vt 0.6488 0.8886
vt 0.6504 0.8681
vt 0.6386 0.8676
vt 0.6398 0.8871
vt 0.6292 0.8843
vt 0.6273 0.8681
vt 0.6151 0.8694
vt 0.6164 0.8844
vt 0.6031 0.8853
vt 0.6003 0.8685
vt 0.5800 0.8574
vt 0.5921 0.8830
vt 0.5709 0.8755
vt 0.5612 0.8472
vt 0.5455 0.8448
vt 0.5535 0.8688
vt 0.6919 0.6337
vt 0.6756 0.6368
vt 0.6833 0.6524
vt 0.6952 0.6509
vt 0.6553 0.6356
vt 0.6324 0.6238
vt 0.6437 0.6456
vt 0.6636 0.6543
vt 0.6159 0.6143
vt 0.6019 0.6090
vt 0.6058 0.6275
vt 0.6216 0.6332
vt 0.5837 0.6108
vt 0.5661 0.6160
vt 0.5702 0.6332
vt 0.5878 0.6296
vt 0.5494 0.6278
vt 0.5293 0.6306
vt 0.5198 0.6461
vt 0.5454 0.6457
vt 0.6642 0.4013
vt 0.6534 0.3979
vt 0.6411 0.4084
vt 0.6510 0.4118
vt 0.6388 0.3933
vt 0.6174 0.3862
vt 0.6078 0.4031
vt 0.6271 0.4069
vt 0.5911 0.3816
vt 0.5707 0.3889
vt 0.5715 0.4058
vt 0.5890 0.4028
vt 0.6621 0.8025
vt 0.6479 0.8027
vt 0.6506 0.8229
vt 0.6623 0.8207
vt 0.6300 0.8072
vt 0.6114 0.8130
vt 0.6114 0.8342
vt 0.6300 0.8308
vt 0.5964 0.8137
vt 0.5798 0.8113
vt 0.5694 0.8243
vt 0.5904 0.8319
vt 0.5628 0.8082
vt 0.5445 0.8046
vt 0.5399 0.8220
vt 0.5533 0.8211
vt 0.6364 0.7264
vt 0.6334 0.7368
vt 0.6637 0.7443
vt 0.6720 0.7292
vt 0.6212 0.5325
vt 0.6362 0.5357
vt 0.6339 0.9128
vt 0.6353 0.9295
vt 0.6462 0.9342
vt 0.6457 0.9163
vt 0.6947 0.6646
vt 0.6842 0.6651
vt 0.6479 0.4286
vt 0.6332 0.4230
vt 0.6880 0.7309
vt 0.6762 0.7519
vt 0.6849 0.7565
vt 0.6948 0.7324
vt 0.6589 0.8476
vt 0.6450 0.8457
vt 0.6659 0.6656
vt 0.6514 0.6663
vt 0.6157 0.4174
vt 0.6025 0.4178
vt 0.6311 0.8516
vt 0.6146 0.8538
vt 0.6259 0.6549
vt 0.6050 0.6502
vt 0.5859 0.4164
vt 0.5665 0.4183
vt 0.5953 0.8480
vt 0.5721 0.8367
vt 0.5855 0.6502
vt 0.5647 0.6539
vt 0.5506 0.4238
vt 0.5544 0.4120
vt 0.5396 0.4141
vt 0.5383 0.4293
vt 0.5418 0.7100
vt 0.5391 0.7237
vt 0.5543 0.7298
vt 0.5563 0.7129
vt 0.5550 0.8320
vt 0.5421 0.8307
vt 0.6550 0.9160
vt 0.6568 0.9407
vt 0.6641 0.9414
vt 0.6617 0.9171
vt 0.5427 0.6531
vt 0.5171 0.6535
vt 0.5688 0.7162
vt 0.5679 0.7329
vt 0.5808 0.7352
vt 0.5809 0.7191
vt 0.5349 0.4796
vt 0.5346 0.4987
vt 0.5523 0.5116
vt 0.5562 0.4831
vt 0.5754 0.9067
vt 0.5708 0.9300
vt 0.5878 0.9229
vt 0.5936 0.9007
vt 0.5917 0.7241
vt 0.5909 0.7373
vt 0.6045 0.7375
vt 0.6063 0.7256
vt 0.5751 0.4963
vt 0.5754 0.5169
vt 0.5994 0.5268
vt 0.5949 0.5059
vt 0.6485 0.5375
vt 0.6584 0.5343
vt 0.6056 0.9053
vt 0.6050 0.9169
vt 0.6215 0.9240
vt 0.6211 0.9089
vt 0.4976 0.6626
vt 0.5068 0.6790
vt 0.5283 0.6939
vt 0.5011 0.6866
vt 0.4827 0.6715
vt 0.4835 0.6875
vt 0.7029 0.6780
vt 0.7017 0.7158
vt 0.6936 0.7097
vt 0.6775 0.7092
vt 0.6481 0.7129
vt 0.6132 0.7124
vt 0.5945 0.7126
vt 0.5799 0.7102
vt 0.5647 0.7064
vt 0.5519 0.7030
vt 0.5414 0.6990
vt 0.6669 0.4797
vt 0.6601 0.4577
vt 0.6674 0.4956
vt 0.6596 0.4943
vt 0.6481 0.4914
vt 0.6184 0.4908
vt 0.5748 0.4744
vt 0.5558 0.4626
vt 0.5364 0.4605
vt 0.5217 0.4620
vt 0.5043 0.4636
vt 0.6590 0.8896
vt 0.6614 0.8705
vt 0.6587 0.9040
vt 0.6510 0.9026
vt 0.6426 0.9026
vt 0.6318 0.9007
vt 0.6204 0.8984
vt 0.6057 0.8954
vt 0.5950 0.8941
vt 0.5782 0.8972
vt 0.5561 0.8974
vt 0.5268 0.8524
vt 0.5343 0.8725
vt 0.4161 0.8784
vt 0.4120 0.8766
vt 0.6762 0.7519
vt 0.6637 0.7443
vt 0.6624 0.7607
vt 0.6744 0.7699
vt 0.6807 0.7761
vt 0.7008 0.6344
vt 0.7020 0.6493
vt 0.6334 0.7368
vt 0.6045 0.7375
vt 0.6177 0.7483
vt 0.6452 0.7504
vt 0.5909 0.7373
vt 0.5808 0.7352
vt 0.5827 0.7509
vt 0.5983 0.7520
vt 0.5679 0.7329
vt 0.5543 0.7298
vt 0.5462 0.7431
vt 0.5640 0.7494
vt 0.5391 0.7237
vt 0.5213 0.7172
vt 0.5091 0.7279
vt 0.5279 0.7337
vt 0.6485 0.5375
vt 0.6362 0.5357
vt 0.6301 0.5584
vt 0.6415 0.5570
vt 0.6512 0.5551
vt 0.6714 0.4077
vt 0.6627 0.4168
vt 0.6212 0.5325
vt 0.5994 0.5268
vt 0.5941 0.5464
vt 0.6148 0.5559
vt 0.5754 0.5169
vt 0.5523 0.5116
vt 0.5479 0.5317
vt 0.5685 0.5373
vt 0.5323 0.5185
vt 0.5507 0.3936
vt 0.5544 0.4120
vt 0.6568 0.9407
vt 0.6462 0.9342
vt 0.6455 0.9551
vt 0.6587 0.9594
vt 0.6682 0.9594
vt 0.6727 0.8049
vt 0.6712 0.8212
vt 0.6353 0.9295
vt 0.6215 0.9240
vt 0.6121 0.9396
vt 0.6289 0.9480
vt 0.6050 0.9169
vt 0.5878 0.9229
vt 0.5815 0.9436
vt 0.5976 0.9385
vt 0.5708 0.9300
vt 0.5543 0.9346
vt 0.5480 0.9545
vt 0.5658 0.9501
vt 0.7013 0.6653
vt 0.4876 0.6992
vt 0.5241 0.7092
vt 0.5241 0.7092
vt 0.4989 0.4771
vt 0.5160 0.4778
vt 0.5262 0.4275
vt 0.5057 0.4234
vt 0.5237 0.8214
vt 0.5281 0.8346
vt 0.5160 0.4778
vt 0.5141 0.4926
vt 0.5555 0.9152
vt 0.7900 0.8816
vt 0.7920 0.8638
vt 0.7797 0.8624
vt 0.7726 0.8811
vt 0.7587 0.4949
vt 0.7663 0.4710
vt 0.7445 0.4635
vt 0.7408 0.4919
vt 0.7839 0.6915
vt 0.7604 0.6805
vt 0.9684 0.7128
vt 0.9739 0.7008
vt 0.9593 0.6993
vt 0.9554 0.7116
vt 0.9429 0.7111
vt 0.9472 0.6989
vt 0.9390 0.6992
vt 0.9207 0.7181
vt 0.8970 0.7192
vt 0.9179 0.6998
vt 0.8913 0.6987
vt 0.8747 0.7187
vt 0.8563 0.7207
vt 0.8668 0.6986
vt 0.8450 0.7003
vt 0.8419 0.7204
vt 0.8301 0.7209
vt 0.8285 0.7005
vt 0.8070 0.6993
vt 0.8134 0.7171
vt 0.9456 0.5156
vt 0.9373 0.4960
vt 0.9201 0.4847
vt 0.9322 0.5114
vt 0.9107 0.4992
vt 0.9005 0.4734
vt 0.8897 0.4702
vt 0.8939 0.4873
vt 0.8791 0.4887
vt 0.8788 0.4708
vt 0.8649 0.4751
vt 0.8592 0.4919
vt 0.8399 0.4914
vt 0.8470 0.4782
vt 0.8339 0.4776
vt 0.8262 0.4888
vt 0.8069 0.4897
vt 0.8206 0.4748
vt 0.7940 0.4743
vt 0.7816 0.4949
vt 0.9525 0.9077
vt 0.9477 0.8898
vt 0.9384 0.8894
vt 0.9427 0.9078
vt 0.9292 0.9092
vt 0.9241 0.8887
vt 0.9094 0.8886
vt 0.9142 0.9084
vt 0.8995 0.9050
vt 0.8940 0.8863
vt 0.8745 0.8765
vt 0.8874 0.9025
vt 0.8662 0.8917
vt 0.8549 0.8647
vt 0.8392 0.8596
vt 0.8462 0.8834
vt 0.8262 0.8845
vt 0.8213 0.8630
vt 0.8054 0.8636
vt 0.8059 0.8838
vt 0.7584 0.8813
vt 0.7681 0.8643
vt 0.7558 0.8648
vt 0.7422 0.8808
vt 0.7287 0.4896
vt 0.7274 0.4667
vt 0.7138 0.4718
vt 0.7169 0.4874
vt 0.7439 0.6785
vt 0.7333 0.6764
vt 0.7129 0.8854
vt 0.7338 0.8640
vt 0.7078 0.8703
vt 0.6838 0.8926
vt 0.7028 0.4860
vt 0.6984 0.4709
vt 0.6828 0.4651
vt 0.6877 0.4841
vt 0.7249 0.6751
vt 0.7165 0.6774
vt 0.6708 0.8931
vt 0.6842 0.8711
vt 0.6815 0.4105
vt 0.6694 0.4197
vt 0.7088 0.6782
vt 0.7894 0.8163
vt 0.7675 0.8199
vt 0.7812 0.8428
vt 0.7969 0.8373
vt 0.7816 0.4026
vt 0.7612 0.4017
vt 0.7606 0.4259
vt 0.7807 0.4255
vt 0.7931 0.6513
vt 0.7737 0.6403
vt 0.7614 0.6529
vt 0.7797 0.6603
vt 0.9737 0.6569
vt 0.9780 0.6731
vt 0.9657 0.6769
vt 0.9593 0.6595
vt 0.9405 0.6568
vt 0.9503 0.6793
vt 0.9314 0.6687
vt 0.9188 0.6460
vt 0.9032 0.6377
vt 0.8898 0.6326
vt 0.8940 0.6525
vt 0.9096 0.6578
vt 0.8693 0.6322
vt 0.8498 0.6320
vt 0.8552 0.6540
vt 0.8738 0.6533
vt 0.8350 0.6427
vt 0.8175 0.6477
vt 0.8081 0.6699
vt 0.8331 0.6702
vt 0.9615 0.4519
vt 0.9489 0.4431
vt 0.9319 0.4536
vt 0.9437 0.4610
vt 0.9315 0.4348
vt 0.9081 0.4255
vt 0.8971 0.4427
vt 0.9150 0.4457
vt 0.8866 0.4247
vt 0.8722 0.4324
vt 0.8741 0.4532
vt 0.8844 0.4472
vt 0.8553 0.4328
vt 0.8355 0.4281
vt 0.8431 0.4515
vt 0.8599 0.4541
vt 0.8146 0.4185
vt 0.7959 0.4086
vt 0.8001 0.4318
vt 0.8220 0.4423
vt 0.9675 0.8429
vt 0.9552 0.8594
vt 0.9446 0.8590
vt 0.9554 0.8401
vt 0.9361 0.8408
vt 0.9191 0.8416
vt 0.9078 0.8610
vt 0.9265 0.8609
vt 0.9029 0.8401
vt 0.8847 0.8344
vt 0.8686 0.8448
vt 0.8882 0.8554
vt 0.8664 0.8276
vt 0.8493 0.8213
vt 0.8389 0.8372
vt 0.8525 0.8391
vt 0.8283 0.8149
vt 0.8072 0.8146
vt 0.8084 0.8323
vt 0.8238 0.8327
vt 0.7441 0.8167
vt 0.7201 0.8180
vt 0.7433 0.8380
vt 0.7635 0.8411
vt 0.7434 0.4017
vt 0.7264 0.4068
vt 0.7219 0.4324
vt 0.7422 0.4293
vt 0.7591 0.6341
vt 0.7455 0.6290
vt 0.7367 0.6450
vt 0.7479 0.6472
vt 0.7050 0.8124
vt 0.6938 0.8086
vt 0.7008 0.8200
vt 0.7182 0.8300
vt 0.7116 0.4135
vt 0.6955 0.4130
vt 0.6845 0.4258
vt 0.7016 0.4301
vt 0.7332 0.6277
vt 0.7209 0.6316
vt 0.7179 0.6485
vt 0.7270 0.6466
vt 0.6839 0.8077
vt 0.6864 0.8175
vt 0.6762 0.4812
vt 0.6720 0.4601
vt 0.7109 0.6342
vt 0.7102 0.6487
vt 0.7392 0.9098
vt 0.7270 0.9255
vt 0.7555 0.9218
vt 0.7563 0.9070
vt 0.9212 0.7481
vt 0.9502 0.7447
vt 0.9508 0.7574
vt 0.9219 0.7575
vt 0.9175 0.5679
vt 0.9342 0.5651
vt 0.7068 0.6655
vt 0.9336 0.9357
vt 0.9333 0.9494
vt 0.9484 0.9542
vt 0.9483 0.9399
vt 0.9773 0.6854
vt 0.9671 0.6873
vt 0.6931 0.9208
vt 0.6928 0.9391
vt 0.7062 0.9351
vt 0.7106 0.9173
vt 0.9641 0.7437
vt 0.9658 0.7595
vt 0.9748 0.7608
vt 0.9753 0.7434
vt 0.7286 0.5322
vt 0.7408 0.5370
vt 0.9536 0.6886
vt 0.9394 0.6893
vt 0.7792 0.6754
vt 0.7586 0.6692
vt 0.6697 0.9182
vt 0.6723 0.9419
vt 0.6812 0.9423
vt 0.6792 0.9202
vt 0.9161 0.6787
vt 0.8945 0.6755
vt 0.7001 0.5218
vt 0.7168 0.5269
vt 0.7823 0.7418
vt 0.7799 0.7580
vt 0.8140 0.7557
vt 0.8167 0.7472
vt 0.7548 0.5408
vt 0.7674 0.5442
vt 0.7564 0.7393
vt 0.7492 0.7565
vt 0.7648 0.7581
vt 0.7727 0.7422
vt 0.7810 0.9157
vt 0.7845 0.9368
vt 0.8053 0.9446
vt 0.8053 0.9226
vt 0.8738 0.6754
vt 0.8526 0.6792
vt 0.8538 0.4661
vt 0.8386 0.4657
vt 0.8306 0.7496
vt 0.8324 0.7608
vt 0.8437 0.7638
vt 0.8428 0.7506
vt 0.7844 0.5295
vt 0.7849 0.5472
vt 0.8091 0.5463
vt 0.8082 0.5298
vt 0.7464 0.6636
vt 0.7349 0.6610
vt 0.6686 0.5298
vt 0.6823 0.5242
vt 0.9588 0.9402
vt 0.9584 0.9553
vt 0.9656 0.9547
vt 0.9671 0.9386
vt 0.8285 0.9304
vt 0.8263 0.9497
vt 0.8456 0.9520
vt 0.8495 0.9335
vt 0.8305 0.6792
vt 0.8050 0.6797
vt 0.7258 0.7343
vt 0.7231 0.7552
vt 0.7356 0.7560
vt 0.7417 0.7377
vt 0.8587 0.7508
vt 0.8587 0.7656
vt 0.8738 0.7640
vt 0.8717 0.7529
vt 0.8239 0.8456
vt 0.8067 0.8484
vt 0.8360 0.5502
vt 0.8545 0.5629
vt 0.7954 0.8498
vt 0.7818 0.8538
vt 0.8736 0.9271
vt 0.8650 0.9487
vt 0.8862 0.9448
vt 0.8940 0.9268
vt 0.7250 0.6613
vt 0.7151 0.6649
vt 0.8822 0.7532
vt 0.8837 0.7641
vt 0.8958 0.7627
vt 0.8954 0.7517
vt 0.8743 0.5644
vt 0.8977 0.5688
vt 0.7048 0.7320
vt 0.6972 0.7563
vt 0.7097 0.7555
vt 0.7154 0.7341
vt 0.9463 0.5632
vt 0.9540 0.5626
vt 0.9079 0.9295
vt 0.9036 0.9427
vt 0.9190 0.9437
vt 0.9201 0.9315
vt 0.7665 0.5159
vt 0.7509 0.5122
vt 0.7380 0.5086
vt 0.8165 0.7314
vt 0.7931 0.7243
vt 0.7779 0.7273
vt 0.9810 0.7144
vt 0.9833 0.7016
vt 0.9735 0.7273
vt 0.9634 0.7256
vt 0.9511 0.7249
vt 0.9293 0.7339
vt 0.9007 0.7389
vt 0.8836 0.7420
vt 0.8702 0.7416
vt 0.8548 0.7385
vt 0.8395 0.7393
vt 0.8293 0.7371
vt 0.9552 0.5173
vt 0.9475 0.5011
vt 0.8126 0.5075
vt 0.7895 0.5112
vt 0.9612 0.9076
vt 0.9548 0.8909
vt 0.9063 0.9208
vt 0.8915 0.9173
vt 0.8759 0.9168
vt 0.7288 0.5060
vt 0.7189 0.5035
vt 0.7590 0.7249
vt 0.7406 0.7227
vt 0.7066 0.4991
vt 0.7260 0.7218
vt 0.7154 0.7193
vt 0.6814 0.4955
vt 0.7089 0.7184
vt 0.7845 0.9368
vt 0.7555 0.9218
vt 0.7634 0.9446
vt 0.7807 0.9572
vt 0.7945 0.9678
vt 0.7548 0.5408
vt 0.7408 0.5370
vt 0.7409 0.5556
vt 0.7611 0.5586
vt 0.7768 0.5616
vt 0.7799 0.7580
vt 0.7648 0.7581
vt 0.7542 0.7793
vt 0.7777 0.7767
vt 0.8004 0.7753
vt 0.9658 0.7595
vt 0.9754 0.7739
vt 0.9593 0.7732
vt 0.9508 0.7574
vt 0.9854 0.7727
vt 0.9827 0.6586
vt 0.9856 0.6729
vt 0.9219 0.7575
vt 0.9386 0.7680
vt 0.9119 0.7720
vt 0.8958 0.7627
vt 0.8837 0.7641
vt 0.8738 0.7640
vt 0.8780 0.7804
vt 0.8936 0.7786
vt 0.8587 0.7656
vt 0.8437 0.7638
vt 0.8371 0.7812
vt 0.8570 0.7830
vt 0.8324 0.7608
vt 0.8188 0.7774
vt 0.9463 0.5632
vt 0.9342 0.5651
vt 0.9257 0.5867
vt 0.9393 0.5825
vt 0.9514 0.5774
vt 0.9714 0.4619
vt 0.9539 0.4672
vt 0.9175 0.5679
vt 0.8977 0.5688
vt 0.8851 0.5873
vt 0.9083 0.5895
vt 0.8743 0.5644
vt 0.8545 0.5629
vt 0.8518 0.5845
vt 0.8659 0.5856
vt 0.8360 0.5502
vt 0.8091 0.5463
vt 0.8219 0.5637
vt 0.8402 0.5731
vt 0.7849 0.5472
vt 0.7983 0.5612
vt 0.9584 0.9553
vt 0.9540 0.9739
vt 0.9416 0.9724
vt 0.9484 0.9542
vt 0.9649 0.9721
vt 0.9761 0.8487
vt 0.9625 0.8611
vt 0.9333 0.9494
vt 0.9190 0.9437
vt 0.9062 0.9632
vt 0.9227 0.9674
vt 0.9036 0.9427
vt 0.8862 0.9448
vt 0.8716 0.9637
vt 0.8900 0.9616
vt 0.8650 0.9487
vt 0.8456 0.9520
vt 0.8365 0.9729
vt 0.8537 0.9691
vt 0.8263 0.9497
vt 0.8147 0.9739
vt 0.7270 0.9255
vt 0.7062 0.9351
vt 0.7193 0.9511
vt 0.7406 0.9415
vt 0.7286 0.5322
vt 0.7168 0.5269
vt 0.7067 0.5413
vt 0.7226 0.5501
vt 0.7492 0.7565
vt 0.7356 0.7560
vt 0.7245 0.7830
vt 0.7385 0.7816
vt 0.6928 0.9391
vt 0.6812 0.9423
vt 0.6906 0.9607
vt 0.7030 0.9567
vt 0.7001 0.5218
vt 0.6823 0.5242
vt 0.6739 0.5439
vt 0.6894 0.5395
vt 0.7231 0.7552
vt 0.7097 0.7555
vt 0.6988 0.7825
vt 0.7122 0.7816
vt 0.6723 0.9419
vt 0.6802 0.9607
vt 0.6686 0.5298
vt 0.6614 0.5509
vt 0.6972 0.7563
vt 0.6883 0.7825
vt 0.9875 0.6858
vt 0.4176 0.8651
vt 0.4173 0.8642
vt 0.4121 0.8682
vt 0.4123 0.8688
vt 0.4227 0.4266
vt 0.4225 0.4260
vt 0.4154 0.4290
vt 0.4156 0.4295
vt 0.4191 0.8693
vt 0.4130 0.8718
vt 0.3203 0.2706
vt 0.3197 0.2625
vt 0.3285 0.2589
vt 0.3300 0.2665
vt 0.3423 0.2543
vt 0.3452 0.2637
vt 0.3591 0.2463
vt 0.3616 0.2590
vt 0.3932 0.2457
vt 0.3977 0.2622
vt 0.4285 0.2575
vt 0.4319 0.2735
vt 0.4577 0.2651
vt 0.4584 0.2726
vt 0.4853 0.2656
vt 0.4856 0.2695
vt 0.5178 0.2537
vt 0.5181 0.2549
vt 0.3193 0.2598
vt 0.3189 0.2512
vt 0.3275 0.2477
vt 0.3288 0.2552
vt 0.3420 0.2437
vt 0.3438 0.2518
vt 0.3620 0.2441
vt 0.3626 0.2519
vt 0.4019 0.2552
vt 0.4040 0.2628
vt 0.4341 0.2694
vt 0.4359 0.2784
vt 0.4585 0.2828
vt 0.4585 0.2887
vt 0.4803 0.2870
vt 0.4804 0.2893
vt 0.5039 0.2855
vt 0.5034 0.2870
vt 0.3203 0.2729
vt 0.3199 0.2645
vt 0.3291 0.2603
vt 0.3307 0.2686
vt 0.3443 0.2524
vt 0.3476 0.2640
vt 0.3641 0.2409
vt 0.3671 0.2570
vt 0.4001 0.2444
vt 0.4046 0.2636
vt 0.4303 0.2543
vt 0.4345 0.2732
vt 0.4532 0.2577
vt 0.4538 0.2667
vt 0.4757 0.2624
vt 0.4760 0.2666
vt 0.5012 0.2538
vt 0.5015 0.2551
vt 0.3183 0.2650
vt 0.3170 0.2552
vt 0.3267 0.2487
vt 0.3289 0.2572
vt 0.3425 0.2347
vt 0.3447 0.2442
vt 0.3694 0.2192
vt 0.3680 0.2284
vt 0.4014 0.2155
vt 0.4009 0.2258
vt 0.4342 0.2307
vt 0.4350 0.2416
vt 0.4783 0.2547
vt 0.4781 0.2608
vt 0.5251 0.2562
vt 0.5257 0.2602
vt 0.5671 0.2598
vt 0.5675 0.2612
vt 0.3170 0.2614
vt 0.3157 0.2521
vt 0.3258 0.2462
vt 0.3279 0.2544
vt 0.3429 0.2341
vt 0.3440 0.2407
vt 0.3688 0.2256
vt 0.3675 0.2301
vt 0.4041 0.2259
vt 0.4032 0.2304
vt 0.4350 0.2403
vt 0.4369 0.2467
vt 0.4697 0.2617
vt 0.4707 0.2674
vt 0.5017 0.2652
vt 0.5024 0.2681
vt 0.5344 0.2651
vt 0.5340 0.2669
vt 0.3217 0.2654
vt 0.3202 0.2554
vt 0.3295 0.2476
vt 0.3323 0.2574
vt 0.3466 0.2316
vt 0.3500 0.2433
vt 0.3752 0.2179
vt 0.3752 0.2294
vt 0.4063 0.2125
vt 0.4063 0.2224
vt 0.4351 0.2174
vt 0.4347 0.2257
vt 0.4658 0.2343
vt 0.4662 0.2405
vt 0.4986 0.2477
vt 0.4990 0.2515
vt 0.5414 0.2574
vt 0.5418 0.2587
vt 0.3181 0.2751
vt 0.3175 0.2712
vt 0.3256 0.2697
vt 0.3261 0.2744
vt 0.3392 0.2793
vt 0.3387 0.2869
vt 0.3540 0.2972
vt 0.3542 0.3024
vt 0.3948 0.2995
vt 0.3888 0.3049
vt 0.4239 0.2996
vt 0.4160 0.3043
vt 0.4511 0.2906
vt 0.4485 0.2928
vt 0.4801 0.2810
vt 0.4792 0.2820
vt 0.5130 0.2733
vt 0.5129 0.2733
vt 0.3185 0.2788
vt 0.3185 0.2742
vt 0.3283 0.2741
vt 0.3291 0.2775
vt 0.3422 0.2893
vt 0.3417 0.2939
vt 0.3600 0.3090
vt 0.3589 0.3106
vt 0.4007 0.3143
vt 0.3970 0.3131
vt 0.4320 0.3086
vt 0.4265 0.3084
vt 0.4578 0.2952
vt 0.4566 0.2959
vt 0.4836 0.2878
vt 0.4835 0.2879
vt 0.5088 0.2814
vt 0.5082 0.2815
vt 0.3204 0.2701
vt 0.3203 0.2644
vt 0.3296 0.2594
vt 0.3309 0.2636
vt 0.3470 0.2585
vt 0.3486 0.2654
vt 0.3683 0.2626
vt 0.3671 0.2695
vt 0.3940 0.2739
vt 0.3901 0.2785
vt 0.4176 0.2786
vt 0.4116 0.2828
vt 0.4451 0.2742
vt 0.4423 0.2776
vt 0.4707 0.2701
vt 0.4698 0.2714
vt 0.4986 0.2650
vt 0.4985 0.2649
vt 0.3189 0.2680
vt 0.3182 0.2616
vt 0.3281 0.2560
vt 0.3299 0.2608
vt 0.3450 0.2521
vt 0.3487 0.2597
vt 0.3690 0.2500
vt 0.3720 0.2617
vt 0.4126 0.2610
vt 0.4094 0.2733
vt 0.4413 0.2648
vt 0.4362 0.2755
vt 0.4769 0.2700
vt 0.4748 0.2720
vt 0.5303 0.2682
vt 0.5302 0.2696
vt 0.5777 0.2625
vt 0.5780 0.2624
vt 0.3170 0.2787
vt 0.3163 0.2725
vt 0.3277 0.2701
vt 0.3293 0.2749
vt 0.3471 0.2767
vt 0.3466 0.2836
vt 0.3738 0.2884
vt 0.3709 0.2922
vt 0.4261 0.2961
vt 0.4208 0.2946
vt 0.4484 0.2904
vt 0.4429 0.2898
vt 0.4698 0.2854
vt 0.4691 0.2855
vt 0.5016 0.2844
vt 0.5018 0.2848
vt 0.5357 0.2799
vt 0.5351 0.2800
vt 0.3196 0.2644
vt 0.3188 0.2580
vt 0.3283 0.2502
vt 0.3306 0.2550
vt 0.3461 0.2411
vt 0.3501 0.2498
vt 0.3720 0.2367
vt 0.3733 0.2475
vt 0.4052 0.2336
vt 0.4024 0.2459
vt 0.4366 0.2308
vt 0.4321 0.2420
vt 0.4670 0.2472
vt 0.4656 0.2502
vt 0.5002 0.2543
vt 0.5000 0.2555
vt 0.5422 0.2553
vt 0.5425 0.2552
vt 0.3193 0.2668
vt 0.3188 0.2600
vt 0.3257 0.2571
vt 0.3270 0.2638
vt 0.3373 0.2510
vt 0.3396 0.2593
vt 0.3504 0.2423
vt 0.3519 0.2532
vt 0.3729 0.2404
vt 0.3741 0.2547
vt 0.4021 0.2467
vt 0.4058 0.2623
vt 0.4355 0.2533
vt 0.4393 0.2634
vt 0.4587 0.2584
vt 0.4596 0.2636
vt 0.4806 0.2606
vt 0.4809 0.2620
vt 0.3180 0.2594
vt 0.3176 0.2524
vt 0.3247 0.2500
vt 0.3259 0.2566
vt 0.3364 0.2454
vt 0.3380 0.2527
vt 0.3502 0.2427
vt 0.3506 0.2506
vt 0.3746 0.2459
vt 0.3752 0.2553
vt 0.4065 0.2536
vt 0.4095 0.2654
vt 0.4423 0.2704
vt 0.4445 0.2787
vt 0.4600 0.2783
vt 0.4603 0.2820
vt 0.4764 0.2826
vt 0.4761 0.2841
vt 0.3218 0.2704
vt 0.3213 0.2635
vt 0.3285 0.2611
vt 0.3300 0.2683
vt 0.3412 0.2560
vt 0.3436 0.2654
vt 0.3559 0.2488
vt 0.3580 0.2613
vt 0.3812 0.2507
vt 0.3823 0.2655
vt 0.4073 0.2561
vt 0.4103 0.2724
vt 0.4320 0.2554
vt 0.4355 0.2665
vt 0.4511 0.2541
vt 0.4520 0.2602
vt 0.4704 0.2553
vt 0.4706 0.2570
vt 0.3199 0.2633
vt 0.3186 0.2553
vt 0.3260 0.2506
vt 0.3282 0.2585
vt 0.3385 0.2398
vt 0.3413 0.2490
vt 0.3567 0.2265
vt 0.3569 0.2364
vt 0.3843 0.2212
vt 0.3831 0.2323
vt 0.4110 0.2247
vt 0.4116 0.2376
vt 0.4523 0.2432
vt 0.4528 0.2508
vt 0.4871 0.2585
vt 0.4877 0.2624
vt 0.5212 0.2505
vt 0.5216 0.2520
vt 0.3210 0.2609
vt 0.3197 0.2534
vt 0.3273 0.2483
vt 0.3293 0.2556
vt 0.3397 0.2349
vt 0.3412 0.2421
vt 0.3588 0.2246
vt 0.3577 0.2314
vt 0.3874 0.2219
vt 0.3857 0.2302
vt 0.4113 0.2287
vt 0.4137 0.2401
vt 0.4457 0.2494
vt 0.4488 0.2582
vt 0.4710 0.2668
vt 0.4718 0.2705
vt 0.4933 0.2692
vt 0.4932 0.2711
vt 0.3221 0.2651
vt 0.3207 0.2569
vt 0.3285 0.2528
vt 0.3310 0.2614
vt 0.3426 0.2438
vt 0.3462 0.2543
vt 0.3621 0.2340
vt 0.3639 0.2459
vt 0.3885 0.2270
vt 0.3888 0.2398
vt 0.4118 0.2232
vt 0.4119 0.2353
vt 0.4409 0.2297
vt 0.4417 0.2373
vt 0.4673 0.2491
vt 0.4678 0.2532
vt 0.4945 0.2542
vt 0.4949 0.2557
vt 0.3195 0.2764
vt 0.3189 0.2720
vt 0.3254 0.2713
vt 0.3259 0.2769
vt 0.3366 0.2790
vt 0.3361 0.2870
vt 0.3476 0.2938
vt 0.3470 0.3005
vt 0.3726 0.2987
vt 0.3695 0.3053
vt 0.4043 0.2994
vt 0.3981 0.3058
vt 0.4344 0.2976
vt 0.4313 0.3018
vt 0.4561 0.2879
vt 0.4554 0.2903
vt 0.4789 0.2794
vt 0.4788 0.2797
vt 0.3198 0.2777
vt 0.3197 0.2724
vt 0.3275 0.2722
vt 0.3283 0.2766
vt 0.3396 0.2823
vt 0.3392 0.2879
vt 0.3509 0.2984
vt 0.3495 0.3022
vt 0.3767 0.3079
vt 0.3733 0.3094
vt 0.4033 0.3101
vt 0.3991 0.3116
vt 0.4303 0.3107
vt 0.4286 0.3121
vt 0.4567 0.3003
vt 0.4564 0.3008
vt 0.4763 0.2927
vt 0.4757 0.2932
vt 0.3224 0.2750
vt 0.3221 0.2687
vt 0.3300 0.2665
vt 0.3308 0.2717
vt 0.3437 0.2700
vt 0.3436 0.2769
vt 0.3580 0.2773
vt 0.3570 0.2841
vt 0.3794 0.2879
vt 0.3763 0.2932
vt 0.4015 0.2913
vt 0.3965 0.2970
vt 0.4269 0.2882
vt 0.4247 0.2925
vt 0.4476 0.2794
vt 0.4468 0.2828
vt 0.4683 0.2722
vt 0.4681 0.2727
vt 0.3200 0.2698
vt 0.3192 0.2627
vt 0.3272 0.2585
vt 0.3290 0.2646
vt 0.3416 0.2565
vt 0.3443 0.2653
vt 0.3596 0.2566
vt 0.3606 0.2688
vt 0.3905 0.2662
vt 0.3875 0.2780
vt 0.4229 0.2722
vt 0.4180 0.2845
vt 0.4519 0.2725
vt 0.4505 0.2784
vt 0.4851 0.2723
vt 0.4848 0.2744
vt 0.5198 0.2644
vt 0.5200 0.2649
vt 0.3186 0.2776
vt 0.3179 0.2707
vt 0.3270 0.2684
vt 0.3284 0.2742
vt 0.3429 0.2714
vt 0.3430 0.2793
vt 0.3610 0.2794
vt 0.3583 0.2862
vt 0.4007 0.2872
vt 0.3943 0.2898
vt 0.4279 0.2893
vt 0.4208 0.2923
vt 0.4464 0.2887
vt 0.4448 0.2920
vt 0.4672 0.2860
vt 0.4671 0.2871
vt 0.4891 0.2828
vt 0.4885 0.2834
vt 0.3229 0.2702
vt 0.3221 0.2630
vt 0.3304 0.2586
vt 0.3324 0.2650
vt 0.3459 0.2562
vt 0.3485 0.2656
vt 0.3661 0.2567
vt 0.3664 0.2675
vt 0.3922 0.2569
vt 0.3907 0.2688
vt 0.4179 0.2493
vt 0.4147 0.2651
vt 0.4469 0.2521
vt 0.4457 0.2595
vt 0.4731 0.2640
vt 0.4728 0.2661
vt 0.5013 0.2650
vt 0.5014 0.2654
vt 0.3203 0.2711
vt 0.3197 0.2630
vt 0.3285 0.2595
vt 0.3299 0.2665
vt 0.3425 0.2578
vt 0.3447 0.2651
vt 0.3597 0.2572
vt 0.3610 0.2658
vt 0.3982 0.2649
vt 0.3963 0.2726
vt 0.4331 0.2736
vt 0.4307 0.2814
vt 0.4584 0.2718
vt 0.4584 0.2774
vt 0.4853 0.2661
vt 0.4856 0.2700
vt 0.5178 0.2542
vt 0.5182 0.2555
vt 0.3193 0.2603
vt 0.3189 0.2517
vt 0.3276 0.2486
vt 0.3288 0.2560
vt 0.3421 0.2491
vt 0.3441 0.2561
vt 0.3623 0.2564
vt 0.3632 0.2619
vt 0.4057 0.2708
vt 0.4030 0.2739
vt 0.4359 0.2801
vt 0.4340 0.2840
vt 0.4580 0.2852
vt 0.4578 0.2892
vt 0.4802 0.2875
vt 0.4804 0.2898
vt 0.5039 0.2861
vt 0.5033 0.2875
vt 0.3203 0.2734
vt 0.3199 0.2650
vt 0.3291 0.2607
vt 0.3306 0.2681
vt 0.3444 0.2557
vt 0.3468 0.2639
vt 0.3646 0.2539
vt 0.3656 0.2631
vt 0.4025 0.2636
vt 0.4004 0.2714
vt 0.4322 0.2688
vt 0.4304 0.2779
vt 0.4534 0.2648
vt 0.4533 0.2711
vt 0.4758 0.2631
vt 0.4760 0.2673
vt 0.5013 0.2544
vt 0.5016 0.2556
vt 0.3183 0.2655
vt 0.3170 0.2557
vt 0.3267 0.2495
vt 0.3289 0.2579
vt 0.3424 0.2414
vt 0.3451 0.2503
vt 0.3655 0.2364
vt 0.3667 0.2463
vt 0.4066 0.2434
vt 0.4082 0.2541
vt 0.4404 0.2492
vt 0.4406 0.2595
vt 0.4784 0.2554
vt 0.4782 0.2614
vt 0.5251 0.2567
vt 0.5257 0.2607
vt 0.5671 0.2603
vt 0.5675 0.2617
vt 0.3170 0.2619
vt 0.3157 0.2526
vt 0.3259 0.2469
vt 0.3280 0.2551
vt 0.3424 0.2401
vt 0.3441 0.2475
vt 0.3652 0.2410
vt 0.3657 0.2473
vt 0.4130 0.2533
vt 0.4121 0.2579
vt 0.4427 0.2588
vt 0.4421 0.2634
vt 0.4708 0.2692
vt 0.4699 0.2641
vt 0.5017 0.2657
vt 0.5025 0.2687
vt 0.5344 0.2656
vt 0.5340 0.2674
vt 0.3217 0.2659
vt 0.3202 0.2559
vt 0.3295 0.2487
vt 0.3322 0.2575
vt 0.3466 0.2396
vt 0.3502 0.2493
vt 0.3735 0.2357
vt 0.3749 0.2460
vt 0.4102 0.2338
vt 0.4098 0.2450
vt 0.4381 0.2298
vt 0.4367 0.2402
vt 0.4660 0.2362
vt 0.4664 0.2425
vt 0.4986 0.2482
vt 0.4991 0.2520
vt 0.5414 0.2579
vt 0.5418 0.2592
vt 0.3181 0.2755
vt 0.3175 0.2717
vt 0.3255 0.2696
vt 0.3259 0.2738
vt 0.3392 0.2750
vt 0.3388 0.2812
vt 0.3537 0.2862
vt 0.3528 0.2905
vt 0.3890 0.2873
vt 0.3838 0.2903
vt 0.4210 0.2893
vt 0.4134 0.2911
vt 0.4505 0.2867
vt 0.4479 0.2885
vt 0.4800 0.2815
vt 0.4792 0.2825
vt 0.5129 0.2739
vt 0.5129 0.2738
vt 0.3185 0.2792
vt 0.3185 0.2747
vt 0.3282 0.2737
vt 0.3288 0.2765
vt 0.3422 0.2844
vt 0.3418 0.2873
vt 0.3571 0.2993
vt 0.3553 0.2995
vt 0.3987 0.3011
vt 0.3932 0.2986
vt 0.4319 0.2994
vt 0.4259 0.2972
vt 0.4574 0.2927
vt 0.4562 0.2928
vt 0.4836 0.2883
vt 0.4835 0.2884
vt 0.5087 0.2819
vt 0.5081 0.2820
vt 0.3204 0.2705
vt 0.3203 0.2649
vt 0.3295 0.2591
vt 0.3307 0.2629
vt 0.3461 0.2571
vt 0.3478 0.2616
vt 0.3667 0.2601
vt 0.3660 0.2635
vt 0.3912 0.2672
vt 0.3880 0.2696
vt 0.4152 0.2715
vt 0.4096 0.2744
vt 0.4444 0.2715
vt 0.4418 0.2740
vt 0.4707 0.2707
vt 0.4698 0.2720
vt 0.4986 0.2656
vt 0.4985 0.2654
vt 0.3189 0.2685
vt 0.3181 0.2621
vt 0.3281 0.2566
vt 0.3298 0.2605
vt 0.3451 0.2554
vt 0.3478 0.2599
vt 0.3686 0.2600
vt 0.3694 0.2645
vt 0.4098 0.2704
vt 0.4039 0.2730
vt 0.4399 0.2692
vt 0.4335 0.2734
vt 0.4769 0.2706
vt 0.4748 0.2726
vt 0.5303 0.2687
vt 0.5302 0.2702
vt 0.5777 0.2630
vt 0.5779 0.2630
vt 0.3170 0.2792
vt 0.3163 0.2730
vt 0.3276 0.2700
vt 0.3291 0.2740
vt 0.3462 0.2748
vt 0.3465 0.2786
vt 0.3693 0.2847
vt 0.3672 0.2849
vt 0.4212 0.2911
vt 0.4146 0.2875
vt 0.4463 0.2879
vt 0.4405 0.2852
vt 0.4698 0.2857
vt 0.4690 0.2858
vt 0.5016 0.2849
vt 0.5018 0.2853
vt 0.5356 0.2804
vt 0.5350 0.2805
vt 0.3196 0.2649
vt 0.3188 0.2586
vt 0.3284 0.2508
vt 0.3305 0.2549
vt 0.3461 0.2452
vt 0.3495 0.2504
vt 0.3720 0.2459
vt 0.3727 0.2505
vt 0.4062 0.2456
vt 0.4023 0.2503
vt 0.4373 0.2409
vt 0.4319 0.2469
vt 0.4671 0.2486
vt 0.4657 0.2512
vt 0.5002 0.2548
vt 0.5000 0.2560
vt 0.5423 0.2558
vt 0.5425 0.2557
vt 0.3193 0.2673
vt 0.3188 0.2605
vt 0.3257 0.2577
vt 0.3270 0.2642
vt 0.3374 0.2533
vt 0.3394 0.2602
vt 0.3508 0.2507
vt 0.3520 0.2583
vt 0.3741 0.2570
vt 0.3728 0.2645
vt 0.4049 0.2656
vt 0.4026 0.2724
vt 0.4386 0.2682
vt 0.4395 0.2739
vt 0.4592 0.2643
vt 0.4597 0.2684
vt 0.4807 0.2611
vt 0.4809 0.2625
vt 0.3180 0.2599
vt 0.3176 0.2529
vt 0.3247 0.2506
vt 0.3259 0.2572
vt 0.3366 0.2485
vt 0.3381 0.2553
vt 0.3502 0.2514
vt 0.3511 0.2575
vt 0.3767 0.2616
vt 0.3749 0.2663
vt 0.4086 0.2700
vt 0.4064 0.2749
vt 0.4415 0.2782
vt 0.4420 0.2826
vt 0.4596 0.2803
vt 0.4599 0.2830
vt 0.4764 0.2831
vt 0.4761 0.2846
vt 0.3218 0.2709
vt 0.3213 0.2640
vt 0.3285 0.2614
vt 0.3299 0.2679
vt 0.3409 0.2572
vt 0.3428 0.2644
vt 0.3559 0.2551
vt 0.3567 0.2630
vt 0.3802 0.2616
vt 0.3780 0.2687
vt 0.4057 0.2678
vt 0.4039 0.2748
vt 0.4323 0.2666
vt 0.4333 0.2727
vt 0.4510 0.2608
vt 0.4515 0.2652
vt 0.4704 0.2567
vt 0.4707 0.2583
vt 0.3199 0.2638
vt 0.3186 0.2558
vt 0.3260 0.2513
vt 0.3282 0.2589
vt 0.3388 0.2439
vt 0.3414 0.2520
vt 0.3557 0.2386
vt 0.3569 0.2474
vt 0.3845 0.2438
vt 0.3844 0.2529
vt 0.4164 0.2496
vt 0.4159 0.2594
vt 0.4529 0.2518
vt 0.4530 0.2582
vt 0.4871 0.2590
vt 0.4877 0.2629
vt 0.5212 0.2511
vt 0.5217 0.2526
vt 0.3210 0.2615
vt 0.3198 0.2539
vt 0.3273 0.2491
vt 0.3293 0.2564
vt 0.3396 0.2402
vt 0.3415 0.2475
vt 0.3561 0.2379
vt 0.3565 0.2450
vt 0.3893 0.2485
vt 0.3887 0.2545
vt 0.4198 0.2557
vt 0.4193 0.2625
vt 0.4479 0.2612
vt 0.4492 0.2669
vt 0.4718 0.2717
vt 0.4711 0.2684
vt 0.4933 0.2697
vt 0.4932 0.2716
vt 0.3221 0.2656
vt 0.3207 0.2575
vt 0.3285 0.2532
vt 0.3308 0.2609
vt 0.3426 0.2466
vt 0.3456 0.2549
vt 0.3619 0.2433
vt 0.3634 0.2520
vt 0.3898 0.2441
vt 0.3889 0.2531
vt 0.4142 0.2401
vt 0.4128 0.2509
vt 0.4418 0.2395
vt 0.4418 0.2462
vt 0.4674 0.2501
vt 0.4678 0.2541
vt 0.4946 0.2548
vt 0.4949 0.2562
vt 0.3195 0.2767
vt 0.3189 0.2724
vt 0.3253 0.2711
vt 0.3258 0.2763
vt 0.3365 0.2756
vt 0.3361 0.2825
vt 0.3479 0.2848
vt 0.3465 0.2904
vt 0.3687 0.2872
vt 0.3653 0.2921
vt 0.3994 0.2876
vt 0.3935 0.2911
vt 0.4322 0.2895
vt 0.4296 0.2920
vt 0.4556 0.2855
vt 0.4550 0.2875
vt 0.4789 0.2799
vt 0.4788 0.2803
vt 0.3198 0.2780
vt 0.3197 0.2729
vt 0.3274 0.2719
vt 0.3281 0.2758
vt 0.3395 0.2789
vt 0.3393 0.2830
vt 0.3503 0.2906
vt 0.3487 0.2929
vt 0.3713 0.2964
vt 0.3677 0.2968
vt 0.4005 0.2960
vt 0.3957 0.2960
vt 0.4303 0.2996
vt 0.4287 0.3006
vt 0.4565 0.2973
vt 0.4563 0.2981
vt 0.4762 0.2932
vt 0.4757 0.2936
vt 0.3223 0.2750
vt 0.3221 0.2690
vt 0.3298 0.2657
vt 0.3305 0.2704
vt 0.3432 0.2660
vt 0.3436 0.2715
vt 0.3578 0.2698
vt 0.3568 0.2747
vt 0.3768 0.2763
vt 0.3742 0.2803
vt 0.3974 0.2794
vt 0.3935 0.2833
vt 0.4238 0.2801
vt 0.4220 0.2831
vt 0.4467 0.2764
vt 0.4461 0.2789
vt 0.4682 0.2727
vt 0.4681 0.2732
vt 0.3199 0.2702
vt 0.3192 0.2632
vt 0.3272 0.2587
vt 0.3289 0.2641
vt 0.3412 0.2571
vt 0.3434 0.2631
vt 0.3585 0.2600
vt 0.3589 0.2664
vt 0.3858 0.2689
vt 0.3825 0.2734
vt 0.4182 0.2737
vt 0.4124 0.2785
vt 0.4513 0.2723
vt 0.4498 0.2762
vt 0.4851 0.2728
vt 0.4848 0.2749
vt 0.5198 0.2649
vt 0.5199 0.2654
vt 0.3186 0.2780
vt 0.3179 0.2712
vt 0.3269 0.2684
vt 0.3282 0.2735
vt 0.3422 0.2699
vt 0.3428 0.2753
vt 0.3586 0.2771
vt 0.3572 0.2802
vt 0.3925 0.2829
vt 0.3870 0.2825
vt 0.4215 0.2846
vt 0.4154 0.2843
vt 0.4450 0.2843
vt 0.4436 0.2863
vt 0.4672 0.2862
vt 0.4671 0.2873
vt 0.4891 0.2833
vt 0.4885 0.2839
vt 0.3228 0.2703
vt 0.3221 0.2634
vt 0.3302 0.2583
vt 0.3321 0.2638
vt 0.3452 0.2557
vt 0.3476 0.2620
vt 0.3646 0.2572
vt 0.3651 0.2630
vt 0.3906 0.2597
vt 0.3883 0.2647
vt 0.4169 0.2565
vt 0.4126 0.2637
vt 0.4463 0.2564
vt 0.4449 0.2610
vt 0.4731 0.2646
vt 0.4728 0.2667
vt 0.5013 0.2656
vt 0.5014 0.2660
vt 0.7232 0.3388
vt 0.7470 0.3438
vt 0.7464 0.3476
vt 0.7222 0.3432
vt 0.7959 0.3350
vt 0.7988 0.3381
vt 0.7771 0.3444
vt 0.7765 0.3418
vt 0.7626 0.3448
vt 0.7626 0.3482
vt 0.7026 0.3335
vt 0.7024 0.3390
vt 0.6572 0.3427
vt 0.6576 0.3482
vt 0.6245 0.3361
vt 0.6264 0.3315
vt 0.6849 0.3042
vt 0.6689 0.3058
vt 0.6691 0.2985
vt 0.6862 0.2968
vt 0.7077 0.3040
vt 0.7122 0.2990
vt 0.7315 0.3026
vt 0.7528 0.3033
vt 0.7499 0.3129
vt 0.7291 0.3087
vt 0.7493 0.3201
vt 0.7276 0.3171
vt 0.7258 0.3229
vt 0.7500 0.3263
vt 0.7499 0.3327
vt 0.7248 0.3272
vt 0.7479 0.3399
vt 0.7241 0.3355
vt 0.7879 0.3075
vt 0.7887 0.3131
vt 0.7722 0.3161
vt 0.7730 0.3103
vt 0.7897 0.3188
vt 0.7737 0.3252
vt 0.7900 0.3230
vt 0.7913 0.3259
vt 0.7751 0.3328
vt 0.7742 0.3286
vt 0.7945 0.3322
vt 0.7759 0.3391
vt 0.7645 0.3053
vt 0.7652 0.3120
vt 0.7662 0.3198
vt 0.7636 0.3258
vt 0.7615 0.3327
vt 0.7626 0.3415
vt 0.7066 0.3121
vt 0.7054 0.3154
vt 0.7043 0.3205
vt 0.7029 0.3277
vt 0.6317 0.3083
vt 0.6323 0.3016
vt 0.6669 0.3183
vt 0.6315 0.3141
vt 0.6653 0.3244
vt 0.6634 0.3322
vt 0.6317 0.3217
vt 0.6324 0.3184
vt 0.6571 0.3393
vt 0.6278 0.3285
vt 0.6793 0.3414
vt 0.6572 0.3427
vt 0.6571 0.3393
vt 0.6801 0.3345
vt 0.6744 0.3234
vt 0.6790 0.3175
vt 0.6653 0.3244
vt 0.6669 0.3183
vt 0.6829 0.3109
vt 0.7026 0.3335
vt 0.7029 0.3277
vt 0.7054 0.3154
vt 0.7066 0.3121
vt 0.6786 0.3477
f 1/1 2/2 3/3 4/4
f 4/4 3/3 5/5 6/6
f 7/7 8/8 9/9 10/10
f 10/10 9/9 11/11 12/12
f 12/12 11/11 13/13 14/14
f 14/14 13/13 15/15 16/16
f 16/16 15/15 17/17 18/18
f 18/18 17/17 19/19 20/20
f 20/20 19/19 21/21 22/22
f 22/22 21/21 23/23 24/24
f 24/24 23/23 25/25 26/26
f 26/26 25/25 2/2 1/1
f 6/6 5/5 27/27 28/28
f 28/28 27/27 29/29 30/30
f 30/30 29/29 31/31 32/32
f 32/32 31/31 33/33 34/34
f 34/34 33/33 35/35 36/36
f 36/36 35/35 37/37 38/38
f 39/39 40/40 41/41 42/42
f 42/42 41/41 43/43 44/44
f 45/45 46/46 47/47 48/48
f 48/48 47/47 49/49 50/50
f 44/44 43/43 51/51 52/52
f 52/52 51/51 53/53 54/54
f 50/50 49/49 55/55 56/56
f 56/56 55/55 57/57 58/58
f 58/58 57/57 59/59 60/60
f 60/60 59/59 61/61 62/62
f 63/63 64/64 65/65 66/66
f 62/62 61/61 67/67 68/68
f 68/68 67/67 69/69 70/70
f 70/70 69/69 71/71 72/72
f 72/72 71/71 73/73 74/74
f 74/74 73/73 75/75 76/76
f 76/76 75/75 40/40 39/39
f 77/77 78/78 46/46 45/45
f 79/79 80/80 81/81 82/82
f 82/82 81/81 83/83 84/84
f 85/85 86/86 87/87 88/88
f 88/88 87/87 89/89 90/90
f 90/90 89/89 91/91 92/92
f 92/92 91/91 93/93 94/94
f 94/94 93/93 95/95 96/96
f 96/96 95/95 97/97 98/98
f 98/98 97/97 99/99 100/100
f 100/100 99/99 101/101 102/102
f 102/102 101/101 103/103 104/104
f 104/104 103/103 80/80 79/79
f 84/84 83/83 105/105 106/106
f 106/106 105/105 107/107 108/108
f 108/108 107/107 109/109 110/110
f 110/110 109/109 111/111 112/112
f 112/112 111/111 113/113 114/114
f 114/114 113/113 8/8 7/7
f 115/115 116/116 117/117 118/118
f 118/118 117/117 119/119 120/120
f 121/121 122/122 123/123 124/124
f 124/124 123/123 125/125 126/126
f 120/120 119/119 127/127 128/128
f 128/128 127/127 129/129 130/130
f 126/126 125/125 131/131 132/132
f 132/132 131/131 133/133 134/134
f 134/134 133/133 135/135 136/136
f 136/136 135/135 137/137 138/138
f 130/130 129/129 78/78 77/77
f 138/138 137/137 139/139 140/140
f 140/140 139/139 141/141 142/142
f 142/142 141/141 143/143 144/144
f 144/144 143/143 145/145 146/146
f 146/146 145/145 147/147 148/148
f 148/148 147/147 116/116 115/115
f 149/149 150/150 151/151 152/152
f 153/153 154/154 155/155 156/156
f 157/157 158/158 159/159 160/160
f 161/161 162/162 163/163 164/164
f 165/165 166/166 167/167 168/168
f 169/169 170/170 171/171 172/172
f 173/173 174/174 175/175 176/176
f 177/177 178/178 179/179 180/180
f 181/181 182/182 183/183 184/184
f 185/185 186/186 187/187 188/188
f 189/189 190/190 191/191 192/192
f 193/193 194/194 195/195 196/196
f 197/197 198/198 199/199 200/200
f 201/201 202/202 203/203 204/204
f 205/205 206/206 207/207 208/208
f 209/209 210/210 211/211 212/212
f 213/213 214/214 215/215 216/216
f 217/217 218/218 219/219 220/220
f 192/192 191/191 150/150 149/149
f 196/196 195/195 154/154 153/153
f 221/221 222/222 158/158 157/157
f 223/223 224/224 162/162 161/161
f 160/160 159/159 166/166 165/165
f 164/164 163/163 170/170 169/169
f 168/168 167/167 174/174 173/173
f 172/172 171/171 178/178 177/177
f 176/176 175/175 182/182 181/181
f 180/180 179/179 186/186 185/185
f 188/188 187/187 194/194 193/193
f 152/152 151/151 198/198 197/197
f 156/156 155/155 202/202 201/201
f 200/200 199/199 206/206 205/205
f 204/204 203/203 210/210 209/209
f 208/208 207/207 214/214 213/213
f 212/212 211/211 218/218 217/217
f 225/225 226/226 227/227 228/228
f 229/229 230/230 231/231 232/232
f 233/233 234/234 235/235 236/236
f 237/237 238/238 239/239 240/240
f 241/241 242/242 243/243 244/244
f 245/245 246/246 247/247 248/248
f 249/249 250/250 251/251 252/252
f 253/253 254/254 255/255 256/256
f 257/257 258/258 259/259 260/260
f 261/261 262/262 263/263 264/264
f 265/265 266/266 267/267 268/268
f 269/269 270/270 271/271 272/272
f 273/273 274/274 275/275 276/276
f 277/277 278/278 279/279 280/280
f 281/281 282/282 283/283 284/284
f 285/285 286/286 287/287 288/288
f 289/289 290/290 222/222 221/221
f 291/291 292/292 224/224 223/223
f 268/268 267/267 226/226 225/225
f 272/272 271/271 230/230 229/229
f 293/293 294/294 234/234 233/233
f 295/295 296/296 238/238 237/237
f 236/236 235/235 242/242 241/241
f 240/240 239/239 246/246 245/245
f 244/244 243/243 250/250 249/249
f 248/248 247/247 254/254 253/253
f 252/252 251/251 258/258 257/257
f 256/256 255/255 262/262 261/261
f 260/260 259/259 266/266 265/265
f 264/264 263/263 270/270 269/269
f 228/228 227/227 274/274 273/273
f 232/232 231/231 278/278 277/277
f 276/276 275/275 282/282 281/281
f 280/280 279/279 286/286 285/285
f 284/284 283/283 290/290 289/289
f 288/288 287/287 292/292 291/291
f 297/297 298/298 299/299 300/300
f 300/300 299/299 301/301 302/302
f 303/303 304/304 305/305 306/306
f 306/306 305/305 307/307 308/308
f 302/302 301/301 309/309 310/310
f 310/310 309/309 311/311 312/312
f 308/308 307/307 313/313 314/314
f 314/314 313/313 315/315 316/316
f 316/316 315/315 317/317 318/318
f 318/318 317/317 319/319 320/320
f 312/312 311/311 321/321 322/322
f 322/322 321/321 323/323 324/324
f 320/320 319/319 325/325 326/326
f 326/326 325/325 327/327 328/328
f 328/328 327/327 329/329 330/330
f 330/330 329/329 331/331 332/332
f 332/332 331/331 333/333 334/334
f 334/334 333/333 298/298 297/297
f 335/335 336/336 304/304 303/303
f 337/337 338/338 339/339 340/340
f 340/340 339/339 341/341 342/342
f 343/343 344/344 345/345 346/346
f 346/346 345/345 347/347 348/348
f 342/342 341/341 349/349 350/350
f 350/350 349/349 351/351 352/352
f 348/348 347/347 353/353 354/354
f 354/354 353/353 355/355 356/356
f 356/356 355/355 357/357 358/358
f 358/358 357/357 359/359 360/360
f 352/352 351/351 336/336 335/335
f 360/360 359/359 361/361 362/362
f 362/362 361/361 363/363 364/364
f 364/364 363/363 365/365 366/366
f 366/366 365/365 367/367 368/368
f 368/368 367/367 369/369 370/370
f 370/370 369/369 338/338 337/337
f 371/371 372/372 373/373 374/374
f 374/374 373/373 375/375 376/376
f 377/377 378/378 379/379 380/380
f 380/380 379/379 381/381 382/382
f 382/382 381/381 383/383 384/384
f 384/384 383/383 385/385 386/386
f 386/386 385/385 387/387 388/388
f 388/388 387/387 389/389 390/390
f 390/390 389/389 391/391 392/392
f 392/392 391/391 393/393 394/394
f 394/394 393/393 395/395 396/396
f 396/396 395/395 372/372 371/371
f 376/376 375/375 397/397 398/398
f 398/398 397/397 399/399 400/400
f 400/400 399/399 401/401 402/402
f 402/402 401/401 403/403 404/404
f 404/404 403/403 405/405 406/406
f 406/406 405/405 407/407 408/408
f 409/409 410/410 411/411 412/412
f 412/412 411/411 413/413 414/414
f 415/415 416/416 417/417 418/418
f 418/418 417/417 419/419 420/420
f 420/420 419/419 421/421 422/422
f 422/422 421/421 423/423 424/424
f 424/424 423/423 425/425 426/426
f 426/426 425/425 427/427 428/428
f 428/428 427/427 429/429 430/430
f 430/430 429/429 431/431 432/432
f 432/432 431/431 433/433 434/434
f 434/434 433/433 410/410 409/409
f 414/414 413/413 435/435 436/436
f 436/436 435/435 437/437 438/438
f 438/438 437/437 439/439 440/440
f 440/440 439/439 441/441 442/442
f 442/442 441/441 443/443 444/444
f 444/444 443/443 378/378 377/377
f 445/445 446/446 447/447 448/448
f 449/449 450/450 451/451 452/452
f 448/448 447/447 453/453 454/454
f 452/452 451/451 455/455 456/456
f 457/457 458/458 459/459 460/460
f 461/461 462/462 463/463 464/464
f 460/460 459/459 465/465 466/466
f 464/464 463/463 467/467 468/468
f 466/466 465/465 469/469 470/470
f 468/468 467/467 471/471 472/472
f 470/470 469/469 473/473 474/474
f 472/472 471/471 475/475 476/476
f 477/477 478/478 479/479 480/480
f 481/481 482/482 483/483 484/484
f 480/480 479/479 485/485 486/486
f 484/484 483/483 487/487 488/488
f 474/474 473/473 489/489 490/490
f 476/476 475/475 491/491 492/492
f 490/490 489/489 493/493 494/494
f 492/492 491/491 495/495 496/496
f 494/494 493/493 497/497 498/498
f 498/498 497/497 499/499 500/500
f 501/501 502/502 503/503 504/504
f 486/486 485/485 505/505 506/506
f 488/488 487/487 507/507 508/508
f 506/506 505/505 509/509 510/510
f 508/508 507/507 511/511 512/512
f 500/500 499/499 513/513 514/514
f 504/504 503/503 515/515 516/516
f 514/514 513/513 478/478 477/477
f 516/516 515/515 482/482 481/481
f 510/510 509/509 517/517 518/518
f 512/512 511/511 519/519 520/520
f 518/518 517/517 446/446 445/445
f 520/520 519/519 450/450 449/449
f 521/521 522/522 523/523 524/524
f 525/525 526/526 527/527 528/528
f 529/529 530/530 531/531 532/532
f 533/533 534/534 535/535 536/536
f 532/532 531/531 537/537 538/538
f 536/536 535/535 539/539 540/540
f 538/538 537/537 541/541 542/542
f 540/540 539/539 543/543 544/544
f 542/542 541/541 545/545 546/546
f 544/544 543/543 547/547 548/548
f 549/549 550/550 551/551 552/552
f 553/553 554/554 555/555 556/556
f 552/552 551/551 557/557 558/558
f 556/556 555/555 559/559 560/560
f 546/546 545/545 561/561 562/562
f 548/548 547/547 563/563 564/564
f 562/562 561/561 565/565 566/566
f 564/564 563/563 567/567 568/568
f 566/566 565/565 569/569 570/570
f 568/568 567/567 571/571 572/572
f 570/570 569/569 573/573 574/574
f 572/572 571/571 575/575 576/576
f 558/558 557/557 577/577 578/578
f 560/560 559/559 579/579 580/580
f 578/578 577/577 581/581 582/582
f 580/580 579/579 583/583 584/584
f 574/574 573/573 585/585 586/586
f 576/576 575/575 587/587 588/588
f 586/586 585/585 550/550 549/549
f 588/588 587/587 554/554 553/553
f 582/582 581/581 589/589 590/590
f 584/584 583/583 591/591 592/592
f 590/590 589/589 522/522 521/521
f 592/592 591/591 526/526 525/525
f 524/524 523/523 458/458 457/457
f 528/528 527/527 462/462 461/461
f 593/593 594/594 595/595 596/596
f 597/597 598/598 599/599 600/600
f 601/601 602/602 603/603 604/604
f 596/596 595/595 605/605 606/606
f 600/600 599/599 607/607 608/608
f 604/604 603/603 609/609 610/610
f 611/611 612/612 613/613 614/614
f 615/615 616/616 617/617 618/618
f 619/619 620/620 621/621 622/622
f 614/614 613/613 623/623 624/624
f 618/618 617/617 625/625 626/626
f 622/622 621/621 627/627 628/628
f 624/624 623/623 629/629 630/630
f 626/626 625/625 631/631 632/632
f 628/628 627/627 633/633 634/634
f 630/630 629/629 635/635 636/636
f 632/632 631/631 637/637 638/638
f 634/634 633/633 639/639 640/640
f 636/636 635/635 641/641 642/642
f 638/638 637/637 643/643 644/644
f 640/640 639/639 645/645 646/646
f 642/642 641/641 647/647 648/648
f 644/644 643/643 649/649 650/650
f 646/646 645/645 651/651 652/652
f 648/648 647/647 653/653 654/654
f 650/650 649/649 655/655 656/656
f 652/652 651/651 657/657 658/658
f 654/654 653/653 659/659 660/660
f 656/656 655/655 661/661 662/662
f 658/658 657/657 663/663 664/664
f 660/660 659/659 665/665 666/666
f 662/662 661/661 667/667 668/668
f 664/664 663/663 669/669 670/670
f 666/666 665/665 594/594 593/593
f 668/668 667/667 598/598 597/597
f 670/670 669/669 602/602 601/601
f 606/606 605/605 671/671 672/672
f 608/608 607/607 673/673 674/674
f 610/610 609/609 675/675 676/676
f 672/672 671/671 677/677 678/678
f 674/674 673/673 679/679 680/680
f 676/676 675/675 681/681 682/682
f 678/678 677/677 683/683 684/684
f 680/680 679/679 685/685 686/686
f 682/682 681/681 687/687 688/688
f 684/684 683/683 689/689 690/690
f 686/686 685/685 691/691 692/692
f 688/688 687/687 693/693 694/694
f 690/690 689/689 695/695 696/696
f 692/692 691/691 697/697 698/698
f 694/694 693/693 699/699 700/700
f 696/696 695/695 701/701 702/702
f 698/698 697/697 703/703 704/704
f 700/700 699/699 705/705 706/706
f 707/707 708/708 709/709 710/710
f 711/711 712/712 713/713 714/714
f 715/715 716/716 717/717 718/718
f 710/710 709/709 719/719 720/720
f 714/714 713/713 721/721 722/722
f 718/718 717/717 723/723 724/724
f 725/725 726/726 727/727 728/728
f 729/729 730/730 731/731 732/732
f 733/733 734/734 735/735 736/736
f 728/728 727/727 737/737 738/738
f 732/732 731/731 739/739 740/740
f 736/736 735/735 741/741 742/742
f 738/738 737/737 743/743 744/744
f 740/740 739/739 745/745 746/746
f 742/742 741/741 747/747 748/748
f 744/744 743/743 749/749 750/750
f 746/746 745/745 751/751 752/752
f 748/748 747/747 753/753 754/754
f 750/750 749/749 755/755 756/756
f 752/752 751/751 757/757 758/758
f 754/754 753/753 759/759 760/760
f 756/756 755/755 761/761 762/762
f 758/758 757/757 763/763 764/764
f 760/760 759/759 765/765 766/766
f 762/762 761/761 767/767 768/768
f 764/764 763/763 769/769 770/770
f 766/766 765/765 771/771 772/772
f 768/768 767/767 773/773 774/774
f 770/770 769/769 775/775 776/776
f 772/772 771/771 777/777 778/778
f 774/774 773/773 779/779 780/780
f 776/776 775/775 781/781 782/782
f 778/778 777/777 783/783 784/784
f 780/780 779/779 708/708 707/707
f 782/782 781/781 712/712 711/711
f 784/784 783/783 716/716 715/715
f 720/720 719/719 785/785 786/786
f 722/722 721/721 787/787 788/788
f 724/724 723/723 789/789 790/790
f 786/786 785/785 791/791 792/792
f 788/788 787/787 793/793 794/794
f 790/790 789/789 795/795 796/796
f 792/792 791/791 797/797 798/798
f 794/794 793/793 799/799 800/800
f 796/796 795/795 801/801 802/802
f 798/798 797/797 803/803 804/804
f 800/800 799/799 805/805 806/806
f 802/802 801/801 807/807 808/808
f 804/804 803/803 809/809 810/810
f 806/806 805/805 811/811 812/812
f 808/808 807/807 813/813 814/814
f 810/810 809/809 612/612 611/611
f 812/812 811/811 616/616 615/615
f 814/814 813/813 620/620 619/619
f 815/815 816/816 817/817 818/818
f 819/819 820/820 821/821 822/822
f 823/823 824/824 825/825 826/826
f 818/818 817/817 827/827 828/828
f 822/822 821/821 829/829 830/830
f 826/826 825/825 831/831 832/832
f 833/833 834/834 835/835 836/836
f 837/837 838/838 839/839 840/840
f 841/841 842/842 843/843 844/844
f 836/836 835/835 845/845 846/846
f 840/840 839/839 847/847 848/848
f 844/844 843/843 849/849 850/850
f 846/846 845/845 851/851 852/852
f 848/848 847/847 853/853 854/854
f 850/850 849/849 855/855 856/856
f 852/852 851/851 857/857 858/858
f 854/854 853/853 859/859 860/860
f 856/856 855/855 861/861 862/862
f 858/858 857/857 863/863 864/864
f 860/860 859/859 865/865 866/866
f 862/862 861/861 867/867 868/868
f 864/864 863/863 869/869 870/870
f 866/866 865/865 871/871 872/872
f 868/868 867/867 873/873 874/874
f 870/870 869/869 875/875 876/876
f 872/872 871/871 877/877 878/878
f 874/874 873/873 879/879 880/880
f 876/876 875/875 881/881 882/882
f 878/878 877/877 883/883 884/884
f 880/880 879/879 885/885 886/886
f 887/887 888/888 824/824 823/823
f 828/828 827/827 889/889 890/890
f 830/830 829/829 891/891 892/892
f 832/832 831/831 893/893 894/894
f 890/890 889/889 895/895 896/896
f 892/892 891/891 897/897 898/898
f 894/894 893/893 899/899 900/900
f 896/896 895/895 901/901 902/902
f 898/898 897/897 903/903 904/904
f 900/900 899/899 905/905 906/906
f 902/902 901/901 907/907 908/908
f 904/904 903/903 909/909 910/910
f 906/906 905/905 911/911 912/912
f 908/908 907/907 913/913 914/914
f 910/910 909/909 915/915 916/916
f 912/912 911/911 917/917 918/918
f 914/914 913/913 919/919 920/920
f 916/916 915/915 921/921 922/922
f 918/918 917/917 923/923 924/924
f 925/925 926/926 927/927 928/928
f 929/929 930/930 931/931 932/932
f 933/933 934/934 935/935 936/936
f 928/928 927/927 937/937 938/938
f 932/932 931/931 939/939 940/940
f 936/936 935/935 941/941 942/942
f 943/943 944/944 945/945 946/946
f 947/947 948/948 949/949 950/950
f 951/951 952/952 953/953 954/954
f 946/946 945/945 955/955 956/956
f 950/950 949/949 957/957 958/958
f 954/954 953/953 959/959 960/960
f 956/956 955/955 961/961 962/962
f 958/958 957/957 963/963 964/964
f 960/960 959/959 965/965 966/966
f 962/962 961/961 967/967 968/968
f 964/964 963/963 969/969 970/970
f 966/966 965/965 971/971 972/972
f 968/968 967/967 973/973 974/974
f 970/970 969/969 975/975 976/976
f 972/972 971/971 977/977 978/978
f 974/974 973/973 979/979 980/980
f 976/976 975/975 981/981 982/982
f 978/978 977/977 983/983 984/984
f 980/980 979/979 985/985 986/986
f 982/982 981/981 987/987 988/988
f 984/984 983/983 989/989 990/990
f 986/986 985/985 991/991 992/992
f 988/988 987/987 993/993 994/994
f 990/990 989/989 995/995 996/996
f 992/992 991/991 997/997 998/998
f 994/994 993/993 999/999 1000/1000
f 996/996 995/995 1001/1001 1002/1002
f 998/998 997/997 926/926 925/925
f 1002/1002 1001/1001 934/934 933/933
f 938/938 937/937 1003/1003 1004/1004
f 940/940 939/939 1005/1005 1006/1006
f 942/942 941/941 1007/1007 1008/1008
f 1004/1004 1003/1003 1009/1009 1010/1010
f 1006/1006 1005/1005 1011/1011 1012/1012
f 1008/1008 1007/1007 1013/1013 1014/1014
f 1010/1010 1009/1009 1015/1015 1016/1016
f 1012/1012 1011/1011 1017/1017 1018/1018
f 1014/1014 1013/1013 1019/1019 1020/1020
f 1016/1016 1015/1015 1021/1021 1022/1022
f 1018/1018 1017/1017 1023/1023 1024/1024
f 1020/1020 1019/1019 1025/1025 1026/1026
f 1022/1022 1021/1021 1027/1027 1028/1028
f 1024/1024 1023/1023 1029/1029 1030/1030
f 1026/1026 1025/1025 1031/1031 1032/1032
f 1028/1028 1027/1027 834/834 833/833
f 1030/1030 1029/1029 838/838 837/837
f 1032/1032 1031/1031 842/842 841/841
f 1033/1033 1034/1034 1035/1035 1036/1036
f 1037/1037 1038/1038 1039/1039 1040/1040
f 1041/1041 1042/1042 1043/1043 1044/1044
f 1036/1036 1035/1035 1045/1045 1046/1046
f 1040/1040 1039/1039 1047/1047 1048/1048
f 1044/1044 1043/1043 1049/1049 1050/1050
f 1051/1051 1052/1052 1053/1053 1054/1054
f 1055/1055 1056/1056 1057/1057 1058/1058
f 1059/1059 1060/1060 1061/1061 1062/1062
f 1054/1054 1053/1053 1063/1063 1064/1064
f 1058/1058 1057/1057 1065/1065 1066/1066
f 1062/1062 1061/1061 1067/1067 1068/1068
f 1064/1064 1063/1063 1069/1069 1070/1070
f 1066/1066 1065/1065 1071/1071 1072/1072
f 1068/1068 1067/1067 1073/1073 1074/1074
f 1070/1070 1069/1069 1075/1075 1076/1076
f 1072/1072 1071/1071 1077/1077 1078/1078
f 1074/1074 1073/1073 1079/1079 1080/1080
f 1046/1046 1045/1045 1081/1081 1082/1082
f 1048/1048 1047/1047 1083/1083 1084/1084
f 1050/1050 1049/1049 1085/1085 1086/1086
f 1082/1082 1081/1081 1087/1087 1088/1088
f 1084/1084 1083/1083 1089/1089 1090/1090
f 1086/1086 1085/1085 1091/1091 1092/1092
f 1076/1076 1075/1075 1093/1093 1094/1094
f 1078/1078 1077/1077 1095/1095 1096/1096
f 1080/1080 1079/1079 1097/1097 1098/1098
f 1094/1094 1093/1093 1099/1099 1100/1100
f 1096/1096 1095/1095 1101/1101 1102/1102
f 1098/1098 1097/1097 1103/1103 1104/1104
f 1100/1100 1099/1099 1105/1105 1106/1106
f 1102/1102 1101/1101 1107/1107 1108/1108
f 1104/1104 1103/1103 1109/1109 1110/1110
f 1106/1106 1105/1105 1111/1111 1112/1112
f 1108/1108 1107/1107 1113/1113 1114/1114
f 1110/1110 1109/1109 1115/1115 1116/1116
f 1088/1088 1087/1087 1117/1117 1118/1118
f 1090/1090 1089/1089 1119/1119 1120/1120
f 1092/1092 1091/1091 1121/1121 1122/1122
f 1118/1118 1117/1117 1123/1123 1124/1124
f 1120/1120 1119/1119 1125/1125 1126/1126
f 1122/1122 1121/1121 1127/1127 1128/1128
f 1112/1112 1111/1111 1129/1129 1130/1130
f 1114/1114 1113/1113 1131/1131 1132/1132
f 1116/1116 1115/1115 1133/1133 1134/1134
f 1130/1130 1129/1129 1034/1034 1033/1033
f 1132/1132 1131/1131 1038/1038 1037/1037
f 1134/1134 1133/1133 1042/1042 1041/1041
f 1124/1124 1123/1123 1135/1135 1136/1136
f 1126/1126 1125/1125 1137/1137 1138/1138
f 1128/1128 1127/1127 1139/1139 1140/1140
f 1141/1141 1142/1142 1143/1143 1144/1144
f 1145/1145 1146/1146 1147/1147 1148/1148
f 1149/1149 1150/1150 1151/1151 1152/1152
f 1144/1144 1143/1143 1153/1153 1154/1154
f 1148/1148 1147/1147 1155/1155 1156/1156
f 1152/1152 1151/1151 1157/1157 1158/1158
f 1159/1159 1160/1160 1161/1161 1162/1162
f 1163/1163 1164/1164 1165/1165 1166/1166
f 1167/1167 1168/1168 1169/1169 1170/1170
f 1171/1171 1172/1172 1173/1173 1174/1174
f 1166/1166 1165/1165 1175/1175 1176/1176
f 1170/1170 1169/1169 1177/1177 1178/1178
f 1174/1174 1173/1173 1179/1179 1180/1180
f 1176/1176 1175/1175 1181/1181 1182/1182
f 1154/1154 1153/1153 1183/1183 1184/1184
f 1156/1156 1155/1155 1185/1185 1186/1186
f 1158/1158 1157/1157 1187/1187 1188/1188
f 1184/1184 1183/1183 1189/1189 1190/1190
f 1186/1186 1185/1185 1191/1191 1192/1192
f 1188/1188 1187/1187 1193/1193 1194/1194
f 1178/1178 1177/1177 1195/1195 1196/1196
f 1180/1180 1179/1179 1197/1197 1198/1198
f 1182/1182 1181/1181 1199/1199 1200/1200
f 1196/1196 1195/1195 1201/1201 1202/1202
f 1202/1202 1201/1201 1203/1203 1204/1204
f 1205/1205 1206/1206 1207/1207 1208/1208
f 1209/1209 1210/1210 1211/1211 1212/1212
f 1204/1204 1203/1203 1213/1213 1214/1214
f 1208/1208 1207/1207 1215/1215 1216/1216
f 1212/1212 1211/1211 1217/1217 1218/1218
f 1190/1190 1189/1189 1219/1219 1220/1220
f 1192/1192 1191/1191 1221/1221 1222/1222
f 1194/1194 1193/1193 1223/1223 1224/1224
f 1220/1220 1219/1219 1225/1225 1226/1226
f 1222/1222 1221/1221 1227/1227 1228/1228
f 1224/1224 1223/1223 1229/1229 1230/1230
f 1214/1214 1213/1213 1231/1231 1232/1232
f 1216/1216 1215/1215 1233/1233 1234/1234
f 1218/1218 1217/1217 1235/1235 1236/1236
f 1232/1232 1231/1231 1142/1142 1141/1141
f 1234/1234 1233/1233 1146/1146 1145/1145
f 1236/1236 1235/1235 1150/1150 1149/1149
f 1226/1226 1225/1225 1237/1237 1238/1238
f 1228/1228 1227/1227 1239/1239 1240/1240
f 1230/1230 1229/1229 1241/1241 1242/1242
f 1238/1238 1237/1237 1052/1052 1051/1051
f 1240/1240 1239/1239 1056/1056 1055/1055
f 1242/1242 1241/1241 1060/1060 1059/1059
f 1243/1243 1244/1244 1245/1245 1246/1246
f 1247/1247 1248/1248 1249/1249 1250/1250
f 1251/1251 1252/1252 1253/1253 1254/1254
f 1255/1255 1256/1256 1257/1257 1258/1258
f 1259/1259 1260/1260 1261/1261 1262/1262
f 1263/1263 1264/1264 1265/1265 1266/1266
f 1267/1267 1268/1268 1269/1269 1270/1270
f 1271/1271 1272/1272 1273/1273 1274/1274
f 1275/1275 1276/1276 1277/1277 1278/1278
f 1279/1279 1280/1280 1281/1281 1282/1282
f 1283/1283 1284/1284 1285/1285 1286/1286
f 1287/1287 1288/1288 1289/1289 1290/1290
f 1291/1291 1292/1292 1293/1293 1294/1294
f 1295/1295 1296/1296 1297/1297 1298/1298
f 1299/1299 1300/1300 1301/1301 1302/1302
f 1303/1303 1304/1304 1305/1305 1306/1306
f 1307/1307 1308/1308 1309/1309 1310/1310
f 1311/1311 1312/1312 1313/1313 1314/1314
f 1315/1315 1316/1316 1317/1317 1318/1318
f 1319/1319 1320/1320 1321/1321 1322/1322
f 1323/1323 1324/1324 1325/1325 1326/1326
f 1327/1327 1328/1328 1329/1329 1330/1330
f 1331/1331 1332/1332 1333/1333 1334/1334
f 1335/1335 1336/1336 1337/1337 1338/1338
f 1339/1339 1340/1340 1341/1341 1342/1342
f 1343/1343 1344/1344 1345/1345 1346/1346
f 1347/1347 1348/1348 1349/1349 1350/1350
f 1330/1330 1329/1329 1244/1244 1243/1243
f 1334/1334 1333/1333 1248/1248 1247/1247
f 1338/1338 1337/1337 1252/1252 1251/1251
f 1270/1270 1269/1269 1256/1256 1255/1255
f 1274/1274 1273/1273 1260/1260 1259/1259
f 1278/1278 1277/1277 1264/1264 1263/1263
f 1306/1306 1305/1305 1268/1268 1267/1267
f 1310/1310 1309/1309 1272/1272 1271/1271
f 1314/1314 1313/1313 1276/1276 1275/1275
f 1258/1258 1257/1257 1280/1280 1279/1279
f 1262/1262 1261/1261 1284/1284 1283/1283
f 1266/1266 1265/1265 1288/1288 1287/1287
f 1282/1282 1281/1281 1292/1292 1291/1291
f 1286/1286 1285/1285 1296/1296 1295/1295
f 1290/1290 1289/1289 1300/1300 1299/1299
f 1294/1294 1293/1293 1316/1316 1315/1315
f 1298/1298 1297/1297 1320/1320 1319/1319
f 1302/1302 1301/1301 1324/1324 1323/1323
f 1318/1318 1317/1317 1328/1328 1327/1327
f 1322/1322 1321/1321 1332/1332 1331/1331
f 1326/1326 1325/1325 1336/1336 1335/1335
f 1246/1246 1245/1245 1340/1340 1339/1339
f 1250/1250 1249/1249 1344/1344 1343/1343
f 1254/1254 1253/1253 1348/1348 1347/1347
f 1351/1351 1352/1352 1353/1353 1354/1354
f 1355/1355 1356/1356 1357/1357 1358/1358
f 1359/1359 1360/1360 1361/1361 1362/1362
f 1363/1363 1364/1364 1365/1365 1366/1366
f 1367/1367 1368/1368 1369/1369 1370/1370
f 1371/1371 1372/1372 1373/1373 1374/1374
f 1375/1375 1376/1376 1377/1377 1378/1378
f 1379/1379 1380/1380 1381/1381 1382/1382
f 1383/1383 1384/1384 1385/1385 1386/1386
f 1387/1387 1388/1388 1389/1389 1390/1390
f 1391/1391 1392/1392 1393/1393 1394/1394
f 1395/1395 1396/1396 1397/1397 1398/1398
f 1399/1399 1400/1400 1401/1401 1402/1402
f 1403/1403 1404/1404 1405/1405 1406/1406
f 1407/1407 1408/1408 1409/1409 1410/1410
f 1411/1411 1412/1412 1413/1413 1414/1414
f 1415/1415 1416/1416 1417/1417 1418/1418
f 1419/1419 1420/1420 1421/1421 1422/1422
f 1423/1423 1424/1424 1425/1425 1426/1426
f 1427/1427 1428/1428 1429/1429 1430/1430
f 1431/1431 1432/1432 1433/1433 1434/1434
f 1435/1435 1436/1436 1437/1437 1438/1438
f 1439/1439 1440/1440 1441/1441 1442/1442
f 1443/1443 1444/1444 1445/1445 1446/1446
f 1447/1447 1448/1448 1449/1449 1450/1450
f 1430/1430 1429/1429 1352/1352 1351/1351
f 1434/1434 1433/1433 1356/1356 1355/1355
f 1438/1438 1437/1437 1360/1360 1359/1359
f 1378/1378 1377/1377 1364/1364 1363/1363
f 1382/1382 1381/1381 1368/1368 1367/1367
f 1406/1406 1405/1405 1376/1376 1375/1375
f 1410/1410 1409/1409 1380/1380 1379/1379
f 1414/1414 1413/1413 1384/1384 1383/1383
f 1366/1366 1365/1365 1388/1388 1387/1387
f 1370/1370 1369/1369 1392/1392 1391/1391
f 1374/1374 1373/1373 1396/1396 1395/1395
f 1390/1390 1389/1389 1451/1451 1452/1452
f 1394/1394 1393/1393 1453/1453 1454/1454
f 1398/1398 1397/1397 1400/1400 1399/1399
f 1342/1342 1341/1341 1404/1404 1403/1403
f 1346/1346 1345/1345 1408/1408 1407/1407
f 1350/1350 1349/1349 1412/1412 1411/1411
f 1455/1455 1456/1456 1416/1416 1415/1415
f 1418/1418 1417/1417 1428/1428 1427/1427
f 1422/1422 1421/1421 1432/1432 1431/1431
f 1426/1426 1425/1425 1436/1436 1435/1435
f 1354/1354 1353/1353 1440/1440 1439/1439
f 1358/1358 1357/1357 1444/1444 1443/1443
f 1362/1362 1361/1361 1448/1448 1447/1447
f 1457/1457 1458/1458 1459/1459 1460/1460
f 1461/1461 1462/1462 1463/1463 1464/1464
f 1465/1465 1466/1466 1467/1467 1468/1468
f 1469/1469 1470/1470 1471/1471 1472/1472
f 1473/1473 1474/1474 1475/1475 1476/1476
f 1477/1477 1478/1478 1479/1479 1480/1480
f 1481/1481 1482/1482 1483/1483 1484/1484
f 1485/1485 1486/1486 1487/1487 1488/1488
f 1489/1489 1490/1490 1491/1491 1492/1492
f 1493/1493 1494/1494 1495/1495 1496/1496
f 1497/1497 1498/1498 1499/1499 1500/1500
f 1501/1501 1502/1502 1503/1503 1504/1504
f 1505/1505 1506/1506 1507/1507 1508/1508
f 1509/1509 1510/1510 1511/1511 1512/1512
f 1513/1513 1514/1514 1515/1515 1516/1516
f 1517/1517 1518/1518 1519/1519 1520/1520
f 1521/1521 1522/1522 1523/1523 1524/1524
f 1525/1525 1526/1526 1527/1527 1528/1528
f 1529/1529 1530/1530 1531/1531 1532/1532
f 1533/1533 1534/1534 1535/1535 1536/1536
f 1537/1537 1538/1538 1539/1539 1540/1540
f 1541/1541 1542/1542 1543/1543 1544/1544
f 1545/1545 1546/1546 1547/1547 1548/1548
f 1549/1549 1550/1550 1551/1551 1552/1552
f 1553/1553 1554/1554 1555/1555 1556/1556
f 1557/1557 1558/1558 1559/1559 1560/1560
f 1561/1561 1562/1562 1563/1563 1564/1564
f 1484/1484 1483/1483 1458/1458 1457/1457
f 1488/1488 1487/1487 1462/1462 1461/1461
f 1492/1492 1491/1491 1466/1466 1465/1465
f 1556/1556 1555/1555 1470/1470 1469/1469
f 1560/1560 1559/1559 1474/1474 1473/1473
f 1564/1564 1563/1563 1478/1478 1477/1477
f 1496/1496 1495/1495 1482/1482 1481/1481
f 1500/1500 1499/1499 1486/1486 1485/1485
f 1504/1504 1503/1503 1490/1490 1489/1489
f 1565/1565 1566/1566 1494/1494 1493/1493
f 1567/1567 1568/1568 1498/1498 1497/1497
f 1569/1569 1570/1570 1502/1502 1501/1501
f 1460/1460 1459/1459 1506/1506 1505/1505
f 1464/1464 1463/1463 1510/1510 1509/1509
f 1468/1468 1467/1467 1514/1514 1513/1513
f 1472/1472 1471/1471 1518/1518 1517/1517
f 1476/1476 1475/1475 1522/1522 1521/1521
f 1480/1480 1479/1479 1526/1526 1525/1525
f 1508/1508 1507/1507 1530/1530 1529/1529
f 1512/1512 1511/1511 1534/1534 1533/1533
f 1516/1516 1515/1515 1538/1538 1537/1537
f 1532/1532 1531/1531 1542/1542 1541/1541
f 1536/1536 1535/1535 1546/1546 1545/1545
f 1540/1540 1539/1539 1550/1550 1549/1549
f 1544/1544 1543/1543 1554/1554 1553/1553
f 1548/1548 1547/1547 1558/1558 1557/1557
f 1552/1552 1551/1551 1562/1562 1561/1561
f 1571/1571 1572/1572 1573/1573 1574/1574
f 1575/1575 1576/1576 1577/1577 1578/1578
f 1579/1579 1580/1580 1581/1581 1582/1582
f 1583/1583 1584/1584 1585/1585 1586/1586
f 1587/1587 1588/1588 1589/1589 1590/1590
f 1591/1591 1592/1592 1593/1593 1594/1594
f 1595/1595 1596/1596 1597/1597 1598/1598
f 1599/1599 1600/1600 1601/1601 1602/1602
f 1603/1603 1604/1604 1605/1605 1606/1606
f 1607/1607 1608/1608 1609/1609 1610/1610
f 1611/1611 1612/1612 1613/1613 1614/1614
f 1615/1615 1616/1616 1617/1617 1618/1618
f 1619/1619 1620/1620 1621/1621 1622/1622
f 1623/1623 1624/1624 1625/1625 1626/1626
f 1627/1627 1628/1628 1629/1629 1630/1630
f 1631/1631 1632/1632 1633/1633 1634/1634
f 1635/1635 1636/1636 1637/1637 1638/1638
f 1639/1639 1640/1640 1641/1641 1642/1642
f 1643/1643 1644/1644 1645/1645 1646/1646
f 1647/1647 1648/1648 1649/1649 1650/1650
f 1651/1651 1652/1652 1653/1653 1654/1654
f 1655/1655 1656/1656 1657/1657 1658/1658
f 1659/1659 1660/1660 1661/1661 1662/1662
f 1663/1663 1664/1664 1665/1665 1666/1666
f 1667/1667 1668/1668 1669/1669 1670/1670
f 1671/1671 1672/1672 1673/1673 1674/1674
f 1598/1598 1597/1597 1572/1572 1571/1571
f 1602/1602 1601/1601 1576/1576 1575/1575
f 1606/1606 1605/1605 1580/1580 1579/1579
f 1666/1666 1665/1665 1584/1584 1583/1583
f 1670/1670 1669/1669 1588/1588 1587/1587
f 1674/1674 1673/1673 1592/1592 1591/1591
f 1610/1610 1609/1609 1596/1596 1595/1595
f 1614/1614 1613/1613 1600/1600 1599/1599
f 1618/1618 1617/1617 1604/1604 1603/1603
f 1520/1520 1519/1519 1608/1608 1607/1607
f 1524/1524 1523/1523 1612/1612 1611/1611
f 1528/1528 1527/1527 1616/1616 1615/1615
f 1574/1574 1573/1573 1620/1620 1619/1619
f 1582/1582 1581/1581 1628/1628 1627/1627
f 1586/1586 1585/1585 1632/1632 1631/1631
f 1590/1590 1589/1589 1636/1636 1635/1635
f 1594/1594 1593/1593 1640/1640 1639/1639
f 1622/1622 1621/1621 1675/1675 1676/1676
f 1626/1626 1625/1625 1644/1644 1643/1643
f 1630/1630 1629/1629 1648/1648 1647/1647
f 1677/1677 1678/1678 1652/1652 1651/1651
f 1646/1646 1645/1645 1656/1656 1655/1655
f 1650/1650 1649/1649 1660/1660 1659/1659
f 1654/1654 1653/1653 1664/1664 1663/1663
f 1658/1658 1657/1657 1668/1668 1667/1667
f 1662/1662 1661/1661 1672/1672 1671/1671
f 1679/1679 1680/1680 1681/1681 1682/1682
f 1683/1683 1684/1684 1685/1685 1686/1686
f 1687/1687 1688/1688 1689/1689 1690/1690
f 1691/1691 1692/1692 1693/1693 1694/1694
f 1695/1695 1696/1696 1697/1697 1698/1698
f 1699/1699 1700/1700 1701/1701 1702/1702
f 1703/1703 1704/1704 1705/1705 1706/1706
f 1707/1707 1708/1708 1709/1709 1710/1710
f 1711/1711 1712/1712 1713/1713 1714/1714
f 1715/1715 1716/1716 1717/1717 1718/1718
f 1719/1719 1720/1720 1721/1721 1722/1722
f 1723/1723 1724/1724 1725/1725 1726/1726
f 1727/1727 1728/1728 1729/1729 1730/1730
f 1731/1731 1732/1732 1733/1733 1734/1734
f 1735/1735 1736/1736 1737/1737 1738/1738
f 1739/1739 1740/1740 1741/1741 1742/1742
f 1743/1743 1744/1744 1745/1745 1746/1746
f 1747/1747 1748/1748 1749/1749 1750/1750
f 1751/1751 1752/1752 1753/1753 1754/1754
f 1755/1755 1756/1756 1757/1757 1758/1758
f 1759/1759 1760/1760 1761/1761 1762/1762
f 1763/1763 1764/1764 1765/1765 1766/1766
f 1767/1767 1768/1768 1769/1769 1770/1770
f 1771/1771 1772/1772 1773/1773 1774/1774
f 1766/1766 1765/1765 1680/1680 1679/1679
f 1770/1770 1769/1769 1684/1684 1683/1683
f 1774/1774 1773/1773 1688/1688 1687/1687
f 1775/1775 1776/1776 1692/1692 1691/1691
f 1777/1777 1778/1778 1696/1696 1695/1695
f 1779/1779 1780/1780 1700/1700 1699/1699
f 1694/1694 1693/1693 1704/1704 1703/1703
f 1698/1698 1697/1697 1708/1708 1707/1707
f 1702/1702 1701/1701 1712/1712 1711/1711
f 1682/1682 1681/1681 1716/1716 1715/1715
f 1686/1686 1685/1685 1720/1720 1719/1719
f 1690/1690 1689/1689 1724/1724 1723/1723
f 1706/1706 1705/1705 1728/1728 1727/1727
f 1710/1710 1709/1709 1732/1732 1731/1731
f 1714/1714 1713/1713 1736/1736 1735/1735
f 1730/1730 1729/1729 1740/1740 1739/1739
f 1734/1734 1733/1733 1744/1744 1743/1743
f 1738/1738 1737/1737 1748/1748 1747/1747
f 1718/1718 1717/1717 1752/1752 1751/1751
f 1722/1722 1721/1721 1756/1756 1755/1755
f 1726/1726 1725/1725 1760/1760 1759/1759
f 1742/1742 1741/1741 1764/1764 1763/1763
f 1746/1746 1745/1745 1768/1768 1767/1767
f 1750/1750 1749/1749 1772/1772 1771/1771
f 1758/1758 1757/1757 1781/1781 1782/1782
f 1762/1762 1761/1761 1783/1783 1784/1784
f 1785/1785 1786/1786 1787/1787 1788/1788
f 1789/1789 1790/1790 1791/1791 1792/1792
f 1793/1793 1794/1794 1795/1795 1796/1796
f 1797/1797 1798/1798 1799/1799 1800/1800
f 1801/1801 1802/1802 1803/1803 1804/1804
f 1805/1805 1806/1806 1807/1807 1808/1808
f 1809/1809 1810/1810 1811/1811 1812/1812
f 1813/1813 1814/1814 1815/1815 1816/1816
f 1817/1817 1818/1818 1819/1819 1820/1820
f 1821/1821 1822/1822 1823/1823 1824/1824
f 1825/1825 1826/1826 1827/1827 1828/1828
f 1829/1829 1830/1830 1831/1831 1832/1832
f 1833/1833 1834/1834 1835/1835 1836/1836
f 1837/1837 1838/1838 1839/1839 1840/1840
f 1841/1841 1842/1842 1843/1843 1844/1844
f 1845/1845 1846/1846 1847/1847 1848/1848
f 1849/1849 1850/1850 1851/1851 1852/1852
f 1853/1853 1854/1854 1855/1855 1856/1856
f 1857/1857 1858/1858 1859/1859 1860/1860
f 1861/1861 1862/1862 1863/1863 1864/1864
f 1865/1865 1866/1866 1867/1867 1868/1868
f 1869/1869 1870/1870 1871/1871 1872/1872
f 1873/1873 1874/1874 1875/1875 1876/1876
f 1877/1877 1878/1878 1879/1879 1880/1880
f 1881/1881 1882/1882 1776/1776 1775/1775
f 1883/1883 1884/1884 1778/1778 1777/1777
f 1885/1885 1886/1886 1780/1780 1779/1779
f 1872/1872 1871/1871 1786/1786 1785/1785
f 1876/1876 1875/1875 1790/1790 1789/1789
f 1880/1880 1879/1879 1794/1794 1793/1793
f 1887/1887 1888/1888 1798/1798 1797/1797
f 1889/1889 1890/1890 1802/1802 1801/1801
f 1891/1891 1892/1892 1806/1806 1805/1805
f 1800/1800 1799/1799 1810/1810 1809/1809
f 1804/1804 1803/1803 1814/1814 1813/1813
f 1808/1808 1807/1807 1818/1818 1817/1817
f 1788/1788 1787/1787 1822/1822 1821/1821
f 1792/1792 1791/1791 1826/1826 1825/1825
f 1796/1796 1795/1795 1830/1830 1829/1829
f 1812/1812 1811/1811 1834/1834 1833/1833
f 1816/1816 1815/1815 1838/1838 1837/1837
f 1820/1820 1819/1819 1842/1842 1841/1841
f 1836/1836 1835/1835 1846/1846 1845/1845
f 1840/1840 1839/1839 1850/1850 1849/1849
f 1844/1844 1843/1843 1854/1854 1853/1853
f 1824/1824 1823/1823 1858/1858 1857/1857
f 1848/1848 1847/1847 1870/1870 1869/1869
f 1852/1852 1851/1851 1874/1874 1873/1873
f 1856/1856 1855/1855 1878/1878 1877/1877
f 1860/1860 1859/1859 1882/1882 1881/1881
f 1864/1864 1863/1863 1884/1884 1883/1883
f 1868/1868 1867/1867 1886/1886 1885/1885
f 1893/1893 1894/1894 1895/1895 1896/1896
f 1897/1897 1898/1898 1899/1899 1900/1900
f 1901/1901 1902/1902 1903/1903 1904/1904
f 9/9 1905/1905 1906/1906 11/11
f 1907/1907 1908/1908 1909/1909 1910/1910
f 1911/1911 1912/1912 1913/1913 1914/1914
f 1915/1915 1916/1916 1917/1917 1918/1918
f 1919/1919 1920/1920 1921/1921 1922/1922
f 1923/1923 1924/1924 1925/1925 1926/1926
f 1927/1927 1928/1928 1929/1929 1930/1930
f 1931/1931 1932/1932 1933/1933 1934/1934
f 1935/1935 1936/1936 1937/1937 1938/1938
f 1939/1939 1940/1940 1941/1941 1942/1942
f 1943/1943 1944/1944 1945/1945 1946/1946
f 1947/1947 1948/1948 1949/1949 1950/1950
f 1951/1951 1952/1952 1953/1953 1954/1954
f 1955/1955 1956/1956 1957/1957 1958/1958
f 1959/1959 1960/1960 1961/1961 1962/1962
f 1963/1963 1964/1964 1965/1965 1966/1966
f 1967/1967 1968/1968 1969/1969 1970/1970
f 1971/1971 1972/1972 1973/1973 1974/1974
f 1975/1975 1976/1976 1977/1977 1978/1978
f 1979/1979 1980/1980 1981/1981 1982/1982
f 1983/1983 1984/1984 1985/1985 1986/1986
f 1987/1987 1988/1988 1989/1989 1990/1990
f 1991/1991 1992/1992 1993/1993 1994/1994
f 35/35 1995/1995 1996/1996 37/37
f 1997/1997 1998/1998 1999/1999 2000/2000
f 2001/2001 2002/2002 2003/2003 2004/2004
f 2005/2005 2006/2006 2007/2007 2008/2008
f 2009/2009 2010/2010 2011/2011 2012/2012
f 2013/2013 2014/2014 2015/2015 2016/2016
f 2017/2017 2018/2018 2019/2019 2020/2020
f 2021/2021 2022/2022 2023/2023 2024/2024
f 2025/2025 2026/2026 2027/2027 2028/2028
f 2029/2029 2030/2030 2031/2031 2032/2032
f 2033/2033 2034/2034 2035/2035 2036/2036
f 2037/2037 2038/2038 2039/2039 2040/2040
f 2041/2041 2042/2042 2043/2043 2044/2044
f 2045/2045 2046/2046 2047/2047 2048/2048
f 2049/2049 2050/2050 2051/2051 2052/2052
f 2053/2053 2054/2054 2055/2055 2056/2056
f 2057/2057 2058/2058 2059/2059 2060/2060
f 2061/2061 2062/2062 2063/2063 2064/2064
f 2065/2065 2066/2066 2067/2067 2068/2068
f 2069/2069 2070/2070 2071/2071 2072/2072
f 2073/2073 2074/2074 2075/2075 2076/2076
f 2077/2077 2078/2078 2079/2079 2080/2080
f 2081/2081 2082/2082 2083/2083 2084/2084
f 2085/2085 2086/2086 2087/2087 2088/2088
f 2089/2089 2090/2090 2091/2091 2092/2092
f 2093/2093 2094/2094 2095/2095 2096/2096
f 2097/2097 2098/2098 2099/2099 2100/2100
f 2101/2101 2102/2102 2103/2103 2104/2104
f 2105/2105 2106/2106 2107/2107 2108/2108
f 2109/2109 2110/2110 2111/2111 2112/2112
f 1243/1243 2113/2113 2114/2114 1246/1246
f 2115/2115 2104/2104 2103/2103 2116/2116
f 2117/2117 2118/2118 2119/2119 2120/2120
f 1679/2121 2004/2004 2003/2003 2121/2122
f 2122/2123 2072/2072 2071/2071 2123/2124
f 2124/2125 2012/2012 2011/2011 2125/2126
f 1691/2127 2032/2032 2031/2031 2126/2128
f 2127/2129 2128/2130 2129/2131 2130/2132
f 2131/2133 2132/2134 2133/2135 2134/2136
f 47/2137 2052/2052 2051/2051 2135/2138
f 2136/2139 2137/2140 2138/2141 2139/2142
f 2140/2143 2016/2016 2015/2015 2141/2144
f 51/51 2084/2084 2083/2083 53/53
f 2142/2145 2036/2036 2035/2035 2143/2146
f 2144/2147 2008/2008 2007/2007 2145/2148
f 2146/2149 2056/2056 2055/2055 57/2150
f 1715/1715 2076/2076 2075/2075 1718/1718
f 2147/2151 2148/2152 2149/2153 2150/2154
f 2151/2155 2020/2020 2019/2019 2152/2156
f 2153/2157 2040/2040 2039/2039 2154/2158
f 2155/2159 2156/2160 2157/2161 2158/2162
f 2159/2163 2160/2164 2161/2165 2162/2166
f 2163/2167 2060/2060 2059/2059 2164/2168
f 2165/2169 2166/2170 2167/2171 2168/2172
f 2169/2173 2170/2174 2171/2175 2172/2176
f 64/64 2096/2096 2095/2095 65/65
f 2173/2177 2174/2178 2175/2179 2176/2180
f 2177/2181 2024/2024 2023/2023 2178/2182
f 2179/2183 2044/2044 2043/2043 2180/2184
f 1751/1751 2088/2088 2087/2087 1754/1754
f 2181/2185 2182/2186 2183/2187 2184/2188
f 67/2189 2064/2064 2063/2063 2185/2190
f 2186/2191 2187/2192 2188/2193 2189/2194
f 2190/2195 2080/2080 2079/2079 2191/2196
f 1303/1303 2192/2197 2193/2198 1306/1306
f 2194/2199 2195/2200 2196/2201 2197/2202
f 2198/2203 2199/2204 2200/2205 2201/2206
f 2202/2207 2028/2028 2027/2027 2203/2208
f 2204/2209 2048/2048 2047/2047 1766/2210
f 2205/2211 2206/2212 2207/2213 2208/2214
f 2209/2215 2210/2216 2211/2217 2212/2218
f 2213/2219 2068/2068 2067/2067 2214/2220
f 2215/2221 2216/2222 2217/2223 2218/2224
f 2219/2225 2100/2100 2099/2099 2220/2226
f 2221/2227 2000/2000 1999/1999 2222/2228
f 2223/2229 2224/2230 2225/2231 2226/2232
f 2227/2233 2092/2092 2091/2091 2228/2234
f 2229/2235 2230/2236 2231/2237 2232/2238
f 2233/2239 2234/2240 2235/2241 1330/2242
f 2236/2243 2237/2244 2238/2245 2239/2246
f 1339/1339 2240/2247 2241/2248 1342/1342
f 2242/2249 2243/2250 2244/2251 2245/2252
f 1962/1962 1961/1961 1894/1894 1893/1893
f 2246/2253 1962/1962 1893/1893 2247/2254
f 2247/2254 1893/1893 1896/1896 2248/2255
f 1942/1942 1941/1941 1898/1898 1897/1897
f 2249/2256 1942/1942 1897/1897 2250/2257
f 2250/2257 1897/1897 1900/1900 2251/2258
f 1922/1922 1921/1921 1902/1902 1901/1901
f 2252/2259 1922/1922 1901/1901 2253/2260
f 2253/2260 1901/1901 1904/1904 2254/2261
f 8/8 2255/2262 1905/1905 9/9
f 2256/2263 8/8 9/9 2257/2264
f 2257/2264 9/9 11/11 2258/2265
f 11/11 1906/1906 1908/1908 1907/1907
f 2258/2265 11/11 1907/1907 2259/2266
f 2259/2266 1907/1907 1910/1910 2260/2267
f 1910/1910 1909/1909 1912/1912 1911/1911
f 2260/2267 1910/1910 1911/1911 2261/2268
f 2261/2268 1911/1911 1914/1914 2262/2269
f 1914/1914 1913/1913 1916/1916 1915/1915
f 2262/2269 1914/1914 1915/1915 2263/2270
f 2263/2270 1915/1915 1918/1918 2264/2271
f 1918/1918 1917/1917 1920/1920 1919/1919
f 2264/2271 1918/1918 1919/1919 2265/2272
f 2265/2272 1919/1919 1922/1922 2252/2259
f 2266/2273 2267/2274 1924/1924 1923/1923
f 2268/2275 2266/2273 1923/1923 2269/2276
f 2269/2276 1923/1923 1926/1926 2270/2277
f 1926/1926 1925/1925 1928/1928 1927/1927
f 2270/2277 1926/1926 1927/1927 630/2278
f 630/630 1927/1927 1930/1930 636/636
f 1930/1930 1929/1929 1932/1932 1931/1931
f 636/636 1930/1930 1931/1931 2271/2279
f 2271/2279 1931/1931 1934/1934 2272/2280
f 1934/1934 1933/1933 1936/1936 1935/1935
f 2272/2280 1934/1934 1935/1935 2273/2281
f 2273/2281 1935/1935 1938/1938 2274/2282
f 1938/1938 1937/1937 1940/1940 1939/1939
f 2274/2282 1938/1938 1939/1939 2275/2283
f 2275/2283 1939/1939 1942/1942 2249/2256
f 2276/2284 2277/2285 1944/1944 1943/1943
f 833/2286 2276/2284 1943/1943 2278/2287
f 2278/2287 1943/1943 1946/1946 2279/2288
f 1946/1946 1945/1945 1948/1948 1947/1947
f 2279/2288 1946/1946 1947/1947 2280/2289
f 2280/2289 1947/1947 1950/1950 2281/2290
f 1950/1950 1949/1949 1952/1952 1951/1951
f 2281/2290 1950/1950 1951/1951 2282/2291
f 2282/2291 1951/1951 1954/1954 2283/2292
f 1954/1954 1953/1953 1956/1956 1955/1955
f 2283/2292 1954/1954 1955/1955 2284/2293
f 2284/2293 1955/1955 1958/1958 2285/2294
f 1958/1958 1957/1957 1960/1960 1959/1959
f 2286/2295 1959/1959 1962/1962 2246/2253
f 1896/1896 1895/1895 1964/1964 1963/1963
f 2248/2255 1896/1896 1963/1963 2287/2296
f 2287/2296 1963/1963 1966/1966 2288/2297
f 1900/1900 1899/1899 1968/1968 1967/1967
f 2251/2258 1900/1900 1967/1967 2289/2298
f 2289/2298 1967/1967 1970/1970 2290/2299
f 1904/1904 1903/1903 1972/1972 1971/1971
f 2254/2261 1904/1904 1971/1971 2291/2300
f 2291/2300 1971/1971 1974/1974 2292/2301
f 1966/1966 1965/1965 1976/1976 1975/1975
f 2288/2297 1966/1966 1975/1975 2293/2302
f 2293/2302 1975/1975 1978/1978 908/2303
f 1970/1970 1969/1969 1980/1980 1979/1979
f 2290/2299 1970/1970 1979/1979 684/2304
f 684/2304 1979/1979 1982/1982 690/690
f 1974/1974 1973/1973 1984/1984 1983/1983
f 2292/2301 1974/1974 1983/1983 2294/2305
f 2294/2305 1983/1983 1986/1986 2295/2306
f 1978/1978 1977/1977 1988/1988 1987/1987
f 908/908 1978/1978 1987/1987 914/914
f 914/914 1987/1987 1990/1990 920/920
f 1982/1982 1981/1981 1992/1992 1991/1991
f 690/690 1982/1982 1991/1991 696/696
f 696/696 1991/1991 1994/1994 702/702
f 1986/1986 1985/1985 1995/1995 35/35
f 2295/2306 1986/1986 35/35 2296/2307
f 2296/2307 35/35 37/37 2297/2308
f 2174/2309 2107/2310 1998/2311 1997/2312
f 2175/2179 2174/2178 1997/2312 2066/2313
f 2066/2066 1997/1997 2000/2000 2067/2067
f 2166/2314 2138/2315 2002/2316 2001/2317
f 2167/2171 2166/2170 2001/2317 2046/2318
f 2046/2046 2001/2001 2004/2004 2047/2047
f 2160/2319 2171/2320 2006/2321 2005/2322
f 2161/2165 2160/2164 2005/2322 2026/2323
f 2026/2026 2005/2005 2008/2008 2027/2027
f 2132/2324 2111/2325 2010/2326 2009/2327
f 2133/2135 2132/2134 2009/2327 2298/2328
f 2298/2329 2009/2009 2012/2012 2299/2330
f 2110/2331 2231/2332 2014/2333 2013/2334
f 2111/2325 2110/2110 2013/2334 2010/2326
f 2010/2010 2013/2013 2016/2016 2011/2011
f 2230/2335 2211/2336 2018/2337 2017/2338
f 2231/2332 2230/2236 2017/2338 2014/2333
f 2014/2014 2017/2017 2020/2020 2015/2015
f 2210/2339 2183/2340 2022/2341 2021/2342
f 2211/2217 2210/2216 2021/2342 2018/2337
f 2018/2018 2021/2021 2024/2024 2019/2019
f 2182/2343 2161/2165 2026/2323 2025/2344
f 2183/2187 2182/2186 2025/2344 2022/2341
f 2022/2022 2025/2025 2028/2028 2023/2023
f 2240/2345 2114/2346 2030/2347 2029/2348
f 2241/2248 2240/2247 2029/2348 2300/2349
f 2300/2350 2029/2029 2032/2032 2301/2351
f 2113/2352 2235/2353 2034/2354 2033/2355
f 2114/2346 2113/2113 2033/2355 2030/2347
f 2030/2030 2033/2033 2036/2036 2031/2031
f 2234/2356 2217/2357 2038/2358 2037/2359
f 2235/2353 2234/2240 2037/2359 2034/2354
f 2034/2034 2037/2037 2040/2040 2035/2035
f 2216/2360 2188/2361 2042/2362 2041/2363
f 2217/2223 2216/2222 2041/2363 2038/2358
f 2038/2038 2041/2041 2044/2044 2039/2039
f 2187/2364 2167/2171 2046/2318 2045/2365
f 2188/2193 2187/2192 2045/2365 2042/2362
f 2042/2042 2045/2045 2048/2048 2043/2043
f 2195/2366 2119/2367 2050/2368 2049/2369
f 2196/2201 2195/2200 2049/2369 2302/2370
f 2302/2371 2049/2049 2052/2052 2303/2372
f 2118/2373 2244/2374 2054/2375 2053/2376
f 2119/2119 2118/2118 2053/2376 2050/2368
f 2050/2050 2053/2053 2056/2056 2051/2051
f 2243/2377 2225/2378 2058/2379 2057/2380
f 2244/2251 2243/2250 2057/2380 2054/2375
f 2054/2054 2057/2057 2060/2060 2055/2055
f 2224/2381 2200/2382 2062/2383 2061/2384
f 2225/2378 2224/2230 2061/2384 2058/2379
f 2058/2058 2061/2061 2064/2064 2059/2059
f 2199/2385 2175/2179 2066/2313 2065/2386
f 2200/2205 2199/2204 2065/2386 2062/2383
f 2062/2062 2065/2065 2068/2068 2063/2063
f 2106/2387 2129/2388 2070/2389 2069/2390
f 2107/2310 2106/2106 2069/2390 1998/2311
f 1998/1998 2069/2069 2072/2072 1999/1999
f 2137/2391 2157/2392 2074/2393 2073/2394
f 2138/2141 2137/2140 2073/2394 2002/2316
f 2002/2002 2073/2073 2076/2076 2003/2003
f 2170/2395 2207/2396 2078/2397 2077/2398
f 2171/2320 2170/2174 2077/2398 2006/2321
f 2006/2006 2077/2077 2080/2080 2007/2007
f 2128/2399 2149/2400 2082/2401 2081/2402
f 2129/2388 2128/2130 2081/2402 2070/2389
f 2070/2070 2081/2081 2084/2084 2071/2071
f 2156/2403 2193/2404 2086/2405 2085/2406
f 2157/2392 2156/2160 2085/2406 2074/2393
f 2074/2074 2085/2085 2088/2088 2075/2075
f 2206/2407 2238/2408 2090/2409 2089/2410
f 2207/2396 2206/2212 2089/2410 2078/2397
f 2078/2078 2089/2089 2092/2092 2079/2079
f 2148/2411 2304/2412 2094/2413 2093/2414
f 2149/2400 2148/2152 2093/2414 2082/2401
f 2082/2082 2093/2093 2096/2096 2083/2083
f 2192/2415 2305/2416 2098/2417 2097/2418
f 2193/2198 2192/2197 2097/2418 2086/2405
f 2086/2086 2097/2097 2100/2100 2087/2087
f 2237/2419 2306/2420 2102/2421 2101/2422
f 2238/2408 2237/2244 2101/2422 2090/2409
f 2090/2090 2101/2101 2104/2104 2091/2091
f 2130/2132 2129/2131 2106/2387 2105/2105
f 2288/2297 2130/2132 2105/2105 2287/2296
f 2287/2296 2105/2105 2108/2108 2248/2255
f 2232/2238 2231/2237 2110/2331 2109/2109
f 2260/2267 2232/2238 2109/2109 2259/2266
f 2259/2266 2109/2109 2112/2112 2258/2265
f 1330/1330 2235/2241 2113/2352 1243/1243
f 636/636 1330/1330 1243/1243 630/630
f 630/630 1243/1243 1246/1246 2270/2277
f 2228/2234 2091/2091 2104/2104 2115/2115
f 1985/1985 2228/2234 2115/2115 1995/1995
f 1995/1995 2115/2115 2116/2116 1996/1996
f 2245/2252 2244/2251 2118/2373 2117/2117
f 2281/2290 2245/2252 2117/2117 2280/2289
f 2280/2289 2117/2117 2120/2120 2279/2288
f 1766/1766 2047/2047 2004/2004 1679/1679
f 1941/1941 1766/1766 1679/1679 1898/1898
f 1898/1898 1679/1679 2121/2122 1899/1899
f 2222/2228 1999/1999 2072/2072 2122/2123
f 1895/1895 2222/2228 2122/2123 1964/1964
f 1964/1964 2122/2123 2123/2124 1965/1965
f 2307/2423 2299/2330 2012/2012 2124/2125
f 2255/2262 2307/2423 2124/2125 1905/1905
f 1905/1905 2124/2125 2125/2126 1906/1906
f 1775/1775 2301/2351 2032/2032 1691/1691
f 2267/2274 1775/1775 1691/1691 1924/1924
f 1924/1924 1691/1691 2126/2128 1925/1925
f 2150/2154 2149/2153 2128/2399 2127/2129
f 908/2303 2150/2154 2127/2129 2293/2302
f 2293/2302 2127/2129 2130/2132 2288/2297
f 2112/2112 2111/2111 2132/2324 2131/2133
f 2258/2265 2112/2112 2131/2133 2257/2264
f 2257/2264 2131/2133 2134/2136 2256/2263
f 46/46 2303/2372 2052/2052 47/47
f 2277/2285 46/46 47/47 1944/1944
f 1944/1944 47/47 2135/2138 1945/1945
f 2158/2162 2157/2161 2137/2391 2136/2139
f 2290/2299 2158/2162 2136/2139 2289/2298
f 2289/2298 2136/2139 2139/2142 2251/2258
f 2125/2126 2011/2011 2016/2016 2140/2143
f 1906/1906 2125/2126 2140/2143 1908/1908
f 1908/1908 2140/2143 2141/2144 1909/1909
f 2123/2124 2071/2071 2084/2084 51/51
f 1965/1965 2123/2124 51/51 1976/1976
f 1976/1976 51/51 53/53 1977/1977
f 2126/2128 2031/2031 2036/2036 2142/2145
f 1925/1925 2126/2128 2142/2145 1928/1928
f 1928/1928 2142/2145 2143/2146 1929/1929
f 2203/2208 2027/2027 2008/2008 2144/2147
f 1921/1921 2203/2208 2144/2147 1902/1902
f 1902/1902 2144/2147 2145/2148 1903/1903
f 2135/2138 2051/2051 2056/2056 2146/2149
f 1945/1945 2135/2138 2146/2149 1948/1948
f 1948/1948 2146/2149 57/2150 1949/1949
f 2121/2122 2003/2003 2076/2076 1715/1715
f 1899/1899 2121/2122 1715/1715 1968/1968
f 1968/1968 1715/1715 1718/1718 1969/1969
f 2308/2424 2304/2412 2148/2411 2147/2151
f 920/920 2308/2424 2147/2151 914/914
f 914/914 2147/2151 2150/2154 908/908
f 2141/2144 2015/2015 2020/2020 2151/2155
f 1909/1909 2141/2144 2151/2155 1912/1912
f 1912/1912 2151/2155 2152/2156 1913/1913
f 2143/2146 2035/2035 2040/2040 2153/2157
f 1929/1929 2143/2146 2153/2157 1932/1932
f 1932/1932 2153/2157 2154/2158 1933/1933
f 1306/1306 2193/2198 2156/2403 2155/2159
f 690/690 1306/1306 2155/2159 684/684
f 684/684 2155/2159 2158/2162 2290/2299
f 2172/2176 2171/2175 2160/2319 2159/2163
f 2254/2261 2172/2176 2159/2163 2253/2260
f 2253/2260 2159/2163 2162/2166 2252/2259
f 57/2150 2055/2055 2060/2060 2163/2167
f 1949/1949 57/2150 2163/2167 1952/1952
f 1952/1952 2163/2167 2164/2168 1953/1953
f 2139/2142 2138/2141 2166/2314 2165/2169
f 2251/2258 2139/2142 2165/2169 2250/2257
f 2250/2257 2165/2169 2168/2172 2249/2256
f 2208/2214 2207/2213 2170/2395 2169/2173
f 2292/2301 2208/2214 2169/2173 2291/2300
f 2291/2300 2169/2173 2172/2176 2254/2261
f 53/53 2083/2083 2096/2096 64/64
f 1977/1977 53/53 64/64 1988/1988
f 1988/1988 64/64 65/65 1989/1989
f 2108/2108 2107/2107 2174/2309 2173/2177
f 2248/2255 2108/2108 2173/2177 2247/2254
f 2247/2254 2173/2177 2176/2180 2246/2253
f 2152/2156 2019/2019 2024/2024 2177/2181
f 1913/1913 2152/2156 2177/2181 1916/1916
f 1916/1916 2177/2181 2178/2182 1917/1917
f 2154/2158 2039/2039 2044/2044 2179/2183
f 1933/1933 2154/2158 2179/2183 1936/1936
f 1936/1936 2179/2183 2180/2184 1937/1937
f 1718/1718 2075/2075 2088/2088 1751/1751
f 1969/1969 1718/1718 1751/1751 1980/1980
f 1980/1980 1751/1751 1754/1754 1981/1981
f 2162/2166 2161/2165 2182/2343 2181/2185
f 2252/2259 2162/2166 2181/2185 2265/2272
f 2265/2272 2181/2185 2184/2188 2264/2271
f 2164/2168 2059/2059 2064/2064 67/2189
f 1953/1953 2164/2168 67/2189 1956/1956
f 1956/1956 67/2189 2185/2190 1957/1957
f 2168/2172 2167/2171 2187/2364 2186/2191
f 2249/2256 2168/2172 2186/2191 2275/2283
f 2275/2283 2186/2191 2189/2194 2274/2282
f 2145/2148 2007/2007 2080/2080 2190/2195
f 1903/1903 2145/2148 2190/2195 1972/1972
f 1972/1972 2190/2195 2191/2196 1973/1973
f 2309/2425 2305/2416 2192/2415 1303/1303
f 702/702 2309/2425 1303/1303 696/696
f 696/696 1303/1303 1306/1306 690/690
f 2120/2120 2119/2119 2195/2366 2194/2199
f 2279/2288 2120/2120 2194/2199 2278/2287
f 2278/2287 2194/2199 2197/2202 833/2286
f 2176/2180 2175/2179 2199/2385 2198/2203
f 2246/2253 2176/2180 2198/2203 2286/2295
f 2286/2295 2198/2203 2201/2206 2285/2426
f 2178/2182 2023/2023 2028/2028 2202/2207
f 1917/1917 2178/2182 2202/2207 1920/1920
f 1920/1920 2202/2207 2203/2208 1921/1921
f 2180/2184 2043/2043 2048/2048 2204/2209
f 1937/1937 2180/2184 2204/2209 1940/1940
f 1940/1940 2204/2209 1766/2210 1941/1941
f 2239/2246 2238/2245 2206/2407 2205/2211
f 2295/2306 2239/2246 2205/2211 2294/2305
f 2294/2305 2205/2211 2208/2214 2292/2301
f 2184/2188 2183/2187 2210/2339 2209/2215
f 2264/2271 2184/2188 2209/2215 2263/2270
f 2263/2270 2209/2215 2212/2218 2262/2269
f 2185/2190 2063/2063 2068/2068 2213/2219
f 1957/1957 2185/2190 2213/2219 1960/1960
f 1960/1960 2213/2219 2214/2220 1961/1961
f 2189/2194 2188/2193 2216/2360 2215/2221
f 2274/2282 2189/2194 2215/2221 2273/2281
f 2273/2281 2215/2221 2218/2224 2272/2280
f 1754/1754 2087/2087 2100/2100 2219/2225
f 1981/1981 1754/1754 2219/2225 1992/1992
f 1992/1992 2219/2225 2220/2226 1993/1993
f 2214/2220 2067/2067 2000/2000 2221/2227
f 1961/1961 2214/2220 2221/2227 1894/1894
f 1894/1894 2221/2227 2222/2228 1895/1895
f 2201/2206 2200/2205 2224/2381 2223/2229
f 2285/2426 2201/2206 2223/2229 2284/2293
f 2284/2293 2223/2229 2226/2232 2283/2292
f 2191/2196 2079/2079 2092/2092 2227/2233
f 1973/1973 2191/2196 2227/2233 1984/1984
f 1984/1984 2227/2233 2228/2234 1985/1985
f 2212/2218 2211/2217 2230/2335 2229/2235
f 2262/2269 2212/2218 2229/2235 2261/2268
f 2261/2268 2229/2235 2232/2238 2260/2267
f 2218/2224 2217/2223 2234/2356 2233/2239
f 2272/2280 2218/2224 2233/2239 2271/2279
f 2271/2279 2233/2239 1330/2242 636/636
f 2310/2427 2306/2420 2237/2419 2236/2243
f 2297/2308 2310/2427 2236/2243 2296/2307
f 2296/2307 2236/2243 2239/2246 2295/2306
f 1246/1246 2114/2114 2240/2345 1339/1339
f 2270/2277 1246/1246 1339/1339 2269/2276
f 2269/2276 1339/1339 1342/1342 2268/2275
f 2226/2232 2225/2231 2243/2377 2242/2249
f 2283/2292 2226/2232 2242/2249 2282/2291
f 2282/2291 2242/2249 2245/2252 2281/2290
f 2311/2428 2312/2429 2313/2430 2314/2431
f 2315/2432 2316/2433 2317/2434 2318/2435
f 81/81 2319/2436 2320/2437 83/83
f 2321/2438 2322/2439 2323/2440 2324/2441
f 2325/2442 2326/2443 2327/2444 2328/2445
f 2329/2446 2330/2447 2331/2448 2332/2449
f 2333/2450 2334/2451 2335/2452 2336/2453
f 2337/2454 2338/2455 2339/2456 2340/2457
f 2341/2458 2342/2459 2343/2460 2344/2461
f 2345/2462 2346/2463 2347/2464 2348/2465
f 2349/2466 2350/2467 2351/2468 2352/2469
f 2353/2470 2354/2471 2355/2472 2356/2473
f 2357/2474 2358/2475 2359/2476 2360/2477
f 2361/2478 2362/2479 2363/2480 2364/2481
f 2365/2482 2366/2483 2367/2484 2368/2485
f 2369/2486 2370/2487 2371/2488 2372/2489
f 2373/2490 2374/2491 2375/2492 2376/2493
f 2377/2494 2378/2495 2379/2496 2380/2497
f 2381/2498 2382/2499 2383/2500 2384/2501
f 2385/2502 2386/2503 2387/2504 2388/2505
f 105/105 2389/2506 2390/2507 107/107
f 2391/2508 2392/2509 2393/2510 2394/2511
f 2395/2512 2396/2513 2397/2514 2398/2515
f 109/109 2399/2516 2400/2517 111/111
f 2401/2518 2402/2519 2277/2285 2276/2284
f 2403/2520 2300/2350 2301/2351 2404/2521
f 113/113 2405/2522 2255/2262 8/8
f 2406/2523 2407/2524 2408/2525 2409/2526
f 2410/2527 2411/2528 2412/2529 2413/2530
f 2414/2531 2415/2532 2416/2533 2417/2534
f 2418/2535 2419/2536 2420/2537 2421/2538
f 2422/2539 2423/2540 2424/2541 2425/2542
f 2426/2543 2427/2544 2428/2545 2429/2546
f 2430/2547 2431/2548 2432/2549 2433/2550
f 2434/2551 2435/2552 2436/2553 2437/2554
f 2438/2555 2439/2556 2440/2557 2441/2558
f 2442/2559 2443/2560 2444/2561 2445/2562
f 2446/2563 2447/2564 2448/2565 2449/2566
f 2450/2567 2451/2568 2452/2569 2453/2570
f 2454/2571 2455/2572 2456/2573 2457/2574
f 2458/2575 2459/2576 2460/2577 2461/2578
f 2462/2579 2463/2580 2464/2581 2465/2582
f 2466/2583 2467/2584 2468/2585 2469/2586
f 2470/2587 2471/2588 2472/2589 2473/2590
f 2474/2591 2475/2592 2476/2593 2477/2594
f 2478/2595 2479/2596 2480/2597 2481/2598
f 2482/2599 2483/2600 2484/2601 2485/2602
f 2486/2603 2487/2604 2488/2605 2489/2606
f 2490/2607 2491/2608 2492/2609 2493/2610
f 2494/2611 2495/2612 2496/2613 2497/2614
f 2498/2615 2499/2616 2500/2617 2501/2618
f 2502/2619 2302/2371 2303/2372 2503/2620
f 2504/2621 2505/2622 2267/2274 2266/2273
f 2506/2623 2298/2329 2299/2330 2507/2624
f 2508/2625 2509/2626 2510/2627 2511/2628
f 2512/2629 2513/2630 2514/2631 2515/2632
f 1351/1351 2516/2633 2517/2634 1354/1354
f 2518/2635 2507/2624 2299/2330 2307/2423
f 2519/2636 2520/2637 2521/2638 2522/2639
f 1785/1785 2413/2530 2412/2529 1788/1788
f 117/117 2481/2598 2480/2597 119/119
f 2523/2640 2421/2538 2420/2537 2524/2641
f 1797/1797 2441/2558 2440/2557 1800/1800
f 2525/2642 2526/2643 2527/2644 2528/2645
f 2529/2646 2530/2647 2531/2648 2532/2649
f 123/123 2461/2578 2460/2577 125/125
f 1363/1363 2533/2650 2534/2651 1366/1366
f 2535/2652 2425/2542 2424/2541 2536/2653
f 127/127 2493/2610 2492/2609 129/129
f 1809/1809 2445/2562 2444/2561 1812/1812
f 2537/2654 2417/2534 2416/2533 2538/2655
f 131/131 2465/2582 2464/2581 133/133
f 1821/1821 2485/2602 2484/2601 1824/1824
f 2539/2656 2540/2657 2541/2658 2542/2659
f 2543/2660 2429/2546 2428/2545 2544/2661
f 1833/1833 2449/2566 2448/2565 1836/1836
f 1375/1375 2545/2662 2546/2663 1378/1378
f 2547/2664 2548/2665 2549/2666 2550/2667
f 135/135 2469/2586 2468/2585 137/137
f 1387/1387 2551/2668 2552/2669 1390/1390
f 2553/2670 2554/2671 2555/2672 2556/2673
f 2402/2519 78/78 46/46 2277/2285
f 2557/2674 2558/2675 2559/2676 2560/2677
f 2561/2678 2433/2550 2432/2549 2562/2679
f 2563/2680 2453/2570 2452/2569 2564/2681
f 1857/1857 2497/2614 2496/2613 1860/1860
f 2565/2682 2566/2683 2567/2684 2568/2685
f 139/139 2473/2590 2472/2589 141/141
f 2569/2686 2570/2687 2571/2688 1455/2689
f 2572/2690 2489/2606 2488/2605 2573/2691
f 1403/1403 2574/2692 2575/2693 1406/1406
f 2576/2694 2577/2695 2578/2696 2579/2697
f 2580/2698 2581/2699 2582/2700 2583/2701
f 2584/2702 2437/2554 2436/2553 2585/2703
f 1869/1869 2457/2574 2456/2573 1872/1872
f 2586/2704 2587/2705 2588/2706 2589/2707
f 2590/2708 2591/2709 2592/2710 2593/2711
f 2594/2712 2477/2594 2476/2593 2595/2713
f 1415/1415 2596/2714 2597/2715 1418/1418
f 2598/2716 2409/2526 2408/2525 2599/2717
f 2600/2718 2601/2719 2602/2720 2603/2721
f 2604/2722 2501/2618 2500/2617 2605/2723
f 2606/2724 2607/2725 2608/2726 2609/2727
f 1427/1427 2610/2728 2611/2729 1430/1430
f 2612/2730 2613/2731 2614/2732 2615/2733
f 1439/1439 2616/2734 2617/2735 1442/1442
f 2618/2736 2619/2737 2620/2738 2621/2739
f 2380/2497 2379/2496 2312/2429 2311/2428
f 925/925 2380/2497 2311/2428 928/928
f 928/928 2311/2428 2314/2431 938/938
f 2360/2477 2359/2476 2316/2433 2315/2432
f 2622/2740 2360/2477 2315/2432 710/2741
f 710/2741 2315/2432 2318/2435 2623/2742
f 2340/2457 2339/2456 2319/2436 81/81
f 2624/2743 2340/2457 81/81 2625/2744
f 2625/2744 81/81 83/83 2626/2745
f 2627/2746 2628/2747 2322/2439 2321/2438
f 2629/2748 2627/2746 2321/2438 2630/2749
f 2630/2749 2321/2438 2324/2441 2631/2750
f 2324/2441 2323/2440 2326/2443 2325/2442
f 2631/2750 2324/2441 2325/2442 2632/2751
f 2632/2751 2325/2442 2328/2445 2633/2752
f 2328/2445 2327/2444 2330/2447 2329/2446
f 2633/2752 2328/2445 2329/2446 2634/2753
f 2634/2753 2329/2446 2332/2449 2635/2754
f 2332/2449 2331/2448 2334/2451 2333/2450
f 2635/2754 2332/2449 2333/2450 2636/2755
f 2636/2755 2333/2450 2336/2453 2637/2756
f 2336/2453 2335/2452 2338/2455 2337/2454
f 2637/2756 2336/2453 2337/2454 2638/2757
f 2638/2757 2337/2454 2340/2457 2624/2743
f 2639/2758 2640/2759 2342/2459 2341/2458
f 725/725 2639/2758 2341/2458 728/728
f 728/728 2341/2458 2344/2461 738/738
f 2344/2461 2343/2460 2346/2463 2345/2462
f 738/738 2344/2461 2345/2462 744/744
f 744/744 2345/2462 2348/2465 750/750
f 2348/2465 2347/2464 2350/2467 2349/2466
f 750/750 2348/2465 2349/2466 756/756
f 756/756 2349/2466 2352/2469 762/762
f 2352/2469 2351/2468 2354/2471 2353/2470
f 762/762 2352/2469 2353/2470 768/768
f 768/768 2353/2470 2356/2473 2641/2760
f 2356/2473 2355/2472 2358/2475 2357/2474
f 2641/2760 2356/2473 2357/2474 2642/2761
f 2642/2761 2357/2474 2360/2477 2622/2740
f 2643/2762 2644/2763 2362/2479 2361/2478
f 943/943 2643/2762 2361/2478 946/946
f 946/946 2361/2478 2364/2481 956/956
f 2364/2481 2363/2480 2366/2483 2365/2482
f 956/956 2364/2481 2365/2482 962/962
f 962/962 2365/2482 2368/2485 968/968
f 2368/2485 2367/2484 2370/2487 2369/2486
f 968/968 2368/2485 2369/2486 2645/2764
f 2645/2764 2369/2486 2372/2489 2646/2765
f 2372/2489 2371/2488 2374/2491 2373/2490
f 2646/2765 2372/2489 2373/2490 986/2766
f 986/986 2373/2490 2376/2493 992/992
f 2376/2493 2375/2492 2378/2495 2377/2494
f 992/992 2376/2493 2377/2494 998/998
f 998/998 2377/2494 2380/2497 925/925
f 2314/2431 2313/2430 2382/2499 2381/2498
f 938/938 2314/2431 2381/2498 1004/1004
f 1004/1004 2381/2498 2384/2501 1010/1010
f 2318/2435 2317/2434 2386/2503 2385/2502
f 2623/2742 2318/2435 2385/2502 2647/2767
f 2647/2767 2385/2502 2388/2505 2648/2768
f 83/83 2320/2437 2389/2506 105/105
f 2626/2745 83/83 105/105 2649/2769
f 2649/2769 105/105 107/107 2650/2770
f 2384/2501 2383/2500 2392/2509 2391/2508
f 1010/1010 2384/2501 2391/2508 1016/1016
f 1016/1016 2391/2508 2394/2511 1022/1022
f 2388/2505 2387/2504 2396/2513 2395/2512
f 2648/2768 2388/2505 2395/2512 798/2771
f 798/2771 2395/2512 2398/2515 804/804
f 107/107 2390/2507 2399/2516 109/109
f 2650/2770 107/107 109/109 2651/2772
f 2651/2772 109/109 111/111 2652/2773
f 2394/2511 2393/2510 2402/2519 2401/2518
f 1022/1022 2394/2511 2401/2518 1028/1028
f 1028/1028 2401/2518 2276/2284 833/833
f 2398/2515 2397/2514 2505/2622 2504/2621
f 804/804 2398/2515 2504/2621 2653/2774
f 2653/2774 2504/2621 2266/2273 2268/2275
f 111/111 2400/2517 2405/2522 113/113
f 2652/2773 111/111 113/113 2654/2775
f 1881/1881 2404/2521 2301/2351 1775/1775
f 2558/2776 2510/2777 2407/2778 2406/2779
f 2559/2676 2558/2675 2406/2779 2475/2780
f 2475/2592 2406/2523 2409/2526 2476/2593
f 2551/2781 2534/2782 2411/2783 2410/2784
f 2552/2669 2551/2668 2410/2784 2455/2785
f 2455/2572 2410/2527 2413/2530 2456/2573
f 2548/2786 2555/2787 2415/2788 2414/2789
f 2549/2666 2548/2665 2414/2789 2435/2790
f 2435/2552 2414/2531 2417/2534 2436/2553
f 2530/2791 2514/2792 2419/2793 2418/2794
f 2531/2648 2530/2647 2418/2794 2655/2795
f 2655/2796 2418/2535 2421/2538 2656/2797
f 2513/2798 2608/2799 2423/2800 2422/2801
f 2514/2631 2513/2630 2422/2801 2419/2793
f 2419/2536 2422/2539 2425/2542 2420/2537
f 2607/2802 2592/2803 2427/2804 2426/2805
f 2608/2799 2607/2725 2426/2805 2423/2800
f 2423/2540 2426/2543 2429/2546 2424/2541
f 2591/2806 2567/2807 2431/2808 2430/2809
f 2592/2803 2591/2709 2430/2809 2427/2804
f 2427/2544 2430/2547 2433/2550 2428/2545
f 2566/2810 2549/2666 2435/2790 2434/2811
f 2567/2684 2566/2683 2434/2811 2431/2808
f 2431/2548 2434/2551 2437/2554 2432/2549
f 2616/2812 2517/2813 2439/2814 2438/2815
f 2617/2735 2616/2734 2438/2815 2657/2816
f 2657/2817 2438/2555 2441/2558 2658/2818
f 2516/2819 2611/2820 2443/2821 2442/2822
f 2517/2813 2516/2633 2442/2822 2439/2814
f 2439/2556 2442/2559 2445/2562 2440/2557
f 2610/2823 2597/2824 2447/2825 2446/2826
f 2611/2729 2610/2728 2446/2826 2443/2821
f 2443/2560 2446/2563 2449/2566 2444/2561
f 2596/2827 2571/2828 2451/2829 2450/2830
f 2597/2824 2596/2714 2450/2830 2447/2825
f 2447/2564 2450/2567 2453/2570 2448/2565
f 2570/2831 2552/2669 2455/2785 2454/2832
f 2571/2688 2570/2687 2454/2832 2451/2829
f 2451/2568 2454/2571 2457/2574 2452/2569
f 2577/2833 2521/2834 2459/2835 2458/2836
f 2578/2696 2577/2695 2458/2836 2659/2837
f 2659/2838 2458/2575 2461/2578 2660/2839
f 2520/2840 2620/2841 2463/2842 2462/2843
f 2521/2638 2520/2637 2462/2843 2459/2835
f 2459/2576 2462/2579 2465/2582 2460/2577
f 2619/2844 2602/2845 2467/2846 2466/2847
f 2620/2841 2619/2737 2466/2847 2463/2842
f 2463/2580 2466/2583 2469/2586 2464/2581
f 2601/2848 2582/2849 2471/2850 2470/2851
f 2602/2720 2601/2719 2470/2851 2467/2846
f 2467/2584 2470/2587 2473/2590 2468/2585
f 2581/2852 2559/2676 2475/2780 2474/2853
f 2582/2849 2581/2699 2474/2853 2471/2850
f 2471/2588 2474/2591 2477/2594 2472/2589
f 2509/2854 2527/2855 2479/2856 2478/2857
f 2510/2627 2509/2626 2478/2857 2407/2778
f 2407/2524 2478/2595 2481/2598 2408/2525
f 2533/2858 2546/2859 2483/2860 2482/2861
f 2534/2651 2533/2650 2482/2861 2411/2783
f 2411/2528 2482/2599 2485/2602 2412/2529
f 2554/2862 2588/2863 2487/2864 2486/2865
f 2555/2672 2554/2671 2486/2865 2415/2788
f 2415/2532 2486/2603 2489/2606 2416/2533
f 2526/2866 2541/2867 2491/2868 2490/2869
f 2527/2855 2526/2643 2490/2869 2479/2856
f 2479/2596 2490/2607 2493/2610 2480/2597
f 2545/2870 2575/2871 2495/2872 2494/2873
f 2546/2859 2545/2662 2494/2873 2483/2860
f 2483/2600 2494/2611 2497/2614 2484/2601
f 2587/2874 2614/2875 2499/2876 2498/2877
f 2588/2863 2587/2705 2498/2877 2487/2864
f 2487/2604 2498/2615 2501/2618 2488/2605
f 2540/2878 2196/2201 2302/2370 2502/2879
f 2541/2867 2540/2657 2502/2879 2491/2868
f 2491/2608 2502/2619 2503/2620 2492/2609
f 2574/2880 2241/2248 2300/2349 2403/2881
f 2575/2693 2574/2692 2403/2881 2495/2872
f 2495/2612 2403/2520 2404/2521 2496/2613
f 2613/2882 2133/2135 2298/2328 2506/2883
f 2614/2732 2613/2731 2506/2883 2499/2876
f 2499/2616 2506/2623 2507/2624 2500/2617
f 2528/2645 2527/2644 2509/2854 2508/2625
f 1010/1010 2528/2645 2508/2625 1004/1004
f 1004/1004 2508/2625 2511/2628 938/938
f 2609/2727 2608/2726 2513/2798 2512/2629
f 2633/2752 2609/2727 2512/2629 2632/2751
f 2632/2751 2512/2629 2515/2632 2631/2750
f 1430/1430 2611/2729 2516/2819 1351/1351
f 750/750 1430/1430 1351/1351 744/744
f 744/744 1351/1351 1354/1354 738/738
f 2605/2723 2500/2617 2507/2624 2518/2635
f 2400/2517 2605/2723 2518/2635 2405/2522
f 2654/2775 113/113 8/8 2256/2263
f 2621/2739 2620/2738 2520/2840 2519/2636
f 968/968 2621/2739 2519/2636 962/962
f 962/962 2519/2636 2522/2639 956/956
f 1872/1872 2456/2573 2413/2530 1785/1785
f 2359/2476 1872/1872 1785/1785 2316/2433
f 2316/2433 1785/1785 1788/1788 2317/2434
f 2599/2717 2408/2525 2481/2598 117/117
f 2313/2430 2599/2717 117/117 2382/2499
f 2382/2499 117/117 119/119 2383/2500
f 2661/2884 2656/2797 2421/2538 2523/2640
f 2628/2747 2661/2884 2523/2640 2322/2439
f 2322/2439 2523/2640 2524/2641 2323/2440
f 1887/1887 2658/2818 2441/2558 1797/1797
f 2640/2759 1887/1887 1797/1797 2342/2459
f 2342/2459 1797/1797 1800/1800 2343/2460
f 2542/2659 2541/2658 2526/2866 2525/2642
f 1022/1022 2542/2659 2525/2642 1016/1016
f 1016/1016 2525/2642 2528/2645 1010/1010
f 2515/2632 2514/2631 2530/2791 2529/2646
f 2631/2750 2515/2632 2529/2646 2630/2749
f 2630/2749 2529/2646 2532/2649 2629/2748
f 122/122 2660/2839 2461/2578 123/123
f 2644/2763 122/122 123/123 2362/2479
f 2362/2479 123/123 125/125 2363/2480
f 1378/1378 2546/2663 2533/2858 1363/1363
f 2648/2768 1378/1378 1363/1363 2647/2767
f 2647/2767 1363/1363 1366/1366 2623/2742
f 2524/2641 2420/2537 2425/2542 2535/2652
f 2323/2440 2524/2641 2535/2652 2326/2443
f 2326/2443 2535/2652 2536/2653 2327/2444
f 119/119 2480/2597 2493/2610 127/127
f 2383/2500 119/119 127/127 2392/2509
f 2392/2509 127/127 129/129 2393/2510
f 1800/1800 2440/2557 2445/2562 1809/1809
f 2343/2460 1800/1800 1809/1809 2346/2463
f 2346/2463 1809/1809 1812/1812 2347/2464
f 2585/2703 2436/2553 2417/2534 2537/2654
f 2339/2456 2585/2703 2537/2654 2319/2436
f 2319/2436 2537/2654 2538/2655 2320/2437
f 125/125 2460/2577 2465/2582 131/131
f 2363/2480 125/125 131/131 2366/2483
f 2366/2483 131/131 133/133 2367/2484
f 1788/1788 2412/2529 2485/2602 1821/1821
f 2317/2434 1788/1788 1821/1821 2386/2503
f 2386/2503 1821/1821 1824/1824 2387/2504
f 2197/2202 2196/2201 2540/2878 2539/2656
f 833/2286 2197/2202 2539/2656 1028/1028
f 1028/1028 2539/2656 2542/2659 1022/1022
f 2536/2653 2424/2541 2429/2546 2543/2660
f 2327/2444 2536/2653 2543/2660 2330/2447
f 2330/2447 2543/2660 2544/2661 2331/2448
f 1812/1812 2444/2561 2449/2566 1833/1833
f 2347/2464 1812/1812 1833/1833 2350/2467
f 2350/2467 1833/1833 1836/1836 2351/2468
f 1406/1406 2575/2693 2545/2870 1375/1375
f 804/804 1406/1406 1375/1375 798/798
f 798/2771 1375/1375 1378/1378 2648/2768
f 2556/2673 2555/2672 2548/2786 2547/2664
f 2626/2745 2556/2673 2547/2664 2625/2744
f 2625/2744 2547/2664 2550/2667 2624/2743
f 133/133 2464/2581 2469/2586 135/135
f 2367/2484 133/133 135/135 2370/2487
f 2370/2487 135/135 137/137 2371/2488
f 1366/1366 2534/2651 2551/2781 1387/1387
f 2623/2742 1366/1366 1387/1387 710/2741
f 710/2741 1387/1387 1390/1390 2622/2740
f 2589/2707 2588/2706 2554/2862 2553/2670
f 2650/2770 2589/2707 2553/2670 2649/2769
f 2649/2769 2553/2670 2556/2673 2626/2745
f 129/129 2492/2609 2503/2620 78/78
f 2393/2510 129/129 78/78 2402/2519
f 78/78 2503/2620 2303/2372 46/46
f 2511/2628 2510/2627 2558/2776 2557/2674
f 938/938 2511/2628 2557/2674 928/928
f 928/928 2557/2674 2560/2677 925/925
f 2544/2661 2428/2545 2433/2550 2561/2678
f 2331/2448 2544/2661 2561/2678 2334/2451
f 2334/2451 2561/2678 2562/2679 2335/2452
f 1836/1836 2448/2565 2453/2570 2563/2680
f 2351/2468 1836/1836 2563/2680 2354/2471
f 2354/2471 2563/2680 2564/2681 2355/2472
f 1824/1824 2484/2601 2497/2614 1857/1857
f 2387/2504 1824/1824 1857/1857 2396/2513
f 2396/2513 1857/1857 1860/1860 2397/2514
f 2550/2667 2549/2666 2566/2810 2565/2682
f 2624/2743 2550/2667 2565/2682 2638/2757
f 2638/2757 2565/2682 2568/2685 2637/2756
f 137/137 2468/2585 2473/2590 139/139
f 2371/2488 137/137 139/139 2374/2491
f 2374/2491 139/139 141/141 2375/2492
f 1390/1390 2552/2669 2570/2831 2569/2686
f 2622/2740 1390/1390 2569/2686 2642/2761
f 2642/2761 2569/2686 1455/2689 2641/2760
f 2538/2655 2416/2533 2489/2606 2572/2690
f 2320/2437 2538/2655 2572/2690 2389/2506
f 2389/2506 2572/2690 2573/2691 2390/2507
f 1342/1342 2241/2248 2574/2880 1403/1403
f 2268/2275 1342/1342 1403/1403 2653/2774
f 2653/2774 1403/1403 1406/1406 804/804
f 2522/2639 2521/2638 2577/2833 2576/2694
f 956/956 2522/2639 2576/2694 946/946
f 946/946 2576/2694 2579/2697 943/943
f 2560/2677 2559/2676 2581/2852 2580/2698
f 925/925 2560/2677 2580/2698 998/998
f 998/998 2580/2698 2583/2701 992/992
f 2562/2679 2432/2549 2437/2554 2584/2702
f 2335/2452 2562/2679 2584/2702 2338/2455
f 2338/2455 2584/2702 2585/2703 2339/2456
f 2564/2681 2452/2569 2457/2574 1869/1869
f 2355/2472 2564/2681 1869/1869 2358/2475
f 2358/2475 1869/1869 1872/1872 2359/2476
f 2615/2733 2614/2732 2587/2874 2586/2704
f 2652/2773 2615/2733 2586/2704 2651/2772
f 2651/2772 2586/2704 2589/2707 2650/2770
f 2568/2685 2567/2684 2591/2806 2590/2708
f 2637/2756 2568/2685 2590/2708 2636/2755
f 2636/2755 2590/2708 2593/2711 2635/2754
f 141/141 2472/2589 2477/2594 2594/2712
f 2375/2492 141/141 2594/2712 2378/2495
f 2378/2495 2594/2712 2595/2713 2379/2496
f 1455/2689 2571/2688 2596/2827 1415/1415
f 2641/2760 1455/2689 1415/1415 768/768
f 768/768 1415/1415 1418/1418 762/762
f 1860/1860 2496/2613 2404/2521 1881/1881
f 2397/2514 1860/1860 1881/1881 2505/2622
f 2505/2622 1881/1881 1775/1775 2267/2274
f 2595/2713 2476/2593 2409/2526 2598/2716
f 2379/2496 2595/2713 2598/2716 2312/2429
f 2312/2429 2598/2716 2599/2717 2313/2430
f 2583/2701 2582/2700 2601/2848 2600/2718
f 992/992 2583/2701 2600/2718 986/986
f 986/2766 2600/2718 2603/2721 2646/2765
f 2573/2691 2488/2605 2501/2618 2604/2722
f 2390/2507 2573/2691 2604/2722 2399/2516
f 2399/2516 2604/2722 2605/2723 2400/2517
f 2593/2711 2592/2710 2607/2802 2606/2724
f 2635/2754 2593/2711 2606/2724 2634/2753
f 2634/2753 2606/2724 2609/2727 2633/2752
f 1418/1418 2597/2715 2610/2823 1427/1427
f 762/762 1418/1418 1427/1427 756/756
f 756/756 1427/1427 1430/1430 750/750
f 2134/2136 2133/2135 2613/2882 2612/2730
f 2256/2263 2134/2136 2612/2730 2654/2775
f 2654/2775 2612/2730 2615/2733 2652/2773
f 1354/1354 2517/2634 2616/2812 1439/1439
f 738/738 1354/1354 1439/1439 728/728
f 728/728 1439/1439 1442/1442 725/725
f 2603/2721 2602/2720 2619/2844 2618/2736
f 2646/2765 2603/2721 2618/2736 2645/2764
f 2645/2764 2618/2736 2621/2739 968/968
f 2405/2522 2518/2635 2307/2423 2255/2262
f 2662/2885 2663/2886 2664/2887 2665/2888
f 2665/2888 2664/2887 2666/2889 2667/2890
f 2667/2890 2666/2889 2668/2891 2669/2892
f 2669/2892 2668/2891 2670/2893 2671/2894
f 2671/2894 2670/2893 2672/2895 2673/2896
f 2673/2896 2672/2895 2674/2897 2675/2898
f 2675/2898 2674/2897 2676/2899 2677/2900
f 2677/2900 2676/2899 2678/2901 2679/2902
f 2679/2902 2678/2901 2680/2903 2681/2904
f 2681/2904 2680/2903 2682/2905 2683/2906
f 2683/2906 2682/2905 2684/2907 2685/2908
f 2686/2909 2687/2910 2688/2911 2689/2912
f 2690/2913 2691/2914 2692/2915 2693/2916
f 2694/2917 2695/2918 2696/2919 2697/2920
f 2698/2921 2699/2922 2700/2923 2701/2924
f 2702/2925 2703/2926 2704/2927 2705/2928
f 2706/2929 2707/2930 2708/2931 2709/2932
f 2710/2933 2711/2934 2712/2935 2713/2936
f 2714/2937 2715/2938 2716/2939 2717/2940
f 2718/2941 2719/2942 2720/2943 2721/2944
f 2722/2945 2723/2946 2724/2947 2725/2948
f 2707/2930 2726/2949 2727/2950 2708/2931
f 2728/2951 2729/2952 2730/2953 2731/2954
f 2732/2955 2733/2956 2734/2957 2735/2958
f 2736/2959 2694/2917 2697/2920 2737/2960
f 2703/2926 2710/2933 2713/2936 2704/2927
f 2691/2914 2714/2937 2717/2940 2692/2915
f 2719/2942 2738/2961 2739/2962 2720/2943
f 2723/2946 2740/2963 2741/2964 2724/2947
f 2742/2965 2706/2966 2709/2967 2743/2968
f 2695/2918 2728/2951 2731/2954 2696/2919
f 2733/2956 2702/2925 2705/2928 2734/2957
f 2715/2938 2736/2959 2737/2960 2716/2939
f 2699/2922 2718/2941 2721/2944 2700/2923
f 2744/2969 2690/2913 2693/2916 2745/2970
f 2726/2949 2698/2921 2701/2924 2727/2950
f 2738/2961 2722/2945 2725/2948 2739/2962
f 2740/2963 2732/2955 2735/2958 2741/2964
f 2729/2952 2742/2965 2743/2968 2730/2953
f 2746/2971 2747/2972 2748/2973 2749/2974
f 2750/2975 2751/2976 2752/2977 2753/2978
f 2754/2979 2755/2980 2756/2981 2757/2982
f 2758/2983 2759/2984 2760/2985 2761/2986
f 2762/2987 2763/2988 2764/2989 2765/2990
f 2766/2991 2767/2992 2768/2993 2769/2994
f 2770/2995 2771/2996 2772/2997 2773/2998
f 2763/2988 2774/2999 2775/3000 2764/2989
f 2776/3001 2777/3002 2778/3003 2779/3004
f 2780/3005 2781/3006 2782/3007 2783/3008
f 2784/3009 2785/3010 2786/3011 2787/3012
f 2788/3013 2789/3014 2790/3015 2791/3016
f 2792/3017 2750/2975 2753/2978 2793/3018
f 2759/2984 2762/2987 2765/2990 2760/2985
f 2747/2972 2766/2991 2769/2994 2748/2973
f 2771/2996 2794/3019 2795/3020 2772/2997
f 2777/3002 2796/3021 2797/3022 2778/3003
f 2798/3023 2799/3024 2800/3025 2801/3026
f 2751/2976 2784/3009 2787/3012 2752/2977
f 2789/3014 2758/2983 2761/2986 2790/3015
f 2767/2992 2792/3017 2793/3018 2768/2993
f 2755/2980 2770/2995 2773/2998 2756/2981
f 2774/2999 2746/2971 2749/2974 2775/3000
f 2781/3006 2754/2979 2757/2982 2782/3007
f 2794/3019 2776/3001 2779/3004 2795/3020
f 2796/3021 2788/3013 2791/3016 2797/3022
f 2785/3010 2798/3023 2801/3026 2786/3011
f 2802/3027 2803/3028 2804/3029 2805/3030
f 2806/3031 2807/3032 2808/3033 2809/3034
f 2810/3035 2802/3027 2805/3030 2811/3036
f 2812/3037 2806/3031 2809/3034 2813/3038
f 2814/3039 2815/3040 2816/3041 2817/3042
f 2818/3043 2819/3044 2820/3045 2821/3046
f 2803/3028 2822/3047 2823/3048 2804/3029
f 2807/3032 2824/3049 2825/3050 2808/3033
f 2826/3051 2827/3052 2828/3053 2829/3054
f 2830/3055 2831/3056 2832/3057 2833/3058
f 2834/3059 2835/3060 2836/3061 2837/3062
f 2838/3063 2839/3064 2840/3065 2841/3066
f 2842/3067 2843/3068 2844/3069 2845/3070
f 2846/3071 2847/3072 2848/3073 2849/3074
f 2850/3075 2851/3076 2852/3077 2853/3078
f 2854/3079 2855/3080 2856/3081 2857/3082
f 2858/3083 2859/3084 2860/3085 2861/3086
f 2862/3087 2863/3088 2864/3089 2865/3090
f 2866/3091 2867/3092 2868/3093 2869/3094
f 2870/3095 2871/3096 2872/3097 2873/3098
f 2874/3099 2814/3039 2817/3042 2875/3100
f 2876/3101 2818/3043 2821/3046 2877/3102
f 2878/3103 2879/3104 2880/3105 2881/3106
f 2882/3107 2883/3108 2884/3109 2885/3110
f 2886/3111 2834/3059 2837/3062 2887/3112
f 2888/3113 2838/3063 2841/3066 2889/3114
f 2827/3052 2890/3115 2891/3116 2828/3053
f 2831/3056 2892/3117 2893/3118 2832/3057
f 2851/3076 2894/3119 2895/3120 2852/3077
f 2855/3080 2896/3121 2897/3122 2856/3081
f 2898/3123 2842/3067 2845/3070 2899/3124
f 2900/3125 2846/3071 2849/3074 2901/3126
f 2859/3084 2810/3035 2811/3036 2860/3085
f 2863/3088 2812/3037 2813/3038 2864/3089
f 2815/3040 2866/3091 2869/3094 2816/3041
f 2819/3044 2870/3095 2873/3098 2820/3045
f 2902/3127 2898/3123 2899/3124 2903/3128
f 2904/3129 2900/3125 2901/3126 2905/3130
f 2835/3060 2874/3099 2875/3100 2836/3061
f 2839/3064 2876/3101 2877/3102 2840/3065
f 2879/3104 2906/3131 2907/3132 2880/3105
f 2883/3108 2904/3129 2905/3130 2884/3109
f 2908/3133 2826/3051 2829/3054 2909/3134
f 2910/3135 2830/3055 2833/3058 2911/3136
f 2843/3068 2886/3111 2887/3112 2844/3069
f 2847/3072 2888/3113 2889/3114 2848/3073
f 2912/3137 2850/3075 2853/3078 2913/3138
f 2914/3139 2854/3079 2857/3082 2915/3140
f 2894/3119 2858/3083 2861/3086 2895/3120
f 2896/3121 2862/3087 2865/3090 2897/3122
f 2867/3092 2908/3133 2909/3134 2868/3093
f 2871/3096 2910/3135 2911/3136 2872/3097
f 2822/3047 2878/3103 2881/3106 2823/3048
f 2824/3049 2882/3107 2885/3110 2825/3050
f 2892/3117 2914/3141 2915/3142 2893/3118
f 2663/2886 2662/2885 2916/3143 2917/3144
f 2918/3145 2919/3146 2920/3147 2921/3148
f 2917/3144 2916/3143 2922/3149 2923/3150
f 2921/3148 2920/3147 2924/3151 2925/3152
f 2919/3146 2918/3145 2926/3153 2927/3154
f 2927/3154 2926/3153 2928/3155 2929/3156
f 2929/3156 2928/3155 2930/3157 2931/3158
f 2931/3158 2930/3157 2932/3159 2933/3160
f 2933/3160 2932/3159 2934/3161 2935/3162
f 2935/3162 2934/3161 2936/3163 2937/3164
f 2937/3164 2936/3163 2938/3165 2939/3166
f 2939/3166 2938/3165 2940/3167 2941/3168
f 2941/3168 2940/3167 2942/3169 2943/3170
f 2943/3170 2942/3169 2944/3171 2945/3172
f 2945/3172 2944/3171 2946/3173 2947/3174
f 2923/3150 2922/3149 2948/3175 2949/3176
f 2925/3152 2924/3151 2950/3177 2951/3178
f 2952/3179 2953/3180 2954/3181 2955/3182
f 2956/3183 2957/3184 2958/3185 2959/3186
f 2955/3182 2954/3181 2960/3187 2961/3188
f 2959/3186 2958/3185 2962/3189 2963/3190
f 2961/3188 2960/3187 2964/3191 2965/3192
f 2963/3190 2962/3189 2966/3193 2967/3194
f 2965/3192 2964/3191 2968/3195 2969/3196
f 2967/3194 2966/3193 2970/3197 2971/3198
f 2969/3196 2968/3195 2972/3199 2973/3200
f 2971/3198 2970/3197 2974/3201 2975/3202
f 2973/3200 2972/3199 2976/3203 2977/3204
f 2975/3202 2974/3201 2978/3205 2979/3206
f 2977/3204 2976/3203 2686/2909 2689/2912
f 2979/3206 2978/3205 2980/3207 2981/3208
f 2688/2911 2687/2910 2982/3209 2983/3210
f 2984/3211 2985/3212 2986/3213 2987/3214
f 2988/3215 2989/3216 2990/3217 2991/3218
f 2992/3219 2993/3220 2994/3221 2995/3222
f 2996/3223 2997/3224 2998/3225 2999/3226
f 2995/3222 2994/3221 3000/3227 3001/3228
f 3002/3229 2999/3226 2998/3225 3003/3230
f 3004/3231 3001/3228 3000/3227 3005/3232
f 2980/3207 2985/3212 2984/3211 2981/3208
f 2951/3178 2950/3177 2957/3233 2956/3234
f 2983/3210 2982/3209 2989/3216 2988/3215
f 2987/3214 2986/3213 2993/3220 2992/3219
f 3006/3235 3007/3236 3008/3237 3009/3238
f 3010/3239 3011/3240 3012/3241 3013/3242
f 3014/3243 3015/3244 3016/3245 3017/3246
f 3018/3247 3019/3248 3020/3249 3021/3250
f 3022/3251 3023/3252 3024/3253 3025/3254
f 3026/3255 3027/3256 3028/3257 3029/3258
f 3023/3252 3030/3259 3031/3260 3024/3253
f 3032/3261 3033/3262 3034/3263 3035/3264
f 3036/3265 3037/3266 3038/3267 3039/3268
f 3040/3269 3041/3270 3042/3271 3043/3272
f 3044/3273 3045/3274 3046/3275 3047/3276
f 3048/3277 3010/3239 3013/3242 3049/3278
f 3019/3248 3022/3251 3025/3254 3020/3249
f 3007/3236 3026/3255 3029/3258 3008/3237
f 3050/3279 3051/3280 3052/3281 3053/3282
f 3033/3262 3054/3283 3055/3284 3034/3263
f 3056/3285 3057/3286 3058/3287 3059/3288
f 3011/3240 3040/3269 3043/3272 3012/3241
f 3045/3274 3018/3247 3021/3250 3046/3275
f 3027/3256 3048/3277 3049/3278 3028/3257
f 3015/3244 3060/3289 3061/3290 3016/3245
f 3030/3259 3006/3235 3009/3238 3031/3260
f 3037/3266 3014/3243 3017/3246 3038/3267
f 3051/3280 3032/3261 3035/3264 3052/3281
f 3054/3283 3044/3273 3047/3276 3055/3284
f 3041/3270 3056/3285 3059/3288 3042/3271
f 3062/3291 3063/3292 3064/3293 3065/3294
f 3066/3295 3067/3296 3068/3297 3069/3298
f 3070/3299 3071/3300 3072/3301 3073/3302
f 3074/3303 3075/3304 3076/3305 3077/3306
f 3078/3307 3079/3308 3080/3309 3081/3310
f 3082/3311 3083/3312 3084/3313 3085/3314
f 3086/3315 3087/3316 3088/3317 3089/3318
f 3079/3308 3090/3319 3091/3320 3080/3309
f 3092/3321 3093/3322 3094/3323 3095/3324
f 3096/3325 3097/3326 3098/3327 3099/3328
f 3100/3329 3101/3330 3102/3331 3103/3332
f 3104/3333 3105/3334 3106/3335 3107/3336
f 3108/3337 3066/3295 3069/3298 3109/3338
f 3075/3304 3078/3307 3081/3310 3076/3305
f 3063/3292 3082/3311 3085/3314 3064/3293
f 3087/3316 3110/3339 3111/3340 3088/3317
f 3093/3322 3112/3341 3113/3342 3094/3323
f 3114/3343 3115/3344 3116/3345 3117/3346
f 3067/3296 3100/3329 3103/3332 3068/3297
f 3105/3334 3074/3303 3077/3306 3106/3335
f 3083/3312 3108/3337 3109/3338 3084/3313
f 3071/3300 3086/3315 3089/3318 3072/3301
f 3090/3319 3062/3291 3065/3294 3091/3320
f 3097/3326 3070/3299 3073/3302 3098/3327
f 3110/3339 3092/3321 3095/3324 3111/3340
f 3112/3341 3104/3333 3107/3336 3113/3342
f 3101/3330 3114/3343 3117/3346 3102/3331
f 3118/3347 3119/3348 3120/3349 3121/3350
f 3121/3350 3120/3349 3122/3351 3123/3352
f 3119/3348 3118/3347 3124/3353 3125/3354
f 3125/3354 3124/3353 3126/3355 3127/3356
f 3127/3356 3126/3355 3128/3357 3129/3358
f 3129/3358 3128/3357 3130/3359 3131/3360
f 3131/3360 3130/3359 3132/3361 3133/3362
f 3133/3362 3132/3361 3134/3363 3135/3364
f 3135/3364 3134/3363 3136/3365 3137/3366
f 3137/3366 3136/3365 3138/3367 3139/3368
f 3139/3368 3138/3367 3140/3369 3141/3370
f 3141/3370 3140/3369 3142/3371 3143/3372
f 3143/3372 3142/3371 3144/3373 3145/3374
f 3123/3352 3122/3351 3146/3375 3147/3376
f 3148/3377 3149/3378 3150/3379 3151/3380
f 3151/3380 3150/3379 3152/3381 3153/3382
f 3153/3382 3152/3381 3154/3383 3155/3384
f 3155/3384 3154/3383 3156/3385 3157/3386
f 3157/3386 3156/3385 3158/3387 3159/3388
f 3159/3388 3158/3387 3160/3389 3161/3390
f 3161/3390 3160/3389 3162/3391 3163/3392
f 3163/3393 3164/3394 3165/3395 3166/3396
f 3164/3397 3167/3398 3168/3399 3169/3400
f 3170/3401 3171/3402 3172/3403 3173/3404
f 3173/3404 3172/3403 3174/3405 3175/3406
f 3144/3373 3175/3406 3174/3405 3145/3374
f 3161/3390 3163/3392 3166/3396 3176/3407
f 3130/3359 3128/3357 3177/3408 3178/3409
f 3164/3394 3169/3400 3179/3410 3165/3395
f 3121/3350 3123/3352 3180/3411 3181/3412
f 3136/3365 3134/3363 3182/3413 3183/3414
f 3142/3371 3140/3369 3184/3415 3185/3416
f 3151/3380 3153/3382 3186/3417 3187/3418
f 3157/3386 3159/3388 3188/3419 3189/3420
f 3126/3355 3124/3353 3190/3421 3191/3422
f 3192/3423 3193/3424 3194/3425 3195/3426
f 3132/3361 3130/3359 3178/3409 3196/3427
f 3170/3401 3173/3404 3197/3428 3198/3429
f 3138/3367 3136/3365 3183/3414 3199/3430
f 3123/3352 3147/3376 3200/3431 3180/3411
f 3153/3382 3155/3384 3201/3432 3186/3417
f 3144/3373 3142/3371 3185/3416 3202/3433
f 3159/3388 3161/3390 3176/3407 3188/3419
f 3128/3357 3126/3355 3191/3422 3177/3408
f 3175/3406 3144/3373 3202/3433 3203/3434
f 3134/3363 3132/3361 3196/3427 3182/3413
f 3173/3404 3175/3406 3203/3434 3197/3428
f 3118/3347 3121/3350 3181/3412 3204/3435
f 3140/3369 3138/3367 3199/3430 3184/3415
f 3148/3377 3151/3380 3187/3418 3205/3436
f 3155/3384 3157/3386 3189/3420 3201/3432
f 3124/3353 3118/3347 3204/3435 3190/3421
f 3206/3437 3207/3438 3208/3439 3209/3440
f 3210/3441 3211/3442 3212/3443 3213/3444
f 3214/3445 3215/3446 3216/3447 3217/3448
f 3193/3424 3218/3449 3219/3450 3194/3425
f 3220/3451 3221/3452 3222/3453 3223/3454
f 3224/3455 3225/3456 3226/3457 3227/3458
f 3228/3459 3229/3460 3230/3461 3231/3462
f 3232/3463 3233/3464 3234/3465 3235/3466
f 3236/3467 3237/3468 3238/3469 3239/3470
f 3240/3471 3241/3472 3242/3473 3243/3474
f 3244/3475 3245/3476 3246/3477 3247/3478
f 3248/3479 3249/3480 3250/3481 3251/3482
f 3207/3438 3224/3455 3227/3458 3208/3439
f 3252/3483 3210/3441 3213/3444 3253/3484
f 3215/3446 3254/3485 3255/3486 3216/3447
f 3256/3487 3206/3437 3209/3440 3257/3488
f 3211/3442 3258/3489 3259/3490 3212/3443
f 3221/3452 3260/3491 3261/3492 3222/3453
f 3258/3489 3220/3451 3223/3454 3259/3490
f 3225/3456 3232/3463 3235/3466 3226/3457
f 3237/3468 3192/3423 3195/3426 3238/3469
f 3233/3464 3240/3471 3243/3474 3234/3465
f 3245/3476 3236/3467 3239/3470 3246/3477
f 3241/3472 3248/3479 3251/3482 3242/3473
f 3254/3485 3244/3475 3247/3478 3255/3486
f 3249/3480 3252/3483 3253/3484 3250/3481
f 3262/3493 3263/3494 3264/3495 3265/3496
f 3266/3497 3267/3498 3268/3499 3269/3500
f 3270/3501 3271/3502 3272/3503 3273/3504
f 3274/3505 3275/3506 3276/3507 3277/3508
f 3278/3509 3279/3510 3280/3511 3281/3512
f 3282/3513 3283/3514 3284/3515 3285/3516
f 3279/3510 3286/3517 3287/3518 3280/3511
f 3288/3519 3289/3520 3290/3521 3291/3522
f 3292/3523 3228/3459 3231/3462 3293/3524
f 3294/3525 3295/3526 3296/3527 3297/3528
f 3298/3529 3299/3530 3300/3531 3301/3532
f 3302/3533 3303/3534 3304/3535 3305/3536
f 3271/3502 3306/3537 3307/3538 3272/3503
f 3308/3539 3266/3497 3269/3500 3309/3540
f 3275/3506 3262/3493 3265/3496 3276/3507
f 3267/3498 3278/3509 3281/3512 3268/3499
f 3310/3541 3270/3501 3273/3504 3311/3542
f 3229/3460 3312/3543 3313/3544 3230/3461
f 3286/3517 3282/3513 3285/3516 3287/3518
f 3263/3494 3288/3519 3291/3522 3264/3495
f 3289/3520 3294/3525 3297/3528 3290/3521
f 3299/3530 3292/3523 3293/3524 3300/3531
f 3295/3526 3302/3533 3305/3536 3296/3527
f 3306/3537 3298/3529 3301/3532 3307/3538
f 3303/3534 3308/3539 3309/3540 3304/3535
f 3314/3545 3264/3495 3291/3522 3315/3546
f 3315/3546 3291/3522 3290/3521 3316/3547
f 3316/3547 3290/3521 3297/3528 3317/3548
f 3318/3549 3265/3496 3264/3495 3314/3545
f 3319/3550 3276/3507 3265/3496 3318/3549
f 3320/3551 3277/3508 3276/3507 3319/3550
f 3321/3552 3230/3461 3313/3544 3322/3553
f 3162/3391 3167/3398 3164/3397 3163/3392
f 3323/3554 3324/3555 3325/3556 3326/3557
f 3324/3555 3327/3558 3328/3559 3325/3556
f 3327/3558 3329/3560 3330/3561 3328/3559
f 3329/3560 3331/3562 3332/3563 3330/3561
f 3331/3562 3333/3564 3334/3565 3332/3563
f 3326/3557 3325/3556 3335/3566 3336/3567
f 3325/3556 3328/3559 3337/3568 3335/3566
f 3328/3559 3330/3561 3338/3569 3337/3568
f 3330/3561 3332/3563 3339/3570 3338/3569
f 3332/3563 3334/3565 3340/3571 3339/3570
f 3336/3567 3335/3566 3341/3572 3342/3573
f 3335/3566 3337/3568 3343/3574 3341/3572
f 3337/3568 3338/3569 3344/3575 3343/3574
f 3338/3569 3339/3570 3345/3576 3344/3575
f 3339/3570 3340/3571 3346/3577 3345/3576
f 3347/3578 3348/3579 3324/3555 3323/3554
f 3348/3579 3349/3580 3327/3558 3324/3555
f 3349/3580 3350/3581 3329/3560 3327/3558
f 3350/3581 3351/3582 3331/3562 3329/3560
f 3351/3582 3352/3583 3333/3564 3331/3562
f 3353/3584 3354/3585 3348/3579 3347/3578
f 3354/3585 3355/3586 3349/3580 3348/3579
f 3355/3586 3356/3587 3350/3581 3349/3580
f 3356/3587 3357/3588 3351/3582 3350/3581
f 3357/3588 3358/3589 3352/3583 3351/3582
f 3359/3590 3360/3591 3354/3585 3353/3584
f 3360/3591 3361/3592 3355/3586 3354/3585
f 3361/3592 3362/3593 3356/3587 3355/3586
f 3362/3593 3363/3594 3357/3588 3356/3587
f 3363/3594 3364/3595 3358/3589 3357/3588
f 3365/3596 3366/3597 3367/3598 3368/3599
f 3366/3597 3369/3600 3370/3601 3367/3598
f 3369/3600 3371/3602 3372/3603 3370/3601
f 3371/3602 3373/3604 3374/3605 3372/3603
f 3373/3604 3375/3606 3376/3607 3374/3605
f 3287/3518 3323/3554 3326/3557 3280/3511
f 3280/3511 3326/3557 3336/3567 3281/3512
f 3281/3512 3336/3567 3342/3573 3268/3499
f 3285/3516 3347/3578 3323/3554 3287/3518
f 3284/3515 3353/3584 3347/3578 3285/3516
f 3311/3608 3359/3590 3353/3584 3284/3515
f 3272/3503 3365/3596 3368/3599 3273/3504
f 3269/3500 3268/3499 3342/3573 3341/3572
f 3333/3564 3314/3545 3315/3546 3334/3565
f 3334/3565 3315/3546 3316/3547 3340/3571
f 3340/3571 3316/3547 3317/3548 3346/3577
f 3352/3583 3318/3549 3314/3545 3333/3564
f 3358/3589 3319/3550 3318/3549 3352/3583
f 3364/3595 3320/3551 3319/3550 3358/3589
f 3375/3606 3321/3552 3322/3553 3376/3607
f 3230/3461 3321/3552 3375/3606 3231/3462
f 3231/3462 3375/3606 3373/3604 3293/3524
f 3293/3524 3373/3604 3371/3602 3300/3531
f 3300/3531 3371/3602 3369/3600 3301/3532
f 3301/3532 3369/3600 3366/3597 3307/3538
f 3307/3538 3366/3597 3365/3596 3272/3503
f 3309/3540 3269/3500 3341/3572 3343/3574
f 3304/3535 3309/3540 3343/3574 3344/3575
f 3305/3536 3304/3535 3344/3575 3345/3576
f 3296/3527 3305/3536 3345/3576 3346/3577
f 3297/3528 3296/3527 3346/3577 3317/3548
f 3195/3609 3194/3610 3229/3460 3228/3459
f 3208/3611 3227/3612 3263/3494 3262/3493
f 3253/3613 3213/3614 3267/3498 3266/3497
f 3216/3615 3255/3616 3271/3502 3270/3501
f 3257/3617 3209/3618 3275/3506 3274/3505
f 3212/3619 3259/3620 3279/3510 3278/3509
f 3222/3621 3261/3622 3283/3514 3282/3513
f 3259/3620 3223/3623 3286/3517 3279/3510
f 3226/3624 3235/3625 3289/3520 3288/3519
f 3238/3626 3195/3609 3228/3459 3292/3523
f 3234/3627 3243/3628 3295/3526 3294/3525
f 3246/3629 3239/3630 3299/3530 3298/3529
f 3242/3631 3251/3632 3303/3534 3302/3533
f 3255/3616 3247/3633 3306/3537 3271/3502
f 3250/3634 3253/3613 3266/3497 3308/3539
f 3209/3618 3208/3611 3262/3493 3275/3506
f 3213/3614 3212/3619 3278/3509 3267/3498
f 3217/3635 3216/3615 3270/3501 3310/3541
f 3194/3610 3219/3636 3312/3543 3229/3460
f 3223/3623 3222/3621 3282/3513 3286/3517
f 3227/3612 3226/3624 3288/3519 3263/3494
f 3235/3625 3234/3627 3294/3525 3289/3520
f 3239/3630 3238/3626 3292/3523 3299/3530
f 3243/3628 3242/3631 3302/3533 3295/3526
f 3247/3633 3246/3629 3298/3529 3306/3537
f 3251/3632 3250/3634 3308/3539 3303/3534
f 3166/3396 3165/3395 3193/3424 3192/3423
f 3197/3428 3203/3434 3207/3438 3206/3437
f 3191/3422 3190/3421 3211/3442 3210/3441
f 3205/3436 3187/3418 3215/3446 3214/3445
f 3165/3395 3179/3410 3218/3449 3193/3424
f 3181/3412 3180/3411 3221/3452 3220/3451
f 3202/3433 3185/3416 3225/3456 3224/3455
f 3184/3415 3199/3430 3233/3464 3232/3463
f 3188/3419 3176/3407 3237/3468 3236/3467
f 3183/3414 3182/3413 3241/3472 3240/3471
f 3201/3432 3189/3420 3245/3476 3244/3475
f 3196/3427 3178/3409 3249/3480 3248/3479
f 3203/3434 3202/3433 3224/3455 3207/3438
f 3177/3408 3191/3422 3210/3441 3252/3483
f 3187/3418 3186/3417 3254/3485 3215/3446
f 3198/3429 3197/3428 3206/3437 3256/3487
f 3190/3421 3204/3435 3258/3489 3211/3442
f 3180/3411 3200/3431 3260/3491 3221/3452
f 3204/3435 3181/3412 3220/3451 3258/3489
f 3185/3416 3184/3415 3232/3463 3225/3456
f 3176/3407 3166/3396 3192/3423 3237/3468
f 3199/3430 3183/3414 3240/3471 3233/3464
f 3189/3420 3188/3419 3236/3467 3245/3476
f 3182/3413 3196/3427 3248/3479 3241/3472
f 3186/3417 3201/3432 3244/3475 3254/3485
f 3178/3409 3177/3408 3252/3483 3249/3480
f 3147/3376 3146/3375 3149/3637 3148/3638
f 3169/3400 3168/3399 3171/3402 3170/3401
f 3169/3400 3170/3401 3198/3429 3179/3410
f 3147/3376 3148/3638 3205/3639 3200/3431
f 3260/3491 3214/3640 3217/3641 3261/3492
f 3218/3449 3256/3487 3257/3488 3219/3450
f 3312/3543 3274/3505 3277/3508 3313/3544
f 3283/3514 3310/3541 3311/3542 3284/3515
f 3322/3553 3313/3544 3277/3508 3320/3551
f 3368/3599 3367/3598 3360/3591 3359/3590
f 3367/3598 3370/3601 3361/3592 3360/3591
f 3370/3601 3372/3603 3362/3593 3361/3592
f 3372/3603 3374/3605 3363/3594 3362/3593
f 3374/3605 3376/3607 3364/3595 3363/3594
f 3273/3504 3368/3599 3359/3590 3311/3542
f 3376/3607 3322/3553 3320/3551 3364/3595
f 3219/3636 3257/3617 3274/3505 3312/3543
f 3261/3622 3217/3635 3310/3541 3283/3514
f 3200/3431 3205/3639 3214/3640 3260/3491
f 3179/3410 3198/3429 3256/3487 3218/3449
f 3377/3642 3378/3643 3379/3644 3380/3645
f 3381/3646 3382/3647 3383/3648 3384/3649
f 3385/3650 3386/3651 3387/3652 3388/3653
f 3389/3654 3390/3655 3391/3656 3392/3657
f 3393/3658 3394/3659 3395/3660 3396/3661
f 3397/3662 3398/3663 3399/3664 3400/3665
f 3401/3666 3402/3667 3403/3668 3404/3669
f 3405/3670 3406/3671 3407/3672 3408/3673
f 3398/3663 3409/3674 3410/3675 3399/3664
f 3411/3676 3412/3677 3413/3678 3414/3679
f 3394/3659 3415/3680 3416/3681 3395/3660
f 3417/3682 3418/3683 3419/3684 3420/3685
f 3421/3686 3422/3687 3423/3688 3424/3689
f 3425/3690 3381/3646 3384/3649 3426/3691
f 3390/3655 3397/3662 3400/3665 3391/3656
f 3378/3643 3401/3666 3404/3669 3379/3644
f 3406/3671 3427/3692 3428/3693 3407/3672
f 3412/3677 3429/3694 3430/3695 3413/3678
f 3431/3696 3393/3697 3396/3698 3432/3699
f 3382/3647 3417/3682 3420/3685 3383/3648
f 3422/3687 3389/3654 3392/3657 3423/3688
f 3402/3667 3425/3690 3426/3691 3403/3668
f 3386/3651 3405/3670 3408/3673 3387/3652
f 3409/3674 3377/3642 3380/3645 3410/3675
f 3415/3680 3385/3650 3388/3653 3416/3681
f 3427/3692 3411/3676 3414/3679 3428/3693
f 3429/3694 3421/3686 3424/3689 3430/3695
f 3418/3683 3431/3696 3432/3699 3419/3684
f 3171/3402 3168/3399 3378/3643 3377/3642
f 3158/3387 3156/3385 3382/3647 3381/3646
f 3120/3349 3119/3348 3386/3651 3385/3650
f 3141/3370 3143/3372 3390/3655 3389/3654
f 3149/3637 3146/3375 3394/3659 3393/3658
f 3145/3374 3174/3405 3398/3663 3397/3662
f 3167/3398 3162/3391 3402/3667 3401/3666
f 3125/3354 3127/3356 3406/3671 3405/3670
f 3174/3405 3172/3403 3409/3674 3398/3663
f 3131/3360 3133/3362 3412/3677 3411/3676
f 3146/3375 3122/3351 3415/3680 3394/3659
f 3154/3383 3152/3381 3418/3683 3417/3682
f 3137/3366 3139/3368 3422/3687 3421/3686
f 3160/3389 3158/3387 3381/3646 3425/3690
f 3143/3372 3145/3374 3397/3662 3390/3655
f 3168/3399 3167/3398 3401/3666 3378/3643
f 3127/3356 3129/3358 3427/3692 3406/3671
f 3133/3362 3135/3364 3429/3694 3412/3677
f 3150/3379 3149/3378 3393/3697 3431/3696
f 3156/3385 3154/3383 3417/3682 3382/3647
f 3139/3368 3141/3370 3389/3654 3422/3687
f 3162/3391 3160/3389 3425/3690 3402/3667
f 3119/3348 3125/3354 3405/3670 3386/3651
f 3172/3403 3171/3402 3377/3642 3409/3674
f 3122/3351 3120/3349 3385/3650 3415/3680
f 3129/3358 3131/3360 3411/3676 3427/3692
f 3135/3364 3137/3366 3421/3686 3429/3694
f 3152/3381 3150/3379 3431/3696 3418/3683
f 2991/3218 2990/3217 2997/3224 2996/3223
f 2684/2907 3002/3229 3003/3230 2685/2908
f 2906/3131 2902/3127 2903/3128 2907/3132
f 2946/3173 3004/3231 3005/3232 2947/3174
f 3433/3700 3434/3701 3435/3702 3436/3703
f 3437/3704 3438/3705 3439/3706 3440/3707
f 3440/3707 3439/3706 3441/3708 3442/3709
f 3442/3709 3441/3708 3443/3710 3444/3711
f 3444/3711 3443/3710 3445/3712 3446/3713
f 3446/3713 3445/3712 3447/3714 3448/3715
f 3448/3715 3447/3714 3449/3716 3450/3717
f 3450/3717 3449/3716 3451/3718 3452/3719
f 3452/3719 3451/3718 3453/3720 3454/3721
f 3454/3721 3453/3720 3455/3722 3456/3723
f 3456/3723 3455/3722 3434/3701 3433/3700
f 3458/3724 3457/3725 3459/3726 3460/3727
f 3461/3728 3462/3729 3463/3730 3464/3731
f 3464/3731 3463/3730 3465/3732 3466/3733
f 3466/3733 3465/3732 3467/3734 3468/3735
f 3468/3735 3467/3734 3469/3736 3470/3737
f 3470/3737 3469/3736 3471/3738 3472/3739
f 3472/3739 3471/3738 3473/3740 3474/3741
f 3474/3741 3473/3740 3475/3742 3476/3743
f 3476/3743 3475/3742 3477/3744 3478/3745
f 3479/3746 3480/3747 3462/3729 3461/3728
f 3481/3748 3482/3749 3483/3750 3484/3751
f 3484/3751 3483/3750 3485/3752 3486/3753
f 3487/3754 3488/3755 3489/3756 3490/3757
f 3490/3757 3489/3756 3491/3758 3492/3759
f 3492/3759 3491/3758 3493/3760 3494/3761
f 3494/3761 3493/3760 3495/3762 3496/3763
f 3496/3763 3495/3762 3497/3764 3498/3765
f 3498/3765 3497/3764 3499/3766 3500/3767
f 3500/3767 3499/3766 3501/3768 3502/3769
f 3502/3769 3501/3768 3503/3770 3504/3771
f 3504/3771 3503/3770 3505/3772 3506/3773
f 3506/3773 3505/3772 3482/3749 3481/3748
f 3486/3753 3485/3752 3507/3774 3508/3775
f 3508/3775 3507/3774 3509/3776 3510/3777
f 3510/3777 3509/3776 3511/3778 3512/3779
f 3512/3779 3511/3778 3513/3780 3514/3781
f 3514/3781 3513/3780 3515/3782 3516/3783
f 3516/3783 3515/3782 3438/3705 3437/3704
f 3517/3784 3518/3785 3519/3786 3520/3787
f 3520/3787 3519/3786 3521/3788 3522/3789
f 3523/3790 3524/3791 3525/3792 3526/3793
f 3526/3793 3525/3792 3527/3794 3528/3795
f 3522/3789 3521/3788 3529/3796 3530/3797
f 3530/3797 3529/3796 3531/3798 3532/3799
f 3528/3795 3527/3794 3533/3800 3534/3801
f 3534/3801 3533/3800 3535/3802 3536/3803
f 3536/3803 3535/3802 3537/3804 3538/3805
f 3538/3805 3537/3804 3539/3806 3540/3807
f 3532/3799 3531/3798 3480/3747 3479/3746
f 3540/3807 3539/3806 3541/3808 3542/3809
f 3542/3809 3541/3808 3543/3810 3544/3811
f 3544/3811 3543/3810 3545/3812 3546/3813
f 3546/3813 3545/3812 3547/3814 3548/3815
f 3548/3815 3547/3814 3549/3816 3550/3817
f 3550/3817 3549/3816 3518/3785 3517/3784
f 3551/3818 3552/3819 3553/3820 3554/3821
f 3555/3822 3556/3823 3557/3824 3558/3825
f 3559/3826 3560/3827 3561/3828 3562/3829
f 3563/3830 3564/3831 3565/3832 3566/3833
f 3567/3834 3568/3835 3569/3836 3570/3837
f 3571/3838 3572/3839 3573/3840 3574/3841
f 3575/3842 3576/3843 3577/3844 3578/3845
f 3579/3846 3580/3847 3581/3848 3582/3849
f 3585/3850 3586/3851 3587/3852 3588/3853
f 3589/3854 3590/3855 3552/3819 3551/3818
f 3591/3856 3592/3857 3556/3823 3555/3822
f 3554/3821 3553/3820 3560/3827 3559/3826
f 3558/3825 3557/3824 3564/3831 3563/3830
f 3562/3829 3561/3828 3568/3835 3567/3834
f 3566/3833 3565/3832 3572/3839 3571/3838
f 3570/3837 3569/3836 3576/3843 3575/3842
f 3574/3841 3573/3840 3580/3847 3579/3846
f 3582/3849 3581/3848 3584/3858 3583/3859
f 3593/3860 3594/3861 3595/3862 3596/3863
f 3597/3864 3598/3865 3599/3866 3600/3867
f 3601/3868 3602/3869 3603/3870 3604/3871
f 3605/3872 3606/3873 3607/3874 3608/3875
f 3609/3876 3610/3877 3611/3878 3612/3879
f 3613/3880 3614/3881 3615/3882 3616/3883
f 3617/3884 3618/3885 3619/3886 3620/3887
f 3621/3888 3624/3889 3623/3890 3622/3891
f 3625/3892 3626/3893 3627/3894 3628/3895
f 3629/3896 3630/3897 3631/3898 3632/3899
f 3633/3900 3634/3901 3635/3902 3636/3903
f 3637/3904 3638/3905 3639/3906 3640/3907
f 3641/3908 3642/3909 3643/3910 3644/3911
f 3645/3912 3646/3913 3647/3914 3648/3915
f 3649/3916 3650/3917 3651/3918 3652/3919
f 3653/3920 3654/3921 3655/3922 3656/3923
f 3657/3924 3658/3925 3590/3855 3589/3854
f 3659/3926 3660/3927 3592/3857 3591/3856
f 3636/3903 3635/3902 3594/3861 3593/3860
f 3640/3907 3639/3906 3598/3865 3597/3864
f 3661/3928 3662/3929 3602/3869 3601/3868
f 3663/3930 3664/3931 3606/3873 3605/3872
f 3604/3871 3603/3870 3610/3877 3609/3876
f 3608/3875 3607/3874 3614/3881 3613/3880
f 3612/3879 3611/3878 3618/3885 3617/3884
f 3616/3883 3615/3882 3622/3891 3621/3888
f 3620/3887 3619/3886 3626/3893 3625/3892
f 3624/3889 3623/3890 3630/3897 3629/3896
f 3628/3895 3627/3894 3634/3901 3633/3900
f 3632/3899 3631/3898 3638/3905 3637/3904
f 3596/3863 3595/3862 3642/3909 3641/3908
f 3600/3867 3599/3866 3646/3913 3645/3912
f 3644/3911 3643/3910 3650/3917 3649/3916
f 3648/3915 3647/3914 3654/3921 3653/3920
f 3652/3919 3651/3918 3658/3925 3657/3924
f 3656/3923 3655/3922 3660/3927 3659/3926
f 3665/3932 3666/3933 3667/3934 3668/3935
f 3668/3935 3667/3934 3669/3936 3670/3937
f 3670/3937 3669/3936 3671/3938 3672/3939
f 3672/3939 3671/3938 3673/3940 3674/3941
f 3674/3941 3673/3940 3675/3942 3676/3943
f 3676/3943 3675/3942 3677/3944 3678/3945
f 3678/3945 3677/3944 3679/3946 3680/3947
f 3680/3947 3679/3946 3681/3948 3682/3949
f 3683/3950 3684/3951 3666/3933 3665/3932
f 3685/3952 3686/3953 3687/3954 3688/3955
f 3688/3955 3687/3954 3689/3956 3690/3957
f 3691/3958 3692/3959 3693/3960 3694/3961
f 3694/3961 3693/3960 3695/3962 3696/3963
f 3690/3957 3689/3956 3697/3964 3698/3965
f 3698/3965 3697/3964 3699/3966 3700/3967
f 3696/3963 3695/3962 3701/3968 3702/3969
f 3702/3969 3701/3968 3703/3970 3704/3971
f 3704/3971 3703/3970 3705/3972 3706/3973
f 3706/3973 3705/3972 3707/3974 3708/3975
f 3700/3967 3699/3966 3684/3951 3683/3950
f 3708/3975 3707/3974 3709/3976 3710/3977
f 3710/3977 3709/3976 3711/3978 3712/3979
f 3712/3979 3711/3978 3713/3980 3714/3981
f 3714/3981 3713/3980 3715/3982 3716/3983
f 3716/3983 3715/3982 3717/3984 3718/3985
f 3718/3985 3717/3984 3686/3953 3685/3952
f 3719/3986 3720/3987 3721/3988 3722/3989
f 3722/3989 3721/3988 3723/3990 3724/3991
f 3725/3992 3726/3993 3727/3994 3728/3995
f 3728/3995 3727/3994 3729/3996 3730/3997
f 3730/3997 3729/3996 3731/3998 3732/3999
f 3732/3999 3731/3998 3733/4000 3734/4001
f 3734/4001 3733/4000 3735/4002 3736/4003
f 3736/4003 3735/4002 3737/4004 3738/4005
f 3738/4005 3737/4004 3739/4006 3740/4007
f 3740/4007 3739/4006 3741/4008 3742/4009
f 3742/4009 3741/4008 3743/4010 3744/4011
f 3744/4011 3743/4010 3720/3987 3719/3986
f 3746/4012 3745/4013 3747/4014 3748/4015
f 3749/4016 3750/4017 3751/4018 3752/4019
f 3752/4019 3751/4018 3753/4020 3754/4021
f 3755/4022 3756/4023 3757/4024 3758/4025
f 3758/4025 3757/4024 3759/4026 3760/4027
f 3760/4027 3759/4026 3761/4028 3762/4029
f 3762/4029 3761/4028 3763/4030 3764/4031
f 3764/4031 3763/4030 3765/4032 3766/4033
f 3766/4033 3765/4032 3767/4034 3768/4035
f 3768/4035 3767/4034 3769/4036 3770/4037
f 3770/4037 3769/4036 3771/4038 3772/4039
f 3772/4039 3771/4038 3773/4040 3774/4041
f 3774/4041 3773/4040 3750/4017 3749/4016
f 3754/4021 3753/4020 3775/4042 3776/4043
f 3776/4043 3775/4042 3777/4044 3778/4045
f 3778/4045 3777/4044 3779/4046 3780/4047
f 3780/4047 3779/4046 3781/4048 3782/4049
f 3782/4049 3781/4048 3783/4050 3784/4051
f 3784/4051 3783/4050 3726/3993 3725/3992
f 3785/4052 3786/4053 3787/4054 3788/4055
f 3789/4056 3790/4057 3791/4058 3792/4059
f 3788/4055 3787/4054 3793/4060 3794/4061
f 3792/4059 3791/4058 3795/4062 3796/4063
f 3794/4061 3793/4060 3797/4064 3798/4065
f 3796/4063 3795/4062 3799/4066 3800/4067
f 3798/4065 3797/4064 3801/4068 3802/4069
f 3800/4067 3799/4066 3803/4070 3804/4071
f 3802/4069 3801/4068 3809/4072 3810/4073
f 3804/4071 3803/4070 3811/4074 3812/4075
f 3810/4073 3809/4072 3813/4076 3814/4077
f 3812/4075 3811/4074 3815/4078 3816/4079
f 3814/4077 3813/4076 3817/4080 3818/4081
f 3818/4081 3817/4080 3819/4082 3820/4083
f 3821/4084 3822/4085 3823/4086 3824/4087
f 3820/4083 3819/4082 3825/4088 3826/4089
f 3824/4087 3823/4086 3827/4090 3828/4091
f 3826/4089 3825/4088 3806/4092 3805/4093
f 3828/4091 3827/4090 3808/4094 3807/4095
f 3829/4096 3830/4097 3831/4098 3832/4099
f 3833/4100 3834/4101 3835/4102 3836/4103
f 3837/4104 3838/4105 3839/4106 3840/4107
f 3841/4108 3842/4109 3843/4110 3844/4111
f 3840/4107 3839/4106 3845/4112 3846/4113
f 3844/4111 3843/4110 3847/4114 3848/4115
f 3846/4113 3845/4112 3849/4116 3850/4117
f 3848/4115 3847/4114 3851/4118 3852/4119
f 3850/4117 3854/4120 3853/4121 3849/4116
f 3852/4119 3856/4122 3855/4123 3851/4118
f 3857/4124 3858/4125 3859/4126 3860/4127
f 3861/4128 3862/4129 3863/4130 3864/4131
f 3860/4127 3859/4126 3865/4132 3866/4133
f 3864/4131 3863/4130 3867/4134 3868/4135
f 3854/4120 3870/4136 3869/4137 3853/4121
f 3856/4122 3855/4123 3871/4138 3872/4139
f 3870/4136 3869/4137 3873/4140 3874/4141
f 3872/4139 3871/4138 3875/4142 3876/4143
f 3874/4141 3873/4140 3877/4144 3878/4145
f 3876/4143 3875/4142 3879/4146 3880/4147
f 3878/4145 3877/4144 3881/4148 3882/4149
f 3880/4147 3879/4146 3883/4150 3884/4151
f 3866/4133 3865/4132 3885/4152 3886/4153
f 3868/4135 3867/4134 3887/4154 3888/4155
f 3886/4153 3885/4152 3889/4156 3890/4157
f 3888/4155 3887/4154 3891/4158 3892/4159
f 3882/4149 3881/4148 3893/4160 3894/4161
f 3884/4151 3883/4150 3895/4162 3896/4163
f 3894/4161 3893/4160 3858/4125 3857/4124
f 3896/4163 3895/4162 3862/4129 3861/4128
f 3890/4157 3889/4156 3897/4164 3898/4165
f 3892/4159 3891/4158 3899/4166 3900/4167
f 3898/4165 3897/4164 3830/4097 3829/4096
f 3900/4167 3899/4166 3834/4101 3833/4100
f 3832/4099 3831/4098 3786/4053 3785/4052
f 3836/4103 3835/4102 3790/4057 3789/4056
f 3903/4168 3904/4169 3905/4170 3906/4171
f 3907/4172 3908/4173 3909/4174 3910/4175
f 3911/4176 3912/4177 3913/4178 3914/4179
f 3906/4171 3905/4170 3915/4180 3916/4181
f 3910/4175 3909/4174 3917/4182 3918/4183
f 3914/4179 3913/4178 3919/4184 3920/4185
f 3916/4181 3915/4180 3921/4186 3922/4187
f 3918/4183 3917/4182 3923/4188 3924/4189
f 3920/4185 3919/4184 3925/4190 3926/4191
f 3922/4187 3921/4186 3927/4192 3928/4193
f 3924/4189 3923/4188 3929/4194 3930/4195
f 3926/4191 3925/4190 3931/4196 3932/4197
f 3928/4193 3927/4192 3933/4198 3934/4199
f 3930/4195 3929/4194 3935/4200 3936/4201
f 3932/4197 3931/4196 3937/4202 3938/4203
f 3934/4199 3933/4198 3939/4204 3940/4205
f 3938/4203 3937/4202 3943/4206 3944/4207
f 3940/4205 3939/4204 3945/4208 3946/4209
f 3942/4210 3941/4211 3947/4212 3948/4213
f 3944/4207 3943/4206 3949/4214 3950/4215
f 3946/4209 3945/4208 3951/4216 3952/4217
f 3948/4213 3947/4212 3953/4218 3954/4219
f 3950/4215 3949/4214 3955/4220 3956/4221
f 3952/4217 3951/4216 3957/4222 3958/4223
f 3954/4219 3953/4218 3959/4224 3960/4225
f 3956/4221 3955/4220 3961/4226 3962/4227
f 3962/4227 3961/4226 3902/4228 3901/4229
f 3964/4230 3963/4231 3965/4232 3966/4233
f 3968/4234 3967/4235 3969/4236 3970/4237
f 3971/4238 3972/4239 3973/4240 3974/4241
f 3975/4242 3976/4243 3977/4244 3978/4245
f 3979/4246 3980/4247 3981/4248 3982/4249
f 3974/4241 3973/4240 3983/4250 3984/4251
f 3978/4245 3977/4244 3985/4252 3986/4253
f 3982/4249 3981/4248 3987/4254 3988/4255
f 3989/4256 3990/4257 3991/4258 3992/4259
f 3993/4260 3994/4261 3995/4262 3996/4263
f 3997/4264 3998/4265 3999/4266 4000/4267
f 3992/4259 3991/4258 4001/4268 4002/4269
f 3996/4263 3995/4262 4003/4270 4004/4271
f 4000/4267 3999/4266 4005/4272 4006/4273
f 4002/4269 4001/4268 4007/4274 4008/4275
f 4004/4271 4003/4270 4009/4276 4010/4277
f 4006/4273 4005/4272 4011/4278 4012/4279
f 4008/4275 4007/4274 4013/4280 4014/4281
f 4010/4277 4009/4276 4015/4282 4016/4283
f 4012/4279 4011/4278 4017/4284 4018/4285
f 4014/4281 4013/4280 4019/4286 4020/4287
f 4016/4283 4015/4282 4021/4288 4022/4289
f 4018/4285 4017/4284 4023/4290 4024/4291
f 4020/4287 4019/4286 4025/4292 4026/4293
f 4022/4289 4021/4288 4027/4294 4028/4295
f 4024/4291 4023/4290 4029/4296 4030/4297
f 4026/4293 4025/4292 4031/4298 4032/4299
f 4028/4295 4027/4294 4033/4300 4034/4301
f 4030/4297 4029/4296 4035/4302 4036/4303
f 4032/4299 4031/4298 4037/4304 4038/4305
f 4034/4301 4033/4300 4039/4306 4040/4307
f 4036/4303 4035/4302 4041/4308 4042/4309
f 4038/4305 4037/4304 4043/4310 4044/4311
f 4040/4307 4039/4306 4045/4312 4046/4313
f 4042/4309 4041/4308 4047/4314 4048/4315
f 4044/4311 4043/4310 3972/4239 3971/4238
f 4046/4313 4045/4312 3976/4243 3975/4242
f 4048/4315 4047/4314 3980/4247 3979/4246
f 3984/4251 3983/4250 4049/4316 4050/4317
f 3986/4253 3985/4252 4051/4318 4052/4319
f 3988/4255 3987/4254 4053/4320 4054/4321
f 4050/4317 4049/4316 4055/4322 4056/4323
f 4052/4319 4051/4318 4057/4324 4058/4325
f 4054/4321 4053/4320 4059/4326 4060/4327
f 4056/4323 4055/4322 4061/4328 4062/4329
f 4058/4325 4057/4324 4063/4330 4064/4331
f 4060/4327 4059/4326 4065/4332 4066/4333
f 4062/4329 4061/4328 4067/4334 4068/4335
f 4064/4331 4063/4330 4069/4336 4070/4337
f 4066/4333 4065/4332 4071/4338 4072/4339
f 4068/4335 4067/4334 4073/4340 4074/4341
f 4070/4337 4069/4336 4075/4342 4076/4343
f 4072/4339 4071/4338 4077/4344 4078/4345
f 4074/4341 4073/4340 3904/4169 3903/4168
f 4076/4343 4075/4342 3908/4173 3907/4172
f 4078/4345 4077/4344 3912/4177 3911/4176
f 4079/4346 4080/4347 4081/4348 4082/4349
f 4083/4350 4084/4351 4085/4352 4086/4353
f 4087/4354 4088/4355 4089/4356 4090/4357
f 4082/4349 4081/4348 4091/4358 4092/4359
f 4086/4353 4085/4352 4093/4360 4094/4361
f 4090/4357 4089/4356 4095/4362 4096/4363
f 4092/4359 4091/4358 4097/4364 4098/4365
f 4094/4361 4093/4360 4099/4366 4100/4367
f 4096/4363 4095/4362 4101/4368 4102/4369
f 4098/4365 4097/4364 4103/4370 4104/4371
f 4100/4367 4099/4366 4105/4372 4106/4373
f 4102/4369 4101/4368 4107/4374 4108/4375
f 4104/4371 4103/4370 4109/4376 4110/4377
f 4106/4373 4105/4372 4111/4378 4112/4379
f 4108/4375 4107/4374 4113/4380 4114/4381
f 4110/4377 4109/4376 4115/4382 4116/4383
f 4112/4379 4111/4378 4117/4384 4118/4385
f 4114/4381 4113/4380 4119/4386 4120/4387
f 4116/4383 4115/4382 4121/4388 4122/4389
f 4118/4385 4117/4384 4123/4390 4124/4391
f 4120/4387 4119/4386 4125/4392 4126/4393
f 4122/4389 4121/4388 4127/4394 4128/4395
f 4124/4391 4123/4390 4129/4396 4130/4397
f 4126/4393 4125/4392 4131/4398 4132/4399
f 4134/4400 4133/4401 4135/4402 4136/4403
f 4138/4404 4137/4405 4143/4406 4144/4407
f 4140/4408 4139/4409 4145/4410 4146/4411
f 4142/4412 4141/4413 4147/4414 4148/4415
f 4149/4416 4150/4417 4151/4418 4152/4419
f 4153/4420 4154/4421 4155/4422 4156/4423
f 4157/4424 4158/4425 4159/4426 4160/4427
f 4152/4419 4151/4418 4161/4428 4162/4429
f 4156/4423 4155/4422 4163/4430 4164/4431
f 4160/4427 4159/4426 4165/4432 4166/4433
f 4167/4434 4168/4435 4169/4436 4170/4437
f 4171/4438 4172/4439 4173/4440 4174/4441
f 4175/4442 4176/4443 4177/4444 4178/4445
f 4170/4437 4169/4436 4179/4446 4180/4447
f 4174/4441 4173/4440 4181/4448 4182/4449
f 4178/4445 4177/4444 4183/4450 4184/4451
f 4180/4447 4179/4446 4185/4452 4186/4453
f 4182/4449 4181/4448 4187/4454 4188/4455
f 4184/4451 4183/4450 4189/4456 4190/4457
f 4186/4453 4185/4452 4191/4458 4192/4459
f 4188/4455 4187/4454 4193/4460 4194/4461
f 4190/4457 4189/4456 4195/4462 4196/4463
f 4192/4459 4191/4458 4197/4464 4198/4465
f 4194/4461 4193/4460 4199/4466 4200/4467
f 4196/4463 4195/4462 4201/4468 4202/4469
f 4198/4465 4197/4464 4203/4470 4204/4471
f 4200/4467 4199/4466 4205/4472 4206/4473
f 4202/4469 4201/4468 4207/4474 4208/4475
f 4204/4471 4203/4470 4209/4476 4210/4477
f 4206/4473 4205/4472 4211/4478 4212/4479
f 4208/4475 4207/4474 4213/4480 4214/4481
f 4210/4477 4209/4476 4215/4482 4216/4483
f 4212/4479 4211/4478 4217/4484 4218/4485
f 4214/4481 4213/4480 4219/4486 4220/4487
f 4216/4483 4215/4482 4221/4488 4222/4489
f 4218/4485 4217/4484 4223/4490 4224/4491
f 4220/4487 4219/4486 4225/4492 4226/4493
f 4222/4489 4221/4488 4150/4417 4149/4416
f 4226/4493 4225/4492 4158/4425 4157/4424
f 4162/4429 4161/4428 4227/4494 4228/4495
f 4164/4431 4163/4430 4229/4496 4230/4497
f 4166/4433 4165/4432 4231/4498 4232/4499
f 4228/4495 4227/4494 4233/4500 4234/4501
f 4230/4497 4229/4496 4235/4502 4236/4503
f 4232/4499 4231/4498 4237/4504 4238/4505
f 4234/4501 4233/4500 4239/4506 4240/4507
f 4236/4503 4235/4502 4241/4508 4242/4509
f 4238/4505 4237/4504 4243/4510 4244/4511
f 4240/4507 4239/4506 4245/4512 4246/4513
f 4242/4509 4241/4508 4247/4514 4248/4515
f 4244/4511 4243/4510 4249/4516 4250/4517
f 4246/4513 4245/4512 4251/4518 4252/4519
f 4248/4515 4247/4514 4253/4520 4254/4521
f 4250/4517 4249/4516 4255/4522 4256/4523
f 4252/4519 4251/4518 4080/4347 4079/4346
f 4254/4521 4253/4520 4084/4351 4083/4350
f 4256/4523 4255/4522 4088/4355 4087/4354
f 4263/4524 4264/4525 4265/4526 4266/4527
f 4267/4528 4268/4529 4269/4530 4270/4531
f 4271/4532 4272/4533 4273/4534 4274/4535
f 4266/4527 4265/4526 4275/4536 4276/4537
f 4270/4531 4269/4530 4277/4538 4278/4539
f 4274/4535 4273/4534 4279/4540 4280/4541
f 4276/4537 4275/4536 4281/4542 4282/4543
f 4278/4539 4277/4538 4283/4544 4284/4545
f 4280/4541 4279/4540 4285/4546 4286/4547
f 4282/4543 4281/4542 4287/4548 4288/4549
f 4284/4545 4283/4544 4289/4550 4290/4551
f 4286/4547 4285/4546 4291/4552 4292/4553
f 4288/4549 4287/4548 4295/4554 4296/4555
f 4290/4551 4289/4550 4297/4556 4298/4557
f 4292/4553 4291/4552 4299/4558 4300/4559
f 4296/4555 4295/4554 4301/4560 4302/4561
f 4298/4557 4297/4556 4303/4562 4304/4563
f 4300/4559 4299/4558 4305/4564 4306/4565
f 4302/4561 4301/4560 4307/4566 4308/4567
f 4304/4563 4303/4562 4309/4568 4310/4569
f 4306/4565 4305/4564 4311/4570 4312/4571
f 4308/4567 4307/4566 4313/4572 4314/4573
f 4310/4569 4309/4568 4315/4574 4316/4575
f 4312/4571 4311/4570 4317/4576 4318/4577
f 4294/4578 4293/4579 4319/4580 4320/4581
f 4320/4581 4319/4580 4321/4582 4322/4583
f 4314/4573 4313/4572 4323/4584 4324/4585
f 4316/4575 4315/4574 4325/4586 4326/4587
f 4318/4577 4317/4576 4327/4588 4328/4589
f 4324/4585 4323/4584 4258/4590 4257/4591
f 4326/4587 4325/4586 4260/4592 4259/4593
f 4328/4589 4327/4588 4262/4594 4261/4595
f 4329/4596 4330/4597 4331/4598 4332/4599
f 4333/4600 4334/4601 4335/4602 4336/4603
f 4337/4604 4338/4605 4339/4606 4340/4607
f 4332/4599 4331/4598 4341/4608 4342/4609
f 4336/4603 4335/4602 4343/4610 4344/4611
f 4340/4607 4339/4606 4345/4612 4346/4613
f 4347/4614 4348/4615 4349/4616 4350/4617
f 4351/4618 4352/4619 4353/4620 4354/4621
f 4355/4622 4356/4623 4357/4624 4358/4625
f 4359/4626 4360/4627 4361/4628 4362/4629
f 4354/4621 4353/4620 4363/4630 4364/4631
f 4358/4625 4357/4624 4365/4632 4366/4633
f 4362/4629 4361/4628 4367/4634 4368/4635
f 4364/4631 4363/4630 4369/4636 4370/4637
f 4342/4609 4341/4608 4371/4638 4372/4639
f 4344/4611 4343/4610 4373/4640 4374/4641
f 4346/4613 4345/4612 4375/4642 4376/4643
f 4372/4639 4371/4638 4377/4644 4378/4645
f 4374/4641 4373/4640 4379/4646 4380/4647
f 4376/4643 4375/4642 4381/4648 4382/4649
f 4366/4633 4365/4632 4383/4650 4384/4651
f 4368/4635 4367/4634 4385/4652 4386/4653
f 4370/4637 4369/4636 4387/4654 4388/4655
f 4384/4651 4383/4650 4389/4656 4390/4657
f 4390/4657 4389/4656 4391/4658 4392/4659
f 4393/4660 4394/4661 4395/4662 4396/4663
f 4397/4664 4398/4665 4399/4666 4400/4667
f 4392/4659 4391/4658 4401/4668 4402/4669
f 4396/4663 4395/4662 4403/4670 4404/4671
f 4400/4667 4399/4666 4405/4672 4406/4673
f 4378/4645 4377/4644 4407/4674 4408/4675
f 4380/4647 4379/4646 4409/4676 4410/4677
f 4382/4649 4381/4648 4411/4678 4412/4679
f 4408/4675 4407/4674 4413/4680 4414/4681
f 4410/4677 4409/4676 4415/4682 4416/4683
f 4412/4679 4411/4678 4417/4684 4418/4685
f 4402/4669 4401/4668 4419/4686 4420/4687
f 4404/4671 4403/4670 4421/4688 4422/4689
f 4406/4673 4405/4672 4423/4690 4424/4691
f 4420/4687 4419/4686 4330/4597 4329/4596
f 4422/4689 4421/4688 4334/4601 4333/4600
f 4424/4691 4423/4690 4338/4605 4337/4604
f 4414/4681 4413/4680 4425/4692 4426/4693
f 4416/4683 4415/4682 4427/4694 4428/4695
f 4418/4685 4417/4684 4429/4696 4430/4697
f 4426/4693 4425/4692 4264/4525 4263/4524
f 4428/4695 4427/4694 4268/4529 4267/4528
f 4430/4697 4429/4696 4272/4533 4271/4532
f 4431/4698 4432/4699 4433/4700 4434/4701
f 4435/4702 4436/4703 4437/4704 4438/4705
f 4439/4706 4440/4707 4441/4708 4442/4709
f 4447/4710 4448/4711 4449/4712 4450/4713
f 4451/4714 4452/4715 4453/4716 4454/4717
f 4455/4718 4456/4719 4457/4720 4458/4721
f 4461/4722 4462/4723 4463/4724 4464/4725
f 4465/4726 4466/4727 4467/4728 4468/4729
f 4469/4730 4470/4731 4471/4732 4472/4733
f 4473/4734 4474/4735 4475/4736 4476/4737
f 4477/4738 4478/4739 4479/4740 4480/4741
f 4481/4742 4482/4743 4483/4744 4484/4745
f 4485/4746 4486/4747 4487/4748 4488/4749
f 4489/4750 4490/4751 4491/4752 4492/4753
f 4493/4754 4494/4755 4495/4756 4496/4757
f 4476/4737 4475/4736 4432/4699 4431/4698
f 4480/4741 4479/4740 4436/4703 4435/4702
f 4484/4745 4483/4744 4440/4707 4439/4706
f 4460/4758 4459/4759 4444/4760 4443/4761
f 4446/4762 4445/4763 4456/4719 4455/4718
f 4450/4713 4449/4712 4462/4723 4461/4722
f 4454/4717 4453/4716 4466/4727 4465/4726
f 4458/4721 4457/4720 4470/4731 4469/4730
f 4464/4725 4463/4724 4474/4735 4473/4734
f 4468/4729 4467/4728 4478/4739 4477/4738
f 4472/4733 4471/4732 4482/4743 4481/4742
f 4434/4701 4433/4700 4486/4747 4485/4746
f 4438/4705 4437/4704 4490/4751 4489/4750
f 4442/4709 4441/4708 4494/4755 4493/4754
f 4497/4764 4498/4765 4499/4766 4500/4767
f 4501/4768 4502/4769 4503/4770 4504/4771
f 4505/4772 4508/4773 4507/4774 4506/4775
f 4509/4776 4510/4777 4511/4778 4512/4779
f 4513/4780 4514/4781 4515/4782 4516/4783
f 4517/4784 4518/4785 4519/4786 4520/4787
f 4521/4788 4522/4789 4523/4790 4524/4791
f 4525/4792 4526/4793 4527/4794 4528/4795
f 4529/4796 4530/4797 4531/4798 4532/4799
f 4533/4800 4534/4801 4535/4802 4536/4803
f 4537/4804 4538/4805 4539/4806 4540/4807
f 4541/4808 4542/4809 4543/4810 4544/4811
f 4545/4812 4546/4813 4547/4814 4548/4815
f 4549/4816 4550/4817 4551/4818 4552/4819
f 4553/4820 4554/4821 4555/4822 4556/4823
f 4557/4824 4558/4825 4559/4826 4560/4827
f 4561/4828 4562/4829 4563/4830 4564/4831
f 4565/4832 4566/4833 4567/4834 4568/4835
f 4569/4836 4570/4837 4571/4838 4572/4839
f 4573/4840 4574/4841 4575/4842 4576/4843
f 4577/4844 4578/4845 4579/4846 4580/4847
f 4581/4848 4582/4849 4583/4850 4584/4851
f 4585/4852 4588/4853 4587/4854 4586/4855
f 4589/4856 4590/4857 4591/4858 4592/4859
f 4593/4860 4596/4861 4595/4862 4594/4863
f 4576/4843 4575/4842 4498/4765 4497/4764
f 4580/4847 4579/4846 4502/4769 4501/4768
f 4584/4851 4583/4850 4506/4775 4505/4772
f 4524/4791 4523/4790 4510/4777 4509/4776
f 4528/4795 4527/4794 4514/4781 4513/4780
f 4552/4819 4551/4818 4522/4789 4521/4788
f 4556/4823 4555/4822 4526/4793 4525/4792
f 4560/4827 4559/4826 4530/4797 4529/4796
f 4512/4779 4511/4778 4534/4801 4533/4800
f 4516/4783 4515/4782 4538/4805 4537/4804
f 4520/4787 4519/4786 4542/4809 4541/4808
f 4536/4803 4535/4802 4597/4864 4598/4865
f 4540/4807 4539/4806 4599/4866 4600/4867
f 4544/4811 4543/4810 4546/4813 4545/4812
f 4488/4749 4487/4748 4550/4817 4549/4816
f 4492/4753 4491/4752 4554/4821 4553/4820
f 4496/4757 4495/4756 4558/4825 4557/4824
f 4601/4868 4602/4869 4562/4829 4561/4828
f 4564/4831 4563/4830 4574/4841 4573/4840
f 4568/4835 4567/4834 4578/4845 4577/4844
f 4572/4839 4571/4838 4582/4849 4581/4848
f 4500/4767 4499/4766 4586/4855 4585/4852
f 4504/4771 4589/4856 4590/4857 4503/4770
f 4508/4773 4593/4860 4594/4863 4507/4774
f 4603/4870 4604/4871 4605/4872 4606/4873
f 4607/4874 4608/4875 4609/4876 4610/4877
f 4611/4878 4612/4879 4613/4880 4614/4881
f 4615/4882 4616/4883 4617/4884 4618/4885
f 4619/4886 4620/4887 4621/4888 4622/4889
f 4623/4890 4624/4891 4625/4892 4626/4893
f 4633/4894 4634/4895 4635/4896 4636/4897
f 4637/4898 4638/4899 4639/4900 4640/4901
f 4641/4902 4642/4903 4643/4904 4644/4905
f 4645/4906 4646/4907 4647/4908 4648/4909
f 4649/4910 4650/4911 4651/4912 4652/4913
f 4653/4914 4654/4915 4655/4916 4656/4917
f 4648/4909 4647/4908 4604/4871 4603/4870
f 4652/4913 4651/4912 4608/4875 4607/4874
f 4656/4917 4655/4916 4612/4879 4611/4878
f 4606/4873 4605/4872 4616/4883 4615/4882
f 4610/4877 4609/4876 4620/4887 4619/4886
f 4614/4881 4613/4880 4624/4891 4623/4890
f 4628/4918 4627/4919 4634/4895 4633/4894
f 4630/4920 4629/4921 4638/4899 4637/4898
f 4632/4922 4631/4923 4642/4903 4641/4902
f 4636/4897 4635/4896 4646/4907 4645/4906
f 4640/4901 4639/4900 4650/4911 4649/4910
f 4644/4905 4643/4904 4654/4915 4653/4914
f 4657/4924 4658/4925 4659/4926 4660/4927
f 4661/4928 4662/4929 4663/4930 4664/4931
f 4665/4932 4666/4933 4667/4934 4668/4935
f 4669/4936 4670/4937 4671/4938 4672/4939
f 4673/4940 4674/4941 4675/4942 4676/4943
f 4677/4944 4678/4945 4679/4946 4680/4947
f 4681/4948 4682/4949 4683/4950 4684/4951
f 4685/4952 4686/4953 4687/4954 4688/4955
f 4689/4956 4690/4957 4691/4958 4692/4959
f 4693/4960 4694/4961 4695/4962 4696/4963
f 4697/4964 4698/4965 4699/4966 4700/4967
f 4701/4968 4702/4969 4703/4970 4704/4971
f 4705/4972 4706/4973 4707/4974 4708/4975
f 4709/4976 4710/4977 4711/4978 4712/4979
f 4713/4980 4714/4981 4715/4982 4716/4983
f 4717/4984 4718/4985 4719/4986 4720/4987
f 4721/4988 4722/4989 4723/4990 4724/4991
f 4725/4992 4726/4993 4727/4994 4728/4995
f 4729/4996 4730/4997 4731/4998 4732/4999
f 4733/5000 4734/5001 4735/5002 4736/5003
f 4737/5004 4738/5005 4739/5006 4740/5007
f 4741/5008 4742/5009 4743/5010 4744/5011
f 4745/5012 4746/5013 4747/5014 4748/5015
f 4749/5016 4752/5017 4751/5018 4750/5019
f 4753/5020 4756/5021 4755/5022 4754/5023
f 4757/5024 4760/5025 4759/5026 4758/5027
f 4684/4951 4683/4950 4658/4925 4657/4924
f 4688/4955 4687/4954 4662/4929 4661/4928
f 4692/4959 4691/4958 4666/4933 4665/4932
f 4752/5017 4669/4936 4670/4937 4751/5018
f 4756/5021 4673/4940 4674/4941 4755/5022
f 4760/5025 4677/4944 4678/4945 4759/5026
f 4696/4963 4695/4962 4682/4949 4681/4948
f 4700/4967 4699/4966 4686/4953 4685/4952
f 4704/4971 4703/4970 4690/4957 4689/4956
f 4618/4885 4617/4884 4694/4961 4693/4960
f 4622/4889 4621/4888 4698/4965 4697/4964
f 4626/4893 4625/4892 4702/4969 4701/4968
f 4660/4927 4659/4926 4706/4973 4705/4972
f 4668/4935 4667/4934 4714/4981 4713/4980
f 4672/4939 4671/4938 4718/4985 4717/4984
f 4676/4943 4675/4942 4722/4989 4721/4988
f 4680/4947 4679/4946 4726/4993 4725/4992
f 4708/4975 4707/4974 4761/5028 4762/5029
f 4712/4979 4711/4978 4730/4997 4729/4996
f 4716/4983 4715/4982 4734/5001 4733/5000
f 4763/5030 4764/5031 4738/5005 4737/5004
f 4732/4999 4731/4998 4742/5009 4741/5008
f 4736/5003 4735/5002 4746/5013 4745/5012
f 4740/5007 4739/5006 4750/5019 4749/5016
f 4744/5011 4743/5010 4754/5023 4753/5020
f 4748/5015 4747/5014 4758/5027 4757/5024
f 4765/5032 4766/5033 4767/5034 4768/5035
f 4769/5036 4770/5037 4771/5038 4772/5039
f 4773/5040 4774/5041 4775/5042 4776/5043
f 4777/5044 4778/5045 4779/5046 4780/5047
f 4781/5048 4782/5049 4783/5050 4784/5051
f 4785/5052 4786/5053 4787/5054 4788/5055
f 4789/5056 4790/5057 4791/5058 4792/5059
f 4793/5060 4794/5061 4795/5062 4796/5063
f 4797/5064 4798/5065 4799/5066 4800/5067
f 4801/5068 4802/5069 4803/5070 4804/5071
f 4805/5072 4806/5073 4807/5074 4808/5075
f 4809/5076 4810/5077 4811/5078 4812/5079
f 4813/5080 4814/5081 4815/5082 4816/5083
f 4817/5084 4818/5085 4766/5033 4765/5032
f 4819/5086 4820/5087 4770/5037 4769/5036
f 4821/5088 4822/5089 4774/5041 4773/5040
f 4768/5035 4767/5034 4778/5045 4777/5044
f 4772/5039 4771/5038 4782/5049 4781/5048
f 4776/5043 4775/5042 4786/5053 4785/5052
f 4780/5047 4779/5046 4790/5057 4789/5056
f 4784/5051 4783/5050 4794/5061 4793/5060
f 4788/5055 4787/5054 4798/5065 4797/5064
f 4792/5059 4791/5058 4802/5069 4801/5068
f 4796/5063 4795/5062 4806/5073 4805/5072
f 4804/5071 4803/5070 4814/5081 4813/5080
f 4823/5090 4824/5091 4825/5092 4826/5093
f 4827/5094 4828/5095 4829/5096 4830/5097
f 4831/5098 4832/5099 4833/5100 4834/5101
f 4835/5102 4836/5103 4837/5104 4838/5105
f 4839/5106 4840/5107 4841/5108 4842/5109
f 4843/5110 4844/5111 4845/5112 4846/5113
f 4847/5114 4848/5115 4849/5116 4850/5117
f 4851/5118 4852/5119 4853/5120 4854/5121
f 4855/5122 4856/5123 4857/5124 4858/5125
f 4859/5126 4860/5127 4861/5128 4862/5129
f 4863/5130 4864/5131 4865/5132 4866/5133
f 4867/5134 4868/5135 4869/5136 4870/5137
f 4871/5138 4872/5139 4873/5140 4874/5141
f 4875/5142 4876/5143 4877/5144 4878/5145
f 4879/5146 4880/5147 4881/5148 4882/5149
f 4883/5150 4886/5151 4885/5152 4884/5153
f 4887/5154 4888/5155 4889/5156 4890/5157
f 4891/5158 4892/5159 4893/5160 4894/5161
f 4895/5162 4896/5163 4897/5164 4898/5165
f 4899/5166 4900/5167 4901/5168 4902/5169
f 4903/5170 4904/5171 4905/5172 4906/5173
f 4907/5174 4908/5175 4909/5176 4910/5177
f 4911/5178 4912/5179 4913/5180 4914/5181
f 4915/5182 4916/5183 4917/5184 4918/5185
f 4919/5186 4920/5187 4818/5085 4817/5084
f 4921/5188 4922/5189 4820/5087 4819/5086
f 4923/5190 4924/5191 4822/5089 4821/5088
f 4910/5177 4909/5176 4824/5091 4823/5090
f 4914/5181 4913/5180 4828/5095 4827/5094
f 4918/5185 4917/5184 4832/5099 4831/5098
f 4925/5192 4926/5193 4836/5103 4835/5102
f 4927/5194 4928/5195 4840/5107 4839/5106
f 4929/5196 4930/5197 4844/5111 4843/5110
f 4838/5105 4837/5104 4848/5115 4847/5114
f 4842/5109 4841/5108 4852/5119 4851/5118
f 4846/5113 4845/5112 4856/5123 4855/5122
f 4826/5093 4825/5092 4860/5127 4859/5126
f 4830/5097 4829/5096 4864/5131 4863/5130
f 4834/5101 4833/5100 4868/5135 4867/5134
f 4850/5117 4849/5116 4872/5139 4871/5138
f 4854/5121 4853/5120 4876/5143 4875/5142
f 4858/5125 4857/5124 4880/5147 4879/5146
f 4874/5141 4883/5150 4884/5153 4873/5140
f 4878/5145 4877/5144 4888/5155 4887/5154
f 4882/5149 4881/5148 4892/5159 4891/5158
f 4862/5129 4895/5162 4896/5163 4861/5128
f 4886/5151 4885/5152 4908/5175 4907/5174
f 4890/5157 4889/5156 4912/5179 4911/5178
f 4894/5161 4893/5160 4916/5183 4915/5182
f 4898/5165 4897/5164 4920/5187 4919/5186
f 4902/5169 4901/5168 4922/5189 4921/5188
f 4906/5173 4905/5172 4924/5191 4923/5190
f 3439/3706 4934/5198 4935/5199 3441/3708
f 4936/5200 4937/5201 4938/5202 4939/5203
f 4940/5204 4941/5205 4942/5206 4943/5207
f 4944/5208 4945/5209 4946/5210 4947/5211
f 4948/5212 4949/5213 4950/5214 4951/5215
f 4952/5216 4953/5217 4954/5218 4955/5219
f 4956/5220 4957/5221 4958/5222 4959/5223
f 4960/5224 4961/5225 4962/5226 4963/5227
f 4964/5228 4965/5229 4966/5230 4967/5231
f 4968/5232 4969/5233 4970/5234 4971/5235
f 4972/5236 4973/5237 4974/5238 4975/5239
f 4976/5240 4977/5241 4978/5242 4979/5243
f 4980/5244 4981/5245 4982/5246 4983/5247
f 4984/5248 4985/5249 4986/5250 4987/5251
f 4992/5252 4993/5253 4994/5254 4995/5255
f 4996/5256 4997/5257 4998/5258 4999/5259
f 5000/5260 5001/5261 5002/5262 5003/5263
f 5004/5264 5005/5265 5006/5266 5007/5267
f 5008/5268 5009/5269 5010/5270 5011/5271
f 5012/5272 5013/5273 5014/5274 5015/5275
f 5016/5276 5017/5277 5018/5278 5019/5279
f 5020/5280 5021/5281 5022/5282 5023/5283
f 5027/5284 5028/5285 5029/5286 5030/5287
f 5031/5288 5032/5289 5033/5290 5034/5291
f 5035/5292 5036/5293 5037/5294 5038/5295
f 5039/5296 5040/5297 5041/5298 5042/5299
f 5044/5300 5045/5301 5046/5302 5047/5303
f 4431/4698 5048/5304 5049/5305 4434/4701
f 5050/5306 5051/5307 5052/5308 5053/5309
f 5054/5310 4995/5255 4994/5254 5055/5311
f 4765/5312 5015/5275 5014/5274 5056/5313
f 5057/5314 5058/5315 5059/5316 5060/5317
f 3463/5318 5030/5287 5029/5286 5061/5319
f 5062/5320 4999/5259 4998/5258 5063/5321
f 5064/5322 5019/5279 5018/5278 5065/5323
f 5066/5324 5034/5291 5033/5290 3469/5325
f 5067/5326 5003/5263 5002/5262 5068/5327
f 5069/5328 5023/5283 5022/5282 5070/5329
f 5074/5330 5038/5295 5037/5294 5075/5331
f 5076/5332 5007/5267 5006/5266 5077/5333
f 5078/5334 5026/5335 5025/5336 5079/5337
f 5080/5338 5081/5339 5082/5340 5083/5341
f 3475/5342 5042/5299 5041/5298 5084/5343
f 5088/5344 5089/5345 5090/5346 5091/5347
f 5094/5348 5011/5271 5010/5270 5095/5349
f 5097/5350 5098/5351 5099/5352 5100/5353
f 5102/5354 5103/5355 5104/5356 5105/5357
f 5106/5358 5107/5359 5108/5360 5109/5361
f 5110/5362 5111/5363 5112/5364 5113/5365
f 5114/5366 5115/5367 5116/5368 4476/5369
f 4485/4746 5117/5370 5118/5371 4488/4749
f 5119/5372 5120/5373 5121/5374 5122/5375
f 4951/5215 4950/5214 4932/5376 4931/5377
f 5123/5378 4951/5215 4931/5377 5124/5379
f 5124/5379 4931/5377 4933/5380 5125/5381
f 3438/3705 5126/5382 4934/5198 3439/3706
f 5127/5383 3438/3705 3439/3706 5128/5384
f 5128/5384 3439/3706 3441/3708 5129/5385
f 3441/3708 4935/5199 4937/5201 4936/5200
f 5129/5385 3441/3708 4936/5200 5130/5386
f 5130/5386 4936/5200 4939/5203 5131/5387
f 4939/5203 4938/5202 4941/5205 4940/5204
f 5131/5387 4939/5203 4940/5204 5132/5388
f 5132/5388 4940/5204 4943/5207 5133/5389
f 4943/5207 4942/5206 4945/5209 4944/5208
f 5133/5389 4943/5207 4944/5208 5134/5390
f 5134/5390 4944/5208 4947/5211 5135/5391
f 4947/5211 4946/5210 4949/5213 4948/5212
f 5135/5391 4947/5211 4948/5212 5136/5392
f 5136/5392 4948/5212 4951/5215 5123/5378
f 5137/5393 5138/5394 4953/5217 4952/5216
f 5139/5395 5137/5393 4952/5216 5140/5396
f 5140/5396 4952/5216 4955/5219 5141/5397
f 4955/5219 4954/5218 4957/5221 4956/5220
f 5141/5397 4955/5219 4956/5220 3922/5398
f 3922/4187 4956/5220 4959/5223 3928/4193
f 4959/5223 4958/5222 4961/5225 4960/5224
f 3928/4193 4959/5223 4960/5224 5142/5399
f 5142/5399 4960/5224 4963/5227 5143/5400
f 4963/5227 4962/5226 4965/5229 4964/5228
f 5143/5400 4963/5227 4964/5228 5144/5401
f 5144/5401 4964/5228 4967/5231 5145/5402
f 4967/5231 4966/5230 4969/5233 4968/5232
f 5145/5402 4967/5231 4968/5232 5146/5403
f 5147/5404 5148/5405 4973/5237 4972/5236
f 4079/5406 5147/5404 4972/5236 5149/5407
f 5149/5407 4972/5236 4975/5239 5150/5408
f 4975/5239 4974/5238 4977/5241 4976/5240
f 5150/5408 4975/5239 4976/5240 5151/5409
f 5151/5409 4976/5240 4979/5243 5152/5410
f 4979/5243 4978/5242 4981/5245 4980/5244
f 5152/5410 4979/5243 4980/5244 5153/5411
f 5153/5411 4980/5244 4983/5247 5154/5412
f 4983/5247 4982/5246 4985/5249 4984/5248
f 5154/5412 4983/5247 4984/5248 5155/5413
f 5155/5413 4984/5248 4987/5251 5156/5414
f 4987/5251 4986/5250 4989/5415 4988/5416
f 4138/4404 4990/5417 4991/5418 4144/4407
f 5058/5419 5046/5420 4993/5421 4992/5422
f 5059/5316 5058/5315 4992/5422 5157/5423
f 5157/5424 4992/5252 4995/5255 5158/5425
f 5045/5426 5112/5427 4997/5428 4996/5429
f 5046/5420 5045/5301 4996/5429 4993/5421
f 4993/5253 4996/5256 4999/5259 4994/5254
f 5111/5430 5099/5431 5001/5432 5000/5433
f 5112/5427 5111/5363 5000/5433 4997/5428
f 4997/5257 5000/5260 5003/5263 4998/5258
f 5098/5434 5082/5435 5005/5436 5004/5437
f 5099/5352 5098/5351 5004/5437 5001/5432
f 5001/5261 5004/5264 5007/5267 5002/5262
f 5081/5438 5072/5439 5009/5440 5008/5441
f 5082/5340 5081/5339 5008/5441 5005/5436
f 5005/5265 5008/5268 5011/5271 5006/5266
f 5117/5442 5049/5443 5013/5444 5012/5445
f 5118/5371 5117/5370 5012/5445 5159/5446
f 5159/5447 5012/5272 5015/5275 5160/5448
f 5048/5449 5116/5450 5017/5451 5016/5452
f 5049/5443 5048/5304 5016/5452 5013/5444
f 5013/5273 5016/5276 5019/5279 5014/5274
f 5115/5453 5104/5454 5021/5455 5020/5456
f 5116/5450 5115/5367 5020/5456 5017/5451
f 5017/5277 5020/5280 5023/5283 5018/5278
f 5104/5356 5103/5355 5024/5457 5021/5455
f 5021/5281 5024/5458 5026/5459 5022/5282
f 5089/5460 5052/5461 5028/5462 5027/5463
f 5090/5346 5089/5345 5027/5463 5161/5464
f 5161/5465 5027/5284 5030/5287 5162/5466
f 5051/5467 5121/5468 5032/5469 5031/5470
f 5052/5308 5051/5307 5031/5470 5028/5462
f 5028/5285 5031/5288 5034/5291 5029/5286
f 5120/5471 5108/5472 5036/5473 5035/5474
f 5121/5374 5120/5373 5035/5474 5032/5469
f 5032/5289 5035/5292 5038/5295 5033/5290
f 5107/5475 5092/5476 5040/5477 5039/5478
f 5108/5472 5107/5359 5039/5478 5036/5473
f 5036/5293 5039/5296 5042/5299 5037/5294
f 5113/5365 5112/5364 5045/5426 5044/5300
f 5131/5387 5113/5365 5044/5300 5130/5386
f 5130/5386 5044/5300 5047/5303 5129/5385
f 4476/4737 5116/5368 5048/5449 4431/4698
f 3928/4193 4476/4737 4431/4698 3922/4187
f 3922/4187 4431/4698 4434/4701 5141/5397
f 5122/5375 5121/5374 5051/5467 5050/5306
f 5152/5410 5122/5375 5050/5306 5151/5409
f 5151/5409 5050/5306 5053/5309 5150/5408
f 5163/5479 5158/5425 4995/5255 5054/5310
f 5126/5382 5163/5479 5054/5310 4934/5198
f 4934/5198 5054/5310 5055/5311 4935/5199
f 4817/5084 5160/5448 5015/5275 4765/5032
f 5138/5394 4817/5084 4765/5032 4953/5217
f 4953/5217 4765/5032 5056/5313 4954/5218
f 5047/5303 5046/5302 5058/5419 5057/5314
f 5129/5385 5047/5303 5057/5314 5128/5384
f 5128/5384 5057/5314 5060/5317 5127/5383
f 3462/3729 5162/5466 5030/5287 3463/3730
f 5148/5405 3462/3729 3463/3730 4973/5237
f 4973/5237 3463/3730 5061/5319 4974/5238
f 5055/5311 4994/5254 4999/5259 5062/5320
f 4935/5199 5055/5311 5062/5320 4937/5201
f 4937/5201 5062/5320 5063/5321 4938/5202
f 5056/5313 5014/5274 5019/5279 5064/5322
f 4954/5218 5056/5313 5064/5322 4957/5221
f 4957/5221 5064/5322 5065/5323 4958/5222
f 5061/5319 5029/5286 5034/5291 5066/5324
f 4974/5238 5061/5319 5066/5324 4977/5241
f 4977/5241 5066/5324 3469/5325 4978/5242
f 5063/5321 4998/5258 5003/5263 5067/5326
f 4938/5202 5063/5321 5067/5326 4941/5205
f 4941/5205 5067/5326 5068/5327 4942/5206
f 5065/5323 5018/5278 5023/5283 5069/5328
f 4958/5222 5065/5323 5069/5328 4961/5225
f 4961/5225 5069/5328 5070/5329 4962/5226
f 5124/5379 5071/5480 5073/5481 5123/5378
f 3469/5325 5033/5290 5038/5295 5074/5330
f 4978/5242 3469/5325 5074/5330 4981/5245
f 4981/5245 5074/5330 5075/5331 4982/5246
f 5068/5327 5002/5262 5007/5267 5076/5332
f 4942/5206 5068/5327 5076/5332 4945/5209
f 4945/5209 5076/5332 5077/5333 4946/5210
f 5070/5329 5022/5282 5026/5459 5078/5334
f 4962/5226 5070/5329 5078/5334 4965/5229
f 4965/5229 5078/5334 5079/5337 4966/5230
f 5073/5482 5072/5439 5081/5438 5080/5338
f 5123/5378 5073/5481 5080/5338 5136/5392
f 5136/5392 5080/5338 5083/5341 5135/5391
f 5075/5331 5037/5294 5042/5299 3475/5342
f 4982/5246 5075/5331 3475/5342 4985/5249
f 4985/5249 3475/5342 5084/5343 4986/5250
f 5146/5403 5085/5483 5087/5484 5145/5402
f 5053/5309 5052/5308 5089/5460 5088/5344
f 5150/5408 5053/5309 5088/5344 5149/5407
f 5149/5407 5088/5344 5091/5347 4079/5406
f 5077/5333 5006/5266 5011/5271 5094/5348
f 4946/5210 5077/5333 5094/5348 4949/5213
f 4949/5213 5094/5348 5095/5349 4950/5214
f 4966/5230 5079/5337 5096/5485 4969/5233
f 4969/5233 5096/5485 4816/5486 4970/5234
f 5083/5341 5082/5340 5098/5434 5097/5350
f 5135/5391 5083/5341 5097/5350 5134/5390
f 5134/5390 5097/5350 5100/5353 5133/5389
f 5084/5343 5041/5298 5043/5487 5101/5488
f 4986/5250 5084/5343 5101/5488 4989/5415
f 5087/5489 5086/5490 5103/5355 5102/5354
f 5145/5402 5087/5484 5102/5354 5144/5401
f 5144/5401 5102/5354 5105/5357 5143/5400
f 5093/5491 5092/5476 5107/5475 5106/5358
f 5156/5414 5093/5491 5106/5358 5155/5413
f 5155/5413 5106/5358 5109/5361 5154/5412
f 5100/5353 5099/5352 5111/5430 5110/5362
f 5133/5389 5100/5353 5110/5362 5132/5388
f 5132/5388 5110/5362 5113/5365 5131/5387
f 5105/5357 5104/5356 5115/5453 5114/5366
f 5143/5400 5105/5357 5114/5366 5142/5399
f 5142/5399 5114/5366 4476/5369 3928/4193
f 4434/4701 5049/5305 5117/5442 4485/4746
f 5141/5397 4434/4701 4485/4746 5140/5396
f 5140/5396 4485/4746 4488/4749 5139/5395
f 5109/5361 5108/5360 5120/5471 5119/5372
f 5154/5412 5109/5361 5119/5372 5153/5411
f 5153/5411 5119/5372 5122/5375 5152/5410
f 5164/5492 5165/5493 5166/5494 5167/5495
f 5168/5496 5169/5497 5170/5498 5171/5499
f 3483/3750 5172/5500 5173/5501 3485/3752
f 5174/5502 5175/5503 5176/5504 5177/5505
f 5178/5506 5179/5507 5180/5508 5181/5509
f 5182/5510 5183/5511 5184/5512 5185/5513
f 5186/5514 5187/5515 5188/5516 5189/5517
f 5190/5518 5191/5519 5192/5520 5193/5521
f 5194/5522 5195/5523 5196/5524 5197/5525
f 5198/5526 5199/5527 5200/5528 5201/5529
f 5202/5530 5203/5531 5204/5532 5205/5533
f 5206/5534 5207/5535 5208/5536 5209/5537
f 5210/5538 5211/5539 5212/5540 5213/5541
f 5214/5542 5215/5543 5216/5544 5217/5545
f 5218/5546 5219/5547 5220/5548 5221/5549
f 5222/5550 5223/5551 5224/5552 5225/5553
f 5226/5554 5227/5555 5228/5556 5229/5557
f 5230/5558 5231/5559 5232/5560 5233/5561
f 5234/5562 5235/5563 5236/5564 5237/5565
f 5238/5566 5239/5567 5240/5568 5241/5569
f 3507/3774 5242/5570 5243/5571 3509/3776
f 5244/5572 5245/5573 5246/5574 5247/5575
f 5248/5576 5249/5577 5250/5578 5251/5579
f 3511/3778 5252/5580 5253/5581 3513/3780
f 5254/5582 5255/5583 5148/5405 5147/5404
f 5256/5584 5159/5447 5160/5448 5257/5585
f 3515/3782 5258/5586 5126/5382 3438/3705
f 5259/5587 5260/5588 5261/5589 5262/5590
f 5263/5591 5264/5592 5265/5593 5266/5594
f 5267/5595 5268/5596 5269/5597 5270/5598
f 5271/5599 5274/5600 5273/5601 5272/5602
f 5275/5603 5278/5604 5277/5605 5276/5606
f 5279/5607 5280/5608 5281/5609 5282/5610
f 5283/5611 5284/5612 5285/5613 5286/5614
f 5287/5615 5288/5616 5289/5617 5290/5618
f 5291/5619 5292/5620 5293/5621 5294/5622
f 5295/5623 5296/5624 5297/5625 5298/5626
f 5299/5627 5300/5628 5301/5629 5302/5630
f 5303/5631 5304/5632 5305/5633 5306/5634
f 5307/5635 5308/5636 5309/5637 5310/5638
f 5311/5639 5314/5640 5313/5641 5312/5642
f 5315/5643 5316/5644 5317/5645 5318/5646
f 5319/5647 5320/5648 5321/5649 5322/5650
f 5323/5651 5324/5652 5325/5653 5326/5654
f 5327/5655 5328/5656 5329/5657 5330/5658
f 5331/5659 5332/5660 5333/5661 5334/5662
f 5335/5663 5336/5664 5337/5665 5338/5666
f 5339/5667 5340/5668 5341/5669 5342/5670
f 5343/5671 5344/5672 5345/5673 5346/5674
f 5347/5675 5348/5676 5349/5677 5350/5678
f 5351/5679 5352/5680 5353/5681 5354/5682
f 5355/5683 5161/5465 5162/5466 5356/5684
f 5357/5685 5358/5686 5138/5394 5137/5393
f 5359/5687 5157/5424 5158/5425 5360/5688
f 5361/5689 5362/5690 5363/5691 5364/5692
f 5365/5693 5368/5694 5367/5695 5366/5696
f 4497/4764 5369/5697 5370/5698 4500/4767
f 5371/5699 5360/5688 5158/5425 5163/5479
f 5372/5700 5373/5701 5374/5702 5375/5703
f 4823/5090 5266/5594 5265/5593 4826/5093
f 3519/3786 5334/5662 5333/5661 3521/3788
f 5376/5704 5377/5705 5273/5601 5274/5600
f 4835/5102 5294/5622 5293/5621 4838/5105
f 5378/5706 5379/5707 5380/5708 5381/5709
f 5382/5710 5383/5711 5384/5712 5385/5713
f 3525/3792 3527/3794 5313/5641 5314/5640
f 4509/4776 5386/5714 5387/5715 4512/4779
f 5388/5716 5389/5717 5277/5605 5278/5604
f 3529/3796 5346/5674 5345/5673 3531/3798
f 4847/5114 5298/5626 5297/5625 4850/5117
f 5390/5718 5270/5598 5269/5597 5391/5719
f 3533/3800 5318/5646 5317/5645 3535/3802
f 4859/5126 5338/5666 5337/5665 4862/5129
f 5392/5720 5393/5721 5394/5722 5395/5723
f 5396/5724 5282/5610 5281/5609 5397/5725
f 4871/5138 5302/5630 5301/5629 4874/5141
f 4521/4788 5398/5726 5399/5727 4524/4791
f 5400/5728 5401/5729 5402/5730 5403/5731
f 3537/3804 5322/5650 5321/5649 3539/3806
f 4533/4800 5404/5732 5405/5733 4536/4803
f 5406/5734 5407/5735 5408/5736 5409/5737
f 5255/5583 3480/3747 3462/3729 5148/5405
f 5410/5738 5411/5739 5412/5740 5413/5741
f 5414/5742 5286/5614 5285/5613 5415/5743
f 5416/5744 5306/5634 5305/5633 5417/5745
f 4895/5162 5350/5678 5349/5677 4898/5165
f 5418/5746 5419/5747 5420/5748 5421/5749
f 3541/3808 5326/5654 5325/5653 3543/3810
f 5422/5750 5423/5751 5424/5752 4601/5753
f 5425/5754 5342/5670 5341/5669 5426/5755
f 4549/4816 5427/5756 5428/5757 4552/4819
f 5429/5758 5430/5759 5431/5760 5432/5761
f 5433/5762 5434/5763 5435/5764 5436/5765
f 5437/5766 5290/5618 5289/5617 5438/5767
f 4907/5174 5310/5638 5309/5637 4910/5177
f 5439/5768 5440/5769 5441/5770 5442/5771
f 5443/5772 5444/5773 5445/5774 5446/5775
f 5447/5776 5330/5658 5329/5657 5448/5777
f 4561/4828 5449/5778 5450/5779 4564/4831
f 5451/5780 5262/5590 5261/5589 5452/5781
f 5453/5782 5454/5783 5455/5784 5456/5785
f 5457/5786 5354/5682 5353/5681 5458/5787
f 5459/5788 5460/5789 5461/5790 5462/5791
f 4573/4840 5463/5792 5464/5793 4576/4843
f 5465/5794 5466/5795 5467/5796 5468/5797
f 4585/4852 5469/5798 5470/5799 4588/4853
f 5471/5800 5472/5801 5473/5802 5474/5803
f 5233/5561 5232/5560 5165/5493 5164/5492
f 4149/4416 5233/5561 5164/5492 4152/4419
f 4152/4419 5164/5492 5167/5495 4162/4429
f 5213/5541 5212/5540 5169/5497 5168/5496
f 5475/5804 5213/5541 5168/5496 3974/5805
f 3974/5805 5168/5496 5171/5499 5476/5806
f 5193/5521 5192/5520 5172/5500 3483/3750
f 5477/5807 5193/5521 3483/3750 5478/5808
f 5478/5808 3483/3750 3485/3752 5479/5809
f 5480/5810 5481/5811 5175/5503 5174/5502
f 5482/5812 5480/5810 5174/5502 5483/5813
f 5483/5813 5174/5502 5177/5505 5484/5814
f 5177/5505 5176/5504 5179/5507 5178/5506
f 5484/5814 5177/5505 5178/5506 5485/5815
f 5485/5815 5178/5506 5181/5509 5486/5816
f 5181/5509 5180/5508 5183/5511 5182/5510
f 5486/5816 5181/5509 5182/5510 5487/5817
f 5487/5817 5182/5510 5185/5513 5488/5818
f 5185/5513 5184/5512 5187/5515 5186/5514
f 5488/5818 5185/5513 5186/5514 5489/5819
f 5489/5819 5186/5514 5189/5517 5490/5820
f 5189/5517 5188/5516 5191/5519 5190/5518
f 5490/5820 5189/5517 5190/5518 5491/5821
f 5491/5821 5190/5518 5193/5521 5477/5807
f 5492/5822 5493/5823 5195/5523 5194/5522
f 3989/4256 5492/5822 5194/5522 3992/4259
f 3992/4259 5194/5522 5197/5525 4002/4269
f 5197/5525 5196/5524 5199/5527 5198/5526
f 4002/4269 5197/5525 5198/5526 4008/4275
f 4008/4275 5198/5526 5201/5529 4014/4281
f 5201/5529 5200/5528 5203/5531 5202/5530
f 4014/4281 5201/5529 5202/5530 4020/4287
f 4020/4287 5202/5530 5205/5533 4026/4293
f 5205/5533 5204/5532 5207/5535 5206/5534
f 4026/4293 5205/5533 5206/5534 4032/4299
f 4032/4299 5206/5534 5209/5537 5494/5824
f 5209/5537 5208/5536 5211/5539 5210/5538
f 5494/5824 5209/5537 5210/5538 5495/5825
f 5495/5825 5210/5538 5213/5541 5475/5804
f 5496/5826 5497/5827 5215/5543 5214/5542
f 4167/4434 5496/5826 5214/5542 4170/4437
f 4170/4437 5214/5542 5217/5545 4180/4447
f 5217/5545 5216/5544 5219/5547 5218/5546
f 4180/4447 5217/5545 5218/5546 4186/4453
f 4186/4453 5218/5546 5221/5549 4192/4459
f 5221/5549 5220/5548 5223/5551 5222/5550
f 4192/4459 5221/5549 5222/5550 5498/5828
f 5498/5828 5222/5550 5225/5553 5499/5829
f 5225/5553 5224/5552 5227/5555 5226/5554
f 5499/5829 5225/5553 5226/5554 4210/5830
f 4210/4477 5226/5554 5229/5557 4216/4483
f 5229/5557 5228/5556 5231/5559 5230/5558
f 4216/4483 5229/5557 5230/5558 4222/4489
f 4222/4489 5230/5558 5233/5561 4149/4416
f 5167/5495 5166/5494 5235/5563 5234/5562
f 4162/4429 5167/5495 5234/5562 4228/4495
f 4228/4495 5234/5562 5237/5565 4234/4501
f 5171/5499 5170/5498 5239/5567 5238/5566
f 5476/5806 5171/5499 5238/5566 5500/5831
f 5500/5831 5238/5566 5241/5569 5501/5832
f 3485/3752 5173/5501 5242/5570 3507/3774
f 5479/5809 3485/3752 3507/3774 5502/5833
f 5502/5833 3507/3774 3509/3776 5503/5834
f 5237/5565 5236/5564 5245/5573 5244/5572
f 4234/4501 5237/5565 5244/5572 4240/4507
f 4240/4507 5244/5572 5247/5575 4246/4513
f 5241/5569 5240/5568 5249/5577 5248/5576
f 5501/5832 5241/5569 5248/5576 4062/5835
f 4062/5835 5248/5576 5251/5579 4068/4335
f 3509/3776 5243/5571 5252/5580 3511/3778
f 5503/5834 3509/3776 3511/3778 5504/5836
f 5504/5836 3511/3778 3513/3780 5505/5837
f 5247/5575 5246/5574 5255/5583 5254/5582
f 4246/4513 5247/5575 5254/5582 4252/4519
f 4252/4519 5254/5582 5147/5404 4079/4346
f 5251/5579 5250/5578 5358/5686 5357/5685
f 4068/4335 5251/5579 5357/5685 5506/5838
f 5506/5838 5357/5685 5137/5393 5139/5395
f 3513/3780 5253/5581 5258/5586 3515/3782
f 5505/5837 3513/3780 3515/3782 5507/5839
f 4919/5186 5257/5585 5160/5448 4817/5084
f 5411/5840 5363/5841 5260/5842 5259/5843
f 5412/5740 5411/5739 5259/5843 5328/5844
f 5328/5656 5259/5587 5262/5590 5329/5657
f 5404/5845 5387/5846 5264/5847 5263/5848
f 5405/5733 5404/5732 5263/5848 5308/5849
f 5308/5636 5263/5591 5266/5594 5309/5637
f 5401/5850 5408/5851 5268/5852 5267/5853
f 5402/5730 5401/5729 5267/5853 5288/5854
f 5288/5616 5267/5595 5270/5598 5289/5617
f 5383/5855 5271/5856 5272/5857 5367/5858
f 5384/5712 5508/5859 5271/5856 5383/5711
f 5508/5860 5509/5861 5274/5600 5271/5599
f 5366/5862 5275/5863 5276/5864 5461/5865
f 5367/5695 5272/5857 5275/5863 5366/5696
f 5272/5602 5273/5601 5278/5604 5275/5603
f 5460/5866 5445/5867 5280/5868 5279/5869
f 5461/5865 5460/5789 5279/5869 5276/5864
f 5276/5606 5279/5607 5282/5610 5277/5605
f 5444/5870 5420/5871 5284/5872 5283/5873
f 5445/5867 5444/5773 5283/5873 5280/5868
f 5280/5608 5283/5611 5286/5614 5281/5609
f 5419/5874 5402/5730 5288/5854 5287/5875
f 5420/5748 5419/5747 5287/5875 5284/5872
f 5284/5612 5287/5615 5290/5618 5285/5613
f 5469/5876 5370/5877 5292/5878 5291/5879
f 5470/5799 5469/5798 5291/5879 5510/5880
f 5510/5881 5291/5619 5294/5622 5511/5882
f 5369/5883 5464/5884 5296/5885 5295/5886
f 5370/5877 5369/5697 5295/5886 5292/5878
f 5292/5620 5295/5623 5298/5626 5293/5621
f 5463/5887 5450/5888 5300/5889 5299/5890
f 5464/5793 5463/5792 5299/5890 5296/5885
f 5296/5624 5299/5627 5302/5630 5297/5625
f 5449/5891 5424/5892 5304/5893 5303/5894
f 5450/5888 5449/5778 5303/5894 5300/5889
f 5300/5628 5303/5631 5306/5634 5301/5629
f 5423/5895 5405/5733 5308/5849 5307/5896
f 5424/5752 5423/5751 5307/5896 5304/5893
f 5304/5632 5307/5635 5310/5638 5305/5633
f 5430/5897 5311/5898 5312/5899 5374/5900
f 5431/5760 5512/5901 5311/5898 5430/5759
f 5512/5902 5513/5903 5314/5640 5311/5639
f 5373/5904 5473/5905 5316/5906 5315/5907
f 5374/5702 5312/5899 5315/5907 5373/5701
f 5312/5642 5313/5641 5318/5646 5315/5643
f 5472/5908 5455/5909 5320/5910 5319/5911
f 5473/5905 5472/5801 5319/5911 5316/5906
f 5316/5644 5319/5647 5322/5650 5317/5645
f 5454/5912 5435/5913 5324/5914 5323/5915
f 5455/5784 5454/5783 5323/5915 5320/5910
f 5320/5648 5323/5651 5326/5654 5321/5649
f 5434/5916 5412/5740 5328/5844 5327/5917
f 5435/5913 5434/5763 5327/5917 5324/5914
f 5324/5652 5327/5655 5330/5658 5325/5653
f 5362/5918 5380/5919 5332/5920 5331/5921
f 5363/5691 5362/5690 5331/5921 5260/5842
f 5260/5588 5331/5659 5334/5662 5261/5589
f 5386/5922 5399/5923 5336/5924 5335/5925
f 5387/5715 5386/5714 5335/5925 5264/5847
f 5264/5592 5335/5663 5338/5666 5265/5593
f 5407/5926 5441/5927 5340/5928 5339/5929
f 5408/5736 5407/5735 5339/5929 5268/5852
f 5268/5596 5339/5667 5342/5670 5269/5597
f 5379/5930 5394/5931 5344/5932 5343/5933
f 5380/5919 5379/5707 5343/5933 5332/5920
f 5332/5660 5343/5671 5346/5674 5333/5661
f 5398/5934 5428/5935 5348/5936 5347/5937
f 5399/5923 5398/5726 5347/5937 5336/5924
f 5336/5664 5347/5675 5350/5678 5337/5665
f 5440/5938 5467/5939 5352/5940 5351/5941
f 5441/5927 5440/5769 5351/5941 5340/5928
f 5340/5668 5351/5679 5354/5682 5341/5669
f 5393/5942 5090/5346 5161/5464 5355/5943
f 5394/5931 5393/5721 5355/5943 5344/5932
f 5344/5672 5355/5683 5356/5684 5345/5673
f 5427/5944 5118/5371 5159/5446 5256/5945
f 5428/5757 5427/5756 5256/5945 5348/5936
f 5348/5676 5256/5584 5257/5585 5349/5677
f 5466/5946 5059/5316 5157/5423 5359/5947
f 5467/5796 5466/5795 5359/5947 5352/5940
f 5352/5680 5359/5687 5360/5688 5353/5681
f 5381/5709 5380/5708 5362/5918 5361/5689
f 4234/4501 5381/5709 5361/5689 4228/4495
f 4228/4495 5361/5689 5364/5692 4162/4429
f 5462/5791 5365/5693 5366/5696 5461/5790
f 5486/5816 5462/5791 5365/5693 5485/5815
f 5485/5815 5365/5693 5368/5694 5484/5814
f 4576/4843 5464/5793 5369/5883 4497/4764
f 4014/4281 4576/4843 4497/4764 4008/4275
f 4008/4275 4497/4764 4500/4767 4002/4269
f 5458/5787 5353/5681 5360/5688 5371/5699
f 5253/5581 5458/5787 5371/5699 5258/5586
f 5507/5839 3515/3782 3438/3705 5127/5383
f 5474/5803 5473/5802 5373/5904 5372/5700
f 4192/4459 5474/5803 5372/5700 4186/4453
f 4186/4453 5372/5700 5375/5703 4180/4447
f 4910/5177 5309/5637 5266/5594 4823/5090
f 5212/5540 4910/5177 4823/5090 5169/5497
f 5169/5497 4823/5090 4826/5093 5170/5498
f 5452/5781 5261/5589 5334/5662 3519/3786
f 5166/5494 5452/5781 3519/3786 5235/5563
f 5235/5563 3519/3786 3521/3788 5236/5564
f 5514/5948 5376/5704 5274/5600 5509/5861
f 5481/5811 5514/5948 5376/5704 5175/5503
f 5175/5503 5376/5704 5377/5705 5176/5504
f 4925/5192 5511/5882 5294/5622 4835/5102
f 5493/5823 4925/5192 4835/5102 5195/5523
f 5195/5523 4835/5102 4838/5105 5196/5524
f 5395/5723 5394/5722 5379/5930 5378/5706
f 4246/4513 5395/5723 5378/5706 4240/4507
f 4240/4507 5378/5706 5381/5709 4234/4501
f 5368/5694 5367/5695 5383/5855 5382/5710
f 5484/5814 5483/5813 5382/5710 5368/5694
f 5483/5813 5382/5710 5385/5713 5482/5812
f 3524/3791 5513/5903 5314/5640 3525/3792
f 5497/5827 3524/3791 3525/3792 5215/5543
f 5215/5543 3525/3792 3527/3794 5216/5544
f 4524/4791 5399/5727 5386/5922 4509/4776
f 5501/5832 4524/4791 4509/4776 5500/5831
f 5500/5831 4509/4776 4512/4779 5476/5806
f 5377/5705 5388/5716 5278/5604 5273/5601
f 5176/5504 5377/5705 5388/5716 5179/5507
f 5179/5507 5388/5716 5389/5717 5180/5508
f 3521/3788 5333/5661 5346/5674 3529/3796
f 5236/5564 3521/3788 3529/3796 5245/5573
f 5245/5573 3529/3796 3531/3798 5246/5574
f 4838/5105 5293/5621 5298/5626 4847/5114
f 5196/5524 4838/5105 4847/5114 5199/5527
f 5199/5527 4847/5114 4850/5117 5200/5528
f 5438/5767 5289/5617 5270/5598 5390/5718
f 5192/5520 5438/5767 5390/5718 5172/5500
f 5172/5500 5390/5718 5391/5719 5173/5501
f 3527/3794 5313/5641 5318/5646 3533/3800
f 5216/5544 3527/3794 3533/3800 5219/5547
f 5219/5547 3533/3800 3535/3802 5220/5548
f 4826/5093 5265/5593 5338/5666 4859/5126
f 5170/5498 4826/5093 4859/5126 5239/5567
f 5239/5567 4859/5126 4862/5129 5240/5568
f 5091/5347 5090/5346 5393/5942 5392/5720
f 4079/5406 5091/5347 5392/5720 4252/4519
f 4252/4519 5392/5720 5395/5723 4246/4513
f 5389/5717 5277/5605 5282/5610 5396/5724
f 5180/5508 5389/5717 5396/5724 5183/5511
f 5183/5511 5396/5724 5397/5725 5184/5512
f 4850/5117 5297/5625 5302/5630 4871/5138
f 5200/5528 4850/5117 4871/5138 5203/5531
f 5203/5531 4871/5138 4874/5141 5204/5532
f 4552/4819 5428/5757 5398/5934 4521/4788
f 4068/4335 4552/4819 4521/4788 4062/4329
f 4062/5835 4521/4788 4524/4791 5501/5832
f 5409/5737 5408/5736 5401/5850 5400/5728
f 5479/5809 5409/5737 5400/5728 5478/5808
f 5478/5808 5400/5728 5403/5731 5477/5807
f 3535/3802 5317/5645 5322/5650 3537/3804
f 5220/5548 3535/3802 3537/3804 5223/5551
f 5223/5551 3537/3804 3539/3806 5224/5552
f 4512/4779 5387/5715 5404/5845 4533/4800
f 5476/5806 4512/4779 4533/4800 3974/5805
f 3974/5805 4533/4800 4536/4803 5475/5804
f 5442/5771 5441/5770 5407/5926 5406/5734
f 5503/5834 5442/5771 5406/5734 5502/5833
f 5502/5833 5406/5734 5409/5737 5479/5809
f 3531/3798 5345/5673 5356/5684 3480/3747
f 5246/5574 3531/3798 3480/3747 5255/5583
f 3480/3747 5356/5684 5162/5466 3462/3729
f 5364/5692 5363/5691 5411/5840 5410/5738
f 4162/4429 5364/5692 5410/5738 4152/4419
f 4152/4419 5410/5738 5413/5741 4149/4416
f 5397/5725 5281/5609 5286/5614 5414/5742
f 5184/5512 5397/5725 5414/5742 5187/5515
f 5187/5515 5414/5742 5415/5743 5188/5516
f 4874/5141 5301/5629 5306/5634 5416/5744
f 5204/5532 4874/5141 5416/5744 5207/5535
f 5207/5535 5416/5744 5417/5745 5208/5536
f 4862/5129 5337/5665 5350/5678 4895/5162
f 5240/5568 4862/5129 4895/5162 5249/5577
f 5249/5577 4895/5162 4898/5165 5250/5578
f 5403/5731 5402/5730 5419/5874 5418/5746
f 5477/5807 5403/5731 5418/5746 5491/5821
f 5491/5821 5418/5746 5421/5749 5490/5820
f 3539/3806 5321/5649 5326/5654 3541/3808
f 5224/5552 3539/3806 3541/3808 5227/5555
f 5227/5555 3541/3808 3543/3810 5228/5556
f 4536/4803 5405/5733 5423/5895 5422/5750
f 5475/5804 4536/4803 5422/5750 5495/5825
f 5495/5825 5422/5750 4601/5753 5494/5824
f 5391/5719 5269/5597 5342/5670 5425/5754
f 5173/5501 5391/5719 5425/5754 5242/5570
f 5242/5570 5425/5754 5426/5755 5243/5571
f 4488/4749 5118/5371 5427/5944 4549/4816
f 5139/5395 4488/4749 4549/4816 5506/5838
f 5506/5838 4549/4816 4552/4819 4068/4335
f 5375/5703 5374/5702 5430/5897 5429/5758
f 4180/4447 5375/5703 5429/5758 4170/4437
f 4170/4437 5429/5758 5432/5761 4167/4434
f 5413/5741 5412/5740 5434/5916 5433/5762
f 4149/4416 5413/5741 5433/5762 4222/4489
f 4222/4489 5433/5762 5436/5765 4216/4483
f 5415/5743 5285/5613 5290/5618 5437/5766
f 5188/5516 5415/5743 5437/5766 5191/5519
f 5191/5519 5437/5766 5438/5767 5192/5520
f 5417/5745 5305/5633 5310/5638 4907/5174
f 5208/5536 5417/5745 4907/5174 5211/5539
f 5211/5539 4907/5174 4910/5177 5212/5540
f 5468/5797 5467/5796 5440/5938 5439/5768
f 5505/5837 5468/5797 5439/5768 5504/5836
f 5504/5836 5439/5768 5442/5771 5503/5834
f 5421/5749 5420/5748 5444/5870 5443/5772
f 5490/5820 5421/5749 5443/5772 5489/5819
f 5489/5819 5443/5772 5446/5775 5488/5818
f 3543/3810 5325/5653 5330/5658 5447/5776
f 5228/5556 3543/3810 5447/5776 5231/5559
f 5231/5559 5447/5776 5448/5777 5232/5560
f 4601/5753 5424/5752 5449/5891 4561/4828
f 5494/5824 4601/5753 4561/4828 4032/4299
f 4032/4299 4561/4828 4564/4831 4026/4293
f 4898/5165 5349/5677 5257/5585 4919/5186
f 5250/5578 4898/5165 4919/5186 5358/5686
f 5358/5686 4919/5186 4817/5084 5138/5394
f 5448/5777 5329/5657 5262/5590 5451/5780
f 5232/5560 5448/5777 5451/5780 5165/5493
f 5165/5493 5451/5780 5452/5781 5166/5494
f 5436/5765 5435/5764 5454/5912 5453/5782
f 4216/4483 5436/5765 5453/5782 4210/4477
f 4210/5830 5453/5782 5456/5785 5499/5829
f 5426/5755 5341/5669 5354/5682 5457/5786
f 5243/5571 5426/5755 5457/5786 5252/5580
f 5252/5580 5457/5786 5458/5787 5253/5581
f 5446/5775 5445/5774 5460/5866 5459/5788
f 5488/5818 5446/5775 5459/5788 5487/5817
f 5487/5817 5459/5788 5462/5791 5486/5816
f 4564/4831 5450/5779 5463/5887 4573/4840
f 4026/4293 4564/4831 4573/4840 4020/4287
f 4020/4287 4573/4840 4576/4843 4014/4281
f 5060/5317 5059/5316 5466/5946 5465/5794
f 5127/5383 5060/5317 5465/5794 5507/5839
f 5507/5839 5465/5794 5468/5797 5505/5837
f 4500/4767 5370/5698 5469/5876 4585/4852
f 4002/4269 3992/4259 4585/4852 4500/4767
f 3992/4259 4585/4852 4588/4853 3989/4256
f 5456/5785 5455/5784 5472/5908 5471/5800
f 5499/5829 5456/5785 5471/5800 5498/5828
f 5498/5828 5471/5800 5474/5803 4192/4459
f 5258/5586 5371/5699 5163/5479 5126/5382
f 5515/5949 5516/5950 5517/5951 5518/5952
f 5519/5953 5520/5954 5521/5955 5522/5956
f 5523/5957 5516/5950 5517/5951 5524/5958
f 5525/5959 5526/5960 5527/5961 5528/5962
f 5528/5962 5527/5961 5529/5963 5530/5964
f 5530/5964 5529/5963 5531/5965 5532/5966
f 5532/5966 5531/5965 5533/5967 5534/5968
f 5534/5968 5533/5967 5535/5969 5536/5970
f 5536/5970 5535/5969 5537/5971 5538/5972
f 5538/5972 5537/5971 5539/5973 5540/5974
f 5540/5974 5539/5973 5541/5975 5542/5976
f 5543/5977 5544/5978 5545/5979 5546/5980
f 5546/5980 5545/5979 5547/5981 5548/5982
f 5548/5982 5547/5981 5549/5983 5550/5984
f 5550/5984 5549/5983 5551/5985 5552/5986
f 5552/5986 5551/5985 5553/5987 5554/5988
f 5554/5988 5553/5987 5555/5989 5556/5990
f 5556/5990 5555/5989 5557/5991 5558/5992
f 5558/5992 5557/5991 5559/5993 5560/5994
f 5561/5995 5562/5996 5563/5997 5564/5998
f 5564/5998 5563/5997 5565/5999 5566/6000
f 5566/6000 5565/5999 5567/6001 5568/6002
f 5568/6002 5567/6001 5569/6003 5570/6004
f 5570/6004 5569/6003 5571/6005 5572/6006
f 5572/6006 5571/6005 5573/6007 5574/6008
f 5574/6008 5573/6007 5575/6009 5576/6010
f 5576/6010 5575/6009 5577/6011 5578/6012
f 5579/6013 5580/6014 5581/6015 5582/6016
f 5582/6016 5581/6015 5583/6017 5584/6018
f 5584/6018 5583/6017 5585/6019 5586/6020
f 5586/6020 5585/6019 5587/6021 5588/6022
f 5588/6022 5587/6021 5589/6023 5590/6024
f 5590/6024 5589/6023 5591/6025 5592/6026
f 5592/6026 5591/6025 5593/6027 5594/6028
f 5594/6028 5593/6027 5595/6029 5596/6030
f 5597/6031 5598/6032 5599/6033 5600/6034
f 5600/6034 5599/6033 5601/6035 5602/6036
f 5602/6036 5601/6035 5603/6037 5604/6038
f 5604/6038 5603/6037 5605/6039 5606/6040
f 5606/6040 5605/6039 5607/6041 5608/6042
f 5608/6042 5607/6041 5609/6043 5610/6044
f 5610/6044 5609/6043 5611/6045 5612/6046
f 5612/6046 5611/6045 5613/6047 5614/6048
f 5615/6049 5616/6050 5617/6051 5618/6052
f 5618/6052 5617/6051 5619/6053 5620/6054
f 5620/6054 5619/6053 5621/6055 5622/6056
f 5622/6056 5621/6055 5623/6057 5624/6058
f 5624/6058 5623/6057 5625/6059 5626/6060
f 5626/6060 5625/6059 5627/6061 5628/6062
f 5628/6062 5627/6061 5629/6063 5630/6064
f 5630/6064 5629/6063 5631/6065 5632/6066
f 5633/6067 5634/6068 5635/6069 5636/6070
f 5636/6070 5635/6069 5637/6071 5638/6072
f 5638/6072 5637/6071 5639/6073 5640/6074
f 5640/6074 5639/6073 5641/6075 5642/6076
f 5642/6076 5641/6075 5643/6077 5644/6078
f 5644/6078 5643/6077 5645/6079 5646/6080
f 5646/6080 5645/6079 5647/6081 5648/6082
f 5648/6082 5647/6081 5649/6083 5650/6084
f 5651/6085 5652/6086 5653/6087 5654/6088
f 5654/6088 5653/6087 5655/6089 5656/6090
f 5656/6090 5655/6089 5657/6091 5658/6092
f 5658/6092 5657/6091 5659/6093 5660/6094
f 5660/6094 5659/6093 5661/6095 5662/6096
f 5662/6096 5661/6095 5663/6097 5664/6098
f 5664/6098 5663/6097 5665/6099 5666/6100
f 5666/6100 5665/6099 5667/6101 5668/6102
f 5669/6103 5670/6104 5671/6105 5672/6106
f 5672/6106 5671/6105 5673/6107 5674/6108
f 5674/6108 5673/6107 5675/6109 5676/6110
f 5676/6110 5675/6109 5677/6111 5678/6112
f 5678/6112 5677/6111 5679/6113 5680/6114
f 5680/6114 5679/6113 5681/6115 5682/6116
f 5682/6116 5681/6115 5683/6117 5684/6118
f 5684/6118 5683/6117 5685/6119 5686/6120
f 5687/6121 5688/6122 5689/6123 5690/6124
f 5690/6124 5689/6123 5691/6125 5692/6126
f 5692/6126 5691/6125 5693/6127 5694/6128
f 5694/6128 5693/6127 5695/6129 5696/6130
f 5696/6130 5695/6129 5697/6131 5698/6132
f 5698/6132 5697/6131 5699/6133 5700/6134
f 5700/6134 5699/6133 5701/6135 5702/6136
f 5702/6136 5701/6135 5703/6137 5704/6138
f 5705/6139 5706/6140 5707/6141 5708/6142
f 5708/6142 5707/6141 5709/6143 5710/6144
f 5710/6144 5709/6143 5711/6145 5712/6146
f 5712/6146 5711/6145 5713/6147 5714/6148
f 5714/6148 5713/6147 5715/6149 5716/6150
f 5716/6150 5715/6149 5717/6151 5718/6152
f 5718/6152 5717/6151 5719/6153 5720/6154
f 5720/6154 5719/6153 5721/6155 5722/6156
f 5723/6157 5724/6158 5725/6159 5726/6160
f 5726/6160 5725/6159 5727/6161 5728/6162
f 5728/6162 5727/6161 5729/6163 5730/6164
f 5730/6164 5729/6163 5731/6165 5732/6166
f 5732/6166 5731/6165 5733/6167 5734/6168
f 5734/6168 5733/6167 5735/6169 5736/6170
f 5736/6170 5735/6169 5737/6171 5738/6172
f 5738/6172 5737/6171 5739/6173 5740/6174
f 5741/6175 5742/6176 5743/6177 5744/6178
f 5744/6178 5743/6177 5745/6179 5746/6180
f 5746/6180 5745/6179 5747/6181 5748/6182
f 5748/6182 5747/6181 5749/6183 5750/6184
f 5750/6184 5749/6183 5751/6185 5752/6186
f 5752/6186 5751/6185 5753/6187 5754/6188
f 5754/6188 5753/6187 5755/6189 5756/6190
f 5756/6190 5755/6189 5757/6191 5758/6192
f 5759/6193 5760/6194 5761/6195 5762/6196
f 5762/6196 5761/6195 5763/6197 5764/6198
f 5764/6198 5763/6197 5765/6199 5766/6200
f 5766/6200 5765/6199 5767/6201 5768/6202
f 5768/6202 5767/6201 5769/6203 5770/6204
f 5770/6204 5769/6203 5771/6205 5772/6206
f 5772/6206 5771/6205 5773/6207 5774/6208
f 5774/6208 5773/6207 5775/6209 5776/6210
f 5777/6211 5778/6212 5779/6213 5780/6214
f 5780/6214 5779/6213 5781/6215 5782/6216
f 5782/6216 5781/6215 5783/6217 5784/6218
f 5784/6218 5783/6217 5785/6219 5786/6220
f 5786/6220 5785/6219 5787/6221 5788/6222
f 5788/6222 5787/6221 5789/6223 5790/6224
f 5790/6224 5789/6223 5791/6225 5792/6226
f 5792/6226 5791/6225 5793/6227 5794/6228
f 5795/6229 5796/6230 5797/6231 5798/6232
f 5798/6232 5797/6231 5799/6233 5800/6234
f 5800/6234 5799/6233 5801/6235 5802/6236
f 5802/6236 5801/6235 5803/6237 5804/6238
f 5804/6238 5803/6237 5805/6239 5806/6240
f 5806/6240 5805/6239 5807/6241 5808/6242
f 5808/6242 5807/6241 5809/6243 5810/6244
f 5810/6244 5809/6243 5811/6245 5812/6246
f 5813/6247 5814/6248 5815/6249 5816/6250
f 5816/6250 5815/6249 5817/6251 5818/6252
f 5818/6252 5817/6251 5819/6253 5820/6254
f 5820/6254 5819/6253 5821/6255 5822/6256
f 5822/6256 5821/6255 5823/6257 5824/6258
f 5824/6258 5823/6257 5825/6259 5826/6260
f 5826/6260 5825/6259 5827/6261 5828/6262
f 5828/6262 5827/6261 5829/6263 5830/6264
f 5831/6265 5832/6266 5833/6267 5834/6268
f 5834/6268 5833/6267 5835/6269 5836/6270
f 5836/6270 5835/6269 5837/6271 5838/6272
f 5838/6272 5837/6271 5839/6273 5840/6274
f 5840/6274 5839/6273 5841/6275 5842/6276
f 5842/6276 5841/6275 5843/6277 5844/6278
f 5844/6278 5843/6277 5845/6279 5846/6280
f 5846/6280 5845/6279 5847/6281 5848/6282
f 5849/6283 5850/6284 5851/6285 5852/6286
f 5852/6286 5851/6285 5853/6287 5854/6288
f 5854/6288 5853/6287 5855/6289 5856/6290
f 5856/6290 5855/6289 5857/6291 5858/6292
f 5858/6292 5857/6291 5859/6293 5860/6294
f 5860/6294 5859/6293 5861/6295 5862/6296
f 5862/6296 5861/6295 5863/6297 5864/6298
f 5864/6298 5863/6297 5865/6299 5866/6300
f 5867/6301 5868/6302 5869/6303 5870/6304
f 5870/6304 5869/6303 5871/6305 5872/6306
f 5872/6306 5871/6305 5873/6307 5874/6308
f 5874/6308 5873/6307 5875/6309 5876/6310
f 5876/6310 5875/6309 5877/6311 5878/6312
f 5878/6312 5877/6311 5879/6313 5880/6314
f 5880/6314 5879/6313 5881/6315 5882/6316
f 5882/6316 5881/6315 5883/6317 5884/6318
f 5885/6319 5886/6320 5887/6321 5888/6322
f 5888/6322 5887/6321 5889/6323 5890/6324
f 5890/6324 5889/6323 5891/6325 5892/6326
f 5892/6326 5891/6325 5893/6327 5894/6328
f 5894/6328 5893/6327 5895/6329 5896/6330
f 5896/6330 5895/6329 5897/6331 5898/6332
f 5898/6332 5897/6331 5899/6333 5900/6334
f 5900/6334 5899/6333 5901/6335 5902/6336
f 5903/6337 5904/6338 5905/6339 5906/6340
f 5906/6340 5905/6339 5907/6341 5908/6342
f 5908/6342 5907/6341 5909/6343 5910/6344
f 5910/6344 5909/6343 5911/6345 5912/6346
f 5912/6346 5911/6345 5913/6347 5914/6348
f 5914/6348 5913/6347 5915/6349 5916/6350
f 5916/6350 5915/6349 5917/6351 5918/6352
f 5918/6352 5917/6351 5919/6353 5920/6354
f 5921/6355 5922/6356 5923/6357 5924/6358
f 5924/6358 5923/6357 5925/6359 5926/6360
f 5926/6360 5925/6359 5927/6361 5928/6362
f 5928/6362 5927/6361 5929/6363 5930/6364
f 5930/6364 5929/6363 5931/6365 5932/6366
f 5932/6366 5931/6365 5933/6367 5934/6368
f 5934/6368 5933/6367 5935/6369 5936/6370
f 5936/6370 5935/6369 5937/6371 5938/6372
f 5939/6373 5940/6374 5941/6375 5942/6376
f 5942/6376 5941/6375 5943/6377 5944/6378
f 5944/6378 5943/6377 5945/6379 5946/6380
f 5946/6380 5945/6379 5947/6381 5948/6382
f 5948/6382 5947/6381 5949/6383 5950/6384
f 5950/6384 5949/6383 5951/6385 5952/6386
f 5952/6386 5951/6385 5953/6387 5954/6388
f 5954/6388 5953/6387 5955/6389 5956/6390
f 5957/6391 5958/6392 5959/6393 5960/6394
f 5960/6394 5959/6393 5961/6395 5962/6396
f 5962/6396 5961/6395 5963/6397 5964/6398
f 5964/6398 5963/6397 5965/6399 5966/6400
f 5966/6400 5965/6399 5967/6401 5968/6402
f 5968/6402 5967/6401 5969/6403 5970/6404
f 5970/6404 5969/6403 5971/6405 5972/6406
f 5972/6406 5971/6405 5973/6407 5974/6408
f 5975/6409 5976/6410 5977/6411 5978/6412
f 5978/6412 5977/6411 5979/6413 5980/6414
f 5980/6414 5979/6413 5981/6415 5982/6416
f 5982/6416 5981/6415 5983/6417 5984/6418
f 5984/6418 5983/6417 5985/6419 5986/6420
f 5986/6420 5985/6419 5987/6421 5988/6422
f 5988/6422 5987/6421 5989/6423 5990/6424
f 5990/6424 5989/6423 5991/6425 5992/6426
f 5993/6427 5994/6428 5995/6429 5996/6430
f 5996/6430 5995/6429 5997/6431 5998/6432
f 5998/6432 5997/6431 5999/6433 6000/6434
f 6000/6434 5999/6433 6001/6435 6002/6436
f 6002/6436 6001/6435 6003/6437 6004/6438
f 6004/6438 6003/6437 6005/6439 6006/6440
f 6006/6440 6005/6439 6007/6441 6008/6442
f 6008/6442 6007/6441 6009/6443 6010/6444
f 6011/6445 6012/6446 6013/6447 6014/6448
f 6014/6448 6013/6447 6015/6449 6016/6450
f 6016/6450 6015/6449 6017/6451 6018/6452
f 6018/6452 6017/6451 6019/6453 6020/6454
f 6020/6454 6019/6453 6021/6455 6022/6456
f 6022/6456 6021/6455 6023/6457 6024/6458
f 6024/6458 6023/6457 6025/6459 6026/6460
f 6026/6460 6025/6459 6027/6461 6028/6462
f 6029/6463 6030/6464 6031/6465 6032/6466
f 6032/6466 6031/6465 6033/6467 6034/6468
f 6034/6468 6033/6467 6035/6469 6036/6470
f 6036/6470 6035/6469 6037/6471 6038/6472
f 6038/6472 6037/6471 6039/6473 6040/6474
f 6041/6475 6042/6476 6043/6477 6044/6478
f 6044/6478 6043/6477 6045/6479 6046/6480
f 6047/6481 6048/6482 6049/6483 6050/6484
f 6050/6484 6049/6483 6051/6485 6052/6486
f 6052/6486 6051/6485 6053/6487 6054/6488
f 6054/6488 6053/6487 6055/6489 6056/6490
f 6056/6490 6055/6489 6057/6491 6058/6492
f 6058/6492 6057/6491 6059/6493 6060/6494
f 6060/6494 6059/6493 6061/6495 6062/6496
f 6062/6496 6061/6495 6063/6497 6064/6498
f 6065/6499 6066/6500 6067/6501 6068/6502
f 6068/6502 6067/6501 6069/6503 6070/6504
f 6070/6504 6069/6503 6071/6505 6072/6506
f 6072/6506 6071/6505 6073/6507 6074/6508
f 6074/6508 6073/6507 6075/6509 6076/6510
f 6076/6510 6075/6509 6077/6511 6078/6512
f 6078/6512 6077/6511 6079/6513 6080/6514
f 6080/6514 6079/6513 6081/6515 6082/6516
f 6083/6517 6084/6518 6085/6519 6086/6520
f 6086/6520 6085/6519 6087/6521 6088/6522
f 6088/6522 6087/6521 6089/6523 6090/6524
f 6090/6524 6089/6523 6091/6525 6092/6526
f 6092/6526 6091/6525 6093/6527 6094/6528
f 6094/6528 6093/6527 6095/6529 6096/6530
f 6096/6530 6095/6529 6097/6531 6098/6532
f 6098/6532 6097/6531 6099/6533 6100/6534
f 6101/6535 6102/6536 6103/6537 6104/6538
f 6104/6538 6103/6537 6105/6539 6106/6540
f 6106/6540 6105/6539 6107/6541 6108/6542
f 6108/6542 6107/6541 6109/6543 6110/6544
f 6110/6544 6109/6543 6111/6545 6112/6546
f 6112/6546 6111/6545 6113/6547 6114/6548
f 6114/6548 6113/6547 6115/6549 6116/6550
f 6116/6550 6115/6549 6117/6551 6118/6552
f 6119/6553 6120/6554 6121/6555 6122/6556
f 6122/6556 6121/6555 6123/6557 6124/6558
f 6124/6558 6123/6557 6125/6559 6126/6560
f 6126/6560 6125/6559 6127/6561 6128/6562
f 6128/6562 6127/6561 6129/6563 6130/6564
f 6130/6564 6129/6563 6131/6565 6132/6566
f 6132/6566 6131/6565 6133/6567 6134/6568
f 6134/6568 6133/6567 6135/6569 6136/6570
f 6137/6571 6138/6572 6139/6573 6140/6574
f 6140/6574 6139/6573 6141/6575 6142/6576
f 6142/6576 6141/6575 6143/6577 6144/6578
f 6144/6578 6143/6577 6145/6579 6146/6580
f 6146/6580 6145/6579 6147/6581 6148/6582
f 6148/6582 6147/6581 6149/6583 6150/6584
f 6150/6584 6149/6583 6151/6585 6152/6586
f 6152/6586 6151/6585 6153/6587 6154/6588
f 6155/6589 6156/6590 6157/6591 6158/6592
f 6158/6592 6157/6591 6159/6593 6160/6594
f 6160/6594 6159/6593 6161/6595 6162/6596
f 6162/6596 6161/6595 6163/6597 6164/6598
f 6164/6598 6163/6597 6165/6599 6166/6600
f 6166/6600 6165/6599 6167/6601 6168/6602
f 6168/6602 6167/6601 6169/6603 6170/6604
f 6170/6604 6169/6603 6171/6605 6172/6606
f 6173/6607 6174/6608 6175/6609 6176/6610
f 6176/6610 6175/6609 6177/6611 6178/6612
f 6178/6612 6177/6611 6179/6613 6180/6614
f 6180/6614 6179/6613 6181/6615 6182/6616
f 6182/6616 6181/6615 6183/6617 6184/6618
f 6184/6618 6183/6617 6185/6619 6186/6620
f 6186/6620 6185/6619 6187/6621 6188/6622
f 6188/6622 6187/6621 6189/6623 6190/6624
f 6191/6625 6192/6626 6193/6627 6194/6628
f 6194/6628 6193/6627 6195/6629 6196/6630
f 6196/6630 6195/6629 6197/6631 6198/6632
f 6198/6632 6197/6631 6199/6633 6200/6634
f 6200/6634 6199/6633 6201/6635 6202/6636
f 6202/6636 6201/6635 6203/6637 6204/6638
f 6204/6638 6203/6637 6205/6639 6206/6640
f 6206/6640 6205/6639 6207/6641 6208/6642
f 6209/6643 6210/6644 6211/6645 6212/6646
f 6212/6646 6211/6645 6213/6647 6214/6648
f 6214/6648 6213/6647 6215/6649 6216/6650
f 6216/6650 6215/6649 6217/6651 6218/6652
f 6218/6652 6217/6651 6219/6653 6220/6654
f 6220/6654 6219/6653 6221/6655 6222/6656
f 6222/6656 6221/6655 6223/6657 6224/6658
f 6224/6658 6223/6657 6225/6659 6226/6660
f 6227/6661 6228/6662 6229/6663 6230/6664
f 6230/6664 6229/6663 6231/6665 6232/6666
f 6232/6666 6231/6665 6233/6667 6234/6668
f 6234/6668 6233/6667 6235/6669 6236/6670
f 6236/6670 6235/6669 6237/6671 6238/6672
f 6238/6672 6237/6671 6239/6673 6240/6674
f 6240/6674 6239/6673 6241/6675 6242/6676
f 6242/6676 6241/6675 6243/6677 6244/6678
f 6245/6679 6246/6680 6247/6681 6248/6682
f 6248/6682 6247/6681 6249/6683 6250/6684
f 6250/6684 6249/6683 6251/6685 6252/6686
f 6252/6686 6251/6685 6253/6687 6254/6688
f 6254/6688 6253/6687 6255/6689 6256/6690
f 6256/6690 6255/6689 6257/6691 6258/6692
f 6259/6693 6260/6694 6261/6695 6262/6696
f 6263/6697 6264/6698 6265/6699 6266/6700
f 6266/6700 6265/6699 6267/6701 6268/6702
f 6268/6702 6267/6701 6269/6703 6270/6704
f 6270/6704 6269/6703 6271/6705 6272/6706
f 6272/6706 6271/6705 6273/6707 6274/6708
f 6274/6708 6273/6707 6275/6709 6276/6710
f 6276/6710 6275/6709 6277/6711 6278/6712
f 6278/6712 6277/6711 6279/6713 6280/6714
f 6281/6715 6282/6716 6283/6717 6284/6718
f 6284/6718 6283/6717 6285/6719 6286/6720
f 6286/6720 6285/6719 6287/6721 6288/6722
f 6288/6722 6287/6721 6289/6723 6290/6724
f 6290/6724 6289/6723 6291/6725 6292/6726
f 6292/6726 6291/6725 6293/6727 6294/6728
f 6294/6728 6293/6727 6295/6729 6296/6730
f 6296/6730 6295/6729 6297/6731 6298/6732
f 6299/6733 6300/6734 6301/6735 6302/6736
f 6302/6736 6301/6735 6303/6737 6304/6738
f 6304/6738 6303/6737 6305/6739 6306/6740
f 6306/6740 6305/6739 6307/6741 6308/6742
f 6308/6742 6307/6741 6309/6743 6310/6744
f 6310/6744 6309/6743 6311/6745 6312/6746
f 6312/6746 6311/6745 6313/6747 6314/6748
f 6314/6748 6313/6747 6315/6749 6316/6750
f 6317/6751 6318/6752 6319/6753 6320/6754
f 6320/6754 6319/6753 6321/6755 6322/6756
f 6322/6756 6321/6755 6323/6757 6324/6758
f 6324/6758 6323/6757 6325/6759 6326/6760
f 6326/6760 6325/6759 6327/6761 6328/6762
f 6328/6762 6327/6761 6329/6763 6330/6764
f 6330/6764 6329/6763 6331/6765 6332/6766
f 6332/6766 6331/6765 6333/6767 6334/6768
f 6335/6769 6336/6770 6337/6771 6338/6772
f 6338/6772 6337/6771 6339/6773 6340/6774
f 6340/6774 6339/6773 6341/6775 6342/6776
f 6342/6776 6341/6775 6343/6777 6344/6778
f 6344/6778 6343/6777 6345/6779 6346/6780
f 6346/6780 6345/6779 6347/6781 6348/6782
f 6348/6782 6347/6781 6349/6783 6350/6784
f 6350/6784 6349/6783 6351/6785 6352/6786
f 6353/6787 6354/6788 6355/6789 6356/6790
f 6356/6790 6355/6789 6357/6791 6358/6792
f 6358/6792 6357/6791 6359/6793 6360/6794
f 6360/6794 6359/6793 6361/6795 6362/6796
f 6362/6796 6361/6795 6363/6797 6364/6798
f 6364/6798 6363/6797 6365/6799 6366/6800
f 6366/6800 6365/6799 6367/6801 6368/6802
f 6368/6802 6367/6801 6369/6803 6370/6804
f 6371/6805 6372/6806 6373/6807 6374/6808
f 6374/6808 6373/6807 6375/6809 6376/6810
f 6376/6810 6375/6809 6377/6811 6378/6812
f 6378/6812 6377/6811 6379/6813 6380/6814
f 6380/6814 6379/6813 6381/6815 6382/6816
f 6382/6816 6381/6815 6383/6817 6384/6818
f 6384/6818 6383/6817 6385/6819 6386/6820
f 6386/6820 6385/6819 6387/6821 6388/6822
f 6389/6823 6390/6824 6391/6825 6392/6826
f 6393/6827 6394/6828 6395/6829 6396/6830
f 6397/6831 6396/6830 6395/6829 6398/6832
f 6399/6833 6389/6823 6392/6826 6400/6834
f 6401/6835 6402/6836 6394/6837 6393/6838
f 6403/6839 6404/6840 6405/6841 6406/6842
f 6407/6843 6403/6839 6406/6842 6408/6844
f 6390/6824 6397/6831 6398/6832 6391/6825
f 6409/6845 6410/6846 6411/6847 6412/6848
f 6412/6848 6411/6847 6413/6849 6414/6850
f 6415/6851 6416/6852 6417/6853 6418/6854
f 6418/6854 6417/6853 6419/6855 6420/6856
f 6421/6857 6422/6858 6423/6859 6424/6860
f 6422/6858 6425/6861 6426/6862 6423/6859
f 6427/6863 6428/6864 6429/6865 6430/6866
f 6428/6864 6431/6867 6432/6868 6429/6865
f 6433/6869 6424/6860 6423/6859 6434/6870
f 6434/6870 6423/6859 6426/6862 6435/6871
f 6436/6872 6430/6866 6429/6865 6437/6873
f 6437/6873 6429/6865 6432/6868 6438/6874
f 6408/6844 6409/6845 6412/6848 6407/6843
f 6407/6843 6412/6848 6414/6850 6439/6875
f 6440/6876 6415/6851 6418/6854 6441/6877
f 6441/6877 6418/6854 6420/6856 6442/6878
f 6405/6841 6404/6840 6422/6879 6421/6880
f 6404/6840 6443/6881 6425/6882 6422/6879
f 6444/6883 6445/6884 6428/6885 6427/6886
f 6445/6884 6446/6887 6431/6888 6428/6885
f 6447/6889 6401/6890 6446/6891 6448/6892
f 6448/6892 6446/6891 6445/6884 6449/6893
f 6450/6894 6444/6895 6443/6896 6451/6897
f 6451/6897 6443/6896 6404/6840 6403/6839
f 6399/6898 6447/6889 6448/6892 6442/6899
f 6442/6878 6448/6892 6449/6893 6441/6877
f 6440/6900 6450/6894 6451/6897 6439/6901
f 6439/6901 6451/6897 6403/6839 6407/6843
f 6410/6846 6433/6869 6434/6870 6411/6847
f 6411/6847 6434/6870 6435/6871 6413/6849
f 6416/6852 6436/6872 6437/6873 6417/6853
f 6417/6853 6437/6873 6438/6874 6419/6855
f 6414/6850 6413/6849 6416/6852 6415/6851
f 6425/6861 6427/6863 6430/6866 6426/6862
f 6435/6871 6426/6862 6430/6866 6436/6872
f 6439/6875 6414/6850 6415/6851 6440/6900
f 6443/6881 6444/6895 6427/6886 6425/6882
f 6449/6893 6445/6884 6444/6883 6450/6894
f 6441/6877 6449/6893 6450/6894 6440/6876
f 6413/6849 6435/6871 6436/6872 6416/6852
f 6420/6856 6419/6855 6390/6824 6389/6823
f 6431/6867 6393/6827 6396/6830 6432/6868
f 6438/6874 6432/6868 6396/6830 6397/6831
f 6442/6878 6420/6856 6389/6823 6399/6898
f 6446/6887 6401/6890 6393/6838 6431/6888
f 6419/6855 6438/6874 6397/6831 6390/6824
f 6452/6902 6402/6836 6401/6835 6447/6889
f 6400/6834 6452/6902 6447/6889 6399/6833