# Exported from MakeClothes (TM)
# author MRT
# license CC0
# homepage http://www.makehuman.org/
v 0.1340 7.0643 1.5479
v 0.0892 7.0685 1.5593
v 0.0870 6.9267 1.5425
v 0.1304 6.9229 1.5302
v 0.1372 7.2061 1.5513
v 0.0912 7.2106 1.5622
v 0.1851 7.2013 1.5343
v 0.1808 7.0603 1.5307
v 0.1761 6.9196 1.5127
v 0.0455 6.9297 1.5503
v 0.0462 7.0717 1.5659
v 0.0043 7.0727 1.5685
v 0.0049 6.9307 1.5539
v 0.0468 7.2139 1.5681
v 0.0036 7.2150 1.5701
v 0.0926 7.3490 1.5500
v 0.0472 7.3523 1.5557
v 0.0028 7.3534 1.5575
v 0.0471 7.4813 1.5271
v 0.0020 7.4823 1.5289
v 0.0930 7.4782 1.5213
v 0.1883 7.3390 1.5223
v 0.1396 7.3443 1.5393
v 0.1405 7.4735 1.5104
v 0.1894 7.4680 1.4933
v 0.3888 7.0538 1.3851
v 0.3335 7.0545 1.4370
v 0.3264 6.9187 1.4216
v 0.3813 6.9211 1.3707
v 0.2809 7.0553 1.4756
v 0.2745 6.9173 1.4593
v 0.3392 7.1907 1.4395
v 0.2864 7.1936 1.4783
v 0.3924 7.1869 1.3921
v 0.2298 7.0571 1.5067
v 0.2242 6.9176 1.4893
v 0.2349 7.1971 1.5100
v 0.2900 7.3289 1.4660
v 0.2385 7.3337 1.4979
v 0.2396 7.4622 1.4690
v 0.2905 7.4564 1.4375
v 0.3943 7.3180 1.3787
v 0.3423 7.3241 1.4269
v 0.3415 7.4505 1.3987
v 0.3913 7.4434 1.3517
v 0.5897 6.9241 1.1298
v 0.5957 7.0256 1.1161
v 0.5506 7.0366 1.1775
v 0.5427 6.9250 1.1850
v 0.5010 7.0453 1.2436
v 0.4924 6.9248 1.2447
v 0.5481 7.1534 1.1793
v 0.4999 7.1687 1.2500
v 0.5913 7.1352 1.1139
v 0.4460 7.0512 1.3181
v 0.4377 6.9235 1.3094
v 0.4462 7.1801 1.3279
v 0.4906 7.2946 1.2534
v 0.4441 7.3086 1.3202
v 0.4377 7.4334 1.2945
v 0.4798 7.4195 1.2302
v 0.5753 7.2558 1.1196
v 0.5350 7.2767 1.1849
v 0.5183 7.4025 1.1684
v 0.5538 7.3833 1.1081
v 0.1881 7.5836 1.4555
v 0.1396 7.5889 1.4725
v 0.0923 7.5933 1.4833
v 0.1369 7.6886 1.4325
v 0.0905 7.6924 1.4431
v 0.1844 7.6838 1.4161
v 0.0464 7.5961 1.4891
v 0.0013 7.5970 1.4910
v 0.0452 7.6948 1.4487
v 0.0007 7.6956 1.4505
v 0.0877 7.7755 1.4025
v 0.0436 7.7775 1.4079
v 0.0003 7.7782 1.4095
v 0.0416 7.8449 1.3662
v 0.0001 7.8454 1.3677
v 0.0838 7.8433 1.3613
v 0.1784 7.7685 1.3768
v 0.1326 7.7724 1.3925
v 0.1268 7.8408 1.3519
v 0.1703 7.8377 1.3372
v 0.3837 7.5588 1.3158
v 0.3365 7.5658 1.3626
v 0.2873 7.5719 1.4009
v 0.3277 7.6675 1.3271
v 0.2805 7.6731 1.3636
v 0.3725 7.6612 1.2822
v 0.2375 7.5778 1.4316
v 0.2324 7.6785 1.3930
v 0.2703 7.7594 1.3269
v 0.2244 7.7640 1.3550
v 0.2139 7.8342 1.3165
v 0.2571 7.8301 1.2898
v 0.3577 7.7463 1.2503
v 0.3153 7.7544 1.2921
v 0.2995 7.8236 1.2571
v 0.3393 7.8149 1.2185
v 0.5293 7.5083 1.0892
v 0.4984 7.5238 1.1452
v 0.4645 7.5378 1.2032
v 0.4773 7.6309 1.1198
v 0.4470 7.6426 1.1738
v 0.5043 7.6190 1.0666
v 0.4267 7.5497 1.2610
v 0.4126 7.6530 1.2300
v 0.4272 7.7253 1.1503
v 0.3954 7.7351 1.2019
v 0.3746 7.8041 1.1743
v 0.4040 7.7919 1.1273
v 0.4786 7.7047 1.0482
v 0.4546 7.7146 1.0989
v 0.4290 7.7820 1.0790
v 0.4506 7.7724 1.0308
v 0.1194 7.8946 1.3108
v 0.0790 7.8966 1.3195
v 0.1112 7.9358 1.2704
v 0.0735 7.9375 1.2782
v 0.1490 7.9338 1.2577
v 0.1603 7.8921 1.2971
v 0.0392 7.8978 1.3240
v -0.0001 7.8983 1.3254
v 0.0365 7.9386 1.2822
v -0.0001 7.9390 1.2834
v 0.0679 7.9690 1.2383
v 0.0336 7.9701 1.2417
v -0.0002 7.9705 1.2427
v 0.0308 7.9951 1.2026
v -0.0002 7.9955 1.2033
v 0.0621 7.9940 1.1998
v 0.1374 7.9655 1.2200
v 0.1025 7.9674 1.2314
v 0.0938 7.9924 1.1940
v 0.1257 7.9905 1.1842
v 0.2807 7.8773 1.2225
v 0.2413 7.8841 1.2529
v 0.2601 7.9197 1.1883
v 0.2239 7.9257 1.2166
v 0.2942 7.9123 1.1550
v 0.3177 7.8689 1.1867
v 0.2010 7.8892 1.2777
v 0.1867 7.9306 1.2397
v 0.2061 7.9587 1.1823
v 0.1720 7.9628 1.2036
v 0.1574 7.9879 1.1696
v 0.1886 7.9843 1.1504
v 0.2703 7.9470 1.1250
v 0.2392 7.9536 1.1561
v 0.2189 7.9798 1.1265
v 0.2473 7.9733 1.0984
v 0.4003 7.8373 1.0572
v 0.3774 7.8479 1.1022
v 0.3699 7.8804 1.0353
v 0.3490 7.8918 1.0773
v 0.3875 7.8684 0.9931
v 0.4198 7.8268 1.0119
v 0.3503 7.8590 1.1463
v 0.3241 7.9030 1.1172
v 0.3205 7.9256 1.0535
v 0.2978 7.9377 1.0907
v 0.2724 7.9635 1.0667
v 0.2933 7.9521 1.0325
v 0.3557 7.8994 0.9756
v 0.3396 7.9131 1.0147
v 0.3110 7.9374 0.9967
v 0.3260 7.9225 0.9609
v 0.1137 8.0109 1.1497
v 0.0847 8.0126 1.1577
v 0.0560 8.0141 1.1621
v 0.0749 8.0286 1.1218
v 0.0494 8.0296 1.1248
v 0.1009 8.0273 1.1159
v 0.0277 8.0151 1.1641
v -0.0002 8.0154 1.1646
v 0.0244 8.0303 1.1259
v -0.0002 8.0305 1.1262
v 0.0423 8.0404 1.0879
v 0.0208 8.0406 1.0883
v -0.0002 8.0406 1.0884
v 0.0171 8.0461 1.0519
v -0.0002 8.0459 1.0519
v 0.0350 8.0466 1.0519
v 0.0873 8.0397 1.0823
v 0.0644 8.0402 1.0862
v 0.0536 8.0471 1.0512
v 0.0734 8.0475 1.0489
v 0.1992 8.0009 1.0994
v 0.1713 8.0052 1.1207
v 0.1795 8.0185 1.0737
v 0.1536 8.0227 1.0922
v 0.2039 8.0129 1.0510
v 0.2253 7.9939 1.0740
v 0.1426 8.0085 1.1375
v 0.1273 8.0255 1.1062
v 0.1352 8.0370 1.0640
v 0.1110 8.0388 1.0751
v 0.0943 8.0476 1.0439
v 0.1162 8.0472 1.0355
v 0.1825 8.0280 1.0285
v 0.1594 8.0339 1.0485
v 0.1386 8.0449 1.0227
v 0.1606 8.0398 1.0053
v 0.2988 7.9411 0.9487
v 0.2845 7.9567 0.9812
v 0.2679 7.9722 1.0138
v 0.2599 7.9732 0.9669
v 0.2441 7.9889 0.9965
v 0.2737 7.9572 0.9372
v 0.2485 7.9846 1.0451
v 0.2257 8.0030 1.0248
v 0.2209 8.0042 0.9790
v 0.2032 8.0182 1.0049
v 0.1806 8.0304 0.9840
v 0.1979 8.0164 0.9602
v 0.2499 7.9711 0.9247
v 0.2364 7.9879 0.9519
v 0.2130 7.9997 0.9352
v 0.2263 7.9817 0.9100
v 0.0432 8.0499 1.0173
v 0.0279 8.0488 1.0176
v 0.0335 8.0495 0.9846
v 0.0215 8.0482 0.9849
v 0.0469 8.0509 0.9834
v 0.0597 8.0510 1.0159
v 0.0136 8.0480 1.0175
v -0.0002 8.0476 1.0174
v 0.0103 8.0474 0.9849
v -0.0002 8.0471 0.9849
v 0.0076 8.0453 0.9527
v 0.0159 8.0459 0.9523
v 0.0120 8.0405 0.9177
v 0.0058 8.0404 0.9187
v -0.0002 8.0451 0.9528
v -0.0002 8.0404 0.9190
v 0.0355 8.0479 0.9505
v 0.0250 8.0468 0.9517
v 0.0186 8.0407 0.9167
v 0.0262 8.0408 0.9163
v 0.1382 8.0478 0.9806
v 0.1176 8.0516 0.9957
v 0.0971 8.0525 1.0061
v 0.0967 8.0536 0.9671
v 0.0786 8.0536 0.9758
v 0.1153 8.0508 0.9539
v 0.0777 8.0519 1.0125
v 0.0619 8.0524 0.9808
v 0.0473 8.0493 0.9484
v 0.0609 8.0505 0.9443
v 0.0447 8.0419 0.9124
v 0.0347 8.0413 0.9150
v 0.0760 8.0509 0.9371
v 0.0921 8.0485 0.9257
v 0.0564 8.0418 0.9069
v 0.0693 8.0397 0.8973
v 0.2023 7.9880 0.8933
v 0.1891 8.0077 0.9164
v 0.1742 8.0251 0.9395
v 0.1639 8.0117 0.8961
v 0.1493 8.0298 0.9169
v 0.1771 7.9905 0.8757
v 0.1574 8.0392 0.9614
v 0.1331 8.0429 0.9367
v 0.1228 8.0287 0.8934
v 0.1079 8.0416 0.9105
v 0.0824 8.0335 0.8841
v 0.0955 8.0212 0.8702
v 0.1502 7.9891 0.8592
v 0.1369 8.0108 0.8757
v 0.1088 8.0039 0.8571
v 0.1223 7.9832 0.8456
v 0.0154 8.0020 0.8549
v 0.0153 8.0269 0.8818
v 0.0200 8.0265 0.8822
v 0.0190 8.0018 0.8535
v 0.0102 8.0278 0.8828
v 0.0101 8.0040 0.8556
v -0.0002 8.0287 0.8851
v 0.0049 8.0285 0.8844
v 0.0048 8.0058 0.8573
v -0.0002 8.0063 0.8580
v -0.0002 7.9751 0.8409
v 0.0047 7.9743 0.8405
v 0.0106 7.9718 0.8395
v 0.0172 7.9686 0.8389
v 0.0239 7.9669 0.8357
v 0.0282 8.0011 0.8525
v 0.0397 8.0253 0.8783
v 0.0484 8.0230 0.8705
v 0.0311 7.9988 0.8469
v 0.0319 8.0259 0.8817
v 0.0254 8.0015 0.8544
v 0.0256 8.0261 0.8826
v 0.0225 8.0015 0.8545
v 0.0264 7.9674 0.8346
v 0.0318 7.9289 0.8257
v 0.0257 7.9689 0.8334
v 0.0274 7.9321 0.8220
v 0.0187 7.9346 0.8186
v 0.0222 7.9699 0.8315
v 0.0192 7.9682 0.8280
v 0.0123 7.9337 0.8167
v 0.0546 7.9701 0.8293
v 0.0810 7.9902 0.8414
v 0.0944 7.9728 0.8356
v 0.0674 7.9574 0.8284
v 0.0685 8.0056 0.8492
v 0.0434 7.9824 0.8324
v 0.0356 7.9922 0.8388
v 0.0578 8.0169 0.8594
v 0.0188 7.9625 0.8238
v 0.0101 7.9322 0.8149
v 0.0236 7.9548 0.8208
v 0.0129 7.9269 0.8147
v 0.0196 7.9212 0.8168
v 0.0327 7.9463 0.8208
v 0.0436 7.9385 0.8233
v 0.0277 7.9170 0.8209
v 0.0301 7.8953 0.8337
v 0.0243 7.8708 0.8399
v -0.0009 7.8928 0.8841
v 0.0236 7.8978 0.8202
v 0.0139 7.9001 0.8156
v 0.0075 7.8699 0.8186
v 0.0143 7.8689 0.8239
v 0.0082 7.8998 0.8142
v 0.0049 7.8699 0.8171
v 0.0301 7.8950 0.8264
v 0.0219 7.8681 0.8316
v -0.0001 7.8443 0.8251
v 0.0011 7.8445 0.8230
v -0.0004 7.8450 0.8233
v 0.0114 7.8968 0.8146
v 0.0158 7.8940 0.8183
v 0.0136 7.8661 0.8242
v 0.0108 7.8655 0.8204
v 0.0206 7.8922 0.8224
v 0.0159 7.8667 0.8277
v 0.0088 7.8997 0.8129
v 0.0082 7.8654 0.8179
v 0.0033 7.8486 0.8221
v 0.0048 7.8496 0.8246
v -0.0003 7.8461 0.8257
v -0.0003 7.8473 0.8291
v 0.0064 7.8509 0.8283
v 0.0077 7.8523 0.8318
v -0.0002 7.8487 0.8329
v -0.0771 6.9262 1.5474
v -0.0804 7.0680 1.5620
v -0.1250 7.0636 1.5516
v -0.1203 6.9221 1.5363
v -0.1716 7.0590 1.5353
v -0.1658 6.9182 1.5196
v -0.1295 7.2053 1.5532
v -0.1771 7.2002 1.5368
v -0.0837 7.2101 1.5634
v -0.1334 7.3436 1.5401
v -0.1817 7.3380 1.5235
v -0.1359 7.4730 1.5109
v -0.1845 7.4672 1.4940
v -0.0867 7.3486 1.5504
v -0.0887 7.4778 1.5215
v -0.0396 7.2136 1.5687
v -0.0415 7.3521 1.5559
v -0.0429 7.4811 1.5272
v -0.0376 7.0714 1.5673
v -0.0356 6.9293 1.5531
v -0.3164 6.9184 1.4309
v -0.3237 7.0533 1.4445
v -0.3783 7.0525 1.3959
v -0.3717 6.9203 1.3835
v -0.3302 7.1889 1.4444
v -0.3845 7.1852 1.3984
v -0.2711 7.0534 1.4821
v -0.2777 7.1918 1.4826
v -0.2639 6.9155 1.4675
v -0.3346 7.3224 1.4299
v -0.3881 7.3162 1.3833
v -0.3354 7.4492 1.4001
v -0.3846 7.4418 1.3538
v -0.2827 7.3274 1.4684
v -0.2848 7.4553 1.4386
v -0.2265 7.1956 1.5134
v -0.2316 7.3325 1.4997
v -0.2343 7.4612 1.4699
v -0.2137 6.9155 1.4968
v -0.2203 7.0554 1.5122
v -0.5388 7.0111 1.1853
v -0.5806 6.9862 1.1151
v -0.5791 6.8739 1.1084
v -0.5238 6.8886 1.1772
v -0.5508 7.1406 1.1905
v -0.5906 7.1145 1.1233
v -0.4986 7.0323 1.2582
v -0.4991 7.1623 1.2670
v -0.4793 6.9036 1.2493
v -0.5367 7.2722 1.1913
v -0.5754 7.2493 1.1262
v -0.5178 7.4005 1.1757
v -0.5519 7.3811 1.1145
v -0.4919 7.2916 1.2599
v -0.4783 7.4176 1.2391
v -0.4413 7.1772 1.3408
v -0.4417 7.3064 1.3261
v -0.4327 7.4317 1.3001
v -0.4305 6.9156 1.3214
v -0.4381 7.0465 1.3329
v -0.1365 7.5886 1.4728
v -0.1847 7.5831 1.4559
v -0.1350 7.6884 1.4327
v -0.1822 7.6835 1.4163
v -0.0895 7.5930 1.4835
v -0.0888 7.6922 1.4432
v -0.1315 7.7724 1.3926
v -0.1770 7.7683 1.3770
v -0.1262 7.8408 1.3519
v -0.1695 7.8377 1.3372
v -0.0868 7.7755 1.4026
v -0.0834 7.8433 1.3613
v -0.0429 7.7775 1.4079
v -0.0437 7.6947 1.4488
v -0.0414 7.8449 1.3662
v -0.0437 7.5960 1.4892
v -0.3320 7.5648 1.3638
v -0.3787 7.5577 1.3188
v -0.3246 7.6670 1.3283
v -0.3690 7.6607 1.2844
v -0.2832 7.5711 1.4015
v -0.2777 7.6726 1.3641
v -0.3132 7.7545 1.2915
v -0.3553 7.7484 1.2497
v -0.2981 7.8257 1.2558
v -0.3377 7.8192 1.2165
v -0.2685 7.7592 1.3270
v -0.2560 7.8305 1.2895
v -0.2229 7.7638 1.3551
v -0.2299 7.6782 1.3934
v -0.2129 7.8341 1.3166
v -0.2338 7.5771 1.4322
v -0.4938 7.5225 1.1531
v -0.5241 7.5069 1.0967
v -0.4730 7.6326 1.1235
v -0.4999 7.6207 1.0702
v -0.4593 7.5365 1.2102
v -0.4430 7.6435 1.1771
v -0.4515 7.7223 1.0999
v -0.4753 7.7123 1.0491
v -0.4268 7.7920 1.0765
v -0.4482 7.7822 1.0283
v -0.4243 7.7323 1.1512
v -0.4020 7.8018 1.1246
v -0.4087 7.6530 1.2330
v -0.3927 7.7412 1.2018
v -0.3728 7.8105 1.1723
v -0.4214 7.5484 1.2658
v -0.0789 7.8966 1.3195
v -0.1192 7.8946 1.3108
v -0.1599 7.8921 1.2971
v -0.1111 7.9358 1.2703
v -0.1488 7.9338 1.2577
v -0.0736 7.9375 1.2782
v -0.1025 7.9674 1.2314
v -0.1373 7.9653 1.2200
v -0.0938 7.9924 1.1940
v -0.1256 7.9901 1.1842
v -0.0680 7.9690 1.2383
v -0.0622 7.9940 1.1998
v -0.0339 7.9701 1.2417
v -0.0367 7.9386 1.2822
v -0.0310 7.9951 1.2025
v -0.0392 7.8978 1.3240
v -0.2406 7.8857 1.2527
v -0.2798 7.8808 1.2215
v -0.3167 7.8745 1.1847
v -0.2596 7.9221 1.1876
v -0.2935 7.9163 1.1532
v -0.2235 7.9270 1.2165
v -0.2389 7.9539 1.1556
v -0.2700 7.9484 1.1234
v -0.2187 7.9793 1.1262
v -0.2471 7.9740 1.0968
v -0.2058 7.9582 1.1822
v -0.1884 7.9834 1.1504
v -0.1718 7.9621 1.2036
v -0.1864 7.9309 1.2397
v -0.1573 7.9870 1.1696
v -0.2005 7.8894 1.2777
v -0.3761 7.8559 1.0975
v -0.3989 7.8457 1.0521
v -0.4182 7.8351 1.0067
v -0.3689 7.8870 1.0274
v -0.3865 7.8750 0.9850
v -0.3482 7.8982 1.0710
v -0.3390 7.9181 1.0052
v -0.3550 7.9046 0.9660
v -0.3105 7.9419 0.9876
v -0.3254 7.9274 0.9517
v -0.3199 7.9302 1.0455
v -0.2929 7.9547 1.0250
v -0.2973 7.9407 1.0863
v -0.3234 7.9084 1.1128
v -0.2721 7.9660 1.0622
v -0.3492 7.8662 1.1427
v -0.0848 8.0125 1.1577
v -0.1137 8.0102 1.1497
v -0.0750 8.0284 1.1218
v -0.1010 8.0265 1.1159
v -0.0562 8.0140 1.1621
v -0.0496 8.0295 1.1248
v -0.0645 8.0398 1.0862
v -0.0874 8.0388 1.0823
v -0.0537 8.0467 1.0512
v -0.0734 8.0468 1.0489
v -0.0425 8.0402 1.0879
v -0.0352 8.0463 1.0519
v -0.0247 8.0303 1.1259
v -0.0211 8.0405 1.0883
v -0.0175 8.0460 1.0519
v -0.0280 8.0151 1.1641
v -0.1712 8.0037 1.1207
v -0.1991 7.9998 1.0993
v -0.2252 7.9944 1.0724
v -0.1795 8.0170 1.0737
v -0.2039 8.0115 1.0499
v -0.1536 8.0208 1.0922
v -0.1593 8.0314 1.0485
v -0.1824 8.0271 1.0279
v -0.1386 8.0431 1.0227
v -0.1606 8.0393 1.0052
v -0.1352 8.0347 1.0640
v -0.1162 8.0450 1.0354
v -0.1110 8.0371 1.0752
v -0.1273 8.0239 1.1062
v -0.0943 8.0463 1.0439
v -0.1426 8.0072 1.1375
v -0.2842 7.9617 0.9733
v -0.2984 7.9466 0.9406
v -0.2597 7.9787 0.9603
v -0.2735 7.9630 0.9305
v -0.2677 7.9754 1.0073
v -0.2439 7.9930 0.9911
v -0.2363 7.9930 0.9472
v -0.2497 7.9766 0.9198
v -0.2130 8.0040 0.9325
v -0.2262 7.9863 0.9071
v -0.2209 8.0079 0.9755
v -0.1979 8.0197 0.9586
v -0.2256 8.0043 1.0217
v -0.2032 8.0196 1.0027
v -0.1806 8.0318 0.9833
v -0.2483 7.9861 1.0410
v -0.0281 8.0485 1.0176
v -0.0433 8.0494 1.0173
v -0.0598 8.0504 1.0159
v -0.0336 8.0491 0.9846
v -0.0470 8.0504 0.9835
v -0.0217 8.0480 0.9849
v -0.0251 8.0465 0.9517
v -0.0354 8.0476 0.9505
v -0.0260 8.0407 0.9158
v -0.0186 8.0405 0.9167
v -0.0161 8.0457 0.9523
v -0.0122 8.0404 0.9177
v -0.0080 8.0452 0.9527
v -0.0061 8.0404 0.9186
v -0.0107 8.0473 0.9849
v -0.0139 8.0478 1.0175
v -0.1177 8.0503 0.9957
v -0.1382 8.0472 0.9806
v -0.0967 8.0528 0.9672
v -0.1153 8.0504 0.9540
v -0.0972 8.0511 1.0061
v -0.0786 8.0527 0.9759
v -0.0759 8.0503 0.9371
v -0.0920 8.0482 0.9257
v -0.0691 8.0393 0.8969
v -0.0562 8.0415 0.9065
v -0.0607 8.0499 0.9444
v -0.0446 8.0416 0.9120
v -0.0472 8.0488 0.9484
v -0.0345 8.0411 0.9146
v -0.0619 8.0517 0.9809
v -0.0777 8.0510 1.0125
v -0.1891 8.0110 0.9154
v -0.2022 7.9916 0.8921
v -0.1639 8.0135 0.8961
v -0.1770 7.9925 0.8756
v -0.1742 8.0277 0.9391
v -0.1493 8.0310 0.9169
v -0.1369 8.0113 0.8757
v -0.1502 7.9896 0.8592
v -0.1088 8.0036 0.8571
v -0.1223 7.9829 0.8456
v -0.1228 8.0290 0.8934
v -0.0955 8.0207 0.8702
v -0.1331 8.0436 0.9367
v -0.1079 8.0415 0.9105
v -0.0825 8.0328 0.8841
v -0.1574 8.0401 0.9614
v -0.0206 8.0260 0.8821
v -0.0154 8.0267 0.8818
v -0.0155 8.0018 0.8549
v -0.0199 8.0008 0.8555
v -0.0104 8.0277 0.8827
v -0.0103 8.0039 0.8556
v -0.0225 7.9670 0.8382
v -0.0173 7.9685 0.8389
v -0.0108 7.9717 0.8395
v -0.0051 7.9742 0.8405
v -0.0051 8.0057 0.8572
v -0.0053 8.0285 0.8843
v -0.0485 8.0225 0.8702
v -0.0399 8.0249 0.8780
v -0.0288 8.0003 0.8537
v -0.0322 7.9978 0.8480
v -0.0324 8.0255 0.8814
v -0.0260 8.0006 0.8559
v -0.0200 7.9675 0.8296
v -0.0221 7.9695 0.8333
v -0.0207 7.9340 0.8172
v -0.0136 7.9327 0.8154
v -0.0246 7.9686 0.8353
v -0.0283 7.9314 0.8217
v -0.0304 7.9282 0.8284
v -0.0249 7.9673 0.8369
v -0.0233 8.0005 0.8561
v -0.0261 8.0257 0.8824
v -0.0944 7.9721 0.8356
v -0.0810 7.9896 0.8414
v -0.0548 7.9697 0.8293
v -0.0674 7.9569 0.8284
v -0.0685 8.0051 0.8492
v -0.0434 7.9821 0.8324
v -0.0437 7.9383 0.8233
v -0.0327 7.9460 0.8209
v -0.0190 7.9210 0.8168
v -0.0276 7.9169 0.8209
v -0.0237 7.9546 0.8208
v -0.0129 7.9265 0.8148
v -0.0106 7.9319 0.8148
v -0.0189 7.9622 0.8236
v -0.0355 7.9919 0.8388
v -0.0577 8.0164 0.8595
v -0.0082 7.8678 0.8195
v -0.0154 7.8974 0.8156
v -0.0243 7.8950 0.8202
v -0.0142 7.8692 0.8243
v -0.0103 7.8967 0.8141
v -0.0066 7.8660 0.8184
v -0.0014 7.8448 0.8246
v -0.0003 7.8442 0.8277
v -0.0222 7.8671 0.8320
v -0.0307 7.8916 0.8252
v -0.0131 7.8659 0.8234
v -0.0149 7.8937 0.8178
v -0.0112 7.8965 0.8149
v -0.0109 7.8656 0.8206
v -0.0203 7.8923 0.8224
v -0.0158 7.8669 0.8277
v -0.0080 7.8525 0.8317
v -0.0067 7.8511 0.8277
v -0.0053 7.8498 0.8247
v -0.0040 7.8488 0.8227
v -0.0090 7.8657 0.8192
v -0.0096 7.8995 0.8137
v -0.0045 7.9374 0.8404
v 0.0042 7.9375 0.8404
v -0.0002 7.9380 0.8402
v -0.0104 7.9351 0.8410
v 0.0102 7.9353 0.8410
v -0.0008 7.8401 0.8363
v -0.0013 7.8457 0.8348
v 0.0104 7.8550 0.8489
v -0.0102 7.8550 0.8489
v -0.0056 7.8501 0.8427
v -0.0184 7.9309 0.8403
v 0.0184 7.9310 0.8403
v -0.0266 7.8655 0.8396
v 0.0303 7.9281 0.8303
v -0.0265 7.9278 0.8355
v -0.0346 7.8900 0.8308
v 0.0051 7.8493 0.8407
v -0.0008 7.8504 0.8500
v 0.0001 7.8453 0.8310
v 0.0162 7.9584 1.0342
v -0.0008 7.9581 1.0344
v 0.0331 7.9591 1.0336
v 0.0498 7.9600 1.0321
v 0.0663 7.9610 1.0296
v 0.0825 7.9617 1.0255
v 0.0985 7.9619 1.0195
v 0.1145 7.9613 1.0108
v 0.1306 7.9597 0.9989
v 0.1469 7.9567 0.9835
v 0.1635 7.9508 0.9653
v 0.1798 7.9396 0.9459
v 0.2001 7.9377 0.9284
v 0.0440 7.9606 1.0093
v 0.0292 7.9594 1.0104
v 0.0380 7.9604 0.9863
v 0.0251 7.9593 0.9872
v 0.0509 7.9616 0.9849
v 0.0586 7.9619 1.0074
v 0.0142 7.9586 1.0109
v -0.0008 7.9583 1.0111
v 0.0122 7.9586 0.9876
v -0.0008 7.9583 0.9877
v 0.0097 7.9579 0.9650
v 0.0204 7.9585 0.9647
v 0.0147 7.9555 0.9447
v 0.0069 7.9551 0.9448
v -0.0008 7.9577 0.9651
v -0.0009 7.9550 0.9449
v 0.0420 7.9601 0.9631
v 0.0311 7.9592 0.9640
v 0.0228 7.9560 0.9443
v 0.0311 7.9566 0.9437
v 0.1178 7.9634 0.9848
v 0.1030 7.9644 0.9946
v 0.0883 7.9643 1.0014
v 0.0894 7.9651 0.9750
v 0.0762 7.9645 0.9799
v 0.1028 7.9649 0.9674
v 0.0737 7.9635 1.0058
v 0.0632 7.9634 0.9829
v 0.0526 7.9611 0.9615
v 0.0641 7.9621 0.9596
v 0.0502 7.9567 0.9413
v 0.0406 7.9562 0.9425
v 0.0758 7.9627 0.9561
v 0.0879 7.9630 0.9504
v 0.0603 7.9572 0.9389
v 0.0708 7.9574 0.9348
v 0.1794 7.9425 0.9201
v 0.1636 7.9446 0.9383
v 0.1484 7.9562 0.9557
v 0.1443 7.9485 0.9293
v 0.1305 7.9598 0.9436
v 0.1585 7.9452 0.9117
v 0.1330 7.9613 0.9716
v 0.1165 7.9638 0.9568
v 0.1128 7.9594 0.9318
v 0.1003 7.9625 0.9422
v 0.0818 7.9572 0.9286
v 0.0933 7.9546 0.9209
v 0.1375 7.9452 0.9037
v 0.1253 7.9489 0.9204
v 0.1049 7.9454 0.9123
v 0.1153 7.9419 0.8966
v 0.0068 7.9395 0.9131
v 0.0142 7.9495 0.9281
v 0.0194 7.9498 0.9278
v 0.0100 7.9392 0.9133
v 0.0090 7.9493 0.9282
v 0.0041 7.9396 0.9130
v -0.0009 7.9490 0.9282
v 0.0040 7.9491 0.9283
v 0.0016 7.9395 0.9129
v -0.0009 7.9395 0.9128
v -0.0009 7.9274 0.8929
v -0.0001 7.9274 0.8930
v 0.0011 7.9273 0.8933
v 0.0027 7.9269 0.8938
v 0.0058 7.9257 0.8948
v 0.0254 7.9407 0.9129
v 0.0397 7.9487 0.9242
v 0.0481 7.9485 0.9214
v 0.0319 7.9401 0.9111
v 0.0321 7.9488 0.9258
v 0.0197 7.9411 0.9137
v 0.0251 7.9488 0.9263
v 0.0145 7.9410 0.9131
v 0.0081 7.9321 0.9046
v 0.0038 7.9139 0.8994
v 0.0122 7.9326 0.9059
v 0.0073 7.9151 0.9015
v 0.0107 7.9153 0.9021
v 0.0165 7.9324 0.9059
v 0.0214 7.9314 0.9050
v 0.0146 7.9148 0.9017
v 0.0583 7.9301 0.9006
v 0.0796 7.9380 0.9054
v 0.0894 7.9359 0.8910
v 0.0666 7.9290 0.8874
v 0.0681 7.9458 0.9115
v 0.0483 7.9366 0.9046
v 0.0394 7.9390 0.9083
v 0.0575 7.9480 0.9171
v 0.0273 7.9296 0.9033
v 0.0192 7.9137 0.9008
v 0.0344 7.9270 0.9011
v 0.0247 7.9125 0.8997
v 0.0310 7.9103 0.8984
v 0.0425 7.9219 0.8987
v 0.0483 7.9204 0.8861
v 0.0347 7.9088 0.8865
v 0.0064 7.8932 0.8898
v 0.0036 7.8780 0.8935
v -0.0008 7.8728 0.9123
v 0.0043 7.8975 0.9012
v 0.0069 7.8978 0.9016
v 0.0039 7.8834 0.9033
v 0.0022 7.8830 0.9034
v 0.0098 7.8977 0.9014
v 0.0058 7.8835 0.9032
v 0.0019 7.8967 0.8999
v 0.0007 7.8827 0.9033
v -0.0008 7.8711 0.9075
v 0.0015 7.8752 0.9058
v 0.0025 7.8753 0.9058
v 0.0175 7.8968 0.9006
v 0.0222 7.8962 0.9001
v 0.0145 7.8832 0.9029
v 0.0113 7.8833 0.9030
v 0.0247 7.8944 0.8887
v 0.0165 7.8807 0.8920
v 0.0133 7.8973 0.9011
v 0.0084 7.8834 0.9031
v 0.0038 7.8753 0.9058
v 0.0053 7.8752 0.9058
v -0.0008 7.8712 0.9075
v 0.0070 7.8752 0.9058
v 0.0082 7.8713 0.8953
v -0.0008 7.8674 0.8970
v -0.0498 7.9600 1.0321
v -0.0663 7.9610 1.0296
v -0.0331 7.9591 1.0336
v -0.0162 7.9584 1.0342
v -0.1144 7.9613 1.0108
v -0.1305 7.9597 0.9989
v -0.0984 7.9619 1.0195
v -0.0824 7.9617 1.0255
v -0.1795 7.9396 0.9459
v -0.1998 7.9377 0.9284
v -0.1633 7.9508 0.9653
v -0.1468 7.9567 0.9835
v -0.0292 7.9594 1.0104
v -0.0440 7.9606 1.0093
v -0.0586 7.9619 1.0074
v -0.0380 7.9604 0.9863
v -0.0509 7.9616 0.9849
v -0.0251 7.9593 0.9872
v -0.0311 7.9592 0.9640
v -0.0420 7.9601 0.9631
v -0.0311 7.9566 0.9437
v -0.0228 7.9560 0.9443
v -0.0204 7.9585 0.9647
v -0.0147 7.9555 0.9447
v -0.0097 7.9579 0.9650
v -0.0069 7.9551 0.9448
v -0.0122 7.9586 0.9876
v -0.0142 7.9586 1.0109
v -0.1029 7.9644 0.9946
v -0.1178 7.9634 0.9848
v -0.0893 7.9651 0.9750
v -0.1028 7.9649 0.9674
v -0.0882 7.9643 1.0014
v -0.0761 7.9645 0.9799
v -0.0758 7.9627 0.9561
v -0.0879 7.9630 0.9504
v -0.0708 7.9574 0.9348
v -0.0603 7.9572 0.9389
v -0.0640 7.9621 0.9596
v -0.0502 7.9567 0.9413
v -0.0526 7.9611 0.9615
v -0.0406 7.9562 0.9425
v -0.0631 7.9634 0.9829
v -0.0736 7.9635 1.0058
v -0.1634 7.9446 0.9383
v -0.1792 7.9425 0.9201
v -0.1442 7.9485 0.9293
v -0.1583 7.9452 0.9117
v -0.1482 7.9562 0.9557
v -0.1304 7.9598 0.9436
v -0.1252 7.9489 0.9204
v -0.1374 7.9452 0.9037
v -0.1048 7.9454 0.9123
v -0.1152 7.9419 0.8966
v -0.1128 7.9594 0.9318
v -0.0932 7.9546 0.9209
v -0.1165 7.9638 0.9568
v -0.1002 7.9625 0.9422
v -0.0818 7.9572 0.9286
v -0.1329 7.9613 0.9716
v -0.0194 7.9498 0.9278
v -0.0142 7.9495 0.9281
v -0.0067 7.9395 0.9131
v -0.0100 7.9392 0.9133
v -0.0090 7.9493 0.9282
v -0.0041 7.9396 0.9130
v -0.0058 7.9257 0.8948
v -0.0027 7.9269 0.8938
v -0.0011 7.9273 0.8933
v -0.0017 7.9274 0.8930
v -0.0016 7.9395 0.9129
v -0.0040 7.9491 0.9283
v -0.0481 7.9485 0.9214
v -0.0397 7.9487 0.9242
v -0.0254 7.9407 0.9129
v -0.0318 7.9401 0.9111
v -0.0321 7.9488 0.9258
v -0.0197 7.9411 0.9137
v -0.0214 7.9314 0.9050
v -0.0164 7.9324 0.9059
v -0.0107 7.9153 0.9021
v -0.0145 7.9148 0.9017
v -0.0121 7.9326 0.9059
v -0.0073 7.9151 0.9015
v -0.0038 7.9139 0.8994
v -0.0081 7.9321 0.9046
v -0.0145 7.9410 0.9131
v -0.0251 7.9488 0.9263
v -0.0893 7.9359 0.8910
v -0.0795 7.9380 0.9054
v -0.0583 7.9301 0.9006
v -0.0666 7.9290 0.8874
v -0.0680 7.9458 0.9115
v -0.0482 7.9366 0.9046
v -0.0483 7.9204 0.8861
v -0.0424 7.9219 0.8987
v -0.0309 7.9103 0.8984
v -0.0347 7.9088 0.8865
v -0.0343 7.9270 0.9011
v -0.0246 7.9125 0.8997
v -0.0191 7.9137 0.9008
v -0.0273 7.9296 0.9033
v -0.0394 7.9390 0.9083
v -0.0575 7.9480 0.9171
v -0.0037 7.8834 0.9033
v -0.0068 7.8978 0.9016
v -0.0042 7.8975 0.9012
v -0.0020 7.8830 0.9034
v -0.0097 7.8977 0.9014
v -0.0057 7.8835 0.9032
v -0.0023 7.8753 0.9058
v -0.0013 7.8752 0.9058
v -0.0005 7.8827 0.9033
v -0.0018 7.8967 0.8999
v -0.0144 7.8832 0.9029
v -0.0221 7.8962 0.9001
v -0.0174 7.8968 0.9006
v -0.0112 7.8833 0.9030
v -0.0246 7.8944 0.8887
v -0.0163 7.8807 0.8920
v -0.0080 7.8713 0.8953
v -0.0068 7.8752 0.9058
v -0.0051 7.8752 0.9058
v -0.0036 7.8753 0.9058
v -0.0082 7.8834 0.9031
v -0.0132 7.8973 0.9011
v -0.0018 7.9224 0.8656
v -0.0000 7.9224 0.8656
v -0.0009 7.9225 0.8655
v -0.0018 7.9219 0.8660
v 0.0018 7.9219 0.8660
v -0.0008 7.8661 0.8976
v 0.0001 7.8712 0.8979
v 0.0005 7.8651 0.8981
v -0.0002 7.8651 0.8981
v -0.0016 7.8687 0.8992
v -0.0051 7.9205 0.8667
v 0.0051 7.9205 0.8667
v -0.0034 7.8780 0.8935
v 0.0109 7.9171 0.8676
v -0.0109 7.9171 0.8676
v -0.0063 7.8932 0.8898
v 0.0018 7.8687 0.8992
v -0.0008 7.8609 0.8999
v 0.0001 7.8712 0.8979
v 0.6862 5.5258 0.1672
v 0.7279 5.5893 0.1628
v 0.7602 5.5940 0.2610
v 0.7203 5.5271 0.2618
v 0.7682 5.6553 0.1595
v 0.7988 5.6629 0.2612
v 0.6876 5.5834 0.0684
v 0.7288 5.6466 0.0603
v 0.6449 5.5229 0.0775
v 0.8057 5.7251 0.1578
v 0.8351 5.7351 0.2632
v 0.8375 5.8001 0.1584
v 0.8669 5.8118 0.2675
v 0.7671 5.7141 0.0541
v 0.7999 5.7875 0.0509
v 0.6812 5.6374 -0.0346
v 0.7191 5.7027 -0.0458
v 0.7514 5.7748 -0.0534
v 0.6613 5.6918 -0.1394
v 0.6918 5.7625 -0.1513
v 0.6253 5.6284 -0.1232
v 0.5981 5.5192 -0.0067
v 0.6404 5.5768 -0.0213
v 0.5865 5.5702 -0.1046
v 0.5463 5.5154 -0.0847
v 0.4896 5.5118 -0.1551
v 0.5262 5.5644 -0.1799
v 0.5614 5.6204 -0.2032
v 0.4599 5.5594 -0.2453
v 0.4904 5.6137 -0.2726
v 0.4282 5.5088 -0.2164
v 0.5941 5.6820 -0.2238
v 0.6217 5.7514 -0.2396
v 0.5188 5.6737 -0.2970
v 0.5427 5.7418 -0.3160
v 0.4137 5.6083 -0.3305
v 0.4373 5.6670 -0.3581
v 0.4572 5.7341 -0.3799
v 0.3517 5.6620 -0.4068
v 0.3675 5.7283 -0.4310
v 0.3331 5.6044 -0.3766
v 0.3622 5.5065 -0.2676
v 0.3885 5.5555 -0.2999
v 0.3131 5.5527 -0.3432
v 0.2925 5.5049 -0.3080
v 0.2200 5.5041 -0.3372
v 0.2353 5.5510 -0.3746
v 0.2500 5.6018 -0.4102
v 0.1561 5.5502 -0.3946
v 0.1659 5.6004 -0.4317
v 0.1461 5.5039 -0.3556
v 0.2638 5.6587 -0.4426
v 0.2756 5.7244 -0.4688
v 0.1750 5.6568 -0.4657
v 0.1828 5.7221 -0.4935
v 0.0815 5.5998 -0.4448
v 0.0861 5.6558 -0.4799
v 0.0901 5.7208 -0.5087
v -0.0027 5.6554 -0.4862
v -0.0026 5.7202 -0.5155
v -0.0028 5.5996 -0.4506
v 0.0716 5.5041 -0.3665
v 0.0766 5.5499 -0.4066
v -0.0029 5.5499 -0.4118
v -0.0031 5.5043 -0.3712
v 0.5755 5.5115 1.2571
v 0.4913 5.5073 1.2952
v 0.4694 5.4348 1.3338
v 0.5578 5.4349 1.2956
v 0.5892 5.5906 1.2205
v 0.5091 5.5826 1.2592
v 0.6543 5.5190 1.2108
v 0.6651 5.6013 1.1756
v 0.6399 5.4388 1.2475
v 0.5987 5.6728 1.1862
v 0.5227 5.6615 1.2260
v 0.6033 5.7595 1.1550
v 0.5314 5.7451 1.1961
v 0.6719 5.6865 1.1423
v 0.6738 5.7754 1.1119
v 0.7325 5.6145 1.1213
v 0.7388 5.7018 1.0909
v 0.7405 5.7921 1.0633
v 0.7958 5.7181 1.0286
v 0.8005 5.8088 1.0077
v 0.7868 5.6300 1.0529
v 0.7092 5.4468 1.1867
v 0.7224 5.5297 1.1534
v 0.7749 5.5441 1.0794
v 0.7606 5.4598 1.1075
v 0.7901 5.4757 1.0104
v 0.8092 5.5600 0.9899
v 0.8267 5.6457 0.9718
v 0.8271 5.5742 0.8912
v 0.8529 5.6584 0.8819
v 0.8000 5.4913 0.9031
v 0.8415 5.7332 0.9561
v 0.8517 5.8229 0.9436
v 0.8754 5.7442 0.8747
v 0.8920 5.8322 0.8697
v 0.8671 5.6664 0.7863
v 0.8963 5.7502 0.7851
v 0.9185 5.8362 0.7855
v 0.9029 5.7522 0.6881
v 0.9295 5.8364 0.6926
v 0.8696 5.6706 0.6855
v 0.7982 5.5039 0.7932
v 0.8337 5.5845 0.7889
v 0.8317 5.5911 0.6842
v 0.7907 5.5132 0.6837
v 0.7814 5.5197 0.5746
v 0.8230 5.5952 0.5773
v 0.8620 5.6723 0.5808
v 0.8077 5.5972 0.4694
v 0.8465 5.6716 0.4738
v 0.7682 5.5242 0.4663
v 0.8975 5.7516 0.5858
v 0.9277 5.8337 0.5931
v 0.8834 5.7485 0.4799
v 0.9159 5.8287 0.4883
v 0.8245 5.6684 0.3661
v 0.8616 5.7430 0.3712
v 0.8944 5.8214 0.3787
v 0.7458 5.5266 0.3612
v 0.7856 5.5967 0.3629
v 0.8254 5.8670 0.0506
v 0.8626 5.8803 0.1614
v 0.8934 5.8928 0.2740
v 0.8815 5.9652 0.1660
v 0.9151 5.9778 0.2822
v 0.8437 5.9519 0.0526
v 0.8962 6.0545 0.1714
v 0.9334 6.0667 0.2911
v 0.9074 6.1495 0.1769
v 0.9480 6.1607 0.2995
v 0.8559 6.0419 0.0557
v 0.8632 6.1383 0.0590
v 0.8048 6.0295 -0.0562
v 0.7937 5.9387 -0.0577
v 0.8111 6.1274 -0.0539
v 0.7410 6.0175 -0.1614
v 0.7460 6.1170 -0.1602
v 0.7311 5.9259 -0.1613
v 0.7762 5.8537 -0.0572
v 0.7151 5.8408 -0.1584
v 0.6427 5.8289 -0.2497
v 0.6570 5.9140 -0.2548
v 0.5609 5.8187 -0.3287
v 0.5733 5.9037 -0.3359
v 0.6656 6.0064 -0.2566
v 0.6698 6.1076 -0.2567
v 0.5808 5.9968 -0.3395
v 0.5846 6.0996 -0.3413
v 0.4828 5.8954 -0.4041
v 0.4893 5.9890 -0.4096
v 0.4929 6.0929 -0.4136
v 0.3936 5.9829 -0.4667
v 0.3969 6.0875 -0.4728
v 0.3881 5.8890 -0.4592
v 0.3796 5.8041 -0.4481
v 0.4724 5.8104 -0.3949
v 0.2847 5.7998 -0.4877
v 0.2912 5.8844 -0.5004
v 0.1889 5.7972 -0.5137
v 0.1933 5.8816 -0.5276
v 0.2955 5.9783 -0.5096
v 0.2983 6.0833 -0.5176
v 0.1964 5.9753 -0.5381
v 0.1984 6.0804 -0.5473
v 0.0955 5.8798 -0.5447
v 0.0971 5.9734 -0.5559
v 0.0983 6.0784 -0.5660
v -0.0023 5.9725 -0.5641
v -0.0022 6.0773 -0.5746
v -0.0024 5.8789 -0.5524
v -0.0025 5.7949 -0.5372
v 0.0932 5.7956 -0.5299
v 0.6050 5.8501 1.1275
v 0.5372 5.8334 1.1691
v 0.6058 5.9437 1.1048
v 0.5418 5.9255 1.1456
v 0.6726 5.8676 1.0852
v 0.6706 5.9620 1.0641
v 0.6061 6.0395 1.0894
v 0.5451 6.0208 1.1283
v 0.6057 6.1369 1.0827
v 0.5464 6.1189 1.1199
v 0.6687 6.0577 1.0509
v 0.6668 6.1540 1.0459
v 0.7361 5.9795 1.0229
v 0.7328 6.0744 1.0129
v 0.7295 6.1695 1.0096
v 0.7959 6.0882 0.9721
v 0.7915 6.1820 0.9702
v 0.7995 5.9947 0.9787
v 0.7390 5.8851 1.0401
v 0.8013 5.9013 0.9908
v 0.8567 5.9140 0.9339
v 0.8571 6.0057 0.9272
v 0.9016 5.9216 0.8664
v 0.9053 6.0117 0.8652
v 0.8544 6.0977 0.9243
v 0.8500 6.1907 0.9245
v 0.9049 6.1026 0.8667
v 0.9022 6.1953 0.8701
v 0.9411 6.0131 0.7918
v 0.9447 6.1034 0.7981
v 0.9450 6.1963 0.8048
v 0.9711 6.1008 0.7176
v 0.9753 6.1940 0.7271
v 0.9625 6.0109 0.7077
v 0.9329 5.9241 0.7876
v 0.9490 5.9228 0.6991
v 0.9516 5.9187 0.6024
v 0.9697 6.0058 0.6135
v 0.9426 5.9122 0.4986
v 0.9635 5.9985 0.5103
v 0.9827 6.0955 0.6254
v 0.9911 6.1889 0.6366
v 0.9799 6.0878 0.5226
v 0.9920 6.1814 0.5341
v 0.9444 5.9890 0.3992
v 0.9629 6.0780 0.4105
v 0.9775 6.1717 0.4211
v 0.9219 5.9035 0.3884
v 0.9144 6.2524 0.1811
v 0.9573 6.2622 0.3058
v 0.9161 6.3660 0.1830
v 0.9590 6.3737 0.3083
v 0.8670 6.2432 0.0617
v 0.8679 6.3595 0.0630
v 0.9127 6.4923 0.1816
v 0.9527 6.4973 0.3061
v 0.9059 6.6323 0.1774
v 0.9413 6.6343 0.3002
v 0.8664 6.4890 0.0620
v 0.8622 6.6325 0.0581
v 0.8133 6.3540 -0.0510
v 0.8106 6.4873 -0.0526
v 0.8052 6.6346 -0.0573
v 0.7425 6.4868 -0.1609
v 0.7364 6.6383 -0.1663
v 0.7462 6.3496 -0.1586
v 0.8136 6.2347 -0.0518
v 0.7475 6.2269 -0.1588
v 0.6707 6.2201 -0.2564
v 0.6688 6.3462 -0.2573
v 0.5854 6.2144 -0.3429
v 0.5837 6.3437 -0.3452
v 0.6648 6.4874 -0.2605
v 0.6585 6.6432 -0.2667
v 0.5798 6.4887 -0.3495
v 0.5738 6.6485 -0.3563
v 0.4927 6.3416 -0.4214
v 0.4893 6.4898 -0.4268
v 0.4838 6.6532 -0.4338
v 0.3946 6.4901 -0.4909
v 0.3897 6.6564 -0.4972
v 0.3975 6.3394 -0.4847
v 0.4940 6.2096 -0.4172
v 0.3982 6.2056 -0.4787
v 0.2997 6.2021 -0.5254
v 0.2993 6.3372 -0.5327
v 0.1995 6.1995 -0.5563
v 0.1993 6.3351 -0.5645
v 0.2970 6.4895 -0.5392
v 0.2928 6.6576 -0.5444
v 0.1977 6.4884 -0.5709
v 0.1946 6.6576 -0.5748
v 0.0989 6.3335 -0.5844
v 0.0980 6.4871 -0.5906
v 0.0963 6.6569 -0.5934
v -0.0019 6.4863 -0.5993
v -0.0020 6.6562 -0.6015
v -0.0020 6.3325 -0.5933
v 0.0989 6.1975 -0.5758
v -0.0021 6.1965 -0.5846
v 0.6055 6.2359 1.0828
v 0.5468 6.2196 1.1194
v 0.6076 6.3377 1.0851
v 0.5490 6.3234 1.1224
v 0.6658 6.2515 1.0464
v 0.6672 6.3519 1.0477
v 0.6135 6.4450 1.0852
v 0.5554 6.4321 1.1238
v 0.6219 6.5614 1.0821
v 0.5655 6.5491 1.1219
v 0.6715 6.4586 1.0463
v 0.6772 6.5754 1.0421
v 0.7268 6.3657 1.0098
v 0.7286 6.4728 1.0070
v 0.7308 6.5911 1.0020
v 0.7834 6.4874 0.9650
v 0.7817 6.6085 0.9596
v 0.7848 6.3783 0.9691
v 0.7271 6.2658 1.0098
v 0.7875 6.2778 0.9703
v 0.8451 6.2867 0.9252
v 0.8403 6.3890 0.9234
v 0.8976 6.2923 0.8724
v 0.8915 6.3966 0.8709
v 0.8355 6.5010 0.9184
v 0.8298 6.6257 0.9128
v 0.8840 6.5116 0.8655
v 0.8750 6.6397 0.8597
v 0.9360 6.4006 0.8088
v 0.9271 6.5180 0.8037
v 0.9157 6.6484 0.7975
v 0.9616 6.5194 0.7304
v 0.9489 6.6511 0.7236
v 0.9706 6.4006 0.7347
v 0.9421 6.2943 0.8092
v 0.9753 6.2930 0.7336
v 0.9990 6.2813 0.5427
v 0.9947 6.2885 0.6447
v 0.9925 6.3968 0.6472
v 0.9991 6.3903 0.5459
v 0.9843 6.5165 0.6436
v 0.9706 6.6489 0.6362
v 0.9915 6.5107 0.5429
v 0.9772 6.6439 0.5353
v 0.9807 6.5038 0.4294
v 0.9879 6.3821 0.4321
v 0.9668 6.6385 0.4223
v 0.9866 6.2722 0.4289
v 0.8970 6.7849 0.1716
v 0.9281 6.7840 0.2930
v 0.8846 6.9474 0.1664
v 0.9137 6.9441 0.2869
v 0.8541 6.7885 0.0521
v 0.8406 6.9536 0.0465
v 0.8651 7.1150 0.1640
v 0.8944 7.1103 0.2836
v 0.8357 7.2817 0.1664
v 0.8655 7.2767 0.2841
v 0.8201 7.1227 0.0448
v 0.7912 7.2897 0.0497
v 0.7826 6.9623 -0.0698
v 0.7627 7.1332 -0.0704
v 0.7352 7.3006 -0.0629
v 0.6957 7.1463 -0.1789
v 0.6705 7.3143 -0.1687
v 0.7142 6.9732 -0.1795
v 0.7273 6.8019 -0.1737
v 0.7963 6.7943 -0.0640
v 0.6498 6.8109 -0.2745
v 0.6379 6.9856 -0.2800
v 0.5658 6.8201 -0.3641
v 0.5553 6.9983 -0.3689
v 0.6215 7.1610 -0.2781
v 0.5991 7.3300 -0.2654
v 0.5412 7.1761 -0.3656
v 0.5221 7.3461 -0.3508
v 0.4673 7.0095 -0.4442
v 0.4557 7.1894 -0.4394
v 0.4401 7.3604 -0.4234
v 0.3660 7.1992 -0.4979
v 0.3540 7.3709 -0.4812
v 0.3752 7.0177 -0.5041
v 0.3830 6.8343 -0.5026
v 0.4764 6.8284 -0.4408
v 0.2871 6.8374 -0.5475
v 0.2808 7.0223 -0.5468
v 0.1903 6.8384 -0.5758
v 0.1859 7.0240 -0.5730
v 0.2740 7.2047 -0.5393
v 0.2654 7.3768 -0.5228
v 0.1814 7.2068 -0.5646
v 0.1760 7.3791 -0.5488
v 0.0918 7.0241 -0.5879
v 0.0897 7.2070 -0.5791
v 0.0870 7.3794 -0.5641
v -0.0011 7.2064 -0.5844
v -0.0014 7.3788 -0.5705
v -0.0017 7.0237 -0.5938
v -0.0021 6.8377 -0.5996
v 0.0940 6.8382 -0.5925
v 0.6290 6.6901 1.0791
v 0.5757 6.6773 1.1199
v 0.6327 6.8321 1.0818
v 0.5836 6.8180 1.1231
v 0.6804 6.7053 1.0388
v 0.6797 6.8491 1.0415
v 0.6266 6.9859 1.0919
v 0.5815 6.9701 1.1336
v 0.6079 7.1465 1.1041
v 0.5654 7.1291 1.1458
v 0.6694 7.0046 1.0512
v 0.6484 7.1667 1.0626
v 0.7231 6.8692 1.0013
v 0.7097 7.0264 1.0102
v 0.6870 7.1895 1.0196
v 0.7486 7.0511 0.9672
v 0.7239 7.2148 0.9733
v 0.7653 6.8923 0.9599
v 0.7297 6.7232 0.9986
v 0.7766 6.7437 0.9569
v 0.8213 6.7643 0.9108
v 0.8072 6.9155 0.9141
v 0.8635 6.7813 0.8576
v 0.8474 6.9346 0.8597
v 0.7871 7.0756 0.9192
v 0.7601 7.2392 0.9211
v 0.8250 7.0955 0.8621
v 0.7957 7.2586 0.8601
v 0.8835 6.9464 0.7936
v 0.8593 7.1078 0.7928
v 0.8279 7.2707 0.7882
v 0.8866 7.1123 0.7107
v 0.8536 7.2754 0.7049
v 0.9125 6.9506 0.7144
v 0.9017 6.7919 0.7940
v 0.9328 6.7955 0.7179
v 0.9585 6.7896 0.5266
v 0.9528 6.7938 0.6286
v 0.9310 6.9493 0.6224
v 0.9371 6.9460 0.5189
v 0.9045 7.1116 0.6170
v 0.8716 7.2755 0.6114
v 0.8808 7.2743 0.5090
v 0.9121 7.1094 0.5131
v 0.9310 6.9437 0.4059
v 0.9092 7.1084 0.4010
v 0.8797 7.2743 0.3991
v 0.9496 6.7857 0.4135
v 0.7953 7.4414 0.1743
v 0.8243 7.4370 0.2884
v 0.7430 7.5889 0.1862
v 0.7695 7.5856 0.2953
v 0.7528 7.4484 0.0616
v 0.7038 7.5941 0.0785
v 0.6777 7.7199 0.1998
v 0.7007 7.7178 0.3030
v 0.5993 7.8296 0.2131
v 0.6180 7.8281 0.3097
v 0.6431 7.7233 0.0979
v 0.5703 7.8318 0.1179
v 0.6540 7.6018 -0.0252
v 0.5987 7.7287 -0.0002
v 0.5324 7.8354 0.0263
v 0.5467 7.7366 -0.0923
v 0.4873 7.8411 -0.0596
v 0.5964 7.6123 -0.1226
v 0.6992 7.4582 -0.0470
v 0.6375 7.4709 -0.1490
v 0.5696 7.4859 -0.2423
v 0.5329 7.6253 -0.2118
v 0.4966 7.5017 -0.3252
v 0.4648 7.6396 -0.2914
v 0.4889 7.7472 -0.1766
v 0.4364 7.8492 -0.1379
v 0.4266 7.7593 -0.2518
v 0.3810 7.8588 -0.2075
v 0.3926 7.6529 -0.3605
v 0.3606 7.7708 -0.3176
v 0.3222 7.8679 -0.2682
v 0.2915 7.7797 -0.3730
v 0.2608 7.8750 -0.3198
v 0.3169 7.6629 -0.4178
v 0.4191 7.5159 -0.3963
v 0.3377 7.5264 -0.4541
v 0.1683 7.5347 -0.5238
v 0.2536 7.5324 -0.4966
v 0.2383 7.6686 -0.4610
v 0.1582 7.6706 -0.4891
v 0.2197 7.7848 -0.4155
v 0.1972 7.8789 -0.3601
v 0.1463 7.7863 -0.4437
v 0.1319 7.8797 -0.3876
v 0.0729 7.7858 -0.4613
v 0.0780 7.6709 -0.5066
v 0.0662 7.8787 -0.4050
v 0.0009 7.8748 -0.4119
v -0.0005 7.7843 -0.4685
v -0.0028 7.6713 -0.5150
v 0.0829 7.5352 -0.5406
v -0.0027 7.5353 -0.5487
v 0.5782 7.3072 1.1101
v 0.5366 7.2882 1.1513
v 0.5433 7.4618 1.1052
v 0.5024 7.4414 1.1455
v 0.6178 7.3285 1.0678
v 0.5827 7.4837 1.0628
v 0.5062 7.6056 1.0905
v 0.4676 7.5845 1.1298
v 0.4603 7.7322 1.0688
v 0.4265 7.7115 1.1075
v 0.5429 7.6274 1.0483
v 0.4920 7.7527 1.0270
v 0.6204 7.5069 1.0167
v 0.5771 7.6494 1.0019
v 0.5209 7.7723 0.9807
v 0.6072 7.6702 0.9493
v 0.5454 7.7896 0.9283
v 0.6548 7.5303 0.9648
v 0.6554 7.3518 1.0228
v 0.6918 7.3766 0.9731
v 0.7266 7.3997 0.9168
v 0.6856 7.5511 0.9061
v 0.7591 7.4178 0.8526
v 0.7132 7.5669 0.8405
v 0.6327 7.6878 0.8901
v 0.5653 7.8033 0.8697
v 0.6547 7.7006 0.8248
v 0.5817 7.8128 0.8058
v 0.7377 7.5767 0.7679
v 0.6739 7.7086 0.7537
v 0.5961 7.8187 0.7369
v 0.6907 7.7127 0.6766
v 0.6090 7.8221 0.6628
v 0.7583 7.5814 0.6878
v 0.8118 7.4337 0.6971
v 0.7882 7.4289 0.7795
v 0.8293 7.4346 0.6058
v 0.7741 7.5829 0.6000
v 0.7832 7.5832 0.5047
v 0.8390 7.4343 0.5065
v 0.7119 7.7156 0.5018
v 0.7040 7.7146 0.5927
v 0.6196 7.8242 0.5827
v 0.6263 7.8256 0.4965
v 0.7116 7.7165 0.4046
v 0.7826 7.5839 0.4025
v 0.6265 7.8268 0.4050
v 0.8384 7.4348 0.4001
v 0.4872 7.9149 0.1374
v 0.5103 7.9132 0.2253
v 0.5249 7.9118 0.3147
v 0.4164 7.9710 0.2361
v 0.4274 7.9695 0.3181
v 0.3988 7.9727 0.1561
v 0.3229 8.0091 0.2462
v 0.3310 8.0077 0.3208
v 0.2335 8.0322 0.2560
v 0.2395 8.0314 0.3236
v 0.3098 8.0107 0.1741
v 0.2241 8.0333 0.1915
v 0.2917 8.0125 0.1059
v 0.3748 7.9749 0.0797
v 0.2109 8.0344 0.1313
v 0.2687 8.0144 0.0431
v 0.1938 8.0350 0.0762
v 0.3448 7.9779 0.0088
v 0.4564 7.9175 0.0531
v 0.4189 7.9217 -0.0256
v 0.3281 7.9346 -0.1597
v 0.3758 7.9277 -0.0968
v 0.3096 7.9820 -0.0549
v 0.2699 7.9865 -0.1105
v 0.2410 8.0166 -0.0129
v 0.1729 8.0349 0.0274
v 0.2093 8.0189 -0.0612
v 0.1488 8.0350 -0.0144
v 0.1752 8.0208 -0.1024
v 0.2275 7.9904 -0.1584
v 0.1223 8.0352 -0.0496
v 0.0941 8.0346 -0.0795
v 0.1398 8.0209 -0.1377
v 0.1836 7.9923 -0.1993
v 0.2772 7.9411 -0.2143
v 0.2244 7.9455 -0.2607
v 0.1139 7.9478 -0.3236
v 0.1701 7.9476 -0.2976
v 0.1388 7.9923 -0.2323
v 0.0928 7.9920 -0.2564
v 0.0691 8.0183 -0.1881
v 0.1041 8.0195 -0.1667
v 0.0663 8.0322 -0.1043
v 0.0422 8.0289 -0.1228
v -0.0055 7.9976 -0.2811
v -0.0039 8.0286 -0.2085
v 0.0342 8.0188 -0.2028
v 0.0453 7.9925 -0.2732
v 0.0211 8.0272 -0.1349
v -0.0000 8.0336 -0.1398
v 0.0565 7.9473 -0.3411
v -0.0018 7.9454 -0.3490
v 0.4282 7.8517 1.0021
v 0.4025 7.8333 1.0436
v 0.3750 7.8141 1.0819
v 0.3350 7.9064 1.0175
v 0.3135 7.8889 1.0555
v 0.3549 7.9225 0.9767
v 0.2621 7.9560 0.9926
v 0.2462 7.9396 1.0299
v 0.1882 7.9859 0.9702
v 0.1772 7.9701 1.0067
v 0.2770 7.9705 0.9526
v 0.1987 8.0000 0.9309
v 0.2904 7.9828 0.9083
v 0.3727 7.9367 0.9316
v 0.2086 8.0115 0.8875
v 0.3013 7.9914 0.8585
v 0.2172 8.0191 0.8385
v 0.3870 7.9473 0.8808
v 0.4513 7.8684 0.9563
v 0.4703 7.8821 0.9046
v 0.4970 7.8984 0.7848
v 0.4851 7.8919 0.8471
v 0.3980 7.9541 0.8245
v 0.4068 7.9582 0.7637
v 0.3097 7.9962 0.8033
v 0.2242 8.0231 0.7843
v 0.3165 7.9989 0.7437
v 0.2300 8.0253 0.7258
v 0.3225 8.0009 0.6805
v 0.4145 7.9610 0.6989
v 0.2349 8.0271 0.6639
v 0.3278 8.0027 0.6136
v 0.2389 8.0286 0.5989
v 0.4216 7.9631 0.6300
v 0.5075 7.9024 0.7181
v 0.5171 7.9051 0.6467
v 0.5307 7.9089 0.4889
v 0.5253 7.9072 0.5704
v 0.4278 7.9649 0.5569
v 0.4318 7.9665 0.4799
v 0.3322 8.0042 0.5435
v 0.2418 8.0297 0.5315
v 0.3348 8.0054 0.4707
v 0.2432 8.0304 0.4625
v 0.3347 8.0065 0.3961
v 0.4322 7.9680 0.3999
v 0.2426 8.0309 0.3929
v 0.5313 7.9104 0.4032
v 0.0837 8.0317 0.2710
v 0.1529 8.0396 0.2647
v 0.1462 8.0398 0.2066
v 0.0792 8.0306 0.2175
v 0.1572 8.0398 0.3265
v 0.0868 8.0331 0.3285
v 0.0261 8.0172 0.3295
v 0.0240 8.0145 0.2749
v -0.0291 7.9895 0.2756
v -0.0277 7.9936 0.3281
v 0.0211 8.0118 0.2250
v -0.0305 7.9850 0.2282
v -0.0322 7.9801 0.1858
v 0.0172 8.0086 0.1799
v 0.0120 8.0044 0.1397
v -0.0346 7.9745 0.1483
v 0.0729 8.0290 0.1689
v 0.0645 8.0263 0.1251
v 0.1369 8.0397 0.1530
v 0.1246 8.0386 0.1045
v 0.0543 8.0224 0.0862
v 0.1096 8.0364 0.0614
v 0.0923 8.0341 0.0244
v 0.0425 8.0182 0.0522
v 0.0057 7.9991 0.1039
v 0.0377 7.9683 0.1151
v -0.0017 7.9934 0.0719
v 0.0415 7.9618 0.0851
v 0.0464 7.9556 0.0570
v -0.0112 7.9888 0.0442
v -0.0227 7.9846 0.0187
v 0.0523 7.9496 0.0300
v 0.0282 8.0152 0.0236
v 0.0113 8.0124 -0.0016
v 0.0723 8.0327 -0.0064
v 0.0500 8.0313 -0.0327
v -0.0040 8.0075 -0.0237
v 0.0289 8.0276 -0.0551
v 0.0135 8.0219 -0.0720
v -0.0140 8.0002 -0.0408
v -0.0332 7.9785 -0.0044
v 0.0584 7.9424 0.0048
v -0.0398 7.9700 -0.0229
v 0.0630 7.9335 -0.0166
v 0.0661 7.9246 -0.0333
v -0.0427 7.9617 -0.0361
v 0.0440 7.9529 -0.0455
v 0.0675 7.9158 -0.0461
v -0.0188 7.9934 -0.0522
v 0.0227 7.9876 -0.0587
v 0.0031 8.0172 -0.0829
v -0.0039 8.0169 -0.0891
v 0.1124 7.9802 0.9882
v 0.1194 7.9956 0.9526
v 0.0594 7.9867 0.9400
v 0.0557 7.9722 0.9751
v 0.1261 8.0096 0.9137
v 0.0638 8.0000 0.9024
v 0.0052 7.9531 0.9655
v 0.0060 7.9665 0.9307
v -0.0418 7.9369 0.9238
v -0.0403 7.9253 0.9584
v 0.0103 7.9786 0.8953
v -0.0351 7.9469 0.8926
v 0.0129 7.9905 0.8540
v 0.0165 8.0005 0.8073
v -0.0322 7.9708 0.8061
v -0.0344 7.9590 0.8523
v 0.0684 8.0117 0.8604
v 0.0735 8.0203 0.8130
v 0.1332 8.0211 0.8710
v 0.1399 8.0289 0.8229
v 0.1460 8.0332 0.7696
v 0.0785 8.0260 0.7603
v 0.1511 8.0358 0.7119
v 0.0829 8.0299 0.7033
v 0.0205 8.0081 0.7552
v 0.0296 7.9799 0.7543
v 0.0240 8.0137 0.6986
v -0.0276 7.9888 0.6978
v -0.0261 7.9948 0.6373
v 0.0266 8.0180 0.6385
v 0.0284 8.0210 0.5760
v -0.0250 7.9988 0.5742
v 0.0863 8.0329 0.6430
v 0.0887 8.0350 0.5803
v 0.1552 8.0379 0.6510
v 0.1583 8.0396 0.5875
v 0.1603 8.0405 0.5223
v 0.1608 8.0406 0.4563
v 0.0900 8.0356 0.4522
v 0.0900 8.0359 0.5163
v 0.0292 8.0221 0.5124
v 0.0245 8.0005 0.5100
v 0.0290 8.0216 0.4493
v 0.0250 7.9998 0.4465
v 0.0263 7.9972 0.3854
v 0.0279 8.0197 0.3879
v 0.0889 8.0345 0.3893
v 0.1598 8.0402 0.3908
v -0.7602 5.5940 0.2610
v -0.7279 5.5893 0.1628
v -0.6862 5.5258 0.1672
v -0.7203 5.5271 0.2618
v -0.6876 5.5834 0.0684
v -0.6449 5.5229 0.0775
v -0.7682 5.6553 0.1594
v -0.7288 5.6466 0.0603
v -0.7989 5.6629 0.2613
v -0.6404 5.5768 -0.0213
v -0.5981 5.5192 -0.0067
v -0.5865 5.5702 -0.1046
v -0.5463 5.5154 -0.0847
v -0.6812 5.6374 -0.0346
v -0.6253 5.6284 -0.1232
v -0.7671 5.7141 0.0541
v -0.7191 5.7027 -0.0458
v -0.6613 5.6918 -0.1394
v -0.7514 5.7748 -0.0534
v -0.6918 5.7625 -0.1513
v -0.7999 5.7875 0.0509
v -0.8352 5.7350 0.2632
v -0.8056 5.7251 0.1577
v -0.8376 5.8001 0.1584
v -0.8667 5.8116 0.2674
v -0.5262 5.5644 -0.1799
v -0.4896 5.5118 -0.1551
v -0.4599 5.5594 -0.2453
v -0.4282 5.5088 -0.2164
v -0.5614 5.6204 -0.2032
v -0.4904 5.6137 -0.2726
v -0.3885 5.5555 -0.2999
v -0.3622 5.5065 -0.2676
v -0.3131 5.5527 -0.3432
v -0.2925 5.5049 -0.3080
v -0.4137 5.6083 -0.3305
v -0.3331 5.6044 -0.3766
v -0.5188 5.6737 -0.2970
v -0.4373 5.6670 -0.3581
v -0.3517 5.6620 -0.4068
v -0.4572 5.7341 -0.3799
v -0.3675 5.7283 -0.4310
v -0.5427 5.7418 -0.3160
v -0.5941 5.6820 -0.2238
v -0.6217 5.7514 -0.2396
v -0.2353 5.5510 -0.3746
v -0.2200 5.5041 -0.3372
v -0.1561 5.5502 -0.3946
v -0.1461 5.5039 -0.3556
v -0.2500 5.6018 -0.4102
v -0.1659 5.6004 -0.4317
v -0.0766 5.5499 -0.4066
v -0.0716 5.5041 -0.3665
v -0.0815 5.5998 -0.4448
v -0.1750 5.6568 -0.4657
v -0.0861 5.6558 -0.4799
v -0.0901 5.7208 -0.5087
v -0.1828 5.7221 -0.4935
v -0.2638 5.6587 -0.4426
v -0.2756 5.7244 -0.4688
v -0.4753 5.4348 1.3365
v -0.4791 5.5074 1.2970
v -0.5552 5.5106 1.2562
v -0.5311 5.4343 1.2958
v -0.6350 5.5179 1.2076
v -0.6146 5.4378 1.2470
v -0.5736 5.5897 1.2183
v -0.6503 5.6004 1.1695
v -0.4918 5.5823 1.2606
v -0.7146 5.5298 1.1460
v -0.7076 5.4468 1.1822
v -0.7633 5.5442 1.0702
v -0.7553 5.4598 1.1016
v -0.7196 5.6145 1.1108
v -0.7700 5.6301 1.0400
v -0.6589 5.6858 1.1335
v -0.7218 5.7017 1.0771
v -0.7745 5.7181 1.0117
v -0.7202 5.7919 1.0469
v -0.7756 5.8086 0.9869
v -0.6592 5.7747 1.1009
v -0.5071 5.6608 1.2272
v -0.5861 5.6719 1.1826
v -0.5910 5.7582 1.1503
v -0.5207 5.7436 1.1976
v -0.7946 5.5601 0.9800
v -0.7818 5.4757 1.0042
v -0.8107 5.5744 0.8815
v -0.7904 5.4913 0.8976
v -0.8062 5.6458 0.9575
v -0.8301 5.6586 0.8675
v -0.8176 5.5848 0.7802
v -0.7889 5.5039 0.7887
v -0.8179 5.5914 0.6776
v -0.7831 5.5132 0.6805
v -0.8447 5.6668 0.7733
v -0.8505 5.6710 0.6757
v -0.8472 5.7445 0.8555
v -0.8689 5.7507 0.7680
v -0.8797 5.7526 0.6752
v -0.8877 5.8366 0.7652
v -0.9030 5.8367 0.6770
v -0.8602 5.8324 0.8465
v -0.8159 5.7333 0.9373
v -0.8225 5.8229 0.9204
v -0.8130 5.5954 0.5734
v -0.7759 5.5197 0.5729
v -0.8028 5.5971 0.4680
v -0.7651 5.5242 0.4657
v -0.8483 5.6725 0.5748
v -0.8395 5.6716 0.4713
v -0.7851 5.5966 0.3628
v -0.7459 5.5266 0.3612
v -0.8230 5.6683 0.3657
v -0.8739 5.7485 0.4761
v -0.8586 5.7429 0.3703
v -0.8896 5.8213 0.3771
v -0.9035 5.8287 0.4829
v -0.8805 5.7517 0.5777
v -0.9075 5.8339 0.5828
v -0.8628 5.8803 0.1615
v -0.8254 5.8670 0.0506
v -0.8817 5.9651 0.1661
v -0.8437 5.9519 0.0526
v -0.9120 5.9777 0.2813
v -0.8923 5.8927 0.2737
v -0.7762 5.8537 -0.0572
v -0.7151 5.8408 -0.1584
v -0.7937 5.9387 -0.0577
v -0.7311 5.9259 -0.1613
v -0.8559 6.0419 0.0557
v -0.8048 6.0295 -0.0562
v -0.7410 6.0175 -0.1614
v -0.8111 6.1274 -0.0539
v -0.7460 6.1170 -0.1602
v -0.8633 6.1383 0.0590
v -0.9270 6.0667 0.2890
v -0.8956 6.0545 0.1713
v -0.9055 6.1495 0.1763
v -0.9378 6.1609 0.2960
v -0.6427 5.8289 -0.2497
v -0.5609 5.8187 -0.3287
v -0.6570 5.9140 -0.2548
v -0.5733 5.9037 -0.3359
v -0.4724 5.8104 -0.3949
v -0.3796 5.8041 -0.4481
v -0.4828 5.8954 -0.4041
v -0.3881 5.8890 -0.4592
v -0.5808 5.9968 -0.3395
v -0.4893 5.9890 -0.4096
v -0.3936 5.9829 -0.4667
v -0.4929 6.0929 -0.4136
v -0.3969 6.0875 -0.4728
v -0.5846 6.0996 -0.3413
v -0.6656 6.0064 -0.2566
v -0.6698 6.1076 -0.2567
v -0.2847 5.7998 -0.4877
v -0.1889 5.7972 -0.5137
v -0.2912 5.8844 -0.5004
v -0.1933 5.8816 -0.5276
v -0.0932 5.7956 -0.5299
v -0.0955 5.8798 -0.5447
v -0.1964 5.9753 -0.5381
v -0.0971 5.9734 -0.5559
v -0.0982 6.0783 -0.5660
v -0.1984 6.0804 -0.5473
v -0.2955 5.9783 -0.5096
v -0.2983 6.0833 -0.5176
v -0.5278 5.8307 1.1709
v -0.5902 5.8476 1.1220
v -0.6542 5.8658 1.0729
v -0.5877 5.9389 1.0986
v -0.6492 5.9575 1.0509
v -0.5294 5.9216 1.1471
v -0.7159 5.8843 1.0220
v -0.7736 5.9010 0.9676
v -0.7117 5.9769 1.0037
v -0.7702 5.9938 0.9543
v -0.6477 6.0489 1.0355
v -0.7097 6.0678 0.9916
v -0.7675 6.0853 0.9463
v -0.7103 6.1574 0.9831
v -0.7661 6.1751 0.9407
v -0.6503 6.1403 1.0253
v -0.5309 6.0151 1.1282
v -0.5876 6.0315 1.0813
v -0.5918 6.1250 1.0697
v -0.5360 6.1101 1.1152
v -0.8252 5.9139 0.9075
v -0.8680 5.9217 0.8404
v -0.8245 6.0055 0.8992
v -0.8707 6.0117 0.8372
v -0.9000 5.9243 0.7648
v -0.9195 5.9230 0.6811
v -0.9060 6.0132 0.7665
v -0.9292 6.0110 0.6867
v -0.8688 6.1024 0.8367
v -0.9065 6.1034 0.7695
v -0.9331 6.1009 0.6928
v -0.9028 6.1961 0.7725
v -0.9327 6.1940 0.6979
v -0.8635 6.1948 0.8376
v -0.8212 6.0970 0.8954
v -0.8168 6.1884 0.8939
v -0.9280 5.9187 0.5899
v -0.9267 5.9122 0.4913
v -0.9417 6.0060 0.5980
v -0.9434 5.9986 0.5006
v -0.9144 5.9035 0.3856
v -0.9333 5.9891 0.3948
v -0.9544 6.0881 0.5097
v -0.9470 6.0782 0.4037
v -0.9565 6.1719 0.4115
v -0.9611 6.1817 0.5175
v -0.9494 6.0957 0.6061
v -0.9527 6.1891 0.6130
v -0.9443 6.2624 0.3013
v -0.9114 6.2525 0.1803
v -0.8671 6.2432 0.0617
v -0.9131 6.3660 0.1822
v -0.8680 6.3595 0.0631
v -0.9461 6.3738 0.3038
v -0.8136 6.2347 -0.0518
v -0.7475 6.2269 -0.1588
v -0.8133 6.3540 -0.0510
v -0.7462 6.3496 -0.1586
v -0.8664 6.4890 0.0620
v -0.8106 6.4872 -0.0526
v -0.7425 6.4868 -0.1609
v -0.8052 6.6346 -0.0573
v -0.7364 6.6383 -0.1663
v -0.8620 6.6325 0.0581
v -0.9429 6.4973 0.3029
v -0.9107 6.4923 0.1812
v -0.9051 6.6323 0.1774
v -0.9358 6.6343 0.2988
v -0.6707 6.2201 -0.2564
v -0.5854 6.2144 -0.3429
v -0.6688 6.3462 -0.2573
v -0.5837 6.3437 -0.3452
v -0.4940 6.2096 -0.4172
v -0.3982 6.2056 -0.4787
v -0.4927 6.3416 -0.4214
v -0.3975 6.3394 -0.4847
v -0.5798 6.4886 -0.3495
v -0.4893 6.4898 -0.4268
v -0.3946 6.4901 -0.4909
v -0.4838 6.6532 -0.4338
v -0.3896 6.6563 -0.4972
v -0.5738 6.6485 -0.3563
v -0.6647 6.4874 -0.2605
v -0.6585 6.6432 -0.2667
v -0.2997 6.2021 -0.5254
v -0.1995 6.1995 -0.5563
v -0.2993 6.3372 -0.5327
v -0.1993 6.3351 -0.5645
v -0.0989 6.1975 -0.5758
v -0.0989 6.3335 -0.5844
v -0.1977 6.4883 -0.5709
v -0.0980 6.4871 -0.5905
v -0.0963 6.6569 -0.5934
v -0.1945 6.6575 -0.5748
v -0.2970 6.4895 -0.5392
v -0.2927 6.6576 -0.5444
v -0.5448 6.2063 1.1061
v -0.5999 6.2196 1.0611
v -0.6561 6.2333 1.0170
v -0.6094 6.3170 1.0523
v -0.6626 6.3301 1.0077
v -0.5556 6.3047 1.0978
v -0.7124 6.2483 0.9752
v -0.7652 6.2655 0.9344
v -0.7144 6.3447 0.9659
v -0.7635 6.3619 0.9260
v -0.6678 6.4348 0.9981
v -0.7146 6.4508 0.9568
v -0.7598 6.4696 0.9173
v -0.7123 6.5704 0.9532
v -0.7540 6.5920 0.9140
v -0.6701 6.5520 0.9937
v -0.5665 6.4086 1.0898
v -0.6180 6.4209 1.0434
v -0.6247 6.5364 1.0389
v -0.5761 6.5229 1.0858
v -0.8122 6.2814 0.8912
v -0.8564 6.2908 0.8376
v -0.8075 6.3802 0.8848
v -0.8490 6.3938 0.8346
v -0.8965 6.2938 0.7741
v -0.9294 6.2928 0.7011
v -0.8892 6.3998 0.7734
v -0.9244 6.4001 0.7018
v -0.8423 6.5075 0.8297
v -0.8820 6.5170 0.7716
v -0.9184 6.5188 0.7011
v -0.8751 6.6472 0.7715
v -0.9114 6.6505 0.7012
v -0.8359 6.6349 0.8276
v -0.8022 6.4900 0.8766
v -0.7956 6.6149 0.8729
v -0.9526 6.2885 0.6176
v -0.9643 6.2815 0.5229
v -0.9502 6.3966 0.6193
v -0.9641 6.3902 0.5252
v -0.9620 6.2724 0.4171
v -0.9633 6.3822 0.4197
v -0.9605 6.5104 0.5246
v -0.9600 6.5037 0.4188
v -0.9525 6.6383 0.4153
v -0.9535 6.6435 0.5222
v -0.9458 6.5159 0.6188
v -0.9393 6.6481 0.6177
v -0.9257 6.7841 0.2928
v -0.8966 6.7850 0.1718
v -0.8538 6.7885 0.0521
v -0.8837 6.9475 0.1664
v -0.8403 6.9536 0.0465
v -0.9120 6.9442 0.2871
v -0.7963 6.7943 -0.0640
v -0.7273 6.8019 -0.1737
v -0.7826 6.9623 -0.0698
v -0.7142 6.9732 -0.1795
v -0.8198 7.1227 0.0448
v -0.7626 7.1332 -0.0704
v -0.6957 7.1462 -0.1789
v -0.7351 7.3005 -0.0629
v -0.6704 7.3141 -0.1687
v -0.7910 7.2896 0.0497
v -0.8924 7.1102 0.2837
v -0.8639 7.1150 0.1639
v -0.8348 7.2816 0.1664
v -0.8636 7.2765 0.2841
v -0.6499 6.8109 -0.2745
v -0.5658 6.8202 -0.3641
v -0.6380 6.9857 -0.2800
v -0.5553 6.9983 -0.3689
v -0.4765 6.8284 -0.4408
v -0.3830 6.8343 -0.5026
v -0.4673 7.0096 -0.4442
v -0.3753 7.0178 -0.5041
v -0.5412 7.1760 -0.3655
v -0.4556 7.1893 -0.4394
v -0.3659 7.1991 -0.4978
v -0.4400 7.3602 -0.4234
v -0.3539 7.3707 -0.4812
v -0.5220 7.3459 -0.3508
v -0.6215 7.1610 -0.2780
v -0.5990 7.3298 -0.2654
v -0.2871 6.8374 -0.5475
v -0.1904 6.8384 -0.5758
v -0.2809 7.0224 -0.5468
v -0.1859 7.0241 -0.5729
v -0.0940 6.8382 -0.5925
v -0.0919 7.0242 -0.5879
v -0.1813 7.2067 -0.5646
v -0.0896 7.2069 -0.5790
v -0.0868 7.3792 -0.5641
v -0.1758 7.3789 -0.5487
v -0.2739 7.2047 -0.5393
v -0.2653 7.3766 -0.5228
v -0.5777 6.6509 1.0904
v -0.6236 6.6663 1.0446
v -0.6664 6.6843 1.0011
v -0.6151 6.8095 1.0614
v -0.6574 6.8302 1.0210
v -0.5710 6.7915 1.1043
v -0.7067 6.7054 0.9614
v -0.7466 6.7299 0.9223
v -0.6985 6.8541 0.9817
v -0.7382 6.8811 0.9419
v -0.6561 6.9862 1.0448
v -0.6924 7.0126 1.0054
v -0.7284 7.0416 0.9635
v -0.6857 7.1770 1.0218
v -0.7185 7.2068 0.9764
v -0.6514 7.1490 1.0624
v -0.5713 6.9420 1.1218
v -0.6146 6.9628 1.0826
v -0.6143 7.1235 1.0997
v -0.5715 7.1005 1.1366
v -0.7874 6.7551 0.8802
v -0.8283 6.7768 0.8330
v -0.7778 6.9083 0.8975
v -0.8181 6.9308 0.8453
v -0.8673 6.7906 0.7756
v -0.9023 6.7950 0.7035
v -0.8561 6.9450 0.7828
v -0.8892 6.9500 0.7068
v -0.8038 7.0925 0.8569
v -0.8393 7.1065 0.7882
v -0.8704 7.1117 0.7079
v -0.8150 7.2696 0.7874
v -0.8436 7.2748 0.7047
v -0.7831 7.2565 0.8602
v -0.7660 7.0699 0.9150
v -0.7506 7.2348 0.9230
v -0.9297 6.7931 0.6173
v -0.9428 6.7893 0.5193
v -0.9154 6.9487 0.6172
v -0.9276 6.9459 0.5163
v -0.9414 6.7858 0.4104
v -0.9265 6.9438 0.4054
v -0.9064 7.1092 0.5130
v -0.9060 7.1084 0.4013
v -0.8769 7.2741 0.3994
v -0.8769 7.2740 0.5095
v -0.8946 7.1111 0.6156
v -0.8654 7.2750 0.6117
v -0.8231 7.4370 0.2883
v -0.7949 7.4415 0.1743
v -0.7528 7.4485 0.0615
v -0.7430 7.5892 0.1862
v -0.7039 7.5945 0.0785
v -0.7691 7.5860 0.2953
v -0.6993 7.4583 -0.0470
v -0.6376 7.4710 -0.1490
v -0.6542 7.6022 -0.0252
v -0.5966 7.6127 -0.1226
v -0.6431 7.7231 0.0979
v -0.5987 7.7285 -0.0001
v -0.5466 7.7364 -0.0922
v -0.5323 7.8345 0.0262
v -0.4872 7.8403 -0.0597
v -0.5702 7.8310 0.1178
v -0.7004 7.7177 0.3031
v -0.6777 7.7198 0.1999
v -0.5991 7.8288 0.2131
v -0.6178 7.8274 0.3097
v -0.5697 7.4860 -0.2423
v -0.4967 7.5018 -0.3252
v -0.5331 7.6257 -0.2118
v -0.4650 7.6400 -0.2914
v -0.4192 7.5161 -0.3963
v -0.3378 7.5266 -0.4542
v -0.3929 7.6533 -0.3605
v -0.3172 7.6634 -0.4178
v -0.4265 7.7589 -0.2518
v -0.3605 7.7705 -0.3176
v -0.2914 7.7794 -0.3730
v -0.3220 7.8669 -0.2685
v -0.2605 7.8740 -0.3201
v -0.3808 7.8578 -0.2076
v -0.4888 7.7469 -0.1765
v -0.4363 7.8484 -0.1380
v -0.2537 7.5325 -0.4966
v -0.1684 7.5349 -0.5239
v -0.2386 7.6691 -0.4609
v -0.1586 7.6712 -0.4891
v -0.0831 7.5355 -0.5407
v -0.0785 7.6715 -0.5066
v -0.1461 7.7859 -0.4437
v -0.0727 7.7853 -0.4612
v -0.0654 7.8774 -0.4053
v -0.1314 7.8785 -0.3879
v -0.2196 7.7845 -0.4155
v -0.1968 7.8778 -0.3604
v -0.5570 7.2638 1.1447
v -0.5984 7.2876 1.1078
v -0.6357 7.3138 1.0689
v -0.5579 7.4474 1.1054
v -0.5939 7.4734 1.0644
v -0.5174 7.4235 1.1434
v -0.6684 7.3421 1.0260
v -0.6973 7.3712 0.9768
v -0.6265 7.5007 1.0191
v -0.6577 7.5275 0.9670
v -0.5485 7.6197 1.0502
v -0.5817 7.6450 1.0035
v -0.6093 7.6684 0.9504
v -0.5240 7.7689 0.9803
v -0.5457 7.7878 0.9285
v -0.4970 7.7466 1.0262
v -0.4716 7.5714 1.1316
v -0.5115 7.5951 1.0924
v -0.4662 7.7247 1.0684
v -0.4317 7.7028 1.1083
v -0.7248 7.3973 0.9194
v -0.7529 7.4167 0.8539
v -0.6852 7.5503 0.9075
v -0.7100 7.5667 0.8412
v -0.7809 7.4285 0.7801
v -0.8063 7.4336 0.6976
v -0.7338 7.5769 0.7684
v -0.7553 7.5816 0.6881
v -0.6521 7.7001 0.8249
v -0.6715 7.7083 0.7539
v -0.6886 7.7125 0.6767
v -0.5944 7.8179 0.7370
v -0.6076 7.8213 0.6628
v -0.5796 7.8118 0.8059
v -0.6317 7.6869 0.8905
v -0.5635 7.8020 0.8700
v -0.8254 7.4344 0.6063
v -0.8362 7.4342 0.5068
v -0.7716 7.5831 0.6002
v -0.7813 7.5835 0.5047
v -0.8363 7.4347 0.4001
v -0.7814 7.5842 0.4024
v -0.7106 7.7154 0.5018
v -0.7109 7.7164 0.4046
v -0.6262 7.8261 0.4050
v -0.6256 7.8249 0.4966
v -0.7023 7.7144 0.5927
v -0.6185 7.8234 0.5827
v -0.5103 7.9134 0.2252
v -0.4873 7.9151 0.1373
v -0.4164 7.9723 0.2362
v -0.3987 7.9740 0.1562
v -0.4274 7.9708 0.3180
v -0.5250 7.9120 0.3146
v -0.4565 7.9178 0.0530
v -0.4190 7.9220 -0.0256
v -0.3747 7.9762 0.0799
v -0.3448 7.9793 0.0091
v -0.3099 8.0099 0.1742
v -0.2918 8.0117 0.1060
v -0.2687 8.0136 0.0431
v -0.2121 8.0320 0.1305
v -0.1949 8.0326 0.0752
v -0.2254 8.0309 0.1910
v -0.3312 8.0070 0.3209
v -0.3230 8.0083 0.2463
v -0.2349 8.0298 0.2558
v -0.2409 8.0290 0.3236
v -0.3758 7.9280 -0.0969
v -0.3281 7.9350 -0.1597
v -0.3095 7.9834 -0.0545
v -0.2700 7.9881 -0.1099
v -0.2773 7.9414 -0.2142
v -0.2246 7.9458 -0.2607
v -0.2276 7.9920 -0.1577
v -0.1838 7.9939 -0.1985
v -0.2093 8.0180 -0.0614
v -0.1750 8.0199 -0.1026
v -0.1395 8.0201 -0.1379
v -0.1229 8.0328 -0.0516
v -0.0947 8.0319 -0.0820
v -0.1496 8.0327 -0.0161
v -0.2410 8.0156 -0.0130
v -0.1739 8.0326 0.0260
v -0.1702 7.9478 -0.2976
v -0.1141 7.9482 -0.3236
v -0.1391 7.9940 -0.2314
v -0.0934 7.9940 -0.2553
v -0.0568 7.9479 -0.3411
v -0.0463 7.9947 -0.2719
v -0.0334 8.0177 -0.2028
v -0.0193 8.0248 -0.1387
v -0.0686 8.0173 -0.1882
v -0.0420 8.0261 -0.1262
v -0.1038 8.0186 -0.1669
v -0.0671 8.0291 -0.1074
v -0.4090 7.8302 1.0406
v -0.4323 7.8490 0.9992
v -0.3403 7.9076 1.0116
v -0.3571 7.9242 0.9708
v -0.3212 7.8920 1.0501
v -0.3822 7.8121 1.0803
v -0.4529 7.8675 0.9538
v -0.4697 7.8819 0.9042
v -0.3728 7.9392 0.9270
v -0.3863 7.9497 0.8789
v -0.2774 7.9728 0.9474
v -0.2899 7.9856 0.9040
v -0.3008 7.9935 0.8566
v -0.2096 8.0069 0.8863
v -0.2183 8.0141 0.8391
v -0.1999 7.9965 0.9291
v -0.2521 7.9430 1.0251
v -0.2650 7.9576 0.9875
v -0.1904 7.9855 0.9683
v -0.1819 7.9720 1.0046
v -0.4838 7.8919 0.8471
v -0.4960 7.8985 0.7847
v -0.3973 7.9555 0.8242
v -0.4063 7.9596 0.7634
v -0.5067 7.9026 0.7180
v -0.5166 7.9053 0.6467
v -0.4142 7.9623 0.6986
v -0.4214 7.9644 0.6297
v -0.3164 7.9983 0.7438
v -0.3225 8.0003 0.6805
v -0.3279 8.0021 0.6137
v -0.2360 8.0246 0.6645
v -0.2401 8.0262 0.5995
v -0.2311 8.0226 0.7265
v -0.3095 7.9966 0.8033
v -0.2253 8.0176 0.7850
v -0.5250 7.9074 0.5703
v -0.5306 7.9091 0.4889
v -0.4277 7.9662 0.5567
v -0.4317 7.9678 0.4798
v -0.5313 7.9106 0.4031
v -0.4322 7.9693 0.3998
v -0.3349 8.0047 0.4709
v -0.3349 8.0058 0.3962
v -0.2439 8.0285 0.3931
v -0.2445 8.0280 0.4629
v -0.3323 8.0035 0.5437
v -0.2431 8.0273 0.5320
v -0.1449 8.0402 0.2068
v -0.1514 8.0400 0.2649
v -0.0834 8.0317 0.2710
v -0.0790 8.0306 0.2176
v -0.1557 8.0402 0.3265
v -0.0865 8.0331 0.3285
v -0.1236 8.0390 0.1050
v -0.1357 8.0401 0.1534
v -0.0726 8.0290 0.1690
v -0.0643 8.0263 0.1252
v -0.0120 8.0043 0.1397
v -0.0172 8.0085 0.1799
v -0.0211 8.0117 0.2250
v -0.0240 8.0145 0.2749
v -0.0261 8.0172 0.3295
v -0.0914 8.0346 0.0251
v -0.1088 8.0368 0.0620
v -0.0541 8.0224 0.0863
v -0.0423 8.0182 0.0523
v -0.0495 8.0316 -0.0318
v -0.0716 8.0331 -0.0055
v -0.0280 8.0152 0.0238
v -0.0111 8.0124 -0.0014
v 0.0228 7.9845 0.0186
v 0.0112 7.9887 0.0441
v 0.0017 7.9933 0.0718
v -0.0056 7.9990 0.1039
v -0.0132 8.0222 -0.0709
v -0.0287 8.0277 -0.0542
v 0.0041 8.0075 -0.0236
v 0.0141 8.0002 -0.0406
v -0.0026 8.0178 -0.0815
v 0.0189 7.9934 -0.0519
v 0.0427 7.9614 -0.0361
v 0.0399 7.9699 -0.0229
v 0.0332 7.9785 -0.0044
v -0.0594 7.9817 0.9401
v -0.1179 7.9934 0.9519
v -0.1120 7.9806 0.9879
v -0.0573 7.9698 0.9753
v -0.1249 8.0035 0.9133
v -0.0636 7.9914 0.9023
v -0.0682 8.0010 0.8604
v -0.1320 8.0129 0.8707
v -0.1386 8.0199 0.8226
v -0.0732 8.0095 0.8130
v -0.0165 7.9930 0.8073
v -0.0128 7.9829 0.8541
v -0.0103 7.9725 0.8953
v -0.0087 7.9636 0.9319
v -0.0101 7.9522 0.9657
v -0.0783 8.0179 0.7603
v -0.1446 8.0257 0.7692
v -0.1497 8.0337 0.7116
v -0.0826 8.0272 0.7033
v -0.0860 8.0329 0.6429
v -0.1538 8.0384 0.6507
v -0.1569 8.0400 0.5872
v -0.0884 8.0351 0.5802
v -0.0284 8.0209 0.5760
v -0.0266 8.0180 0.6385
v -0.0239 8.0129 0.6986
v -0.0205 8.0024 0.7552
v -0.0897 8.0357 0.4522
v -0.1592 8.0410 0.4562
v -0.1588 8.0409 0.5220
v -0.0896 8.0360 0.5162
v -0.1582 8.0406 0.3907
v -0.0886 8.0346 0.3893
v -0.0278 8.0197 0.3879
v -0.0290 8.0215 0.4493
v -0.0292 8.0221 0.5125
v -0.0630 7.9335 -0.0166
v -0.0661 7.9246 -0.0333
v -0.0675 7.9158 -0.0461
v -0.0245 8.0005 0.5100
v -0.0250 7.9998 0.4465
v -0.0263 7.9972 0.3854
v -0.0584 7.9424 0.0048
v 0.0322 7.9687 0.8061
v -0.0296 7.9809 0.7543
v -0.0415 7.9618 0.0851
v -0.0464 7.9556 0.0570
v -0.0523 7.9496 0.0300
v -0.0190 7.9880 -0.0598
v -0.0420 7.9530 -0.0456
v -0.0377 7.9683 0.1151
v 0.0346 7.9745 0.1483
v 0.0322 7.9801 0.1858
v 0.0305 7.9850 0.2282
v 0.0291 7.9895 0.2756
v 0.0277 7.9936 0.3281
v 0.0344 7.9569 0.8523
v 0.0250 7.9988 0.5742
v 0.0351 7.9458 0.8926
v 0.0346 7.9353 0.9273
v 0.0261 7.9948 0.6373
v 0.0326 7.9254 0.9584
v 0.0276 7.9887 0.6978
v 0.2471 7.9459 0.2464
v 0.2530 7.9442 0.3196
v 0.1860 7.9568 0.2512
v 0.1893 7.9557 0.3191
v 0.2374 7.9479 0.1761
v 0.1804 7.9581 0.1866
v 0.2236 7.9501 0.1109
v 0.1719 7.9594 0.1274
v 0.2059 7.9521 0.0533
v 0.1600 7.9603 0.0756
v 0.1842 7.9536 0.0048
v 0.1445 7.9605 0.0324
v 0.1596 7.9544 -0.0355
v 0.1260 7.9599 -0.0034
v 0.1330 7.9542 -0.0693
v 0.1056 7.9584 -0.0337
v 0.0842 7.9558 -0.0606
v 0.1058 7.9525 -0.0981
v 0.0517 7.9461 -0.1428
v 0.0786 7.9496 -0.1229
v 0.0627 7.9523 -0.0852
v 0.0413 7.9487 -0.1059
v -0.0014 7.9420 -0.1607
v 0.0251 7.9432 -0.1560
v 0.0199 7.9458 -0.1202
v -0.0014 7.9447 -0.1254
v 0.1963 7.9113 0.9591
v 0.1994 7.9095 0.9916
v 0.1525 7.9231 0.9468
v 0.1477 7.9270 0.9746
v 0.2075 7.9185 0.9251
v 0.1595 7.9308 0.9131
v 0.2180 7.9251 0.8865
v 0.1663 7.9377 0.8750
v 0.2270 7.9305 0.8426
v 0.1723 7.9435 0.8310
v 0.2343 7.9345 0.7921
v 0.1774 7.9477 0.7801
v 0.2401 7.9373 0.7355
v 0.1815 7.9507 0.7228
v 0.2448 7.9391 0.6737
v 0.1849 7.9526 0.6606
v 0.2488 7.9404 0.6076
v 0.1876 7.9538 0.5949
v 0.2524 7.9412 0.5382
v 0.1896 7.9543 0.5270
v 0.2548 7.9420 0.4665
v 0.1908 7.9547 0.4579
v 0.2553 7.9429 0.3933
v 0.1908 7.9551 0.3883
v 0.0760 7.9492 0.2663
v 0.1249 7.9577 0.2586
v 0.1226 7.9576 0.2008
v 0.0753 7.9475 0.2142
v 0.1262 7.9579 0.3204
v 0.0763 7.9509 0.3231
v 0.0353 7.9387 0.3257
v 0.0353 7.9357 0.2724
v -0.0012 7.9339 0.2738
v -0.0012 7.9376 0.3260
v 0.0353 7.9325 0.2243
v -0.0013 7.9256 0.1856
v 0.0347 7.9290 0.1812
v 0.0333 7.9254 0.1431
v 0.0736 7.9454 0.1673
v 0.0702 7.9430 0.1262
v 0.1184 7.9573 0.1483
v 0.1117 7.9565 0.1025
v 0.0646 7.9403 0.0910
v 0.1019 7.9551 0.0641
v 0.0896 7.9532 0.0318
v 0.0571 7.9373 0.0602
v 0.0308 7.9216 0.1095
v 0.0272 7.9180 0.0791
v -0.0013 7.9123 0.0857
v 0.0230 7.9150 0.0504
v 0.0184 7.9129 0.0218
v -0.0013 7.9060 0.0286
v 0.0483 7.9344 0.0320
v 0.0388 7.9318 0.0047
v 0.0755 7.9507 0.0034
v 0.0605 7.9478 -0.0230
v 0.0289 7.9298 -0.0225
v 0.0451 7.9447 -0.0485
v 0.0297 7.9419 -0.0709
v 0.0189 7.9280 -0.0473
v 0.0135 7.9119 -0.0072
v 0.0086 7.9110 -0.0348
v -0.0014 7.9024 -0.0297
v -0.0014 7.9012 -0.0525
v 0.0036 7.9103 -0.0569
v -0.0014 7.9023 -0.0605
v 0.0088 7.9265 -0.0660
v -0.0014 7.9355 -0.0655
v 0.0141 7.9397 -0.0868
v -0.0014 7.9473 -0.0900
v 0.1017 7.9271 0.9624
v 0.1065 7.9236 0.9348
v 0.0670 7.9137 0.9265
v 0.0616 7.9158 0.9548
v 0.1100 7.9320 0.9010
v 0.0686 7.9230 0.8918
v 0.0256 7.8968 0.9495
v 0.0320 7.8963 0.9208
v -0.0008 7.8864 0.9204
v 0.0325 7.9067 0.8856
v -0.0008 7.8971 0.8855
v 0.0331 7.9166 0.8463
v 0.0337 7.9253 0.8021
v 0.0702 7.9317 0.8528
v 0.0718 7.9393 0.8085
v 0.1136 7.9398 0.8626
v 0.1169 7.9463 0.8185
v 0.1200 7.9513 0.7674
v 0.0735 7.9453 0.7577
v 0.1227 7.9549 0.7102
v 0.0751 7.9498 0.7013
v 0.0344 7.9323 0.7517
v -0.0010 7.9276 0.7518
v 0.0352 7.9378 0.6964
v -0.0010 7.9343 0.6968
v 0.0357 7.9416 0.6368
v 0.0360 7.9441 0.5739
v -0.0011 7.9434 0.5738
v 0.0764 7.9527 0.6406
v 0.0772 7.9544 0.5770
v 0.1249 7.9573 0.6484
v 0.1264 7.9586 0.5837
v 0.1272 7.9589 0.5175
v 0.1273 7.9587 0.4509
v 0.0771 7.9540 0.4473
v 0.0773 7.9547 0.5121
v 0.0360 7.9445 0.5098
v -0.0011 7.9444 0.5091
v 0.0357 7.9434 0.4459
v -0.0011 7.9432 0.4453
v 0.0355 7.9413 0.3840
v 0.0766 7.9526 0.3838
v 0.1270 7.9583 0.3849
v -0.2374 7.9479 0.1761
v -0.2236 7.9501 0.1109
v -0.2059 7.9521 0.0533
v -0.1719 7.9594 0.1274
v -0.1600 7.9603 0.0756
v -0.1804 7.9581 0.1866
v -0.2530 7.9442 0.3196
v -0.2471 7.9459 0.2464
v -0.1860 7.9568 0.2512
v -0.1893 7.9557 0.3191
v -0.1596 7.9544 -0.0355
v -0.1330 7.9542 -0.0693
v -0.1058 7.9525 -0.0981
v -0.1056 7.9584 -0.0337
v -0.0842 7.9558 -0.0606
v -0.1260 7.9599 -0.0034
v -0.1842 7.9536 0.0048
v -0.1445 7.9605 0.0324
v -0.0251 7.9432 -0.1560
v -0.0199 7.9458 -0.1202
v -0.0517 7.9461 -0.1428
v -0.0413 7.9487 -0.1059
v -0.0786 7.9496 -0.1229
v -0.0627 7.9523 -0.0852
v -0.2070 7.9185 0.9251
v -0.2176 7.9251 0.8865
v -0.2267 7.9305 0.8426
v -0.1661 7.9377 0.8750
v -0.1721 7.9435 0.8310
v -0.1593 7.9308 0.9131
v -0.1989 7.9095 0.9916
v -0.1959 7.9113 0.9591
v -0.1522 7.9231 0.9468
v -0.1474 7.9270 0.9746
v -0.2399 7.9373 0.7355
v -0.2447 7.9391 0.6737
v -0.2488 7.9404 0.6076
v -0.1849 7.9526 0.6606
v -0.1876 7.9538 0.5949
v -0.1815 7.9507 0.7228
v -0.2341 7.9345 0.7921
v -0.1773 7.9477 0.7801
v -0.2548 7.9420 0.4665
v -0.2553 7.9429 0.3933
v -0.1908 7.9551 0.3883
v -0.1908 7.9547 0.4579
v -0.2524 7.9412 0.5382
v -0.1896 7.9543 0.5270
v -0.1226 7.9576 0.2008
v -0.1249 7.9577 0.2586
v -0.0760 7.9492 0.2663
v -0.0753 7.9475 0.2142
v -0.1262 7.9579 0.3204
v -0.0763 7.9509 0.3231
v -0.1117 7.9565 0.1025
v -0.1184 7.9573 0.1483
v -0.0736 7.9454 0.1673
v -0.0702 7.9430 0.1262
v -0.0333 7.9254 0.1431
v -0.0347 7.9290 0.1812
v -0.0353 7.9325 0.2243
v -0.0353 7.9357 0.2724
v -0.0353 7.9387 0.3257
v -0.0896 7.9532 0.0318
v -0.1019 7.9551 0.0641
v -0.0646 7.9403 0.0910
v -0.0571 7.9373 0.0602
v -0.0605 7.9478 -0.0230
v -0.0755 7.9507 0.0034
v -0.0483 7.9344 0.0320
v -0.0388 7.9318 0.0047
v -0.0184 7.9129 0.0218
v -0.0230 7.9150 0.0504
v -0.0272 7.9180 0.0791
v -0.0308 7.9216 0.1095
v -0.0297 7.9419 -0.0709
v -0.0451 7.9447 -0.0485
v -0.0289 7.9298 -0.0225
v -0.0189 7.9280 -0.0473
v -0.0141 7.9397 -0.0868
v -0.0088 7.9265 -0.0660
v -0.0036 7.9103 -0.0569
v -0.0086 7.9110 -0.0348
v -0.0135 7.9119 -0.0072
v -0.0669 7.9137 0.9265
v -0.1063 7.9236 0.9348
v -0.1015 7.9271 0.9624
v -0.0614 7.9158 0.9548
v -0.1099 7.9320 0.9010
v -0.0685 7.9230 0.8918
v -0.0701 7.9317 0.8528
v -0.1135 7.9398 0.8626
v -0.1169 7.9463 0.8185
v -0.0718 7.9393 0.8085
v -0.0337 7.9253 0.8021
v -0.0330 7.9166 0.8463
v -0.0324 7.9067 0.8856
v -0.0318 7.8963 0.9208
v -0.0254 7.8968 0.9495
v -0.0735 7.9453 0.7577
v -0.1200 7.9513 0.7674
v -0.1227 7.9549 0.7102
v -0.0751 7.9498 0.7013
v -0.0764 7.9527 0.6406
v -0.1249 7.9573 0.6484
v -0.1264 7.9586 0.5837
v -0.0772 7.9544 0.5770
v -0.0360 7.9441 0.5739
v -0.0357 7.9416 0.6368
v -0.0352 7.9378 0.6964
v -0.0344 7.9323 0.7517
v -0.0771 7.9540 0.4473
v -0.1273 7.9587 0.4509
v -0.1272 7.9589 0.5175
v -0.0773 7.9547 0.5121
v -0.1270 7.9583 0.3849
v -0.0766 7.9526 0.3838
v -0.0355 7.9413 0.3840
v -0.0357 7.9434 0.4459
v -0.0360 7.9445 0.5098
v -0.0012 7.9408 0.3836
v -0.0014 7.9042 -0.0010
v -0.0009 7.9194 0.8024
v -0.0013 7.9087 0.0572
v -0.0014 7.9145 -0.0606
v -0.0013 7.9166 0.1157
v -0.0013 7.9212 0.1486
v -0.0012 7.9299 0.2272
v -0.0009 7.9089 0.8466
v -0.0010 7.9392 0.6377
v -0.0007 7.8827 0.9479
vt 0.7443 0.0388
vt 0.7200 0.0388
vt 0.7200 0.0038
vt 0.7443 0.0038
vt 0.7443 0.0737
vt 0.7200 0.0737
vt 0.7686 0.0737
vt 0.7686 0.0388
vt 0.7686 0.0038
vt 0.7181 0.0038
vt 0.7181 0.0388
vt 0.6938 0.0388
vt 0.6938 0.0038
vt 0.7181 0.0737
vt 0.6938 0.0737
vt 0.6957 0.0737
vt 0.6957 0.0388
vt 0.6957 0.0038
vt 0.7200 0.1087
vt 0.6957 0.1087
vt 0.7181 0.1087
vt 0.6937 0.1087
vt 0.7180 0.1438
vt 0.6937 0.1438
vt 0.7200 0.1438
vt 0.6956 0.1438
vt 0.7686 0.1087
vt 0.7443 0.1087
vt 0.7443 0.1438
vt 0.7686 0.1438
vt 0.8630 0.0388
vt 0.8394 0.0388
vt 0.8394 0.0038
vt 0.8630 0.0038
vt 0.8158 0.0388
vt 0.8158 0.0038
vt 0.8394 0.0737
vt 0.8158 0.0737
vt 0.8630 0.0737
vt 0.7922 0.0388
vt 0.7922 0.0038
vt 0.7922 0.0737
vt 0.8158 0.1087
vt 0.7922 0.1087
vt 0.7922 0.1438
vt 0.8158 0.1438
vt 0.8630 0.1087
vt 0.8394 0.1087
vt 0.8394 0.1438
vt 0.8630 0.1438
vt 0.9574 0.0038
vt 0.9574 0.0388
vt 0.9338 0.0388
vt 0.9338 0.0038
vt 0.9102 0.0388
vt 0.9102 0.0038
vt 0.9338 0.0737
vt 0.9102 0.0737
vt 0.9574 0.0737
vt 0.8866 0.0388
vt 0.8866 0.0038
vt 0.8866 0.0737
vt 0.9102 0.1087
vt 0.8866 0.1087
vt 0.8866 0.1438
vt 0.9102 0.1438
vt 0.9574 0.1087
vt 0.9338 0.1087
vt 0.9338 0.1438
vt 0.9574 0.1438
vt 0.7686 0.1788
vt 0.7443 0.1788
vt 0.7200 0.1788
vt 0.7443 0.2138
vt 0.7200 0.2138
vt 0.7686 0.2138
vt 0.6956 0.1788
vt 0.7180 0.1788
vt 0.6937 0.1788
vt 0.7180 0.2138
vt 0.6937 0.2138
vt 0.6956 0.2138
vt 0.7200 0.2487
vt 0.6956 0.2487
vt 0.7180 0.2487
vt 0.6937 0.2487
vt 0.7180 0.2837
vt 0.6937 0.2837
vt 0.7200 0.2837
vt 0.6956 0.2837
vt 0.7686 0.2487
vt 0.7443 0.2487
vt 0.7443 0.2837
vt 0.7686 0.2837
vt 0.8630 0.1788
vt 0.8394 0.1788
vt 0.8158 0.1788
vt 0.8394 0.2138
vt 0.8158 0.2138
vt 0.8630 0.2138
vt 0.7922 0.1788
vt 0.7922 0.2138
vt 0.8158 0.2487
vt 0.7922 0.2487
vt 0.7922 0.2837
vt 0.8158 0.2837
vt 0.8630 0.2487
vt 0.8394 0.2487
vt 0.8394 0.2837
vt 0.8630 0.2837
vt 0.9574 0.1788
vt 0.9338 0.1788
vt 0.9102 0.1788
vt 0.9338 0.2138
vt 0.9102 0.2138
vt 0.9574 0.2138
vt 0.8866 0.1788
vt 0.8866 0.2138
vt 0.9102 0.2487
vt 0.8866 0.2487
vt 0.8866 0.2837
vt 0.9102 0.2837
vt 0.9574 0.2487
vt 0.9338 0.2487
vt 0.9338 0.2837
vt 0.9574 0.2837
vt 0.7443 0.3186
vt 0.7200 0.3186
vt 0.7443 0.3536
vt 0.7200 0.3536
vt 0.7686 0.3536
vt 0.7686 0.3186
vt 0.6956 0.3186
vt 0.7180 0.3186
vt 0.6937 0.3186
vt 0.7180 0.3536
vt 0.6937 0.3536
vt 0.6956 0.3536
vt 0.7200 0.3887
vt 0.6956 0.3887
vt 0.7180 0.3887
vt 0.6937 0.3887
vt 0.7180 0.4237
vt 0.6937 0.4237
vt 0.7200 0.4237
vt 0.6956 0.4237
vt 0.7686 0.3887
vt 0.7443 0.3887
vt 0.7443 0.4237
vt 0.7686 0.4237
vt 0.8394 0.3186
vt 0.8158 0.3186
vt 0.8394 0.3536
vt 0.8158 0.3536
vt 0.8630 0.3536
vt 0.8630 0.3186
vt 0.7922 0.3186
vt 0.7922 0.3536
vt 0.8158 0.3887
vt 0.7922 0.3887
vt 0.7922 0.4237
vt 0.8158 0.4237
vt 0.8630 0.3887
vt 0.8394 0.3887
vt 0.8394 0.4237
vt 0.8630 0.4237
vt 0.9338 0.3186
vt 0.9102 0.3186
vt 0.9338 0.3536
vt 0.9102 0.3536
vt 0.9574 0.3536
vt 0.9574 0.3186
vt 0.8866 0.3186
vt 0.8866 0.3536
vt 0.9102 0.3887
vt 0.8866 0.3887
vt 0.8866 0.4237
vt 0.9102 0.4237
vt 0.9574 0.3887
vt 0.9338 0.3887
vt 0.9338 0.4237
vt 0.9574 0.4237
vt 0.7686 0.4587
vt 0.7443 0.4587
vt 0.7200 0.4587
vt 0.7443 0.4936
vt 0.7200 0.4936
vt 0.7686 0.4936
vt 0.6957 0.4587
vt 0.7181 0.4587
vt 0.6937 0.4587
vt 0.7181 0.4936
vt 0.6938 0.4936
vt 0.6957 0.4936
vt 0.7200 0.5286
vt 0.6957 0.5286
vt 0.7181 0.5286
vt 0.6938 0.5286
vt 0.7181 0.5636
vt 0.6938 0.5636
vt 0.7200 0.5636
vt 0.6957 0.5636
vt 0.7686 0.5286
vt 0.7443 0.5286
vt 0.7443 0.5636
vt 0.7686 0.5636
vt 0.8394 0.4587
vt 0.8158 0.4587
vt 0.8394 0.4936
vt 0.8158 0.4936
vt 0.8630 0.4936
vt 0.8630 0.4587
vt 0.7922 0.4587
vt 0.7922 0.4936
vt 0.8158 0.5286
vt 0.7922 0.5286
vt 0.7922 0.5636
vt 0.8158 0.5636
vt 0.8630 0.5286
vt 0.8394 0.5286
vt 0.8394 0.5636
vt 0.8630 0.5636
vt 0.9574 0.4587
vt 0.9338 0.4587
vt 0.9102 0.4587
vt 0.9338 0.4936
vt 0.9102 0.4936
vt 0.9574 0.4936
vt 0.8866 0.4587
vt 0.8866 0.4936
vt 0.9102 0.5286
vt 0.8866 0.5286
vt 0.8866 0.5636
vt 0.9102 0.5636
vt 0.9574 0.5286
vt 0.9338 0.5286
vt 0.9338 0.5636
vt 0.9574 0.5636
vt 0.7443 0.5987
vt 0.7200 0.5987
vt 0.7443 0.6336
vt 0.7201 0.6336
vt 0.7686 0.6336
vt 0.7686 0.5987
vt 0.6957 0.5987
vt 0.7181 0.5987
vt 0.6939 0.5987
vt 0.7182 0.6336
vt 0.6939 0.6336
vt 0.6958 0.6336
vt 0.6958 0.6686
vt 0.7201 0.6686
vt 0.7201 0.7036
vt 0.6958 0.7036
vt 0.7182 0.6686
vt 0.6939 0.6686
vt 0.6940 0.7036
vt 0.7182 0.7036
vt 0.7686 0.6686
vt 0.7444 0.6686
vt 0.7444 0.7036
vt 0.7686 0.7036
vt 0.8630 0.5987
vt 0.8394 0.5987
vt 0.8158 0.5987
vt 0.8394 0.6336
vt 0.8158 0.6336
vt 0.8630 0.6336
vt 0.7922 0.5987
vt 0.7922 0.6336
vt 0.7922 0.6686
vt 0.8158 0.6686
vt 0.8158 0.7036
vt 0.7922 0.7036
vt 0.8394 0.6686
vt 0.8630 0.6686
vt 0.8394 0.7036
vt 0.8630 0.7036
vt 0.9574 0.5987
vt 0.9338 0.5987
vt 0.9102 0.5987
vt 0.9338 0.6336
vt 0.9102 0.6336
vt 0.9574 0.6336
vt 0.8866 0.5987
vt 0.8866 0.6336
vt 0.9102 0.6686
vt 0.8866 0.6686
vt 0.8866 0.7036
vt 0.9102 0.7036
vt 0.9574 0.6686
vt 0.9338 0.6686
vt 0.9338 0.7036
vt 0.9574 0.7036
vt 0.7444 0.7735
vt 0.7444 0.7385
vt 0.7686 0.7385
vt 0.7686 0.7735
vt 0.7201 0.7385
vt 0.7201 0.7735
vt 0.6940 0.7385
vt 0.7183 0.7385
vt 0.7183 0.7735
vt 0.6941 0.7735
vt 0.6959 0.7385
vt 0.6959 0.7735
vt 0.6941 0.8086
vt 0.7183 0.8086
vt 0.7184 0.8436
vt 0.6942 0.8436
vt 0.6960 0.8436
vt 0.6959 0.8086
vt 0.7202 0.8086
vt 0.7202 0.8436
vt 0.7444 0.8436
vt 0.7444 0.8086
vt 0.7686 0.8086
vt 0.7686 0.8436
vt 0.8394 0.7735
vt 0.8394 0.7385
vt 0.8630 0.7385
vt 0.8630 0.7735
vt 0.8158 0.7385
vt 0.8158 0.7735
vt 0.7922 0.7385
vt 0.7922 0.7735
vt 0.7922 0.8086
vt 0.7922 0.8436
vt 0.8158 0.8086
vt 0.8158 0.8436
vt 0.8394 0.8436
vt 0.8394 0.8086
vt 0.8630 0.8086
vt 0.8630 0.8436
vt 0.9338 0.7735
vt 0.9338 0.7385
vt 0.9574 0.7385
vt 0.9574 0.7735
vt 0.9102 0.7385
vt 0.9102 0.7735
vt 0.8866 0.7735
vt 0.8866 0.7385
vt 0.8866 0.8086
vt 0.8866 0.8436
vt 0.9102 0.8086
vt 0.9102 0.8436
vt 0.9338 0.8436
vt 0.9338 0.8086
vt 0.9574 0.8086
vt 0.9574 0.8436
vt 0.8158 0.8785
vt 0.8394 0.8785
vt 0.8394 0.9134
vt 0.8158 0.9134
vt 0.8630 0.8785
vt 0.8630 0.9134
vt 0.7686 0.8785
vt 0.7922 0.8785
vt 0.7922 0.9134
vt 0.7686 0.9134
vt 0.7686 0.9483
vt 0.7922 0.9483
vt 0.7922 0.9833
vt 0.7686 0.9833
vt 0.8158 0.9483
vt 0.7922 0.9483
vt 0.8630 0.9483
vt 0.8394 0.9483
vt 0.8394 0.9833
vt 0.8158 0.9833
vt 0.9102 0.8785
vt 0.9338 0.8785
vt 0.9338 0.9135
vt 0.9102 0.9135
vt 0.9574 0.8785
vt 0.9574 0.9135
vt 0.8866 0.8785
vt 0.8866 0.9135
vt 0.8866 0.9833
vt 0.8866 0.9483
vt 0.9102 0.9485
vt 0.9102 0.9834
vt 0.9338 0.9834
vt 0.9338 0.9485
vt 0.9574 0.9485
vt 0.9574 0.9834
vt 0.7200 0.0038
vt 0.7200 0.0388
vt 0.7443 0.0388
vt 0.7443 0.0038
vt 0.7686 0.0388
vt 0.7686 0.0038
vt 0.7443 0.0737
vt 0.7686 0.0737
vt 0.7200 0.0737
vt 0.7443 0.1087
vt 0.7686 0.1087
vt 0.7443 0.1438
vt 0.7686 0.1438
vt 0.7200 0.1087
vt 0.7200 0.1438
vt 0.6957 0.0737
vt 0.6957 0.1087
vt 0.6956 0.1438
vt 0.7427 0.1087
vt 0.7427 0.1438
vt 0.7670 0.1438
vt 0.7671 0.1087
vt 0.7428 0.0737
vt 0.7671 0.0737
vt 0.7428 0.0388
vt 0.7671 0.0388
vt 0.7671 0.0038
vt 0.7428 0.0038
vt 0.6957 0.0038
vt 0.6957 0.0388
vt 0.8394 0.0038
vt 0.8394 0.0388
vt 0.8630 0.0388
vt 0.8630 0.0038
vt 0.8394 0.0737
vt 0.8630 0.0737
vt 0.8158 0.0388
vt 0.8158 0.0737
vt 0.8158 0.0038
vt 0.8394 0.1087
vt 0.8630 0.1087
vt 0.8394 0.1438
vt 0.8630 0.1438
vt 0.8158 0.1087
vt 0.8158 0.1438
vt 0.7922 0.0737
vt 0.7922 0.1087
vt 0.7922 0.1438
vt 0.7922 0.0038
vt 0.7922 0.0388
vt 0.9338 0.0388
vt 0.9574 0.0388
vt 0.9574 0.0038
vt 0.9338 0.0038
vt 0.9338 0.0737
vt 0.9574 0.0737
vt 0.9102 0.0388
vt 0.9102 0.0737
vt 0.9102 0.0038
vt 0.9338 0.1087
vt 0.9574 0.1087
vt 0.9338 0.1438
vt 0.9574 0.1438
vt 0.9102 0.1087
vt 0.9102 0.1438
vt 0.8866 0.0737
vt 0.8866 0.1087
vt 0.8866 0.1438
vt 0.8866 0.0038
vt 0.8866 0.0388
vt 0.7443 0.1788
vt 0.7686 0.1788
vt 0.7443 0.2138
vt 0.7686 0.2138
vt 0.7200 0.1788
vt 0.7200 0.2138
vt 0.7443 0.2487
vt 0.7686 0.2487
vt 0.7443 0.2837
vt 0.7686 0.2837
vt 0.7200 0.2487
vt 0.7200 0.2837
vt 0.6956 0.2487
vt 0.6956 0.2138
vt 0.6956 0.2837
vt 0.7427 0.2487
vt 0.7427 0.2837
vt 0.7670 0.2837
vt 0.7670 0.2487
vt 0.7427 0.2138
vt 0.7670 0.2138
vt 0.6956 0.1788
vt 0.7427 0.1788
vt 0.7670 0.1788
vt 0.8394 0.1788
vt 0.8630 0.1788
vt 0.8394 0.2138
vt 0.8630 0.2138
vt 0.8158 0.1788
vt 0.8158 0.2138
vt 0.8394 0.2487
vt 0.8630 0.2487
vt 0.8394 0.2837
vt 0.8630 0.2837
vt 0.8158 0.2487
vt 0.8158 0.2837
vt 0.7922 0.2487
vt 0.7922 0.2138
vt 0.7922 0.2837
vt 0.7922 0.1788
vt 0.9338 0.1788
vt 0.9574 0.1788
vt 0.9338 0.2138
vt 0.9574 0.2138
vt 0.9102 0.1788
vt 0.9102 0.2138
vt 0.9338 0.2487
vt 0.9574 0.2487
vt 0.9338 0.2837
vt 0.9574 0.2837
vt 0.9102 0.2487
vt 0.9102 0.2837
vt 0.8866 0.2138
vt 0.8866 0.2487
vt 0.8866 0.2837
vt 0.8866 0.1788
vt 0.7200 0.3186
vt 0.7443 0.3186
vt 0.7686 0.3186
vt 0.7443 0.3536
vt 0.7686 0.3536
vt 0.7200 0.3536
vt 0.7443 0.3887
vt 0.7686 0.3887
vt 0.7443 0.4237
vt 0.7686 0.4237
vt 0.7200 0.3887
vt 0.7200 0.4237
vt 0.6956 0.3887
vt 0.6956 0.3536
vt 0.6956 0.4237
vt 0.7427 0.3887
vt 0.7427 0.4237
vt 0.7670 0.4237
vt 0.7670 0.3887
vt 0.7427 0.3536
vt 0.7670 0.3536
vt 0.6956 0.3186
vt 0.7427 0.3186
vt 0.7670 0.3186
vt 0.8158 0.3186
vt 0.8394 0.3186
vt 0.8630 0.3186
vt 0.8394 0.3536
vt 0.8630 0.3536
vt 0.8158 0.3536
vt 0.8394 0.3887
vt 0.8630 0.3887
vt 0.8394 0.4237
vt 0.8630 0.4237
vt 0.8158 0.3887
vt 0.8158 0.4237
vt 0.7922 0.3887
vt 0.7922 0.3536
vt 0.7922 0.4237
vt 0.7922 0.3186
vt 0.9102 0.3186
vt 0.9338 0.3186
vt 0.9574 0.3186
vt 0.9338 0.3536
vt 0.9574 0.3536
vt 0.9102 0.3536
vt 0.9338 0.3887
vt 0.9574 0.3887
vt 0.9338 0.4237
vt 0.9574 0.4237
vt 0.9102 0.3887
vt 0.9102 0.4237
vt 0.8866 0.3887
vt 0.8866 0.3536
vt 0.8866 0.4237
vt 0.8866 0.3186
vt 0.7443 0.4587
vt 0.7686 0.4587
vt 0.7443 0.4936
vt 0.7686 0.4936
vt 0.7200 0.4587
vt 0.7200 0.4936
vt 0.7443 0.5286
vt 0.7686 0.5286
vt 0.7443 0.5636
vt 0.7686 0.5636
vt 0.7200 0.5286
vt 0.7200 0.5636
vt 0.6957 0.4936
vt 0.6957 0.5286
vt 0.6957 0.5636
vt 0.7428 0.5286
vt 0.7428 0.5636
vt 0.7671 0.5636
vt 0.7671 0.5286
vt 0.7428 0.4936
vt 0.7671 0.4936
vt 0.6957 0.4587
vt 0.7427 0.4587
vt 0.7671 0.4587
vt 0.8158 0.4587
vt 0.8394 0.4587
vt 0.8630 0.4587
vt 0.8394 0.4936
vt 0.8630 0.4936
vt 0.8158 0.4936
vt 0.8394 0.5286
vt 0.8630 0.5286
vt 0.8394 0.5636
vt 0.8630 0.5636
vt 0.8158 0.5286
vt 0.8158 0.5636
vt 0.7922 0.5286
vt 0.7922 0.4936
vt 0.7922 0.5636
vt 0.7922 0.4587
vt 0.9338 0.4587
vt 0.9574 0.4587
vt 0.9338 0.4936
vt 0.9574 0.4936
vt 0.9102 0.4587
vt 0.9102 0.4936
vt 0.9338 0.5286
vt 0.9574 0.5286
vt 0.9338 0.5636
vt 0.9574 0.5636
vt 0.9102 0.5286
vt 0.9102 0.5636
vt 0.8866 0.4936
vt 0.8866 0.5286
vt 0.8866 0.5636
vt 0.8866 0.4587
vt 0.7200 0.5987
vt 0.7443 0.5987
vt 0.7686 0.5987
vt 0.7443 0.6336
vt 0.7686 0.6336
vt 0.7201 0.6336
vt 0.7444 0.6686
vt 0.7686 0.6686
vt 0.7686 0.7036
vt 0.7444 0.7036
vt 0.7201 0.6686
vt 0.7201 0.7036
vt 0.6958 0.6686
vt 0.6958 0.7036
vt 0.7672 0.6686
vt 0.7429 0.6686
vt 0.7430 0.7036
vt 0.7672 0.7036
vt 0.7429 0.6336
vt 0.7672 0.6336
vt 0.6958 0.6336
vt 0.6957 0.5987
vt 0.7429 0.5987
vt 0.7671 0.5987
vt 0.8394 0.5987
vt 0.8630 0.5987
vt 0.8394 0.6336
vt 0.8630 0.6336
vt 0.8158 0.5987
vt 0.8158 0.6336
vt 0.8394 0.6686
vt 0.8630 0.6686
vt 0.8630 0.7036
vt 0.8394 0.7036
vt 0.8158 0.6686
vt 0.8158 0.7036
vt 0.7922 0.6686
vt 0.7922 0.7036
vt 0.7922 0.6336
vt 0.7922 0.5987
vt 0.9338 0.5987
vt 0.9574 0.5987
vt 0.9338 0.6336
vt 0.9574 0.6336
vt 0.9102 0.5987
vt 0.9102 0.6336
vt 0.9338 0.6686
vt 0.9574 0.6686
vt 0.9338 0.7036
vt 0.9574 0.7036
vt 0.9102 0.6686
vt 0.9102 0.7036
vt 0.8866 0.6336
vt 0.8866 0.6686
vt 0.8866 0.7036
vt 0.8866 0.5987
vt 0.7686 0.7385
vt 0.7444 0.7385
vt 0.7444 0.7735
vt 0.7686 0.7735
vt 0.7201 0.7385
vt 0.7201 0.7735
vt 0.7686 0.8086
vt 0.7444 0.8086
vt 0.7444 0.8436
vt 0.7686 0.8436
vt 0.7202 0.8086
vt 0.7202 0.8436
vt 0.7674 0.8436
vt 0.7673 0.8086
vt 0.7431 0.8086
vt 0.7432 0.8436
vt 0.7673 0.7735
vt 0.7431 0.7735
vt 0.6959 0.7735
vt 0.6959 0.8086
vt 0.6960 0.8436
vt 0.7673 0.7385
vt 0.7430 0.7385
vt 0.6959 0.7385
vt 0.8630 0.7385
vt 0.8394 0.7385
vt 0.8394 0.7735
vt 0.8630 0.7735
vt 0.8158 0.7385
vt 0.8158 0.7735
vt 0.8630 0.8086
vt 0.8394 0.8086
vt 0.8394 0.8436
vt 0.8630 0.8436
vt 0.8158 0.8086
vt 0.8158 0.8436
vt 0.7922 0.8436
vt 0.7922 0.8086
vt 0.7922 0.7735
vt 0.7922 0.7385
vt 0.9574 0.7385
vt 0.9338 0.7385
vt 0.9338 0.7735
vt 0.9574 0.7735
vt 0.9102 0.7385
vt 0.9102 0.7735
vt 0.9574 0.8086
vt 0.9338 0.8086
vt 0.9338 0.8436
vt 0.9574 0.8436
vt 0.9102 0.8086
vt 0.9102 0.8436
vt 0.8866 0.8436
vt 0.8866 0.8086
vt 0.8866 0.7735
vt 0.8866 0.7385
vt 0.8394 0.9134
vt 0.8394 0.8785
vt 0.8158 0.8785
vt 0.8158 0.9134
vt 0.8630 0.8785
vt 0.8630 0.9134
vt 0.8630 0.9483
vt 0.7922 0.9134
vt 0.7686 0.9134
vt 0.7922 0.8785
vt 0.7686 0.8785
vt 0.9338 0.9135
vt 0.9338 0.8785
vt 0.9102 0.8785
vt 0.9102 0.9135
vt 0.9574 0.8785
vt 0.9574 0.9135
vt 0.8866 0.9483
vt 0.8866 0.9135
vt 0.8866 0.8785
vt 0.7443 0.5987
vt 0.7443 0.5636
vt 0.7200 0.5636
vt 0.7200 0.5987
vt 0.7443 0.6336
vt 0.7201 0.6336
vt 0.7686 0.6336
vt 0.7686 0.5987
vt 0.7686 0.5636
vt 0.6957 0.5636
vt 0.6957 0.5987
vt 0.7181 0.5987
vt 0.7181 0.5636
vt 0.6938 0.5636
vt 0.6939 0.5987
vt 0.7182 0.6336
vt 0.6939 0.6336
vt 0.6958 0.6336
vt 0.6958 0.6686
vt 0.6958 0.7036
vt 0.7201 0.7036
vt 0.7201 0.6686
vt 0.7182 0.6686
vt 0.6939 0.6686
vt 0.6940 0.7036
vt 0.7182 0.7036
vt 0.7444 0.6686
vt 0.7686 0.6686
vt 0.7444 0.7036
vt 0.7686 0.7036
vt 0.8630 0.5987
vt 0.8630 0.5636
vt 0.8394 0.5636
vt 0.8394 0.5987
vt 0.8158 0.5636
vt 0.8158 0.5987
vt 0.8394 0.6336
vt 0.8158 0.6336
vt 0.8630 0.6336
vt 0.7922 0.5636
vt 0.7922 0.5987
vt 0.7922 0.6336
vt 0.7922 0.6686
vt 0.7922 0.7036
vt 0.8158 0.7036
vt 0.8158 0.6686
vt 0.8394 0.6686
vt 0.8630 0.6686
vt 0.8394 0.7036
vt 0.8630 0.7036
vt 0.9574 0.5987
vt 0.9574 0.5636
vt 0.9338 0.5636
vt 0.9338 0.5987
vt 0.9102 0.5636
vt 0.9102 0.5987
vt 0.9338 0.6336
vt 0.9102 0.6336
vt 0.9574 0.6336
vt 0.8866 0.5636
vt 0.8866 0.5987
vt 0.8866 0.6336
vt 0.9102 0.6686
vt 0.8866 0.6686
vt 0.8866 0.7036
vt 0.9102 0.7036
vt 0.9574 0.6686
vt 0.9338 0.6686
vt 0.9338 0.7036
vt 0.9574 0.7036
vt 0.7444 0.7735
vt 0.7686 0.7735
vt 0.7686 0.7385
vt 0.7444 0.7385
vt 0.7201 0.7385
vt 0.7201 0.7735
vt 0.6940 0.7385
vt 0.6941 0.7735
vt 0.7183 0.7735
vt 0.7183 0.7385
vt 0.6959 0.7385
vt 0.6959 0.7735
vt 0.6941 0.8086
vt 0.6942 0.8436
vt 0.7184 0.8436
vt 0.7183 0.8086
vt 0.6960 0.8436
vt 0.7202 0.8436
vt 0.7202 0.8086
vt 0.6959 0.8086
vt 0.7444 0.8436
vt 0.7686 0.8436
vt 0.7686 0.8086
vt 0.7444 0.8086
vt 0.8394 0.7735
vt 0.8630 0.7735
vt 0.8630 0.7385
vt 0.8394 0.7385
vt 0.8158 0.7385
vt 0.8158 0.7735
vt 0.7922 0.7385
vt 0.7922 0.7735
vt 0.7922 0.8436
vt 0.7922 0.8086
vt 0.8158 0.8436
vt 0.8158 0.8086
vt 0.8394 0.8436
vt 0.8630 0.8436
vt 0.8630 0.8086
vt 0.8394 0.8086
vt 0.9338 0.7735
vt 0.9574 0.7735
vt 0.9574 0.7385
vt 0.9338 0.7385
vt 0.9102 0.7385
vt 0.9102 0.7735
vt 0.8866 0.7735
vt 0.8866 0.7385
vt 0.8866 0.8436
vt 0.8866 0.8086
vt 0.9102 0.8436
vt 0.9102 0.8086
vt 0.9338 0.8436
vt 0.9574 0.8436
vt 0.9574 0.8086
vt 0.9338 0.8086
vt 0.8158 0.8785
vt 0.8158 0.9134
vt 0.8394 0.9134
vt 0.8394 0.8785
vt 0.8630 0.9134
vt 0.8630 0.8785
vt 0.7686 0.8785
vt 0.7686 0.9134
vt 0.7922 0.9134
vt 0.7922 0.8785
vt 0.7686 0.9483
vt 0.7686 0.9833
vt 0.7922 0.9833
vt 0.7922 0.9483
vt 0.7922 0.9483
vt 0.8158 0.9483
vt 0.8394 0.9833
vt 0.8630 0.9833
vt 0.8630 0.9483
vt 0.8394 0.9483
vt 0.8158 0.9833
vt 0.9102 0.8785
vt 0.9102 0.9135
vt 0.9338 0.9135
vt 0.9338 0.8785
vt 0.9574 0.9135
vt 0.9574 0.8785
vt 0.8866 0.9135
vt 0.8866 0.8785
vt 0.8866 0.9483
vt 0.9102 0.9485
vt 0.9338 0.9834
vt 0.9574 0.9834
vt 0.9574 0.9485
vt 0.9338 0.9485
vt 0.7200 0.5636
vt 0.7443 0.5636
vt 0.7443 0.5987
vt 0.7200 0.5987
vt 0.7686 0.5636
vt 0.7686 0.5987
vt 0.7686 0.6336
vt 0.7443 0.6336
vt 0.7201 0.6336
vt 0.7444 0.6686
vt 0.7686 0.6686
vt 0.7686 0.7036
vt 0.7444 0.7036
vt 0.7201 0.7036
vt 0.7201 0.6686
vt 0.6958 0.7036
vt 0.6958 0.6686
vt 0.7672 0.6686
vt 0.7672 0.7036
vt 0.7430 0.7036
vt 0.7429 0.6686
vt 0.7429 0.6336
vt 0.7672 0.6336
vt 0.6958 0.6336
vt 0.6957 0.5987
vt 0.6957 0.5636
vt 0.7429 0.5987
vt 0.7671 0.5987
vt 0.7428 0.5636
vt 0.7671 0.5636
vt 0.8394 0.5636
vt 0.8630 0.5636
vt 0.8630 0.5987
vt 0.8394 0.5987
vt 0.8630 0.6336
vt 0.8394 0.6336
vt 0.8158 0.5987
vt 0.8158 0.6336
vt 0.8158 0.5636
vt 0.8630 0.6686
vt 0.8394 0.6686
vt 0.8630 0.7036
vt 0.8394 0.7036
vt 0.8158 0.7036
vt 0.8158 0.6686
vt 0.7922 0.7036
vt 0.7922 0.6686
vt 0.7922 0.6336
vt 0.7922 0.5636
vt 0.7922 0.5987
vt 0.9338 0.5636
vt 0.9574 0.5636
vt 0.9574 0.5987
vt 0.9338 0.5987
vt 0.9574 0.6336
vt 0.9338 0.6336
vt 0.9102 0.5987
vt 0.9102 0.6336
vt 0.9102 0.5636
vt 0.9574 0.6686
vt 0.9338 0.6686
vt 0.9574 0.7036
vt 0.9338 0.7036
vt 0.9102 0.7036
vt 0.9102 0.6686
vt 0.8866 0.6336
vt 0.8866 0.6686
vt 0.8866 0.7036
vt 0.8866 0.5636
vt 0.8866 0.5987
vt 0.7686 0.7385
vt 0.7686 0.7735
vt 0.7444 0.7735
vt 0.7444 0.7385
vt 0.7201 0.7735
vt 0.7201 0.7385
vt 0.7686 0.8086
vt 0.7686 0.8436
vt 0.7444 0.8436
vt 0.7444 0.8086
vt 0.7202 0.8436
vt 0.7202 0.8086
vt 0.7674 0.8436
vt 0.7432 0.8436
vt 0.7431 0.8086
vt 0.7673 0.8086
vt 0.7431 0.7735
vt 0.7673 0.7735
vt 0.6959 0.8086
vt 0.6959 0.7735
vt 0.6960 0.8436
vt 0.7430 0.7385
vt 0.7673 0.7385
vt 0.6959 0.7385
vt 0.8630 0.7385
vt 0.8630 0.7735
vt 0.8394 0.7735
vt 0.8394 0.7385
vt 0.8158 0.7735
vt 0.8158 0.7385
vt 0.8630 0.8086
vt 0.8630 0.8436
vt 0.8394 0.8436
vt 0.8394 0.8086
vt 0.8158 0.8436
vt 0.8158 0.8086
vt 0.7922 0.8436
vt 0.7922 0.8086
vt 0.7922 0.7735
vt 0.7922 0.7385
vt 0.9574 0.7385
vt 0.9574 0.7735
vt 0.9338 0.7735
vt 0.9338 0.7385
vt 0.9102 0.7735
vt 0.9102 0.7385
vt 0.9574 0.8086
vt 0.9574 0.8436
vt 0.9338 0.8436
vt 0.9338 0.8086
vt 0.9102 0.8436
vt 0.9102 0.8086
vt 0.8866 0.8436
vt 0.8866 0.8086
vt 0.8866 0.7735
vt 0.8866 0.7385
vt 0.8394 0.9134
vt 0.8158 0.9134
vt 0.8158 0.8785
vt 0.8394 0.8785
vt 0.8630 0.8785
vt 0.8630 0.9134
vt 0.7686 0.9134
vt 0.7922 0.9134
vt 0.7686 0.8785
vt 0.7922 0.8785
vt 0.9338 0.9135
vt 0.9102 0.9135
vt 0.9102 0.8785
vt 0.9338 0.8785
vt 0.9574 0.8785
vt 0.9574 0.9135
vt 0.9338 0.9485
vt 0.9102 0.9485
vt 0.8866 0.9483
vt 0.8866 0.9135
vt 0.8866 0.8785
vt 0.3625 0.0038
vt 0.3625 0.0389
vt 0.3388 0.0389
vt 0.3387 0.0038
vt 0.3626 0.0739
vt 0.3389 0.0739
vt 0.2966 0.0389
vt 0.2967 0.0739
vt 0.2730 0.0739
vt 0.2729 0.0389
vt 0.2966 0.0038
vt 0.2729 0.0038
vt 0.3626 0.1090
vt 0.3390 0.1090
vt 0.3627 0.1441
vt 0.3391 0.1441
vt 0.2967 0.1090
vt 0.2967 0.1441
vt 0.2731 0.1441
vt 0.2730 0.1090
vt 0.4099 0.0739
vt 0.4099 0.1090
vt 0.3863 0.1090
vt 0.3863 0.0739
vt 0.4100 0.1441
vt 0.3863 0.1441
vt 0.3328 0.1090
vt 0.3328 0.1441
vt 0.3092 0.1441
vt 0.3091 0.1090
vt 0.3328 0.0739
vt 0.3091 0.0739
vt 0.4099 0.0038
vt 0.4099 0.0389
vt 0.3862 0.0389
vt 0.3862 0.0038
vt 0.3328 0.0389
vt 0.3091 0.0389
vt 0.3328 0.0038
vt 0.3091 0.0038
vt 0.4573 0.0038
vt 0.4573 0.0389
vt 0.4336 0.0389
vt 0.4336 0.0038
vt 0.4573 0.0739
vt 0.4336 0.0739
vt 0.4809 0.0389
vt 0.4809 0.0739
vt 0.4809 0.0038
vt 0.4573 0.1090
vt 0.4336 0.1090
vt 0.4573 0.1441
vt 0.4336 0.1441
vt 0.4809 0.1090
vt 0.4809 0.1441
vt 0.5046 0.0739
vt 0.5046 0.1090
vt 0.5046 0.1441
vt 0.5283 0.1090
vt 0.5283 0.1441
vt 0.5283 0.0739
vt 0.5046 0.0038
vt 0.5046 0.0389
vt 0.5283 0.0389
vt 0.5283 0.0038
vt 0.5519 0.0038
vt 0.5519 0.0389
vt 0.5519 0.0739
vt 0.5322 0.0389
vt 0.5322 0.0739
vt 0.5085 0.0739
vt 0.5085 0.0389
vt 0.5322 0.0038
vt 0.5085 0.0038
vt 0.5519 0.1090
vt 0.5519 0.1441
vt 0.5322 0.1090
vt 0.5322 0.1441
vt 0.5085 0.1441
vt 0.5085 0.1090
vt 0.5377 0.0739
vt 0.5377 0.1090
vt 0.5140 0.1090
vt 0.5140 0.0739
vt 0.5377 0.1441
vt 0.5140 0.1441
vt 0.5627 0.1090
vt 0.5627 0.1441
vt 0.5391 0.1441
vt 0.5391 0.1090
vt 0.5391 0.0739
vt 0.5627 0.0739
vt 0.5377 0.0038
vt 0.5377 0.0389
vt 0.5140 0.0389
vt 0.5140 0.0038
vt 0.5627 0.0389
vt 0.5391 0.0389
vt 0.5627 0.0038
vt 0.5391 0.0038
vt 0.0786 0.0389
vt 0.0549 0.0389
vt 0.0549 0.0038
vt 0.0786 0.0038
vt 0.0786 0.0739
vt 0.0549 0.0739
vt 0.1023 0.0389
vt 0.1023 0.0739
vt 0.1023 0.0038
vt 0.0786 0.1090
vt 0.0549 0.1090
vt 0.0786 0.1441
vt 0.0549 0.1441
vt 0.1023 0.1090
vt 0.1023 0.1441
vt 0.1259 0.0739
vt 0.1259 0.1090
vt 0.1259 0.1441
vt 0.1496 0.1090
vt 0.1496 0.1441
vt 0.1496 0.0739
vt 0.1259 0.0038
vt 0.1259 0.0389
vt 0.1496 0.0389
vt 0.1496 0.0038
vt 0.1733 0.0038
vt 0.1733 0.0389
vt 0.1733 0.0739
vt 0.1969 0.0389
vt 0.1969 0.0739
vt 0.1969 0.0038
vt 0.1733 0.1090
vt 0.1733 0.1441
vt 0.1969 0.1090
vt 0.1969 0.1441
vt 0.2206 0.0739
vt 0.2206 0.1090
vt 0.2206 0.1441
vt 0.2443 0.1090
vt 0.2443 0.1441
vt 0.2443 0.0739
vt 0.2206 0.0038
vt 0.2206 0.0389
vt 0.2443 0.0389
vt 0.2443 0.0038
vt 0.2679 0.0038
vt 0.2679 0.0389
vt 0.2679 0.0739
vt 0.2915 0.0389
vt 0.2916 0.0739
vt 0.2915 0.0038
vt 0.2679 0.1090
vt 0.2680 0.1441
vt 0.2916 0.1090
vt 0.2917 0.1441
vt 0.3153 0.0739
vt 0.3153 0.1090
vt 0.3154 0.1441
vt 0.3151 0.0038
vt 0.3152 0.0389
vt 0.2967 0.1792
vt 0.2731 0.1792
vt 0.3627 0.1792
vt 0.3391 0.1792
vt 0.3627 0.2142
vt 0.3391 0.2142
vt 0.2967 0.2142
vt 0.2731 0.2142
vt 0.3627 0.2493
vt 0.3391 0.2493
vt 0.3627 0.2844
vt 0.3391 0.2844
vt 0.2968 0.2493
vt 0.2968 0.2844
vt 0.2731 0.2844
vt 0.2731 0.2493
vt 0.4100 0.2493
vt 0.3864 0.2493
vt 0.3863 0.2142
vt 0.4100 0.2142
vt 0.4100 0.2844
vt 0.3864 0.2844
vt 0.3328 0.2493
vt 0.3328 0.2844
vt 0.3092 0.2844
vt 0.3092 0.2493
vt 0.3328 0.2142
vt 0.3092 0.2142
vt 0.4100 0.1792
vt 0.3863 0.1792
vt 0.3328 0.1792
vt 0.3092 0.1792
vt 0.4573 0.1792
vt 0.4336 0.1792
vt 0.4573 0.2142
vt 0.4336 0.2142
vt 0.4809 0.1792
vt 0.4809 0.2142
vt 0.4573 0.2493
vt 0.4336 0.2493
vt 0.4573 0.2844
vt 0.4336 0.2844
vt 0.4809 0.2493
vt 0.4809 0.2844
vt 0.5046 0.2142
vt 0.5046 0.2493
vt 0.5046 0.2844
vt 0.5283 0.2493
vt 0.5283 0.2844
vt 0.5283 0.2142
vt 0.5283 0.1792
vt 0.5046 0.1792
vt 0.5519 0.1792
vt 0.5519 0.2142
vt 0.5322 0.1792
vt 0.5322 0.2142
vt 0.5085 0.2142
vt 0.5085 0.1792
vt 0.5519 0.2493
vt 0.5519 0.2844
vt 0.5322 0.2493
vt 0.5322 0.2844
vt 0.5085 0.2844
vt 0.5085 0.2493
vt 0.5377 0.2142
vt 0.5377 0.2493
vt 0.5140 0.2493
vt 0.5140 0.2142
vt 0.5377 0.2844
vt 0.5140 0.2844
vt 0.5627 0.2493
vt 0.5627 0.2844
vt 0.5391 0.2844
vt 0.5391 0.2493
vt 0.5391 0.2142
vt 0.5627 0.2142
vt 0.5627 0.1792
vt 0.5391 0.1792
vt 0.5377 0.1792
vt 0.5140 0.1792
vt 0.0786 0.1792
vt 0.0549 0.1792
vt 0.0786 0.2142
vt 0.0549 0.2142
vt 0.1023 0.1792
vt 0.1023 0.2142
vt 0.0786 0.2493
vt 0.0549 0.2493
vt 0.0786 0.2844
vt 0.0549 0.2844
vt 0.1023 0.2493
vt 0.1023 0.2844
vt 0.1259 0.2142
vt 0.1259 0.2493
vt 0.1259 0.2844
vt 0.1496 0.2493
vt 0.1496 0.2844
vt 0.1496 0.2142
vt 0.1259 0.1792
vt 0.1496 0.1792
vt 0.1733 0.1792
vt 0.1733 0.2142
vt 0.1969 0.1792
vt 0.1969 0.2142
vt 0.1733 0.2493
vt 0.1733 0.2844
vt 0.1969 0.2493
vt 0.1969 0.2844
vt 0.2206 0.2142
vt 0.2206 0.2493
vt 0.2206 0.2844
vt 0.2443 0.2493
vt 0.2443 0.2844
vt 0.2443 0.2142
vt 0.2206 0.1792
vt 0.2443 0.1792
vt 0.2680 0.1792
vt 0.2680 0.2142
vt 0.2917 0.1792
vt 0.2917 0.2142
vt 0.2680 0.2493
vt 0.2680 0.2844
vt 0.2917 0.2493
vt 0.2917 0.2844
vt 0.3154 0.2142
vt 0.3154 0.2493
vt 0.3154 0.2844
vt 0.3154 0.1792
vt 0.3627 0.3195
vt 0.3391 0.3195
vt 0.3627 0.3545
vt 0.3391 0.3545
vt 0.2967 0.3195
vt 0.2967 0.3545
vt 0.2731 0.3545
vt 0.2731 0.3195
vt 0.3627 0.3896
vt 0.3391 0.3896
vt 0.3627 0.4247
vt 0.3391 0.4247
vt 0.2967 0.3896
vt 0.2967 0.4247
vt 0.2731 0.4247
vt 0.2731 0.3896
vt 0.4100 0.3545
vt 0.4100 0.3896
vt 0.3863 0.3896
vt 0.3863 0.3545
vt 0.4100 0.4247
vt 0.3863 0.4247
vt 0.3328 0.3896
vt 0.3328 0.4247
vt 0.3092 0.4247
vt 0.3092 0.3896
vt 0.3092 0.3545
vt 0.3328 0.3545
vt 0.4100 0.3195
vt 0.3863 0.3195
vt 0.3328 0.3195
vt 0.3092 0.3195
vt 0.4573 0.3195
vt 0.4336 0.3195
vt 0.4573 0.3545
vt 0.4336 0.3545
vt 0.4809 0.3195
vt 0.4809 0.3545
vt 0.4573 0.3896
vt 0.4336 0.3896
vt 0.4573 0.4247
vt 0.4336 0.4247
vt 0.4809 0.3896
vt 0.4809 0.4247
vt 0.5046 0.3545
vt 0.5046 0.3896
vt 0.5046 0.4247
vt 0.5283 0.3896
vt 0.5283 0.4247
vt 0.5283 0.3545
vt 0.5046 0.3195
vt 0.5283 0.3195
vt 0.5519 0.3195
vt 0.5519 0.3545
vt 0.5322 0.3195
vt 0.5322 0.3545
vt 0.5085 0.3545
vt 0.5085 0.3195
vt 0.5519 0.3896
vt 0.5519 0.4247
vt 0.5322 0.3896
vt 0.5322 0.4247
vt 0.5085 0.4247
vt 0.5085 0.3896
vt 0.5377 0.3545
vt 0.5377 0.3896
vt 0.5140 0.3896
vt 0.5140 0.3545
vt 0.5377 0.4247
vt 0.5140 0.4247
vt 0.5627 0.3896
vt 0.5627 0.4247
vt 0.5391 0.4247
vt 0.5391 0.3896
vt 0.5391 0.3545
vt 0.5627 0.3545
vt 0.5377 0.3195
vt 0.5140 0.3195
vt 0.5627 0.3195
vt 0.5391 0.3195
vt 0.0786 0.3195
vt 0.0549 0.3195
vt 0.0786 0.3545
vt 0.0549 0.3545
vt 0.1023 0.3195
vt 0.1023 0.3545
vt 0.0786 0.3896
vt 0.0549 0.3896
vt 0.0786 0.4247
vt 0.0549 0.4247
vt 0.1023 0.3896
vt 0.1023 0.4247
vt 0.1259 0.3545
vt 0.1259 0.3896
vt 0.1259 0.4247
vt 0.1496 0.3896
vt 0.1496 0.4247
vt 0.1496 0.3545
vt 0.1259 0.3195
vt 0.1496 0.3195
vt 0.1733 0.3195
vt 0.1733 0.3545
vt 0.1969 0.3195
vt 0.1969 0.3545
vt 0.1733 0.3896
vt 0.1733 0.4247
vt 0.1969 0.3896
vt 0.1969 0.4247
vt 0.2206 0.3545
vt 0.2206 0.3896
vt 0.2206 0.4247
vt 0.2443 0.3896
vt 0.2443 0.4247
vt 0.2443 0.3545
vt 0.2206 0.3195
vt 0.2443 0.3195
vt 0.2917 0.3195
vt 0.2680 0.3195
vt 0.2680 0.3545
vt 0.2917 0.3545
vt 0.2680 0.3896
vt 0.2680 0.4247
vt 0.2917 0.3896
vt 0.2917 0.4247
vt 0.3154 0.3896
vt 0.3154 0.3545
vt 0.3154 0.4247
vt 0.3154 0.3195
vt 0.3627 0.4598
vt 0.3391 0.4598
vt 0.3627 0.4948
vt 0.3391 0.4948
vt 0.2967 0.4598
vt 0.2967 0.4948
vt 0.2731 0.4948
vt 0.2731 0.4598
vt 0.3627 0.5299
vt 0.3391 0.5299
vt 0.3627 0.5650
vt 0.3391 0.5650
vt 0.2967 0.5299
vt 0.2967 0.5650
vt 0.2731 0.5650
vt 0.2731 0.5299
vt 0.4100 0.4948
vt 0.4100 0.5299
vt 0.3863 0.5299
vt 0.3863 0.4948
vt 0.4100 0.5650
vt 0.3863 0.5650
vt 0.3328 0.5299
vt 0.3328 0.5650
vt 0.3092 0.5650
vt 0.3092 0.5299
vt 0.3328 0.4948
vt 0.3092 0.4948
vt 0.3328 0.4598
vt 0.3092 0.4598
vt 0.4100 0.4598
vt 0.3863 0.4598
vt 0.4573 0.4598
vt 0.4336 0.4598
vt 0.4573 0.4948
vt 0.4336 0.4948
vt 0.4809 0.4598
vt 0.4809 0.4948
vt 0.4573 0.5299
vt 0.4336 0.5299
vt 0.4573 0.5650
vt 0.4336 0.5650
vt 0.4809 0.5299
vt 0.4809 0.5650
vt 0.5046 0.4948
vt 0.5046 0.5299
vt 0.5046 0.5650
vt 0.5283 0.5299
vt 0.5283 0.5650
vt 0.5283 0.4948
vt 0.5283 0.4598
vt 0.5046 0.4598
vt 0.5519 0.4598
vt 0.5519 0.4948
vt 0.5322 0.4598
vt 0.5322 0.4948
vt 0.5085 0.4948
vt 0.5085 0.4598
vt 0.5519 0.5299
vt 0.5519 0.5650
vt 0.5322 0.5299
vt 0.5322 0.5650
vt 0.5085 0.5650
vt 0.5085 0.5299
vt 0.5377 0.4948
vt 0.5377 0.5299
vt 0.5140 0.5299
vt 0.5140 0.4948
vt 0.5377 0.5650
vt 0.5140 0.5650
vt 0.5627 0.5299
vt 0.5627 0.5650
vt 0.5391 0.5650
vt 0.5391 0.5299
vt 0.5391 0.4948
vt 0.5627 0.4948
vt 0.5627 0.4598
vt 0.5391 0.4598
vt 0.5377 0.4598
vt 0.5140 0.4598
vt 0.0786 0.4598
vt 0.0549 0.4598
vt 0.0786 0.4948
vt 0.0549 0.4948
vt 0.1023 0.4598
vt 0.1023 0.4948
vt 0.0786 0.5299
vt 0.0549 0.5299
vt 0.0786 0.5650
vt 0.0549 0.5650
vt 0.1023 0.5299
vt 0.1023 0.5650
vt 0.1259 0.4948
vt 0.1259 0.5299
vt 0.1259 0.5650
vt 0.1496 0.5299
vt 0.1496 0.5650
vt 0.1496 0.4948
vt 0.1259 0.4598
vt 0.1496 0.4598
vt 0.1733 0.4598
vt 0.1733 0.4948
vt 0.1969 0.4598
vt 0.1969 0.4948
vt 0.1733 0.5299
vt 0.1733 0.5650
vt 0.1969 0.5299
vt 0.1969 0.5650
vt 0.2206 0.4948
vt 0.2206 0.5299
vt 0.2206 0.5650
vt 0.2443 0.5299
vt 0.2443 0.5650
vt 0.2443 0.4948
vt 0.2206 0.4598
vt 0.2443 0.4598
vt 0.2917 0.4598
vt 0.2680 0.4598
vt 0.2680 0.4948
vt 0.2917 0.4948
vt 0.2680 0.5299
vt 0.2680 0.5650
vt 0.2917 0.5650
vt 0.2917 0.5299
vt 0.3154 0.4948
vt 0.3154 0.5299
vt 0.3154 0.5650
vt 0.3154 0.4598
vt 0.3627 0.6001
vt 0.3391 0.6001
vt 0.3627 0.6351
vt 0.3391 0.6351
vt 0.2967 0.6001
vt 0.2967 0.6351
vt 0.2731 0.6351
vt 0.2731 0.6001
vt 0.3627 0.6702
vt 0.3391 0.6702
vt 0.3627 0.7053
vt 0.3391 0.7053
vt 0.2967 0.6702
vt 0.2967 0.7053
vt 0.2731 0.7053
vt 0.2731 0.6702
vt 0.4100 0.6351
vt 0.4100 0.6702
vt 0.3863 0.6702
vt 0.3863 0.6351
vt 0.4100 0.7053
vt 0.3863 0.7053
vt 0.3328 0.6702
vt 0.3328 0.7053
vt 0.3092 0.7053
vt 0.3092 0.6702
vt 0.3328 0.6351
vt 0.3092 0.6351
vt 0.4100 0.6001
vt 0.3863 0.6001
vt 0.3328 0.6001
vt 0.3092 0.6001
vt 0.4573 0.6001
vt 0.4336 0.6001
vt 0.4573 0.6351
vt 0.4336 0.6351
vt 0.4809 0.6001
vt 0.4809 0.6351
vt 0.4573 0.6702
vt 0.4336 0.6702
vt 0.4573 0.7053
vt 0.4336 0.7053
vt 0.4809 0.6702
vt 0.4809 0.7053
vt 0.5046 0.6351
vt 0.5046 0.6702
vt 0.5046 0.7053
vt 0.5283 0.6702
vt 0.5283 0.7053
vt 0.5283 0.6351
vt 0.5046 0.6001
vt 0.5283 0.6001
vt 0.5322 0.6001
vt 0.5085 0.6001
vt 0.5519 0.6001
vt 0.5519 0.6351
vt 0.5322 0.6351
vt 0.5085 0.6351
vt 0.5519 0.6702
vt 0.5519 0.7053
vt 0.5322 0.6702
vt 0.5322 0.7053
vt 0.5085 0.7053
vt 0.5085 0.6702
vt 0.5377 0.6702
vt 0.5140 0.6702
vt 0.5140 0.6351
vt 0.5377 0.6351
vt 0.5377 0.7053
vt 0.5140 0.7053
vt 0.5627 0.7053
vt 0.5391 0.7053
vt 0.5391 0.6702
vt 0.5627 0.6702
vt 0.5627 0.6351
vt 0.5391 0.6351
vt 0.5377 0.6001
vt 0.5140 0.6001
vt 0.5627 0.6001
vt 0.5391 0.6001
vt 0.0786 0.6001
vt 0.0549 0.6001
vt 0.0786 0.6351
vt 0.0549 0.6351
vt 0.1023 0.6001
vt 0.1023 0.6351
vt 0.0786 0.6702
vt 0.0549 0.6702
vt 0.0786 0.7053
vt 0.0549 0.7053
vt 0.1023 0.6702
vt 0.1023 0.7053
vt 0.1259 0.6351
vt 0.1259 0.6702
vt 0.1259 0.7053
vt 0.1496 0.6702
vt 0.1496 0.7053
vt 0.1496 0.6351
vt 0.1259 0.6001
vt 0.1496 0.6001
vt 0.1733 0.6001
vt 0.1733 0.6351
vt 0.1969 0.6001
vt 0.1969 0.6351
vt 0.1733 0.6702
vt 0.1733 0.7053
vt 0.1969 0.6702
vt 0.1969 0.7053
vt 0.2206 0.6351
vt 0.2206 0.6702
vt 0.2206 0.7053
vt 0.2443 0.6702
vt 0.2443 0.7053
vt 0.2443 0.6351
vt 0.2443 0.6001
vt 0.2206 0.6001
vt 0.2680 0.6001
vt 0.2680 0.6351
vt 0.2917 0.6351
vt 0.2917 0.6001
vt 0.2917 0.6702
vt 0.2680 0.6702
vt 0.2680 0.7053
vt 0.2917 0.7053
vt 0.3154 0.6702
vt 0.3154 0.6351
vt 0.3154 0.7053
vt 0.3154 0.6001
vt 0.2967 0.7405
vt 0.2731 0.7405
vt 0.3627 0.7405
vt 0.3391 0.7405
vt 0.3627 0.7754
vt 0.3391 0.7754
vt 0.2967 0.7754
vt 0.2731 0.7754
vt 0.3627 0.8105
vt 0.3391 0.8105
vt 0.3627 0.8456
vt 0.3391 0.8456
vt 0.2967 0.8105
vt 0.2967 0.8456
vt 0.2731 0.8456
vt 0.2731 0.8105
vt 0.4100 0.8105
vt 0.3863 0.8105
vt 0.3863 0.7754
vt 0.4100 0.7754
vt 0.4100 0.8456
vt 0.3863 0.8456
vt 0.3328 0.8105
vt 0.3328 0.8456
vt 0.3092 0.8456
vt 0.3092 0.8105
vt 0.3328 0.7754
vt 0.3092 0.7754
vt 0.4100 0.7405
vt 0.3863 0.7405
vt 0.3328 0.7405
vt 0.3092 0.7405
vt 0.4809 0.7405
vt 0.4573 0.7405
vt 0.4336 0.7405
vt 0.4573 0.7754
vt 0.4336 0.7754
vt 0.4809 0.7754
vt 0.4573 0.8105
vt 0.4336 0.8105
vt 0.4573 0.8456
vt 0.4336 0.8456
vt 0.4809 0.8105
vt 0.4809 0.8456
vt 0.5046 0.8105
vt 0.5046 0.7754
vt 0.5046 0.8456
vt 0.5283 0.8456
vt 0.5283 0.8105
vt 0.5283 0.7754
vt 0.5046 0.7405
vt 0.5283 0.7405
vt 0.5322 0.7405
vt 0.5085 0.7405
vt 0.5519 0.7405
vt 0.5519 0.7754
vt 0.5322 0.7754
vt 0.5085 0.7754
vt 0.5322 0.8105
vt 0.5085 0.8105
vt 0.5519 0.8105
vt 0.5519 0.8456
vt 0.5322 0.8456
vt 0.5085 0.8456
vt 0.5627 0.7754
vt 0.5627 0.8105
vt 0.5391 0.8105
vt 0.5391 0.7754
vt 0.5377 0.8105
vt 0.5140 0.8105
vt 0.5140 0.7754
vt 0.5377 0.7754
vt 0.5377 0.8456
vt 0.5140 0.8456
vt 0.5627 0.8456
vt 0.5391 0.8456
vt 0.5377 0.7405
vt 0.5140 0.7405
vt 0.5391 0.7405
vt 0.5627 0.7405
vt 0.1023 0.7405
vt 0.0786 0.7405
vt 0.0549 0.7405
vt 0.0786 0.7754
vt 0.0549 0.7754
vt 0.1023 0.7754
vt 0.0786 0.8105
vt 0.0549 0.8105
vt 0.0786 0.8456
vt 0.0549 0.8456
vt 0.1023 0.8105
vt 0.1023 0.8456
vt 0.1259 0.8105
vt 0.1259 0.7754
vt 0.1259 0.8456
vt 0.1496 0.8105
vt 0.1496 0.8456
vt 0.1496 0.7754
vt 0.1259 0.7405
vt 0.1496 0.7405
vt 0.1969 0.7405
vt 0.1733 0.7405
vt 0.1733 0.7754
vt 0.1969 0.7754
vt 0.1733 0.8105
vt 0.1733 0.8456
vt 0.1969 0.8105
vt 0.1969 0.8456
vt 0.2206 0.8105
vt 0.2206 0.7754
vt 0.2206 0.8456
vt 0.2443 0.8105
vt 0.2443 0.8456
vt 0.2443 0.7754
vt 0.2206 0.7405
vt 0.2443 0.7405
vt 0.2917 0.7405
vt 0.2680 0.7405
vt 0.2680 0.7754
vt 0.2917 0.7754
vt 0.2680 0.8105
vt 0.2680 0.8456
vt 0.2917 0.8105
vt 0.2917 0.8456
vt 0.3154 0.8105
vt 0.3154 0.7754
vt 0.3154 0.8456
vt 0.3154 0.7405
vt 0.2731 0.9154
vt 0.2731 0.8806
vt 0.2967 0.8806
vt 0.2967 0.9154
vt 0.3391 0.8805
vt 0.3627 0.8806
vt 0.3391 0.9154
vt 0.3627 0.9154
vt 0.3391 0.9504
vt 0.3627 0.9504
vt 0.3627 0.9854
vt 0.3391 0.9854
vt 0.2731 0.9854
vt 0.2731 0.9504
vt 0.2967 0.9504
vt 0.2967 0.9854
vt 0.3092 0.9854
vt 0.3092 0.9504
vt 0.3328 0.9505
vt 0.3328 0.9855
vt 0.3092 0.9156
vt 0.3328 0.9156
vt 0.3863 0.9504
vt 0.3863 0.9154
vt 0.4100 0.9156
vt 0.4100 0.9504
vt 0.4100 0.9854
vt 0.3863 0.9854
vt 0.3092 0.8806
vt 0.3328 0.8806
vt 0.3863 0.8806
vt 0.4100 0.8806
vt 0.4573 0.9156
vt 0.4573 0.8806
vt 0.4809 0.8806
vt 0.4809 0.9156
vt 0.4336 0.8806
vt 0.4336 0.9156
vt 0.4336 0.9505
vt 0.4573 0.9505
vt 0.4573 0.9855
vt 0.4336 0.9855
vt 0.4809 0.9507
vt 0.4809 0.9857
vt 0.5046 0.9858
vt 0.5046 0.9507
vt 0.5283 0.9508
vt 0.5283 0.9858
vt 0.5046 0.9157
vt 0.5283 0.9157
vt 0.5046 0.8806
vt 0.5283 0.8806
vt 0.5085 0.9159
vt 0.5085 0.8808
vt 0.5322 0.8808
vt 0.5322 0.9159
vt 0.5519 0.8808
vt 0.5519 0.9159
vt 0.5519 0.9510
vt 0.5519 0.9861
vt 0.5085 0.9861
vt 0.5085 0.9510
vt 0.5322 0.9511
vt 0.5322 0.9862
vt 0.5391 0.9864
vt 0.5391 0.9513
vt 0.5627 0.9514
vt 0.5627 0.9867
vt 0.5391 0.9160
vt 0.5627 0.9162
vt 0.5140 0.9511
vt 0.5140 0.9159
vt 0.5377 0.9160
vt 0.5377 0.9513
vt 0.5140 0.9862
vt 0.5377 0.9864
vt 0.5391 0.8808
vt 0.5627 0.8809
vt 0.5140 0.8808
vt 0.5377 0.8808
vt 0.0549 0.8806
vt 0.0786 0.8806
vt 0.0786 0.9157
vt 0.0549 0.9157
vt 0.1023 0.8806
vt 0.1023 0.9157
vt 0.0549 0.9507
vt 0.0786 0.9507
vt 0.0786 0.9858
vt 0.0549 0.9858
vt 0.1023 0.9508
vt 0.1023 0.9858
vt 0.1259 0.9508
vt 0.1496 0.9508
vt 0.1496 0.9858
vt 0.1259 0.9858
vt 0.1259 0.9157
vt 0.1496 0.9157
vt 0.1259 0.8806
vt 0.1496 0.8806
vt 0.1733 0.8806
vt 0.1733 0.9157
vt 0.1969 0.8806
vt 0.1969 0.9156
vt 0.1733 0.9507
vt 0.1733 0.9858
vt 0.1969 0.9507
vt 0.1969 0.9857
vt 0.2206 0.9855
vt 0.2206 0.9505
vt 0.2443 0.9505
vt 0.2443 0.9855
vt 0.2206 0.9156
vt 0.2443 0.9156
vt 0.2206 0.8806
vt 0.2443 0.8806
vt 0.2680 0.8806
vt 0.2917 0.8806
vt 0.2917 0.9154
vt 0.2680 0.9156
vt 0.2680 0.9505
vt 0.2680 0.9854
vt 0.2917 0.9504
vt 0.2917 0.9854
vt 0.3154 0.9854
vt 0.3154 0.9504
vt 0.3154 0.9154
vt 0.3154 0.8806
vt 0.3388 0.0389
vt 0.3625 0.0389
vt 0.3625 0.0038
vt 0.3387 0.0038
vt 0.3862 0.0389
vt 0.3862 0.0038
vt 0.3626 0.0739
vt 0.3863 0.0739
vt 0.3389 0.0739
vt 0.4099 0.0389
vt 0.4099 0.0038
vt 0.4336 0.0389
vt 0.4336 0.0038
vt 0.4099 0.0739
vt 0.4336 0.0739
vt 0.3863 0.1090
vt 0.4099 0.1090
vt 0.4336 0.1090
vt 0.4100 0.1441
vt 0.4336 0.1441
vt 0.3863 0.1441
vt 0.3390 0.1090
vt 0.3626 0.1090
vt 0.3627 0.1441
vt 0.3391 0.1441
vt 0.4573 0.0389
vt 0.4573 0.0038
vt 0.4809 0.0389
vt 0.4809 0.0038
vt 0.4573 0.0739
vt 0.4809 0.0739
vt 0.5046 0.0389
vt 0.5046 0.0038
vt 0.5283 0.0389
vt 0.5283 0.0038
vt 0.5046 0.0739
vt 0.5283 0.0739
vt 0.4809 0.1090
vt 0.5046 0.1090
vt 0.5283 0.1090
vt 0.5046 0.1441
vt 0.5283 0.1441
vt 0.4809 0.1441
vt 0.4573 0.1090
vt 0.4573 0.1441
vt 0.5519 0.0389
vt 0.5519 0.0038
vt 0.4189 0.0389
vt 0.4426 0.0389
vt 0.4426 0.0038
vt 0.4189 0.0038
vt 0.4189 0.0739
vt 0.4426 0.0739
vt 0.5519 0.0739
vt 0.4930 0.0389
vt 0.5167 0.0389
vt 0.5167 0.0038
vt 0.4930 0.0038
vt 0.5993 0.0389
vt 0.6229 0.0389
vt 0.6229 0.0038
vt 0.5993 0.0038
vt 0.5993 0.0739
vt 0.6229 0.0739
vt 0.4930 0.0739
vt 0.5167 0.0739
vt 0.4930 0.1090
vt 0.5167 0.1090
vt 0.5993 0.1090
vt 0.6229 0.1090
vt 0.5993 0.1441
vt 0.6229 0.1441
vt 0.4930 0.1441
vt 0.5167 0.1441
vt 0.5519 0.1090
vt 0.4189 0.1090
vt 0.4426 0.1090
vt 0.4189 0.1441
vt 0.4426 0.1441
vt 0.5519 0.1441
vt 0.0549 0.0038
vt 0.0549 0.0389
vt 0.0786 0.0389
vt 0.0786 0.0038
vt 0.1023 0.0389
vt 0.1023 0.0038
vt 0.0786 0.0739
vt 0.1023 0.0739
vt 0.0549 0.0739
vt 0.1259 0.0389
vt 0.1259 0.0038
vt 0.1496 0.0389
vt 0.1496 0.0038
vt 0.1259 0.0739
vt 0.1496 0.0739
vt 0.1023 0.1090
vt 0.1259 0.1090
vt 0.1496 0.1090
vt 0.1259 0.1441
vt 0.1496 0.1441
vt 0.1023 0.1441
vt 0.0549 0.1090
vt 0.0786 0.1090
vt 0.0786 0.1441
vt 0.0549 0.1441
vt 0.1733 0.0389
vt 0.1733 0.0038
vt 0.1969 0.0389
vt 0.1969 0.0038
vt 0.1733 0.0739
vt 0.1969 0.0739
vt 0.2206 0.0389
vt 0.2206 0.0038
vt 0.2443 0.0389
vt 0.2443 0.0038
vt 0.2206 0.0739
vt 0.2443 0.0739
vt 0.1969 0.1090
vt 0.2206 0.1090
vt 0.2443 0.1090
vt 0.2206 0.1441
vt 0.2443 0.1441
vt 0.1969 0.1441
vt 0.1733 0.1090
vt 0.1733 0.1441
vt 0.2679 0.0389
vt 0.2679 0.0038
vt 0.2915 0.0389
vt 0.2915 0.0038
vt 0.2679 0.0739
vt 0.2916 0.0739
vt 0.3152 0.0389
vt 0.3151 0.0038
vt 0.3153 0.0739
vt 0.2916 0.1090
vt 0.3153 0.1090
vt 0.3154 0.1441
vt 0.2917 0.1441
vt 0.2679 0.1090
vt 0.2680 0.1441
vt 0.3627 0.1792
vt 0.3863 0.1792
vt 0.3627 0.2142
vt 0.3863 0.2142
vt 0.3391 0.2142
vt 0.3391 0.1792
vt 0.4100 0.1792
vt 0.4336 0.1792
vt 0.4100 0.2142
vt 0.4336 0.2142
vt 0.3864 0.2493
vt 0.4100 0.2493
vt 0.4336 0.2493
vt 0.4100 0.2844
vt 0.4336 0.2844
vt 0.3864 0.2844
vt 0.3391 0.2493
vt 0.3627 0.2493
vt 0.3627 0.2844
vt 0.3391 0.2844
vt 0.4573 0.1792
vt 0.4809 0.1792
vt 0.4573 0.2142
vt 0.4809 0.2142
vt 0.5046 0.1792
vt 0.5283 0.1792
vt 0.5046 0.2142
vt 0.5283 0.2142
vt 0.4809 0.2493
vt 0.5046 0.2493
vt 0.5283 0.2493
vt 0.5046 0.2844
vt 0.5283 0.2844
vt 0.4809 0.2844
vt 0.4573 0.2493
vt 0.4573 0.2844
vt 0.5519 0.1792
vt 0.4189 0.1792
vt 0.4426 0.1792
vt 0.4189 0.2142
vt 0.4426 0.2142
vt 0.5519 0.2142
vt 0.5993 0.1792
vt 0.6229 0.1792
vt 0.5993 0.2142
vt 0.6229 0.2142
vt 0.4930 0.2142
vt 0.5167 0.2142
vt 0.5167 0.1792
vt 0.4930 0.1792
vt 0.4930 0.2493
vt 0.5167 0.2493
vt 0.5993 0.2493
vt 0.6229 0.2493
vt 0.5993 0.2844
vt 0.6229 0.2844
vt 0.4930 0.2844
vt 0.5167 0.2844
vt 0.5519 0.2493
vt 0.4189 0.2493
vt 0.4426 0.2493
vt 0.4189 0.2844
vt 0.4426 0.2844
vt 0.5519 0.2844
vt 0.0549 0.1792
vt 0.0786 0.1792
vt 0.1023 0.1792
vt 0.0786 0.2142
vt 0.1023 0.2142
vt 0.0549 0.2142
vt 0.1259 0.1792
vt 0.1496 0.1792
vt 0.1259 0.2142
vt 0.1496 0.2142
vt 0.1023 0.2493
vt 0.1259 0.2493
vt 0.1496 0.2493
vt 0.1259 0.2844
vt 0.1496 0.2844
vt 0.1023 0.2844
vt 0.0549 0.2493
vt 0.0786 0.2493
vt 0.0786 0.2844
vt 0.0549 0.2844
vt 0.1733 0.1792
vt 0.1969 0.1792
vt 0.1733 0.2142
vt 0.1969 0.2142
vt 0.2206 0.1792
vt 0.2443 0.1792
vt 0.2206 0.2142
vt 0.2443 0.2142
vt 0.1969 0.2493
vt 0.2206 0.2493
vt 0.2443 0.2493
vt 0.2206 0.2844
vt 0.2443 0.2844
vt 0.1969 0.2844
vt 0.1733 0.2493
vt 0.1733 0.2844
vt 0.2680 0.1792
vt 0.2917 0.1792
vt 0.2680 0.2142
vt 0.2917 0.2142
vt 0.3154 0.1792
vt 0.3154 0.2142
vt 0.2917 0.2493
vt 0.3154 0.2493
vt 0.3154 0.2844
vt 0.2917 0.2844
vt 0.2680 0.2493
vt 0.2680 0.2844
vt 0.3391 0.3195
vt 0.3627 0.3195
vt 0.3863 0.3195
vt 0.3627 0.3545
vt 0.3863 0.3545
vt 0.3391 0.3545
vt 0.4100 0.3195
vt 0.4336 0.3195
vt 0.4100 0.3545
vt 0.4336 0.3545
vt 0.3863 0.3896
vt 0.4100 0.3896
vt 0.4336 0.3896
vt 0.4100 0.4247
vt 0.4336 0.4247
vt 0.3863 0.4247
vt 0.3391 0.3896
vt 0.3627 0.3896
vt 0.3627 0.4247
vt 0.3391 0.4247
vt 0.4573 0.3195
vt 0.4809 0.3195
vt 0.4573 0.3545
vt 0.4809 0.3545
vt 0.5046 0.3195
vt 0.5283 0.3195
vt 0.5046 0.3545
vt 0.5283 0.3545
vt 0.4809 0.3896
vt 0.5046 0.3896
vt 0.5283 0.3896
vt 0.5046 0.4247
vt 0.5283 0.4247
vt 0.4809 0.4247
vt 0.4573 0.3896
vt 0.4573 0.4247
vt 0.5519 0.3195
vt 0.4189 0.3195
vt 0.4426 0.3195
vt 0.4189 0.3545
vt 0.4426 0.3545
vt 0.5519 0.3545
vt 0.4930 0.3195
vt 0.5167 0.3195
vt 0.5993 0.3195
vt 0.6229 0.3195
vt 0.5993 0.3545
vt 0.6229 0.3545
vt 0.4930 0.3545
vt 0.5167 0.3545
vt 0.4930 0.3896
vt 0.5167 0.3896
vt 0.5993 0.3896
vt 0.6229 0.3896
vt 0.5993 0.4247
vt 0.6229 0.4247
vt 0.4930 0.4247
vt 0.5167 0.4247
vt 0.5519 0.3896
vt 0.4189 0.3896
vt 0.4426 0.3896
vt 0.4189 0.4247
vt 0.4426 0.4247
vt 0.5519 0.4247
vt 0.0549 0.3195
vt 0.0786 0.3195
vt 0.1023 0.3195
vt 0.0786 0.3545
vt 0.1023 0.3545
vt 0.0549 0.3545
vt 0.1259 0.3195
vt 0.1496 0.3195
vt 0.1259 0.3545
vt 0.1496 0.3545
vt 0.1023 0.3896
vt 0.1259 0.3896
vt 0.1496 0.3896
vt 0.1259 0.4247
vt 0.1496 0.4247
vt 0.1023 0.4247
vt 0.0549 0.3896
vt 0.0786 0.3896
vt 0.0786 0.4247
vt 0.0549 0.4247
vt 0.1733 0.3195
vt 0.1969 0.3195
vt 0.1733 0.3545
vt 0.1969 0.3545
vt 0.2206 0.3195
vt 0.2443 0.3195
vt 0.2206 0.3545
vt 0.2443 0.3545
vt 0.1969 0.3896
vt 0.2206 0.3896
vt 0.2443 0.3896
vt 0.2206 0.4247
vt 0.2443 0.4247
vt 0.1969 0.4247
vt 0.1733 0.3896
vt 0.1733 0.4247
vt 0.2680 0.3195
vt 0.2917 0.3195
vt 0.2680 0.3545
vt 0.2917 0.3545
vt 0.3154 0.3195
vt 0.3154 0.3545
vt 0.2917 0.3896
vt 0.3154 0.3896
vt 0.3154 0.4247
vt 0.2917 0.4247
vt 0.2680 0.3896
vt 0.2680 0.4247
vt 0.3391 0.4598
vt 0.3627 0.4598
vt 0.3863 0.4598
vt 0.3627 0.4948
vt 0.3863 0.4948
vt 0.3391 0.4948
vt 0.4100 0.4598
vt 0.4336 0.4598
vt 0.4100 0.4948
vt 0.4336 0.4948
vt 0.3863 0.5299
vt 0.4100 0.5299
vt 0.4336 0.5299
vt 0.4100 0.5650
vt 0.4336 0.5650
vt 0.3863 0.5650
vt 0.3391 0.5299
vt 0.3627 0.5299
vt 0.3627 0.5650
vt 0.3391 0.5650
vt 0.4573 0.4598
vt 0.4809 0.4598
vt 0.4573 0.4948
vt 0.4809 0.4948
vt 0.5046 0.4598
vt 0.5283 0.4598
vt 0.5046 0.4948
vt 0.5283 0.4948
vt 0.4809 0.5299
vt 0.5046 0.5299
vt 0.5283 0.5299
vt 0.5046 0.5650
vt 0.5283 0.5650
vt 0.4809 0.5650
vt 0.4573 0.5299
vt 0.4573 0.5650
vt 0.5519 0.4598
vt 0.4189 0.4598
vt 0.4426 0.4598
vt 0.4189 0.4948
vt 0.4426 0.4948
vt 0.5519 0.4948
vt 0.5993 0.4598
vt 0.6229 0.4598
vt 0.5993 0.4948
vt 0.6229 0.4948
vt 0.4930 0.4948
vt 0.5167 0.4948
vt 0.5167 0.4598
vt 0.4930 0.4598
vt 0.4930 0.5299
vt 0.5167 0.5299
vt 0.5993 0.5299
vt 0.6229 0.5299
vt 0.5993 0.5650
vt 0.6229 0.5650
vt 0.4930 0.5650
vt 0.5167 0.5650
vt 0.5519 0.5299
vt 0.4189 0.5299
vt 0.4426 0.5299
vt 0.4189 0.5650
vt 0.4426 0.5650
vt 0.5519 0.5650
vt 0.0549 0.4598
vt 0.0786 0.4598
vt 0.1023 0.4598
vt 0.0786 0.4948
vt 0.1023 0.4948
vt 0.0549 0.4948
vt 0.1259 0.4598
vt 0.1496 0.4598
vt 0.1259 0.4948
vt 0.1496 0.4948
vt 0.1023 0.5299
vt 0.1259 0.5299
vt 0.1496 0.5299
vt 0.1259 0.5650
vt 0.1496 0.5650
vt 0.1023 0.5650
vt 0.0549 0.5299
vt 0.0786 0.5299
vt 0.0786 0.5650
vt 0.0549 0.5650
vt 0.1733 0.4598
vt 0.1969 0.4598
vt 0.1733 0.4948
vt 0.1969 0.4948
vt 0.2206 0.4598
vt 0.2443 0.4598
vt 0.2206 0.4948
vt 0.2443 0.4948
vt 0.1969 0.5299
vt 0.2206 0.5299
vt 0.2443 0.5299
vt 0.2206 0.5650
vt 0.2443 0.5650
vt 0.1969 0.5650
vt 0.1733 0.5299
vt 0.1733 0.5650
vt 0.2680 0.4598
vt 0.2917 0.4598
vt 0.2680 0.4948
vt 0.2917 0.4948
vt 0.3154 0.4598
vt 0.3154 0.4948
vt 0.2917 0.5299
vt 0.3154 0.5299
vt 0.3154 0.5650
vt 0.2917 0.5650
vt 0.2680 0.5299
vt 0.2680 0.5650
vt 0.3391 0.6001
vt 0.3627 0.6001
vt 0.3863 0.6001
vt 0.3627 0.6351
vt 0.3863 0.6351
vt 0.3391 0.6351
vt 0.4100 0.6001
vt 0.4336 0.6001
vt 0.4100 0.6351
vt 0.4336 0.6351
vt 0.3863 0.6702
vt 0.4100 0.6702
vt 0.4336 0.6702
vt 0.4100 0.7053
vt 0.4336 0.7053
vt 0.3863 0.7053
vt 0.3391 0.6702
vt 0.3627 0.6702
vt 0.3627 0.7053
vt 0.3391 0.7053
vt 0.4573 0.6001
vt 0.4809 0.6001
vt 0.4573 0.6351
vt 0.4809 0.6351
vt 0.5046 0.6001
vt 0.5283 0.6001
vt 0.5046 0.6351
vt 0.5283 0.6351
vt 0.4809 0.6702
vt 0.5046 0.6702
vt 0.5283 0.6702
vt 0.5046 0.7053
vt 0.5283 0.7053
vt 0.4809 0.7053
vt 0.4573 0.6702
vt 0.4573 0.7053
vt 0.4189 0.6001
vt 0.4426 0.6001
vt 0.4189 0.6351
vt 0.4426 0.6351
vt 0.5519 0.6351
vt 0.5519 0.6001
vt 0.4930 0.6001
vt 0.5167 0.6001
vt 0.5993 0.6001
vt 0.6229 0.6001
vt 0.5993 0.6351
vt 0.6229 0.6351
vt 0.4930 0.6351
vt 0.5167 0.6351
vt 0.4930 0.6702
vt 0.5167 0.6702
vt 0.5993 0.6702
vt 0.6229 0.6702
vt 0.5993 0.7053
vt 0.6229 0.7053
vt 0.4930 0.7053
vt 0.5167 0.7053
vt 0.5519 0.6702
vt 0.4189 0.6702
vt 0.4426 0.6702
vt 0.4189 0.7053
vt 0.4426 0.7053
vt 0.5519 0.7053
vt 0.0549 0.6001
vt 0.0786 0.6001
vt 0.1023 0.6001
vt 0.0786 0.6351
vt 0.1023 0.6351
vt 0.0549 0.6351
vt 0.1259 0.6001
vt 0.1496 0.6001
vt 0.1259 0.6351
vt 0.1496 0.6351
vt 0.1023 0.6702
vt 0.1259 0.6702
vt 0.1496 0.6702
vt 0.1259 0.7053
vt 0.1496 0.7053
vt 0.1023 0.7053
vt 0.0549 0.6702
vt 0.0786 0.6702
vt 0.0786 0.7053
vt 0.0549 0.7053
vt 0.1733 0.6001
vt 0.1969 0.6001
vt 0.1733 0.6351
vt 0.1969 0.6351
vt 0.2206 0.6001
vt 0.2443 0.6001
vt 0.2206 0.6351
vt 0.2443 0.6351
vt 0.1969 0.6702
vt 0.2206 0.6702
vt 0.2443 0.6702
vt 0.2206 0.7053
vt 0.2443 0.7053
vt 0.1969 0.7053
vt 0.1733 0.6702
vt 0.1733 0.7053
vt 0.2680 0.6001
vt 0.2917 0.6001
vt 0.2680 0.6351
vt 0.2917 0.6351
vt 0.3154 0.6001
vt 0.3154 0.6351
vt 0.2917 0.6702
vt 0.3154 0.6702
vt 0.3154 0.7053
vt 0.2917 0.7053
vt 0.2680 0.6702
vt 0.2680 0.7053
vt 0.3627 0.7405
vt 0.3863 0.7405
vt 0.3627 0.7754
vt 0.3863 0.7754
vt 0.3391 0.7754
vt 0.3391 0.7405
vt 0.4100 0.7405
vt 0.4336 0.7405
vt 0.4100 0.7754
vt 0.4336 0.7754
vt 0.3863 0.8105
vt 0.4100 0.8105
vt 0.4336 0.8105
vt 0.4100 0.8456
vt 0.4336 0.8456
vt 0.3863 0.8456
vt 0.3391 0.8105
vt 0.3627 0.8105
vt 0.3627 0.8456
vt 0.3391 0.8456
vt 0.4573 0.7405
vt 0.4809 0.7405
vt 0.4573 0.7754
vt 0.4809 0.7754
vt 0.5046 0.7405
vt 0.5283 0.7405
vt 0.5046 0.7754
vt 0.5283 0.7754
vt 0.4809 0.8105
vt 0.5046 0.8105
vt 0.5283 0.8105
vt 0.5046 0.8456
vt 0.5283 0.8456
vt 0.4809 0.8456
vt 0.4573 0.8105
vt 0.4573 0.8456
vt 0.4189 0.7405
vt 0.4426 0.7405
vt 0.4189 0.7754
vt 0.4426 0.7754
vt 0.5519 0.7754
vt 0.5519 0.7405
vt 0.4930 0.7405
vt 0.5167 0.7405
vt 0.5993 0.7405
vt 0.6229 0.7405
vt 0.5993 0.7754
vt 0.6229 0.7754
vt 0.4930 0.7754
vt 0.5167 0.7754
vt 0.5993 0.8105
vt 0.6229 0.8105
vt 0.5993 0.8456
vt 0.6229 0.8456
vt 0.4930 0.8105
vt 0.4930 0.8456
vt 0.5167 0.8456
vt 0.5167 0.8105
vt 0.4189 0.8105
vt 0.4426 0.8105
vt 0.4189 0.8456
vt 0.4426 0.8456
vt 0.5519 0.8456
vt 0.5519 0.8105
vt 0.0786 0.7405
vt 0.1023 0.7405
vt 0.0786 0.7754
vt 0.1023 0.7754
vt 0.0549 0.7754
vt 0.0549 0.7405
vt 0.1259 0.7405
vt 0.1496 0.7405
vt 0.1259 0.7754
vt 0.1496 0.7754
vt 0.1023 0.8105
vt 0.1259 0.8105
vt 0.1496 0.8105
vt 0.1259 0.8456
vt 0.1496 0.8456
vt 0.1023 0.8456
vt 0.0549 0.8105
vt 0.0786 0.8105
vt 0.0786 0.8456
vt 0.0549 0.8456
vt 0.1733 0.7405
vt 0.1969 0.7405
vt 0.1733 0.7754
vt 0.1969 0.7754
vt 0.2206 0.7405
vt 0.2443 0.7405
vt 0.2206 0.7754
vt 0.2443 0.7754
vt 0.1969 0.8105
vt 0.2206 0.8105
vt 0.2443 0.8105
vt 0.2206 0.8456
vt 0.2443 0.8456
vt 0.1969 0.8456
vt 0.1733 0.8105
vt 0.1733 0.8456
vt 0.2680 0.7405
vt 0.2917 0.7405
vt 0.2680 0.7754
vt 0.2917 0.7754
vt 0.3154 0.7405
vt 0.3154 0.7754
vt 0.2917 0.8105
vt 0.3154 0.8105
vt 0.3154 0.8456
vt 0.2917 0.8456
vt 0.2680 0.8105
vt 0.2680 0.8456
vt 0.3863 0.8806
vt 0.3627 0.8806
vt 0.3627 0.9154
vt 0.3863 0.9154
vt 0.3391 0.8805
vt 0.3391 0.9154
vt 0.4336 0.8806
vt 0.4100 0.8806
vt 0.4100 0.9156
vt 0.4336 0.9156
vt 0.4336 0.9505
vt 0.4100 0.9505
vt 0.4100 0.9854
vt 0.4336 0.9855
vt 0.3863 0.9504
vt 0.3863 0.9854
vt 0.3627 0.9854
vt 0.3627 0.9504
vt 0.3391 0.9504
vt 0.3391 0.9854
vt 0.4809 0.8806
vt 0.4573 0.8806
vt 0.4573 0.9156
vt 0.4809 0.9156
vt 0.5283 0.8806
vt 0.5046 0.8806
vt 0.5046 0.9157
vt 0.5283 0.9157
vt 0.5283 0.9508
vt 0.5046 0.9507
vt 0.5046 0.9858
vt 0.5283 0.9858
vt 0.4809 0.9507
vt 0.4809 0.9857
vt 0.4573 0.9855
vt 0.4573 0.9505
vt 0.4426 0.8808
vt 0.4189 0.8808
vt 0.4189 0.9159
vt 0.4426 0.9159
vt 0.5519 0.8808
vt 0.5519 0.9159
vt 0.6229 0.9162
vt 0.6229 0.8809
vt 0.5993 0.8808
vt 0.5993 0.9160
vt 0.5167 0.8808
vt 0.4930 0.8808
vt 0.4930 0.9159
vt 0.5167 0.9160
vt 0.6229 0.9514
vt 0.5993 0.9513
vt 0.5993 0.9864
vt 0.6229 0.9867
vt 0.5167 0.9513
vt 0.4930 0.9511
vt 0.4930 0.9862
vt 0.5167 0.9864
vt 0.5519 0.9861
vt 0.5519 0.9510
vt 0.4189 0.9510
vt 0.4426 0.9511
vt 0.4189 0.9861
vt 0.4426 0.9862
vt 0.0786 0.9157
vt 0.0786 0.8806
vt 0.0549 0.8806
vt 0.0549 0.9157
vt 0.1023 0.8806
vt 0.1023 0.9157
vt 0.1259 0.9157
vt 0.1259 0.8806
vt 0.1496 0.8806
vt 0.1496 0.9157
vt 0.1496 0.9858
vt 0.1496 0.9508
vt 0.1259 0.9508
vt 0.1259 0.9858
vt 0.1023 0.9508
vt 0.1023 0.9858
vt 0.0786 0.9858
vt 0.0786 0.9507
vt 0.0549 0.9507
vt 0.0549 0.9858
vt 0.1733 0.9157
vt 0.1733 0.8806
vt 0.1969 0.8806
vt 0.1969 0.9156
vt 0.2206 0.9156
vt 0.2206 0.8806
vt 0.2443 0.8806
vt 0.2443 0.9156
vt 0.2443 0.9505
vt 0.2206 0.9505
vt 0.2206 0.9855
vt 0.2443 0.9855
vt 0.1969 0.9507
vt 0.1969 0.9857
vt 0.1733 0.9858
vt 0.1733 0.9507
vt 0.2917 0.9154
vt 0.2917 0.8806
vt 0.2680 0.8806
vt 0.2680 0.9156
vt 0.3154 0.8806
vt 0.3154 0.9154
vt 0.3154 0.9504
vt 0.3154 0.9854
vt 0.2917 0.9504
vt 0.2917 0.9854
vt 0.2680 0.9854
vt 0.2680 0.9504
vt 0.3627 0.8105
vt 0.3391 0.8105
vt 0.3391 0.8456
vt 0.3627 0.8456
vt 0.3863 0.8105
vt 0.3863 0.8456
vt 0.4100 0.8105
vt 0.4100 0.8456
vt 0.4336 0.8105
vt 0.4336 0.8456
vt 0.4573 0.8105
vt 0.4573 0.8456
vt 0.4809 0.8105
vt 0.4809 0.8456
vt 0.5046 0.8105
vt 0.5046 0.8456
vt 0.5283 0.8456
vt 0.5283 0.8105
vt 0.5519 0.8456
vt 0.5519 0.8105
vt 0.5756 0.8456
vt 0.5756 0.8105
vt 0.5993 0.8456
vt 0.5993 0.8105
vt 0.6229 0.8456
vt 0.6229 0.8105
vt 0.0786 0.8105
vt 0.0549 0.8105
vt 0.0549 0.8456
vt 0.0786 0.8456
vt 0.1023 0.8105
vt 0.1023 0.8456
vt 0.1259 0.8105
vt 0.1259 0.8456
vt 0.1496 0.8105
vt 0.1496 0.8456
vt 0.1733 0.8105
vt 0.1733 0.8456
vt 0.1969 0.8105
vt 0.1969 0.8456
vt 0.2206 0.8105
vt 0.2206 0.8456
vt 0.2443 0.8105
vt 0.2443 0.8456
vt 0.2680 0.8105
vt 0.2680 0.8456
vt 0.2917 0.8105
vt 0.2917 0.8456
vt 0.3154 0.8105
vt 0.3154 0.8456
vt 0.3627 0.9154
vt 0.3863 0.9154
vt 0.3863 0.8806
vt 0.3627 0.8806
vt 0.3391 0.8805
vt 0.3391 0.9154
vt 0.3391 0.9504
vt 0.3391 0.9854
vt 0.3627 0.9854
vt 0.3627 0.9504
vt 0.3863 0.9854
vt 0.3863 0.9504
vt 0.4100 0.9854
vt 0.4336 0.9855
vt 0.4336 0.9505
vt 0.4100 0.9504
vt 0.4336 0.9156
vt 0.4100 0.9156
vt 0.4336 0.8806
vt 0.4100 0.8806
vt 0.4573 0.9156
vt 0.4809 0.9156
vt 0.4809 0.8806
vt 0.4573 0.8806
vt 0.4573 0.9855
vt 0.4573 0.9505
vt 0.4809 0.9857
vt 0.4809 0.9507
vt 0.5046 0.9858
vt 0.5283 0.9858
vt 0.5283 0.9508
vt 0.5046 0.9507
vt 0.5283 0.9157
vt 0.5046 0.9157
vt 0.5283 0.8806
vt 0.5046 0.8806
vt 0.5519 0.9159
vt 0.5756 0.9159
vt 0.5756 0.8808
vt 0.5519 0.8808
vt 0.5519 0.9861
vt 0.5519 0.9510
vt 0.5756 0.9862
vt 0.5756 0.9511
vt 0.5993 0.9864
vt 0.6229 0.9867
vt 0.6229 0.9514
vt 0.5993 0.9513
vt 0.6229 0.9162
vt 0.5993 0.9160
vt 0.5993 0.8808
vt 0.6229 0.8809
vt 0.0549 0.8806
vt 0.0549 0.9157
vt 0.0786 0.9157
vt 0.0786 0.8806
vt 0.1023 0.9157
vt 0.1023 0.8806
vt 0.0549 0.9507
vt 0.0549 0.9858
vt 0.0786 0.9858
vt 0.0786 0.9507
vt 0.1023 0.9858
vt 0.1023 0.9508
vt 0.1259 0.9508
vt 0.1259 0.9858
vt 0.1496 0.9858
vt 0.1496 0.9508
vt 0.1259 0.9157
vt 0.1496 0.9157
vt 0.1259 0.8806
vt 0.1496 0.8806
vt 0.1733 0.9157
vt 0.1733 0.8806
vt 0.1969 0.9156
vt 0.1969 0.8806
vt 0.1733 0.9858
vt 0.1733 0.9507
vt 0.1969 0.9857
vt 0.1969 0.9507
vt 0.2206 0.9855
vt 0.2443 0.9855
vt 0.2443 0.9505
vt 0.2206 0.9505
vt 0.2206 0.9156
vt 0.2443 0.9156
vt 0.2206 0.8806
vt 0.2443 0.8806
vt 0.2680 0.8806
vt 0.2680 0.9156
vt 0.2917 0.9154
vt 0.2917 0.8806
vt 0.2680 0.9854
vt 0.2680 0.9505
vt 0.2917 0.9854
vt 0.2917 0.9504
vt 0.3154 0.9854
vt 0.3154 0.9504
vt 0.3154 0.9154
vt 0.3154 0.8806
vt 0.4100 0.8456
vt 0.4100 0.8105
vt 0.4336 0.8105
vt 0.4336 0.8456
vt 0.3863 0.8456
vt 0.3863 0.8105
vt 0.3627 0.8456
vt 0.3627 0.8105
vt 0.3391 0.8456
vt 0.3391 0.8105
vt 0.5046 0.8105
vt 0.5283 0.8105
vt 0.5283 0.8456
vt 0.5046 0.8456
vt 0.4809 0.8456
vt 0.4809 0.8105
vt 0.4573 0.8456
vt 0.4573 0.8105
vt 0.5756 0.8105
vt 0.5756 0.8456
vt 0.5519 0.8105
vt 0.5519 0.8456
vt 0.1259 0.8456
vt 0.1259 0.8105
vt 0.1496 0.8105
vt 0.1496 0.8456
vt 0.1023 0.8456
vt 0.1023 0.8105
vt 0.0786 0.8456
vt 0.0786 0.8105
vt 0.0549 0.8456
vt 0.0549 0.8105
vt 0.2206 0.8456
vt 0.2206 0.8105
vt 0.2443 0.8105
vt 0.2443 0.8456
vt 0.1969 0.8456
vt 0.1969 0.8105
vt 0.1733 0.8456
vt 0.1733 0.8105
vt 0.3154 0.8456
vt 0.3154 0.8105
vt 0.2917 0.8456
vt 0.2917 0.8105
vt 0.2680 0.8456
vt 0.2680 0.8105
vt 0.3863 0.8806
vt 0.3863 0.9154
vt 0.3627 0.9154
vt 0.3627 0.8806
vt 0.3391 0.9154
vt 0.3391 0.8805
vt 0.4336 0.8806
vt 0.4336 0.9156
vt 0.4100 0.9156
vt 0.4100 0.8806
vt 0.4100 0.9505
vt 0.4809 0.8806
vt 0.4809 0.9156
vt 0.4573 0.9156
vt 0.4573 0.8806
vt 0.5283 0.8806
vt 0.5283 0.9157
vt 0.5046 0.9157
vt 0.5046 0.8806
vt 0.5756 0.8808
vt 0.5756 0.9159
vt 0.5519 0.9159
vt 0.5519 0.8808
vt 0.0786 0.9157
vt 0.0549 0.9157
vt 0.0549 0.8806
vt 0.0786 0.8806
vt 0.1023 0.8806
vt 0.1023 0.9157
vt 0.1259 0.9157
vt 0.1259 0.8806
vt 0.1496 0.8806
vt 0.1496 0.9157
vt 0.1733 0.9157
vt 0.1733 0.8806
vt 0.1969 0.8806
vt 0.1969 0.9156
vt 0.2206 0.9156
vt 0.2206 0.8806
vt 0.2443 0.8806
vt 0.2443 0.9156
vt 0.2917 0.9154
vt 0.2680 0.9156
vt 0.2680 0.8806
vt 0.2917 0.8806
vt 0.3154 0.9154
vt 0.3154 0.8806
vt 0.2680 0.9504
f 1/1 2/2 3/3 4/4
f 5/5 6/6 2/2 1/1
f 7/7 5/5 1/1 8/8
f 8/8 1/1 4/4 9/9
f 10/10 11/11 12/12 13/13
f 14/14 15/15 12/12 11/11
f 6/6 14/16 11/17 2/2
f 2/2 11/17 10/18 3/3
f 16/19 17/20 14/16 6/6
f 17/21 18/22 15/15 14/14
f 19/23 20/24 18/22 17/21
f 21/25 19/26 17/20 16/19
f 22/27 23/28 5/5 7/7
f 23/28 16/19 6/6 5/5
f 24/29 21/25 16/19 23/28
f 25/30 24/29 23/28 22/27
f 26/31 27/32 28/33 29/34
f 27/32 30/35 31/36 28/33
f 32/37 33/38 30/35 27/32
f 34/39 32/37 27/32 26/31
f 30/35 35/40 36/41 31/36
f 35/40 8/8 9/9 36/41
f 37/42 7/7 8/8 35/40
f 33/38 37/42 35/40 30/35
f 38/43 39/44 37/42 33/38
f 39/44 22/27 7/7 37/42
f 40/45 25/30 22/27 39/44
f 41/46 40/45 39/44 38/43
f 42/47 43/48 32/37 34/39
f 43/48 38/43 33/38 32/37
f 44/49 41/46 38/43 43/48
f 45/50 44/49 43/48 42/47
f 46/51 47/52 48/53 49/54
f 49/54 48/53 50/55 51/56
f 52/57 53/58 50/55 48/53
f 54/59 52/57 48/53 47/52
f 50/55 55/60 56/61 51/56
f 55/60 26/31 29/34 56/61
f 57/62 34/39 26/31 55/60
f 53/58 57/62 55/60 50/55
f 58/63 59/64 57/62 53/58
f 59/64 42/47 34/39 57/62
f 60/65 45/50 42/47 59/64
f 61/66 60/65 59/64 58/63
f 62/67 63/68 52/57 54/59
f 63/68 58/63 53/58 52/57
f 64/69 61/66 58/63 63/68
f 65/70 64/69 63/68 62/67
f 66/71 67/72 24/29 25/30
f 67/72 68/73 21/25 24/29
f 69/74 70/75 68/73 67/72
f 71/76 69/74 67/72 66/71
f 21/25 68/73 72/77 19/26
f 72/78 73/79 20/24 19/23
f 74/80 75/81 73/79 72/78
f 70/75 74/82 72/77 68/73
f 70/75 76/83 77/84 74/82
f 77/85 78/86 75/81 74/80
f 79/87 80/88 78/86 77/85
f 81/89 79/90 77/84 76/83
f 71/76 82/91 83/92 69/74
f 83/92 76/83 70/75 69/74
f 84/93 81/89 76/83 83/92
f 85/94 84/93 83/92 82/91
f 86/95 87/96 44/49 45/50
f 87/96 88/97 41/46 44/49
f 89/98 90/99 88/97 87/96
f 91/100 89/98 87/96 86/95
f 88/97 92/101 40/45 41/46
f 92/101 66/71 25/30 40/45
f 93/102 71/76 66/71 92/101
f 90/99 93/102 92/101 88/97
f 90/99 94/103 95/104 93/102
f 95/104 82/91 71/76 93/102
f 96/105 85/94 82/91 95/104
f 97/106 96/105 95/104 94/103
f 98/107 99/108 89/98 91/100
f 99/108 94/103 90/99 89/98
f 100/109 97/106 94/103 99/108
f 101/110 100/109 99/108 98/107
f 102/111 103/112 64/69 65/70
f 103/112 104/113 61/66 64/69
f 105/114 106/115 104/113 103/112
f 107/116 105/114 103/112 102/111
f 104/113 108/117 60/65 61/66
f 108/117 86/95 45/50 60/65
f 109/118 91/100 86/95 108/117
f 106/115 109/118 108/117 104/113
f 110/119 111/120 109/118 106/115
f 111/120 98/107 91/100 109/118
f 112/121 101/110 98/107 111/120
f 113/122 112/121 111/120 110/119
f 114/123 115/124 105/114 107/116
f 115/124 110/119 106/115 105/114
f 116/125 113/122 110/119 115/124
f 117/126 116/125 115/124 114/123
f 118/127 119/128 81/89 84/93
f 120/129 121/130 119/128 118/127
f 122/131 120/129 118/127 123/132
f 85/94 123/132 118/127 84/93
f 81/89 119/128 124/133 79/90
f 124/134 125/135 80/88 79/87
f 126/136 127/137 125/135 124/134
f 121/130 126/138 124/133 119/128
f 121/130 128/139 129/140 126/138
f 129/141 130/142 127/137 126/136
f 131/143 132/144 130/142 129/141
f 133/145 131/146 129/140 128/139
f 122/131 134/147 135/148 120/129
f 135/148 128/139 121/130 120/129
f 136/149 133/145 128/139 135/148
f 137/150 136/149 135/148 134/147
f 138/151 139/152 97/106 100/109
f 140/153 141/154 139/152 138/151
f 142/155 140/153 138/151 143/156
f 101/110 143/156 138/151 100/109
f 97/106 139/152 144/157 96/105
f 144/157 123/132 85/94 96/105
f 145/158 122/131 123/132 144/157
f 141/154 145/158 144/157 139/152
f 141/154 146/159 147/160 145/158
f 147/160 134/147 122/131 145/158
f 148/161 137/150 134/147 147/160
f 149/162 148/161 147/160 146/159
f 142/155 150/163 151/164 140/153
f 151/164 146/159 141/154 140/153
f 152/165 149/162 146/159 151/164
f 153/166 152/165 151/164 150/163
f 154/167 155/168 113/122 116/125
f 156/169 157/170 155/168 154/167
f 158/171 156/169 154/167 159/172
f 117/126 159/172 154/167 116/125
f 113/122 155/168 160/173 112/121
f 160/173 143/156 101/110 112/121
f 161/174 142/155 143/156 160/173
f 157/170 161/174 160/173 155/168
f 157/170 162/175 163/176 161/174
f 163/176 150/163 142/155 161/174
f 164/177 153/166 150/163 163/176
f 165/178 164/177 163/176 162/175
f 166/179 167/180 156/169 158/171
f 167/180 162/175 157/170 156/169
f 168/181 165/178 162/175 167/180
f 169/182 168/181 167/180 166/179
f 170/183 171/184 136/149 137/150
f 171/184 172/185 133/145 136/149
f 173/186 174/187 172/185 171/184
f 175/188 173/186 171/184 170/183
f 172/185 176/189 131/146 133/145
f 176/190 177/191 132/144 131/143
f 178/192 179/193 177/191 176/190
f 174/187 178/194 176/189 172/185
f 180/195 181/196 178/194 174/187
f 181/197 182/198 179/193 178/192
f 183/199 184/200 182/198 181/197
f 185/201 183/202 181/196 180/195
f 186/203 187/204 173/186 175/188
f 187/204 180/195 174/187 173/186
f 188/205 185/201 180/195 187/204
f 189/206 188/205 187/204 186/203
f 190/207 191/208 149/162 152/165
f 192/209 193/210 191/208 190/207
f 194/211 192/209 190/207 195/212
f 153/166 195/212 190/207 152/165
f 196/213 170/183 137/150 148/161
f 197/214 175/188 170/183 196/213
f 193/210 197/214 196/213 191/208
f 149/162 191/208 196/213 148/161
f 193/210 198/215 199/216 197/214
f 199/216 186/203 175/188 197/214
f 200/217 189/206 186/203 199/216
f 201/218 200/217 199/216 198/215
f 202/219 203/220 192/209 194/211
f 203/220 198/215 193/210 192/209
f 204/221 201/218 198/215 203/220
f 205/222 204/221 203/220 202/219
f 206/223 207/224 168/181 169/182
f 207/224 208/225 165/178 168/181
f 209/226 210/227 208/225 207/224
f 211/228 209/226 207/224 206/223
f 208/225 212/229 164/177 165/178
f 212/229 195/212 153/166 164/177
f 213/230 194/211 195/212 212/229
f 210/227 213/230 212/229 208/225
f 214/231 215/232 213/230 210/227
f 215/232 202/219 194/211 213/230
f 216/233 205/222 202/219 215/232
f 217/234 216/233 215/232 214/231
f 218/235 219/236 209/226 211/228
f 219/236 214/231 210/227 209/226
f 220/237 217/234 214/231 219/236
f 221/238 220/237 219/236 218/235
f 222/239 223/240 185/201 188/205
f 224/241 225/242 223/240 222/239
f 226/243 224/241 222/239 227/244
f 189/206 227/244 222/239 188/205
f 185/201 223/240 228/245 183/202
f 228/246 229/247 184/200 183/199
f 230/248 231/249 229/247 228/246
f 225/242 230/250 228/245 223/240
f 232/251 233/252 234/253 235/254
f 225/242 233/252 232/251 230/250
f 232/255 236/256 231/249 230/248
f 237/257 236/256 232/255 235/258
f 226/243 238/259 239/260 224/241
f 239/260 233/252 225/242 224/241
f 234/253 233/252 239/260 240/261
f 239/260 238/259 241/262 240/261
f 242/263 243/264 204/221 205/222
f 243/264 244/265 201/218 204/221
f 245/266 246/267 244/265 243/264
f 247/268 245/266 243/264 242/263
f 244/265 248/269 200/217 201/218
f 248/269 227/244 189/206 200/217
f 249/270 226/243 227/244 248/269
f 246/267 249/270 248/269 244/265
f 250/271 251/272 252/273 253/274
f 250/271 249/270 246/267 251/272
f 250/271 238/259 226/243 249/270
f 241/262 238/259 250/271 253/274
f 254/275 245/266 247/268 255/276
f 254/275 251/272 246/267 245/266
f 252/273 251/272 254/275 256/277
f 254/275 255/276 257/278 256/277
f 258/279 259/280 220/237 221/238
f 259/280 260/281 217/234 220/237
f 261/282 262/283 260/281 259/280
f 263/284 261/282 259/280 258/279
f 260/281 264/285 216/233 217/234
f 264/285 242/263 205/222 216/233
f 265/286 247/268 242/263 264/285
f 262/283 265/286 264/285 260/281
f 266/287 267/288 265/286 262/283
f 267/288 255/276 247/268 265/286
f 257/278 255/276 267/288 268/289
f 269/290 268/289 267/288 266/287
f 270/291 271/292 261/282 263/284
f 271/292 266/287 262/283 261/282
f 269/290 266/287 271/292 272/293
f 273/294 272/293 271/292 270/291
f 274/295 275/296 276/297 277/298
f 275/296 240/261 241/262 276/297
f 278/299 234/253 240/261 275/296
f 279/300 278/299 275/296 274/295
f 280/301 281/302 282/303 283/304
f 281/305 278/299 279/300 282/306
f 281/305 235/254 234/253 278/299
f 237/257 235/258 281/302 280/301
f 284/307 285/308 669/309 670/310
f 669/311 285/312 286/313 672/314
f 282/306 279/300 286/313 285/312
f 283/304 282/303 285/308 284/307
f 679/315 287/316 288/317 681/318
f 287/316 274/295 277/298 288/317
f 286/313 279/300 274/295 287/316
f 286/313 287/316 679/315 672/314
f 289/319 290/320 291/321 292/322
f 290/320 256/277 257/278 291/321
f 293/323 252/273 256/277 290/320
f 294/324 293/323 290/320 289/319
f 295/325 293/323 294/324 296/326
f 295/325 253/274 252/273 293/323
f 276/297 241/262 253/274 295/325
f 277/298 276/297 295/325 296/326
f 288/317 297/327 298/328 681/318
f 297/327 299/329 300/330 298/328
f 296/326 294/324 299/329 297/327
f 277/298 296/326 297/327 288/317
f 301/331 302/332 303/333 304/334
f 302/332 289/319 292/322 303/333
f 299/329 294/324 289/319 302/332
f 299/329 302/332 301/331 300/330
f 305/335 306/336 307/337 308/338
f 306/336 272/293 273/294 307/337
f 309/339 269/290 272/293 306/336
f 310/340 309/339 306/336 305/335
f 311/341 312/342 309/339 310/340
f 312/342 268/289 269/290 309/339
f 291/321 257/278 268/289 312/342
f 292/322 291/321 312/342 311/341
f 303/333 313/343 314/344 304/334
f 314/344 313/343 315/345 316/346
f 313/343 311/341 310/340 315/345
f 303/333 292/322 311/341 313/343
f 317/347 318/348 319/349 320/350
f 318/348 305/335 308/338 319/349
f 315/345 310/340 305/335 318/348
f 315/345 318/348 317/347 316/346
f 324/351 325/352 326/353 327/354
f 325/352 328/355 329/356 326/353
f 325/352 301/331 304/334 328/355
f 300/330 301/331 325/352 324/351
f 321/357 330/358 331/359 322/360
f 331/359 330/358 324/351 327/354
f 298/328 300/330 324/351 330/358
f 681/318 298/328 330/358 321/357
f 675/361 684/362 685/363 323/364
f 331/359 327/354 686/365 684/366
f 322/360 331/359 684/366 675/361
f 326/353 329/356 333/367 332/368
f 327/354 326/353 332/368 686/365
f 686/365 332/368 334/369 673/370
f 335/371 336/372 337/373 338/374
f 336/372 339/375 340/376 337/373
f 336/372 317/347 320/350 339/375
f 335/371 316/346 317/347 336/372
f 328/355 341/377 342/378 329/356
f 341/377 335/371 338/374 342/378
f 341/377 314/344 316/346 335/371
f 328/355 304/334 314/344 341/377
f 334/379 343/380 344/381 345/382
f 342/378 338/374 344/381 343/380
f 329/356 342/378 343/380 333/367
f 346/383 347/384 348/385 349/386
f 337/373 340/376 348/385 347/384
f 338/374 337/373 347/384 344/381
f 344/381 347/384 346/383 345/382
f 350/387 351/388 352/389 353/390
f 353/390 352/389 354/391 355/392
f 352/389 356/393 357/394 354/391
f 351/388 358/395 356/393 352/389
f 356/393 359/396 360/397 357/394
f 359/396 361/398 362/399 360/397
f 363/400 364/401 361/398 359/396
f 358/395 363/400 359/396 356/393
f 365/402 366/403 363/400 358/395
f 366/403 367/404 364/401 363/400
f 18/405 20/406 367/407 366/408
f 15/409 18/405 366/408 365/410
f 12/411 368/412 369/413 13/414
f 369/415 368/416 351/388 350/387
f 368/416 365/402 358/395 351/388
f 12/411 15/409 365/410 368/412
f 370/417 371/418 372/419 373/420
f 371/418 374/421 375/422 372/419
f 376/423 377/424 374/421 371/418
f 378/425 376/423 371/418 370/417
f 374/421 379/426 380/427 375/422
f 379/426 381/428 382/429 380/427
f 383/430 384/431 381/428 379/426
f 377/424 383/430 379/426 374/421
f 385/432 386/433 383/430 377/424
f 386/433 387/434 384/431 383/430
f 360/397 362/399 387/434 386/433
f 357/394 360/397 386/433 385/432
f 388/435 389/436 376/423 378/425
f 389/436 385/432 377/424 376/423
f 354/391 357/394 385/432 389/436
f 355/392 354/391 389/436 388/435
f 390/437 391/438 392/439 393/440
f 390/437 394/441 395/442 391/438
f 396/443 397/444 394/441 390/437
f 396/443 390/437 393/440 398/445
f 394/441 399/446 400/447 395/442
f 399/446 401/448 402/449 400/447
f 403/450 404/451 401/448 399/446
f 397/444 403/450 399/446 394/441
f 405/452 406/453 403/450 397/444
f 406/453 407/454 404/451 403/450
f 380/427 382/429 407/454 406/453
f 375/422 380/427 406/453 405/452
f 408/455 409/456 396/443 398/445
f 409/456 405/452 397/444 396/443
f 372/419 375/422 405/452 409/456
f 373/420 372/419 409/456 408/455
f 361/398 410/457 411/458 362/399
f 410/457 412/459 413/460 411/458
f 414/461 415/462 412/459 410/457
f 364/401 414/461 410/457 361/398
f 416/463 417/464 413/460 412/459
f 416/463 418/465 419/466 417/464
f 420/467 421/468 418/465 416/463
f 415/462 420/467 416/463 412/459
f 422/469 420/467 415/462 423/470
f 422/469 424/471 421/468 420/467
f 78/472 80/473 424/474 422/475
f 75/476 78/472 422/475 423/477
f 425/478 414/461 364/401 367/404
f 425/478 423/470 415/462 414/461
f 73/479 75/476 423/477 425/480
f 20/406 73/479 425/480 367/407
f 381/428 426/481 427/482 382/429
f 426/481 428/483 429/484 427/482
f 430/485 431/486 428/483 426/481
f 384/431 430/485 426/481 381/428
f 428/483 432/487 433/488 429/484
f 432/487 434/489 435/490 433/488
f 436/491 437/492 434/489 432/487
f 431/486 436/491 432/487 428/483
f 438/493 436/491 431/486 439/494
f 438/493 440/495 437/492 436/491
f 417/464 419/466 440/495 438/493
f 413/460 417/464 438/493 439/494
f 387/434 441/496 430/485 384/431
f 441/496 439/494 431/486 430/485
f 411/458 413/460 439/494 441/496
f 362/399 411/458 441/496 387/434
f 401/448 442/497 443/498 402/449
f 442/497 444/499 445/500 443/498
f 446/501 447/502 444/499 442/497
f 404/451 446/501 442/497 401/448
f 444/499 448/503 449/504 445/500
f 448/503 450/505 451/506 449/504
f 452/507 453/508 450/505 448/503
f 447/502 452/507 448/503 444/499
f 454/509 455/510 452/507 447/502
f 455/510 456/511 453/508 452/507
f 433/488 435/490 456/511 455/510
f 429/484 433/488 455/510 454/509
f 407/454 457/512 446/501 404/451
f 457/512 454/509 447/502 446/501
f 427/482 429/484 454/509 457/512
f 382/429 427/482 457/512 407/454
f 421/468 458/513 459/514 418/465
f 459/514 460/515 419/466 418/465
f 459/514 461/516 462/517 460/515
f 458/513 463/518 461/516 459/514
f 464/519 465/520 462/517 461/516
f 464/519 466/521 467/522 465/520
f 468/523 469/524 466/521 464/519
f 463/518 468/523 464/519 461/516
f 470/525 468/523 463/518 471/526
f 470/525 472/527 469/524 468/523
f 130/528 132/529 472/530 470/531
f 127/532 130/528 470/531 471/533
f 473/534 458/513 421/468 424/471
f 473/534 471/526 463/518 458/513
f 125/535 127/532 471/533 473/536
f 80/473 125/535 473/536 424/474
f 437/492 474/537 475/538 434/489
f 475/538 476/539 435/490 434/489
f 475/538 477/540 478/541 476/539
f 474/537 479/542 477/540 475/538
f 480/543 481/544 478/541 477/540
f 480/543 482/545 483/546 481/544
f 484/547 485/548 482/545 480/543
f 479/542 484/547 480/543 477/540
f 486/549 484/547 479/542 487/550
f 486/549 488/551 485/548 484/547
f 465/520 467/522 488/551 486/549
f 462/517 465/520 486/549 487/550
f 489/552 474/537 437/492 440/495
f 489/552 487/550 479/542 474/537
f 460/515 462/517 487/550 489/552
f 419/466 460/515 489/552 440/495
f 453/508 490/553 491/554 450/505
f 491/554 492/555 451/506 450/505
f 491/554 493/556 494/557 492/555
f 490/553 495/558 493/556 491/554
f 493/556 496/559 497/560 494/557
f 496/559 498/561 499/562 497/560
f 500/563 501/564 498/561 496/559
f 495/558 500/563 496/559 493/556
f 502/565 500/563 495/558 503/566
f 502/565 504/567 501/564 500/563
f 481/544 483/546 504/567 502/565
f 478/541 481/544 502/565 503/566
f 505/568 490/553 453/508 456/511
f 505/568 503/566 495/558 490/553
f 476/539 478/541 503/566 505/568
f 435/490 476/539 505/568 456/511
f 466/521 506/569 507/570 467/522
f 506/569 508/571 509/572 507/570
f 510/573 511/574 508/571 506/569
f 469/524 510/573 506/569 466/521
f 508/571 512/575 513/576 509/572
f 512/575 514/577 515/578 513/576
f 516/579 517/580 514/577 512/575
f 511/574 516/579 512/575 508/571
f 518/581 519/582 516/579 511/574
f 519/582 520/583 517/580 516/579
f 182/584 184/585 520/586 519/587
f 179/588 182/584 519/587 518/589
f 472/527 521/590 510/573 469/524
f 521/590 518/581 511/574 510/573
f 177/591 179/588 518/589 521/592
f 132/529 177/591 521/592 472/530
f 485/548 522/593 523/594 482/545
f 523/594 524/595 483/546 482/545
f 523/594 525/596 526/597 524/595
f 522/593 527/598 525/596 523/594
f 525/596 528/599 529/600 526/597
f 528/599 530/601 531/602 529/600
f 532/603 533/604 530/601 528/599
f 527/598 532/603 528/599 525/596
f 534/605 532/603 527/598 535/606
f 534/605 536/607 533/604 532/603
f 513/576 515/578 536/607 534/605
f 509/572 513/576 534/605 535/606
f 467/522 507/570 537/608 488/551
f 537/608 522/593 485/548 488/551
f 537/608 535/606 527/598 522/593
f 507/570 509/572 535/606 537/608
f 498/561 538/609 539/610 499/562
f 538/609 540/611 541/612 539/610
f 542/613 543/614 540/611 538/609
f 501/564 542/613 538/609 498/561
f 540/611 544/615 545/616 541/612
f 544/615 546/617 547/618 545/616
f 548/619 549/620 546/617 544/615
f 543/614 548/619 544/615 540/611
f 550/621 551/622 548/619 543/614
f 551/622 552/623 549/620 548/619
f 529/600 531/602 552/623 551/622
f 526/597 529/600 551/622 550/621
f 504/567 553/624 542/613 501/564
f 553/624 550/621 543/614 542/613
f 524/595 526/597 550/621 553/624
f 483/546 524/595 553/624 504/567
f 517/580 554/625 555/626 514/577
f 555/626 556/627 515/578 514/577
f 555/626 557/628 558/629 556/627
f 554/625 559/630 557/628 555/626
f 560/631 561/632 558/629 557/628
f 562/633 561/632 560/631 563/634
f 560/631 564/635 565/636 563/634
f 559/630 564/635 560/631 557/628
f 565/636 564/635 566/637 567/638
f 566/639 236/640 237/641 567/642
f 231/643 236/640 566/639 568/644
f 566/637 564/635 559/630 568/645
f 569/646 554/625 517/580 520/583
f 569/646 568/645 559/630 554/625
f 229/647 231/643 568/644 569/648
f 184/585 229/647 569/648 520/586
f 530/601 570/649 571/650 531/602
f 570/649 572/651 573/652 571/650
f 574/653 575/654 572/651 570/649
f 533/604 574/653 570/649 530/601
f 573/652 572/651 576/655 577/656
f 578/657 577/656 576/655 579/658
f 576/655 580/659 581/660 579/658
f 575/654 580/659 576/655 572/651
f 581/660 580/659 582/661 583/662
f 582/661 561/632 562/633 583/662
f 558/629 561/632 582/661 584/663
f 575/654 584/663 582/661 580/659
f 536/607 585/664 574/653 533/604
f 585/664 584/663 575/654 574/653
f 556/627 558/629 584/663 585/664
f 515/578 556/627 585/664 536/607
f 546/617 586/665 587/666 547/618
f 586/665 588/667 589/668 587/666
f 590/669 591/670 588/667 586/665
f 549/620 590/669 586/665 546/617
f 588/667 592/671 593/672 589/668
f 592/671 594/673 595/674 593/672
f 592/671 596/675 597/676 594/673
f 591/670 596/675 592/671 588/667
f 598/677 599/678 596/675 591/670
f 599/678 600/679 597/676 596/675
f 599/678 577/656 578/657 600/679
f 573/652 577/656 599/678 598/677
f 552/623 601/680 590/669 549/620
f 601/680 598/677 591/670 590/669
f 571/650 573/652 598/677 601/680
f 531/602 571/650 601/680 552/623
f 602/681 603/682 604/683 605/684
f 603/682 606/685 607/686 604/683
f 563/634 565/636 606/685 603/682
f 562/633 563/634 603/682 602/681
f 608/687 609/688 678/689 682/690
f 678/689 609/688 610/691 671/692
f 604/683 607/686 610/691 609/688
f 605/684 604/683 609/688 608/687
f 668/693 611/694 284/695 670/696
f 611/694 612/697 283/698 284/695
f 610/691 607/686 612/699 611/700
f 610/691 611/700 668/701 671/692
f 612/697 613/702 280/703 283/698
f 613/702 567/642 237/641 280/703
f 565/636 567/638 613/704 606/685
f 607/686 606/685 613/704 612/699
f 614/705 615/706 616/707 617/708
f 615/706 618/709 619/710 616/707
f 579/658 581/660 618/709 615/706
f 578/657 579/658 615/706 614/705
f 620/711 621/712 622/713 623/714
f 622/713 621/712 624/715 625/716
f 616/707 619/710 624/715 621/712
f 617/708 616/707 621/712 620/711
f 626/717 627/718 608/687 682/690
f 627/718 628/719 605/684 608/687
f 624/715 619/710 628/719 627/718
f 625/716 624/715 627/718 626/717
f 619/710 618/709 629/720 628/719
f 629/720 602/681 605/684 628/719
f 583/662 562/633 602/681 629/720
f 581/660 583/662 629/720 618/709
f 630/721 631/722 632/723 633/724
f 631/722 634/725 635/726 632/723
f 594/673 597/676 634/725 631/722
f 595/674 594/673 631/722 630/721
f 636/727 637/728 638/729 639/730
f 638/729 637/728 640/731 641/732
f 632/723 635/726 640/731 637/728
f 633/724 632/723 637/728 636/727
f 642/733 643/734 620/711 623/714
f 644/735 617/708 620/711 643/734
f 635/726 644/735 643/734 640/731
f 640/731 643/734 642/733 641/732
f 634/725 645/736 644/735 635/726
f 645/736 614/705 617/708 644/735
f 600/679 578/657 614/705 645/736
f 597/676 600/679 645/736 634/725
f 646/737 647/738 648/739 649/740
f 647/738 622/713 625/716 648/739
f 623/714 622/713 647/738 650/741
f 651/742 650/741 647/738 646/737
f 334/369 653/368 674/365 673/370
f 653/368 646/737 649/740 674/365
f 652/743 651/742 646/737 653/368
f 685/363 677/362 676/361 323/364
f 677/362 654/744 680/745 676/361
f 674/365 649/740 654/744 677/362
f 654/744 655/746 683/747 680/745
f 655/746 626/717 682/690 683/747
f 648/739 625/716 626/717 655/746
f 648/739 655/746 654/744 649/740
f 656/748 657/749 658/750 659/751
f 638/729 641/732 658/750 657/749
f 639/730 638/729 657/749 660/752
f 661/753 660/752 657/749 656/748
f 662/385 663/384 346/383 349/386
f 346/383 663/384 664/381 345/382
f 663/384 656/748 659/751 664/381
f 662/385 661/753 656/748 663/384
f 665/754 666/755 651/742 652/743
f 664/381 659/751 666/755 665/754
f 664/381 665/754 334/379 345/382
f 666/755 667/756 650/741 651/742
f 642/733 623/714 650/741 667/756
f 641/732 642/733 667/756 658/750
f 659/751 658/750 667/756 666/755
f 700/757 690/758 689/759 701/760
f 702/761 700/757 701/760 703/762
f 704/763 705/764 700/757 702/761
f 691/765 690/758 700/757 705/764
f 689/759 687/766 706/767 701/760
f 706/768 687/769 688/770 707/771
f 708/772 706/768 707/771 709/773
f 703/762 701/760 706/767 708/774
f 710/775 713/776 712/777 711/778
f 703/762 708/774 710/775 711/778
f 710/779 708/772 709/773 714/780
f 715/781 713/782 710/779 714/780
f 704/763 702/761 717/783 716/784
f 717/783 702/761 703/762 711/778
f 712/777 718/785 717/783 711/778
f 717/783 718/785 719/786 716/784
f 720/787 695/788 694/789 721/790
f 721/790 694/789 693/791 722/792
f 723/793 721/790 722/792 724/794
f 725/795 720/787 721/790 723/793
f 722/792 693/791 692/796 726/797
f 726/797 692/796 691/765 705/764
f 727/798 726/797 705/764 704/763
f 724/794 722/792 726/797 727/798
f 728/799 731/800 730/801 729/802
f 728/799 729/802 724/794 727/798
f 728/799 727/798 704/763 716/784
f 719/786 731/800 728/799 716/784
f 732/803 733/804 725/795 723/793
f 732/803 723/793 724/794 729/802
f 730/801 734/805 732/803 729/802
f 732/803 734/805 735/806 733/804
f 736/807 699/808 698/809 737/810
f 737/810 698/809 697/811 738/812
f 739/813 737/810 738/812 740/814
f 741/815 736/807 737/810 739/813
f 738/812 697/811 696/816 742/817
f 742/817 696/816 695/788 720/787
f 743/818 742/817 720/787 725/795
f 740/814 738/812 742/817 743/818
f 744/819 740/814 743/818 745/820
f 745/820 743/818 725/795 733/804
f 735/806 746/821 745/820 733/804
f 747/822 744/819 745/820 746/821
f 748/823 741/815 739/813 749/824
f 749/824 739/813 740/814 744/819
f 747/822 750/825 749/824 744/819
f 751/826 748/823 749/824 750/825
f 752/827 755/828 754/829 753/830
f 753/830 754/829 719/786 718/785
f 756/831 753/830 718/785 712/777
f 757/832 752/827 753/830 756/831
f 758/833 761/834 760/835 759/836
f 759/837 760/838 757/832 756/831
f 759/837 756/831 712/777 713/776
f 715/781 758/833 759/836 713/782
f 762/839 955/840 954/841 763/842
f 954/843 957/844 764/845 763/846
f 760/838 763/846 764/845 757/832
f 761/834 762/839 763/842 760/835
f 964/847 966/848 766/849 765/850
f 765/850 766/849 755/828 752/827
f 764/845 765/850 752/827 757/832
f 764/845 957/844 964/847 765/850
f 767/851 770/852 769/853 768/854
f 768/854 769/853 735/806 734/805
f 771/855 768/854 734/805 730/801
f 772/856 767/851 768/854 771/855
f 773/857 774/858 772/856 771/855
f 773/857 771/855 730/801 731/800
f 754/829 773/857 731/800 719/786
f 755/828 774/858 773/857 754/829
f 766/849 966/848 776/859 775/860
f 775/860 776/859 778/861 777/862
f 774/858 775/860 777/862 772/856
f 755/828 766/849 775/860 774/858
f 779/863 782/864 781/865 780/866
f 780/866 781/865 770/852 767/851
f 777/862 780/866 767/851 772/856
f 777/862 778/861 779/863 780/866
f 783/867 786/868 785/869 784/870
f 784/870 785/869 751/826 750/825
f 787/871 784/870 750/825 747/822
f 788/872 783/867 784/870 787/871
f 789/873 788/872 787/871 790/874
f 790/874 787/871 747/822 746/821
f 769/853 790/874 746/821 735/806
f 770/852 789/873 790/874 769/853
f 781/865 782/864 792/875 791/876
f 792/875 794/877 793/878 791/876
f 791/876 793/878 788/872 789/873
f 781/865 791/876 789/873 770/852
f 795/879 798/880 797/881 796/882
f 796/882 797/881 786/868 783/867
f 793/878 796/882 783/867 788/872
f 793/878 794/877 795/879 796/882
f 802/883 805/884 804/885 803/886
f 803/886 804/885 807/887 806/888
f 803/886 806/888 782/864 779/863
f 778/861 802/883 803/886 779/863
f 799/889 800/890 809/891 808/892
f 809/891 805/884 802/883 808/892
f 776/859 808/892 802/883 778/861
f 966/848 799/889 808/892 776/859
f 960/893 801/894 970/895 969/896
f 809/891 969/897 971/898 805/884
f 800/890 960/893 969/896 809/891
f 810/899 823/900 812/901 811/902
f 804/885 811/902 812/901 807/887
f 805/884 971/898 811/902 804/885
f 971/898 958/903 810/899 811/902
f 813/904 816/905 815/906 814/907
f 814/907 815/906 818/908 817/909
f 814/907 817/909 798/880 795/879
f 813/904 814/907 795/879 794/877
f 806/888 807/887 820/910 819/911
f 819/911 820/910 816/905 813/904
f 819/911 813/904 794/877 792/875
f 806/888 819/911 792/875 782/864
f 820/910 821/912 822/913 816/905
f 807/887 812/901 821/912 820/910
f 823/914 826/915 825/916 824/917
f 815/906 824/917 825/916 818/908
f 816/905 822/913 824/917 815/906
f 829/918 827/919 840/920 839/921
f 840/920 827/919 828/922 841/923
f 840/920 841/923 843/924 842/925
f 839/921 840/920 842/925 844/926
f 845/927 842/925 843/924 846/928
f 847/929 848/930 845/927 846/928
f 845/927 848/930 850/931 849/932
f 844/926 842/925 845/927 849/932
f 850/931 852/933 851/934 849/932
f 851/935 852/936 715/937 714/938
f 709/939 853/940 851/935 714/938
f 851/934 853/941 844/926 849/932
f 854/942 830/943 829/918 839/921
f 854/942 839/921 844/926 853/941
f 707/944 854/945 853/940 709/939
f 688/946 830/947 854/945 707/944
f 831/948 832/949 856/950 855/951
f 855/951 856/950 858/952 857/953
f 859/954 855/951 857/953 860/955
f 833/956 831/948 855/951 859/954
f 858/952 862/957 861/958 857/953
f 863/959 864/960 861/958 862/957
f 861/958 864/960 866/961 865/962
f 860/955 857/953 861/958 865/962
f 866/961 868/963 867/964 865/962
f 867/964 868/963 847/929 846/928
f 843/924 869/965 867/964 846/928
f 860/955 865/962 867/964 869/965
f 834/966 833/956 859/954 870/967
f 870/967 859/954 860/955 869/965
f 841/923 870/967 869/965 843/924
f 828/922 834/966 870/967 841/923
f 835/968 836/969 872/970 871/971
f 871/971 872/970 874/972 873/973
f 875/974 871/971 873/973 876/975
f 837/976 835/968 871/971 875/974
f 873/973 874/972 878/977 877/978
f 877/978 878/977 880/979 879/980
f 877/978 879/980 882/981 881/982
f 876/975 873/973 877/978 881/982
f 883/983 876/975 881/982 884/984
f 884/984 881/982 882/981 885/985
f 884/984 885/985 863/959 862/957
f 858/952 883/983 884/984 862/957
f 838/986 837/976 875/974 886/987
f 886/987 875/974 876/975 883/983
f 856/950 886/987 883/983 858/952
f 832/949 838/986 886/987 856/950
f 887/988 890/989 889/990 888/991
f 888/991 889/990 892/992 891/993
f 848/930 888/991 891/993 850/931
f 847/929 887/988 888/991 848/930
f 893/994 967/995 963/996 894/997
f 963/996 956/998 895/999 894/997
f 889/990 894/997 895/999 892/992
f 890/989 893/994 894/997 889/990
f 953/1000 955/1001 762/1002 896/1003
f 896/1003 762/1002 761/1004 897/1005
f 895/999 896/1006 897/1007 892/992
f 895/999 956/998 953/1008 896/1006
f 897/1005 761/1004 758/1009 898/1010
f 898/1010 758/1009 715/937 852/936
f 850/931 891/993 898/1011 852/933
f 892/992 897/1007 898/1011 891/993
f 899/1012 902/1013 901/1014 900/1015
f 900/1015 901/1014 904/1016 903/1017
f 864/960 900/1015 903/1017 866/961
f 863/959 899/1012 900/1015 864/960
f 905/1018 908/1019 907/1020 906/1021
f 907/1020 910/1022 909/1023 906/1021
f 901/1014 906/1021 909/1023 904/1016
f 902/1013 905/1018 906/1021 901/1014
f 911/1024 967/995 893/994 912/1025
f 912/1025 893/994 890/989 913/1026
f 909/1023 912/1025 913/1026 904/1016
f 910/1022 911/1024 912/1025 909/1023
f 904/1016 913/1026 914/1027 903/1017
f 914/1027 913/1026 890/989 887/988
f 868/963 914/1027 887/988 847/929
f 866/961 903/1017 914/1027 868/963
f 915/1028 918/1029 917/1030 916/1031
f 916/1031 917/1030 920/1032 919/1033
f 879/980 916/1031 919/1033 882/981
f 880/979 915/1028 916/1031 879/980
f 921/1034 924/1035 923/1036 922/1037
f 923/1036 926/1038 925/1039 922/1037
f 917/1030 922/1037 925/1039 920/1032
f 918/1029 921/1034 922/1037 917/1030
f 927/1040 908/1019 905/1018 928/1041
f 929/1042 928/1041 905/1018 902/1013
f 920/1032 925/1039 928/1041 929/1042
f 925/1039 926/1038 927/1040 928/1041
f 919/1033 920/1032 929/1042 930/1043
f 930/1043 929/1042 902/1013 899/1012
f 885/985 930/1043 899/1012 863/959
f 882/981 919/1033 930/1043 885/985
f 931/1044 934/1045 933/1046 932/1047
f 932/1047 933/1046 910/1022 907/1020
f 908/1019 935/1048 932/1047 907/1020
f 936/1049 931/1044 932/1047 935/1048
f 937/901 823/900 810/899 938/902
f 810/899 958/903 959/898 938/902
f 938/902 959/898 934/1045 931/1044
f 937/901 938/902 931/1044 936/1049
f 970/895 801/894 961/893 962/896
f 962/896 961/893 965/1050 939/1051
f 959/898 962/896 939/1051 934/1045
f 939/1051 965/1050 968/1052 940/1053
f 940/1053 968/1052 967/995 911/1024
f 933/1046 940/1053 911/1024 910/1022
f 933/1046 934/1045 939/1051 940/1053
f 941/1054 944/1055 943/1056 942/1057
f 923/1036 942/1057 943/1056 926/1038
f 924/1035 945/1058 942/1057 923/1036
f 946/1059 941/1054 942/1057 945/1058
f 947/916 826/915 823/914 948/917
f 948/1060 949/1061 944/1055 941/1054
f 947/916 948/917 941/1054 946/1059
f 950/1062 937/901 936/1049 951/1063
f 949/1061 950/1062 951/1063 944/1055
f 951/1063 936/1049 935/1048 952/1064
f 927/1040 952/1064 935/1048 908/1019
f 926/1038 943/1056 952/1064 927/1040
f 944/1055 951/1063 952/1064 943/1056
f 668/693 670/696 955/696 953/693
f 673/370 674/365 959/365 958/370
f 674/365 677/362 962/362 959/365
f 671/692 668/701 953/701 956/692
f 678/689 671/692 956/692 963/689
f 685/363 684/362 969/362 970/363
f 677/362 685/363 970/363 962/362
f 682/690 678/689 963/689 967/690
f 670/310 669/309 954/309 955/310
f 669/311 672/314 957/314 954/311
f 672/314 679/315 964/315 957/314
f 686/365 673/370 958/370 971/365
f 323/364 676/361 961/361 801/364
f 675/361 323/364 801/364 960/361
f 676/361 680/745 965/745 961/361
f 322/360 675/361 960/361 800/360
f 679/315 681/318 966/318 964/315
f 680/745 683/747 968/747 965/745
f 321/357 322/360 800/360 799/357
f 683/747 682/690 967/690 968/747
f 681/318 321/357 799/357 966/318
f 684/362 686/365 971/365 969/362
f 972/1065 973/1066 974/1067 975/1068
f 973/1066 976/1069 977/1070 974/1067
f 978/1071 979/1072 976/1073 973/1074
f 980/1075 978/1071 973/1074 972/1076
f 976/1069 981/1077 982/1078 977/1070
f 981/1077 983/1079 984/1080 982/1078
f 985/1081 986/1082 983/1083 981/1084
f 979/1072 985/1081 981/1084 976/1073
f 987/1085 988/1086 985/1087 979/1088
f 988/1086 989/1089 986/1090 985/1087
f 990/1091 991/1092 989/1093 988/1094
f 992/1095 990/1091 988/1094 987/1096
f 993/1097 994/1098 978/1099 980/1100
f 994/1098 987/1085 979/1088 978/1099
f 995/1101 992/1095 987/1096 994/1102
f 996/1103 995/1101 994/1102 993/1104
f 997/1105 998/1106 995/1107 996/1108
f 998/1106 999/1109 992/1110 995/1107
f 1000/1111 1001/1112 999/1109 998/1106
f 1002/1113 1000/1111 998/1106 997/1105
f 999/1109 1003/1114 990/1115 992/1110
f 1003/1114 1004/1116 991/1117 990/1115
f 1005/1118 1006/1119 1004/1116 1003/1114
f 1001/1112 1005/1118 1003/1114 999/1109
f 1007/1120 1008/1121 1005/1118 1001/1112
f 1008/1121 1009/1122 1006/1119 1005/1118
f 1010/1123 1011/1124 1009/1122 1008/1121
f 1012/1125 1010/1123 1008/1121 1007/1120
f 1013/1126 1014/1127 1000/1111 1002/1113
f 1014/1127 1007/1120 1001/1112 1000/1111
f 1015/1128 1012/1125 1007/1120 1014/1127
f 1016/1129 1015/1128 1014/1127 1013/1126
f 1017/1130 1018/1131 1015/1128 1016/1129
f 1018/1131 1019/1132 1012/1125 1015/1128
f 1020/1133 1021/1134 1019/1135 1018/1136
f 1022/1137 1020/1133 1018/1136 1017/1138
f 1019/1132 1023/1139 1010/1123 1012/1125
f 1023/1139 1024/1140 1011/1124 1010/1123
f 1025/1141 1026/1142 1024/1143 1023/1144
f 1021/1134 1025/1141 1023/1144 1019/1135
f 1027/1145 1028/1146 1025/1147 1021/1148
f 1028/1146 1029/1149 1026/1150 1025/1147
f 1030/1151 1031/1152 1029/1153 1028/1154
f 1030/1151 1028/1154 1027/1155 1032/1156
f 1033/1157 1034/1158 1020/1159 1022/1160
f 1034/1158 1027/1145 1021/1148 1020/1159
f 1035/1161 1032/1156 1027/1155 1034/1162
f 1036/1163 1035/1161 1034/1162 1033/1164
f 1037/1165 1038/1166 1039/1167 1040/1168
f 1037/1165 1041/1169 1042/1170 1038/1166
f 1043/1171 1044/1172 1041/1169 1037/1165
f 1043/1171 1037/1165 1040/1168 1045/1173
f 1041/1169 1046/1174 1047/1175 1042/1170
f 1046/1174 1048/1176 1049/1177 1047/1175
f 1050/1178 1051/1179 1048/1176 1046/1174
f 1044/1172 1050/1178 1046/1174 1041/1169
f 1052/1180 1053/1181 1050/1178 1044/1172
f 1053/1181 1054/1182 1051/1179 1050/1178
f 1055/1183 1056/1184 1054/1182 1053/1181
f 1057/1185 1055/1183 1053/1181 1052/1180
f 1058/1186 1059/1187 1043/1171 1045/1173
f 1059/1187 1052/1180 1044/1172 1043/1171
f 1060/1188 1057/1185 1052/1180 1059/1187
f 1061/1189 1060/1188 1059/1187 1058/1186
f 1062/1190 1063/1191 1060/1188 1061/1189
f 1063/1191 1064/1192 1057/1185 1060/1188
f 1065/1193 1066/1194 1064/1192 1063/1191
f 1067/1195 1065/1193 1063/1191 1062/1190
f 1064/1192 1068/1196 1055/1183 1057/1185
f 1068/1196 1069/1197 1056/1184 1055/1183
f 1070/1198 1071/1199 1069/1197 1068/1196
f 1066/1194 1070/1198 1068/1196 1064/1192
f 1072/1200 1073/1201 1070/1198 1066/1194
f 1073/1201 1074/1202 1071/1199 1070/1198
f 1075/1203 1076/1204 1074/1202 1073/1201
f 1077/1205 1075/1203 1073/1201 1072/1200
f 1078/1206 1079/1207 1065/1193 1067/1195
f 1079/1207 1072/1200 1066/1194 1065/1193
f 1080/1208 1077/1205 1072/1200 1079/1207
f 1081/1209 1080/1208 1079/1207 1078/1206
f 1082/1210 1083/1211 1080/1208 1081/1209
f 1083/1211 1084/1212 1077/1205 1080/1208
f 1085/1213 1086/1214 1084/1212 1083/1211
f 1087/1215 1085/1213 1083/1211 1082/1210
f 1084/1212 1088/1216 1075/1203 1077/1205
f 1088/1216 1089/1217 1076/1204 1075/1203
f 1090/1218 1091/1219 1089/1217 1088/1216
f 1086/1214 1090/1218 1088/1216 1084/1212
f 1092/1220 1093/1221 1090/1218 1086/1214
f 1093/1221 1094/1222 1091/1219 1090/1218
f 982/1078 984/1080 1094/1222 1093/1221
f 977/1070 982/1078 1093/1221 1092/1220
f 1095/1223 1096/1224 1085/1213 1087/1215
f 1096/1224 1092/1220 1086/1214 1085/1213
f 974/1067 977/1070 1092/1220 1096/1224
f 975/1068 974/1067 1096/1224 1095/1223
f 986/1082 1097/1225 1098/1226 983/1083
f 983/1079 1098/1227 1099/1228 984/1080
f 1098/1227 1100/1229 1101/1230 1099/1228
f 1097/1225 1102/1231 1100/1232 1098/1226
f 1100/1229 1103/1233 1104/1234 1101/1230
f 1103/1233 1105/1235 1106/1236 1104/1234
f 1107/1237 1108/1238 1105/1239 1103/1240
f 1102/1231 1107/1237 1103/1240 1100/1232
f 1109/1241 1107/1242 1102/1243 1110/1244
f 1109/1241 1111/1245 1108/1246 1107/1242
f 1112/1247 1113/1248 1111/1249 1109/1250
f 1114/1251 1112/1247 1109/1250 1110/1252
f 989/1089 1115/1253 1097/1254 986/1090
f 1115/1253 1110/1244 1102/1243 1097/1254
f 1116/1255 1114/1251 1110/1252 1115/1256
f 991/1092 1116/1255 1115/1256 989/1093
f 1004/1116 1117/1257 1116/1258 991/1117
f 1117/1257 1118/1259 1114/1260 1116/1258
f 1119/1261 1120/1262 1118/1259 1117/1257
f 1006/1119 1119/1261 1117/1257 1004/1116
f 1121/1263 1112/1264 1114/1260 1118/1259
f 1121/1263 1122/1265 1113/1266 1112/1264
f 1123/1267 1124/1268 1122/1265 1121/1263
f 1120/1262 1123/1267 1121/1263 1118/1259
f 1125/1269 1126/1270 1123/1267 1120/1262
f 1126/1270 1127/1271 1124/1268 1123/1267
f 1128/1272 1129/1273 1127/1271 1126/1270
f 1128/1272 1126/1270 1125/1269 1130/1274
f 1011/1124 1131/1275 1132/1276 1009/1122
f 1009/1122 1132/1276 1119/1261 1006/1119
f 1132/1276 1125/1269 1120/1262 1119/1261
f 1131/1275 1130/1274 1125/1269 1132/1276
f 1024/1140 1133/1277 1131/1275 1011/1124
f 1133/1277 1134/1278 1130/1274 1131/1275
f 1135/1279 1136/1280 1134/1281 1133/1282
f 1135/1279 1133/1282 1024/1143 1026/1142
f 1134/1278 1137/1283 1128/1272 1130/1274
f 1137/1283 1138/1284 1129/1273 1128/1272
f 1139/1285 1140/1286 1138/1287 1137/1288
f 1139/1285 1137/1288 1134/1281 1136/1280
f 1141/1289 1142/1290 1139/1291 1136/1292
f 1142/1290 1143/1293 1140/1294 1139/1291
f 1144/1295 1145/1296 1143/1297 1142/1298
f 1144/1295 1142/1298 1141/1299 1146/1300
f 1147/1301 1148/1302 1029/1153 1031/1152
f 1029/1149 1148/1303 1135/1304 1026/1150
f 1148/1303 1141/1289 1136/1292 1135/1304
f 1147/1301 1146/1300 1141/1299 1148/1302
f 1048/1176 1149/1305 1150/1306 1049/1177
f 1149/1305 1151/1307 1152/1308 1150/1306
f 1153/1309 1154/1310 1151/1307 1149/1305
f 1051/1179 1153/1309 1149/1305 1048/1176
f 1151/1307 1155/1311 1156/1312 1152/1308
f 1155/1311 1157/1313 1158/1314 1156/1312
f 1159/1315 1160/1316 1157/1313 1155/1311
f 1154/1310 1159/1315 1155/1311 1151/1307
f 1161/1317 1162/1318 1159/1315 1154/1310
f 1162/1318 1163/1319 1160/1316 1159/1315
f 1164/1320 1165/1321 1163/1319 1162/1318
f 1166/1322 1164/1320 1162/1318 1161/1317
f 1054/1182 1167/1323 1153/1309 1051/1179
f 1167/1323 1161/1317 1154/1310 1153/1309
f 1168/1324 1166/1322 1161/1317 1167/1323
f 1056/1184 1168/1324 1167/1323 1054/1182
f 1069/1197 1169/1325 1168/1324 1056/1184
f 1169/1325 1170/1326 1166/1322 1168/1324
f 1171/1327 1172/1328 1170/1326 1169/1325
f 1071/1199 1171/1327 1169/1325 1069/1197
f 1170/1326 1173/1329 1164/1320 1166/1322
f 1173/1329 1174/1330 1165/1321 1164/1320
f 1175/1331 1176/1332 1174/1330 1173/1329
f 1172/1328 1175/1331 1173/1329 1170/1326
f 1177/1333 1178/1334 1175/1331 1172/1328
f 1178/1334 1179/1335 1176/1332 1175/1331
f 1180/1336 1181/1337 1179/1335 1178/1334
f 1182/1338 1180/1336 1178/1334 1177/1333
f 1074/1202 1183/1339 1171/1327 1071/1199
f 1183/1339 1177/1333 1172/1328 1171/1327
f 1184/1340 1182/1338 1177/1333 1183/1339
f 1076/1204 1184/1340 1183/1339 1074/1202
f 1089/1217 1185/1341 1184/1340 1076/1204
f 1185/1341 1186/1342 1182/1338 1184/1340
f 1187/1343 1188/1344 1186/1342 1185/1341
f 1091/1219 1187/1343 1185/1341 1089/1217
f 1186/1342 1189/1345 1180/1336 1182/1338
f 1189/1345 1190/1346 1181/1337 1180/1336
f 1191/1347 1192/1348 1190/1346 1189/1345
f 1188/1344 1191/1347 1189/1345 1186/1342
f 1193/1349 1194/1350 1191/1347 1188/1344
f 1194/1350 1195/1351 1192/1348 1191/1347
f 1104/1234 1106/1236 1195/1351 1194/1350
f 1101/1230 1104/1234 1194/1350 1193/1349
f 1094/1222 1196/1352 1187/1343 1091/1219
f 1196/1352 1193/1349 1188/1344 1187/1343
f 1099/1228 1101/1230 1193/1349 1196/1352
f 984/1080 1099/1228 1196/1352 1094/1222
f 1105/1235 1197/1353 1198/1354 1106/1236
f 1197/1353 1199/1355 1200/1356 1198/1354
f 1201/1357 1202/1358 1199/1359 1197/1360
f 1108/1238 1201/1357 1197/1360 1105/1239
f 1203/1361 1204/1362 1200/1356 1199/1355
f 1203/1361 1205/1363 1206/1364 1204/1362
f 1207/1365 1208/1366 1205/1367 1203/1368
f 1202/1358 1207/1365 1203/1368 1199/1359
f 1209/1369 1210/1370 1207/1371 1202/1372
f 1210/1370 1211/1373 1208/1374 1207/1371
f 1212/1375 1213/1376 1211/1377 1210/1378
f 1212/1375 1210/1378 1209/1379 1214/1380
f 1111/1245 1215/1381 1201/1382 1108/1246
f 1215/1381 1209/1369 1202/1372 1201/1382
f 1216/1383 1214/1380 1209/1379 1215/1384
f 1113/1248 1216/1383 1215/1384 1111/1249
f 1122/1265 1217/1385 1216/1386 1113/1266
f 1217/1385 1218/1387 1214/1388 1216/1386
f 1219/1389 1220/1390 1218/1387 1217/1385
f 1124/1268 1219/1389 1217/1385 1122/1265
f 1218/1387 1221/1391 1212/1392 1214/1388
f 1221/1391 1222/1393 1213/1394 1212/1392
f 1223/1395 1224/1396 1222/1393 1221/1391
f 1223/1395 1221/1391 1218/1387 1220/1390
f 1225/1397 1226/1398 1223/1395 1220/1390
f 1226/1398 1227/1399 1224/1396 1223/1395
f 1228/1400 1229/1401 1227/1399 1226/1398
f 1228/1400 1226/1398 1225/1397 1230/1402
f 1127/1271 1231/1403 1219/1389 1124/1268
f 1231/1403 1225/1397 1220/1390 1219/1389
f 1232/1404 1230/1402 1225/1397 1231/1403
f 1129/1273 1232/1404 1231/1403 1127/1271
f 1138/1284 1233/1405 1232/1404 1129/1273
f 1233/1405 1234/1406 1230/1402 1232/1404
f 1235/1407 1236/1408 1234/1409 1233/1410
f 1140/1286 1235/1407 1233/1410 1138/1287
f 1234/1406 1237/1411 1228/1400 1230/1402
f 1237/1411 1238/1412 1229/1401 1228/1400
f 1239/1413 1240/1414 1238/1415 1237/1416
f 1239/1413 1237/1416 1234/1409 1236/1408
f 1241/1417 1242/1418 1239/1419 1236/1420
f 1242/1418 1243/1421 1240/1422 1239/1419
f 1244/1423 1245/1424 1243/1425 1242/1426
f 1244/1423 1242/1426 1241/1427 1246/1428
f 1143/1293 1247/1429 1235/1430 1140/1294
f 1247/1429 1241/1417 1236/1420 1235/1430
f 1248/1431 1246/1428 1241/1427 1247/1432
f 1145/1296 1248/1431 1247/1432 1143/1297
f 1157/1313 1249/1433 1250/1434 1158/1314
f 1249/1433 1251/1435 1252/1436 1250/1434
f 1253/1437 1254/1438 1251/1435 1249/1433
f 1160/1316 1253/1437 1249/1433 1157/1313
f 1251/1435 1255/1439 1256/1440 1252/1436
f 1255/1439 1257/1441 1258/1442 1256/1440
f 1259/1443 1260/1444 1257/1441 1255/1439
f 1254/1438 1259/1443 1255/1439 1251/1435
f 1261/1445 1262/1446 1259/1443 1254/1438
f 1262/1446 1263/1447 1260/1444 1259/1443
f 1264/1448 1265/1449 1263/1447 1262/1446
f 1266/1450 1264/1448 1262/1446 1261/1445
f 1163/1319 1267/1451 1253/1437 1160/1316
f 1267/1451 1261/1445 1254/1438 1253/1437
f 1268/1452 1266/1450 1261/1445 1267/1451
f 1165/1321 1268/1452 1267/1451 1163/1319
f 1174/1330 1269/1453 1268/1452 1165/1321
f 1269/1453 1270/1454 1266/1450 1268/1452
f 1271/1455 1272/1456 1270/1454 1269/1453
f 1176/1332 1271/1455 1269/1453 1174/1330
f 1270/1454 1273/1457 1264/1448 1266/1450
f 1273/1457 1274/1458 1265/1449 1264/1448
f 1275/1459 1276/1460 1274/1458 1273/1457
f 1272/1456 1275/1459 1273/1457 1270/1454
f 1277/1461 1278/1462 1275/1459 1272/1456
f 1278/1462 1279/1463 1276/1460 1275/1459
f 1280/1464 1281/1465 1279/1463 1278/1462
f 1282/1466 1280/1464 1278/1462 1277/1461
f 1179/1335 1283/1467 1271/1455 1176/1332
f 1283/1467 1277/1461 1272/1456 1271/1455
f 1284/1468 1282/1466 1277/1461 1283/1467
f 1181/1337 1284/1468 1283/1467 1179/1335
f 1192/1348 1285/1469 1286/1470 1190/1346
f 1190/1346 1286/1470 1284/1468 1181/1337
f 1286/1470 1287/1471 1282/1466 1284/1468
f 1285/1469 1288/1472 1287/1471 1286/1470
f 1287/1471 1289/1473 1280/1464 1282/1466
f 1289/1473 1290/1474 1281/1465 1280/1464
f 1291/1475 1292/1476 1290/1474 1289/1473
f 1288/1472 1291/1475 1289/1473 1287/1471
f 1293/1477 1291/1475 1288/1472 1294/1478
f 1293/1477 1295/1479 1292/1476 1291/1475
f 1204/1362 1206/1364 1295/1479 1293/1477
f 1200/1356 1204/1362 1293/1477 1294/1478
f 1195/1351 1296/1480 1285/1469 1192/1348
f 1296/1480 1294/1478 1288/1472 1285/1469
f 1198/1354 1200/1356 1294/1478 1296/1480
f 1106/1236 1198/1354 1296/1480 1195/1351
f 1205/1363 1297/1481 1298/1482 1206/1364
f 1297/1481 1299/1483 1300/1484 1298/1482
f 1301/1485 1302/1486 1299/1487 1297/1488
f 1208/1366 1301/1485 1297/1488 1205/1367
f 1299/1483 1303/1489 1304/1490 1300/1484
f 1303/1489 1305/1491 1306/1492 1304/1490
f 1307/1493 1308/1494 1305/1495 1303/1496
f 1302/1486 1307/1493 1303/1496 1299/1487
f 1309/1497 1310/1498 1307/1499 1302/1500
f 1310/1498 1311/1501 1308/1502 1307/1499
f 1312/1503 1313/1504 1311/1505 1310/1506
f 1314/1507 1312/1503 1310/1506 1309/1508
f 1213/1376 1315/1509 1316/1510 1211/1377
f 1211/1373 1316/1511 1301/1512 1208/1374
f 1316/1511 1309/1497 1302/1500 1301/1512
f 1315/1509 1314/1507 1309/1508 1316/1510
f 1222/1393 1317/1513 1315/1514 1213/1394
f 1317/1513 1318/1515 1314/1516 1315/1514
f 1319/1517 1320/1518 1318/1515 1317/1513
f 1224/1396 1319/1517 1317/1513 1222/1393
f 1318/1515 1321/1519 1312/1520 1314/1516
f 1321/1519 1322/1521 1313/1522 1312/1520
f 1323/1523 1324/1524 1322/1521 1321/1519
f 1320/1518 1323/1523 1321/1519 1318/1515
f 1325/1525 1326/1526 1323/1523 1320/1518
f 1326/1526 1327/1527 1324/1524 1323/1523
f 1328/1528 1329/1529 1327/1527 1326/1526
f 1330/1530 1328/1528 1326/1526 1325/1525
f 1331/1531 1332/1532 1227/1399 1229/1401
f 1227/1399 1332/1532 1319/1517 1224/1396
f 1332/1532 1325/1525 1320/1518 1319/1517
f 1331/1531 1330/1530 1325/1525 1332/1532
f 1238/1412 1333/1533 1331/1531 1229/1401
f 1333/1533 1334/1534 1330/1530 1331/1531
f 1335/1535 1336/1536 1334/1537 1333/1538
f 1335/1535 1333/1538 1238/1415 1240/1414
f 1334/1534 1337/1539 1328/1528 1330/1530
f 1337/1539 1338/1540 1329/1529 1328/1528
f 1339/1541 1340/1542 1338/1543 1337/1544
f 1336/1536 1339/1541 1337/1544 1334/1537
f 1341/1545 1342/1546 1339/1547 1336/1548
f 1342/1546 1343/1549 1340/1550 1339/1547
f 1344/1551 1345/1552 1343/1553 1342/1554
f 1344/1551 1342/1554 1341/1555 1346/1556
f 1347/1557 1348/1558 1243/1425 1245/1424
f 1243/1421 1348/1559 1335/1560 1240/1422
f 1348/1559 1341/1545 1336/1548 1335/1560
f 1347/1557 1346/1556 1341/1555 1348/1558
f 1257/1441 1349/1561 1350/1562 1258/1442
f 1349/1561 1351/1563 1352/1564 1350/1562
f 1353/1565 1354/1566 1351/1563 1349/1561
f 1260/1444 1353/1565 1349/1561 1257/1441
f 1351/1563 1355/1567 1356/1568 1352/1564
f 1355/1567 1357/1569 1358/1570 1356/1568
f 1359/1571 1360/1572 1357/1569 1355/1567
f 1354/1566 1359/1571 1355/1567 1351/1563
f 1361/1573 1362/1574 1359/1571 1354/1566
f 1362/1574 1363/1575 1360/1572 1359/1571
f 1364/1576 1365/1577 1363/1575 1362/1574
f 1366/1578 1364/1576 1362/1574 1361/1573
f 1263/1447 1367/1579 1353/1565 1260/1444
f 1367/1579 1361/1573 1354/1566 1353/1565
f 1368/1580 1366/1578 1361/1573 1367/1579
f 1265/1449 1368/1580 1367/1579 1263/1447
f 1274/1458 1369/1581 1368/1580 1265/1449
f 1369/1581 1370/1582 1366/1578 1368/1580
f 1371/1583 1372/1584 1370/1582 1369/1581
f 1276/1460 1371/1583 1369/1581 1274/1458
f 1370/1582 1373/1585 1364/1576 1366/1578
f 1373/1585 1374/1586 1365/1577 1364/1576
f 1375/1587 1376/1588 1374/1586 1373/1585
f 1372/1584 1375/1587 1373/1585 1370/1582
f 1377/1589 1378/1590 1375/1587 1372/1584
f 1378/1590 1379/1591 1376/1588 1375/1587
f 1380/1592 1381/1593 1379/1591 1378/1590
f 1382/1594 1380/1592 1378/1590 1377/1589
f 1279/1463 1383/1595 1371/1583 1276/1460
f 1383/1595 1377/1589 1372/1584 1371/1583
f 1384/1596 1382/1594 1377/1589 1383/1595
f 1281/1465 1384/1596 1383/1595 1279/1463
f 1292/1476 1385/1597 1386/1598 1290/1474
f 1290/1474 1386/1598 1384/1596 1281/1465
f 1386/1598 1387/1599 1382/1594 1384/1596
f 1385/1597 1388/1600 1387/1599 1386/1598
f 1387/1599 1389/1601 1380/1592 1382/1594
f 1389/1601 1390/1602 1381/1593 1380/1592
f 1391/1603 1390/1602 1389/1601 1392/1604
f 1392/1604 1389/1601 1387/1599 1388/1600
f 1393/1605 1394/1606 1392/1604 1388/1600
f 1395/1607 1391/1603 1392/1604 1394/1606
f 1304/1490 1306/1492 1395/1607 1394/1606
f 1304/1490 1394/1606 1393/1605 1300/1484
f 1396/1608 1385/1597 1292/1476 1295/1479
f 1396/1608 1393/1605 1388/1600 1385/1597
f 1298/1482 1300/1484 1393/1605 1396/1608
f 1206/1364 1298/1482 1396/1608 1295/1479
f 1305/1491 1397/1609 1398/1610 1306/1492
f 1397/1609 1399/1611 1400/1612 1398/1610
f 1401/1613 1402/1614 1399/1615 1397/1616
f 1308/1494 1401/1613 1397/1616 1305/1495
f 1399/1611 1403/1617 1404/1618 1400/1612
f 1403/1617 1405/1619 1406/1620 1404/1618
f 1407/1621 1408/1622 1405/1623 1403/1624
f 1402/1614 1407/1621 1403/1624 1399/1615
f 1409/1625 1410/1626 1407/1627 1402/1628
f 1410/1626 1411/1629 1408/1630 1407/1627
f 1412/1631 1413/1632 1411/1633 1410/1634
f 1414/1635 1412/1631 1410/1634 1409/1636
f 1311/1501 1415/1637 1401/1638 1308/1502
f 1415/1637 1409/1625 1402/1628 1401/1638
f 1416/1639 1414/1635 1409/1636 1415/1640
f 1313/1504 1416/1639 1415/1640 1311/1505
f 1322/1521 1417/1641 1416/1642 1313/1522
f 1417/1641 1418/1643 1414/1644 1416/1642
f 1419/1645 1420/1646 1418/1643 1417/1641
f 1324/1524 1419/1645 1417/1641 1322/1521
f 1418/1643 1421/1647 1412/1648 1414/1644
f 1421/1647 1422/1649 1413/1650 1412/1648
f 1423/1651 1424/1652 1422/1649 1421/1647
f 1420/1646 1423/1651 1421/1647 1418/1643
f 1425/1653 1426/1654 1423/1651 1420/1646
f 1426/1654 1427/1655 1424/1652 1423/1651
f 1428/1656 1429/1657 1427/1655 1426/1654
f 1430/1658 1428/1656 1426/1654 1425/1653
f 1327/1527 1431/1659 1419/1645 1324/1524
f 1431/1659 1425/1653 1420/1646 1419/1645
f 1432/1660 1430/1658 1425/1653 1431/1659
f 1329/1529 1432/1660 1431/1659 1327/1527
f 1340/1542 1433/1661 1434/1662 1338/1543
f 1338/1540 1434/1663 1432/1660 1329/1529
f 1434/1663 1435/1664 1430/1658 1432/1660
f 1433/1661 1436/1665 1435/1666 1434/1662
f 1437/1667 1428/1656 1430/1658 1435/1664
f 1437/1667 1438/1668 1429/1657 1428/1656
f 1439/1669 1440/1670 1438/1671 1437/1672
f 1436/1665 1439/1669 1437/1672 1435/1666
f 1441/1673 1439/1674 1436/1675 1442/1676
f 1441/1673 1443/1677 1440/1678 1439/1674
f 1444/1679 1443/1680 1441/1681 1445/1682
f 1446/1683 1445/1682 1441/1681 1442/1684
f 1447/1685 1433/1686 1340/1550 1343/1549
f 1447/1685 1442/1676 1436/1675 1433/1686
f 1448/1687 1446/1683 1442/1684 1447/1688
f 1345/1552 1448/1687 1447/1688 1343/1553
f 1357/1569 1449/1689 1450/1690 1358/1570
f 1449/1689 1451/1691 1452/1692 1450/1690
f 1453/1693 1454/1694 1451/1691 1449/1689
f 1360/1572 1453/1693 1449/1689 1357/1569
f 1451/1691 1455/1695 1456/1696 1452/1692
f 1455/1695 1457/1697 1458/1698 1456/1696
f 1459/1699 1460/1700 1457/1697 1455/1695
f 1454/1694 1459/1699 1455/1695 1451/1691
f 1461/1701 1462/1702 1459/1699 1454/1694
f 1462/1702 1463/1703 1460/1700 1459/1699
f 1464/1704 1465/1705 1463/1703 1462/1702
f 1466/1706 1464/1704 1462/1702 1461/1701
f 1363/1575 1467/1707 1453/1693 1360/1572
f 1467/1707 1461/1701 1454/1694 1453/1693
f 1468/1708 1466/1706 1461/1701 1467/1707
f 1365/1577 1468/1708 1467/1707 1363/1575
f 1374/1586 1469/1709 1468/1708 1365/1577
f 1469/1709 1470/1710 1466/1706 1468/1708
f 1471/1711 1472/1712 1470/1710 1469/1709
f 1376/1588 1471/1711 1469/1709 1374/1586
f 1470/1710 1473/1713 1464/1704 1466/1706
f 1473/1713 1474/1714 1465/1705 1464/1704
f 1475/1715 1476/1716 1474/1714 1473/1713
f 1472/1712 1475/1715 1473/1713 1470/1710
f 1477/1717 1478/1718 1475/1715 1472/1712
f 1478/1718 1479/1719 1476/1716 1475/1715
f 1480/1720 1481/1721 1479/1719 1478/1718
f 1482/1722 1480/1720 1478/1718 1477/1717
f 1483/1723 1484/1724 1379/1591 1381/1593
f 1379/1591 1484/1724 1471/1711 1376/1588
f 1484/1724 1477/1717 1472/1712 1471/1711
f 1483/1723 1482/1722 1477/1717 1484/1724
f 1390/1602 1485/1725 1483/1723 1381/1593
f 1485/1725 1486/1726 1482/1722 1483/1723
f 1487/1727 1486/1726 1485/1725 1488/1728
f 1488/1728 1485/1725 1390/1602 1391/1603
f 1487/1727 1489/1729 1490/1730 1486/1726
f 1490/1730 1480/1720 1482/1722 1486/1726
f 1490/1730 1491/1731 1481/1721 1480/1720
f 1489/1729 1492/1732 1491/1731 1490/1730
f 1493/1733 1489/1729 1487/1727 1494/1734
f 1493/1733 1495/1735 1492/1732 1489/1729
f 1404/1618 1406/1620 1495/1735 1493/1733
f 1400/1612 1404/1618 1493/1733 1494/1734
f 1398/1610 1496/1736 1395/1607 1306/1492
f 1395/1607 1496/1736 1488/1728 1391/1603
f 1496/1736 1494/1734 1487/1727 1488/1728
f 1398/1610 1400/1612 1494/1734 1496/1736
f 1408/1622 1497/1737 1498/1738 1405/1623
f 1498/1739 1499/1740 1406/1620 1405/1619
f 1498/1739 1500/1741 1501/1742 1499/1740
f 1497/1737 1502/1743 1500/1744 1498/1738
f 1503/1745 1504/1746 1501/1742 1500/1741
f 1503/1745 1505/1747 1506/1748 1504/1746
f 1507/1749 1508/1750 1505/1751 1503/1752
f 1502/1743 1507/1749 1503/1752 1500/1744
f 1509/1753 1507/1754 1502/1755 1510/1756
f 1509/1753 1511/1757 1508/1758 1507/1754
f 1512/1759 1513/1760 1511/1761 1509/1762
f 1514/1763 1512/1759 1509/1762 1510/1764
f 1515/1765 1497/1766 1408/1630 1411/1629
f 1515/1765 1510/1756 1502/1755 1497/1766
f 1516/1767 1514/1763 1510/1764 1515/1768
f 1413/1632 1516/1767 1515/1768 1411/1633
f 1424/1652 1517/1769 1518/1770 1422/1649
f 1422/1649 1518/1770 1516/1771 1413/1650
f 1518/1770 1519/1772 1514/1773 1516/1771
f 1517/1769 1520/1774 1519/1772 1518/1770
f 1521/1775 1512/1776 1514/1773 1519/1772
f 1521/1775 1522/1777 1513/1778 1512/1776
f 1523/1779 1524/1780 1522/1777 1521/1775
f 1520/1774 1523/1779 1521/1775 1519/1772
f 1525/1781 1523/1779 1520/1774 1526/1782
f 1525/1781 1527/1783 1524/1780 1523/1779
f 1528/1784 1527/1783 1525/1781 1529/1785
f 1530/1786 1529/1785 1525/1781 1526/1782
f 1427/1655 1531/1787 1517/1769 1424/1652
f 1531/1787 1526/1782 1520/1774 1517/1769
f 1532/1788 1530/1786 1526/1782 1531/1787
f 1429/1657 1532/1788 1531/1787 1427/1655
f 1440/1670 1533/1789 1534/1790 1438/1671
f 1534/1791 1532/1788 1429/1657 1438/1668
f 1534/1791 1535/1792 1530/1786 1532/1788
f 1536/1793 1535/1794 1534/1790 1533/1789
f 1536/1793 1537/1795 1538/1796 1535/1794
f 1538/1797 1529/1785 1530/1786 1535/1792
f 1539/1798 1528/1784 1529/1785 1538/1797
f 1540/1799 1539/1800 1538/1796 1537/1795
f 1541/1801 1542/1802 1543/1803 1544/1804
f 1543/1805 1537/1806 1536/1807 1544/1808
f 1545/1809 1540/1810 1537/1806 1543/1805
f 1546/1811 1545/1812 1543/1803 1542/1802
f 1547/1813 1533/1814 1440/1678 1443/1677
f 1544/1808 1536/1807 1533/1814 1547/1813
f 1541/1801 1544/1804 1547/1815 1548/1816
f 1444/1679 1548/1816 1547/1815 1443/1680
f 1460/1700 1549/1817 1550/1818 1457/1697
f 1457/1697 1550/1818 1551/1819 1458/1698
f 1550/1818 1552/1820 1553/1821 1551/1819
f 1549/1817 1554/1822 1552/1820 1550/1818
f 1555/1823 1556/1824 1553/1821 1552/1820
f 1555/1823 1557/1825 1558/1826 1556/1824
f 1559/1827 1560/1828 1557/1825 1555/1823
f 1554/1822 1559/1827 1555/1823 1552/1820
f 1561/1829 1559/1827 1554/1822 1562/1830
f 1561/1829 1563/1831 1560/1828 1559/1827
f 1564/1832 1565/1833 1563/1831 1561/1829
f 1566/1834 1564/1832 1561/1829 1562/1830
f 1567/1835 1549/1817 1460/1700 1463/1703
f 1567/1835 1562/1830 1554/1822 1549/1817
f 1568/1836 1566/1834 1562/1830 1567/1835
f 1465/1705 1568/1836 1567/1835 1463/1703
f 1476/1716 1569/1837 1570/1838 1474/1714
f 1570/1838 1568/1836 1465/1705 1474/1714
f 1570/1838 1571/1839 1566/1834 1568/1836
f 1569/1837 1572/1840 1571/1839 1570/1838
f 1573/1841 1564/1832 1566/1834 1571/1839
f 1573/1841 1574/1842 1565/1833 1564/1832
f 1575/1843 1576/1844 1574/1842 1573/1841
f 1572/1840 1575/1843 1573/1841 1571/1839
f 1577/1845 1575/1843 1572/1840 1578/1846
f 1577/1845 1579/1847 1576/1844 1575/1843
f 1580/1848 1581/1849 1579/1847 1577/1845
f 1582/1850 1580/1848 1577/1845 1578/1846
f 1583/1851 1569/1837 1476/1716 1479/1719
f 1583/1851 1578/1846 1572/1840 1569/1837
f 1584/1852 1582/1850 1578/1846 1583/1851
f 1481/1721 1584/1852 1583/1851 1479/1719
f 1492/1732 1585/1853 1586/1854 1491/1731
f 1586/1854 1584/1852 1481/1721 1491/1731
f 1586/1854 1587/1855 1582/1850 1584/1852
f 1585/1853 1588/1856 1587/1855 1586/1854
f 1589/1857 1580/1848 1582/1850 1587/1855
f 1589/1857 1590/1858 1581/1849 1580/1848
f 1591/1859 1592/1860 1590/1858 1589/1857
f 1588/1856 1591/1859 1589/1857 1587/1855
f 1593/1861 1591/1859 1588/1856 1594/1862
f 1593/1861 1595/1863 1592/1860 1591/1859
f 1504/1746 1506/1748 1595/1863 1593/1861
f 1501/1742 1504/1746 1593/1861 1594/1862
f 1596/1864 1585/1853 1492/1732 1495/1735
f 1596/1864 1594/1862 1588/1856 1585/1853
f 1499/1740 1501/1742 1594/1862 1596/1864
f 1406/1620 1499/1740 1596/1864 1495/1735
f 1597/1865 1598/1866 1599/1867 1600/1868
f 1598/1866 1505/1751 1508/1750 1599/1867
f 1601/1869 1506/1748 1505/1747 1598/1870
f 1602/1871 1601/1869 1598/1870 1597/1872
f 1603/1873 1604/1874 1605/1875 1606/1876
f 1605/1877 1604/1878 1607/1879 1608/1880
f 1604/1878 1597/1865 1600/1868 1607/1879
f 1603/1873 1602/1871 1597/1872 1604/1874
f 1609/1881 1610/1882 1611/1883 1612/1884
f 1610/1882 1613/1885 1614/1886 1611/1883
f 1607/1887 1600/1888 1613/1889 1610/1890
f 1607/1887 1610/1890 1609/1891 1608/1892
f 1613/1885 1615/1893 1616/1894 1614/1886
f 1615/1893 1511/1761 1513/1760 1616/1894
f 1599/1895 1508/1758 1511/1757 1615/1896
f 1600/1888 1599/1895 1615/1896 1613/1889
f 1617/1897 1618/1898 1619/1899 1620/1900
f 1618/1898 1522/1777 1524/1780 1619/1899
f 1616/1901 1513/1778 1522/1777 1618/1898
f 1614/1902 1616/1901 1618/1898 1617/1897
f 1611/1903 1621/1904 2383/1905 1612/1906
f 2383/1905 1621/1904 1623/1907 2378/1908
f 1621/1904 1617/1897 1620/1900 1623/1907
f 1611/1903 1614/1902 1617/1897 1621/1904
f 2379/1909 1626/1910 1627/1911 2380/1912
f 1626/1910 1629/1913 1630/1914 1627/1911
f 1623/1907 1620/1900 1629/1913 1626/1910
f 1623/1907 1626/1910 2379/1909 2378/1908
f 1629/1913 1631/1915 1632/1916 1630/1914
f 1631/1915 1527/1783 1528/1784 1632/1916
f 1619/1899 1524/1780 1527/1783 1631/1915
f 1620/1900 1619/1899 1631/1915 1629/1913
f 1633/1917 1634/1918 1635/1919 1636/1920
f 1634/1918 1539/1800 1540/1799 1635/1919
f 1632/1916 1528/1784 1539/1798 1634/1921
f 1630/1914 1632/1916 1634/1921 1633/1922
f 1627/1911 1637/1923 2375/1924 2380/1912
f 2375/1925 1637/1926 1639/1927 2369/1928
f 1637/1926 1633/1917 1636/1920 1639/1927
f 1627/1911 1630/1914 1633/1922 1637/1923
f 2370/1929 1642/1930 2382/1931 2371/1932
f 1642/1930 1645/1933 2381/1934 2382/1931
f 1639/1935 1636/1936 1645/1937 1642/1938
f 2369/1939 1639/1935 1642/1938 2370/1940
f 1647/1941 1648/1942 2381/1934 1645/1933
f 1647/1941 1545/1812 1546/1811 1648/1942
f 1635/1943 1540/1810 1545/1809 1647/1944
f 1636/1936 1635/1943 1647/1944 1645/1937
f 1649/1945 1650/1946 1651/1947 1652/1948
f 1650/1946 1653/1949 1654/1950 1651/1947
f 1557/1825 1560/1828 1653/1949 1650/1946
f 1558/1826 1557/1825 1650/1946 1649/1945
f 1655/1951 1656/1952 1657/1953 1658/1954
f 1656/1952 1659/1955 1660/1956 1657/1953
f 1651/1947 1654/1950 1659/1955 1656/1952
f 1652/1948 1651/1947 1656/1952 1655/1951
f 1661/1957 1662/1958 1663/1959 1664/1960
f 1665/1961 1666/1962 1662/1958 1661/1957
f 1654/1950 1665/1961 1661/1957 1659/1955
f 1659/1955 1661/1957 1664/1960 1660/1956
f 1653/1949 1667/1963 1665/1961 1654/1950
f 1667/1963 1668/1964 1666/1962 1665/1961
f 1565/1833 1668/1964 1667/1963 1563/1831
f 1560/1828 1563/1831 1667/1963 1653/1949
f 1668/1964 1669/1965 1670/1966 1666/1962
f 1669/1965 1671/1967 1672/1968 1670/1966
f 1576/1844 1671/1967 1669/1965 1574/1842
f 1565/1833 1574/1842 1669/1965 1668/1964
f 1662/1958 1673/1969 2377/1970 1663/1959
f 1673/1969 1675/1971 1676/1972 2377/1970
f 1670/1966 1672/1968 1675/1971 1673/1969
f 1666/1962 1670/1966 1673/1969 1662/1958
f 1677/1973 1678/1974 1679/1975 1680/1976
f 1681/1977 1682/1978 1679/1975 1678/1974
f 1672/1968 1681/1977 1678/1974 1675/1971
f 1675/1971 1678/1974 1677/1973 1676/1972
f 1671/1967 1683/1979 1681/1977 1672/1968
f 1683/1979 1684/1980 1682/1978 1681/1977
f 1581/1849 1684/1980 1683/1979 1579/1847
f 1683/1979 1671/1967 1576/1844 1579/1847
f 1685/1981 1686/1982 1687/1983 1688/1984
f 1592/1860 1686/1982 1685/1981 1590/1858
f 1685/1981 1684/1980 1581/1849 1590/1858
f 1682/1978 1684/1980 1685/1981 1688/1984
f 1679/1975 1689/1985 2372/1986 1680/1976
f 2372/1986 1689/1985 1691/1987 2373/1988
f 1689/1985 1688/1984 1687/1983 1691/1987
f 1682/1978 1688/1984 1689/1985 1679/1975
f 2374/1989 1694/1990 1603/1873 1606/1876
f 1694/1990 1695/1991 1602/1871 1603/1873
f 1691/1987 1687/1983 1695/1991 1694/1990
f 1691/1987 1694/1990 2374/1989 2373/1988
f 1695/1991 1696/1992 1601/1869 1602/1871
f 1506/1748 1601/1869 1696/1992 1595/1863
f 1696/1992 1686/1982 1592/1860 1595/1863
f 1687/1983 1686/1982 1696/1992 1695/1991
f 1697/1993 1698/1994 1699/1995 1700/1996
f 1698/1994 1701/1997 1702/1998 1699/1995
f 1703/1999 1704/2000 1701/1997 1698/1994
f 1705/2001 1703/1999 1698/1994 1697/1993
f 1701/1997 1706/2002 1707/2003 1702/1998
f 1706/2002 1708/2004 1709/2005 1707/2003
f 1710/2006 1711/2007 1708/2004 1706/2002
f 1704/2000 1710/2006 1706/2002 1701/1997
f 1712/2008 1713/2009 1710/2006 1704/2000
f 1713/2009 1714/2010 1711/2007 1710/2006
f 1715/2011 1716/2012 1714/2010 1713/2009
f 1717/2013 1715/2011 1713/2009 1712/2008
f 1718/2014 1719/2015 1703/1999 1705/2001
f 1719/2015 1712/2008 1704/2000 1703/1999
f 1720/2016 1717/2013 1712/2008 1719/2015
f 1721/2017 1720/2016 1719/2015 1718/2014
f 1708/2004 1722/2018 1723/2019 1709/2005
f 1722/2018 1724/2020 1725/2021 1723/2019
f 1726/2022 1727/2023 1724/2020 1722/2018
f 1711/2007 1726/2022 1722/2018 1708/2004
f 1724/2020 1728/2024 1729/2025 1725/2021
f 1728/2024 1730/2026 1731/2027 1729/2025
f 1732/2028 1733/2029 1730/2026 1728/2024
f 1727/2023 1732/2028 1728/2024 1724/2020
f 1734/2030 1735/2031 1732/2028 1727/2023
f 1735/2031 1736/2032 1733/2029 1732/2028
f 1737/2033 1738/2034 1736/2032 1735/2031
f 1739/2035 1737/2033 1735/2031 1734/2030
f 1714/2010 1740/2036 1726/2022 1711/2007
f 1740/2036 1734/2030 1727/2023 1726/2022
f 1741/2037 1739/2035 1734/2030 1740/2036
f 1716/2012 1741/2037 1740/2036 1714/2010
f 1730/2026 1742/2038 1743/2039 1731/2027
f 1742/2040 1744/2041 1745/2042 1743/2043
f 1746/2044 1747/2045 1744/2041 1742/2040
f 1733/2029 1746/2046 1742/2038 1730/2026
f 1744/2047 1748/2048 1749/2049 1745/2050
f 1748/2051 1035/2052 1036/2053 1749/2054
f 1750/2055 1032/2056 1035/2052 1748/2051
f 1747/2057 1750/2058 1748/2048 1744/2047
f 1751/2059 1752/2060 1750/2058 1747/2057
f 1750/2055 1752/2061 1030/2062 1032/2056
f 1753/2063 1031/2064 1030/2062 1752/2061
f 1754/2065 1753/2066 1752/2060 1751/2059
f 1736/2032 1755/2067 1746/2046 1733/2029
f 1755/2068 1751/2069 1747/2045 1746/2044
f 1756/2070 1754/2071 1751/2069 1755/2068
f 1738/2034 1756/2072 1755/2067 1736/2032
f 1757/2073 1758/2074 1759/2075 1760/2076
f 1760/2076 1759/2075 1761/2077 1762/2078
f 1763/2079 1764/2080 1761/2077 1759/2075
f 1765/2081 1763/2079 1759/2075 1758/2074
f 1761/2077 1766/2082 1767/2083 1762/2078
f 1766/2082 1768/2084 1769/2085 1767/2083
f 1770/2086 1771/2087 1768/2084 1766/2082
f 1764/2080 1770/2086 1766/2082 1761/2077
f 1772/2088 1773/2089 1770/2086 1764/2080
f 1773/2089 1774/2090 1771/2087 1770/2086
f 1775/2091 1776/2092 1774/2090 1773/2089
f 1777/2093 1775/2091 1773/2089 1772/2088
f 1778/2094 1779/2095 1763/2079 1765/2081
f 1779/2095 1772/2088 1764/2080 1763/2079
f 1780/2096 1777/2093 1772/2088 1779/2095
f 1781/2097 1780/2096 1779/2095 1778/2094
f 1768/2084 1782/2098 1783/2099 1769/2085
f 1782/2098 1784/2100 1785/2101 1783/2099
f 1786/2102 1787/2103 1784/2100 1782/2098
f 1771/2087 1786/2102 1782/2098 1768/2084
f 1784/2100 1788/2104 1789/2105 1785/2101
f 1788/2104 1790/2106 1791/2107 1789/2105
f 1792/2108 1793/2109 1790/2106 1788/2104
f 1787/2103 1792/2108 1788/2104 1784/2100
f 1794/2110 1795/2111 1792/2108 1787/2103
f 1795/2111 1796/2112 1793/2109 1792/2108
f 1797/2113 1798/2114 1796/2112 1795/2111
f 1799/2115 1797/2113 1795/2111 1794/2110
f 1774/2090 1800/2116 1786/2102 1771/2087
f 1800/2116 1794/2110 1787/2103 1786/2102
f 1801/2117 1799/2115 1794/2110 1800/2116
f 1776/2092 1801/2117 1800/2116 1774/2090
f 1790/2106 1802/2118 1803/2119 1791/2107
f 1802/2118 1804/2120 1805/2121 1803/2119
f 1806/2122 1807/2123 1804/2120 1802/2118
f 1793/2109 1806/2122 1802/2118 1790/2106
f 1804/2120 1808/2124 1809/2125 1805/2121
f 1808/2124 1697/1993 1700/1996 1809/2125
f 1810/2126 1705/2001 1697/1993 1808/2124
f 1807/2123 1810/2126 1808/2124 1804/2120
f 1811/2127 1812/2128 1810/2126 1807/2123
f 1812/2128 1718/2014 1705/2001 1810/2126
f 1813/2129 1721/2017 1718/2014 1812/2128
f 1814/2130 1813/2129 1812/2128 1811/2127
f 1796/2112 1815/2131 1806/2122 1793/2109
f 1815/2131 1811/2127 1807/2123 1806/2122
f 1816/2132 1814/2130 1811/2127 1815/2131
f 1798/2114 1816/2132 1815/2131 1796/2112
f 1817/2133 1818/2134 1717/2013 1720/2016
f 1819/2135 1820/2136 1818/2134 1817/2133
f 1821/2137 1819/2135 1817/2133 1822/2138
f 1822/2138 1817/2133 1720/2016 1721/2017
f 1818/2134 1823/2139 1715/2011 1717/2013
f 1823/2139 1824/2140 1716/2012 1715/2011
f 1825/2141 1826/2142 1824/2140 1823/2139
f 1820/2136 1825/2141 1823/2139 1818/2134
f 1820/2136 1827/2143 1828/2144 1825/2141
f 1828/2144 1829/2145 1826/2142 1825/2141
f 1830/2146 1831/2147 1829/2145 1828/2144
f 1832/2148 1830/2146 1828/2144 1827/2143
f 1833/2149 1834/2150 1819/2135 1821/2137
f 1834/2150 1827/2143 1820/2136 1819/2135
f 1835/2151 1832/2148 1827/2143 1834/2150
f 1836/2152 1835/2151 1834/2150 1833/2149
f 1824/2140 1837/2153 1741/2037 1716/2012
f 1837/2153 1838/2154 1739/2035 1741/2037
f 1839/2155 1840/2156 1838/2154 1837/2153
f 1826/2142 1839/2155 1837/2153 1824/2140
f 1841/2157 1842/2158 1738/2034 1737/2033
f 1843/2159 1844/2160 1842/2158 1841/2157
f 1840/2156 1843/2159 1841/2157 1838/2154
f 1838/2154 1841/2157 1737/2033 1739/2035
f 1845/2161 1846/2162 1843/2159 1840/2156
f 1843/2159 1846/2162 1847/2163 1844/2160
f 1848/2164 1849/2165 1847/2163 1846/2162
f 1850/2166 1848/2164 1846/2162 1845/2161
f 1826/2142 1829/2145 1851/2167 1839/2155
f 1851/2167 1845/2161 1840/2156 1839/2155
f 1852/2168 1850/2166 1845/2161 1851/2167
f 1831/2147 1852/2168 1851/2167 1829/2145
f 1842/2158 1853/2169 1756/2072 1738/2034
f 1756/2070 1853/2170 1854/2171 1754/2071
f 1855/2172 1856/2173 1854/2171 1853/2170
f 1844/2160 1855/2174 1853/2169 1842/2158
f 1753/2063 1857/2175 1147/2176 1031/2064
f 1858/2177 1146/2178 1147/2176 1857/2175
f 1856/2179 1858/2180 1857/2181 1854/2182
f 1854/2182 1857/2181 1753/2066 1754/2065
f 1859/2183 1860/2184 1858/2180 1856/2179
f 1858/2177 1860/2185 1144/2186 1146/2178
f 1861/2187 1145/2188 1144/2186 1860/2185
f 1862/2189 1861/2190 1860/2184 1859/2183
f 1847/2163 1863/2191 1855/2174 1844/2160
f 1855/2172 1863/2192 1859/2193 1856/2173
f 1864/2194 1862/2195 1859/2193 1863/2192
f 1849/2165 1864/2196 1863/2191 1847/2163
f 1865/2197 1866/2198 1780/2096 1781/2097
f 1866/2198 1867/2199 1777/2093 1780/2096
f 1868/2200 1869/2201 1867/2199 1866/2198
f 1870/2202 1868/2200 1866/2198 1865/2197
f 1867/2199 1871/2203 1775/2091 1777/2093
f 1871/2203 1872/2204 1776/2092 1775/2091
f 1873/2205 1874/2206 1872/2204 1871/2203
f 1869/2201 1873/2205 1871/2203 1867/2199
f 1875/2207 1876/2208 1873/2205 1869/2201
f 1876/2208 1877/2209 1874/2206 1873/2205
f 1878/2210 1879/2211 1877/2209 1876/2208
f 1880/2212 1878/2210 1876/2208 1875/2207
f 1881/2213 1882/2214 1868/2200 1870/2202
f 1882/2214 1875/2207 1869/2201 1868/2200
f 1883/2215 1880/2212 1875/2207 1882/2214
f 1884/2216 1883/2215 1882/2214 1881/2213
f 1872/2204 1885/2217 1801/2117 1776/2092
f 1885/2217 1886/2218 1799/2115 1801/2117
f 1887/2219 1888/2220 1886/2218 1885/2217
f 1874/2206 1887/2219 1885/2217 1872/2204
f 1886/2218 1889/2221 1797/2113 1799/2115
f 1889/2221 1890/2222 1798/2114 1797/2113
f 1891/2223 1892/2224 1890/2222 1889/2221
f 1888/2220 1891/2223 1889/2221 1886/2218
f 1893/2225 1894/2226 1891/2223 1888/2220
f 1894/2226 1895/2227 1892/2224 1891/2223
f 1896/2228 1897/2229 1895/2227 1894/2226
f 1898/2230 1896/2228 1894/2226 1893/2225
f 1877/2209 1899/2231 1887/2219 1874/2206
f 1899/2231 1893/2225 1888/2220 1887/2219
f 1900/2232 1898/2230 1893/2225 1899/2231
f 1879/2211 1900/2232 1899/2231 1877/2209
f 1890/2222 1901/2233 1816/2132 1798/2114
f 1901/2233 1902/2234 1814/2130 1816/2132
f 1903/2235 1904/2236 1902/2234 1901/2233
f 1892/2224 1903/2235 1901/2233 1890/2222
f 1902/2234 1905/2237 1813/2129 1814/2130
f 1905/2237 1822/2138 1721/2017 1813/2129
f 1906/2238 1821/2137 1822/2138 1905/2237
f 1904/2236 1906/2238 1905/2237 1902/2234
f 1907/2239 1908/2240 1906/2238 1904/2236
f 1908/2240 1833/2149 1821/2137 1906/2238
f 1909/2241 1836/2152 1833/2149 1908/2240
f 1910/2242 1909/2241 1908/2240 1907/2239
f 1895/2227 1911/2243 1903/2235 1892/2224
f 1911/2243 1907/2239 1904/2236 1903/2235
f 1912/2244 1910/2242 1907/2239 1911/2243
f 1897/2229 1912/2244 1911/2243 1895/2227
f 1913/2245 1914/2246 1835/2151 1836/2152
f 1914/2246 1915/2247 1832/2148 1835/2151
f 1916/2248 1917/2249 1915/2247 1914/2246
f 1918/2250 1916/2248 1914/2246 1913/2245
f 1915/2247 1919/2251 1830/2146 1832/2148
f 1919/2251 1920/2252 1831/2147 1830/2146
f 1921/2253 1922/2254 1920/2252 1919/2251
f 1917/2249 1921/2253 1919/2251 1915/2247
f 1923/2255 1924/2256 1921/2253 1917/2249
f 1921/2253 1924/2256 1925/2257 1922/2254
f 1926/2258 1927/2259 1925/2257 1924/2256
f 1928/2260 1926/2258 1924/2256 1923/2255
f 1918/2250 1929/2261 1930/2262 1916/2248
f 1930/2262 1923/2255 1917/2249 1916/2248
f 1931/2263 1928/2260 1923/2255 1930/2262
f 1932/2264 1931/2263 1930/2262 1929/2261
f 1920/2252 1933/2265 1852/2168 1831/2147
f 1933/2265 1934/2266 1850/2166 1852/2168
f 1935/2267 1936/2268 1934/2266 1933/2265
f 1922/2254 1935/2267 1933/2265 1920/2252
f 1934/2266 1937/2269 1848/2164 1850/2166
f 1937/2269 1938/2270 1849/2165 1848/2164
f 1939/2271 1940/2272 1938/2270 1937/2269
f 1936/2268 1939/2271 1937/2269 1934/2266
f 1941/2273 1942/2274 1939/2271 1936/2268
f 1939/2271 1942/2274 1943/2275 1940/2272
f 1944/2276 1945/2277 1943/2275 1942/2274
f 1946/2278 1944/2276 1942/2274 1941/2273
f 1925/2257 1947/2279 1935/2267 1922/2254
f 1935/2267 1947/2279 1941/2273 1936/2268
f 1948/2280 1946/2278 1941/2273 1947/2279
f 1927/2259 1948/2280 1947/2279 1925/2257
f 1938/2270 1949/2281 1864/2196 1849/2165
f 1949/2282 1950/2283 1862/2195 1864/2194
f 1951/2284 1952/2285 1950/2283 1949/2282
f 1940/2272 1951/2286 1949/2281 1938/2270
f 1950/2287 1953/2288 1861/2190 1862/2189
f 1953/2289 1248/2290 1145/2188 1861/2187
f 1954/2291 1246/2292 1248/2290 1953/2289
f 1952/2293 1954/2294 1953/2288 1950/2287
f 1955/2295 1956/2296 1954/2294 1952/2293
f 1954/2291 1956/2297 1244/2298 1246/2292
f 1957/2299 1245/2300 1244/2298 1956/2297
f 1958/2301 1957/2302 1956/2296 1955/2295
f 1943/2275 1959/2303 1951/2286 1940/2272
f 1951/2284 1959/2304 1955/2305 1952/2285
f 1960/2306 1958/2307 1955/2305 1959/2304
f 1945/2277 1960/2308 1959/2303 1943/2275
f 1961/2309 1962/2310 1883/2215 1884/2216
f 1962/2310 1963/2311 1880/2212 1883/2215
f 1964/2312 1965/2313 1963/2311 1962/2310
f 1966/2314 1964/2312 1962/2310 1961/2309
f 1963/2311 1967/2315 1878/2210 1880/2212
f 1967/2315 1968/2316 1879/2211 1878/2210
f 1969/2317 1970/2318 1968/2316 1967/2315
f 1965/2313 1969/2317 1967/2315 1963/2311
f 1971/2319 1972/2320 1969/2317 1965/2313
f 1972/2320 1973/2321 1970/2318 1969/2317
f 1974/2322 1975/2323 1973/2321 1972/2320
f 1976/2324 1974/2322 1972/2320 1971/2319
f 1977/2325 1978/2326 1964/2312 1966/2314
f 1978/2326 1971/2319 1965/2313 1964/2312
f 1979/2327 1976/2324 1971/2319 1978/2326
f 1980/2328 1979/2327 1978/2326 1977/2325
f 1968/2316 1981/2329 1900/2232 1879/2211
f 1981/2329 1982/2330 1898/2230 1900/2232
f 1983/2331 1984/2332 1982/2330 1981/2329
f 1970/2318 1983/2331 1981/2329 1968/2316
f 1982/2330 1985/2333 1896/2228 1898/2230
f 1985/2333 1986/2334 1897/2229 1896/2228
f 1987/2335 1988/2336 1986/2334 1985/2333
f 1984/2332 1987/2335 1985/2333 1982/2330
f 1989/2337 1990/2338 1987/2335 1984/2332
f 1990/2338 1991/2339 1988/2336 1987/2335
f 1992/2340 1993/2341 1991/2339 1990/2338
f 1994/2342 1992/2340 1990/2338 1989/2337
f 1973/2321 1995/2343 1983/2331 1970/2318
f 1995/2343 1989/2337 1984/2332 1983/2331
f 1996/2344 1994/2342 1989/2337 1995/2343
f 1975/2323 1996/2344 1995/2343 1973/2321
f 1997/2345 1998/2346 1910/2242 1912/2244
f 1999/2347 2000/2348 1998/2346 1997/2345
f 1988/2336 1999/2347 1997/2345 1986/2334
f 1986/2334 1997/2345 1912/2244 1897/2229
f 1998/2346 2001/2349 1909/2241 1910/2242
f 2001/2349 1913/2245 1836/2152 1909/2241
f 2002/2350 1918/2250 1913/2245 2001/2349
f 2000/2348 2002/2350 2001/2349 1998/2346
f 2000/2348 2003/2351 2004/2352 2002/2350
f 2004/2352 1929/2261 1918/2250 2002/2350
f 2005/2353 1932/2264 1929/2261 2004/2352
f 2006/2354 2005/2353 2004/2352 2003/2351
f 1991/2339 2007/2355 1999/2347 1988/2336
f 2007/2355 2003/2351 2000/2348 1999/2347
f 2008/2356 2006/2354 2003/2351 2007/2355
f 1993/2341 2008/2356 2007/2355 1991/2339
f 2009/2357 2010/2358 1931/2263 1932/2264
f 2010/2358 2011/2359 1928/2260 1931/2263
f 2012/2360 2013/2361 2011/2359 2010/2358
f 2014/2362 2012/2360 2010/2358 2009/2357
f 2015/2363 2016/2364 1927/2259 1926/2258
f 2017/2365 2018/2366 2016/2364 2015/2363
f 2013/2361 2017/2365 2015/2363 2011/2359
f 2011/2359 2015/2363 1926/2258 1928/2260
f 2019/2367 2020/2368 2017/2365 2013/2361
f 2020/2368 2021/2369 2018/2366 2017/2365
f 2022/2370 2023/2371 2021/2369 2020/2368
f 2024/2372 2022/2370 2020/2368 2019/2367
f 2025/2373 2026/2374 2012/2360 2014/2362
f 2026/2374 2019/2367 2013/2361 2012/2360
f 2027/2375 2024/2372 2019/2367 2026/2374
f 2028/2376 2027/2375 2026/2374 2025/2373
f 2016/2364 2029/2377 1948/2280 1927/2259
f 2029/2377 2030/2378 1946/2278 1948/2280
f 2031/2379 2032/2380 2030/2378 2029/2377
f 2018/2366 2031/2379 2029/2377 2016/2364
f 1944/2276 2033/2381 2034/2382 1945/2277
f 2035/2383 2036/2384 2034/2382 2033/2381
f 2032/2380 2035/2383 2033/2381 2030/2378
f 2030/2378 2033/2381 1944/2276 1946/2278
f 2037/2385 2038/2386 2035/2383 2032/2380
f 2038/2386 2039/2387 2036/2384 2035/2383
f 2040/2388 2041/2389 2039/2387 2038/2386
f 2042/2390 2040/2388 2038/2386 2037/2385
f 2021/2369 2043/2391 2031/2379 2018/2366
f 2043/2391 2037/2385 2032/2380 2031/2379
f 2044/2392 2042/2390 2037/2385 2043/2391
f 2023/2371 2044/2392 2043/2391 2021/2369
f 2034/2382 2045/2393 1960/2308 1945/2277
f 1960/2306 2045/2394 2046/2395 1958/2307
f 2047/2396 2048/2397 2046/2395 2045/2394
f 2036/2384 2047/2398 2045/2393 2034/2382
f 1957/2299 2049/2399 1347/2400 1245/2300
f 2050/2401 1346/2402 1347/2400 2049/2399
f 2048/2403 2050/2404 2049/2405 2046/2406
f 2046/2406 2049/2405 1957/2302 1958/2301
f 2051/2407 2052/2408 2050/2404 2048/2403
f 2050/2401 2052/2409 1344/2410 1346/2402
f 2053/2411 1345/2412 1344/2410 2052/2409
f 2054/2413 2053/2414 2052/2408 2051/2407
f 2039/2387 2055/2415 2047/2398 2036/2384
f 2055/2416 2051/2417 2048/2397 2047/2396
f 2056/2418 2054/2419 2051/2417 2055/2416
f 2041/2389 2056/2420 2055/2415 2039/2387
f 2057/2421 2058/2422 1979/2327 1980/2328
f 2058/2422 2059/2423 1976/2324 1979/2327
f 2060/2424 2061/2425 2059/2423 2058/2422
f 2062/2426 2060/2424 2058/2422 2057/2421
f 2059/2423 2063/2427 1974/2322 1976/2324
f 2063/2427 2064/2428 1975/2323 1974/2322
f 2065/2429 2066/2430 2064/2428 2063/2427
f 2061/2425 2065/2429 2063/2427 2059/2423
f 2067/2431 2068/2432 2065/2429 2061/2425
f 2068/2432 2069/2433 2066/2430 2065/2429
f 2070/2434 2071/2435 2069/2433 2068/2432
f 2072/2436 2070/2434 2068/2432 2067/2431
f 2073/2437 2074/2438 2060/2424 2062/2426
f 2074/2438 2067/2431 2061/2425 2060/2424
f 2075/2439 2072/2436 2067/2431 2074/2438
f 2076/2440 2075/2439 2074/2438 2073/2437
f 2064/2428 2077/2441 1996/2344 1975/2323
f 2077/2441 2078/2442 1994/2342 1996/2344
f 2079/2443 2080/2444 2078/2442 2077/2441
f 2066/2430 2079/2443 2077/2441 2064/2428
f 2078/2442 2081/2445 1992/2340 1994/2342
f 2081/2445 2082/2446 1993/2341 1992/2340
f 2083/2447 2084/2448 2082/2446 2081/2445
f 2080/2444 2083/2447 2081/2445 2078/2442
f 2085/2449 2086/2450 2083/2447 2080/2444
f 2086/2450 2087/2451 2084/2448 2083/2447
f 2088/2452 2089/2453 2087/2451 2086/2450
f 2090/2454 2088/2452 2086/2450 2085/2449
f 2069/2433 2091/2455 2079/2443 2066/2430
f 2091/2455 2085/2449 2080/2444 2079/2443
f 2092/2456 2090/2454 2085/2449 2091/2455
f 2071/2435 2092/2456 2091/2455 2069/2433
f 2093/2457 2094/2458 2006/2354 2008/2356
f 2095/2459 2096/2460 2094/2458 2093/2457
f 2084/2448 2095/2459 2093/2457 2082/2446
f 2082/2446 2093/2457 2008/2356 1993/2341
f 2006/2354 2094/2458 2097/2461 2005/2353
f 2097/2461 2009/2357 1932/2264 2005/2353
f 2098/2462 2014/2362 2009/2357 2097/2461
f 2096/2460 2098/2462 2097/2461 2094/2458
f 2099/2463 2100/2464 2098/2462 2096/2460
f 2098/2462 2100/2464 2025/2373 2014/2362
f 2101/2465 2028/2376 2025/2373 2100/2464
f 2099/2463 2102/2466 2101/2465 2100/2464
f 2087/2451 2103/2467 2095/2459 2084/2448
f 2095/2459 2103/2467 2099/2463 2096/2460
f 2103/2467 2104/2468 2102/2466 2099/2463
f 2089/2453 2104/2468 2103/2467 2087/2451
f 2105/2469 2106/2470 2027/2375 2028/2376
f 2106/2470 2107/2471 2024/2372 2027/2375
f 2108/2472 2109/2473 2107/2471 2106/2470
f 2110/2474 2108/2472 2106/2470 2105/2469
f 2107/2471 2111/2475 2022/2370 2024/2372
f 2111/2475 2112/2476 2023/2371 2022/2370
f 2113/2477 2114/2478 2112/2476 2111/2475
f 2109/2473 2113/2477 2111/2475 2107/2471
f 2115/2479 2116/2480 2113/2477 2109/2473
f 2116/2480 2117/2481 2114/2478 2113/2477
f 2118/2482 2119/2483 2117/2481 2116/2480
f 2120/2484 2118/2482 2116/2480 2115/2479
f 2121/2485 2122/2486 2108/2472 2110/2474
f 2122/2486 2115/2479 2109/2473 2108/2472
f 2123/2487 2120/2484 2115/2479 2122/2486
f 2124/2488 2123/2487 2122/2486 2121/2485
f 2112/2476 2125/2489 2044/2392 2023/2371
f 2125/2489 2126/2490 2042/2390 2044/2392
f 2127/2491 2128/2492 2126/2490 2125/2489
f 2114/2478 2127/2491 2125/2489 2112/2476
f 2126/2490 2129/2493 2040/2388 2042/2390
f 2129/2493 2130/2494 2041/2389 2040/2388
f 2131/2495 2132/2496 2130/2494 2129/2493
f 2128/2492 2131/2495 2129/2493 2126/2490
f 2133/2497 2134/2498 2131/2495 2128/2492
f 2134/2498 2135/2499 2132/2496 2131/2495
f 2136/2500 2137/2501 2135/2499 2134/2498
f 2138/2502 2136/2500 2134/2498 2133/2497
f 2117/2481 2139/2503 2127/2491 2114/2478
f 2139/2503 2133/2497 2128/2492 2127/2491
f 2140/2504 2138/2502 2133/2497 2139/2503
f 2119/2483 2140/2504 2139/2503 2117/2481
f 2141/2505 2142/2506 2054/2419 2056/2418
f 2143/2507 2144/2508 2142/2506 2141/2505
f 2132/2496 2143/2509 2141/2510 2130/2494
f 2130/2494 2141/2510 2056/2420 2041/2389
f 2054/2413 2142/2511 2145/2512 2053/2414
f 2145/2513 1448/2514 1345/2412 2053/2411
f 2146/2515 1446/2516 1448/2514 2145/2513
f 2144/2517 2146/2518 2145/2512 2142/2511
f 2144/2517 2147/2519 2148/2520 2146/2518
f 2148/2521 1445/2522 1446/2516 2146/2515
f 2148/2521 2149/2523 1444/2524 1445/2522
f 2150/2525 2149/2526 2148/2520 2147/2519
f 2132/2496 2135/2499 2151/2527 2143/2509
f 2151/2528 2147/2529 2144/2508 2143/2507
f 2152/2530 2150/2531 2147/2529 2151/2528
f 2137/2501 2152/2532 2151/2527 2135/2499
f 2153/2533 2154/2534 2075/2439 2076/2440
f 2154/2534 2155/2535 2072/2436 2075/2439
f 2156/2536 2157/2537 2155/2535 2154/2534
f 2158/2538 2156/2536 2154/2534 2153/2533
f 2155/2535 2159/2539 2070/2434 2072/2436
f 2159/2539 2160/2540 2071/2435 2070/2434
f 2161/2541 2162/2542 2160/2540 2159/2539
f 2157/2537 2161/2541 2159/2539 2155/2535
f 2163/2543 2164/2544 2161/2541 2157/2537
f 2164/2544 2165/2545 2162/2542 2161/2541
f 2166/2546 2167/2547 2165/2545 2164/2544
f 2168/2548 2166/2546 2164/2544 2163/2543
f 2169/2549 2170/2550 2156/2536 2158/2538
f 2170/2550 2163/2543 2157/2537 2156/2536
f 2171/2551 2168/2548 2163/2543 2170/2550
f 2172/2552 2171/2551 2170/2550 2169/2549
f 2160/2540 2173/2553 2092/2456 2071/2435
f 2173/2553 2174/2554 2090/2454 2092/2456
f 2175/2555 2176/2556 2174/2554 2173/2553
f 2162/2542 2175/2555 2173/2553 2160/2540
f 2088/2452 2177/2557 2178/2558 2089/2453
f 2179/2559 2180/2560 2178/2558 2177/2557
f 2176/2556 2179/2559 2177/2557 2174/2554
f 2174/2554 2177/2557 2088/2452 2090/2454
f 2181/2561 2182/2562 2179/2559 2176/2556
f 2182/2562 2183/2563 2180/2560 2179/2559
f 2184/2564 2185/2565 2183/2563 2182/2562
f 2186/2566 2184/2564 2182/2562 2181/2561
f 2165/2545 2187/2567 2175/2555 2162/2542
f 2187/2567 2181/2561 2176/2556 2175/2555
f 2188/2568 2186/2566 2181/2561 2187/2567
f 2167/2547 2188/2568 2187/2567 2165/2545
f 2178/2558 2189/2569 2104/2468 2089/2453
f 2104/2468 2189/2569 2190/2570 2102/2466
f 2189/2569 2191/2571 2192/2572 2190/2570
f 2180/2560 2191/2571 2189/2569 2178/2558
f 2101/2465 2193/2573 2105/2469 2028/2376
f 2194/2574 2110/2474 2105/2469 2193/2573
f 2192/2572 2194/2574 2193/2573 2190/2570
f 2190/2570 2193/2573 2101/2465 2102/2466
f 2192/2572 2195/2575 2196/2576 2194/2574
f 2196/2576 2121/2485 2110/2474 2194/2574
f 2197/2577 2124/2488 2121/2485 2196/2576
f 2198/2578 2197/2577 2196/2576 2195/2575
f 2199/2579 2195/2575 2192/2572 2191/2571
f 2200/2580 2198/2578 2195/2575 2199/2579
f 2185/2565 2200/2580 2199/2579 2183/2563
f 2180/2560 2183/2563 2199/2579 2191/2571
f 2201/2581 2202/2582 2120/2484 2123/2487
f 2203/2583 2204/2584 2202/2582 2201/2581
f 2205/2585 2203/2583 2201/2581 2206/2586
f 2124/2488 2206/2586 2201/2581 2123/2487
f 2120/2484 2202/2582 2207/2587 2118/2482
f 2207/2587 2208/2588 2119/2483 2118/2482
f 2209/2589 2210/2590 2208/2588 2207/2587
f 2204/2584 2209/2589 2207/2587 2202/2582
f 2204/2584 2211/2591 2212/2592 2209/2589
f 2212/2592 2213/2593 2210/2590 2209/2589
f 2214/2594 2215/2595 2213/2593 2212/2592
f 2216/2596 2214/2594 2212/2592 2211/2591
f 2205/2585 2217/2597 2218/2598 2203/2583
f 2218/2598 2211/2591 2204/2584 2203/2583
f 2219/2599 2216/2596 2211/2591 2218/2598
f 2220/2600 2219/2599 2218/2598 2217/2597
f 2221/2601 2222/2602 2138/2502 2140/2504
f 2223/2603 2224/2604 2222/2602 2221/2601
f 2210/2590 2223/2603 2221/2601 2208/2588
f 2208/2588 2221/2601 2140/2504 2119/2483
f 2222/2602 2225/2605 2136/2500 2138/2502
f 2225/2605 2226/2606 2137/2501 2136/2500
f 2227/2607 2228/2608 2226/2606 2225/2605
f 2224/2604 2227/2607 2225/2605 2222/2602
f 2224/2604 2229/2609 2230/2610 2227/2607
f 2230/2610 2231/2611 2228/2608 2227/2607
f 2230/2610 2232/2612 2233/2613 2231/2611
f 2234/2614 2232/2612 2230/2610 2229/2609
f 2210/2590 2213/2593 2235/2615 2223/2603
f 2235/2615 2229/2609 2224/2604 2223/2603
f 2236/2616 2234/2614 2229/2609 2235/2615
f 2215/2595 2236/2616 2235/2615 2213/2593
f 2237/2617 2238/2618 2150/2531 2152/2530
f 2237/2617 2239/2619 2240/2620 2238/2618
f 2228/2608 2239/2621 2237/2622 2226/2606
f 2137/2501 2226/2606 2237/2622 2152/2532
f 2150/2525 2238/2623 2241/2624 2149/2526
f 2241/2625 1548/2626 1444/2524 2149/2523
f 2241/2625 2242/2627 1541/2628 1548/2626
f 2238/2623 2240/2629 2242/2630 2241/2624
f 2243/2631 1542/2632 1541/2628 2242/2627
f 2243/2631 2244/2633 1546/2634 1542/2632
f 2245/2635 2246/2636 2244/2637 2243/2638
f 2240/2629 2245/2635 2243/2638 2242/2630
f 2247/2639 2245/2640 2240/2620 2239/2619
f 2247/2639 2248/2641 2246/2642 2245/2640
f 2231/2611 2233/2613 2248/2643 2247/2644
f 2228/2608 2231/2611 2247/2644 2239/2621
f 2249/2645 2250/2646 2168/2548 2171/2551
f 2251/2647 2252/2648 2250/2646 2249/2645
f 2253/2649 2251/2647 2249/2645 2254/2650
f 2254/2650 2249/2645 2171/2551 2172/2552
f 2168/2548 2250/2646 2255/2651 2166/2546
f 2255/2651 2256/2652 2167/2547 2166/2546
f 2257/2653 2258/2654 2256/2652 2255/2651
f 2252/2648 2257/2653 2255/2651 2250/2646
f 2252/2648 2259/2655 2260/2656 2257/2653
f 2260/2656 2261/2657 2258/2654 2257/2653
f 2262/2658 2263/2659 2261/2657 2260/2656
f 2264/2660 2262/2658 2260/2656 2259/2655
f 2253/2649 2265/2661 2266/2662 2251/2647
f 2266/2662 2259/2655 2252/2648 2251/2647
f 2267/2663 2264/2660 2259/2655 2266/2662
f 2268/2664 2267/2663 2266/2662 2265/2661
f 2269/2665 2270/2666 2186/2566 2188/2568
f 2271/2667 2272/2668 2270/2666 2269/2665
f 2258/2654 2271/2667 2269/2665 2256/2652
f 2167/2547 2256/2652 2269/2665 2188/2568
f 2186/2566 2270/2666 2273/2669 2184/2564
f 2273/2669 2274/2670 2185/2565 2184/2564
f 2275/2671 2276/2672 2274/2670 2273/2669
f 2272/2668 2275/2671 2273/2669 2270/2666
f 2272/2668 2277/2673 2278/2674 2275/2671
f 2278/2674 2279/2675 2276/2672 2275/2671
f 2280/2676 2281/2677 2279/2675 2278/2674
f 2282/2678 2280/2676 2278/2674 2277/2673
f 2258/2654 2261/2657 2283/2679 2271/2667
f 2283/2679 2277/2673 2272/2668 2271/2667
f 2284/2680 2282/2678 2277/2673 2283/2679
f 2263/2659 2284/2680 2283/2679 2261/2657
f 2285/2681 2286/2682 2198/2578 2200/2580
f 2287/2683 2288/2684 2286/2682 2285/2681
f 2276/2672 2287/2683 2285/2681 2274/2670
f 2185/2565 2274/2670 2285/2681 2200/2580
f 2198/2578 2286/2682 2289/2685 2197/2577
f 2289/2685 2206/2586 2124/2488 2197/2577
f 2290/2686 2205/2585 2206/2586 2289/2685
f 2288/2684 2290/2686 2289/2685 2286/2682
f 2288/2684 2291/2687 2292/2688 2290/2686
f 2292/2688 2217/2597 2205/2585 2290/2686
f 2293/2689 2220/2600 2217/2597 2292/2688
f 2294/2690 2293/2689 2292/2688 2291/2687
f 2276/2672 2279/2675 2295/2691 2287/2683
f 2295/2691 2291/2687 2288/2684 2287/2683
f 2296/2692 2294/2690 2291/2687 2295/2691
f 2281/2677 2296/2692 2295/2691 2279/2675
f 2297/2693 2298/2694 2299/2695 2300/2696
f 2298/2694 2301/2697 2302/2698 2299/2695
f 2219/2599 2220/2600 2301/2697 2298/2694
f 2216/2596 2219/2599 2298/2694 2297/2693
f 2303/2699 2304/2700 2305/2701 2306/2702
f 2304/2700 2297/2693 2300/2696 2305/2701
f 2214/2594 2216/2596 2297/2693 2304/2700
f 2215/2595 2214/2594 2304/2700 2303/2699
f 2307/2703 2308/2704 2385/2705 2384/2706
f 2385/2705 2308/2704 2309/2707 2386/2708
f 2305/2701 2300/2696 2309/2707 2308/2704
f 2306/2702 2305/2701 2308/2704 2307/2703
f 2387/2709 2310/2710 2311/2711 2388/2712
f 2299/2695 2302/2698 2311/2711 2310/2710
f 2300/2696 2299/2695 2310/2710 2309/2707
f 2309/2707 2310/2710 2387/2709 2386/2708
f 2312/2713 2313/2714 2314/2715 2315/2716
f 2313/2714 2303/2699 2306/2702 2314/2715
f 2236/2616 2215/2595 2303/2699 2313/2714
f 2234/2614 2236/2616 2313/2714 2312/2713
f 2316/2717 2317/2718 2318/2719 2319/2720
f 2317/2718 2312/2713 2315/2716 2318/2719
f 2232/2612 2234/2614 2312/2713 2317/2718
f 2233/2613 2232/2612 2317/2718 2316/2717
f 2320/2721 2321/2722 1625/2723 1628/2724
f 1625/2723 2321/2722 2322/2725 1624/2726
f 2318/2719 2315/2716 2322/2725 2321/2722
f 2319/2720 2318/2719 2321/2722 2320/2721
f 1622/2727 2323/2728 2307/2703 2384/2706
f 2314/2715 2306/2702 2307/2703 2323/2728
f 2315/2716 2314/2715 2323/2728 2322/2725
f 2322/2725 2323/2728 1622/2727 1624/2726
f 2324/2729 2325/2730 2326/2731 2327/2732
f 2325/2733 2316/2717 2319/2720 2326/2734
f 2248/2643 2233/2613 2316/2717 2325/2733
f 2246/2642 2248/2641 2325/2730 2324/2729
f 1646/2735 1648/2736 2328/2737 2329/2738
f 2328/2739 2324/2740 2327/2741 2329/2742
f 2244/2637 2246/2636 2324/2740 2328/2739
f 1546/2634 2244/2633 2328/2737 1648/2736
f 1643/2743 2330/2744 1641/2745 1644/2746
f 2330/2747 2331/2748 1640/2749 1641/2750
f 2329/2742 2327/2741 2331/2748 2330/2747
f 1646/2735 2329/2738 2330/2744 1643/2743
f 1638/2751 2332/2752 2320/2721 1628/2724
f 2326/2734 2319/2720 2320/2721 2332/2752
f 2327/2732 2326/2731 2332/2753 2331/2754
f 2331/2754 2332/2753 1638/2755 1640/2756
f 2333/2757 2334/2758 2335/2759 2336/2760
f 2334/2758 2267/2663 2268/2664 2335/2759
f 2337/2761 2264/2660 2267/2663 2334/2758
f 2338/2762 2337/2761 2334/2758 2333/2757
f 2339/2763 2340/2764 2337/2761 2338/2762
f 2340/2764 2262/2658 2264/2660 2337/2761
f 2340/2764 2341/2765 2263/2659 2262/2658
f 2342/2766 2341/2765 2340/2764 2339/2763
f 2376/2767 2343/2768 2344/2769 2389/2770
f 2389/2770 2344/2769 2345/2771 2391/2772
f 2344/2769 2339/2763 2338/2762 2345/2771
f 2343/2768 2342/2766 2339/2763 2344/2769
f 2392/2773 2346/2774 2347/2775 2394/2776
f 2346/2774 2333/2757 2336/2760 2347/2775
f 2345/2771 2338/2762 2333/2757 2346/2774
f 2391/2772 2345/2771 2346/2774 2392/2773
f 2348/2777 2349/2778 2341/2765 2342/2766
f 2349/2778 2284/2680 2263/2659 2341/2765
f 2349/2778 2350/2779 2282/2678 2284/2680
f 2351/2780 2350/2779 2349/2778 2348/2777
f 2352/2781 2353/2782 2350/2779 2351/2780
f 2282/2678 2350/2779 2353/2782 2280/2676
f 2353/2782 2354/2783 2281/2677 2280/2676
f 2355/2784 2354/2783 2353/2782 2352/2781
f 2356/2785 2357/2786 2393/2787 2390/2788
f 2393/2787 2357/2786 2358/2789 2395/2790
f 2357/2786 2352/2781 2351/2780 2358/2789
f 2356/2785 2355/2784 2352/2781 2357/2786
f 1674/2791 2359/2792 2343/2768 2376/2767
f 2359/2792 2348/2777 2342/2766 2343/2768
f 2358/2789 2351/2780 2348/2777 2359/2792
f 2395/2790 2358/2789 2359/2792 1674/2791
f 2360/2793 2361/2794 2362/2795 2363/2796
f 2362/2795 2354/2783 2355/2784 2363/2796
f 2281/2677 2354/2783 2362/2795 2296/2692
f 2362/2795 2361/2794 2294/2690 2296/2692
f 2301/2697 2364/2797 2365/2798 2302/2698
f 2364/2797 2361/2794 2360/2793 2365/2798
f 2294/2690 2361/2794 2364/2797 2293/2689
f 2364/2797 2301/2697 2220/2600 2293/2689
f 2311/2711 2366/2799 1693/2800 2388/2712
f 1693/2800 2366/2799 2367/2801 1692/2802
f 2365/2798 2360/2793 2367/2801 2366/2799
f 2302/2698 2365/2798 2366/2799 2311/2711
f 1690/2803 2368/2804 2356/2785 2390/2788
f 2368/2804 2363/2796 2355/2784 2356/2785
f 2360/2793 2363/2796 2368/2804 2367/2801
f 2367/2801 2368/2804 1690/2803 1692/2802
f 2396/2805 2397/2806 2399/2807 2398/2808
f 2400/2809 2396/2805 2398/2808 2401/2810
f 2402/2811 2400/2809 2401/2810 2403/2812
f 2404/2813 2402/2811 2403/2812 2405/2814
f 2406/2815 2404/2813 2405/2814 2407/2816
f 2408/2817 2406/2815 2407/2816 2409/2818
f 2410/2819 2408/2817 2409/2818 2411/2820
f 2412/2821 2413/2822 2410/2819 2411/2820
f 2416/2823 2415/2824 2413/2822 2412/2821
f 2417/2825 2414/2826 2415/2824 2416/2823
f 2420/2827 2419/2828 2414/2826 2417/2825
f 2421/2829 2418/2830 2419/2828 2420/2827
f 2422/2831 2423/2832 2425/2833 2424/2834
f 2426/2835 2422/2831 2424/2834 2427/2836
f 2428/2837 2426/2835 2427/2836 2429/2838
f 2430/2839 2428/2837 2429/2838 2431/2840
f 2432/2841 2430/2839 2431/2840 2433/2842
f 2434/2843 2432/2841 2433/2842 2435/2844
f 2436/2845 2434/2843 2435/2844 2437/2846
f 2438/2847 2436/2845 2437/2846 2439/2848
f 2440/2849 2438/2847 2439/2848 2441/2850
f 2442/2851 2440/2849 2441/2850 2443/2852
f 2444/2853 2442/2851 2443/2852 2445/2854
f 2397/2806 2444/2853 2445/2854 2399/2807
f 2446/2855 2449/2856 2448/2857 2447/2858
f 2447/2858 2448/2857 2401/2810 2398/2808
f 2450/2859 2447/2858 2398/2808 2399/2807
f 2451/2860 2446/2855 2447/2858 2450/2859
f 2452/2861 2455/2862 2454/2863 2453/2864
f 2454/2863 2662/2865 2456/2866 2453/2864
f 2453/2864 2456/2866 2449/2856 2446/2855
f 2452/2861 2453/2864 2446/2855 2451/2860
f 2457/2867 2661/2868 2459/2869 2458/2870
f 2458/2870 2459/2869 2461/2871 2460/2872
f 2456/2866 2458/2870 2460/2872 2449/2856
f 2456/2866 2662/2865 2457/2867 2458/2870
f 2460/2872 2461/2871 2463/2873 2462/2874
f 2462/2874 2463/2873 2405/2814 2403/2812
f 2448/2857 2462/2874 2403/2812 2401/2810
f 2449/2856 2460/2872 2462/2874 2448/2857
f 2464/2875 2467/2876 2466/2877 2465/2878
f 2465/2878 2466/2877 2409/2818 2407/2816
f 2463/2873 2465/2878 2407/2816 2405/2814
f 2461/2871 2464/2875 2465/2878 2463/2873
f 2459/2869 2661/2868 2660/2879 2468/2880
f 2660/2879 2470/2881 2469/2882 2468/2880
f 2468/2880 2469/2882 2467/2876 2464/2875
f 2459/2869 2468/2880 2464/2875 2461/2871
f 2658/2883 2473/2884 2472/2885 2471/2886
f 2471/2886 2472/2885 2475/2887 2474/2888
f 2469/2882 2471/2886 2474/2888 2467/2876
f 2469/2882 2470/2881 2658/2883 2471/2886
f 2474/2888 2475/2887 2477/2889 2476/2890
f 2476/2890 2477/2889 2412/2821 2411/2820
f 2466/2877 2476/2890 2411/2820 2409/2818
f 2467/2876 2474/2888 2476/2890 2466/2877
f 2478/2891 2481/2892 2480/2893 2479/2894
f 2479/2894 2480/2893 2417/2825 2416/2823
f 2477/2889 2479/2894 2416/2823 2412/2821
f 2475/2887 2478/2891 2479/2894 2477/2889
f 2472/2885 2473/2884 2656/2895 2482/2896
f 2656/2895 2484/2897 2483/2898 2482/2896
f 2482/2896 2483/2898 2481/2892 2478/2891
f 2472/2885 2482/2896 2478/2891 2475/2887
f 2485/2899 2487/2900 2659/2901 2486/2902
f 2486/2902 2659/2901 2489/2903 2488/2904
f 2483/2898 2486/2902 2488/2904 2481/2892
f 2484/2897 2485/2899 2486/2902 2483/2898
f 2490/2905 2488/2904 2489/2903 2491/2906
f 2490/2905 2491/2906 2421/2829 2420/2827
f 2480/2893 2490/2905 2420/2827 2417/2825
f 2481/2892 2488/2904 2490/2905 2480/2893
f 2492/2907 2495/2908 2494/2909 2493/2910
f 2493/2910 2494/2909 2497/2911 2496/2912
f 2424/2834 2493/2910 2496/2912 2427/2836
f 2425/2833 2492/2907 2493/2910 2424/2834
f 2498/2913 2665/2914 2500/2915 2499/2916
f 2499/2916 2500/2915 2502/2917 2501/2918
f 2494/2909 2499/2916 2501/2918 2497/2911
f 2495/2908 2498/2913 2499/2916 2494/2909
f 2503/2919 2663/2920 2657/2921 2504/2922
f 2505/2923 2503/2919 2504/2922 2506/2924
f 2497/2911 2501/2918 2503/2919 2505/2923
f 2501/2918 2502/2917 2663/2920 2503/2919
f 2496/2912 2497/2911 2505/2923 2507/2925
f 2507/2925 2505/2923 2506/2924 2508/2926
f 2431/2840 2429/2838 2507/2925 2508/2926
f 2427/2836 2496/2912 2507/2925 2429/2838
f 2508/2926 2506/2924 2510/2927 2509/2928
f 2509/2928 2510/2927 2512/2929 2511/2930
f 2435/2844 2433/2842 2509/2928 2511/2930
f 2431/2840 2508/2926 2509/2928 2433/2842
f 2504/2922 2657/2921 2514/2931 2513/2932
f 2513/2932 2514/2931 2516/2933 2515/2934
f 2510/2927 2513/2932 2515/2934 2512/2929
f 2506/2924 2504/2922 2513/2932 2510/2927
f 2664/2935 2519/2936 2518/2937 2517/2938
f 2520/2939 2517/2938 2518/2937 2521/2940
f 2512/2929 2515/2934 2517/2938 2520/2939
f 2515/2934 2516/2933 2664/2935 2517/2938
f 2511/2930 2512/2929 2520/2939 2522/2941
f 2522/2941 2520/2939 2521/2940 2523/2942
f 2439/2848 2437/2846 2522/2941 2523/2942
f 2522/2941 2437/2846 2435/2844 2511/2930
f 2524/2943 2527/2944 2526/2945 2525/2946
f 2443/2852 2441/2850 2524/2943 2525/2946
f 2524/2943 2441/2850 2439/2848 2523/2942
f 2521/2940 2527/2944 2524/2943 2523/2942
f 2518/2937 2519/2936 2529/2947 2528/2948
f 2529/2947 2531/2949 2530/2950 2528/2948
f 2528/2948 2530/2950 2526/2945 2527/2944
f 2521/2940 2518/2937 2528/2948 2527/2944
f 2655/2951 2455/2862 2452/2861 2532/2952
f 2532/2952 2452/2861 2451/2860 2533/2953
f 2530/2950 2532/2952 2533/2953 2526/2945
f 2530/2950 2531/2949 2655/2951 2532/2952
f 2533/2953 2451/2860 2450/2859 2534/2954
f 2399/2807 2445/2854 2534/2954 2450/2859
f 2534/2954 2445/2854 2443/2852 2525/2946
f 2526/2945 2533/2953 2534/2954 2525/2946
f 2538/2955 2536/2956 2537/2957 2539/2958
f 2540/2959 2535/2960 2536/2956 2538/2955
f 2543/2961 2542/2962 2535/2960 2540/2959
f 2544/2963 2541/2964 2542/2962 2543/2961
f 2546/2965 2547/2966 2549/2967 2548/2968
f 2550/2969 2545/2970 2546/2965 2548/2968
f 2552/2971 2551/2972 2545/2970 2550/2969
f 2539/2958 2537/2957 2551/2972 2552/2971
f 2553/2828 2418/2830 2421/2829 2554/2827
f 2555/2973 2553/2828 2554/2827 2556/2974
f 2557/2975 2555/2973 2556/2974 2558/2976
f 2547/2966 2557/2975 2558/2976 2549/2967
f 2562/2977 2560/2978 2561/2979 2563/2980
f 2564/2981 2559/2982 2560/2978 2562/2977
f 2567/2983 2566/2984 2559/2982 2564/2981
f 2568/2985 2565/2986 2566/2984 2567/2983
f 2572/2987 2570/2988 2571/2989 2573/2990
f 2574/2991 2569/2992 2570/2988 2572/2987
f 2576/2993 2575/2994 2569/2992 2574/2991
f 2563/2980 2561/2979 2575/2994 2576/2993
f 2579/2995 2578/2996 2541/2964 2544/2963
f 2580/2997 2577/2998 2578/2996 2579/2995
f 2582/2999 2581/3000 2577/2998 2580/2997
f 2573/2990 2571/2989 2581/3000 2582/2999
f 2583/3001 2586/3002 2585/3003 2584/3004
f 2584/3004 2585/3003 2588/3005 2587/3006
f 2543/2961 2584/3004 2587/3006 2544/2963
f 2540/2959 2583/3001 2584/3004 2543/2961
f 2589/3007 2592/3008 2591/3009 2590/3010
f 2590/3010 2591/3009 2586/3002 2583/3001
f 2538/2955 2590/3010 2583/3001 2540/2959
f 2539/2958 2589/3007 2590/3010 2538/2955
f 2593/2869 2661/2868 2457/2867 2594/3011
f 2457/2867 2662/2865 2595/2866 2594/3011
f 2591/3009 2594/3011 2595/2866 2586/3002
f 2592/3008 2593/2869 2594/3011 2591/3009
f 2454/2863 2455/2862 2597/2861 2596/2864
f 2585/3003 2596/2864 2597/2861 2588/3005
f 2586/3002 2595/2866 2596/2864 2585/3003
f 2595/2866 2662/2865 2454/2863 2596/2864
f 2598/3012 2601/3013 2600/3014 2599/3015
f 2599/3015 2600/3014 2592/3008 2589/3007
f 2552/2971 2599/3015 2589/3007 2539/2958
f 2550/2969 2598/3012 2599/3015 2552/2971
f 2602/3016 2605/3017 2604/3018 2603/3019
f 2603/3019 2604/3018 2601/3013 2598/3012
f 2548/2968 2603/3019 2598/3012 2550/2969
f 2549/2967 2602/3016 2603/3019 2548/2968
f 2606/2885 2473/2884 2658/2883 2607/2886
f 2658/2883 2470/2881 2608/2882 2607/2886
f 2604/3018 2607/2886 2608/2882 2601/3013
f 2605/3017 2606/2885 2607/2886 2604/3018
f 2660/2879 2661/2868 2593/2869 2609/2880
f 2600/3014 2609/2880 2593/2869 2592/3008
f 2601/3013 2608/2882 2609/2880 2600/3014
f 2608/2882 2470/2881 2660/2879 2609/2880
f 2610/3020 2613/3021 2612/3022 2611/3023
f 2611/3023 2612/3022 2605/3017 2602/3016
f 2558/2976 2611/3023 2602/3016 2549/2967
f 2556/2974 2610/3020 2611/3023 2558/2976
f 2489/2903 2615/2904 2614/2905 2491/2906
f 2614/2905 2615/2904 2613/3021 2610/3020
f 2554/2827 2614/2905 2610/3020 2556/2974
f 2421/2829 2491/2906 2614/2905 2554/2827
f 2659/2901 2487/2900 2485/2899 2616/2902
f 2616/2902 2485/2899 2484/2897 2617/2898
f 2615/2904 2616/2902 2617/2898 2613/3021
f 2489/2903 2659/2901 2616/2902 2615/2904
f 2656/2895 2473/2884 2606/2885 2618/2896
f 2612/3022 2618/2896 2606/2885 2605/3017
f 2613/3021 2617/2898 2618/2896 2612/3022
f 2617/2898 2484/2897 2656/2895 2618/2896
f 2619/3024 2622/3025 2621/3026 2620/3027
f 2620/3027 2621/3026 2568/2985 2567/2983
f 2623/3028 2620/3027 2567/2983 2564/2981
f 2624/3029 2619/3024 2620/3027 2623/3028
f 2625/3030 2624/3029 2623/3028 2626/3031
f 2626/3031 2623/3028 2564/2981 2562/2977
f 2626/3031 2562/2977 2563/2980 2627/3032
f 2628/3033 2625/3030 2626/3031 2627/3032
f 2657/2921 2663/2920 2630/2919 2629/2922
f 2663/2920 2502/2917 2631/2918 2630/2919
f 2630/2919 2631/2918 2624/3029 2625/3030
f 2629/2922 2630/2919 2625/3030 2628/3033
f 2500/2915 2665/2914 2633/2913 2632/2916
f 2632/2916 2633/2913 2622/3025 2619/3024
f 2631/2918 2632/2916 2619/3024 2624/3029
f 2502/2917 2500/2915 2632/2916 2631/2918
f 2634/3034 2628/3033 2627/3032 2635/3035
f 2635/3035 2627/3032 2563/2980 2576/2993
f 2635/3035 2576/2993 2574/2991 2636/3036
f 2637/3037 2634/3034 2635/3035 2636/3036
f 2638/3038 2637/3037 2636/3036 2639/3039
f 2574/2991 2572/2987 2639/3039 2636/3036
f 2639/3039 2572/2987 2573/2990 2640/3040
f 2641/3041 2638/3038 2639/3039 2640/3040
f 2642/2937 2519/2936 2664/2935 2643/2938
f 2664/2935 2516/2933 2644/2934 2643/2938
f 2643/2938 2644/2934 2637/3037 2638/3038
f 2642/2937 2643/2938 2638/3038 2641/3041
f 2514/2931 2657/2921 2629/2922 2645/2932
f 2645/2932 2629/2922 2628/3033 2634/3034
f 2644/2934 2645/2932 2634/3034 2637/3037
f 2516/2933 2514/2931 2645/2932 2644/2934
f 2646/3042 2649/3043 2648/3044 2647/3045
f 2648/3044 2649/3043 2641/3041 2640/3040
f 2573/2990 2582/2999 2648/3044 2640/3040
f 2648/3044 2582/2999 2580/2997 2647/3045
f 2587/3006 2588/3005 2651/3046 2650/3047
f 2650/3047 2651/3046 2646/3042 2647/3045
f 2580/2997 2579/2995 2650/3047 2647/3045
f 2650/3047 2579/2995 2544/2963 2587/3006
f 2597/2861 2455/2862 2655/2951 2652/2952
f 2655/2951 2531/2949 2653/2950 2652/2952
f 2651/3046 2652/2952 2653/2950 2646/3042
f 2588/3005 2597/2861 2652/2952 2651/3046
f 2529/2947 2519/2936 2642/2937 2654/3048
f 2654/3048 2642/2937 2641/3041 2649/3043
f 2646/3042 2653/2950 2654/3048 2649/3043
f 2653/2950 2531/2949 2529/2947 2654/3048