# LibreViesHeroine — maillage humanoïde original, CC0
# Généré par compilation/outils/generer_heroine_librevies.py
mtllib LibreViesHeroine.mtl
v -0.010000 0.055000 0.075000
v -0.022940 0.055000 0.189805
v -0.059792 0.055000 0.287132
v -0.114944 0.055000 0.352164
v -0.180000 0.055000 0.375000
v -0.245056 0.055000 0.352164
v -0.300208 0.055000 0.287132
v -0.337060 0.055000 0.189805
v -0.350000 0.055000 0.075000
v -0.337060 0.055000 -0.039805
v -0.300208 0.055000 -0.137132
v -0.245056 0.055000 -0.202164
v -0.180000 0.055000 -0.225000
v -0.114944 0.055000 -0.202164
v -0.059792 0.055000 -0.137132
v -0.022940 0.055000 -0.039805
v -0.020000 0.130000 0.075000
v -0.032179 0.130000 0.178325
v -0.066863 0.130000 0.265919
v -0.118771 0.130000 0.324447
v -0.180000 0.130000 0.345000
v -0.241229 0.130000 0.324447
v -0.293137 0.130000 0.265919
v -0.327821 0.130000 0.178325
v -0.340000 0.130000 0.075000
v -0.327821 0.130000 -0.028325
v -0.293137 0.130000 -0.115919
v -0.241229 0.130000 -0.174447
v -0.180000 0.130000 -0.195000
v -0.118771 0.130000 -0.174447
v -0.066863 0.130000 -0.115919
v -0.032179 0.130000 -0.028325
v -0.180000 0.055000 0.075000
v -0.180000 0.130000 0.075000
v 0.350000 0.055000 0.075000
v 0.337060 0.055000 0.189805
v 0.300208 0.055000 0.287132
v 0.245056 0.055000 0.352164
v 0.180000 0.055000 0.375000
v 0.114944 0.055000 0.352164
v 0.059792 0.055000 0.287132
v 0.022940 0.055000 0.189805
v 0.010000 0.055000 0.075000
v 0.022940 0.055000 -0.039805
v 0.059792 0.055000 -0.137132
v 0.114944 0.055000 -0.202164
v 0.180000 0.055000 -0.225000
v 0.245056 0.055000 -0.202164
v 0.300208 0.055000 -0.137132
v 0.337060 0.055000 -0.039805
v 0.340000 0.130000 0.075000
v 0.327821 0.130000 0.178325
v 0.293137 0.130000 0.265919
v 0.241229 0.130000 0.324447
v 0.180000 0.130000 0.345000
v 0.118771 0.130000 0.324447
v 0.066863 0.130000 0.265919
v 0.032179 0.130000 0.178325
v 0.020000 0.130000 0.075000
v 0.032179 0.130000 -0.028325
v 0.066863 0.130000 -0.115919
v 0.118771 0.130000 -0.174447
v 0.180000 0.130000 -0.195000
v 0.241229 0.130000 -0.174447
v 0.293137 0.130000 -0.115919
v 0.327821 0.130000 -0.028325
v 0.180000 0.055000 0.075000
v 0.180000 0.130000 0.075000
v -0.040000 0.110000 0.075000
v -0.050657 0.110000 0.170671
v -0.081005 0.110000 0.251777
v -0.126424 0.110000 0.305970
v -0.180000 0.110000 0.325000
v -0.233576 0.110000 0.305970
v -0.278995 0.110000 0.251777
v -0.309343 0.110000 0.170671
v -0.320000 0.110000 0.075000
v -0.309343 0.110000 -0.020671
v -0.278995 0.110000 -0.101777
v -0.233576 0.110000 -0.155970
v -0.180000 0.110000 -0.175000
v -0.126424 0.110000 -0.155970
v -0.081005 0.110000 -0.101777
v -0.050657 0.110000 -0.020671
v -0.050000 0.250000 0.055000
v -0.059896 0.250000 0.135364
v -0.088076 0.250000 0.203492
v -0.130251 0.250000 0.249015
v -0.180000 0.250000 0.265000
v -0.229749 0.250000 0.249015
v -0.271924 0.250000 0.203492
v -0.300104 0.250000 0.135364
v -0.310000 0.250000 0.055000
v -0.300104 0.250000 -0.025364
v -0.271924 0.250000 -0.093492
v -0.229749 0.250000 -0.139015
v -0.180000 0.250000 -0.155000
v -0.130251 0.250000 -0.139015
v -0.088076 0.250000 -0.093492
v -0.059896 0.250000 -0.025364
v -0.060000 0.340000 0.045000
v -0.069134 0.340000 0.113883
v -0.095147 0.340000 0.172279
v -0.134078 0.340000 0.211298
v -0.180000 0.340000 0.225000
v -0.225922 0.340000 0.211298
v -0.264853 0.340000 0.172279
v -0.290866 0.340000 0.113883
v -0.300000 0.340000 0.045000
v -0.290866 0.340000 -0.023883
v -0.264853 0.340000 -0.082279
v -0.225922 0.340000 -0.121298
v -0.180000 0.340000 -0.135000
v -0.134078 0.340000 -0.121298
v -0.095147 0.340000 -0.082279
v -0.069134 0.340000 -0.023883
v -0.180000 0.110000 0.075000
v -0.180000 0.340000 0.045000
v 0.320000 0.110000 0.075000
v 0.309343 0.110000 0.170671
v 0.278995 0.110000 0.251777
v 0.233576 0.110000 0.305970
v 0.180000 0.110000 0.325000
v 0.126424 0.110000 0.305970
v 0.081005 0.110000 0.251777
v 0.050657 0.110000 0.170671
v 0.040000 0.110000 0.075000
v 0.050657 0.110000 -0.020671
v 0.081005 0.110000 -0.101777
v 0.126424 0.110000 -0.155970
v 0.180000 0.110000 -0.175000
v 0.233576 0.110000 -0.155970
v 0.278995 0.110000 -0.101777
v 0.309343 0.110000 -0.020671
v 0.310000 0.250000 0.055000
v 0.300104 0.250000 0.135364
v 0.271924 0.250000 0.203492
v 0.229749 0.250000 0.249015
v 0.180000 0.250000 0.265000
v 0.130251 0.250000 0.249015
v 0.088076 0.250000 0.203492
v 0.059896 0.250000 0.135364
v 0.050000 0.250000 0.055000
v 0.059896 0.250000 -0.025364
v 0.088076 0.250000 -0.093492
v 0.130251 0.250000 -0.139015
v 0.180000 0.250000 -0.155000
v 0.229749 0.250000 -0.139015
v 0.271924 0.250000 -0.093492
v 0.300104 0.250000 -0.025364
v 0.300000 0.340000 0.045000
v 0.290866 0.340000 0.113883
v 0.264853 0.340000 0.172279
v 0.225922 0.340000 0.211298
v 0.180000 0.340000 0.225000
v 0.134078 0.340000 0.211298
v 0.095147 0.340000 0.172279
v 0.069134 0.340000 0.113883
v 0.060000 0.340000 0.045000
v 0.069134 0.340000 -0.023883
v 0.095147 0.340000 -0.082279
v 0.134078 0.340000 -0.121298
v 0.180000 0.340000 -0.135000
v 0.225922 0.340000 -0.121298
v 0.264853 0.340000 -0.082279
v 0.290866 0.340000 -0.023883
v 0.180000 0.110000 0.075000
v 0.180000 0.340000 0.045000
v -0.045000 0.660000 0.000000
v -0.055276 0.660000 0.051662
v -0.084541 0.660000 0.095459
v -0.128338 0.660000 0.124724
v -0.180000 0.660000 0.135000
v -0.231662 0.660000 0.124724
v -0.275459 0.660000 0.095459
v -0.304724 0.660000 0.051662
v -0.315000 0.660000 0.000000
v -0.304724 0.660000 -0.051662
v -0.275459 0.660000 -0.095459
v -0.231662 0.660000 -0.124724
v -0.180000 0.660000 -0.135000
v -0.128338 0.660000 -0.124724
v -0.084541 0.660000 -0.095459
v -0.055276 0.660000 -0.051662
v -0.030000 0.920000 0.000000
v -0.041418 0.920000 0.057403
v -0.073934 0.920000 0.106066
v -0.122597 0.920000 0.138582
v -0.180000 0.920000 0.150000
v -0.237403 0.920000 0.138582
v -0.286066 0.920000 0.106066
v -0.318582 0.920000 0.057403
v -0.330000 0.920000 0.000000
v -0.318582 0.920000 -0.057403
v -0.286066 0.920000 -0.106066
v -0.237403 0.920000 -0.138582
v -0.180000 0.920000 -0.150000
v -0.122597 0.920000 -0.138582
v -0.073934 0.920000 -0.106066
v -0.041418 0.920000 -0.057403
v 0.010000 1.120000 0.000000
v -0.004463 1.120000 0.065056
v -0.045650 1.120000 0.120208
v -0.107290 1.120000 0.157060
v -0.180000 1.120000 0.170000
v -0.252710 1.120000 0.157060
v -0.314350 1.120000 0.120208
v -0.355537 1.120000 0.065056
v -0.370000 1.120000 0.000000
v -0.355537 1.120000 -0.065056
v -0.314350 1.120000 -0.120208
v -0.252710 1.120000 -0.157060
v -0.180000 1.120000 -0.170000
v -0.107290 1.120000 -0.157060
v -0.045650 1.120000 -0.120208
v -0.004463 1.120000 -0.065056
v -0.180000 0.660000 0.000000
v -0.180000 1.120000 0.000000
v -0.050000 0.280000 0.000000
v -0.059896 0.280000 0.049749
v -0.088076 0.280000 0.091924
v -0.130251 0.280000 0.120104
v -0.180000 0.280000 0.130000
v -0.229749 0.280000 0.120104
v -0.271924 0.280000 0.091924
v -0.300104 0.280000 0.049749
v -0.310000 0.280000 0.000000
v -0.300104 0.280000 -0.049749
v -0.271924 0.280000 -0.091924
v -0.229749 0.280000 -0.120104
v -0.180000 0.280000 -0.130000
v -0.130251 0.280000 -0.120104
v -0.088076 0.280000 -0.091924
v -0.059896 0.280000 -0.049749
v -0.045000 0.500000 0.000000
v -0.055276 0.500000 0.051662
v -0.084541 0.500000 0.095459
v -0.128338 0.500000 0.124724
v -0.180000 0.500000 0.135000
v -0.231662 0.500000 0.124724
v -0.275459 0.500000 0.095459
v -0.304724 0.500000 0.051662
v -0.315000 0.500000 0.000000
v -0.304724 0.500000 -0.051662
v -0.275459 0.500000 -0.095459
v -0.231662 0.500000 -0.124724
v -0.180000 0.500000 -0.135000
v -0.128338 0.500000 -0.124724
v -0.084541 0.500000 -0.095459
v -0.055276 0.500000 -0.051662
v -0.045000 0.660000 0.000000
v -0.055276 0.660000 0.051662
v -0.084541 0.660000 0.095459
v -0.128338 0.660000 0.124724
v -0.180000 0.660000 0.135000
v -0.231662 0.660000 0.124724
v -0.275459 0.660000 0.095459
v -0.304724 0.660000 0.051662
v -0.315000 0.660000 0.000000
v -0.304724 0.660000 -0.051662
v -0.275459 0.660000 -0.095459
v -0.231662 0.660000 -0.124724
v -0.180000 0.660000 -0.135000
v -0.128338 0.660000 -0.124724
v -0.084541 0.660000 -0.095459
v -0.055276 0.660000 -0.051662
v -0.180000 0.280000 0.000000
v -0.180000 0.660000 0.000000
v 0.315000 0.660000 0.000000
v 0.304724 0.660000 0.051662
v 0.275459 0.660000 0.095459
v 0.231662 0.660000 0.124724
v 0.180000 0.660000 0.135000
v 0.128338 0.660000 0.124724
v 0.084541 0.660000 0.095459
v 0.055276 0.660000 0.051662
v 0.045000 0.660000 0.000000
v 0.055276 0.660000 -0.051662
v 0.084541 0.660000 -0.095459
v 0.128338 0.660000 -0.124724
v 0.180000 0.660000 -0.135000
v 0.231662 0.660000 -0.124724
v 0.275459 0.660000 -0.095459
v 0.304724 0.660000 -0.051662
v 0.330000 0.920000 0.000000
v 0.318582 0.920000 0.057403
v 0.286066 0.920000 0.106066
v 0.237403 0.920000 0.138582
v 0.180000 0.920000 0.150000
v 0.122597 0.920000 0.138582
v 0.073934 0.920000 0.106066
v 0.041418 0.920000 0.057403
v 0.030000 0.920000 0.000000
v 0.041418 0.920000 -0.057403
v 0.073934 0.920000 -0.106066
v 0.122597 0.920000 -0.138582
v 0.180000 0.920000 -0.150000
v 0.237403 0.920000 -0.138582
v 0.286066 0.920000 -0.106066
v 0.318582 0.920000 -0.057403
v 0.370000 1.120000 0.000000
v 0.355537 1.120000 0.065056
v 0.314350 1.120000 0.120208
v 0.252710 1.120000 0.157060
v 0.180000 1.120000 0.170000
v 0.107290 1.120000 0.157060
v 0.045650 1.120000 0.120208
v 0.004463 1.120000 0.065056
v -0.010000 1.120000 0.000000
v 0.004463 1.120000 -0.065056
v 0.045650 1.120000 -0.120208
v 0.107290 1.120000 -0.157060
v 0.180000 1.120000 -0.170000
v 0.252710 1.120000 -0.157060
v 0.314350 1.120000 -0.120208
v 0.355537 1.120000 -0.065056
v 0.180000 0.660000 0.000000
v 0.180000 1.120000 0.000000
v 0.310000 0.280000 0.000000
v 0.300104 0.280000 0.049749
v 0.271924 0.280000 0.091924
v 0.229749 0.280000 0.120104
v 0.180000 0.280000 0.130000
v 0.130251 0.280000 0.120104
v 0.088076 0.280000 0.091924
v 0.059896 0.280000 0.049749
v 0.050000 0.280000 0.000000
v 0.059896 0.280000 -0.049749
v 0.088076 0.280000 -0.091924
v 0.130251 0.280000 -0.120104
v 0.180000 0.280000 -0.130000
v 0.229749 0.280000 -0.120104
v 0.271924 0.280000 -0.091924
v 0.300104 0.280000 -0.049749
v 0.315000 0.500000 0.000000
v 0.304724 0.500000 0.051662
v 0.275459 0.500000 0.095459
v 0.231662 0.500000 0.124724
v 0.180000 0.500000 0.135000
v 0.128338 0.500000 0.124724
v 0.084541 0.500000 0.095459
v 0.055276 0.500000 0.051662
v 0.045000 0.500000 0.000000
v 0.055276 0.500000 -0.051662
v 0.084541 0.500000 -0.095459
v 0.128338 0.500000 -0.124724
v 0.180000 0.500000 -0.135000
v 0.231662 0.500000 -0.124724
v 0.275459 0.500000 -0.095459
v 0.304724 0.500000 -0.051662
v 0.315000 0.660000 0.000000
v 0.304724 0.660000 0.051662
v 0.275459 0.660000 0.095459
v 0.231662 0.660000 0.124724
v 0.180000 0.660000 0.135000
v 0.128338 0.660000 0.124724
v 0.084541 0.660000 0.095459
v 0.055276 0.660000 0.051662
v 0.045000 0.660000 0.000000
v 0.055276 0.660000 -0.051662
v 0.084541 0.660000 -0.095459
v 0.128338 0.660000 -0.124724
v 0.180000 0.660000 -0.135000
v 0.231662 0.660000 -0.124724
v 0.275459 0.660000 -0.095459
v 0.304724 0.660000 -0.051662
v 0.180000 0.280000 0.000000
v 0.180000 0.660000 0.000000
v 0.350000 1.050000 0.000000
v 0.332870 1.050000 0.058713
v 0.283156 1.050000 0.111679
v 0.205725 1.050000 0.153713
v 0.108156 1.050000 0.180701
v 0.000000 1.050000 0.190000
v -0.108156 1.050000 0.180701
v -0.205725 1.050000 0.153713
v -0.283156 1.050000 0.111679
v -0.332870 1.050000 0.058713
v -0.350000 1.050000 0.000000
v -0.332870 1.050000 -0.058713
v -0.283156 1.050000 -0.111679
v -0.205725 1.050000 -0.153713
v -0.108156 1.050000 -0.180701
v -0.000000 1.050000 -0.190000
v 0.108156 1.050000 -0.180701
v 0.205725 1.050000 -0.153713
v 0.283156 1.050000 -0.111679
v 0.332870 1.050000 -0.058713
v 0.370000 1.130000 0.000000
v 0.351891 1.130000 0.061803
v 0.299336 1.130000 0.117557
v 0.217481 1.130000 0.161803
v 0.114336 1.130000 0.190211
v 0.000000 1.130000 0.200000
v -0.114336 1.130000 0.190211
v -0.217481 1.130000 0.161803
v -0.299336 1.130000 0.117557
v -0.351891 1.130000 0.061803
v -0.370000 1.130000 0.000000
v -0.351891 1.130000 -0.061803
v -0.299336 1.130000 -0.117557
v -0.217481 1.130000 -0.161803
v -0.114336 1.130000 -0.190211
v -0.000000 1.130000 -0.200000
v 0.114336 1.130000 -0.190211
v 0.217481 1.130000 -0.161803
v 0.299336 1.130000 -0.117557
v 0.351891 1.130000 -0.061803
v 0.000000 1.050000 0.000000
v 0.000000 1.130000 0.000000
v 0.335814 1.080000 0.028158
v 0.302942 1.080000 0.081718
v 0.240416 1.080000 0.127279
v 0.154357 1.080000 0.160381
v 0.053188 1.080000 0.177784
v -0.053188 1.080000 0.177784
v -0.154357 1.080000 0.160381
v -0.240416 1.080000 0.127279
v -0.302942 1.080000 0.081718
v -0.335814 1.080000 0.028158
v -0.335814 1.080000 -0.028158
v -0.302942 1.080000 -0.081718
v -0.240416 1.080000 -0.127279
v -0.154357 1.080000 -0.160381
v -0.053188 1.080000 -0.177784
v 0.053188 1.080000 -0.177784
v 0.154357 1.080000 -0.160381
v 0.240416 1.080000 -0.127279
v 0.302942 1.080000 -0.081718
v 0.335814 1.080000 -0.028158
v 0.355568 1.300000 0.029723
v 0.320762 1.300000 0.086258
v 0.254558 1.300000 0.134350
v 0.163437 1.300000 0.169291
v 0.056316 1.300000 0.187661
v -0.056316 1.300000 0.187661
v -0.163437 1.300000 0.169291
v -0.254558 1.300000 0.134350
v -0.320762 1.300000 0.086258
v -0.355568 1.300000 0.029723
v -0.355568 1.300000 -0.029723
v -0.320762 1.300000 -0.086258
v -0.254558 1.300000 -0.134350
v -0.163437 1.300000 -0.169291
v -0.056316 1.300000 -0.187661
v 0.056316 1.300000 -0.187661
v 0.163437 1.300000 -0.169291
v 0.254558 1.300000 -0.134350
v 0.320762 1.300000 -0.086258
v 0.355568 1.300000 -0.029723
v 0.424706 1.580000 0.032851
v 0.383133 1.580000 0.095338
v 0.304056 1.580000 0.148492
v 0.195216 1.580000 0.187111
v 0.067267 1.580000 0.207415
v -0.067267 1.580000 0.207415
v -0.195216 1.580000 0.187111
v -0.304056 1.580000 0.148492
v -0.383133 1.580000 0.095338
v -0.424706 1.580000 0.032851
v -0.424706 1.580000 -0.032851
v -0.383133 1.580000 -0.095338
v -0.304056 1.580000 -0.148492
v -0.195216 1.580000 -0.187111
v -0.067267 1.580000 -0.207415
v 0.067267 1.580000 -0.207415
v 0.195216 1.580000 -0.187111
v 0.304056 1.580000 -0.148492
v 0.383133 1.580000 -0.095338
v 0.424706 1.580000 -0.032851
v 0.335814 1.700000 0.028158
v 0.302942 1.700000 0.081718
v 0.240416 1.700000 0.127279
v 0.154357 1.700000 0.160381
v 0.053188 1.700000 0.177784
v -0.053188 1.700000 0.177784
v -0.154357 1.700000 0.160381
v -0.240416 1.700000 0.127279
v -0.302942 1.700000 0.081718
v -0.335814 1.700000 0.028158
v -0.335814 1.700000 -0.028158
v -0.302942 1.700000 -0.081718
v -0.240416 1.700000 -0.127279
v -0.154357 1.700000 -0.160381
v -0.053188 1.700000 -0.177784
v 0.053188 1.700000 -0.177784
v 0.154357 1.700000 -0.160381
v 0.240416 1.700000 -0.127279
v 0.302942 1.700000 -0.081718
v 0.335814 1.700000 -0.028158
v 0.000000 1.080000 0.000000
v 0.000000 1.700000 0.000000
v 0.105000 1.620000 0.000000
v 0.094602 1.620000 0.045558
v 0.065466 1.620000 0.082092
v 0.023365 1.620000 0.102367
v -0.023365 1.620000 0.102367
v -0.065466 1.620000 0.082092
v -0.094602 1.620000 0.045558
v -0.105000 1.620000 0.000000
v -0.094602 1.620000 -0.045558
v -0.065466 1.620000 -0.082092
v -0.023365 1.620000 -0.102367
v 0.023365 1.620000 -0.102367
v 0.065466 1.620000 -0.082092
v 0.094602 1.620000 -0.045558
v 0.110000 1.780000 0.000000
v 0.099107 1.780000 0.047727
v 0.068584 1.780000 0.086001
v 0.024477 1.780000 0.107242
v -0.024477 1.780000 0.107242
v -0.068584 1.780000 0.086001
v -0.099107 1.780000 0.047727
v -0.110000 1.780000 0.000000
v -0.099107 1.780000 -0.047727
v -0.068584 1.780000 -0.086001
v -0.024477 1.780000 -0.107242
v 0.024477 1.780000 -0.107242
v 0.068584 1.780000 -0.086001
v 0.099107 1.780000 -0.047727
v 0.000000 1.620000 0.000000
v 0.000000 1.780000 0.000000
v 0.180000 1.580000 0.005000
v 0.162174 1.580000 0.057066
v 0.112228 1.580000 0.098820
v 0.040054 1.580000 0.121991
v -0.040054 1.580000 0.121991
v -0.112228 1.580000 0.098820
v -0.162174 1.580000 0.057066
v -0.180000 1.580000 0.005000
v -0.162174 1.580000 -0.047066
v -0.112228 1.580000 -0.088820
v -0.040054 1.580000 -0.111991
v 0.040054 1.580000 -0.111991
v 0.112228 1.580000 -0.088820
v 0.162174 1.580000 -0.047066
v 0.150000 1.700000 0.005000
v 0.135145 1.700000 0.048388
v 0.093523 1.700000 0.083183
v 0.033378 1.700000 0.102493
v -0.033378 1.700000 0.102493
v -0.093523 1.700000 0.083183
v -0.135145 1.700000 0.048388
v -0.150000 1.700000 0.005000
v -0.135145 1.700000 -0.038388
v -0.093523 1.700000 -0.073183
v -0.033378 1.700000 -0.092493
v 0.033378 1.700000 -0.092493
v 0.093523 1.700000 -0.073183
v 0.135145 1.700000 -0.038388
v 0.000000 1.580000 0.005000
v 0.000000 1.700000 0.005000
v -0.273259 1.580000 0.028928
v -0.298362 1.580000 0.081054
v -0.343595 1.580000 0.117126
v -0.400000 1.580000 0.130000
v -0.456405 1.580000 0.117126
v -0.501638 1.580000 0.081054
v -0.526741 1.580000 0.028928
v -0.526741 1.580000 -0.028928
v -0.501638 1.580000 -0.081054
v -0.456405 1.580000 -0.117126
v -0.400000 1.580000 -0.130000
v -0.343595 1.580000 -0.117126
v -0.298362 1.580000 -0.081054
v -0.273259 1.580000 -0.028928
v -0.318134 1.490000 0.037815
v -0.342271 1.490000 0.087936
v -0.385765 1.490000 0.122621
v -0.440000 1.490000 0.135000
v -0.494235 1.490000 0.122621
v -0.537729 1.490000 0.087936
v -0.561866 1.490000 0.037815
v -0.561866 1.490000 -0.017815
v -0.537729 1.490000 -0.067936
v -0.494235 1.490000 -0.102621
v -0.440000 1.490000 -0.115000
v -0.385765 1.490000 -0.102621
v -0.342271 1.490000 -0.067936
v -0.318134 1.490000 -0.017815
v -0.363009 1.400000 0.046703
v -0.386180 1.400000 0.094819
v -0.427934 1.400000 0.128116
v -0.480000 1.400000 0.140000
v -0.532066 1.400000 0.128116
v -0.573820 1.400000 0.094819
v -0.596991 1.400000 0.046703
v -0.596991 1.400000 -0.006703
v -0.573820 1.400000 -0.054819
v -0.532066 1.400000 -0.088116
v -0.480000 1.400000 -0.100000
v -0.427934 1.400000 -0.088116
v -0.386180 1.400000 -0.054819
v -0.363009 1.400000 -0.006703
v -0.400000 1.580000 0.000000
v -0.480000 1.400000 0.020000
v -0.363009 1.400000 0.046703
v -0.386180 1.400000 0.094819
v -0.427934 1.400000 0.128116
v -0.480000 1.400000 0.140000
v -0.532066 1.400000 0.128116
v -0.573820 1.400000 0.094819
v -0.596991 1.400000 0.046703
v -0.596991 1.400000 -0.006703
v -0.573820 1.400000 -0.054819
v -0.532066 1.400000 -0.088116
v -0.480000 1.400000 -0.100000
v -0.427934 1.400000 -0.088116
v -0.386180 1.400000 -0.054819
v -0.363009 1.400000 -0.006703
v -0.432758 1.290000 0.054477
v -0.453999 1.290000 0.098584
v -0.492273 1.290000 0.129107
v -0.540000 1.290000 0.140000
v -0.587727 1.290000 0.129107
v -0.626001 1.290000 0.098584
v -0.647242 1.290000 0.054477
v -0.647242 1.290000 0.005523
v -0.626001 1.290000 -0.038584
v -0.587727 1.290000 -0.069107
v -0.540000 1.290000 -0.080000
v -0.492273 1.290000 -0.069107
v -0.453999 1.290000 -0.038584
v -0.432758 1.290000 0.005523
v -0.467633 1.200000 0.063365
v -0.487908 1.200000 0.105466
v -0.524442 1.200000 0.134602
v -0.570000 1.200000 0.145000
v -0.615558 1.200000 0.134602
v -0.652092 1.200000 0.105466
v -0.672367 1.200000 0.063365
v -0.672367 1.200000 0.016635
v -0.652092 1.200000 -0.025466
v -0.615558 1.200000 -0.054602
v -0.570000 1.200000 -0.065000
v -0.524442 1.200000 -0.054602
v -0.487908 1.200000 -0.025466
v -0.467633 1.200000 0.016635
v -0.480000 1.400000 0.020000
v -0.570000 1.200000 0.040000
v -0.460000 1.180000 0.040000
v -0.470893 1.180000 0.087727
v -0.501416 1.180000 0.126001
v -0.545523 1.180000 0.147242
v -0.594477 1.180000 0.147242
v -0.638584 1.180000 0.126001
v -0.669107 1.180000 0.087727
v -0.680000 1.180000 0.040000
v -0.669107 1.180000 -0.007727
v -0.638584 1.180000 -0.046001
v -0.594477 1.180000 -0.067242
v -0.545523 1.180000 -0.067242
v -0.501416 1.180000 -0.046001
v -0.470893 1.180000 -0.007727
v -0.485000 1.120000 0.045000
v -0.495398 1.120000 0.090558
v -0.524534 1.120000 0.127092
v -0.566635 1.120000 0.147367
v -0.613365 1.120000 0.147367
v -0.655466 1.120000 0.127092
v -0.684602 1.120000 0.090558
v -0.695000 1.120000 0.045000
v -0.684602 1.120000 -0.000558
v -0.655466 1.120000 -0.037092
v -0.613365 1.120000 -0.057367
v -0.566635 1.120000 -0.057367
v -0.524534 1.120000 -0.037092
v -0.495398 1.120000 -0.000558
v -0.570000 1.180000 0.040000
v -0.590000 1.120000 0.045000
v -0.620000 0.920000 0.050000
v -0.620000 0.920000 0.050000
v -0.620000 0.920000 0.050000
v -0.620000 0.920000 0.050000
v -0.620000 0.920000 0.050000
v -0.620000 0.920000 0.050000
v -0.620000 0.920000 0.050000
v -0.620000 0.920000 0.050000
v -0.620000 0.920000 0.050000
v -0.620000 0.920000 0.050000
v -0.620000 0.920000 0.050000
v -0.620000 0.920000 0.050000
v -0.620000 0.920000 0.050000
v -0.620000 0.920000 0.050000
v -0.567500 0.937417 0.050000
v -0.572699 0.937417 0.071694
v -0.587267 0.937417 0.089092
v -0.608318 0.937417 0.098746
v -0.631682 0.937417 0.098746
v -0.652733 0.937417 0.089092
v -0.667301 0.937417 0.071694
v -0.672500 0.937417 0.050000
v -0.667301 0.937417 0.028306
v -0.652733 0.937417 0.010908
v -0.631682 0.937417 0.001254
v -0.608318 0.937417 0.001254
v -0.587267 0.937417 0.010908
v -0.572699 0.937417 0.028306
v -0.529067 0.985000 0.050000
v -0.538072 0.985000 0.087575
v -0.563304 0.985000 0.117709
v -0.599766 0.985000 0.134431
v -0.640234 0.985000 0.134431
v -0.676696 0.985000 0.117709
v -0.701928 0.985000 0.087575
v -0.710933 0.985000 0.050000
v -0.701928 0.985000 0.012425
v -0.676696 0.985000 -0.017709
v -0.640234 0.985000 -0.034431
v -0.599766 0.985000 -0.034431
v -0.563304 0.985000 -0.017709
v -0.538072 0.985000 0.012425
v -0.515000 1.050000 0.050000
v -0.525398 1.050000 0.093388
v -0.554534 1.050000 0.128183
v -0.596635 1.050000 0.147493
v -0.643365 1.050000 0.147493
v -0.685466 1.050000 0.128183
v -0.714602 1.050000 0.093388
v -0.725000 1.050000 0.050000
v -0.714602 1.050000 0.006612
v -0.685466 1.050000 -0.028183
v -0.643365 1.050000 -0.047493
v -0.596635 1.050000 -0.047493
v -0.554534 1.050000 -0.028183
v -0.525398 1.050000 0.006612
v -0.529067 1.115000 0.050000
v -0.538072 1.115000 0.087575
v -0.563304 1.115000 0.117709
v -0.599766 1.115000 0.134431
v -0.640234 1.115000 0.134431
v -0.676696 1.115000 0.117709
v -0.701928 1.115000 0.087575
v -0.710933 1.115000 0.050000
v -0.701928 1.115000 0.012425
v -0.676696 1.115000 -0.017709
v -0.640234 1.115000 -0.034431
v -0.599766 1.115000 -0.034431
v -0.563304 1.115000 -0.017709
v -0.538072 1.115000 0.012425
v -0.567500 1.162583 0.050000
v -0.572699 1.162583 0.071694
v -0.587267 1.162583 0.089092
v -0.608318 1.162583 0.098746
v -0.631682 1.162583 0.098746
v -0.652733 1.162583 0.089092
v -0.667301 1.162583 0.071694
v -0.672500 1.162583 0.050000
v -0.667301 1.162583 0.028306
v -0.652733 1.162583 0.010908
v -0.631682 1.162583 0.001254
v -0.608318 1.162583 0.001254
v -0.587267 1.162583 0.010908
v -0.572699 1.162583 0.028306
v -0.620000 1.180000 0.050000
v -0.620000 1.180000 0.050000
v -0.620000 1.180000 0.050000
v -0.620000 1.180000 0.050000
v -0.620000 1.180000 0.050000
v -0.620000 1.180000 0.050000
v -0.620000 1.180000 0.050000
v -0.620000 1.180000 0.050000
v -0.620000 1.180000 0.050000
v -0.620000 1.180000 0.050000
v -0.620000 1.180000 0.050000
v -0.620000 1.180000 0.050000
v -0.620000 1.180000 0.050000
v -0.620000 1.180000 0.050000
v 0.526741 1.580000 0.028928
v 0.501638 1.580000 0.081054
v 0.456405 1.580000 0.117126
v 0.400000 1.580000 0.130000
v 0.343595 1.580000 0.117126
v 0.298362 1.580000 0.081054
v 0.273259 1.580000 0.028928
v 0.273259 1.580000 -0.028928
v 0.298362 1.580000 -0.081054
v 0.343595 1.580000 -0.117126
v 0.400000 1.580000 -0.130000
v 0.456405 1.580000 -0.117126
v 0.501638 1.580000 -0.081054
v 0.526741 1.580000 -0.028928
v 0.561866 1.490000 0.037815
v 0.537729 1.490000 0.087936
v 0.494235 1.490000 0.122621
v 0.440000 1.490000 0.135000
v 0.385765 1.490000 0.122621
v 0.342271 1.490000 0.087936
v 0.318134 1.490000 0.037815
v 0.318134 1.490000 -0.017815
v 0.342271 1.490000 -0.067936
v 0.385765 1.490000 -0.102621
v 0.440000 1.490000 -0.115000
v 0.494235 1.490000 -0.102621
v 0.537729 1.490000 -0.067936
v 0.561866 1.490000 -0.017815
v 0.596991 1.400000 0.046703
v 0.573820 1.400000 0.094819
v 0.532066 1.400000 0.128116
v 0.480000 1.400000 0.140000
v 0.427934 1.400000 0.128116
v 0.386180 1.400000 0.094819
v 0.363009 1.400000 0.046703
v 0.363009 1.400000 -0.006703
v 0.386180 1.400000 -0.054819
v 0.427934 1.400000 -0.088116
v 0.480000 1.400000 -0.100000
v 0.532066 1.400000 -0.088116
v 0.573820 1.400000 -0.054819
v 0.596991 1.400000 -0.006703
v 0.400000 1.580000 0.000000
v 0.480000 1.400000 0.020000
v 0.596991 1.400000 0.046703
v 0.573820 1.400000 0.094819
v 0.532066 1.400000 0.128116
v 0.480000 1.400000 0.140000
v 0.427934 1.400000 0.128116
v 0.386180 1.400000 0.094819
v 0.363009 1.400000 0.046703
v 0.363009 1.400000 -0.006703
v 0.386180 1.400000 -0.054819
v 0.427934 1.400000 -0.088116
v 0.480000 1.400000 -0.100000
v 0.532066 1.400000 -0.088116
v 0.573820 1.400000 -0.054819
v 0.596991 1.400000 -0.006703
v 0.647242 1.290000 0.054477
v 0.626001 1.290000 0.098584
v 0.587727 1.290000 0.129107
v 0.540000 1.290000 0.140000
v 0.492273 1.290000 0.129107
v 0.453999 1.290000 0.098584
v 0.432758 1.290000 0.054477
v 0.432758 1.290000 0.005523
v 0.453999 1.290000 -0.038584
v 0.492273 1.290000 -0.069107
v 0.540000 1.290000 -0.080000
v 0.587727 1.290000 -0.069107
v 0.626001 1.290000 -0.038584
v 0.647242 1.290000 0.005523
v 0.672367 1.200000 0.063365
v 0.652092 1.200000 0.105466
v 0.615558 1.200000 0.134602
v 0.570000 1.200000 0.145000
v 0.524442 1.200000 0.134602
v 0.487908 1.200000 0.105466
v 0.467633 1.200000 0.063365
v 0.467633 1.200000 0.016635
v 0.487908 1.200000 -0.025466
v 0.524442 1.200000 -0.054602
v 0.570000 1.200000 -0.065000
v 0.615558 1.200000 -0.054602
v 0.652092 1.200000 -0.025466
v 0.672367 1.200000 0.016635
v 0.480000 1.400000 0.020000
v 0.570000 1.200000 0.040000
v 0.680000 1.180000 0.040000
v 0.669107 1.180000 0.087727
v 0.638584 1.180000 0.126001
v 0.594477 1.180000 0.147242
v 0.545523 1.180000 0.147242
v 0.501416 1.180000 0.126001
v 0.470893 1.180000 0.087727
v 0.460000 1.180000 0.040000
v 0.470893 1.180000 -0.007727
v 0.501416 1.180000 -0.046001
v 0.545523 1.180000 -0.067242
v 0.594477 1.180000 -0.067242
v 0.638584 1.180000 -0.046001
v 0.669107 1.180000 -0.007727
v 0.695000 1.120000 0.045000
v 0.684602 1.120000 0.090558
v 0.655466 1.120000 0.127092
v 0.613365 1.120000 0.147367
v 0.566635 1.120000 0.147367
v 0.524534 1.120000 0.127092
v 0.495398 1.120000 0.090558
v 0.485000 1.120000 0.045000
v 0.495398 1.120000 -0.000558
v 0.524534 1.120000 -0.037092
v 0.566635 1.120000 -0.057367
v 0.613365 1.120000 -0.057367
v 0.655466 1.120000 -0.037092
v 0.684602 1.120000 -0.000558
v 0.570000 1.180000 0.040000
v 0.590000 1.120000 0.045000
v 0.620000 0.920000 0.050000
v 0.620000 0.920000 0.050000
v 0.620000 0.920000 0.050000
v 0.620000 0.920000 0.050000
v 0.620000 0.920000 0.050000
v 0.620000 0.920000 0.050000
v 0.620000 0.920000 0.050000
v 0.620000 0.920000 0.050000
v 0.620000 0.920000 0.050000
v 0.620000 0.920000 0.050000
v 0.620000 0.920000 0.050000
v 0.620000 0.920000 0.050000
v 0.620000 0.920000 0.050000
v 0.620000 0.920000 0.050000
v 0.672500 0.937417 0.050000
v 0.667301 0.937417 0.071694
v 0.652733 0.937417 0.089092
v 0.631682 0.937417 0.098746
v 0.608318 0.937417 0.098746
v 0.587267 0.937417 0.089092
v 0.572699 0.937417 0.071694
v 0.567500 0.937417 0.050000
v 0.572699 0.937417 0.028306
v 0.587267 0.937417 0.010908
v 0.608318 0.937417 0.001254
v 0.631682 0.937417 0.001254
v 0.652733 0.937417 0.010908
v 0.667301 0.937417 0.028306
v 0.710933 0.985000 0.050000
v 0.701928 0.985000 0.087575
v 0.676696 0.985000 0.117709
v 0.640234 0.985000 0.134431
v 0.599766 0.985000 0.134431
v 0.563304 0.985000 0.117709
v 0.538072 0.985000 0.087575
v 0.529067 0.985000 0.050000
v 0.538072 0.985000 0.012425
v 0.563304 0.985000 -0.017709
v 0.599766 0.985000 -0.034431
v 0.640234 0.985000 -0.034431
v 0.676696 0.985000 -0.017709
v 0.701928 0.985000 0.012425
v 0.725000 1.050000 0.050000
v 0.714602 1.050000 0.093388
v 0.685466 1.050000 0.128183
v 0.643365 1.050000 0.147493
v 0.596635 1.050000 0.147493
v 0.554534 1.050000 0.128183
v 0.525398 1.050000 0.093388
v 0.515000 1.050000 0.050000
v 0.525398 1.050000 0.006612
v 0.554534 1.050000 -0.028183
v 0.596635 1.050000 -0.047493
v 0.643365 1.050000 -0.047493
v 0.685466 1.050000 -0.028183
v 0.714602 1.050000 0.006612
v 0.710933 1.115000 0.050000
v 0.701928 1.115000 0.087575
v 0.676696 1.115000 0.117709
v 0.640234 1.115000 0.134431
v 0.599766 1.115000 0.134431
v 0.563304 1.115000 0.117709
v 0.538072 1.115000 0.087575
v 0.529067 1.115000 0.050000
v 0.538072 1.115000 0.012425
v 0.563304 1.115000 -0.017709
v 0.599766 1.115000 -0.034431
v 0.640234 1.115000 -0.034431
v 0.676696 1.115000 -0.017709
v 0.701928 1.115000 0.012425
v 0.672500 1.162583 0.050000
v 0.667301 1.162583 0.071694
v 0.652733 1.162583 0.089092
v 0.631682 1.162583 0.098746
v 0.608318 1.162583 0.098746
v 0.587267 1.162583 0.089092
v 0.572699 1.162583 0.071694
v 0.567500 1.162583 0.050000
v 0.572699 1.162583 0.028306
v 0.587267 1.162583 0.010908
v 0.608318 1.162583 0.001254
v 0.631682 1.162583 0.001254
v 0.652733 1.162583 0.010908
v 0.667301 1.162583 0.028306
v 0.620000 1.180000 0.050000
v 0.620000 1.180000 0.050000
v 0.620000 1.180000 0.050000
v 0.620000 1.180000 0.050000
v 0.620000 1.180000 0.050000
v 0.620000 1.180000 0.050000
v 0.620000 1.180000 0.050000
v 0.620000 1.180000 0.050000
v 0.620000 1.180000 0.050000
v 0.620000 1.180000 0.050000
v 0.620000 1.180000 0.050000
v 0.620000 1.180000 0.050000
v 0.620000 1.180000 0.050000
v 0.620000 1.180000 0.050000
v 0.000000 1.690000 0.010000
v 0.000000 1.690000 0.010000
v 0.000000 1.690000 0.010000
v 0.000000 1.690000 0.010000
v 0.000000 1.690000 0.010000
v 0.000000 1.690000 0.010000
v -0.000000 1.690000 0.010000
v -0.000000 1.690000 0.010000
v -0.000000 1.690000 0.010000
v -0.000000 1.690000 0.010000
v -0.000000 1.690000 0.010000
v -0.000000 1.690000 0.010000
v -0.000000 1.690000 0.010000
v -0.000000 1.690000 0.010000
v -0.000000 1.690000 0.010000
v -0.000000 1.690000 0.010000
v 0.000000 1.690000 0.010000
v 0.000000 1.690000 0.010000
v 0.000000 1.690000 0.010000
v 0.000000 1.690000 0.010000
v 0.072619 1.704194 0.010000
v 0.069065 1.704194 0.029576
v 0.058750 1.704194 0.047235
v 0.042684 1.704194 0.061250
v 0.022441 1.704194 0.070248
v 0.000000 1.704194 0.073348
v -0.022441 1.704194 0.070248
v -0.042684 1.704194 0.061250
v -0.058750 1.704194 0.047235
v -0.069065 1.704194 0.029576
v -0.072619 1.704194 0.010000
v -0.069065 1.704194 -0.009576
v -0.058750 1.704194 -0.027235
v -0.042684 1.704194 -0.041250
v -0.022441 1.704194 -0.050248
v -0.000000 1.704194 -0.053348
v 0.022441 1.704194 -0.050248
v 0.042684 1.704194 -0.041250
v 0.058750 1.704194 -0.027235
v 0.069065 1.704194 -0.009576
v 0.138130 1.745385 0.010000
v 0.131369 1.745385 0.047235
v 0.111749 1.745385 0.080826
v 0.081191 1.745385 0.107483
v 0.042684 1.745385 0.124598
v 0.000000 1.745385 0.130496
v -0.042684 1.745385 0.124598
v -0.081191 1.745385 0.107483
v -0.111749 1.745385 0.080826
v -0.131369 1.745385 0.047235
v -0.138130 1.745385 0.010000
v -0.131369 1.745385 -0.027235
v -0.111749 1.745385 -0.060826
v -0.081191 1.745385 -0.087483
v -0.042684 1.745385 -0.104598
v -0.000000 1.745385 -0.110496
v 0.042684 1.745385 -0.104598
v 0.081191 1.745385 -0.087483
v 0.111749 1.745385 -0.060826
v 0.131369 1.745385 -0.027235
v 0.190119 1.809542 0.010000
v 0.180814 1.809542 0.061250
v 0.153809 1.809542 0.107483
v 0.111749 1.809542 0.144174
v 0.058750 1.809542 0.167731
v 0.000000 1.809542 0.175848
v -0.058750 1.809542 0.167731
v -0.111749 1.809542 0.144174
v -0.153809 1.809542 0.107483
v -0.180814 1.809542 0.061250
v -0.190119 1.809542 0.010000
v -0.180814 1.809542 -0.041250
v -0.153809 1.809542 -0.087483
v -0.111749 1.809542 -0.124174
v -0.058750 1.809542 -0.147731
v -0.000000 1.809542 -0.155848
v 0.058750 1.809542 -0.147731
v 0.111749 1.809542 -0.124174
v 0.153809 1.809542 -0.087483
v 0.180814 1.809542 -0.041250
v 0.223498 1.890385 0.010000
v 0.212559 1.890385 0.070248
v 0.180814 1.890385 0.124598
v 0.131369 1.890385 0.167731
v 0.069065 1.890385 0.195424
v 0.000000 1.890385 0.204967
v -0.069065 1.890385 0.195424
v -0.131369 1.890385 0.167731
v -0.180814 1.890385 0.124598
v -0.212559 1.890385 0.070248
v -0.223498 1.890385 0.010000
v -0.212559 1.890385 -0.050248
v -0.180814 1.890385 -0.104598
v -0.131369 1.890385 -0.147731
v -0.069065 1.890385 -0.175424
v -0.000000 1.890385 -0.184967
v 0.069065 1.890385 -0.175424
v 0.131369 1.890385 -0.147731
v 0.180814 1.890385 -0.104598
v 0.212559 1.890385 -0.050248
v 0.235000 1.980000 0.010000
v 0.223498 1.980000 0.073348
v 0.190119 1.980000 0.130496
v 0.138130 1.980000 0.175848
v 0.072619 1.980000 0.204967
v 0.000000 1.980000 0.215000
v -0.072619 1.980000 0.204967
v -0.138130 1.980000 0.175848
v -0.190119 1.980000 0.130496
v -0.223498 1.980000 0.073348
v -0.235000 1.980000 0.010000
v -0.223498 1.980000 -0.053348
v -0.190119 1.980000 -0.110496
v -0.138130 1.980000 -0.155848
v -0.072619 1.980000 -0.184967
v -0.000000 1.980000 -0.195000
v 0.072619 1.980000 -0.184967
v 0.138130 1.980000 -0.155848
v 0.190119 1.980000 -0.110496
v 0.223498 1.980000 -0.053348
v 0.223498 2.069615 0.010000
v 0.212559 2.069615 0.070248
v 0.180814 2.069615 0.124598
v 0.131369 2.069615 0.167731
v 0.069065 2.069615 0.195424
v 0.000000 2.069615 0.204967
v -0.069065 2.069615 0.195424
v -0.131369 2.069615 0.167731
v -0.180814 2.069615 0.124598
v -0.212559 2.069615 0.070248
v -0.223498 2.069615 0.010000
v -0.212559 2.069615 -0.050248
v -0.180814 2.069615 -0.104598
v -0.131369 2.069615 -0.147731
v -0.069065 2.069615 -0.175424
v -0.000000 2.069615 -0.184967
v 0.069065 2.069615 -0.175424
v 0.131369 2.069615 -0.147731
v 0.180814 2.069615 -0.104598
v 0.212559 2.069615 -0.050248
v 0.190119 2.150458 0.010000
v 0.180814 2.150458 0.061250
v 0.153809 2.150458 0.107483
v 0.111749 2.150458 0.144174
v 0.058750 2.150458 0.167731
v 0.000000 2.150458 0.175848
v -0.058750 2.150458 0.167731
v -0.111749 2.150458 0.144174
v -0.153809 2.150458 0.107483
v -0.180814 2.150458 0.061250
v -0.190119 2.150458 0.010000
v -0.180814 2.150458 -0.041250
v -0.153809 2.150458 -0.087483
v -0.111749 2.150458 -0.124174
v -0.058750 2.150458 -0.147731
v -0.000000 2.150458 -0.155848
v 0.058750 2.150458 -0.147731
v 0.111749 2.150458 -0.124174
v 0.153809 2.150458 -0.087483
v 0.180814 2.150458 -0.041250
v 0.138130 2.214615 0.010000
v 0.131369 2.214615 0.047235
v 0.111749 2.214615 0.080826
v 0.081191 2.214615 0.107483
v 0.042684 2.214615 0.124598
v 0.000000 2.214615 0.130496
v -0.042684 2.214615 0.124598
v -0.081191 2.214615 0.107483
v -0.111749 2.214615 0.080826
v -0.131369 2.214615 0.047235
v -0.138130 2.214615 0.010000
v -0.131369 2.214615 -0.027235
v -0.111749 2.214615 -0.060826
v -0.081191 2.214615 -0.087483
v -0.042684 2.214615 -0.104598
v -0.000000 2.214615 -0.110496
v 0.042684 2.214615 -0.104598
v 0.081191 2.214615 -0.087483
v 0.111749 2.214615 -0.060826
v 0.131369 2.214615 -0.027235
v 0.072619 2.255806 0.010000
v 0.069065 2.255806 0.029576
v 0.058750 2.255806 0.047235
v 0.042684 2.255806 0.061250
v 0.022441 2.255806 0.070248
v 0.000000 2.255806 0.073348
v -0.022441 2.255806 0.070248
v -0.042684 2.255806 0.061250
v -0.058750 2.255806 0.047235
v -0.069065 2.255806 0.029576
v -0.072619 2.255806 0.010000
v -0.069065 2.255806 -0.009576
v -0.058750 2.255806 -0.027235
v -0.042684 2.255806 -0.041250
v -0.022441 2.255806 -0.050248
v -0.000000 2.255806 -0.053348
v 0.022441 2.255806 -0.050248
v 0.042684 2.255806 -0.041250
v 0.058750 2.255806 -0.027235
v 0.069065 2.255806 -0.009576
v 0.000000 2.270000 0.010000
v 0.000000 2.270000 0.010000
v 0.000000 2.270000 0.010000
v 0.000000 2.270000 0.010000
v 0.000000 2.270000 0.010000
v 0.000000 2.270000 0.010000
v -0.000000 2.270000 0.010000
v -0.000000 2.270000 0.010000
v -0.000000 2.270000 0.010000
v -0.000000 2.270000 0.010000
v -0.000000 2.270000 0.010000
v -0.000000 2.270000 0.010000
v -0.000000 2.270000 0.010000
v -0.000000 2.270000 0.010000
v -0.000000 2.270000 0.010000
v -0.000000 2.270000 0.010000
v 0.000000 2.270000 0.010000
v 0.000000 2.270000 0.010000
v 0.000000 2.270000 0.010000
v 0.000000 2.270000 0.010000
v -0.225000 1.925000 0.005000
v -0.225000 1.925000 0.005000
v -0.225000 1.925000 0.005000
v -0.225000 1.925000 0.005000
v -0.225000 1.925000 0.005000
v -0.225000 1.925000 0.005000
v -0.225000 1.925000 0.005000
v -0.225000 1.925000 0.005000
v -0.225000 1.925000 0.005000
v -0.225000 1.925000 0.005000
v -0.225000 1.925000 0.005000
v -0.225000 1.925000 0.005000
v -0.198550 1.939324 0.005000
v -0.202093 1.939324 0.015286
v -0.211775 1.939324 0.022816
v -0.225000 1.939324 0.025572
v -0.238225 1.939324 0.022816
v -0.247907 1.939324 0.015286
v -0.251450 1.939324 0.005000
v -0.247907 1.939324 -0.005286
v -0.238225 1.939324 -0.012816
v -0.225000 1.939324 -0.015572
v -0.211775 1.939324 -0.012816
v -0.202093 1.939324 -0.005286
v -0.182202 1.976824 0.005000
v -0.187936 1.976824 0.021643
v -0.203601 1.976824 0.033827
v -0.225000 1.976824 0.038287
v -0.246399 1.976824 0.033827
v -0.262064 1.976824 0.021643
v -0.267798 1.976824 0.005000
v -0.262064 1.976824 -0.011643
v -0.246399 1.976824 -0.023827
v -0.225000 1.976824 -0.028287
v -0.203601 1.976824 -0.023827
v -0.187936 1.976824 -0.011643
v -0.182202 2.023176 0.005000
v -0.187936 2.023176 0.021643
v -0.203601 2.023176 0.033827
v -0.225000 2.023176 0.038287
v -0.246399 2.023176 0.033827
v -0.262064 2.023176 0.021643
v -0.267798 2.023176 0.005000
v -0.262064 2.023176 -0.011643
v -0.246399 2.023176 -0.023827
v -0.225000 2.023176 -0.028287
v -0.203601 2.023176 -0.023827
v -0.187936 2.023176 -0.011643
v -0.198550 2.060676 0.005000
v -0.202093 2.060676 0.015286
v -0.211775 2.060676 0.022816
v -0.225000 2.060676 0.025572
v -0.238225 2.060676 0.022816
v -0.247907 2.060676 0.015286
v -0.251450 2.060676 0.005000
v -0.247907 2.060676 -0.005286
v -0.238225 2.060676 -0.012816
v -0.225000 2.060676 -0.015572
v -0.211775 2.060676 -0.012816
v -0.202093 2.060676 -0.005286
v -0.225000 2.075000 0.005000
v -0.225000 2.075000 0.005000
v -0.225000 2.075000 0.005000
v -0.225000 2.075000 0.005000
v -0.225000 2.075000 0.005000
v -0.225000 2.075000 0.005000
v -0.225000 2.075000 0.005000
v -0.225000 2.075000 0.005000
v -0.225000 2.075000 0.005000
v -0.225000 2.075000 0.005000
v -0.225000 2.075000 0.005000
v -0.225000 2.075000 0.005000
v 0.225000 1.925000 0.005000
v 0.225000 1.925000 0.005000
v 0.225000 1.925000 0.005000
v 0.225000 1.925000 0.005000
v 0.225000 1.925000 0.005000
v 0.225000 1.925000 0.005000
v 0.225000 1.925000 0.005000
v 0.225000 1.925000 0.005000
v 0.225000 1.925000 0.005000
v 0.225000 1.925000 0.005000
v 0.225000 1.925000 0.005000
v 0.225000 1.925000 0.005000
v 0.251450 1.939324 0.005000
v 0.247907 1.939324 0.015286
v 0.238225 1.939324 0.022816
v 0.225000 1.939324 0.025572
v 0.211775 1.939324 0.022816
v 0.202093 1.939324 0.015286
v 0.198550 1.939324 0.005000
v 0.202093 1.939324 -0.005286
v 0.211775 1.939324 -0.012816
v 0.225000 1.939324 -0.015572
v 0.238225 1.939324 -0.012816
v 0.247907 1.939324 -0.005286
v 0.267798 1.976824 0.005000
v 0.262064 1.976824 0.021643
v 0.246399 1.976824 0.033827
v 0.225000 1.976824 0.038287
v 0.203601 1.976824 0.033827
v 0.187936 1.976824 0.021643
v 0.182202 1.976824 0.005000
v 0.187936 1.976824 -0.011643
v 0.203601 1.976824 -0.023827
v 0.225000 1.976824 -0.028287
v 0.246399 1.976824 -0.023827
v 0.262064 1.976824 -0.011643
v 0.267798 2.023176 0.005000
v 0.262064 2.023176 0.021643
v 0.246399 2.023176 0.033827
v 0.225000 2.023176 0.038287
v 0.203601 2.023176 0.033827
v 0.187936 2.023176 0.021643
v 0.182202 2.023176 0.005000
v 0.187936 2.023176 -0.011643
v 0.203601 2.023176 -0.023827
v 0.225000 2.023176 -0.028287
v 0.246399 2.023176 -0.023827
v 0.262064 2.023176 -0.011643
v 0.251450 2.060676 0.005000
v 0.247907 2.060676 0.015286
v 0.238225 2.060676 0.022816
v 0.225000 2.060676 0.025572
v 0.211775 2.060676 0.022816
v 0.202093 2.060676 0.015286
v 0.198550 2.060676 0.005000
v 0.202093 2.060676 -0.005286
v 0.211775 2.060676 -0.012816
v 0.225000 2.060676 -0.015572
v 0.238225 2.060676 -0.012816
v 0.247907 2.060676 -0.005286
v 0.225000 2.075000 0.005000
v 0.225000 2.075000 0.005000
v 0.225000 2.075000 0.005000
v 0.225000 2.075000 0.005000
v 0.225000 2.075000 0.005000
v 0.225000 2.075000 0.005000
v 0.225000 2.075000 0.005000
v 0.225000 2.075000 0.005000
v 0.225000 2.075000 0.005000
v 0.225000 2.075000 0.005000
v 0.225000 2.075000 0.005000
v 0.225000 2.075000 0.005000
v -0.085000 2.000000 0.188000
v -0.085000 2.000000 0.188000
v -0.085000 2.000000 0.188000
v -0.085000 2.000000 0.188000
v -0.085000 2.000000 0.188000
v -0.085000 2.000000 0.188000
v -0.085000 2.000000 0.188000
v -0.085000 2.000000 0.188000
v -0.085000 2.000000 0.188000
v -0.085000 2.000000 0.188000
v -0.085000 2.000000 0.188000
v -0.085000 2.000000 0.188000
v -0.068542 2.006684 0.188000
v -0.070747 2.006684 0.193290
v -0.076771 2.006684 0.197163
v -0.085000 2.006684 0.198580
v -0.093229 2.006684 0.197163
v -0.099253 2.006684 0.193290
v -0.101458 2.006684 0.188000
v -0.099253 2.006684 0.182710
v -0.093229 2.006684 0.178837
v -0.085000 2.006684 0.177420
v -0.076771 2.006684 0.178837
v -0.070747 2.006684 0.182710
v -0.058370 2.024184 0.188000
v -0.061938 2.024184 0.196560
v -0.071685 2.024184 0.202826
v -0.085000 2.024184 0.205119
v -0.098315 2.024184 0.202826
v -0.108062 2.024184 0.196560
v -0.111630 2.024184 0.188000
v -0.108062 2.024184 0.179440
v -0.098315 2.024184 0.173174
v -0.085000 2.024184 0.170881
v -0.071685 2.024184 0.173174
v -0.061938 2.024184 0.179440
v -0.058370 2.045816 0.188000
v -0.061938 2.045816 0.196560
v -0.071685 2.045816 0.202826
v -0.085000 2.045816 0.205119
v -0.098315 2.045816 0.202826
v -0.108062 2.045816 0.196560
v -0.111630 2.045816 0.188000
v -0.108062 2.045816 0.179440
v -0.098315 2.045816 0.173174
v -0.085000 2.045816 0.170881
v -0.071685 2.045816 0.173174
v -0.061938 2.045816 0.179440
v -0.068542 2.063316 0.188000
v -0.070747 2.063316 0.193290
v -0.076771 2.063316 0.197163
v -0.085000 2.063316 0.198580
v -0.093229 2.063316 0.197163
v -0.099253 2.063316 0.193290
v -0.101458 2.063316 0.188000
v -0.099253 2.063316 0.182710
v -0.093229 2.063316 0.178837
v -0.085000 2.063316 0.177420
v -0.076771 2.063316 0.178837
v -0.070747 2.063316 0.182710
v -0.085000 2.070000 0.188000
v -0.085000 2.070000 0.188000
v -0.085000 2.070000 0.188000
v -0.085000 2.070000 0.188000
v -0.085000 2.070000 0.188000
v -0.085000 2.070000 0.188000
v -0.085000 2.070000 0.188000
v -0.085000 2.070000 0.188000
v -0.085000 2.070000 0.188000
v -0.085000 2.070000 0.188000
v -0.085000 2.070000 0.188000
v -0.085000 2.070000 0.188000
v 0.085000 2.000000 0.188000
v 0.085000 2.000000 0.188000
v 0.085000 2.000000 0.188000
v 0.085000 2.000000 0.188000
v 0.085000 2.000000 0.188000
v 0.085000 2.000000 0.188000
v 0.085000 2.000000 0.188000
v 0.085000 2.000000 0.188000
v 0.085000 2.000000 0.188000
v 0.085000 2.000000 0.188000
v 0.085000 2.000000 0.188000
v 0.085000 2.000000 0.188000
v 0.101458 2.006684 0.188000
v 0.099253 2.006684 0.193290
v 0.093229 2.006684 0.197163
v 0.085000 2.006684 0.198580
v 0.076771 2.006684 0.197163
v 0.070747 2.006684 0.193290
v 0.068542 2.006684 0.188000
v 0.070747 2.006684 0.182710
v 0.076771 2.006684 0.178837
v 0.085000 2.006684 0.177420
v 0.093229 2.006684 0.178837
v 0.099253 2.006684 0.182710
v 0.111630 2.024184 0.188000
v 0.108062 2.024184 0.196560
v 0.098315 2.024184 0.202826
v 0.085000 2.024184 0.205119
v 0.071685 2.024184 0.202826
v 0.061938 2.024184 0.196560
v 0.058370 2.024184 0.188000
v 0.061938 2.024184 0.179440
v 0.071685 2.024184 0.173174
v 0.085000 2.024184 0.170881
v 0.098315 2.024184 0.173174
v 0.108062 2.024184 0.179440
v 0.111630 2.045816 0.188000
v 0.108062 2.045816 0.196560
v 0.098315 2.045816 0.202826
v 0.085000 2.045816 0.205119
v 0.071685 2.045816 0.202826
v 0.061938 2.045816 0.196560
v 0.058370 2.045816 0.188000
v 0.061938 2.045816 0.179440
v 0.071685 2.045816 0.173174
v 0.085000 2.045816 0.170881
v 0.098315 2.045816 0.173174
v 0.108062 2.045816 0.179440
v 0.101458 2.063316 0.188000
v 0.099253 2.063316 0.193290
v 0.093229 2.063316 0.197163
v 0.085000 2.063316 0.198580
v 0.076771 2.063316 0.197163
v 0.070747 2.063316 0.193290
v 0.068542 2.063316 0.188000
v 0.070747 2.063316 0.182710
v 0.076771 2.063316 0.178837
v 0.085000 2.063316 0.177420
v 0.093229 2.063316 0.178837
v 0.099253 2.063316 0.182710
v 0.085000 2.070000 0.188000
v 0.085000 2.070000 0.188000
v 0.085000 2.070000 0.188000
v 0.085000 2.070000 0.188000
v 0.085000 2.070000 0.188000
v 0.085000 2.070000 0.188000
v 0.085000 2.070000 0.188000
v 0.085000 2.070000 0.188000
v 0.085000 2.070000 0.188000
v 0.085000 2.070000 0.188000
v 0.085000 2.070000 0.188000
v 0.085000 2.070000 0.188000
v 0.000000 1.920000 0.205000
v 0.000000 1.920000 0.205000
v 0.000000 1.920000 0.205000
v 0.000000 1.920000 0.205000
v -0.000000 1.920000 0.205000
v -0.000000 1.920000 0.205000
v -0.000000 1.920000 0.205000
v -0.000000 1.920000 0.205000
v -0.000000 1.920000 0.205000
v -0.000000 1.920000 0.205000
v 0.000000 1.920000 0.205000
v 0.000000 1.920000 0.205000
v 0.020572 1.930504 0.205000
v 0.017816 1.930504 0.218225
v 0.010286 1.930504 0.227907
v 0.000000 1.930504 0.231450
v -0.010286 1.930504 0.227907
v -0.017816 1.930504 0.218225
v -0.020572 1.930504 0.205000
v -0.017816 1.930504 0.191775
v -0.010286 1.930504 0.182093
v -0.000000 1.930504 0.178550
v 0.010286 1.930504 0.182093
v 0.017816 1.930504 0.191775
v 0.033287 1.958004 0.205000
v 0.028827 1.958004 0.226399
v 0.016643 1.958004 0.242064
v 0.000000 1.958004 0.247798
v -0.016643 1.958004 0.242064
v -0.028827 1.958004 0.226399
v -0.033287 1.958004 0.205000
v -0.028827 1.958004 0.183601
v -0.016643 1.958004 0.167936
v -0.000000 1.958004 0.162202
v 0.016643 1.958004 0.167936
v 0.028827 1.958004 0.183601
v 0.033287 1.991996 0.205000
v 0.028827 1.991996 0.226399
v 0.016643 1.991996 0.242064
v 0.000000 1.991996 0.247798
v -0.016643 1.991996 0.242064
v -0.028827 1.991996 0.226399
v -0.033287 1.991996 0.205000
v -0.028827 1.991996 0.183601
v -0.016643 1.991996 0.167936
v -0.000000 1.991996 0.162202
v 0.016643 1.991996 0.167936
v 0.028827 1.991996 0.183601
v 0.020572 2.019496 0.205000
v 0.017816 2.019496 0.218225
v 0.010286 2.019496 0.227907
v 0.000000 2.019496 0.231450
v -0.010286 2.019496 0.227907
v -0.017816 2.019496 0.218225
v -0.020572 2.019496 0.205000
v -0.017816 2.019496 0.191775
v -0.010286 2.019496 0.182093
v -0.000000 2.019496 0.178550
v 0.010286 2.019496 0.182093
v 0.017816 2.019496 0.191775
v 0.000000 2.030000 0.205000
v 0.000000 2.030000 0.205000
v 0.000000 2.030000 0.205000
v 0.000000 2.030000 0.205000
v -0.000000 2.030000 0.205000
v -0.000000 2.030000 0.205000
v -0.000000 2.030000 0.205000
v -0.000000 2.030000 0.205000
v -0.000000 2.030000 0.205000
v -0.000000 2.030000 0.205000
v 0.000000 2.030000 0.205000
v 0.000000 2.030000 0.205000
v 0.250000 2.070000 -0.005000
v 0.237764 2.070000 0.059894
v 0.202254 2.070000 0.118435
v 0.146946 2.070000 0.164894
v 0.077254 2.070000 0.194722
v 0.000000 2.070000 0.205000
v -0.077254 2.070000 0.194722
v -0.146946 2.070000 0.164894
v -0.202254 2.070000 0.118435
v -0.237764 2.070000 0.059894
v -0.250000 2.070000 -0.005000
v -0.237764 2.070000 -0.069894
v -0.202254 2.070000 -0.128435
v -0.146946 2.070000 -0.174894
v -0.077254 2.070000 -0.204722
v -0.000000 2.070000 -0.215000
v 0.077254 2.070000 -0.204722
v 0.146946 2.070000 -0.174894
v 0.202254 2.070000 -0.128435
v 0.237764 2.070000 -0.069894
v 0.290000 2.180000 -0.005000
v 0.275806 2.180000 0.062984
v 0.234615 2.180000 0.124313
v 0.170458 2.180000 0.172984
v 0.089615 2.180000 0.204232
v 0.000000 2.180000 0.215000
v -0.089615 2.180000 0.204232
v -0.170458 2.180000 0.172984
v -0.234615 2.180000 0.124313
v -0.275806 2.180000 0.062984
v -0.290000 2.180000 -0.005000
v -0.275806 2.180000 -0.072984
v -0.234615 2.180000 -0.134313
v -0.170458 2.180000 -0.182984
v -0.089615 2.180000 -0.214232
v -0.000000 2.180000 -0.225000
v 0.089615 2.180000 -0.214232
v 0.170458 2.180000 -0.182984
v 0.234615 2.180000 -0.134313
v 0.275806 2.180000 -0.072984
v 0.220000 2.290000 -0.005000
v 0.209232 2.290000 0.047533
v 0.177984 2.290000 0.094923
v 0.129313 2.290000 0.132533
v 0.067984 2.290000 0.156680
v 0.000000 2.290000 0.165000
v -0.067984 2.290000 0.156680
v -0.129313 2.290000 0.132533
v -0.177984 2.290000 0.094923
v -0.209232 2.290000 0.047533
v -0.220000 2.290000 -0.005000
v -0.209232 2.290000 -0.057533
v -0.177984 2.290000 -0.104923
v -0.129313 2.290000 -0.142533
v -0.067984 2.290000 -0.166680
v -0.000000 2.290000 -0.175000
v 0.067984 2.290000 -0.166680
v 0.129313 2.290000 -0.142533
v 0.177984 2.290000 -0.104923
v 0.209232 2.290000 -0.057533
v 0.055000 2.360000 -0.005000
v 0.052308 2.360000 0.008906
v 0.044496 2.360000 0.021450
v 0.032328 2.360000 0.031406
v 0.016996 2.360000 0.037798
v 0.000000 2.360000 0.040000
v -0.016996 2.360000 0.037798
v -0.032328 2.360000 0.031406
v -0.044496 2.360000 0.021450
v -0.052308 2.360000 0.008906
v -0.055000 2.360000 -0.005000
v -0.052308 2.360000 -0.018906
v -0.044496 2.360000 -0.031450
v -0.032328 2.360000 -0.041406
v -0.016996 2.360000 -0.047798
v -0.000000 2.360000 -0.050000
v 0.016996 2.360000 -0.047798
v 0.032328 2.360000 -0.041406
v 0.044496 2.360000 -0.031450
v 0.052308 2.360000 -0.018906
v 0.000000 2.070000 -0.005000
v 0.000000 2.360000 -0.005000
v 0.280000 1.720000 -0.130000
v 0.266296 1.720000 -0.099098
v 0.226525 1.720000 -0.071221
v 0.164580 1.720000 -0.049098
v 0.086525 1.720000 -0.034894
v 0.000000 1.720000 -0.030000
v -0.086525 1.720000 -0.034894
v -0.164580 1.720000 -0.049098
v -0.226525 1.720000 -0.071221
v -0.266296 1.720000 -0.099098
v -0.280000 1.720000 -0.130000
v -0.266296 1.720000 -0.160902
v -0.226525 1.720000 -0.188779
v -0.164580 1.720000 -0.210902
v -0.086525 1.720000 -0.225106
v -0.000000 1.720000 -0.230000
v 0.086525 1.720000 -0.225106
v 0.164580 1.720000 -0.210902
v 0.226525 1.720000 -0.188779
v 0.266296 1.720000 -0.160902
v 0.310000 1.940000 -0.160000
v 0.294828 1.940000 -0.127553
v 0.250795 1.940000 -0.098283
v 0.182213 1.940000 -0.075053
v 0.095795 1.940000 -0.060139
v 0.000000 1.940000 -0.055000
v -0.095795 1.940000 -0.060139
v -0.182213 1.940000 -0.075053
v -0.250795 1.940000 -0.098283
v -0.294828 1.940000 -0.127553
v -0.310000 1.940000 -0.160000
v -0.294828 1.940000 -0.192447
v -0.250795 1.940000 -0.221717
v -0.182213 1.940000 -0.244947
v -0.095795 1.940000 -0.259861
v -0.000000 1.940000 -0.265000
v 0.095795 1.940000 -0.259861
v 0.182213 1.940000 -0.244947
v 0.250795 1.940000 -0.221717
v 0.294828 1.940000 -0.192447
v 0.300000 2.170000 -0.120000
v 0.285317 2.170000 -0.089098
v 0.242705 2.170000 -0.061221
v 0.176336 2.170000 -0.039098
v 0.092705 2.170000 -0.024894
v 0.000000 2.170000 -0.020000
v -0.092705 2.170000 -0.024894
v -0.176336 2.170000 -0.039098
v -0.242705 2.170000 -0.061221
v -0.285317 2.170000 -0.089098
v -0.300000 2.170000 -0.120000
v -0.285317 2.170000 -0.150902
v -0.242705 2.170000 -0.178779
v -0.176336 2.170000 -0.200902
v -0.092705 2.170000 -0.215106
v -0.000000 2.170000 -0.220000
v 0.092705 2.170000 -0.215106
v 0.176336 2.170000 -0.200902
v 0.242705 2.170000 -0.178779
v 0.285317 2.170000 -0.150902
v 0.000000 1.720000 -0.130000
v 0.000000 2.170000 -0.120000
v -0.137896 2.160000 0.029411
v -0.159896 2.160000 0.063033
v -0.198000 2.160000 0.082444
v -0.242000 2.160000 0.082444
v -0.280104 2.160000 0.063033
v -0.302104 2.160000 0.029411
v -0.302104 2.160000 -0.009411
v -0.280104 2.160000 -0.043033
v -0.242000 2.160000 -0.062444
v -0.198000 2.160000 -0.062444
v -0.159896 2.160000 -0.043033
v -0.137896 2.160000 -0.009411
v -0.197896 1.920000 0.044411
v -0.219896 1.920000 0.078033
v -0.258000 1.920000 0.097444
v -0.302000 1.920000 0.097444
v -0.340104 1.920000 0.078033
v -0.362104 1.920000 0.044411
v -0.362104 1.920000 0.005589
v -0.340104 1.920000 -0.028033
v -0.302000 1.920000 -0.047444
v -0.258000 1.920000 -0.047444
v -0.219896 1.920000 -0.028033
v -0.197896 1.920000 0.005589
v -0.187215 1.670000 0.050529
v -0.204038 1.670000 0.077426
v -0.233177 1.670000 0.092956
v -0.266823 1.670000 0.092956
v -0.295962 1.670000 0.077426
v -0.312785 1.670000 0.050529
v -0.312785 1.670000 0.019471
v -0.295962 1.670000 -0.007426
v -0.266823 1.670000 -0.022956
v -0.233177 1.670000 -0.022956
v -0.204038 1.670000 -0.007426
v -0.187215 1.670000 0.019471
v -0.166193 1.480000 0.059059
v -0.175251 1.480000 0.074749
v -0.190941 1.480000 0.083807
v -0.209059 1.480000 0.083807
v -0.224749 1.480000 0.074749
v -0.233807 1.480000 0.059059
v -0.233807 1.480000 0.040941
v -0.224749 1.480000 0.025251
v -0.209059 1.480000 0.016193
v -0.190941 1.480000 0.016193
v -0.175251 1.480000 0.025251
v -0.166193 1.480000 0.040941
v -0.220000 2.160000 0.010000
v -0.200000 1.480000 0.050000
v 0.302104 2.160000 0.029411
v 0.280104 2.160000 0.063033
v 0.242000 2.160000 0.082444
v 0.198000 2.160000 0.082444
v 0.159896 2.160000 0.063033
v 0.137896 2.160000 0.029411
v 0.137896 2.160000 -0.009411
v 0.159896 2.160000 -0.043033
v 0.198000 2.160000 -0.062444
v 0.242000 2.160000 -0.062444
v 0.280104 2.160000 -0.043033
v 0.302104 2.160000 -0.009411
v 0.362104 1.920000 0.044411
v 0.340104 1.920000 0.078033
v 0.302000 1.920000 0.097444
v 0.258000 1.920000 0.097444
v 0.219896 1.920000 0.078033
v 0.197896 1.920000 0.044411
v 0.197896 1.920000 0.005589
v 0.219896 1.920000 -0.028033
v 0.258000 1.920000 -0.047444
v 0.302000 1.920000 -0.047444
v 0.340104 1.920000 -0.028033
v 0.362104 1.920000 0.005589
v 0.312785 1.670000 0.050529
v 0.295962 1.670000 0.077426
v 0.266823 1.670000 0.092956
v 0.233177 1.670000 0.092956
v 0.204038 1.670000 0.077426
v 0.187215 1.670000 0.050529
v 0.187215 1.670000 0.019471
v 0.204038 1.670000 -0.007426
v 0.233177 1.670000 -0.022956
v 0.266823 1.670000 -0.022956
v 0.295962 1.670000 -0.007426
v 0.312785 1.670000 0.019471
v 0.233807 1.480000 0.059059
v 0.224749 1.480000 0.074749
v 0.209059 1.480000 0.083807
v 0.190941 1.480000 0.083807
v 0.175251 1.480000 0.074749
v 0.166193 1.480000 0.059059
v 0.166193 1.480000 0.040941
v 0.175251 1.480000 0.025251
v 0.190941 1.480000 0.016193
v 0.209059 1.480000 0.016193
v 0.224749 1.480000 0.025251
v 0.233807 1.480000 0.040941
v 0.220000 2.160000 0.010000
v 0.200000 1.480000 0.050000
o Shoe_L
usemtl Sole
f 1 18 2
f 1 17 18
f 2 19 3
f 2 18 19
f 3 20 4
f 3 19 20
f 4 21 5
f 4 20 21
f 5 22 6
f 5 21 22
f 6 23 7
f 6 22 23
f 7 24 8
f 7 23 24
f 8 25 9
f 8 24 25
f 9 26 10
f 9 25 26
f 10 27 11
f 10 26 27
f 11 28 12
f 11 27 28
f 12 29 13
f 12 28 29
f 13 30 14
f 13 29 30
f 14 31 15
f 14 30 31
f 15 32 16
f 15 31 32
f 16 17 1
f 16 32 17
f 33 2 1
f 34 17 18
f 33 3 2
f 34 18 19
f 33 4 3
f 34 19 20
f 33 5 4
f 34 20 21
f 33 6 5
f 34 21 22
f 33 7 6
f 34 22 23
f 33 8 7
f 34 23 24
f 33 9 8
f 34 24 25
f 33 10 9
f 34 25 26
f 33 11 10
f 34 26 27
f 33 12 11
f 34 27 28
f 33 13 12
f 34 28 29
f 33 14 13
f 34 29 30
f 33 15 14
f 34 30 31
f 33 16 15
f 34 31 32
f 33 1 16
f 34 32 17
o Shoe_R
usemtl Sole
f 35 52 36
f 35 51 52
f 36 53 37
f 36 52 53
f 37 54 38
f 37 53 54
f 38 55 39
f 38 54 55
f 39 56 40
f 39 55 56
f 40 57 41
f 40 56 57
f 41 58 42
f 41 57 58
f 42 59 43
f 42 58 59
f 43 60 44
f 43 59 60
f 44 61 45
f 44 60 61
f 45 62 46
f 45 61 62
f 46 63 47
f 46 62 63
f 47 64 48
f 47 63 64
f 48 65 49
f 48 64 65
f 49 66 50
f 49 65 66
f 50 51 35
f 50 66 51
f 67 36 35
f 68 51 52
f 67 37 36
f 68 52 53
f 67 38 37
f 68 53 54
f 67 39 38
f 68 54 55
f 67 40 39
f 68 55 56
f 67 41 40
f 68 56 57
f 67 42 41
f 68 57 58
f 67 43 42
f 68 58 59
f 67 44 43
f 68 59 60
f 67 45 44
f 68 60 61
f 67 46 45
f 68 61 62
f 67 47 46
f 68 62 63
f 67 48 47
f 68 63 64
f 67 49 48
f 68 64 65
f 67 50 49
f 68 65 66
f 67 35 50
f 68 66 51
o Boot_L
usemtl Shoes
f 69 86 70
f 69 85 86
f 70 87 71
f 70 86 87
f 71 88 72
f 71 87 88
f 72 89 73
f 72 88 89
f 73 90 74
f 73 89 90
f 74 91 75
f 74 90 91
f 75 92 76
f 75 91 92
f 76 93 77
f 76 92 93
f 77 94 78
f 77 93 94
f 78 95 79
f 78 94 95
f 79 96 80
f 79 95 96
f 80 97 81
f 80 96 97
f 81 98 82
f 81 97 98
f 82 99 83
f 82 98 99
f 83 100 84
f 83 99 100
f 84 85 69
f 84 100 85
f 85 102 86
f 85 101 102
f 86 103 87
f 86 102 103
f 87 104 88
f 87 103 104
f 88 105 89
f 88 104 105
f 89 106 90
f 89 105 106
f 90 107 91
f 90 106 107
f 91 108 92
f 91 107 108
f 92 109 93
f 92 108 109
f 93 110 94
f 93 109 110
f 94 111 95
f 94 110 111
f 95 112 96
f 95 111 112
f 96 113 97
f 96 112 113
f 97 114 98
f 97 113 114
f 98 115 99
f 98 114 115
f 99 116 100
f 99 115 116
f 100 101 85
f 100 116 101
f 117 70 69
f 118 101 102
f 117 71 70
f 118 102 103
f 117 72 71
f 118 103 104
f 117 73 72
f 118 104 105
f 117 74 73
f 118 105 106
f 117 75 74
f 118 106 107
f 117 76 75
f 118 107 108
f 117 77 76
f 118 108 109
f 117 78 77
f 118 109 110
f 117 79 78
f 118 110 111
f 117 80 79
f 118 111 112
f 117 81 80
f 118 112 113
f 117 82 81
f 118 113 114
f 117 83 82
f 118 114 115
f 117 84 83
f 118 115 116
f 117 69 84
f 118 116 101
o Boot_R
usemtl Shoes
f 119 136 120
f 119 135 136
f 120 137 121
f 120 136 137
f 121 138 122
f 121 137 138
f 122 139 123
f 122 138 139
f 123 140 124
f 123 139 140
f 124 141 125
f 124 140 141
f 125 142 126
f 125 141 142
f 126 143 127
f 126 142 143
f 127 144 128
f 127 143 144
f 128 145 129
f 128 144 145
f 129 146 130
f 129 145 146
f 130 147 131
f 130 146 147
f 131 148 132
f 131 147 148
f 132 149 133
f 132 148 149
f 133 150 134
f 133 149 150
f 134 135 119
f 134 150 135
f 135 152 136
f 135 151 152
f 136 153 137
f 136 152 153
f 137 154 138
f 137 153 154
f 138 155 139
f 138 154 155
f 139 156 140
f 139 155 156
f 140 157 141
f 140 156 157
f 141 158 142
f 141 157 158
f 142 159 143
f 142 158 159
f 143 160 144
f 143 159 160
f 144 161 145
f 144 160 161
f 145 162 146
f 145 161 162
f 146 163 147
f 146 162 163
f 147 164 148
f 147 163 164
f 148 165 149
f 148 164 165
f 149 166 150
f 149 165 166
f 150 151 135
f 150 166 151
f 167 120 119
f 168 151 152
f 167 121 120
f 168 152 153
f 167 122 121
f 168 153 154
f 167 123 122
f 168 154 155
f 167 124 123
f 168 155 156
f 167 125 124
f 168 156 157
f 167 126 125
f 168 157 158
f 167 127 126
f 168 158 159
f 167 128 127
f 168 159 160
f 167 129 128
f 168 160 161
f 167 130 129
f 168 161 162
f 167 131 130
f 168 162 163
f 167 132 131
f 168 163 164
f 167 133 132
f 168 164 165
f 167 134 133
f 168 165 166
f 167 119 134
f 168 166 151
o JeansUpper_L
usemtl Jeans
f 169 186 170
f 169 185 186
f 170 187 171
f 170 186 187
f 171 188 172
f 171 187 188
f 172 189 173
f 172 188 189
f 173 190 174
f 173 189 190
f 174 191 175
f 174 190 191
f 175 192 176
f 175 191 192
f 176 193 177
f 176 192 193
f 177 194 178
f 177 193 194
f 178 195 179
f 178 194 195
f 179 196 180
f 179 195 196
f 180 197 181
f 180 196 197
f 181 198 182
f 181 197 198
f 182 199 183
f 182 198 199
f 183 200 184
f 183 199 200
f 184 185 169
f 184 200 185
f 185 202 186
f 185 201 202
f 186 203 187
f 186 202 203
f 187 204 188
f 187 203 204
f 188 205 189
f 188 204 205
f 189 206 190
f 189 205 206
f 190 207 191
f 190 206 207
f 191 208 192
f 191 207 208
f 192 209 193
f 192 208 209
f 193 210 194
f 193 209 210
f 194 211 195
f 194 210 211
f 195 212 196
f 195 211 212
f 196 213 197
f 196 212 213
f 197 214 198
f 197 213 214
f 198 215 199
f 198 214 215
f 199 216 200
f 199 215 216
f 200 201 185
f 200 216 201
f 217 170 169
f 218 201 202
f 217 171 170
f 218 202 203
f 217 172 171
f 218 203 204
f 217 173 172
f 218 204 205
f 217 174 173
f 218 205 206
f 217 175 174
f 218 206 207
f 217 176 175
f 218 207 208
f 217 177 176
f 218 208 209
f 217 178 177
f 218 209 210
f 217 179 178
f 218 210 211
f 217 180 179
f 218 211 212
f 217 181 180
f 218 212 213
f 217 182 181
f 218 213 214
f 217 183 182
f 218 214 215
f 217 184 183
f 218 215 216
f 217 169 184
f 218 216 201
o JeansLower_L
usemtl Jeans
f 219 236 220
f 219 235 236
f 220 237 221
f 220 236 237
f 221 238 222
f 221 237 238
f 222 239 223
f 222 238 239
f 223 240 224
f 223 239 240
f 224 241 225
f 224 240 241
f 225 242 226
f 225 241 242
f 226 243 227
f 226 242 243
f 227 244 228
f 227 243 244
f 228 245 229
f 228 244 245
f 229 246 230
f 229 245 246
f 230 247 231
f 230 246 247
f 231 248 232
f 231 247 248
f 232 249 233
f 232 248 249
f 233 250 234
f 233 249 250
f 234 235 219
f 234 250 235
f 235 252 236
f 235 251 252
f 236 253 237
f 236 252 253
f 237 254 238
f 237 253 254
f 238 255 239
f 238 254 255
f 239 256 240
f 239 255 256
f 240 257 241
f 240 256 257
f 241 258 242
f 241 257 258
f 242 259 243
f 242 258 259
f 243 260 244
f 243 259 260
f 244 261 245
f 244 260 261
f 245 262 246
f 245 261 262
f 246 263 247
f 246 262 263
f 247 264 248
f 247 263 264
f 248 265 249
f 248 264 265
f 249 266 250
f 249 265 266
f 250 251 235
f 250 266 251
f 267 220 219
f 268 251 252
f 267 221 220
f 268 252 253
f 267 222 221
f 268 253 254
f 267 223 222
f 268 254 255
f 267 224 223
f 268 255 256
f 267 225 224
f 268 256 257
f 267 226 225
f 268 257 258
f 267 227 226
f 268 258 259
f 267 228 227
f 268 259 260
f 267 229 228
f 268 260 261
f 267 230 229
f 268 261 262
f 267 231 230
f 268 262 263
f 267 232 231
f 268 263 264
f 267 233 232
f 268 264 265
f 267 234 233
f 268 265 266
f 267 219 234
f 268 266 251
o JeansUpper_R
usemtl Jeans
f 269 286 270
f 269 285 286
f 270 287 271
f 270 286 287
f 271 288 272
f 271 287 288
f 272 289 273
f 272 288 289
f 273 290 274
f 273 289 290
f 274 291 275
f 274 290 291
f 275 292 276
f 275 291 292
f 276 293 277
f 276 292 293
f 277 294 278
f 277 293 294
f 278 295 279
f 278 294 295
f 279 296 280
f 279 295 296
f 280 297 281
f 280 296 297
f 281 298 282
f 281 297 298
f 282 299 283
f 282 298 299
f 283 300 284
f 283 299 300
f 284 285 269
f 284 300 285
f 285 302 286
f 285 301 302
f 286 303 287
f 286 302 303
f 287 304 288
f 287 303 304
f 288 305 289
f 288 304 305
f 289 306 290
f 289 305 306
f 290 307 291
f 290 306 307
f 291 308 292
f 291 307 308
f 292 309 293
f 292 308 309
f 293 310 294
f 293 309 310
f 294 311 295
f 294 310 311
f 295 312 296
f 295 311 312
f 296 313 297
f 296 312 313
f 297 314 298
f 297 313 314
f 298 315 299
f 298 314 315
f 299 316 300
f 299 315 316
f 300 301 285
f 300 316 301
f 317 270 269
f 318 301 302
f 317 271 270
f 318 302 303
f 317 272 271
f 318 303 304
f 317 273 272
f 318 304 305
f 317 274 273
f 318 305 306
f 317 275 274
f 318 306 307
f 317 276 275
f 318 307 308
f 317 277 276
f 318 308 309
f 317 278 277
f 318 309 310
f 317 279 278
f 318 310 311
f 317 280 279
f 318 311 312
f 317 281 280
f 318 312 313
f 317 282 281
f 318 313 314
f 317 283 282
f 318 314 315
f 317 284 283
f 318 315 316
f 317 269 284
f 318 316 301
o JeansLower_R
usemtl Jeans
f 319 336 320
f 319 335 336
f 320 337 321
f 320 336 337
f 321 338 322
f 321 337 338
f 322 339 323
f 322 338 339
f 323 340 324
f 323 339 340
f 324 341 325
f 324 340 341
f 325 342 326
f 325 341 342
f 326 343 327
f 326 342 343
f 327 344 328
f 327 343 344
f 328 345 329
f 328 344 345
f 329 346 330
f 329 345 346
f 330 347 331
f 330 346 347
f 331 348 332
f 331 347 348
f 332 349 333
f 332 348 349
f 333 350 334
f 333 349 350
f 334 335 319
f 334 350 335
f 335 352 336
f 335 351 352
f 336 353 337
f 336 352 353
f 337 354 338
f 337 353 354
f 338 355 339
f 338 354 355
f 339 356 340
f 339 355 356
f 340 357 341
f 340 356 357
f 341 358 342
f 341 357 358
f 342 359 343
f 342 358 359
f 343 360 344
f 343 359 360
f 344 361 345
f 344 360 361
f 345 362 346
f 345 361 362
f 346 363 347
f 346 362 363
f 347 364 348
f 347 363 364
f 348 365 349
f 348 364 365
f 349 366 350
f 349 365 366
f 350 351 335
f 350 366 351
f 367 320 319
f 368 351 352
f 367 321 320
f 368 352 353
f 367 322 321
f 368 353 354
f 367 323 322
f 368 354 355
f 367 324 323
f 368 355 356
f 367 325 324
f 368 356 357
f 367 326 325
f 368 357 358
f 367 327 326
f 368 358 359
f 367 328 327
f 368 359 360
f 367 329 328
f 368 360 361
f 367 330 329
f 368 361 362
f 367 331 330
f 368 362 363
f 367 332 331
f 368 363 364
f 367 333 332
f 368 364 365
f 367 334 333
f 368 365 366
f 367 319 334
f 368 366 351
o Belt
usemtl Belt
f 369 390 370
f 369 389 390
f 370 391 371
f 370 390 391
f 371 392 372
f 371 391 392
f 372 393 373
f 372 392 393
f 373 394 374
f 373 393 394
f 374 395 375
f 374 394 395
f 375 396 376
f 375 395 396
f 376 397 377
f 376 396 397
f 377 398 378
f 377 397 398
f 378 399 379
f 378 398 399
f 379 400 380
f 379 399 400
f 380 401 381
f 380 400 401
f 381 402 382
f 381 401 402
f 382 403 383
f 382 402 403
f 383 404 384
f 383 403 404
f 384 405 385
f 384 404 405
f 385 406 386
f 385 405 406
f 386 407 387
f 386 406 407
f 387 408 388
f 387 407 408
f 388 389 369
f 388 408 389
f 409 370 369
f 410 389 390
f 409 371 370
f 410 390 391
f 409 372 371
f 410 391 392
f 409 373 372
f 410 392 393
f 409 374 373
f 410 393 394
f 409 375 374
f 410 394 395
f 409 376 375
f 410 395 396
f 409 377 376
f 410 396 397
f 409 378 377
f 410 397 398
f 409 379 378
f 410 398 399
f 409 380 379
f 410 399 400
f 409 381 380
f 410 400 401
f 409 382 381
f 410 401 402
f 409 383 382
f 410 402 403
f 409 384 383
f 410 403 404
f 409 385 384
f 410 404 405
f 409 386 385
f 410 405 406
f 409 387 386
f 410 406 407
f 409 388 387
f 410 407 408
f 409 369 388
f 410 408 389
o Jacket
usemtl Jacket
f 411 432 412
f 411 431 432
f 412 433 413
f 412 432 433
f 413 434 414
f 413 433 434
f 414 435 415
f 414 434 435
f 415 436 416
f 415 435 436
f 416 437 417
f 416 436 437
f 417 438 418
f 417 437 438
f 418 439 419
f 418 438 439
f 419 440 420
f 419 439 440
f 420 441 421
f 420 440 441
f 421 442 422
f 421 441 442
f 422 443 423
f 422 442 443
f 423 444 424
f 423 443 444
f 424 445 425
f 424 444 445
f 425 446 426
f 425 445 446
f 426 447 427
f 426 446 447
f 427 448 428
f 427 447 448
f 428 449 429
f 428 448 449
f 429 450 430
f 429 449 450
f 430 431 411
f 430 450 431
f 431 452 432
f 431 451 452
f 432 453 433
f 432 452 453
f 433 454 434
f 433 453 454
f 434 455 435
f 434 454 455
f 435 456 436
f 435 455 456
f 436 457 437
f 436 456 457
f 437 458 438
f 437 457 458
f 438 459 439
f 438 458 459
f 439 460 440
f 439 459 460
f 440 461 441
f 440 460 461
f 441 462 442
f 441 461 462
f 442 463 443
f 442 462 463
f 443 464 444
f 443 463 464
f 444 465 445
f 444 464 465
f 445 466 446
f 445 465 466
f 446 467 447
f 446 466 467
f 447 468 448
f 447 467 468
f 448 469 449
f 448 468 469
f 449 470 450
f 449 469 470
f 450 451 431
f 450 470 451
f 451 472 452
f 451 471 472
f 452 473 453
f 452 472 473
f 453 474 454
f 453 473 474
f 454 475 455
f 454 474 475
f 455 476 456
f 455 475 476
f 456 477 457
f 456 476 477
f 457 478 458
f 457 477 478
f 458 479 459
f 458 478 479
f 459 480 460
f 459 479 480
f 460 481 461
f 460 480 481
f 461 482 462
f 461 481 482
f 462 483 463
f 462 482 483
f 463 484 464
f 463 483 484
f 464 485 465
f 464 484 485
f 465 486 466
f 465 485 486
f 466 487 467
f 466 486 487
f 467 488 468
f 467 487 488
f 468 489 469
f 468 488 489
f 469 490 470
f 469 489 490
f 470 471 451
f 470 490 471
f 491 412 411
f 492 471 472
f 491 413 412
f 492 472 473
f 491 414 413
f 492 473 474
f 491 415 414
f 492 474 475
f 491 416 415
f 492 475 476
f 491 417 416
f 492 476 477
f 491 418 417
f 492 477 478
f 491 419 418
f 492 478 479
f 491 420 419
f 492 479 480
f 491 421 420
f 492 480 481
f 491 422 421
f 492 481 482
f 491 423 422
f 492 482 483
f 491 424 423
f 492 483 484
f 491 425 424
f 492 484 485
f 491 426 425
f 492 485 486
f 491 427 426
f 492 486 487
f 491 428 427
f 492 487 488
f 491 429 428
f 492 488 489
f 491 430 429
f 492 489 490
f 491 411 430
f 492 490 471
o Neck
usemtl SkinLight
f 493 508 494
f 493 507 508
f 494 509 495
f 494 508 509
f 495 510 496
f 495 509 510
f 496 511 497
f 496 510 511
f 497 512 498
f 497 511 512
f 498 513 499
f 498 512 513
f 499 514 500
f 499 513 514
f 500 515 501
f 500 514 515
f 501 516 502
f 501 515 516
f 502 517 503
f 502 516 517
f 503 518 504
f 503 517 518
f 504 519 505
f 504 518 519
f 505 520 506
f 505 519 520
f 506 507 493
f 506 520 507
f 521 494 493
f 522 507 508
f 521 495 494
f 522 508 509
f 521 496 495
f 522 509 510
f 521 497 496
f 522 510 511
f 521 498 497
f 522 511 512
f 521 499 498
f 522 512 513
f 521 500 499
f 522 513 514
f 521 501 500
f 522 514 515
f 521 502 501
f 522 515 516
f 521 503 502
f 522 516 517
f 521 504 503
f 522 517 518
f 521 505 504
f 522 518 519
f 521 506 505
f 522 519 520
f 521 493 506
f 522 520 507
o Collar
usemtl JacketLight
f 523 538 524
f 523 537 538
f 524 539 525
f 524 538 539
f 525 540 526
f 525 539 540
f 526 541 527
f 526 540 541
f 527 542 528
f 527 541 542
f 528 543 529
f 528 542 543
f 529 544 530
f 529 543 544
f 530 545 531
f 530 544 545
f 531 546 532
f 531 545 546
f 532 547 533
f 532 546 547
f 533 548 534
f 533 547 548
f 534 549 535
f 534 548 549
f 535 550 536
f 535 549 550
f 536 537 523
f 536 550 537
f 551 524 523
f 552 537 538
f 551 525 524
f 552 538 539
f 551 526 525
f 552 539 540
f 551 527 526
f 552 540 541
f 551 528 527
f 552 541 542
f 551 529 528
f 552 542 543
f 551 530 529
f 552 543 544
f 551 531 530
f 552 544 545
f 551 532 531
f 552 545 546
f 551 533 532
f 552 546 547
f 551 534 533
f 552 547 548
f 551 535 534
f 552 548 549
f 551 536 535
f 552 549 550
f 551 523 536
f 552 550 537
o SleeveUpper_L
usemtl JacketLight
f 553 568 554
f 553 567 568
f 554 569 555
f 554 568 569
f 555 570 556
f 555 569 570
f 556 571 557
f 556 570 571
f 557 572 558
f 557 571 572
f 558 573 559
f 558 572 573
f 559 574 560
f 559 573 574
f 560 575 561
f 560 574 575
f 561 576 562
f 561 575 576
f 562 577 563
f 562 576 577
f 563 578 564
f 563 577 578
f 564 579 565
f 564 578 579
f 565 580 566
f 565 579 580
f 566 567 553
f 566 580 567
f 567 582 568
f 567 581 582
f 568 583 569
f 568 582 583
f 569 584 570
f 569 583 584
f 570 585 571
f 570 584 585
f 571 586 572
f 571 585 586
f 572 587 573
f 572 586 587
f 573 588 574
f 573 587 588
f 574 589 575
f 574 588 589
f 575 590 576
f 575 589 590
f 576 591 577
f 576 590 591
f 577 592 578
f 577 591 592
f 578 593 579
f 578 592 593
f 579 594 580
f 579 593 594
f 580 581 567
f 580 594 581
f 595 554 553
f 596 581 582
f 595 555 554
f 596 582 583
f 595 556 555
f 596 583 584
f 595 557 556
f 596 584 585
f 595 558 557
f 596 585 586
f 595 559 558
f 596 586 587
f 595 560 559
f 596 587 588
f 595 561 560
f 596 588 589
f 595 562 561
f 596 589 590
f 595 563 562
f 596 590 591
f 595 564 563
f 596 591 592
f 595 565 564
f 596 592 593
f 595 566 565
f 596 593 594
f 595 553 566
f 596 594 581
o SleeveLower_L
usemtl JacketLight
f 597 612 598
f 597 611 612
f 598 613 599
f 598 612 613
f 599 614 600
f 599 613 614
f 600 615 601
f 600 614 615
f 601 616 602
f 601 615 616
f 602 617 603
f 602 616 617
f 603 618 604
f 603 617 618
f 604 619 605
f 604 618 619
f 605 620 606
f 605 619 620
f 606 621 607
f 606 620 621
f 607 622 608
f 607 621 622
f 608 623 609
f 608 622 623
f 609 624 610
f 609 623 624
f 610 611 597
f 610 624 611
f 611 626 612
f 611 625 626
f 612 627 613
f 612 626 627
f 613 628 614
f 613 627 628
f 614 629 615
f 614 628 629
f 615 630 616
f 615 629 630
f 616 631 617
f 616 630 631
f 617 632 618
f 617 631 632
f 618 633 619
f 618 632 633
f 619 634 620
f 619 633 634
f 620 635 621
f 620 634 635
f 621 636 622
f 621 635 636
f 622 637 623
f 622 636 637
f 623 638 624
f 623 637 638
f 624 625 611
f 624 638 625
f 639 598 597
f 640 625 626
f 639 599 598
f 640 626 627
f 639 600 599
f 640 627 628
f 639 601 600
f 640 628 629
f 639 602 601
f 640 629 630
f 639 603 602
f 640 630 631
f 639 604 603
f 640 631 632
f 639 605 604
f 640 632 633
f 639 606 605
f 640 633 634
f 639 607 606
f 640 634 635
f 639 608 607
f 640 635 636
f 639 609 608
f 640 636 637
f 639 610 609
f 640 637 638
f 639 597 610
f 640 638 625
o Cuff_L
usemtl Jacket
f 641 656 642
f 641 655 656
f 642 657 643
f 642 656 657
f 643 658 644
f 643 657 658
f 644 659 645
f 644 658 659
f 645 660 646
f 645 659 660
f 646 661 647
f 646 660 661
f 647 662 648
f 647 661 662
f 648 663 649
f 648 662 663
f 649 664 650
f 649 663 664
f 650 665 651
f 650 664 665
f 651 666 652
f 651 665 666
f 652 667 653
f 652 666 667
f 653 668 654
f 653 667 668
f 654 655 641
f 654 668 655
f 669 642 641
f 670 655 656
f 669 643 642
f 670 656 657
f 669 644 643
f 670 657 658
f 669 645 644
f 670 658 659
f 669 646 645
f 670 659 660
f 669 647 646
f 670 660 661
f 669 648 647
f 670 661 662
f 669 649 648
f 670 662 663
f 669 650 649
f 670 663 664
f 669 651 650
f 670 664 665
f 669 652 651
f 670 665 666
f 669 653 652
f 670 666 667
f 669 654 653
f 670 667 668
f 669 641 654
f 670 668 655
o Hand_L
usemtl SkinLight
f 671 672 686
f 671 686 685
f 672 673 687
f 672 687 686
f 673 674 688
f 673 688 687
f 674 675 689
f 674 689 688
f 675 676 690
f 675 690 689
f 676 677 691
f 676 691 690
f 677 678 692
f 677 692 691
f 678 679 693
f 678 693 692
f 679 680 694
f 679 694 693
f 680 681 695
f 680 695 694
f 681 682 696
f 681 696 695
f 682 683 697
f 682 697 696
f 683 684 698
f 683 698 697
f 684 671 685
f 684 685 698
f 685 686 700
f 685 700 699
f 686 687 701
f 686 701 700
f 687 688 702
f 687 702 701
f 688 689 703
f 688 703 702
f 689 690 704
f 689 704 703
f 690 691 705
f 690 705 704
f 691 692 706
f 691 706 705
f 692 693 707
f 692 707 706
f 693 694 708
f 693 708 707
f 694 695 709
f 694 709 708
f 695 696 710
f 695 710 709
f 696 697 711
f 696 711 710
f 697 698 712
f 697 712 711
f 698 685 699
f 698 699 712
f 699 700 714
f 699 714 713
f 700 701 715
f 700 715 714
f 701 702 716
f 701 716 715
f 702 703 717
f 702 717 716
f 703 704 718
f 703 718 717
f 704 705 719
f 704 719 718
f 705 706 720
f 705 720 719
f 706 707 721
f 706 721 720
f 707 708 722
f 707 722 721
f 708 709 723
f 708 723 722
f 709 710 724
f 709 724 723
f 710 711 725
f 710 725 724
f 711 712 726
f 711 726 725
f 712 699 713
f 712 713 726
f 713 714 728
f 713 728 727
f 714 715 729
f 714 729 728
f 715 716 730
f 715 730 729
f 716 717 731
f 716 731 730
f 717 718 732
f 717 732 731
f 718 719 733
f 718 733 732
f 719 720 734
f 719 734 733
f 720 721 735
f 720 735 734
f 721 722 736
f 721 736 735
f 722 723 737
f 722 737 736
f 723 724 738
f 723 738 737
f 724 725 739
f 724 739 738
f 725 726 740
f 725 740 739
f 726 713 727
f 726 727 740
f 727 728 742
f 727 742 741
f 728 729 743
f 728 743 742
f 729 730 744
f 729 744 743
f 730 731 745
f 730 745 744
f 731 732 746
f 731 746 745
f 732 733 747
f 732 747 746
f 733 734 748
f 733 748 747
f 734 735 749
f 734 749 748
f 735 736 750
f 735 750 749
f 736 737 751
f 736 751 750
f 737 738 752
f 737 752 751
f 738 739 753
f 738 753 752
f 739 740 754
f 739 754 753
f 740 727 741
f 740 741 754
f 741 742 756
f 741 756 755
f 742 743 757
f 742 757 756
f 743 744 758
f 743 758 757
f 744 745 759
f 744 759 758
f 745 746 760
f 745 760 759
f 746 747 761
f 746 761 760
f 747 748 762
f 747 762 761
f 748 749 763
f 748 763 762
f 749 750 764
f 749 764 763
f 750 751 765
f 750 765 764
f 751 752 766
f 751 766 765
f 752 753 767
f 752 767 766
f 753 754 768
f 753 768 767
f 754 741 755
f 754 755 768
o SleeveUpper_R
usemtl JacketLight
f 769 784 770
f 769 783 784
f 770 785 771
f 770 784 785
f 771 786 772
f 771 785 786
f 772 787 773
f 772 786 787
f 773 788 774
f 773 787 788
f 774 789 775
f 774 788 789
f 775 790 776
f 775 789 790
f 776 791 777
f 776 790 791
f 777 792 778
f 777 791 792
f 778 793 779
f 778 792 793
f 779 794 780
f 779 793 794
f 780 795 781
f 780 794 795
f 781 796 782
f 781 795 796
f 782 783 769
f 782 796 783
f 783 798 784
f 783 797 798
f 784 799 785
f 784 798 799
f 785 800 786
f 785 799 800
f 786 801 787
f 786 800 801
f 787 802 788
f 787 801 802
f 788 803 789
f 788 802 803
f 789 804 790
f 789 803 804
f 790 805 791
f 790 804 805
f 791 806 792
f 791 805 806
f 792 807 793
f 792 806 807
f 793 808 794
f 793 807 808
f 794 809 795
f 794 808 809
f 795 810 796
f 795 809 810
f 796 797 783
f 796 810 797
f 811 770 769
f 812 797 798
f 811 771 770
f 812 798 799
f 811 772 771
f 812 799 800
f 811 773 772
f 812 800 801
f 811 774 773
f 812 801 802
f 811 775 774
f 812 802 803
f 811 776 775
f 812 803 804
f 811 777 776
f 812 804 805
f 811 778 777
f 812 805 806
f 811 779 778
f 812 806 807
f 811 780 779
f 812 807 808
f 811 781 780
f 812 808 809
f 811 782 781
f 812 809 810
f 811 769 782
f 812 810 797
o SleeveLower_R
usemtl JacketLight
f 813 828 814
f 813 827 828
f 814 829 815
f 814 828 829
f 815 830 816
f 815 829 830
f 816 831 817
f 816 830 831
f 817 832 818
f 817 831 832
f 818 833 819
f 818 832 833
f 819 834 820
f 819 833 834
f 820 835 821
f 820 834 835
f 821 836 822
f 821 835 836
f 822 837 823
f 822 836 837
f 823 838 824
f 823 837 838
f 824 839 825
f 824 838 839
f 825 840 826
f 825 839 840
f 826 827 813
f 826 840 827
f 827 842 828
f 827 841 842
f 828 843 829
f 828 842 843
f 829 844 830
f 829 843 844
f 830 845 831
f 830 844 845
f 831 846 832
f 831 845 846
f 832 847 833
f 832 846 847
f 833 848 834
f 833 847 848
f 834 849 835
f 834 848 849
f 835 850 836
f 835 849 850
f 836 851 837
f 836 850 851
f 837 852 838
f 837 851 852
f 838 853 839
f 838 852 853
f 839 854 840
f 839 853 854
f 840 841 827
f 840 854 841
f 855 814 813
f 856 841 842
f 855 815 814
f 856 842 843
f 855 816 815
f 856 843 844
f 855 817 816
f 856 844 845
f 855 818 817
f 856 845 846
f 855 819 818
f 856 846 847
f 855 820 819
f 856 847 848
f 855 821 820
f 856 848 849
f 855 822 821
f 856 849 850
f 855 823 822
f 856 850 851
f 855 824 823
f 856 851 852
f 855 825 824
f 856 852 853
f 855 826 825
f 856 853 854
f 855 813 826
f 856 854 841
o Cuff_R
usemtl Jacket
f 857 872 858
f 857 871 872
f 858 873 859
f 858 872 873
f 859 874 860
f 859 873 874
f 860 875 861
f 860 874 875
f 861 876 862
f 861 875 876
f 862 877 863
f 862 876 877
f 863 878 864
f 863 877 878
f 864 879 865
f 864 878 879
f 865 880 866
f 865 879 880
f 866 881 867
f 866 880 881
f 867 882 868
f 867 881 882
f 868 883 869
f 868 882 883
f 869 884 870
f 869 883 884
f 870 871 857
f 870 884 871
f 885 858 857
f 886 871 872
f 885 859 858
f 886 872 873
f 885 860 859
f 886 873 874
f 885 861 860
f 886 874 875
f 885 862 861
f 886 875 876
f 885 863 862
f 886 876 877
f 885 864 863
f 886 877 878
f 885 865 864
f 886 878 879
f 885 866 865
f 886 879 880
f 885 867 866
f 886 880 881
f 885 868 867
f 886 881 882
f 885 869 868
f 886 882 883
f 885 870 869
f 886 883 884
f 885 857 870
f 886 884 871
o Hand_R
usemtl SkinLight
f 887 888 902
f 887 902 901
f 888 889 903
f 888 903 902
f 889 890 904
f 889 904 903
f 890 891 905
f 890 905 904
f 891 892 906
f 891 906 905
f 892 893 907
f 892 907 906
f 893 894 908
f 893 908 907
f 894 895 909
f 894 909 908
f 895 896 910
f 895 910 909
f 896 897 911
f 896 911 910
f 897 898 912
f 897 912 911
f 898 899 913
f 898 913 912
f 899 900 914
f 899 914 913
f 900 887 901
f 900 901 914
f 901 902 916
f 901 916 915
f 902 903 917
f 902 917 916
f 903 904 918
f 903 918 917
f 904 905 919
f 904 919 918
f 905 906 920
f 905 920 919
f 906 907 921
f 906 921 920
f 907 908 922
f 907 922 921
f 908 909 923
f 908 923 922
f 909 910 924
f 909 924 923
f 910 911 925
f 910 925 924
f 911 912 926
f 911 926 925
f 912 913 927
f 912 927 926
f 913 914 928
f 913 928 927
f 914 901 915
f 914 915 928
f 915 916 930
f 915 930 929
f 916 917 931
f 916 931 930
f 917 918 932
f 917 932 931
f 918 919 933
f 918 933 932
f 919 920 934
f 919 934 933
f 920 921 935
f 920 935 934
f 921 922 936
f 921 936 935
f 922 923 937
f 922 937 936
f 923 924 938
f 923 938 937
f 924 925 939
f 924 939 938
f 925 926 940
f 925 940 939
f 926 927 941
f 926 941 940
f 927 928 942
f 927 942 941
f 928 915 929
f 928 929 942
f 929 930 944
f 929 944 943
f 930 931 945
f 930 945 944
f 931 932 946
f 931 946 945
f 932 933 947
f 932 947 946
f 933 934 948
f 933 948 947
f 934 935 949
f 934 949 948
f 935 936 950
f 935 950 949
f 936 937 951
f 936 951 950
f 937 938 952
f 937 952 951
f 938 939 953
f 938 953 952
f 939 940 954
f 939 954 953
f 940 941 955
f 940 955 954
f 941 942 956
f 941 956 955
f 942 929 943
f 942 943 956
f 943 944 958
f 943 958 957
f 944 945 959
f 944 959 958
f 945 946 960
f 945 960 959
f 946 947 961
f 946 961 960
f 947 948 962
f 947 962 961
f 948 949 963
f 948 963 962
f 949 950 964
f 949 964 963
f 950 951 965
f 950 965 964
f 951 952 966
f 951 966 965
f 952 953 967
f 952 967 966
f 953 954 968
f 953 968 967
f 954 955 969
f 954 969 968
f 955 956 970
f 955 970 969
f 956 943 957
f 956 957 970
f 957 958 972
f 957 972 971
f 958 959 973
f 958 973 972
f 959 960 974
f 959 974 973
f 960 961 975
f 960 975 974
f 961 962 976
f 961 976 975
f 962 963 977
f 962 977 976
f 963 964 978
f 963 978 977
f 964 965 979
f 964 979 978
f 965 966 980
f 965 980 979
f 966 967 981
f 966 981 980
f 967 968 982
f 967 982 981
f 968 969 983
f 968 983 982
f 969 970 984
f 969 984 983
f 970 957 971
f 970 971 984
o Head
usemtl SkinLight
f 985 986 1006
f 985 1006 1005
f 986 987 1007
f 986 1007 1006
f 987 988 1008
f 987 1008 1007
f 988 989 1009
f 988 1009 1008
f 989 990 1010
f 989 1010 1009
f 990 991 1011
f 990 1011 1010
f 991 992 1012
f 991 1012 1011
f 992 993 1013
f 992 1013 1012
f 993 994 1014
f 993 1014 1013
f 994 995 1015
f 994 1015 1014
f 995 996 1016
f 995 1016 1015
f 996 997 1017
f 996 1017 1016
f 997 998 1018
f 997 1018 1017
f 998 999 1019
f 998 1019 1018
f 999 1000 1020
f 999 1020 1019
f 1000 1001 1021
f 1000 1021 1020
f 1001 1002 1022
f 1001 1022 1021
f 1002 1003 1023
f 1002 1023 1022
f 1003 1004 1024
f 1003 1024 1023
f 1004 985 1005
f 1004 1005 1024
f 1005 1006 1026
f 1005 1026 1025
f 1006 1007 1027
f 1006 1027 1026
f 1007 1008 1028
f 1007 1028 1027
f 1008 1009 1029
f 1008 1029 1028
f 1009 1010 1030
f 1009 1030 1029
f 1010 1011 1031
f 1010 1031 1030
f 1011 1012 1032
f 1011 1032 1031
f 1012 1013 1033
f 1012 1033 1032
f 1013 1014 1034
f 1013 1034 1033
f 1014 1015 1035
f 1014 1035 1034
f 1015 1016 1036
f 1015 1036 1035
f 1016 1017 1037
f 1016 1037 1036
f 1017 1018 1038
f 1017 1038 1037
f 1018 1019 1039
f 1018 1039 1038
f 1019 1020 1040
f 1019 1040 1039
f 1020 1021 1041
f 1020 1041 1040
f 1021 1022 1042
f 1021 1042 1041
f 1022 1023 1043
f 1022 1043 1042
f 1023 1024 1044
f 1023 1044 1043
f 1024 1005 1025
f 1024 1025 1044
f 1025 1026 1046
f 1025 1046 1045
f 1026 1027 1047
f 1026 1047 1046
f 1027 1028 1048
f 1027 1048 1047
f 1028 1029 1049
f 1028 1049 1048
f 1029 1030 1050
f 1029 1050 1049
f 1030 1031 1051
f 1030 1051 1050
f 1031 1032 1052
f 1031 1052 1051
f 1032 1033 1053
f 1032 1053 1052
f 1033 1034 1054
f 1033 1054 1053
f 1034 1035 1055
f 1034 1055 1054
f 1035 1036 1056
f 1035 1056 1055
f 1036 1037 1057
f 1036 1057 1056
f 1037 1038 1058
f 1037 1058 1057
f 1038 1039 1059
f 1038 1059 1058
f 1039 1040 1060
f 1039 1060 1059
f 1040 1041 1061
f 1040 1061 1060
f 1041 1042 1062
f 1041 1062 1061
f 1042 1043 1063
f 1042 1063 1062
f 1043 1044 1064
f 1043 1064 1063
f 1044 1025 1045
f 1044 1045 1064
f 1045 1046 1066
f 1045 1066 1065
f 1046 1047 1067
f 1046 1067 1066
f 1047 1048 1068
f 1047 1068 1067
f 1048 1049 1069
f 1048 1069 1068
f 1049 1050 1070
f 1049 1070 1069
f 1050 1051 1071
f 1050 1071 1070
f 1051 1052 1072
f 1051 1072 1071
f 1052 1053 1073
f 1052 1073 1072
f 1053 1054 1074
f 1053 1074 1073
f 1054 1055 1075
f 1054 1075 1074
f 1055 1056 1076
f 1055 1076 1075
f 1056 1057 1077
f 1056 1077 1076
f 1057 1058 1078
f 1057 1078 1077
f 1058 1059 1079
f 1058 1079 1078
f 1059 1060 1080
f 1059 1080 1079
f 1060 1061 1081
f 1060 1081 1080
f 1061 1062 1082
f 1061 1082 1081
f 1062 1063 1083
f 1062 1083 1082
f 1063 1064 1084
f 1063 1084 1083
f 1064 1045 1065
f 1064 1065 1084
f 1065 1066 1086
f 1065 1086 1085
f 1066 1067 1087
f 1066 1087 1086
f 1067 1068 1088
f 1067 1088 1087
f 1068 1069 1089
f 1068 1089 1088
f 1069 1070 1090
f 1069 1090 1089
f 1070 1071 1091
f 1070 1091 1090
f 1071 1072 1092
f 1071 1092 1091
f 1072 1073 1093
f 1072 1093 1092
f 1073 1074 1094
f 1073 1094 1093
f 1074 1075 1095
f 1074 1095 1094
f 1075 1076 1096
f 1075 1096 1095
f 1076 1077 1097
f 1076 1097 1096
f 1077 1078 1098
f 1077 1098 1097
f 1078 1079 1099
f 1078 1099 1098
f 1079 1080 1100
f 1079 1100 1099
f 1080 1081 1101
f 1080 1101 1100
f 1081 1082 1102
f 1081 1102 1101
f 1082 1083 1103
f 1082 1103 1102
f 1083 1084 1104
f 1083 1104 1103
f 1084 1065 1085
f 1084 1085 1104
f 1085 1086 1106
f 1085 1106 1105
f 1086 1087 1107
f 1086 1107 1106
f 1087 1088 1108
f 1087 1108 1107
f 1088 1089 1109
f 1088 1109 1108
f 1089 1090 1110
f 1089 1110 1109
f 1090 1091 1111
f 1090 1111 1110
f 1091 1092 1112
f 1091 1112 1111
f 1092 1093 1113
f 1092 1113 1112
f 1093 1094 1114
f 1093 1114 1113
f 1094 1095 1115
f 1094 1115 1114
f 1095 1096 1116
f 1095 1116 1115
f 1096 1097 1117
f 1096 1117 1116
f 1097 1098 1118
f 1097 1118 1117
f 1098 1099 1119
f 1098 1119 1118
f 1099 1100 1120
f 1099 1120 1119
f 1100 1101 1121
f 1100 1121 1120
f 1101 1102 1122
f 1101 1122 1121
f 1102 1103 1123
f 1102 1123 1122
f 1103 1104 1124
f 1103 1124 1123
f 1104 1085 1105
f 1104 1105 1124
f 1105 1106 1126
f 1105 1126 1125
f 1106 1107 1127
f 1106 1127 1126
f 1107 1108 1128
f 1107 1128 1127
f 1108 1109 1129
f 1108 1129 1128
f 1109 1110 1130
f 1109 1130 1129
f 1110 1111 1131
f 1110 1131 1130
f 1111 1112 1132
f 1111 1132 1131
f 1112 1113 1133
f 1112 1133 1132
f 1113 1114 1134
f 1113 1134 1133
f 1114 1115 1135
f 1114 1135 1134
f 1115 1116 1136
f 1115 1136 1135
f 1116 1117 1137
f 1116 1137 1136
f 1117 1118 1138
f 1117 1138 1137
f 1118 1119 1139
f 1118 1139 1138
f 1119 1120 1140
f 1119 1140 1139
f 1120 1121 1141
f 1120 1141 1140
f 1121 1122 1142
f 1121 1142 1141
f 1122 1123 1143
f 1122 1143 1142
f 1123 1124 1144
f 1123 1144 1143
f 1124 1105 1125
f 1124 1125 1144
f 1125 1126 1146
f 1125 1146 1145
f 1126 1127 1147
f 1126 1147 1146
f 1127 1128 1148
f 1127 1148 1147
f 1128 1129 1149
f 1128 1149 1148
f 1129 1130 1150
f 1129 1150 1149
f 1130 1131 1151
f 1130 1151 1150
f 1131 1132 1152
f 1131 1152 1151
f 1132 1133 1153
f 1132 1153 1152
f 1133 1134 1154
f 1133 1154 1153
f 1134 1135 1155
f 1134 1155 1154
f 1135 1136 1156
f 1135 1156 1155
f 1136 1137 1157
f 1136 1157 1156
f 1137 1138 1158
f 1137 1158 1157
f 1138 1139 1159
f 1138 1159 1158
f 1139 1140 1160
f 1139 1160 1159
f 1140 1141 1161
f 1140 1161 1160
f 1141 1142 1162
f 1141 1162 1161
f 1142 1143 1163
f 1142 1163 1162
f 1143 1144 1164
f 1143 1164 1163
f 1144 1125 1145
f 1144 1145 1164
f 1145 1146 1166
f 1145 1166 1165
f 1146 1147 1167
f 1146 1167 1166
f 1147 1148 1168
f 1147 1168 1167
f 1148 1149 1169
f 1148 1169 1168
f 1149 1150 1170
f 1149 1170 1169
f 1150 1151 1171
f 1150 1171 1170
f 1151 1152 1172
f 1151 1172 1171
f 1152 1153 1173
f 1152 1173 1172
f 1153 1154 1174
f 1153 1174 1173
f 1154 1155 1175
f 1154 1175 1174
f 1155 1156 1176
f 1155 1176 1175
f 1156 1157 1177
f 1156 1177 1176
f 1157 1158 1178
f 1157 1178 1177
f 1158 1159 1179
f 1158 1179 1178
f 1159 1160 1180
f 1159 1180 1179
f 1160 1161 1181
f 1160 1181 1180
f 1161 1162 1182
f 1161 1182 1181
f 1162 1163 1183
f 1162 1183 1182
f 1163 1164 1184
f 1163 1184 1183
f 1164 1145 1165
f 1164 1165 1184
f 1165 1166 1186
f 1165 1186 1185
f 1166 1167 1187
f 1166 1187 1186
f 1167 1168 1188
f 1167 1188 1187
f 1168 1169 1189
f 1168 1189 1188
f 1169 1170 1190
f 1169 1190 1189
f 1170 1171 1191
f 1170 1191 1190
f 1171 1172 1192
f 1171 1192 1191
f 1172 1173 1193
f 1172 1193 1192
f 1173 1174 1194
f 1173 1194 1193
f 1174 1175 1195
f 1174 1195 1194
f 1175 1176 1196
f 1175 1196 1195
f 1176 1177 1197
f 1176 1197 1196
f 1177 1178 1198
f 1177 1198 1197
f 1178 1179 1199
f 1178 1199 1198
f 1179 1180 1200
f 1179 1200 1199
f 1180 1181 1201
f 1180 1201 1200
f 1181 1182 1202
f 1181 1202 1201
f 1182 1183 1203
f 1182 1203 1202
f 1183 1184 1204
f 1183 1204 1203
f 1184 1165 1185
f 1184 1185 1204
o Ear_L
usemtl Skin
f 1205 1206 1218
f 1205 1218 1217
f 1206 1207 1219
f 1206 1219 1218
f 1207 1208 1220
f 1207 1220 1219
f 1208 1209 1221
f 1208 1221 1220
f 1209 1210 1222
f 1209 1222 1221
f 1210 1211 1223
f 1210 1223 1222
f 1211 1212 1224
f 1211 1224 1223
f 1212 1213 1225
f 1212 1225 1224
f 1213 1214 1226
f 1213 1226 1225
f 1214 1215 1227
f 1214 1227 1226
f 1215 1216 1228
f 1215 1228 1227
f 1216 1205 1217
f 1216 1217 1228
f 1217 1218 1230
f 1217 1230 1229
f 1218 1219 1231
f 1218 1231 1230
f 1219 1220 1232
f 1219 1232 1231
f 1220 1221 1233
f 1220 1233 1232
f 1221 1222 1234
f 1221 1234 1233
f 1222 1223 1235
f 1222 1235 1234
f 1223 1224 1236
f 1223 1236 1235
f 1224 1225 1237
f 1224 1237 1236
f 1225 1226 1238
f 1225 1238 1237
f 1226 1227 1239
f 1226 1239 1238
f 1227 1228 1240
f 1227 1240 1239
f 1228 1217 1229
f 1228 1229 1240
f 1229 1230 1242
f 1229 1242 1241
f 1230 1231 1243
f 1230 1243 1242
f 1231 1232 1244
f 1231 1244 1243
f 1232 1233 1245
f 1232 1245 1244
f 1233 1234 1246
f 1233 1246 1245
f 1234 1235 1247
f 1234 1247 1246
f 1235 1236 1248
f 1235 1248 1247
f 1236 1237 1249
f 1236 1249 1248
f 1237 1238 1250
f 1237 1250 1249
f 1238 1239 1251
f 1238 1251 1250
f 1239 1240 1252
f 1239 1252 1251
f 1240 1229 1241
f 1240 1241 1252
f 1241 1242 1254
f 1241 1254 1253
f 1242 1243 1255
f 1242 1255 1254
f 1243 1244 1256
f 1243 1256 1255
f 1244 1245 1257
f 1244 1257 1256
f 1245 1246 1258
f 1245 1258 1257
f 1246 1247 1259
f 1246 1259 1258
f 1247 1248 1260
f 1247 1260 1259
f 1248 1249 1261
f 1248 1261 1260
f 1249 1250 1262
f 1249 1262 1261
f 1250 1251 1263
f 1250 1263 1262
f 1251 1252 1264
f 1251 1264 1263
f 1252 1241 1253
f 1252 1253 1264
f 1253 1254 1266
f 1253 1266 1265
f 1254 1255 1267
f 1254 1267 1266
f 1255 1256 1268
f 1255 1268 1267
f 1256 1257 1269
f 1256 1269 1268
f 1257 1258 1270
f 1257 1270 1269
f 1258 1259 1271
f 1258 1271 1270
f 1259 1260 1272
f 1259 1272 1271
f 1260 1261 1273
f 1260 1273 1272
f 1261 1262 1274
f 1261 1274 1273
f 1262 1263 1275
f 1262 1275 1274
f 1263 1264 1276
f 1263 1276 1275
f 1264 1253 1265
f 1264 1265 1276
o Ear_R
usemtl Skin
f 1277 1278 1290
f 1277 1290 1289
f 1278 1279 1291
f 1278 1291 1290
f 1279 1280 1292
f 1279 1292 1291
f 1280 1281 1293
f 1280 1293 1292
f 1281 1282 1294
f 1281 1294 1293
f 1282 1283 1295
f 1282 1295 1294
f 1283 1284 1296
f 1283 1296 1295
f 1284 1285 1297
f 1284 1297 1296
f 1285 1286 1298
f 1285 1298 1297
f 1286 1287 1299
f 1286 1299 1298
f 1287 1288 1300
f 1287 1300 1299
f 1288 1277 1289
f 1288 1289 1300
f 1289 1290 1302
f 1289 1302 1301
f 1290 1291 1303
f 1290 1303 1302
f 1291 1292 1304
f 1291 1304 1303
f 1292 1293 1305
f 1292 1305 1304
f 1293 1294 1306
f 1293 1306 1305
f 1294 1295 1307
f 1294 1307 1306
f 1295 1296 1308
f 1295 1308 1307
f 1296 1297 1309
f 1296 1309 1308
f 1297 1298 1310
f 1297 1310 1309
f 1298 1299 1311
f 1298 1311 1310
f 1299 1300 1312
f 1299 1312 1311
f 1300 1289 1301
f 1300 1301 1312
f 1301 1302 1314
f 1301 1314 1313
f 1302 1303 1315
f 1302 1315 1314
f 1303 1304 1316
f 1303 1316 1315
f 1304 1305 1317
f 1304 1317 1316
f 1305 1306 1318
f 1305 1318 1317
f 1306 1307 1319
f 1306 1319 1318
f 1307 1308 1320
f 1307 1320 1319
f 1308 1309 1321
f 1308 1321 1320
f 1309 1310 1322
f 1309 1322 1321
f 1310 1311 1323
f 1310 1323 1322
f 1311 1312 1324
f 1311 1324 1323
f 1312 1301 1313
f 1312 1313 1324
f 1313 1314 1326
f 1313 1326 1325
f 1314 1315 1327
f 1314 1327 1326
f 1315 1316 1328
f 1315 1328 1327
f 1316 1317 1329
f 1316 1329 1328
f 1317 1318 1330
f 1317 1330 1329
f 1318 1319 1331
f 1318 1331 1330
f 1319 1320 1332
f 1319 1332 1331
f 1320 1321 1333
f 1320 1333 1332
f 1321 1322 1334
f 1321 1334 1333
f 1322 1323 1335
f 1322 1335 1334
f 1323 1324 1336
f 1323 1336 1335
f 1324 1313 1325
f 1324 1325 1336
f 1325 1326 1338
f 1325 1338 1337
f 1326 1327 1339
f 1326 1339 1338
f 1327 1328 1340
f 1327 1340 1339
f 1328 1329 1341
f 1328 1341 1340
f 1329 1330 1342
f 1329 1342 1341
f 1330 1331 1343
f 1330 1343 1342
f 1331 1332 1344
f 1331 1344 1343
f 1332 1333 1345
f 1332 1345 1344
f 1333 1334 1346
f 1333 1346 1345
f 1334 1335 1347
f 1334 1347 1346
f 1335 1336 1348
f 1335 1348 1347
f 1336 1325 1337
f 1336 1337 1348
o Eye_L
usemtl Eyes
f 1349 1350 1362
f 1349 1362 1361
f 1350 1351 1363
f 1350 1363 1362
f 1351 1352 1364
f 1351 1364 1363
f 1352 1353 1365
f 1352 1365 1364
f 1353 1354 1366
f 1353 1366 1365
f 1354 1355 1367
f 1354 1367 1366
f 1355 1356 1368
f 1355 1368 1367
f 1356 1357 1369
f 1356 1369 1368
f 1357 1358 1370
f 1357 1370 1369
f 1358 1359 1371
f 1358 1371 1370
f 1359 1360 1372
f 1359 1372 1371
f 1360 1349 1361
f 1360 1361 1372
f 1361 1362 1374
f 1361 1374 1373
f 1362 1363 1375
f 1362 1375 1374
f 1363 1364 1376
f 1363 1376 1375
f 1364 1365 1377
f 1364 1377 1376
f 1365 1366 1378
f 1365 1378 1377
f 1366 1367 1379
f 1366 1379 1378
f 1367 1368 1380
f 1367 1380 1379
f 1368 1369 1381
f 1368 1381 1380
f 1369 1370 1382
f 1369 1382 1381
f 1370 1371 1383
f 1370 1383 1382
f 1371 1372 1384
f 1371 1384 1383
f 1372 1361 1373
f 1372 1373 1384
f 1373 1374 1386
f 1373 1386 1385
f 1374 1375 1387
f 1374 1387 1386
f 1375 1376 1388
f 1375 1388 1387
f 1376 1377 1389
f 1376 1389 1388
f 1377 1378 1390
f 1377 1390 1389
f 1378 1379 1391
f 1378 1391 1390
f 1379 1380 1392
f 1379 1392 1391
f 1380 1381 1393
f 1380 1393 1392
f 1381 1382 1394
f 1381 1394 1393
f 1382 1383 1395
f 1382 1395 1394
f 1383 1384 1396
f 1383 1396 1395
f 1384 1373 1385
f 1384 1385 1396
f 1385 1386 1398
f 1385 1398 1397
f 1386 1387 1399
f 1386 1399 1398
f 1387 1388 1400
f 1387 1400 1399
f 1388 1389 1401
f 1388 1401 1400
f 1389 1390 1402
f 1389 1402 1401
f 1390 1391 1403
f 1390 1403 1402
f 1391 1392 1404
f 1391 1404 1403
f 1392 1393 1405
f 1392 1405 1404
f 1393 1394 1406
f 1393 1406 1405
f 1394 1395 1407
f 1394 1407 1406
f 1395 1396 1408
f 1395 1408 1407
f 1396 1385 1397
f 1396 1397 1408
f 1397 1398 1410
f 1397 1410 1409
f 1398 1399 1411
f 1398 1411 1410
f 1399 1400 1412
f 1399 1412 1411
f 1400 1401 1413
f 1400 1413 1412
f 1401 1402 1414
f 1401 1414 1413
f 1402 1403 1415
f 1402 1415 1414
f 1403 1404 1416
f 1403 1416 1415
f 1404 1405 1417
f 1404 1417 1416
f 1405 1406 1418
f 1405 1418 1417
f 1406 1407 1419
f 1406 1419 1418
f 1407 1408 1420
f 1407 1420 1419
f 1408 1397 1409
f 1408 1409 1420
o Eye_R
usemtl Eyes
f 1421 1422 1434
f 1421 1434 1433
f 1422 1423 1435
f 1422 1435 1434
f 1423 1424 1436
f 1423 1436 1435
f 1424 1425 1437
f 1424 1437 1436
f 1425 1426 1438
f 1425 1438 1437
f 1426 1427 1439
f 1426 1439 1438
f 1427 1428 1440
f 1427 1440 1439
f 1428 1429 1441
f 1428 1441 1440
f 1429 1430 1442
f 1429 1442 1441
f 1430 1431 1443
f 1430 1443 1442
f 1431 1432 1444
f 1431 1444 1443
f 1432 1421 1433
f 1432 1433 1444
f 1433 1434 1446
f 1433 1446 1445
f 1434 1435 1447
f 1434 1447 1446
f 1435 1436 1448
f 1435 1448 1447
f 1436 1437 1449
f 1436 1449 1448
f 1437 1438 1450
f 1437 1450 1449
f 1438 1439 1451
f 1438 1451 1450
f 1439 1440 1452
f 1439 1452 1451
f 1440 1441 1453
f 1440 1453 1452
f 1441 1442 1454
f 1441 1454 1453
f 1442 1443 1455
f 1442 1455 1454
f 1443 1444 1456
f 1443 1456 1455
f 1444 1433 1445
f 1444 1445 1456
f 1445 1446 1458
f 1445 1458 1457
f 1446 1447 1459
f 1446 1459 1458
f 1447 1448 1460
f 1447 1460 1459
f 1448 1449 1461
f 1448 1461 1460
f 1449 1450 1462
f 1449 1462 1461
f 1450 1451 1463
f 1450 1463 1462
f 1451 1452 1464
f 1451 1464 1463
f 1452 1453 1465
f 1452 1465 1464
f 1453 1454 1466
f 1453 1466 1465
f 1454 1455 1467
f 1454 1467 1466
f 1455 1456 1468
f 1455 1468 1467
f 1456 1445 1457
f 1456 1457 1468
f 1457 1458 1470
f 1457 1470 1469
f 1458 1459 1471
f 1458 1471 1470
f 1459 1460 1472
f 1459 1472 1471
f 1460 1461 1473
f 1460 1473 1472
f 1461 1462 1474
f 1461 1474 1473
f 1462 1463 1475
f 1462 1475 1474
f 1463 1464 1476
f 1463 1476 1475
f 1464 1465 1477
f 1464 1477 1476
f 1465 1466 1478
f 1465 1478 1477
f 1466 1467 1479
f 1466 1479 1478
f 1467 1468 1480
f 1467 1480 1479
f 1468 1457 1469
f 1468 1469 1480
f 1469 1470 1482
f 1469 1482 1481
f 1470 1471 1483
f 1470 1483 1482
f 1471 1472 1484
f 1471 1484 1483
f 1472 1473 1485
f 1472 1485 1484
f 1473 1474 1486
f 1473 1486 1485
f 1474 1475 1487
f 1474 1487 1486
f 1475 1476 1488
f 1475 1488 1487
f 1476 1477 1489
f 1476 1489 1488
f 1477 1478 1490
f 1477 1490 1489
f 1478 1479 1491
f 1478 1491 1490
f 1479 1480 1492
f 1479 1492 1491
f 1480 1469 1481
f 1480 1481 1492
o Nose
usemtl SkinLight
f 1493 1494 1506
f 1493 1506 1505
f 1494 1495 1507
f 1494 1507 1506
f 1495 1496 1508
f 1495 1508 1507
f 1496 1497 1509
f 1496 1509 1508
f 1497 1498 1510
f 1497 1510 1509
f 1498 1499 1511
f 1498 1511 1510
f 1499 1500 1512
f 1499 1512 1511
f 1500 1501 1513
f 1500 1513 1512
f 1501 1502 1514
f 1501 1514 1513
f 1502 1503 1515
f 1502 1515 1514
f 1503 1504 1516
f 1503 1516 1515
f 1504 1493 1505
f 1504 1505 1516
f 1505 1506 1518
f 1505 1518 1517
f 1506 1507 1519
f 1506 1519 1518
f 1507 1508 1520
f 1507 1520 1519
f 1508 1509 1521
f 1508 1521 1520
f 1509 1510 1522
f 1509 1522 1521
f 1510 1511 1523
f 1510 1523 1522
f 1511 1512 1524
f 1511 1524 1523
f 1512 1513 1525
f 1512 1525 1524
f 1513 1514 1526
f 1513 1526 1525
f 1514 1515 1527
f 1514 1527 1526
f 1515 1516 1528
f 1515 1528 1527
f 1516 1505 1517
f 1516 1517 1528
f 1517 1518 1530
f 1517 1530 1529
f 1518 1519 1531
f 1518 1531 1530
f 1519 1520 1532
f 1519 1532 1531
f 1520 1521 1533
f 1520 1533 1532
f 1521 1522 1534
f 1521 1534 1533
f 1522 1523 1535
f 1522 1535 1534
f 1523 1524 1536
f 1523 1536 1535
f 1524 1525 1537
f 1524 1537 1536
f 1525 1526 1538
f 1525 1538 1537
f 1526 1527 1539
f 1526 1539 1538
f 1527 1528 1540
f 1527 1540 1539
f 1528 1517 1529
f 1528 1529 1540
f 1529 1530 1542
f 1529 1542 1541
f 1530 1531 1543
f 1530 1543 1542
f 1531 1532 1544
f 1531 1544 1543
f 1532 1533 1545
f 1532 1545 1544
f 1533 1534 1546
f 1533 1546 1545
f 1534 1535 1547
f 1534 1547 1546
f 1535 1536 1548
f 1535 1548 1547
f 1536 1537 1549
f 1536 1549 1548
f 1537 1538 1550
f 1537 1550 1549
f 1538 1539 1551
f 1538 1551 1550
f 1539 1540 1552
f 1539 1552 1551
f 1540 1529 1541
f 1540 1541 1552
f 1541 1542 1554
f 1541 1554 1553
f 1542 1543 1555
f 1542 1555 1554
f 1543 1544 1556
f 1543 1556 1555
f 1544 1545 1557
f 1544 1557 1556
f 1545 1546 1558
f 1545 1558 1557
f 1546 1547 1559
f 1546 1559 1558
f 1547 1548 1560
f 1547 1560 1559
f 1548 1549 1561
f 1548 1561 1560
f 1549 1550 1562
f 1549 1562 1561
f 1550 1551 1563
f 1550 1563 1562
f 1551 1552 1564
f 1551 1564 1563
f 1552 1541 1553
f 1552 1553 1564
o HairCap
usemtl Hair_Red
f 1565 1586 1566
f 1565 1585 1586
f 1566 1587 1567
f 1566 1586 1587
f 1567 1588 1568
f 1567 1587 1588
f 1568 1589 1569
f 1568 1588 1589
f 1569 1590 1570
f 1569 1589 1590
f 1570 1591 1571
f 1570 1590 1591
f 1571 1592 1572
f 1571 1591 1592
f 1572 1593 1573
f 1572 1592 1593
f 1573 1594 1574
f 1573 1593 1594
f 1574 1595 1575
f 1574 1594 1595
f 1575 1596 1576
f 1575 1595 1596
f 1576 1597 1577
f 1576 1596 1597
f 1577 1598 1578
f 1577 1597 1598
f 1578 1599 1579
f 1578 1598 1599
f 1579 1600 1580
f 1579 1599 1600
f 1580 1601 1581
f 1580 1600 1601
f 1581 1602 1582
f 1581 1601 1602
f 1582 1603 1583
f 1582 1602 1603
f 1583 1604 1584
f 1583 1603 1604
f 1584 1585 1565
f 1584 1604 1585
f 1585 1606 1586
f 1585 1605 1606
f 1586 1607 1587
f 1586 1606 1607
f 1587 1608 1588
f 1587 1607 1608
f 1588 1609 1589
f 1588 1608 1609
f 1589 1610 1590
f 1589 1609 1610
f 1590 1611 1591
f 1590 1610 1611
f 1591 1612 1592
f 1591 1611 1612
f 1592 1613 1593
f 1592 1612 1613
f 1593 1614 1594
f 1593 1613 1614
f 1594 1615 1595
f 1594 1614 1615
f 1595 1616 1596
f 1595 1615 1616
f 1596 1617 1597
f 1596 1616 1617
f 1597 1618 1598
f 1597 1617 1618
f 1598 1619 1599
f 1598 1618 1619
f 1599 1620 1600
f 1599 1619 1620
f 1600 1621 1601
f 1600 1620 1621
f 1601 1622 1602
f 1601 1621 1622
f 1602 1623 1603
f 1602 1622 1623
f 1603 1624 1604
f 1603 1623 1624
f 1604 1605 1585
f 1604 1624 1605
f 1605 1626 1606
f 1605 1625 1626
f 1606 1627 1607
f 1606 1626 1627
f 1607 1628 1608
f 1607 1627 1628
f 1608 1629 1609
f 1608 1628 1629
f 1609 1630 1610
f 1609 1629 1630
f 1610 1631 1611
f 1610 1630 1631
f 1611 1632 1612
f 1611 1631 1632
f 1612 1633 1613
f 1612 1632 1633
f 1613 1634 1614
f 1613 1633 1634
f 1614 1635 1615
f 1614 1634 1635
f 1615 1636 1616
f 1615 1635 1636
f 1616 1637 1617
f 1616 1636 1637
f 1617 1638 1618
f 1617 1637 1638
f 1618 1639 1619
f 1618 1638 1639
f 1619 1640 1620
f 1619 1639 1640
f 1620 1641 1621
f 1620 1640 1641
f 1621 1642 1622
f 1621 1641 1642
f 1622 1643 1623
f 1622 1642 1643
f 1623 1644 1624
f 1623 1643 1644
f 1624 1625 1605
f 1624 1644 1625
f 1645 1566 1565
f 1646 1625 1626
f 1645 1567 1566
f 1646 1626 1627
f 1645 1568 1567
f 1646 1627 1628
f 1645 1569 1568
f 1646 1628 1629
f 1645 1570 1569
f 1646 1629 1630
f 1645 1571 1570
f 1646 1630 1631
f 1645 1572 1571
f 1646 1631 1632
f 1645 1573 1572
f 1646 1632 1633
f 1645 1574 1573
f 1646 1633 1634
f 1645 1575 1574
f 1646 1634 1635
f 1645 1576 1575
f 1646 1635 1636
f 1645 1577 1576
f 1646 1636 1637
f 1645 1578 1577
f 1646 1637 1638
f 1645 1579 1578
f 1646 1638 1639
f 1645 1580 1579
f 1646 1639 1640
f 1645 1581 1580
f 1646 1640 1641
f 1645 1582 1581
f 1646 1641 1642
f 1645 1583 1582
f 1646 1642 1643
f 1645 1584 1583
f 1646 1643 1644
f 1645 1565 1584
f 1646 1644 1625
o HairBack
usemtl Hair_Red
f 1647 1668 1648
f 1647 1667 1668
f 1648 1669 1649
f 1648 1668 1669
f 1649 1670 1650
f 1649 1669 1670
f 1650 1671 1651
f 1650 1670 1671
f 1651 1672 1652
f 1651 1671 1672
f 1652 1673 1653
f 1652 1672 1673
f 1653 1674 1654
f 1653 1673 1674
f 1654 1675 1655
f 1654 1674 1675
f 1655 1676 1656
f 1655 1675 1676
f 1656 1677 1657
f 1656 1676 1677
f 1657 1678 1658
f 1657 1677 1678
f 1658 1679 1659
f 1658 1678 1679
f 1659 1680 1660
f 1659 1679 1680
f 1660 1681 1661
f 1660 1680 1681
f 1661 1682 1662
f 1661 1681 1682
f 1662 1683 1663
f 1662 1682 1683
f 1663 1684 1664
f 1663 1683 1684
f 1664 1685 1665
f 1664 1684 1685
f 1665 1686 1666
f 1665 1685 1686
f 1666 1667 1647
f 1666 1686 1667
f 1667 1688 1668
f 1667 1687 1688
f 1668 1689 1669
f 1668 1688 1689
f 1669 1690 1670
f 1669 1689 1690
f 1670 1691 1671
f 1670 1690 1691
f 1671 1692 1672
f 1671 1691 1692
f 1672 1693 1673
f 1672 1692 1693
f 1673 1694 1674
f 1673 1693 1694
f 1674 1695 1675
f 1674 1694 1695
f 1675 1696 1676
f 1675 1695 1696
f 1676 1697 1677
f 1676 1696 1697
f 1677 1698 1678
f 1677 1697 1698
f 1678 1699 1679
f 1678 1698 1699
f 1679 1700 1680
f 1679 1699 1700
f 1680 1701 1681
f 1680 1700 1701
f 1681 1702 1682
f 1681 1701 1702
f 1682 1703 1683
f 1682 1702 1703
f 1683 1704 1684
f 1683 1703 1704
f 1684 1705 1685
f 1684 1704 1705
f 1685 1706 1686
f 1685 1705 1706
f 1686 1687 1667
f 1686 1706 1687
f 1707 1648 1647
f 1708 1687 1688
f 1707 1649 1648
f 1708 1688 1689
f 1707 1650 1649
f 1708 1689 1690
f 1707 1651 1650
f 1708 1690 1691
f 1707 1652 1651
f 1708 1691 1692
f 1707 1653 1652
f 1708 1692 1693
f 1707 1654 1653
f 1708 1693 1694
f 1707 1655 1654
f 1708 1694 1695
f 1707 1656 1655
f 1708 1695 1696
f 1707 1657 1656
f 1708 1696 1697
f 1707 1658 1657
f 1708 1697 1698
f 1707 1659 1658
f 1708 1698 1699
f 1707 1660 1659
f 1708 1699 1700
f 1707 1661 1660
f 1708 1700 1701
f 1707 1662 1661
f 1708 1701 1702
f 1707 1663 1662
f 1708 1702 1703
f 1707 1664 1663
f 1708 1703 1704
f 1707 1665 1664
f 1708 1704 1705
f 1707 1666 1665
f 1708 1705 1706
f 1707 1647 1666
f 1708 1706 1687
o HairLock
usemtl Hair_Red_Light
f 1709 1722 1710
f 1709 1721 1722
f 1710 1723 1711
f 1710 1722 1723
f 1711 1724 1712
f 1711 1723 1724
f 1712 1725 1713
f 1712 1724 1725
f 1713 1726 1714
f 1713 1725 1726
f 1714 1727 1715
f 1714 1726 1727
f 1715 1728 1716
f 1715 1727 1728
f 1716 1729 1717
f 1716 1728 1729
f 1717 1730 1718
f 1717 1729 1730
f 1718 1731 1719
f 1718 1730 1731
f 1719 1732 1720
f 1719 1731 1732
f 1720 1721 1709
f 1720 1732 1721
f 1721 1734 1722
f 1721 1733 1734
f 1722 1735 1723
f 1722 1734 1735
f 1723 1736 1724
f 1723 1735 1736
f 1724 1737 1725
f 1724 1736 1737
f 1725 1738 1726
f 1725 1737 1738
f 1726 1739 1727
f 1726 1738 1739
f 1727 1740 1728
f 1727 1739 1740
f 1728 1741 1729
f 1728 1740 1741
f 1729 1742 1730
f 1729 1741 1742
f 1730 1743 1731
f 1730 1742 1743
f 1731 1744 1732
f 1731 1743 1744
f 1732 1733 1721
f 1732 1744 1733
f 1733 1746 1734
f 1733 1745 1746
f 1734 1747 1735
f 1734 1746 1747
f 1735 1748 1736
f 1735 1747 1748
f 1736 1749 1737
f 1736 1748 1749
f 1737 1750 1738
f 1737 1749 1750
f 1738 1751 1739
f 1738 1750 1751
f 1739 1752 1740
f 1739 1751 1752
f 1740 1753 1741
f 1740 1752 1753
f 1741 1754 1742
f 1741 1753 1754
f 1742 1755 1743
f 1742 1754 1755
f 1743 1756 1744
f 1743 1755 1756
f 1744 1745 1733
f 1744 1756 1745
f 1757 1710 1709
f 1758 1745 1746
f 1757 1711 1710
f 1758 1746 1747
f 1757 1712 1711
f 1758 1747 1748
f 1757 1713 1712
f 1758 1748 1749
f 1757 1714 1713
f 1758 1749 1750
f 1757 1715 1714
f 1758 1750 1751
f 1757 1716 1715
f 1758 1751 1752
f 1757 1717 1716
f 1758 1752 1753
f 1757 1718 1717
f 1758 1753 1754
f 1757 1719 1718
f 1758 1754 1755
f 1757 1720 1719
f 1758 1755 1756
f 1757 1709 1720
f 1758 1756 1745
f 1759 1772 1760
f 1759 1771 1772
f 1760 1773 1761
f 1760 1772 1773
f 1761 1774 1762
f 1761 1773 1774
f 1762 1775 1763
f 1762 1774 1775
f 1763 1776 1764
f 1763 1775 1776
f 1764 1777 1765
f 1764 1776 1777
f 1765 1778 1766
f 1765 1777 1778
f 1766 1779 1767
f 1766 1778 1779
f 1767 1780 1768
f 1767 1779 1780
f 1768 1781 1769
f 1768 1780 1781
f 1769 1782 1770
f 1769 1781 1782
f 1770 1771 1759
f 1770 1782 1771
f 1771 1784 1772
f 1771 1783 1784
f 1772 1785 1773
f 1772 1784 1785
f 1773 1786 1774
f 1773 1785 1786
f 1774 1787 1775
f 1774 1786 1787
f 1775 1788 1776
f 1775 1787 1788
f 1776 1789 1777
f 1776 1788 1789
f 1777 1790 1778
f 1777 1789 1790
f 1778 1791 1779
f 1778 1790 1791
f 1779 1792 1780
f 1779 1791 1792
f 1780 1793 1781
f 1780 1792 1793
f 1781 1794 1782
f 1781 1793 1794
f 1782 1783 1771
f 1782 1794 1783
f 1783 1796 1784
f 1783 1795 1796
f 1784 1797 1785
f 1784 1796 1797
f 1785 1798 1786
f 1785 1797 1798
f 1786 1799 1787
f 1786 1798 1799
f 1787 1800 1788
f 1787 1799 1800
f 1788 1801 1789
f 1788 1800 1801
f 1789 1802 1790
f 1789 1801 1802
f 1790 1803 1791
f 1790 1802 1803
f 1791 1804 1792
f 1791 1803 1804
f 1792 1805 1793
f 1792 1804 1805
f 1793 1806 1794
f 1793 1805 1806
f 1794 1795 1783
f 1794 1806 1795
f 1807 1760 1759
f 1808 1795 1796
f 1807 1761 1760
f 1808 1796 1797
f 1807 1762 1761
f 1808 1797 1798
f 1807 1763 1762
f 1808 1798 1799
f 1807 1764 1763
f 1808 1799 1800
f 1807 1765 1764
f 1808 1800 1801
f 1807 1766 1765
f 1808 1801 1802
f 1807 1767 1766
f 1808 1802 1803
f 1807 1768 1767
f 1808 1803 1804
f 1807 1769 1768
f 1808 1804 1805
f 1807 1770 1769
f 1808 1805 1806
f 1807 1759 1770
f 1808 1806 1795
